,Ewe_RHE,Logj100a,Logj100b,Logj100c,Logj10a,Logj10b,Logj10c,Logj1a,Logj1b,Logj1c,Logjpt1a,Logjpt1b,Logjpt1c,CO_Order_overall,CO_Order_overall_std,CO_Order100x10,CO_Order100x10_std,CO_Order10x1,CO_Order10x1_std,CO_Order1xp1,CO_Order1xp1_std
0,0.5,1.5595436128943068,1.3676974938803212,1.4082551970007664,0.4917867279076706,0.390935260885342,0.3339484902393369,-0.9513406466727106,-1.6870628119904056,-1.1991810417701836,-6.586614153317365,-3.0518742135134715,-5.39650644076427,0.9144175750662185,0.12545287347694228,0.4514962819010877,0.03231685745298625,0.7316783492379885,0.09597547809208685,1.620991169335656,0.46062502537203026
1,0.5004904904904904,1.5685444766728853,1.3749307084194868,1.4156244186452551,0.49970671394073607,0.3985004856474918,0.3420804649533884,-0.9318553654149546,-1.652903796472821,-1.1804847820183555,-5.412322256706414,-3.152372903042737,-5.829348536762943,0.8869011572486448,0.10862428681819492,0.4514942717622693,0.032499424387663824,0.7246249188470554,0.09399569789528972,1.5386763606038059,0.37264485122373975
2,0.500980980980981,1.5775237242815494,1.3821395444654152,1.4229931596772152,0.5076343125439841,0.4060056679979447,0.35023618436438103,-0.9128463430449703,-1.6201692823593175,-1.1623459942150234,-4.894625538100828,-3.265406307027053,-6.676515471110079,0.9064717334302943,0.1217599077923519,0.45148968623819363,0.03268231953826164,0.7179232014218618,0.09214885469195223,1.6128518233003053,0.4371479617657875
3,0.5014714714714714,1.5864765924054065,1.3893261822257037,1.4303598358147955,0.5155717044003603,0.41346090544915204,0.35841244117634263,-0.8943152880920311,-1.588770515708942,-1.1447467030774023,-4.560380918543022,-3.394075612539693,-7.588181589956967,0.9375213385078646,0.14427168065823529,0.45148060889030167,0.03286519794927492,0.7115593068068998,0.09042282083486607,1.7248447770600468,0.5499206993902673
4,0.501961961961962,1.5953988260406045,1.3964927270551728,1.4377230374553087,0.5235203939639095,0.4208753239650325,0.36660624170613393,-0.8762610553229334,-1.5586247061917353,-1.1276683166915604,-4.314108077995685,-3.5429027823417214,-6.049637094065403,0.8668857140163008,0.10123500734634416,0.45146541893353526,0.03304769272879543,0.7055194981602517,0.08880660645930598,1.4974609635737979,0.3333535838779594
5,0.5024524524524524,1.6042866659252073,1.4036411611364648,1.4450815881657084,0.5314813703436423,0.4282572958478372,0.3748147439689965,-0.8586799304225984,-1.5296543718270943,-1.1110916277332628,-4.119602001693393,-3.718842945735789,-5.45018471520936,0.8404886135789142,0.0853317021210319,0.45144274501953857,0.03322943022887485,0.6997901843528718,0.08729024296558767,1.4171323877730122,0.24262074654652033
6,0.502942942942943,1.6131368015861098,1.4107733776450566,1.4524344409387322,0.5394551135208372,0.43561417287386667,0.3830352978845186,-0.8415660809812436,-1.5017871945208985,-1.094997237728105,-3.9591711383189345,-3.933398667060154,-5.06478764870329,0.8265718603841403,0.07655054153482305,0.45141148027903955,0.0334100295218491,0.6943579938483623,0.08586470266970407,1.3780173958702782,0.18221661163825248
7,0.5034334334334334,1.6219463429508085,1.4178911764883133,1.4597807094964712,0.5474418206109555,0.44295276878264506,0.39126540992891784,-0.8249118692735766,-1.4749556844273688,-1.0793654980905074,-3.822846583491645,-4.207680879932994,-4.777604155752814,0.8205870113540786,0.07252843072388697,0.4513706846419302,0.03358911390167295,0.6892098603434449,0.0845218232465579,1.364972872747072,0.1457842621013375
8,0.5039239239239239,1.6307127999933582,1.424996253069149,1.4671196749311204,0.555441181516241,0.4502789871159739,0.3995027470689469,-0.8087081808873896,-1.4490958276373902,-1.064176685101923,-3.704443269424179,-4.587377454305016,-4.547266083212731,0.8224516926214265,0.07372491520699766,0.45131966700937426,0.03376629898280216,0.6843328141214092,0.08325408416110983,1.3777422229001683,0.14887059198564767
9,0.5044144144144144,1.6394340383547403,1.4320902151227457,1.4744507348070646,0.5634525049277217,0.4575982065973291,0.40774512110081257,-0.7929445435373991,-1.4241482383856594,-1.0494111295704418,-3.5998584075748195,-5.206888678662758,-4.354170616652023,0.8369720044014219,0.0837424925116128,0.45125790213546857,0.03394119617572555,0.6797142565842634,0.08205474012222866,1.4323631037569196,0.2167435124445819
10,0.5049049049049049,1.6481082726500857,1.439174580760214,1.48177341786399,0.5714750576363773,0.4649151432508881,0.41599050489980577,-0.7776094726390077,-1.4000565080254346,-1.0350489921224424,-3.506231265062673,-7.151760558548984,-4.187473528792939,0.9106961380206892,0.133996666080816,0.4511849999912653,0.03411344286668723,0.675341770251792,0.08091758103019138,1.6840130997419767,0.49228469227894095
11,0.5053953953953954,1.6567340188593316,1.4462507880205977,1.4890873496782586,0.5795076576012295,0.4722339451356204,0.4242370023029756,-0.7626906309286717,-1.3767682226149234,-1.021070898391981,-3.4214868269267154,-5.5464327906602,-4.040530336633504,0.83150129629049,0.0912350024594828,0.45110074483957713,0.03428266765080512,0.6712033315775766,0.07983701936696065,1.4256324673586211,0.28472567366412926
12,0.5058858858858859,1.6653100926485547,1.4533201853217124,1.4963922685390174,0.5875490401398823,0.4795582232503242,0.4324828555548756,-0.7481749499986736,-1.354233010818384,-1.0074576127630417,-3.344069795695482,-4.759312211382555,-3.9089738743861133,0.7888465757066436,0.07231687728638188,0.4510050373445284,0.03444852143935486,0.6672870572804063,0.07880784178954983,1.2887674719704083,0.1942194307874858
13,0.5063763763763763,1.6738355709486823,1.4603840396358745,1.5036880078559223,0.5955977470105143,0.48689119812048864,0.44072642796751266,-0.7340487258426156,-1.3324040573786615,-0.9941899644686368,-3.272787583336318,-4.325792550519208,-3.7897715498817526,0.7623697409715068,0.06266968684178453,0.45089788499295474,0.03461066487960075,0.6635814292286083,0.0778253856695969,1.2055593459405902,0.15195141797366882
14,0.5068668668668669,1.6823097794176378,1.4674435331919478,1.5109744706274444,0.6036521920328443,0.49423551415727923,0.44896621284886884,-0.7202979631969871,-1.311237280045389,-0.9812493056144493,-3.2067025135049496,-4.025611720000339,-3.6807460240203747,0.7423685483794412,0.05630128741593787,0.45077941218798795,0.03476877851735881,0.6600752753603174,0.07688538981985685,1.1436820485963928,0.12704954281892414
15,0.5073573573573573,1.690732267720387,1.474499794030654,1.518251644543894,0.6117106631291411,0.5015934955481041,0.4572008241794722,-0.7069082132768653,-1.2906904941110728,-0.9686172473784247,-3.145066208886038,-3.796170499272683,-3.580259129870503,0.726019633660002,0.05159010586379284,0.4506498272904824,0.03492255498154095,0.656757623048217,0.07598390795771637,1.0937387875119016,0.11086433860904352
16,0.5078478478478479,1.6991027958322849,1.4815538537631705,1.5255195892452116,0.6197715448831784,0.5089670375181793,0.4654289715375506,-0.693864785464574,-1.2707240709541099,-0.9562756636231479,-3.0872706596714465,-3.6107139123425704,-3.487057350690573,0.7120791714825269,0.04787201042384634,0.4505093998292765,0.035071724149386786,0.6536178384486768,0.07511737505832046,1.0515973871809108,0.09975216243014709
17,0.5083383383383383,1.7074213153768445,1.4886066790141057,1.5327784019556752,0.6278328544512615,0.5163577093617505,0.4736494889153368,-0.6811528725262531,-1.2513007914656202,-0.9442069293399304,-3.0328168310923105,-3.455301514100358,-3.4001610252886003,0.6998765299871427,0.04481366132817704,0.4503585054733844,0.03521601088645044,0.6506456098315083,0.07428255113703514,1.0150357813750797,0.09184574003021491
18,0.5088288288288288,1.715687949310746,1.4956591736234517,1.5400282480509748,0.6358929161045966,0.5237667782762185,0.48186130307065034,-0.6687575959174731,-1.2323848941909963,-0.9323936886474478,-2.981288548071481,-3.3217368134074152,-3.318779468850283,0.6890023728108032,0.04222519253468549,0.4501975313161278,0.03535518753851949,0.6478308792761384,0.07347642320586803,0.9827025390183652,0.08607047153282257
19,0.5093193193193193,1.7239029808601474,1.5027121737411469,1.5472693494458325,0.6439498844636888,0.5311951973956286,0.4900634381178989,-0.6566640018543742,-1.2139429986242525,-0.9208192480862782,-2.9323368346739764,-3.2047864287556553,-3.242275209702652,0.6791856660416253,0.039988708308896816,0.4500269419689078,0.03548903677476691,0.6451639626120066,0.07269629885670754,0.9537066613538343,0.08176043917179365
20,0.5098098098098098,1.7320668338916407,1.5097664406912106,1.5545019494313754,0.652001919226406,0.5386436935591611,0.49825501132316036,-0.6448571811373891,-1.195943409414245,-0.9094672041982784,-2.8856655405023877,-3.1009030053368942,-3.1701195571574887,0.6702356486304726,0.03802607794915604,0.44984723320473247,0.0356173644673937,0.6426354495164971,0.07193971213184924,0.9274243295415132,0.07848171782016304
21,0.5103003003003003,1.7401800644939736,1.5168226872777546,1.5617263426829688,0.6600472322589709,0.546112664842847,0.5064352287393491,-0.6333223205065257,-1.1783559198162965,-0.8983215547390192,-2.8410224413823464,-3.0075697160499515,-3.1018697742773496,0.6620119872882124,0.03628289236858705,0.4496589475403681,0.03574000240172142,0.6402361899471751,0.07120439417614997,0.903399423490773,0.07594134975026101
22,0.5107907907907908,1.748243349853946,1.5238815717792273,1.568942840338521,0.6680840789245774,0.5536024169986866,0.5146033804185235,-0.6220447261079621,-1.161152047630218,-0.8873669122673322,-2.798190080677738,-2.922934231050245,-3.037152386116852,0.6544077651294251,0.03471972925667331,0.449462634421438,0.03585680394375467,0.6379573948943735,0.07048829469994294,0.8812867228174811,0.07393648248859006
23,0.5112812812812813,1.7562574723294015,1.530943683358107,1.5761517873845814,0.6761108899697583,0.5611129783443493,0.5227588286055751,-0.6110098215014452,-1.1443048925200854,-0.8765882129508372,-2.7569811920918776,-2.845593894639204,-2.9756485546170928,0.6473393102562526,0.033307097030314835,0.44925885773557567,0.03596765806820518,0.6357905638688461,0.06978957156712885,0.8608180912934716,0.07232372944262969
24,0.5117717717717718,1.7642233066481943,1.5380095577280533,1.583353552514753,0.6841259647489243,0.5686442078793443,0.5309010153332274,-0.6002032920512823,-1.1277890037051483,-0.8659710917361733,-2.7172325314540235,-2.7744593595270106,-2.917083626058601,0.6407395541633586,0.03202230564041207,0.44904822241858205,0.03607246061160258,0.6337275133028668,0.06910654190578866,0.841780273722124,0.07100009194736726
25,0.5122622622622622,1.7721418095902501,1.545079679094153,1.5905485058716122,0.6921277607038031,0.5761958517245088,0.5390294519346843,-0.5896109619618759,-1.1115803189287086,-0.8555014158266507,-2.6788019561011525,-2.7086677785371314,-2.8612171144186087,0.6345536939516168,0.03084748641989305,0.44883132146074933,0.03617113601665533,0.6317603309368073,0.06843769946457909,0.8240005504622303,0.06989043650880578
26,0.5127527527527528,1.780014017516581,1.5521544879634526,1.597737054263644,0.700114913844673,0.5837674829130853,0.5471437178936126,-0.5792189738447151,-1.0956558602254072,-0.8451656722981535,-2.6415645244601333,-2.647523781006596,-2.807840148685827,0.6287363536872145,0.029768320617232013,0.44860874769566667,0.03626363814840434,0.6298814079674202,0.0677816570508853,0.8073372206384878,0.06893941170965516
27,0.5132432432432432,1.78784103558042,1.5592343823921717,1.6049196060102753,0.708086015899395,0.5913585842751234,0.5552434596964452,-0.5690136848723862,-1.0799943043064346,-0.8349509081973467,-2.6054106469702583,-2.590457680037281,-2.7567680832824193,0.6232493700386189,0.028773113980926617,0.44838110775810436,0.03634993119818291,0.6280834774862544,0.06713721584565495,0.7916721557222862,0.06810580355587717
28,0.5137337337337338,1.7956240178342615,1.56631969665071,1.612096574792771,0.716039758730581,0.5989684742570426,0.5633283719263982,-0.5589817866887188,-1.0645750599484338,-0.8248446669210228,-2.57024413160867,-2.536997243482196,-2.7078370757426713,0.6180603193733443,0.027852184353786,0.4481490092422434,0.03643000289929555,0.6263594964976447,0.06650324744942607,0.7769060600053778,0.06735857109865469
29,0.5142242242242242,1.8033641727876388,1.5734107379792261,1.61926836894894,0.7239750899796529,0.6065964454266299,0.5713982152467928,-0.5491102545847343,-1.0493791536265624,-0.814834891585919,-2.5359792635075205,-2.4867462948228876,-2.660899625693834,0.6131412844131817,0.026997393850712644,0.44791302009162137,0.036503870520081784,0.6247027979668316,0.06587880749652028,0.7629541973298756,0.06667421705876275
30,0.5147147147147147,1.811062751033144,1.580507762394726,1.626435418576761,0.7318908917998764,0.614241692257818,0.5794528081793565,-0.5393864219856213,-1.0343884756700708,-0.8049101308623299,-2.5025408127962625,-2.439368994153329,-2.6158252915521563,0.6084681899511006,0.02620186388116602,0.44767372538177863,0.036571557314285685,0.6231069641177722,0.0652630246684863,0.7497442889648607,0.06603490564508423
31,0.5152052052052052,1.8187210341765965,1.5876109865727595,1.633598133113678,0.7397862719040565,0.6219033342650556,0.5874920029262979,-0.529797883929258,-1.0195861882603499,-0.7950594201191379,-2.4698613739130932,-2.3945778096845234,-2.5724959036078667,0.6040199621946916,0.025459693439840086,0.4474316793143616,0.036633115163250005,0.6215658963003717,0.06465517165432091,0.7372136662674476,0.06542704347033843
32,0.5156956956956957,1.826340340749278,1.5947206053121135,1.640756944113212,0.7476603611853214,0.6295804500991113,0.5955157098009857,-0.5203326796475682,-1.0049559640442751,-0.7852723459146639,-2.4378817399450288,-2.35212476789565,-2.5308028377303295,0.5997780399660262,0.024765764034620573,0.4471874356186458,0.03668860422429612,0.6200737197110257,0.06405454395554752,0.7253077379867409,0.06484010699495701
33,0.5161861861861862,1.833922001777923,1.601836759863524,1.6479122486987887,0.7555124321953849,0.6372720865263108,0.6035238832848194,-0.5109791538330053,-0.99048314144051,-0.7755389658558132,-2.40654865062738,-2.311794483826519,-2.490649820226384,0.5957261063287274,0.024115651881331,0.44694151481125516,0.03673810430228123,0.6186249353879137,0.06346061452838027,0.7139789257672845,0.06426625420619007
34,0.5166766766766767,1.8414673736238492,1.6089595698649326,1.655064462189852,0.763341900929168,0.6449771937470778,0.6115165150243997,-0.5017260634069111,-0.9761535722846291,-0.7658498257938406,-2.375815576424853,-2.2733981010867654,-2.4519459968601196,0.5918495467801425,0.023505447647308216,0.4466944284153422,0.036781713601566644,0.6172142612171789,0.06287288758884454,0.7031850458955609,0.06369940444504478
35,0.5171671671671672,1.8489778228222975,1.6160891132605406,1.6622139649592367,0.7711482629692479,0.6526947780556317,0.6194936364043178,-0.49256251015345043,-0.9619541019221958,-0.7561960082823208,-2.345639951556845,-2.236769629453166,-2.4146110021756915,0.5881353943455986,0.022931734066388553,0.44644665293749364,0.036819541676745705,0.6158367119244564,0.062290956982137394,0.6928890456485599,0.06313512516571855
36,0.5176576576576577,1.8564547223493872,1.6232254508170871,1.6693611782052362,0.7789311590201785,0.6604237829205337,0.627455314257903,-0.4834780364450169,-0.9478724905525507,-0.7465691707925661,-2.31598476730509,-2.201761838169136,-2.3785682960030705,0.5845719351900075,0.022391458250935904,0.446198652194764,0.036851711924785154,0.6144875987289196,0.061714489609632876,0.6830576668000349,0.06257008810348069
37,0.5181481481481481,1.8638994509306568,1.6303686047552792,1.67650644630166,0.7866902134436932,0.6681631559837843,0.6354016511935447,-0.4744625310121572,-0.9338973647056631,-0.7369613406757528,-2.28681695690909,-2.168244086288986,-2.3437492237670785,0.5811487081196679,0.021881927640620923,0.44595087071765677,0.036878353651029996,0.6131624653672895,0.06114322021947717,0.6736615358581836,0.06200200412948694
38,0.5186386386386387,1.871313381043025,1.6375185810493784,1.6836501544973286,0.7944253481180821,0.6759118400666106,0.6433327780492075,-0.46550633777121947,-0.920018121112787,-0.7273651344515075,-2.2581062054947107,-2.1360990408483516,-2.3100883433430406,0.577856120639507,0.02140070871044225,0.4457037092387409,0.03689961863171747,0.6118571647188118,0.060576943216278795,0.6646738066011997,0.061429290263573876
39,0.5191291291291291,1.8786978879238143,1.6446753526839724,1.6907926531033648,0.8021364103750711,0.683668821002068,0.6512488561473085,-0.4566001787007367,-0.9062248335552631,-0.7177735944183266,-2.229826762970906,-2.1052214749540883,-2.277526441864912,0.5746855933864449,0.020945646380328968,0.4454575592087447,0.03691565650301527,0.610567763891637,0.060015491506019314,0.6560707335572216,0.06085105540860859
40,0.5196196196196197,1.886054331901196,1.6518388779192559,1.6979342796754213,0.8098234908262295,0.6914329857380538,0.6591500688239753,-0.44773520669608585,-0.8925086626464034,-0.7081802651806707,-2.2019544983750525,-2.075516777608566,-2.2460073613602742,0.5716292408414492,0.02051478602606214,0.44521278185187546,0.036926638355481246,0.6092906465168804,0.05945879283895744,0.6478304922637814,0.06026688639479963
41,0.5201101101101101,1.8933840679872271,1.659009077032371,1.7050753582651663,0.8174867134725177,0.6992033554178348,0.6670366355615713,-0.4389029853869686,-0.8788611375116271,-0.6985793294616564,-2.174468588843359,-2.0468989760297958,-2.2154793656819862,0.5686799093456054,0.02010637616819182,0.44496970067615943,0.03693273704734459,0.6080224309033513,0.05890677974130565,0.639933422604724,0.05967680874085939
42,0.5206006006006006,1.9006884322162398,1.6661858794087574,1.7122162131638512,0.8251262638002708,0.7069789265374062,0.6749087839447766,-0.43009549621192267,-0.865274476803514,-0.6889651572000998,-2.1473506016922297,-2.0192900612503846,-2.18589336129939,0.5658310286485705,0.01971882772884157,0.44472863128976803,0.03693412857184288,0.6067599292712045,0.05835942256009875,0.6323615585105274,0.05908116058970274
43,0.5210910910910911,1.9079687479134653,1.673369174290219,1.719357120321875,0.832742496578889,0.714758701642317,0.6827667727824225,-0.42130515257640416,-0.8517418969161266,-0.679332754523538,-2.1205833793021793,-1.9926190007200297,-2.157203511274032,0.5630765567916363,0.019350702900847793,0.44448984474944525,0.0369310047590458,0.6055002828119896,0.057816770722492444,0.6250983008066893,0.058480593727754104
44,0.5215815815815816,1.9152263142628874,1.6805588375337177,1.7264983804657175,0.840335791147268,0.7225417267604614,0.6906108707220919,-0.4125247600817036,-0.8382570247057276,-0.6696775683755479,-2.094152687704142,-1.9668210277076779,-2.1293670422322553,0.5604110025336076,0.019000706882902164,0.4442535989903641,0.03692355580303344,0.6042408240043842,0.05727888300723441,0.6181286441158156,0.0578759903640094
45,0.5220720720720721,1.9224624148383511,1.6877547331411573,1.7336402509389932,0.8479066237777749,0.7303270651723653,0.6984413726668224,-0.40374758919285597,-0.8248140739860637,-0.6599954639286852,-2.068045171738597,-1.9418364774088188,-2.102343138601755,0.5578292396369536,0.018667653011204897,0.44402012136039226,0.036911979058081135,0.6029791184696282,0.05674584053223368,0.6114385194699494,0.057268397146805414
46,0.5225625625625625,1.9296783066971928,1.6949567157613405,1.740782973534865,0.8554555702508883,0.7381137999641072,0.706258585772501,-0.3949672935622005,-0.8114077056589217,-0.6502826957452774,-2.0422488190222055,-1.917610887010174,-2.076093274531995,0.5553265428690706,0.018350460529175015,0.4437896127173774,0.03689647709158229,0.6017129274397744,0.056217741439494776,0.6050149602598252,0.056658979097314766
47,0.523053053053053,1.9368752249726837,1.7021646188343034,1.747926801170168,0.862983279971279,0.7459011186085356,0.714062823146498,-0.3861779669154204,-0.7980335601426805,-0.6405360003372461,-2.0167539236704495,-1.894093917731245,-2.0505817022870723,0.5528986157243715,0.01804816333974159,0.4435622426540751,0.03687725424790547,0.60044031405421,0.05569474986973452,0.5988460576882165,0.056049114617897994
48,0.5235435435435436,1.944054369939901,1.7093782631444907,1.7550719271390005,0.8704904605503495,0.7536881490178267,0.7218544258831938,-0.3773741141020822,-0.7846873506844324,-0.6307524273710984,-1.991550597076546,-1.8712393680413268,-2.02577374187643,0.5505413870837913,0.01775985874748974,0.443338161398109,0.03685451883441877,0.5991594607009365,0.05517699947499777,0.5929205146132799,0.05544015586359004
49,0.524034034034034,1.9512169216299076,1.716597474394619,1.7622185753334925,0.8779778847126547,0.761474124963975,0.7296337268242218,-0.3685506087260253,-0.7713656945585328,-0.6209296098340604,-1.9666309213808235,-1.8490042208359376,-2.001636362867954,0.5482511112427266,0.017484733313247142,0.4431174978318283,0.03682847805957655,0.5978688420224435,0.05466469159163516,0.5872277502806692,0.05483359942133911
50,0.5245245245245245,1.958364029908636,1.7238220531829913,1.769366916806047,0.88544636612246,0.7692582737155964,0.737401083918179,-0.3597027969734199,-0.7580651890468724,-0.6110653143791634,-1.9419876466570727,-1.8273490242315504,-1.9781396070808728,0.5460243644200868,0.017222047845574934,0.44290035656738713,0.03679934170446465,0.5965670261501962,0.05415797423049714,0.5817581566326406,0.05423094585429012
51,0.525015015015015,1.9654968104550499,1.7310517970753456,1.7765171320314272,0.8928968399722396,0.7770399023509311,0.7451568576640821,-0.3508263748774458,-0.7447834455507558,-0.6011578531400619,-1.9176142838376058,-1.8062368640968152,-1.955252574558109,0.5438578545772442,0.01697111310636863,0.4426868086770388,0.03676732238122012,0.5952528871522796,0.053657078283188886,0.5765021903774024,0.05363371628127628
52,0.5255055055055055,1.9726163501102714,1.73828650667977,1.7836693691460446,0.9003302582704417,0.7848182948202506,0.7529014104143449,-0.3419174604976963,-0.7315179053909842,-0.5912058754877638,-1.8935051566567511,-1.7856337240029134,-1.9329484193844495,0.5417486328255732,0.01673131256125529,0.44247691746274925,0.03673263191970238,0.5939253837443438,0.053162175451652374,0.5714513469633696,0.05304345287495204
53,0.525995995995996,1.9797236992711387,1.7455259556980207,1.7908237598958168,0.9077476369792689,0.7925928885955901,0.7606351163697057,-0.33297253465395515,-0.7182669701905731,-0.5812082677884206,-1.869654983818669,-1.7655080075603597,-1.9111993873831976,0.5396938555262842,0.016502068643323667,0.44227070148474956,0.03669548092534964,0.5925837336815272,0.052673501338548416,0.5665971720274948,0.0524616606473743
54,0.5264864864864864,1.986819884660425,1.7527699329620363,1.7979804460320234,0.9151499578330773,0.8003630448976905,0.7683583533999379,-0.32398846939081544,-0.7050291209974083,-0.5711642893775225,-1.8460595544615102,-1.7458299517967761,-1.8899799374274966,0.5376909119946446,0.016282856613873783,0.4420681949771886,0.036656074372898535,0.5912272613829831,0.0521912607462234,0.5619318298276492,0.05188984614795562
55,0.526976976976977,1.9939058893541213,1.7600182118527354,1.8051395209649095,0.9225383646883687,0.8081282154875836,0.7760714995162399,-0.31496251368614303,-0.6918030905432505,-0.5610735301675038,-1.8227144526127526,-1.726572348763199,-1.8692659594888108,0.5357373686326038,0.016073192649142257,0.44186938002374293,0.036614624868303226,0.589855466722539,0.051715654538892486,0.5574478931215511,0.05132943980814421
56,0.5274674674674674,2.0009826652601634,1.7672705744802224,1.8123010891708355,0.9299139602186522,0.8158878933774633,0.7837749390700272,-0.30589225794909314,-0.6785880218207149,-0.5509358862295223,-1.799616351158006,-1.7077094190220194,-1.8490335407360055,0.5338309246470715,0.015872627532684792,0.4416742361340054,0.03657133537880365,0.5884680036413296,0.05124688986140376,0.5531381745011267,0.05078182492250823
57,0.527957957957958,2.008051135331515,1.7745267820844526,1.8194652346184939,0.9372778449121457,0.8236416049877733,0.7914690610665545,-0.296775652574083,-0.6653835520449216,-0.5407514210253227,-1.776761830367606,-1.6892173425575734,-1.8292602185356168,0.531969435554632,0.01568074873620213,0.4414827274421564,0.036526406339826484,0.5870646791656977,0.05078518470128171,0.5489958188523539,0.0502483337134483
58,0.5284484484484484,2.0151121785603374,1.7817866141282126,1.8266320178199178,0.9446313223899805,0.8313889383226857,0.7991542332564007,-0.28761099147214525,-0.6521896244640342,-0.5305206049072968,-1.7541479220607694,-1.6710738656851942,-1.8099245164424405,0.5301509040184089,0.015497179029622879,0.44129477571599485,0.0364800467530107,0.5856454885021132,0.05033076742459512,0.5450142530092175,0.049730230844305605
59,0.528938938938939,2.022166646307752,1.7890498372289556,1.833801493561732,0.9519754457753864,0.8391294676038066,0.8068308553380557,-0.27839688734085033,-0.6390059361977217,-0.5202440663724252,-1.7317720978436018,-1.6532579983494686,-1.791005855092964,0.5283734436110451,0.015321558150736702,0.4411103296685086,0.03643244317619228,0.5842104266355674,0.04988379312773753,0.5411872468542186,0.049228651875812865
60,0.5294294294294294,2.029215350786997,1.79631621869047,1.8409737128218482,0.9593115287218927,0.8468628586344098,0.8144993022924086,-0.2691322989394176,-0.6258328601289749,-0.5099227020209949,-1.7096318969527138,-1.6357503452896807,-1.7724838139408627,0.5266352685781053,0.015153552995277673,0.4409292844982501,0.036383795609227,0.5827597226824847,0.04944446410860908,0.5375086471854544,0.04874463709392162
61,0.5299199199199199,2.0362590709346295,1.8035855311749818,1.8481486958526385,0.9666407613656376,0.8545887957572949,0.8221599537815016,-0.2598164174278919,-0.6126709889131495,-0.49955757676035184,-1.6877251750449482,-1.6185328299357498,-1.7543395708543292,0.5249347385789379,0.014992857878852232,0.44075154143365086,0.03633429059883152,0.5812936810635692,0.04901297443718908,0.53397267907805,0.048279161639999915
62,0.5304104104104104,2.043298552015222,1.8108575422489654,1.855326468181607,0.9739643323896418,0.8623069852460353,0.829813193988337,-0.25044882643004623,-0.5995209471931802,-0.4891499936437359,-1.6660497295102026,-1.601588298114161,-1.7365547346760122,0.5232702780179506,0.014839179789271632,0.44057699323567057,0.03628410955980108,0.5798127057392147,0.04858947922668562,0.5305736591718786,0.04783305822112505
63,0.5309009009009009,2.0503345039367935,1.8181320370353575,1.8625070294339878,0.9812836519371142,0.8700172014455504,0.8374593872720312,-0.24102930779672563,-0.5863837068040306,-0.47870143871078064,-1.644603743222043,-1.5849008242713958,-1.7191118471530502,0.521640434465908,0.01469225239386934,0.44040548729452333,0.03623344469688756,0.5783173451614925,0.04817416170393812,0.5273061673765139,0.04740707368830672
64,0.5313913913913914,2.0573676026259418,1.8254087768503462,1.8696903889635548,0.988599752460285,0.8777192115217021,0.8450989085299632,-0.2315579675225785,-0.5732602328676788,-0.4682135465805341,-1.6233854643972063,-1.568455585332658,-1.701993617297812,0.5200438127156503,0.014551809730364285,0.44023691823315353,0.03618245694711208,0.5768081610542889,0.0477671480974834,0.5241649094132954,0.04700178064906789
65,0.5318818818818819,2.064398485569822,1.8326875484283671,1.8768765212827005,0.9959140366025537,0.8854128403998084,0.8527321255418673,-0.22203512154912497,-0.5601515480804393,-0.45768811193187164,-1.6023933043806173,-1.552238658449698,-1.6851835278955254,0.5184791075488603,0.014417606144879568,0.4400711128238741,0.036131328005585536,0.5752858379619998,0.04736856997892782,0.5211447950563267,0.04661762964960174
66,0.5323723723723723,2.071427760352127,1.8399681317427232,1.8840654162462647,1.0032277222323678,0.8930979389340199,0.8603593901834476,-0.2124613705718293,-0.5470592072208974,-0.44712705912512135,-1.5816252530129338,-1.5362370064402053,-1.668666095359551,0.5169450890418761,0.014289412284251473,0.4399079200499769,0.036080222101832565,0.5737511721538122,0.046978570216320896,0.5182408138845271,0.046255001164417095
67,0.5328628628628629,2.07845600306107,1.8472503141412242,1.891257029865892,1.0105419894711567,0.9007744155447894,0.8679810624925873,-0.20283751725606616,-0.5339845939276505,-0.43653249118273807,-1.5610801840424213,-1.5204384941083358,-1.6524264237007875,0.5154406312708962,0.014167006220095181,0.4397471764528484,0.03602929569673616,0.5722049942767248,0.04659725262066079,0.5154482687478392,0.04591411520835286
68,0.5333533533533533,2.085483751918132,1.8545338790909722,1.8984513281895916,1.0178580917970788,0.9084421552502585,0.8755974876707918,-0.1931645520332325,-0.5209291239606715,-0.42590654143818696,-1.540756134928861,-1.504831709757523,-1.636449485018219,0.5139646004380685,0.014050168081957772,0.43958870889937035,0.03597870697277064,0.5706481762815232,0.046224708082765305,0.5127623908521602,0.04559503309060119
69,0.5338438438438439,2.0925115186555248,1.8618186307196656,1.9056482700373991,1.0251772778739379,0.9161011085415245,0.8832090004976948,-0.18344371089480943,-0.5078945506469063,-0.415251476850267,-1.5206518150130668,-1.4894060628337977,-1.620721454592397,0.5125159903765063,0.013938694754056648,0.43943233509376933,0.03592860803480187,0.5690817011520402,0.04586103349136149,0.5101786979585314,0.04529773205984332
70,0.5343343343343343,2.099539779241069,1.8691043609745566,1.9128477893719484,1.0325006052782744,0.9237512312658267,0.8908159465583632,-0.17367640863985961,-0.4948824154978406,-0.40456970251519536,-1.500765799215965,-1.4741516282994411,-1.605228669201212,0.511093820826122,0.013832379969077685,0.439277887524156,0.035879133834959574,0.5675065417680812,0.04550627716190121,0.5076927928721418,0.04502202351949264
71,0.5348248248248249,2.106568977129237,1.8763908738200177,1.9200498259469754,1.039829378695459,0.9313925409607298,0.8984186395559219,-0.16386424242721578,-0.4818945599855531,-0.3938636357801962,-1.4810964286796895,-1.4590591086531757,-1.5899585798085802,0.5096971875457945,0.013731036106397776,0.4391251564619829,0.035830432414640234,0.5659237826938637,0.04516050922056292,0.5053004250988473,0.044767657454064996
72,0.5353153153153153,2.113599529096473,1.8836779846047749,1.92725431534601,1.0471646330027375,0.9390250307789796,0.9060174039183142,-0.15400889368909623,-0.4689327080688418,-0.38313574930938865,-1.461642165195744,-1.444119905485203,-1.5748981716904908,0.508325197041397,0.0136344657667804,0.4389739703972319,0.03578262803878347,0.5643344706533631,0.044823765662411544,0.5029973922029406,0.04453420577982176
73,0.5358058058058058,2.120631819901881,1.89096550595434,1.9344611837523373,1.0545075446290075,0.9466487325692475,0.9136125443358598,-0.1441123054355592,-0.4559986709668056,-0.37238856808595194,-1.4424016772288586,-1.4293259237355267,-1.5600357951347632,0.506977052150375,0.013542485527921063,0.43882412819365346,0.03573585219150702,0.5627397336802042,0.04449606904773624,0.5007797340673245,0.04432116958431724
74,0.5362962962962963,2.1276662058405127,1.8982532515729982,1.941670341879069,1.0618591963908617,0.9542637333484614,0.9212043650460859,-0.13417645050903337,-0.44309432752858274,-0.3616246958876958,-1.4233732201393994,-1.4146696875896332,-1.5453601024282413,0.5056519779057246,0.013454916268660296,0.4386754281419307,0.03569022548775702,0.5611407196929372,0.04417744227152871,0.49864353861990207,0.044127966283098674
75,0.5367867867867868,2.1347030138708263,1.9055410609393324,1.9488817160458107,1.0692206517600105,0.9618700941838607,0.9287931545936047,-0.12420351167342145,-0.4302214741824172,-0.35084676057214476,-1.404555246312368,-1.400144177788846,-1.5308598080701437,0.5043492322614681,0.013371575001108237,0.4385276791051659,0.03564586233336212,0.5595385897247642,0.04386787626758789,0.496584975466709,0.0439538744689174
76,0.5372772772772773,2.1417425445155005,1.9128287604913654,1.956095210235228,1.0765929091350028,0.969467904828881,0.9363791964715831,-0.11419572304145698,-0.4173820481483229,-0.34005735748176524,-1.3859462635321729,-1.3857428461677963,-1.5165244455511375,0.5030681306316798,0.013292287105927657,0.4383806869968964,0.03560287095793882,0.5579345219182277,0.04356736474456865,0.4946003858843993,0.04379812697290674
77,0.5377677677677678,2.148785069771126,1.9201161887376146,1.9633107385492854,1.083976888366942,0.9770572966357483,0.943962763346634,-0.10415542727323909,-0.4045778368834355,-0.3292591543630909,-1.3675444452816674,-1.3714597827241106,-1.5023437551755434,0.5018080100934735,0.01321687603534169,0.4382342637295576,0.035561348890201516,0.5563296920147058,0.043275872935592236,0.4926861805624132,0.04365985922080165
78,0.5382582582582582,2.1558308371627186,1.9274031972449528,1.9705281973492543,1.0913736305544233,0.9846383720571508,0.9515441169409482,-0.09408503302656011,-0.39181062554786633,-0.31845471296584094,-1.3493483099545278,-1.357289231238996,-1.4883081046670505,0.5005682559304618,0.013145171154187433,0.4380882052107552,0.03552140067490727,0.5547252814169504,0.042993363563223363,0.49083893933485057,0.0435381511243128
79,0.5387487487487488,2.162880068184496,1.93468963623647,1.9777474880792487,1.0987840172552514,0.9922112926901603,0.9591235131009292,-0.08398708818375365,-0.37908233083987625,-0.30764675525762475,-1.3313559317209014,-1.343226072533925,-1.4744081590853741,0.4993482784458388,0.013077004615640176,0.4379423195055107,0.03548311532144635,0.553122518534067,0.04271979069315306,0.4890552506018622,0.04343203822143539
80,0.5392392392392392,2.1699329587368528,1.9419753597742835,1.9849685137850654,1.1062088593996247,0.9997762221706717,0.9667011945991396,-0.07386413091411895,-0.366394729741836,-0.29683779858778625,-1.3135655991279087,-1.3292654757336446,-1.46063491471763,0.498147516976163,0.013012206675567036,0.43779642358326026,0.035446574228698124,0.5515225686997054,0.042455087219296105,0.48733187473767586,0.04334049242700487
81,0.5397297297297298,2.176989683047434,1.9492602455697499,1.9921911605363218,1.1136490729095563,1.0073333205794401,0.9742773935801934,-0.06371876089900683,-0.35374947115839195,-0.2860304686739379,-1.2959755547014138,-1.3154029905529294,-1.446980244883452,0.49696546474548614,0.012950616128546439,0.43765031909610214,0.0354118636662885,0.5499266164449701,0.042199179340948245,0.4856657414622249,0.043262477228063416
82,0.5402202202202202,2.1840503894758045,1.9565441575874336,1.9994153253036124,1.12110534146047,1.0148827748786804,0.9818523354740998,-0.05355364531623462,-0.3411484065657543,-0.275227361066888,-1.278583874896978,-1.301634467418217,-1.433435769387051,0.4958016089709536,0.012892068844029816,0.437503834241059,0.0353790507538346,0.5483358503285395,0.04195198905003831,0.48405372855740036,0.04319691111851338
83,0.5407107107107108,2.1911152089000603,1.9638269763855414,2.0066409033306267,1.1285783870859485,1.0224247556144745,0.9894262335629632,-0.043371488348696426,-0.32859313031494003,-0.26443093077972835,-1.2613886517661859,-1.2879561254663272,-1.419994064054708,0.49465548988660785,0.012836405429818086,0.43735679541878786,0.03534820351456673,0.5467514081163671,0.041713410086534286,0.48249296004808206,0.04314270865100258
84,0.5412012012012012,2.1981842486045857,1.9711085931182717,2.0138677912089538,1.136068958575577,1.0299594659889724,0.9969992879205147,-0.03317496583473602,-0.31608527188234437,-0.2536436747297419,-1.244387884989414,-1.2743644215041812,-1.4066475087998778,0.4935266463960659,0.012783467703222728,0.43720902065479156,0.035319388665291614,0.5451744413109552,0.041483347902393754,0.4809805455841543,0.04309875743600021
85,0.5416916916916917,2.2052575929057543,1.9783888916804477,2.021095866127243,1.1435777039921409,1.0374871148134872,1.0045716956621598,-0.022966803914931718,-0.3036264236516604,-0.24286804383867838,-1.2275796961961176,-1.2608561919484294,-1.3933892368548493,0.49241466785174953,0.012733102088675136,0.4370603349877973,0.03529266482202077,0.543606082470596,0.04126169206564527,0.47951378122390653,0.043063958837473305
86,0.5421821821821822,2.2123353112094493,1.9856677832771272,2.028325027277039,1.15110514785056,1.0450079175101452,1.0121436340001313,-0.012749738790629548,-0.29121799923471564,-0.23210637247406127,-1.2109618969861418,-1.2474284329592316,-1.380212877035889,0.49131915398566106,0.01268515721258284,0.4369105882464751,0.03526807817990921,0.542047403047546,0.0410483054576903,0.47809005430900064,0.04303723437287794
87,0.5426726726726727,2.219417449753687,1.992945164097061,2.035555162988451,1.1586518612030552,1.052522073006731,1.019715280177895,-0.0025264937938683355,-0.27886158480688794,-0.22136097286783515,-1.19453249085311,-1.2340784750824898,-1.3671120888664547,0.4902397290161386,0.012639485633030688,0.43675961880573155,0.03524567815500812,0.5404994987614019,0.04084307149439413,0.47670681289952777,0.04301750566167357
88,0.5431631631631632,2.2265040449164224,2.0002209519268335,2.042786161536359,1.1662183293671444,1.06002980877374,1.0272867936773342,0.007700267107591155,-0.26655846008730705,-0.21063411330851917,-1.178289255558136,-1.220803828179038,-1.3540808404200582,0.4891760220361503,0.012595940893546197,0.43660727758233536,0.03522550594500744,0.5389633951617125,0.04064584954214208,0.47536160232254926,0.04300370907537993
89,0.5436536536536537,2.2335951057424253,2.0074950673918432,2.050017912856321,1.1738049684096257,1.0675313585234572,1.0348583235486903,0.017927827426543023,-0.2543100260152177,-0.19992800232731028,-1.1622300202356812,-1.207602112878995,-1.3411138287421436,0.48812770043452464,0.012554385600731943,0.4364534228191516,0.03520759513874696,0.5374401236670329,0.040456497970860504,0.4740520804065535,0.04299484150195901
90,0.5441441441441441,2.240690631301804,2.0147674326388127,2.057250309472734,1.1814121866893785,1.075026937071242,1.042430017556467,0.028153540272560312,-0.24211746855497177,-0.18924470645364475,-1.1463526469285947,-1.1944714399792302,-1.3282059046256873,0.4870944541603925,0.012514681672705506,0.436297915947647,0.03519197847473032,0.5359306499055143,0.04027486136154305,0.47277606471297534,0.04298989865294604
91,0.5446346346346347,2.2477906058869785,2.0220379833895143,2.0644832436046863,1.1890403347600542,1.0825167522803703,1.0500020017501173,0.0383747727923376,-0.2299820632378568,-0.17858629153613553,-1.1306547772061086,-1.1814098921183964,-1.3153519084099938,0.48607596167718936,0.012476695984088675,0.43614063069914777,0.03517868354831207,0.5344359378226526,0.04010079275298029,0.4715313244612797,0.04298791436047503
92,0.5451251251251251,2.2548949954958983,2.0293066530522306,2.071716611199947,1.1966897070942524,1.0900010421611723,1.057574400580943,0.04858895235193764,-0.2179047956612636,-0.16795472395876007,-1.1151340679826511,-1.1684156710506153,-1.30254746389193,0.48507193367252066,0.012440301789367277,0.4359814423471408,0.0351677317549756,0.5329568822893986,0.03993412188985187,0.4703158268420631,0.042987980571683126
93,0.5456156156156156,2.2620037575700627,2.036573389350313,2.0789503069433657,1.204360461116886,1.0974800332386307,1.0651473212963116,0.05879352117274501,-0.20588679633278864,-0.15735193727708496,-1.0997882325398733,-1.1554873401038477,-1.2897884132118378,0.48408210767093296,0.012405376550799995,0.43582025080881537,0.035159134112494356,0.5314943682587937,0.039774685013915616,0.4691276170825696,0.04298923106690116
94,0.5461061061061061,2.2691168326136064,2.0438381465862037,2.086184226648028,1.2120529102886493,1.1049539791090486,1.0727208693057066,0.06898599706095855,-0.19392895570432897,-0.14677967477006848,-1.0846150061580253,-1.1426234464348568,-1.2770708011099499,0.4831062251482397,0.012371801796125825,0.4356569284237692,0.035152910575687916,0.530049233686281,0.039622310987032235,0.46796484382198866,0.04299082218922806
95,0.5465965965965967,2.2762341490845373,2.051100871763724,2.0934182741364857,1.2197670865845396,1.1124230448029437,1.0802951337760054,0.07916395124154528,-0.18203227247955084,-0.13623975819104325,-1.0696116804752513,-1.1298227711588205,-1.264390866781218,0.48214402276422585,0.012339466329439166,0.4354914018124465,0.03514906266447855,0.5286222799037263,0.039476833732579326,0.46682563419667134,0.04299199251659223
96,0.5470870870870871,2.2833556273320625,2.058361530781298,2.1006523454855213,1.2275031591701266,1.1198875007989488,1.0878702019638338,0.08932497889327047,-0.17019750412809564,-0.12573380341154541,-1.0547761550571049,-1.1170841563811476,-1.2517454725148653,0.48119529008753753,0.01230826226487496,0.4353235631863717,0.03514759814165774,0.5272142748976933,0.03933806981651575,0.4657083705751623,0.04299199616351483
97,0.5475775775775775,2.2904811741380793,2.0656200933621958,2.1078863365766902,1.2352610996157647,1.1273475494911882,1.0954461392777988,0.09946677929374466,-0.15842537434225878,-0.1152633195589478,-1.0401056205794068,-1.1044066990555226,-1.2391312908933965,0.48025978059397145,0.012278085656635095,0.43515334494234426,0.03514851148443465,0.5258259096184186,0.039205832443924886,0.46461137754633575,0.04299014550619032
98,0.5480680680680681,2.297610689759371,2.072876526827299,2.1151201716704775,1.243040972973943,1.134803374881502,1.10302301830536,0.10958709334390049,-0.146716602363693,-0.10482990565504983,-1.0255978070957814,-1.0917893640854395,-1.2265458618758698,0.4793373057891154,0.012248844897081217,0.43498067038343224,0.03515180285407534,0.5244578932694144,0.03907995162245923,0.463533157887733,0.04298582900006517
99,0.5485585585585585,2.3047440593471715,2.0801308127042133,2.1223537526777005,1.2508426503213417,1.1422552311193794,1.1106008876485083,0.11968374550763822,-0.13507178108698797,-0.09443489065616822,-1.0112500625286585,-1.0792314782768848,-1.213986388821463,0.4784276515838409,0.012220445547871196,0.43480548084535336,0.03515745617010621,0.5231108441724073,0.038960233726419484,0.4624722322042395,0.04297844430172529
100,0.549049049049049,2.3118811672525825,2.0873829305107496,2.1295869861152297,1.2586660933031868,1.1497032840500907,1.1181797945252903,0.12975461934608365,-0.1234913963783418,-0.08407961766588724,-0.997059871689994,-1.0667322837721636,-1.2014504932842514,0.47753062220976994,0.012192801953950349,0.43462771779639325,0.035165464437894235,0.5217853587754516,0.03884649409183922,0.46142721120223773,0.04296744459957242
101,0.5495395395395395,2.31902188233369,2.0946328736476354,2.136819786929049,1.2665111237507054,1.1571477660174485,1.1257597760035554,0.13979767812252414,-0.11197597438188328,-0.07376536804481068,-0.9830246600810637,-1.054291178943063,-1.1889362537216353,0.4766460435740261,0.012165837271017617,0.4344473357748818,0.03517580634930959,0.5204820067982575,0.03873854966984985,0.4603968004075288,0.04295236031430616
102,0.55003003003003,2.326166076546741,2.101880628633204,2.1440520760375956,1.2743775414986187,1.1645888558952022,1.1333408593279475,0.1498109584222241,-0.10052583373645778,-0.06349322468487027,-0.969141829795483,-1.0419076538673928,-1.1764421197962693,0.47577375259295024,0.012139479381439876,0.4342643019828858,0.03518846168318083,0.5192012762283827,0.038636202374607985,0.45937983835577134,0.0429327664819701
103,0.5505205205205205,2.3333136050047742,2.1091261925206415,2.1512837706078103,1.2822651768813744,1.1720267161328262,1.1409230675966895,0.15979256800457314,-0.08914133516696135,-0.05326428357836808,-0.9554086617273765,-1.0295811312430316,-1.1639662416576524,0.47491356446068944,0.012113660569519577,0.4340785807287847,0.035203410671318526,0.517943654176302,0.03853927101106072,0.45837509523844444,0.04290826187692116
104,0.551011011011011,2.3404643225757686,2.1163695657808583,2.1585147964754223,1.2901736988084358,1.1794615797337438,1.1485064114561097,0.16974072218581174,-0.0778227177927895,-0.04307958630714642,-0.9418226078247588,-1.0173113751911091,-1.1515072623199143,0.47406533294620784,0.012088317902836397,0.4338901529927101,0.03522062002684186,0.5167095717435946,0.03844756524627635,0.4573815278365232,0.04287849755899933
105,0.5515015015015015,2.347618079307958,2.123610755733044,2.165745080595918,1.2981028163942163,1.1868935719077982,1.1560908955367353,0.1796536947010361,-0.06657009969607307,-0.032939952673863654,-0.9283809566536833,-1.0050978703779343,-1.1390642896880565,0.4732289060389855,0.012063397840460337,0.4336990108658883,0.03524006129328157,0.515499391291748,0.03836088864556479,0.45639815420839924,0.04284319353757461
106,0.551991991991992,2.354774718350136,2.1308497703141196,2.1729745452998346,1.3060521725059897,1.1943228843211877,1.16367651500877,0.18952983066131004,-0.05538369709988641,-0.022846290377243474,-0.9150811299581565,-0.9929403592959393,-1.126636013445765,0.4724041315987681,0.012038846943779888,0.43350514619987984,0.03526169937116256,0.5143134904419008,0.03827906116787014,0.45542397187347955,0.042802064951855553
107,0.5524824824824824,2.3619340812501557,2.138086619138765,2.1802031413197827,1.3140213804895158,1.2017496779153098,1.171263257495049,0.19936758994728554,-0.044263456717024155,-0.012799318433467769,-0.9019203133722739,-0.9808386581721948,-1.1142218899735912,0.4715908756915824,0.012014622667578707,0.43330856478312846,0.03528549657991275,0.5131521540562451,0.03820188747493633,0.4544581487804862,0.04275491710580258
108,0.552972972972973,2.369096003098972,2.1453213241044202,2.1874307905703554,1.3220100314170138,1.2091740839315783,1.1788511119245773,0.20916547841649505,-0.03320944783125735,-0.002799665684428638,-0.8888959402896411,-0.9687925127522452,-1.1018214690875667,0.4707890142117767,0.011990686514532918,0.4331092764104729,0.03531141364147564,0.5120156576961892,0.038129182967818184,0.45349989403386376,0.04270157883439246
109,0.5534634634634634,2.376260320256755,2.1525538983725676,2.19465743803004,1.330017620238277,1.2165962578844842,1.1864400471352996,0.2189221273969647,-0.02222153947359175,0.007152006795848327,-0.8760051948745005,-0.9568016631169163,-1.0894339904345456,0.469998393610996,0.011967001150161518,0.43290730644440883,0.035339404228451186,0.5109042211262109,0.03806075988589929,0.4525483774239634,0.042641893665162356
110,0.553953953953954,2.383426862979215,2.159784367286792,2.2018830229186324,1.3380436944335814,1.224016347363781,1.1940300322225945,0.2286362247539071,-0.011299592104675009,0.01705523287653284,-0.86324544475296,-0.9448660213733326,-1.0770594915341882,0.46921890732940896,0.01194353968304994,0.4327026737989934,0.035369424564031256,0.5098180329591986,0.03799643201427107,0.4516029733534387,0.04257577466745088
111,0.5544444444444444,2.3905954626878327,2.167012755117052,2.20910749302811,1.3460877106003717,1.2314344683116447,1.201621031057018,0.23830653200321084,-0.0004434618769109569,0.026909547223189608,-0.8506139565826085,-0.9329854200833818,-1.0646978308074744,0.46845043057615543,0.011920277817489085,0.4324954171370387,0.03540142466333333,0.5087572519125765,0.037936017341036764,0.45066301556671057,0.04250315473811621
112,0.554934934934935,2.3977659474180855,2.174239095238827,2.216330801180539,1.35414909216179,1.2388507535888702,1.2092129970506336,0.2479319403475958,0.010347229487761313,0.03671459503385678,-0.838107994442881,-0.9211597502285701,-1.0523492107784402,0.46769284913860737,0.011897195849322927,0.43228558054479393,0.03543535049854968,0.5077219641239046,0.037879325669589896,0.4497279644186913,0.042424007212758436
113,0.5554254254254254,2.4049381460380843,2.18146340854619,2.223552903848529,1.3622272920364176,1.2462652906745633,1.2168058778196558,0.25751136937342367,0.021072631627435643,0.046470107352692275,-0.8257248599301032,-0.9093889231052675,-1.040013419462339,0.46694603430886894,0.01187427551145228,0.43207321008945165,0.03547115235279836,0.5067122691545104,0.03782618692926068,0.4487972120674309,0.042338297684482586
114,0.5559159159159159,2.4121118861964623,2.1886857330951384,2.230773750025179,1.370321672521421,1.2536781918462423,1.2243996240246027,0.2670438646407679,0.03173318451383228,0.056175798491253835,-0.8134618410537237,-0.897672871378951,-1.0276913338654496,0.46620989868559015,0.0118515112995344,0.431858362151487,0.03550877118401326,0.5057281996332063,0.03777641971814062,0.4478703672895385,0.04224609635893057
115,0.5564064064064064,2.4192869916955124,2.1959061064705048,2.2379933057404675,1.3784315955973006,1.2610895673422449,1.231994165756551,0.27652853078131506,0.042329281678041564,0.0658315518245214,-0.8013162145943968,-0.8860114596883739,-1.015382997587513,0.4654843128212342,0.011828891143560848,0.43164109827146924,0.03554814744803087,0.5047697585670704,0.037729846283505106,0.44694693304321753,0.04214741975439218
116,0.5568968968968969,2.4264632965996475,2.203124561039623,2.2452115309712903,1.3865564046812646,1.2684995002162363,1.2395894412209323,0.2859645515298588,0.052861408450249656,0.07543727020174705,-0.7892853220908767,-0.8744047363359007,-1.0030891231728718,0.46476918376439535,0.01180641220459979,0.43142148529200014,0.03558922182473367,0.50383691595534,0.03768629047386124,0.44602657264886464,0.04204234937886035
117,0.5573873873873874,2.433640623859545,2.2103411388158443,2.252428386324329,1.3946954183561422,1.2759080509063865,1.2471853797187051,0.2953512078848297,0.06333008976579313,0.0849929623282847,-0.7773663526665551,-0.862852549713144,-0.9908104392316601,0.4640643995940618,0.01178407584932171,0.4311995980925061,0.03563193146978493,0.5029295985010981,0.03764557948907301,0.4451089358862357,0.04193099668883122
118,0.5578778778778779,2.4408188058062574,2.217555879118331,2.259643851490441,1.4028479354245627,1.2833153008518665,1.254781898671372,0.30468786017014066,0.07373582211689068,0.09449862933894136,-0.765556689789677,-0.8513548301279752,-0.9785474655553954,0.4633698516561017,0.011761882644932817,0.4309755168260539,0.03567621201990897,0.5020477250944022,0.037607551693995676,0.4441936885684156,0.041813461430431326
119,0.5583683683683683,2.44799767309395,2.2247688234675205,2.2668578948359897,1.4110132215795053,1.2907213040199055,1.2623789176560214,0.3139739412273289,0.084079220308955,0.10395434908585988,-0.7538536876096446,-0.8399115355309223,-0.9663014109744446,0.4626854559601627,0.011739841833952295,0.4307493285402652,0.0357219965842046,0.5011911674357162,0.037572040436489026,0.44328063474598856,0.04168991041610169
120,0.5588588588588589,2.455177058822031,2.2319800128752085,2.274070494887372,1.419190540011551,1.2981261326144953,1.2699763587361033,0.3232089317254601,0.09436095353325465,0.1133603091289237,-0.7422545565659888,-0.8285226179005046,-0.9540729218561073,0.4620110953090798,0.011717958946666222,0.4305211193962092,0.03576921668681701,0.5003597691844998,0.03753887486808193,0.4423695060547238,0.04156047854342912
121,0.5593493493493493,2.4623567992278823,2.239189499935129,2.281281624365058,1.4273791322952656,1.3055298243606452,1.2775741241930574,0.3323924516625152,0.10458168190746125,0.12271674063176659,-0.7307567287433623,-0.8171879623529458,-0.9418631513486565,0.46134667800886847,0.011696245834699604,0.4302909878297076,0.03581780309543385,0.499553337847212,0.037507899974187,0.4414601550702377,0.041425349324056615
122,0.5598398398398399,2.46953672772856,2.24639732019844,2.2884912766470142,1.4355782498661989,1.312932398753551,1.2851721245992174,0.3415241370252774,0.1147421097603338,0.13202390810144635,-0.7193574833042807,-0.8059075555368956,-0.9296729114116209,0.46069209399528066,0.011674713369103886,0.4300590324028949,0.035867686855435454,0.4987716673772485,0.03747895880381421,0.4405523910783759,0.041284691731749826
123,0.5603303303303303,2.4767166865095724,2.2536035250228426,2.2956994230149466,1.443787090779239,1.3203339024604324,1.2927702615324341,0.35060373819626367,0.12484298803300801,0.14128207217745806,-0.7080542965927862,-0.794681259347149,-0.9175036291023704,0.46004726038611243,0.011653379096366568,0.4298253571329122,0.03591879442947904,0.49801452388340656,0.03745190117853137,0.4396461456429207,0.04113872901658804
124,0.5608208208208209,2.483896520294598,2.260808158445864,2.3029060534710295,1.4520048477056795,1.3277343480541488,1.300368437709924,0.35963105313789984,0.13488510186082844,0.15049170121916572,-0.6968444509815243,-0.7835089992216582,-0.9053563319437175,0.45941206714264515,0.011632257359780183,0.42959007360477935,0.03597105202143832,0.49728162601585735,0.037426569630498244,0.43874131551622836,0.04098766234688042
125,0.5613113113113113,2.491076070608132,2.268011267242313,2.3101111666381113,1.4602307536361248,1.3351337804114967,1.3079665460224157,0.36860595557662856,0.1448692991531593,0.15965317592629347,-0.6857253610433195,-0.7723906739344998,-0.8932321980645547,0.4587864158771497,0.011611365567611973,0.4293532854938577,0.036024386921226906,0.49657269415013205,0.03740281909507745,0.4378378418964654,0.04083170884698439
126,0.5618018018018018,2.498255190194302,2.275212900407795,2.317314746315369,1.4684639743630417,1.3425321665240406,1.3155644863044604,0.37752840761211265,0.15479634673811143,0.16876699295735287,-0.6746945199428203,-0.7613261350916408,-0.8811325773216319,0.4581702131805716,0.011590723049652285,0.4291151162730107,0.036078723782741615,0.49588741082163995,0.037380510871243715,0.4369357132333747,0.04067110692468679
127,0.5622922922922923,2.5054337300563145,2.2824131054309844,2.3245167891484977,1.4767037002030026,1.3499295316088358,1.3231621458875824,0.3863983893539177,0.16466724520465598,0.1778336332571624,-0.6637492756269734,-0.7503152449205456,-0.8690585620014286,0.457563346628795,0.011570346679336867,0.4288756806354195,0.03613398677515196,0.49522543456226165,0.03735949451905801,0.4360348953775483,0.04050607525304589
128,0.5627827827827828,2.512611547200043,2.2896119252903393,2.3317172887853275,1.4849491168293196,1.3573258529443075,1.330759415858143,0.39521600911808485,0.17448276190736392,0.18685366919603685,-0.6528871367549156,-0.7393579244784407,-0.8570118212521942,0.45696573780977023,0.011550261522879454,0.4286351001247734,0.03619010119365403,0.4945864188045912,0.03733964618646362,0.43513546750167215,0.040336894114954794
129,0.5632732732732733,2.519788500580078,2.2968094146897706,2.3389162559090524,1.4931993641296737,1.364721142969753,1.3383561842380367,0.40398139580828246,0.18424392677655857,0.19582772508750956,-0.642105662552965,-0.7284539594471217,-0.8449932167325169,0.4563772658438028,0.011530479667446837,0.4283935027121406,0.036246985511448525,0.4939699664878555,0.037320819606053664,0.434237428116728,0.04016375843811602
130,0.5637637637637638,2.5269644552525805,2.3040056130047573,2.346113682664118,1.5014536963059544,1.3721153539946316,1.345952335411658,0.4126947552665098,0.19395161273157208,0.2047564261051763,-0.6314023105923785,-0.7176031372113025,-0.8330043054654462,0.45579783638224275,0.011511026938402977,0.42815100503169695,0.03630457128046402,0.49337569933588843,0.037302898718715644,0.4333408504612611,0.03998694777894246
131,0.5642542542542542,2.534139277483405,2.311200570089623,2.353309576056538,1.5097111879570686,1.3795084840006668,1.3535477552357695,0.42135635647882086,0.20360687101064118,0.21364045970119996,-0.6207746580464707,-0.7068053544644155,-0.8210465819723317,0.45522735714191054,0.011491921665477857,0.4279077467364496,0.0363627717870647,0.49280317592612366,0.03728574402605608,0.4324458758350876,0.039806719725788677
132,0.5647447447447448,2.5413128424589035,2.318394332300589,2.3605039394816854,1.5179711158515374,1.38690048654562,1.3611423237443203,0.42996651179853124,0.21321056108999661,0.22248051896623489,-0.6102202867664172,-0.6960603218815605,-0.8091210618212495,0.4546657115080343,0.011473183696229582,0.42766384574860095,0.0364215191601717,0.4922519974951633,0.03726925063644328,0.431552529284629,0.03962330904824585
133,0.5652352352352352,2.5484850256433513,2.3255869440379575,2.3676967965717384,1.5262325965501313,1.3942913222732882,1.3687359238228336,0.4385256092177411,0.22276380955514352,0.23127736865562218,-0.599736726385933,-0.6853678346093267,-0.7972294161016793,0.45411280536692594,0.011454833740334893,0.42741944443084684,0.036480730505818744,0.49172168353338835,0.0372532880166448,0.4306609954143888,0.03943699605184825
134,0.5657257257257258,2.555655707588833,2.3327784488627263,2.3748881292902335,1.5344948070542315,1.4016809646209578,1.3763284369134912,0.44703407925484595,0.23226758072212872,0.24003181105885218,-0.5893217334052182,-0.6747276783071319,-0.7853727101190803,0.453568528340935,0.011436886761293336,0.42717466933598697,0.0365403290560989,0.49121177582493064,0.03723774304814275,0.42977139070055553,0.039248005420255264
135,0.5662162162162162,2.562824773801049,2.339968888592516,2.3820779697155974,1.542756957389652,1.4090693524689781,1.383919741130547,0.45549240601353036,0.24172289590599133,0.24874460132009796,-0.5789729017067424,-0.664139539242106,-0.7735523979803275,0.4530327768860368,0.011419363873836656,0.42692965544004347,0.03660023991646345,0.4907218062665715,0.037222511415684216,0.428883859157984,0.03905661043195417
136,0.5667067067067066,2.5699921149640974,2.3471583095623525,2.389266323944248,1.5510182502674705,1.4164564451766102,1.3915097166433301,0.46390114587249326,0.2511308086288447,0.25741662630940854,-0.5686879382778679,-0.6536031617553348,-0.7617698317869592,0.4525054465559344,0.01140228192426232,0.4266845331581569,0.03666038734903423,0.4902512747636992,0.037207486171283756,0.4279985890100253,0.03886306441925273
137,0.5671971971971972,2.577157626727916,2.3543467530528686,2.3964532028366925,1.559277819203647,1.423842190000267,1.3990982433478143,0.4722608749534598,0.26049236538663334,0.2660487345395637,-0.5584646878027243,-0.6431182585475996,-0.7500263133272521,0.4519864347185999,0.011385654675965515,0.4264394453909789,0.03672069014755364,0.4897996731248739,0.037192559368014015,0.4271157728378557,0.038667609087323085
138,0.5676876876876877,2.5843212068314596,2.3615342564864963,2.403638628733131,1.5675349400765701,1.4312264944957196,1.4066852022928653,0.4805722209627059,0.26980866670636394,0.27464180827262963,-0.5483008044060917,-0.6326845054044733,-0.7383230098050111,0.4514756229250618,0.011369497714848244,0.42619452141618713,0.036781079579792285,0.4893664880122337,0.03717763636576469,0.4262355709843741,0.03847048831529329
139,0.5681781781781782,2.5914827596711807,2.3687208608520467,2.4108226176392566,1.5757888023494655,1.4386093203520425,1.4142704654959664,0.48883589174204956,0.2790807162837957,0.2831967477630372,-0.5381941673830072,-0.6223015692463763,-0.7266611721362802,0.450972905308008,0.01135382449373991,0.42594989705520775,0.036841478421010584,0.48895119991950237,0.03716262787211316,0.42535818741214904,0.03827194731748547
140,0.5686686686686686,2.5986421941618643,2.3759066005032428,2.41800518191754,1.5840386506212898,1.445990601594206,1.421853914644451,0.4970525936272982,0.2883096525557173,0.2917144868923798,-0.5281426025003977,-0.611969110437086,-0.7150420374999191,0.45047817066602797,0.011338646734261255,0.42570570191884544,0.03690181490440895,0.4885532705614077,0.03714743865580802,0.4244838395527041,0.038072221663606666
141,0.5691591591591592,2.605799425192026,2.3830915088595,2.4251863455549616,1.5922836934178972,1.4533702512650264,1.4294354339814357,0.5052230987479922,0.2974965415542653,0.30019598040730255,-0.5181440232118492,-0.6016867322637266,-0.7034669229477477,0.4499913123243203,0.01132397558298109,0.42546207591986246,0.03696201433471337,0.48817215169957384,0.03713198127116251,0.423612762895107,0.03787155477661029
142,0.5696496496496497,2.6129543666837676,2.390275634104065,2.4323661286766454,1.6005232118731532,1.4607481846920716,1.437014898859165,0.5133482148630698,0.3066424194966535,0.30864218083595474,-0.5081964087323476,-0.5914541034455106,-0.6919368363472348,0.44951221721295326,0.011309819058499291,0.425219150854589,0.03702200688292246,0.48780730412980605,0.03711618018382295,0.42274516768218046,0.03767016324639987
143,0.5701401401401401,2.6201069463011453,2.3974589916978006,2.4395445491200545,1.6087564573210442,1.4681243473233734,1.4445921910569675,0.52142879699537,0.31574838335725236,0.31705406809814224,-0.4982977312507885,-0.5812707784502819,-0.6804529231168304,0.4490407701824659,0.011296184986751848,0.4249770544636584,0.03708172232859487,0.48745817002173636,0.03709995563320738,0.4218812861155791,0.03746827320734808
144,0.5706306306306306,2.627257087355427,2.4046416275731435,2.4467216365227205,1.6169826899167168,1.4754986476320708,1.4521671920507957,0.5294657080372794,0.3248155244439373,0.32543266283237965,-0.48844591775518204,-0.571136381451488,-0.6690163301409906,0.4485768578247714,0.011283079501945698,0.42473592409660915,0.037141088561833305,0.4871241812118471,0.03708322804289578,0.4210213603701663,0.03726610981575262
145,0.5711211211211211,2.6344047255590235,2.411823562414523,2.453897398735012,1.625201227122545,1.4828709880833244,1.4597397842630317,0.5374599003831888,0.33384493887973593,0.33377892697816525,-0.4786391357724554,-0.5610504545020154,-0.6576279529411412,0.44812036143181927,0.011270505743394815,0.42449588452585374,0.03720004214934454,0.48680477194370336,0.037065935690001994,0.42016562432193927,0.03706387148141549
146,0.5716116116116116,2.64154979480822,2.419004820375881,2.4610718670802485,1.6334113428713561,1.4902413006415542,1.4673098533302107,0.5454122842385154,0.3428376767059304,0.3420939100555486,-0.46887540462245664,-0.5510125409713845,-0.6462890424429157,0.4476711722958305,0.011258468322840788,0.4242570657270106,0.037258512800570756,0.4864993749949865,0.0370480039463175,0.4193143419324426,0.036861785224237505
147,0.5721021021021021,2.6486922355042055,2.426185434032759,2.4682450664574778,1.6416123851759536,1.4976095007302999,1.4748772839818132,0.5533238822148819,0.3517948378236516,0.3503785733298593,-0.45915301915864654,-0.5410222576721959,-0.6350001789559907,0.44722916785806693,0.011246964377141629,0.42401959070819456,0.03731643708413895,0.4862074206274672,0.03702937962779198,0.41846774131540576,0.036660017669476797
148,0.5725925925925925,2.6558319951284557,2.433365426075231,2.4754170205557875,1.649803714848457,1.5049754841384377,1.4824419632940118,0.5611956769870086,0.36071744468253436,0.35863400517550825,-0.4494700586554563,-0.5310790506639421,-0.6237625841122066,0.4467942362537899,0.011235997231816959,0.4237835825460686,0.037373754353693354,0.48592833704590427,0.037010002976503587,0.4176260889053589,0.0364587914899331
149,0.5730830830830831,2.662969025216894,2.4405448213115015,2.482587749381697,1.6579846386355503,1.5123391680008904,1.4900037808592017,0.5690287111894057,0.36960656108903045,0.3668612038583449,-0.4398248404296208,-0.521182424960266,-0.6125770570149234,0.44636625967512517,0.011225562856431632,0.423549169050118,0.03743039836185536,0.4856615464601692,0.03698981752263086,0.4167896345867403,0.03625828595393782
150,0.5735735735735735,2.670103275620775,2.4477236309374706,2.489757275697925,1.666154539904936,1.519700455010684,1.4975626219681197,0.5768240503246378,0.3784632618902986,0.37506121010473353,-0.43021561732058894,-0.5113319403326172,-0.6014443433272857,0.4459451167588724,0.011215656981578578,0.4233164678357438,0.037486310559009806,0.48540646840316964,0.03696877303501776,0.4159586301562713,0.036058678025837114
151,0.5740640640640641,2.6772347087952646,2.4549018806655476,2.496925627968037,1.674312859163831,1.5270592481360024,1.505118381876378,0.5845827805878709,0.3872885422579009,0.38323508087999797,-0.42064078020392265,-0.501527036615685,-0.5903653459650731,0.44553069677688306,0.011206275791494143,0.42308559151552355,0.03754143664388371,0.48516253834983447,0.036946828900717155,0.41513334660764056,0.03586015046628848
152,0.5745545545545545,2.6843632835359825,2.462079582233709,2.5040928232251543,1.6824589715743339,1.5344154779527888,1.5126709577834865,0.5923060155361897,0.3960834673735237,0.3913838278878534,-0.4110986950162998,-0.49176725749245737,-0.5793404542869958,0.44512286758970976,0.011197409405620421,0.42285665367616315,0.03759571620039822,0.4849291790497006,0.036923938643030285,0.41431399955660186,0.03566284853052001
153,0.5750450450450451,2.6914889708359024,2.4692567493270805,2.511258897083423,1.6905922847141597,1.541769018759711,1.5202202418792392,0.5999948891503335,0.4048490434530493,0.3995084777088573,-0.4015878550882298,-0.4820519727379948,-0.5683706697159385,0.444721522965319,0.011189051523657907,0.422629776821433,0.03764909406770254,0.48470581249864936,0.03690006480297483,0.4135008830647646,0.035466957674460155
154,0.5755355355355355,2.6986117376685965,2.476433396859503,2.5184238661261604,1.6987122716792156,1.549119786815244,1.5277661330952828,0.6076505258662599,0.41358629744650727,0.4076100831996497,-0.3921067133690894,-0.47238071837278856,-0.557456450042609,0.44432653869168637,0.011181191053834047,0.4224050637610991,0.03770151896043957,0.4844918718038999,0.03687516944196573,0.41269423613932216,0.035272619328962834
155,0.576026026026026,2.7057315618226663,2.483609529715552,2.525587753292226,1.7068184295568518,1.5564677003600866,1.535308534490237,0.6152741191770759,0.42229612673225153,0.41568966057507645,-0.38265377254918936,-0.46275290345904935,-0.5465984491447191,0.4439377978716069,0.011173820292143841,0.42218261398122275,0.03775294288850424,0.48428680849500366,0.036849232520402196,0.41189430093079576,0.03508000222863459
156,0.5765165165165165,2.712848419784993,2.4907851623735744,2.532750581411624,1.7149102157191514,1.5638126518915105,1.5428473468656274,0.6228668173297514,0.43097963230344566,0.42374824410414247,-0.3732277188648121,-0.4531679614074359,-0.5357971305296446,0.4435551811900607,0.01116692283842716,0.42196253795536925,0.03780331427981823,0.48409003875882645,0.03682221363492816,0.41110134766639805,0.03488922837815526
157,0.577007007007007,2.719962294703413,2.4979602918853434,2.5399123742116663,1.722987161424418,1.5711545602281558,1.5503824756091644,0.6304298357772379,0.43963768957852445,0.43178683417464997,-0.3638271276062406,-0.4436253403660933,-0.5250530352743527,0.44317857239412234,0.011160488451082968,0.42174492955806664,0.03785258875064311,0.48390102178371774,0.03679409857321776,0.41031561604405065,0.034700455023987206
158,0.5774974974974975,2.72707317158455,2.505134924942303,2.547073153633271,1.7310487279526514,1.5784933234828162,1.5579138299760706,0.6379643702051958,0.44827125145767255,0.43980644021207577,-0.3544507345526782,-0.43412441363278514,-0.5143664598161327,0.44280784652418864,0.011154500041057423,0.42152989663780416,0.03790071555738628,0.4837191945266705,0.03676485948767526,0.4095373324072639,0.03451380169923241
159,0.577987987987988,2.734181038800275,2.512309065433644,2.5542329424748766,1.7390945897644892,1.5858288442610586,1.5654413193827148,0.6454716379662074,0.4568812408066326,0.4478080560926801,-0.34509730571863584,-0.42466465287395194,-0.5037377582965287,0.44244289027332107,0.011148943824023958,0.42131751571392906,0.03794766336162765,0.48354402894176146,0.03673449216324291,0.40876674660812606,0.03432939454132517
160,0.5784784784784784,2.74128589073009,2.519482707028934,2.5613917624667537,1.7471242250355654,1.5931610439265995,1.5729648599099477,0.6529528444613715,0.4654685793674141,0.45579269221085383,-0.3357656106433867,-0.4152454065303051,-0.4931672874827094,0.44208358249742186,0.011143801994497863,0.4211078872762695,0.03799338345103172,0.483374971749793,0.036702970057810286,0.40800409204874627,0.03414735678692405
161,0.578968968968969,2.74838772152286,2.5266558506449335,2.5685496295715255,1.7551372650053423,1.6004898217366044,1.5804843657507952,0.6604092279857114,0.4740341583890655,0.46376129824606366,-0.3264545184961045,-0.40586613777934794,-0.482655355108341,0.44172981199961453,0.011139058211460334,0.4209010933107342,0.03803784138575395,0.4832114967980952,0.03667028974933757,0.4072496176238539,0.033967810001601394
162,0.5794594594594594,2.7554865308430188,2.533828487618256,2.575706564936773,1.7631333092509993,1.6078151116484163,1.5879997562616968,0.6678420199517606,0.4825787923556256,0.4717148371720156,-0.31716288167957435,-0.39652620071909184,-0.4722021385910477,0.4413814576439028,0.01113469539293208,0.4206972147781628,0.03808099934906507,0.4830530893059363,0.03663644472932387,0.40650352496026476,0.033790870044503755
163,0.57994994994995,2.7625823204366244,2.5410006147056734,2.582862586242952,1.7711120095345174,1.6151367966409784,1.5955109524997355,0.6752524589955348,0.4911033893763463,0.47965427853701087,-0.30788978059122746,-0.3872249910417819,-0.4618077241197195,0.44103840470256855,0.011130692174069196,0.4204963328026331,0.03812282598216404,0.4828992193623086,0.03660143013639526,0.4057660570561838,0.033616625272445376
164,0.5804404404404404,2.7696750936412613,2.5481722200360384,2.590017718560778,1.7790730151166076,1.622454808040879,1.6030178815977365,0.6826417653922925,0.49960873887488083,0.48758049595626757,-0.29863410457241096,-0.377961883229024,-0.45147234529396124,0.44070053977097373,0.011127032453154242,0.4202985210429547,0.03816328807704965,0.48274939829992874,0.03656524748492885,0.4050374137937194,0.03344519926292464
165,0.580930930930931,2.7767648604219106,2.555343291215168,2.5971719689523987,1.7870160042243715,1.6297690643099292,1.610520470057589,0.6900111927239554,0.5080956405503629,0.49549448832915033,-0.2893949369300498,-0.3687362829478343,-0.4411959180423428,0.4403677426887636,0.011123694488934067,0.4201038491950161,0.038202357018625836,0.4826031152452242,0.03652789639005561,0.40431780610723017,0.033276674796034106
166,0.5814214214214214,2.7838516274004554,2.5625138174881585,2.6043253620735123,1.7949406583278265,1.6370794737137107,1.6180186500823437,0.6973619683020355,0.5165648791100514,0.5033970806272546,-0.28017139885675907,-0.3595475631734392,-0.4309785697110814,0.440039906490054,0.01112065928387569,0.41991238943624815,0.03824000342841997,0.4824598902953056,0.03648938423917907,0.4036074451368576,0.03311115659526544
167,0.5819119119119119,2.790935410019554,2.5696837818271203,2.611477906977175,1.802846762875487,1.6443859674608416,1.6255123518784709,0.7046953250112502,0.5250172465386304,0.5112891916368498,-0.2709626800429578,-0.35039506724590597,-0.4208201290810006,0.4397169126275841,0.011117905732421223,0.4197241939694586,0.03827620875477393,0.4823192461906388,0.0364497215309426,0.4029065198683035,0.032948718348258854
168,0.5824024024024024,2.798016220587377,2.576853163834073,2.6186296219488585,1.8107339877070932,1.651688462479787,1.633001515946832,0.7120124796664186,0.5334534113797138,0.5191716935478432,-0.2617679296426175,-0.34127823755803915,-0.4107206553185062,0.43939865618228197,0.011115413956551658,0.41953933270543275,0.03831094343227389,0.4821807153004024,0.036408913796138156,0.40221523416830396,0.03278946188410926
169,0.5828928928928929,2.8050940778390596,2.5840219503962447,2.6257805119116138,1.8186021274263395,1.6589868896170628,1.6404860813515258,0.7193146712683212,0.541874135857021,0.5270453968226467,-0.2525864888621667,-0.33219639194106215,-0.400679889897985,0.4390850225872597,0.011113162279137848,0.4193578557373039,0.03834418965371866,0.4820438420246982,0.036366978889460534,0.40153376352063086,0.03263345535870254
170,0.5833833833833834,2.812168999590893,2.591190114763297,2.632930602209607,1.8264509635471922,1.6662811854222137,1.6479659903671413,0.7266030940081641,0.5502800954180396,0.5349111285351583,-0.24341760715750096,-0.32314896366134194,-0.39069777617908735,0.4387759089306723,0.011111130979534777,0.41917981461177617,0.03837592822393409,0.48190818680329717,0.036323930594475064,0.400862299419402,0.03248078756428854
171,0.5838738738738739,2.8192410062558535,2.5983576387803167,2.6400798872240747,1.8342803067622417,1.6735712510892562,1.6554411899845898,0.7338789637027456,0.5586719448185847,0.5427696771743595,-0.23426060695786188,-0.3141352835934453,-0.3807740434225403,0.4384712013901239,0.01110930014201951,0.4190052582248756,0.038406144696284526,0.48177331531506973,0.03627979153046003,0.4002009926554443,0.03233153429078765
172,0.5843643643643643,2.8263101235490917,2.6055244940041815,2.647228388324163,1.8420899935558614,1.6808570533105376,1.662911629727981,0.741143472614377,0.5670503101792409,0.550621865669635,-0.2251149905092657,-0.3051547417210763,-0.370908430577845,0.4381707995111254,0.011107647678610541,0.4188342250754102,0.038434824764728544,0.4816388093906781,0.03623458003031937,0.3995500274407705,0.03218575685944511
173,0.5848548548548549,2.833376372478967,2.6126906550407183,2.6543761118827622,1.8498798173444828,1.688138509000493,1.670377263421214,0.7483977933474943,0.5754158139272111,0.558468399369118,-0.215980166327872,-0.2962067359404329,-0.36110054963905097,0.4378745936336752,0.011106152851021773,0.41866676406961584,0.038461951785272015,0.48150425844449907,0.03618831637810967,0.39890953678330293,0.032043522018332694
174,0.5853453453453453,2.8404397805335835,2.6198560873632037,2.6615230608419806,1.8576496953148316,1.6954155698351814,1.677838042611533,0.7556431000720981,0.5837690486400879,0.5663100097364119,-0.2068556347699661,-0.28729063099872315,-0.3513502121992723,0.43758248734438565,0.011104797247593374,0.41850290061277334,0.03848752100104531,0.4813692748251089,0.03614103101856181,0.3982796907683669,0.0319049048586687
175,0.5858358358358359,2.8475003760342132,2.627020773085131,2.6686692435996906,1.8653995068574025,1.7026881562090168,1.6852939271173495,0.762880548000553,0.5921105851603579,0.5741474413955343,-0.1977409683966182,-0.27840580203869036,-0.34165684856969425,0.4372943717723957,0.0111035589685322,0.4183426722321699,0.03851152379631342,0.48123346606412415,0.03609274905647113,0.3976606122569837,0.0317699484809457
176,0.5863263263263263,2.854558185939904,2.634184670526146,2.675814663153953,1.8731291420065526,1.7099562328407396,1.6927448843972328,0.7701112714106741,0.6004409241264194,0.5819813346263865,-0.1886357550757503,-0.2695516819634351,-0.3320201622181787,0.4370101554923832,0.011102419866421975,0.41818610296818953,0.0385339523052335,0.4810964770556748,0.036043500870150305,0.39705244593218825,0.0316387235718947
177,0.5868168168168169,2.8616132413053603,2.6413477516909123,2.682959325042661,1.8808385204081524,1.7172197476673883,1.700190869549077,0.7773363967313109,0.6087606120573766,0.58981238184186,-0.1795395975984432,-0.2607276358677627,-0.3224395641458966,0.4367297316646182,0.011101359672658214,0.4180332197349957,0.0385548022905521,0.48095793970912365,0.03599331456298423,0.39645529953490005,0.0315112740436118
178,0.5873073073073073,2.868665571987219,2.648509979776123,2.690103231167632,1.8885276139180456,1.7244786264860397,1.7076318588726562,0.7845570257358171,0.6170701055191417,0.5976411735259781,-0.17045221711870556,-0.25193305410153244,-0.3129147548716972,0.4364530155446826,0.011100361621651077,0.41788404004948787,0.03857407496576653,0.480817524703222,0.03594223011166649,0.39586931216182475,0.03138766484133952
179,0.5877977977977978,2.875715210968608,2.6556713170725725,2.6972463765164463,1.8961963562854554,1.7317328525591775,1.7150678211973207,0.7917742321059097,0.6253698732000196,0.6054683431067857,-0.16137333427818573,-0.2431673431195112,-0.30344497432049583,0.43617990263975326,0.011099405534380373,0.41773857902807376,0.03859176694273309,0.48067490053273876,0.035890275040891116,0.39529456239411864,0.03126792415762582
180,0.5882882882882883,2.882762190108317,2.6628317278584976,2.704388768959118,1.9038447323305996,1.7389823722809155,1.7224987285623676,0.7989890891415387,0.6336603921859122,0.6132944579922741,-0.15230266943803655,-0.23442992503544094,-0.2940297458551144,0.435910303123169,0.011098474393045525,0.41759685125630375,0.03860788036584332,0.48052974661014214,0.035837486442990736,0.3947311636740697,0.03115210499389205
181,0.5887787787787788,2.8898065441943945,2.669991172656331,2.7115303996965405,1.9114727452000073,1.746227144271695,1.7299245591636734,0.8062026447091114,0.6419419836426461,0.6211200617833187,-0.14324012131124025,-0.22572021851624244,-0.2846683681559342,0.43564412774806077,0.011097551063463058,0.41745886347276717,0.03862241969248801,0.48038177736216264,0.035783907309046084,0.3941791925378853,0.031040239097533572
182,0.5892692692692693,2.8968483053174867,2.6771496105463752,2.7186712681611653,1.919080412414838,1.753467128958795,1.7373452923001675,0.8134159017940085,0.6502151135316695,0.6289457026459168,-0.13418545026814768,-0.21703761024530965,-0.2753604189010702,0.4353812909025414,0.01109661958442826,0.4173246205062444,0.03863539031609432,0.4802306945927326,0.03572957044565973,0.39363875637858325,0.03093237556639945
183,0.5897597597597597,2.903887507840952,2.684307001765899,2.7258113730516396,1.9266677631731437,1.7607022971726827,1.7447609143587728,0.8206298622018683,0.6584801107101113,0.6367718756309741,-0.12513861395669776,-0.2083815861658931,-0.2661050008760788,0.435121702538977,0.011095662515715804,0.41719412335327233,0.03864679833217565,0.48007623203616123,0.035674517411973444,0.3931099090617691,0.030828528366276062
184,0.5902502502502502,2.9109241864727418,2.6914633002242545,2.732950699383508,1.9342348443810433,1.7679326008553833,1.7521714058008544,0.8278455065314484,0.6667373119046025,0.6445989970094893,-0.11609954523246756,-0.19975154324382502,-0.25690159233650955,0.434865284351793,0.011094666281459156,0.41706737119207,0.038656653798801524,0.47991813573341185,0.03561879456620637,0.392592729002691,0.030728741273727843
185,0.5907407407407408,2.917958378141137,2.6986184616305655,2.7400892503490466,1.941781716786354,1.7751580384557466,1.759576757172356,0.8350637665099375,0.6749869739402987,0.6524275835556702,-0.10706811185175652,-0.19114693442892944,-0.24774934297292545,0.4346119457630148,0.011093616269299039,0.4169443562179413,0.03866496530009302,0.479756166014161,0.03556243888465638,0.3920872416398934,0.030633032898303138
186,0.5912312312312312,2.9249901164941043,2.705772442690952,2.7472270135874317,1.949308478856107,1.7823785633387765,1.766976961497555,0.842285565513203,0.6832294846916687,0.6602580077225925,-0.09804445639640995,-0.1825671871523602,-0.238647469709345,0.43436160940950413,0.011092496501540119,0.41682506875146863,0.03867174706291956,0.4795900856309913,0.03550549528336893,0.3915935151055565,0.030541408393750136
187,0.5917217217217217,2.9320194359087464,2.712925196261054,2.7543639739320063,1.956815209560338,1.789594181537367,1.774372011345166,0.8495118083733423,0.6914650198460656,0.6680906690775122,-0.08902849131650938,-0.1740118099367245,-0.2295952680366962,0.4341141980313444,0.011091296083120237,0.416709493519158,0.03867701001371011,0.479419691549052,0.035448009144994276,0.39111157785325423,0.03045390276743363
188,0.5922122122122122,2.939046371145357,2.7200766786063673,2.761500121858349,1.9643020307328425,1.7968048510371613,1.7817619031557723,0.856743346707668,0.6996938363372267,0.6759259086460523,-0.08002036720194632,-0.16548024413826914,-0.22059193923629408,0.43386963853488997,0.011090001749656834,0.416597616803289,0.03868077071155223,0.47924478496039535,0.035390026804531745,0.39064146503248387,0.030370519700070767
189,0.5927027027027028,2.946070958874851,2.7272268368644217,2.7686354543276845,1.9717690629389562,1.8040105439071228,1.7891466399779636,0.8639810199358363,0.7079161890715759,0.6837640889350078,-0.07102011823246523,-0.1569719846764713,-0.2116365741137108,0.4336278504435406,0.011088601154294376,0.41648942196846955,0.0386830455028637,0.4790651688183787,0.03533159085196012,0.3901831877521609,0.030291261960021968
190,0.5931931931931932,2.9530932324840777,2.734375627519898,2.7757699442578123,1.9792164604976408,1.811211283563358,1.7965262186327424,0.8712256368746644,0.7161322289131238,0.6916054967618943,-0.06202793682016122,-0.14848649590020135,-0.20272846842511982,0.4333887711317007,0.011087084078870645,0.4163848783583239,0.03868385223730602,0.47888068794346383,0.035272750869864686,0.389736774822727,0.030216139645354054
191,0.5936836836836836,2.9601132245770456,2.7415229954286837,2.782903586415102,1.9866443540013514,1.8184070437907764,1.803900646421583,0.8784779732143085,0.724342097951308,0.699450383882152,-0.05304398778427194,-0.14002329236718328,-0.19386660313090573,0.433152325898326,0.011085439834308031,0.4162839657850243,0.03868320815050438,0.4786911891952816,0.03521355459413753,0.3893022016156868,0.03014514262204252
192,0.5941741741741742,2.9671309710024074,2.7486688931977117,2.790036362086861,1.994052928242069,1.8255978018259786,1.8112699303881477,0.8857387679634714,0.7325459960167925,0.7072990627092146,-0.044068401669148854,-0.13158190722064542,-0.1850502030842696,0.43291844949313796,0.011083658530431903,0.4161866553926917,0.03868113601825487,0.4784965159121504,0.03515404564786155,0.3888794883682341,0.030078268276937856
193,0.5946646646646646,2.9741465039587225,2.7558132693209054,2.7971682544277936,2.001442359772657,1.8327835734020475,1.8186340826844025,0.8930087543813781,0.7407440121688573,0.715151708768299,-0.035101413137132983,-0.12316181788071272,-0.17627822461613016,0.43268707103024245,0.011081731768679225,0.4160929123522511,0.03867765600156588,0.4782965532368155,0.035094276704104886,0.38846858676613655,0.03001549999020584
194,0.5951551551551552,2.9811598552614984,2.7629560717441635,2.8042992413952876,2.0088128511414913,1.8399643528039833,1.8259931078512224,0.900288599490654,0.7489362515146614,0.723008532124265,-0.02614335241647561,-0.11476259481537442,-0.167549851991088,0.4324581376302117,0.01107965039625162,0.4160027013909628,0.038672792432853306,0.47809118813394746,0.03503429532270442,0.38806950653114625,0.029956817976638298
195,0.5956456456456456,2.9881710566603896,2.7700972497641985,2.8114293021981833,2.016164580285211,1.8471401291919183,1.8333470237841105,0.9075789623360525,0.7571228196413048,0.7308697014276331,-0.017194371802287344,-0.10638372904141968,-0.15886416912829998,0.43223158145868934,0.011077407783524265,0.41591598997480367,0.03866656686263146,0.4778803122774591,0.034974147720992776,0.3876821985175487,0.029902209632416552
196,0.5961361361361361,2.995180140282896,2.7772367499373107,2.8185584263653563,2.023497791983091,1.8543109267351479,1.8406958503003796,0.9148804635734447,0.7653037653355407,0.738735343569505,-0.008254836477098284,-0.09802483387208079,-0.15022017284876996,0.43200734928594503,0.011074996637106704,0.4158327316989443,0.03865900569539646,0.4776638521893794,0.034913886413876515,0.38730662966836654,0.029851640417150556
197,0.5966266266266266,3.002187134293825,2.784374517339306,2.8256865843406187,2.0308126907562345,1.8614767414035718,1.8480396006928437,0.9221936934165034,0.7734790939956404,0.7466056184320298,0.0006749419264927874,-0.08968542511540299,-0.1416169013777404,0.4317853815606603,0.011072410361869687,0.41575288746249267,0.038650133608630774,0.47744172944911384,0.03485355811341766,0.38694274514089017,0.029805075963552002
198,0.5971171171171171,3.0091920692111658,2.7915104996297253,2.8328137488672214,2.0381095393220923,1.8686375750184219,1.855378297029876,0.9295191883785312,0.7816488733553918,0.7544805843188013,0.009594644162989066,-0.08136510712657889,-0.13305337333472328,0.43156562477021765,0.011069643831761525,0.4156764086698833,0.038639980300349576,0.47721388963324785,0.03479321373952868,0.38659048771984483,0.02976247771616555
199,0.5976076076076076,3.0161949718243326,2.7986446481085228,2.8399399067687736,2.0453885571778545,1.875793441892387,1.8627119612213534,0.9368574937195558,0.7898130965010471,0.7623603025910204,0.018503953067528042,-0.07306348019132072,-0.12452864373462011,0.4313480277858169,0.011066692377348192,0.4156032532225231,0.038628569842346014,0.4769802829444578,0.03473290272966994,0.3862497954709226,0.029723811858094886
200,0.5980980980980981,3.02319586973988,2.8057769002571735,2.847065024409202,2.0526500359231368,1.8829443799994117,1.8700406168039518,0.9442090837158151,0.7979717351719819,0.7702448400410526,0.027402417759990423,-0.06478009018869135,-0.11604164379575198,0.4311325387612474,0.01106355093760688,0.41553336007912417,0.0386159340895326,0.4767408862641278,0.034672674770981446,0.3859205874395303,0.02968901464791604
201,0.5985885885885885,3.030194788541173,2.8129072062940326,2.854189079954981,2.0598941827427244,1.8900903693700761,1.8773642918593947,0.9515744166790191,0.806124761417652,0.7781341915936021,0.03628967532900368,-0.056514577839740336,-0.10759151833813282,0.43091911567523367,0.01106021580604564,0.4154666914084542,0.038602097683610226,0.47649566919326797,0.03461257620187081,0.38560280191796736,0.02965804670293395
202,0.5990790790790791,3.0371917521933405,2.8200355121983036,2.861312044741418,2.067121326074533,1.8972314453201307,1.884683013387647,0.9589539144306963,0.8142721228400985,0.7860283721465997,0.04516531906335088,-0.04826659096038822,-0.09917712354849127,0.43070770876360154,0.011056683855335538,0.4154031821424883,0.0385870951125035,0.4762446326630246,0.03455266023267759,0.3852963368521506,0.029630838559661674
203,0.5995695695695695,3.0441867854732143,2.8271617638413162,2.8684338904925437,2.0743317361457807,1.9043676324162524,1.8919968085222527,0.9663479529661632,0.8224137509580827,0.7939273483699211,0.05402893416039315,-0.04003574846023165,-0.09079756350607225,0.43049827876952473,0.011052952789532972,0.4153427773349769,0.03857095599184127,0.4759877835849753,0.034492973898744436,0.3850011071168051,0.029607333365475417
204,0.6000600600600601,3.0511799081925677,2.8342859041592523,2.87555459329803,2.081525688297335,1.9114989495206525,1.899305710014385,0.9737568992843505,0.8305495821749208,0.8018310371962466,0.06288005288035531,-0.031821675328482416,-0.08245173122288776,0.4302907805315191,0.011049019788689057,0.41528542080028363,0.03855371004563917,0.4757251373938479,0.034433567190958185,0.38471699777964946,0.029587455272355626
205,0.6005505505505505,3.058171142567577,2.8414078817485864,2.8826741162518124,2.088703485788028,1.918625413534113,1.906609752620934,0.9811810691166741,0.8386795431194608,0.8097394221244247,0.07171828891885429,-0.023624051187489864,-0.07413880714347645,0.43008518031780163,0.011044883565299854,0.4152310515909807,0.038535390135342185,0.47545671277261375,0.0343744849483561,0.38444393243820635,0.029571143677102292
206,0.6010410410410411,3.065160507641725,2.8485276405388418,2.8897924333106944,2.095865420236822,1.925747054115416,1.913908965456128,0.9886207485669427,0.846803448042309,0.8176523828470877,0.08054307121056768,-0.015442550538923587,-0.06585747378013017,0.4298814341976353,0.011040541494558898,0.4151796098522893,0.038516027496111056,0.4751825633341919,0.03431577843083701,0.3841817530275724,0.029558293765416563
207,0.6015315315315315,3.072148020195192,2.855645130792687,2.8969095110249947,2.1030118337984582,1.9328638967732763,1.9212033874495253,0.9960761866283194,0.8549212418505405,0.8255697963806763,0.08935407814964828,-0.007276860936493763,-0.05760697627016925,0.4296795117609456,0.011035995392717046,0.41513102711046823,0.03849565758596391,0.474902737672709,0.03425749663633995,0.3839303618624051,0.029548849830890785
208,0.602022022022022,3.0791336971176912,2.8627602893241466,2.9040253202326123,2.110142993544712,1.939975976915807,1.9284930535005838,1.0035476099086733,0.8630327631169875,0.833491515342376,0.09815075594526806,0.0008733174002804741,-0.04938620744598072,0.42947937875253206,0.011031243319571097,0.415085243601138,0.03847430938637815,0.4746172965288026,0.034199683911220455,0.3836896235355651,0.029542713122078717
209,0.6025125125125125,3.086117553344366,2.8698730706192332,2.911139826483765,2.1172592661961827,1.9470833147675308,1.9357780010531134,1.0110351984395685,0.8711378536260647,0.8414174211339863,0.10693258674596547,0.009008329185656338,-0.04119420188801957,0.4292810054845774,0.011026285415872559,0.41504218847385016,0.038452020815045285,0.47432631534972497,0.03414239026227947,0.38345940934177475,0.029539787371123897
210,0.603003003003003,3.0930996023701245,2.8769834200109705,2.918252998581667,2.1243609382125244,1.954185959430634,1.9430582703153734,1.018539118417902,0.8792363668373052,0.8493473288448626,0.11569915877244341,0.017128365284835006,-0.03302995921706167,0.42908436279453127,0.011021122318883077,0.4150017968538465,0.03842882119221398,0.4740298724567672,0.03408565852368794,0.3832395825189016,0.029539986157853595
211,0.6034934934934935,3.1000798543524493,2.884091281616726,2.925364800077102,2.1314483528956525,1.9612839336104133,1.950333898905286,1.0260594874280322,0.8873281406579715,0.8572810317854793,0.12444988243438701,0.025233749376042124,-0.024892476411801305,0.4288894245808941,0.011015754041085875,0.41496399841444614,0.03840474659312512,0.4737280626452737,0.03402953708006774,0.3830299999948358,0.02954319972989685
212,0.603983983983984,3.107058320709906,2.8911966000515963,2.9324752001713734,2.138521828408166,1.9683772691264945,1.9576049280351333,1.0335963988864023,0.8954129707610985,0.8652183212361484,0.13318431299331973,0.03332473614693085,-0.01678070471535402,0.42869616059377286,0.011010182273982053,0.4149287257010968,0.03837983009809604,0.47342098881766165,0.03397407095878888,0.3828304911879307,0.0295493259338974
213,0.6044744744744744,3.1140350100086773,2.898299329872549,2.939584154212453,2.145581725668936,1.9754659965017645,1.964871398768714,1.0411499053173718,0.9034907134973873,0.8731589780549843,0.141901995953963,0.04140155413321737,-0.008693824290574267,0.4285045522533694,0.011004409347504258,0.4148959042996921,0.03835410854816864,0.47310875850124673,0.033919305421884954,0.38264092520987697,0.029558270489266673
214,0.604964964964965,3.121009926690039,2.905399416996683,2.9466916394979794,2.152628367980066,1.9825501780811392,1.9721333560199348,1.0487200428726842,0.9115611256175662,0.8811027708616661,0.15060232036491714,0.0494644261571038,-0.000630788107039886,0.42831458038273235,0.010998435207726502,0.4148654614072892,0.038327613046389174,0.47279149750227706,0.03386528319489157,0.3824611431987828,0.02956991023761404
215,0.6054554554554554,3.127983078338655,2.912496809444066,2.953797614493041,2.1596620834837674,1.9896298177434213,1.9793908390609025,1.0563068139750058,0.9196240250346761,0.8890494382408664,0.15928484354324654,0.05751358352541918,0.007409448636839884,0.42812621681505275,0.010992262106044388,0.414837330834036,0.03830037895756016,0.4724693234237523,0.03381204818991974,0.38229096065113677,0.029584131246125286
216,0.605945945945946,3.134954468349185,2.9195914523551596,2.960902041674532,2.1666832356135903,1.996704975729894,1.9866438938981468,1.0639101781580655,0.9276791765399529,0.8969986953513785,0.1679491204224629,0.06554922983176305,0.01542770259894587,0.42793944761930225,0.010985894295120561,0.4148114317042608,0.038272441902399076,0.4721423854020508,0.033759644967643214,0.38213021315734585,0.02960083364771616
217,0.6064364364364364,3.141924096218573,2.9266833003821806,2.9680048863432553,2.173692149711314,2.0037756883001463,1.993892562987434,1.0715300723847299,0.9357263963333321,0.9049502688872051,0.17659451191168463,0.07357157138109927,0.02342492031555273,0.42775426036451314,0.010979331274613537,0.41478769386389025,0.03824383396278964,0.4718108172288736,0.033708111693199705,0.3819787510459885,0.029619884136122245
218,0.606926926926927,3.1488919645012006,2.933772303200871,2.975106105215813,2.1806891756726525,2.0108419914868354,2.0011368913779446,1.079166424469381,0.9437654225200243,0.9129038571380164,0.18522062840771972,0.08158080068476264,0.031402080663168366,0.4275706325868684,0.010972577724636256,0.4147660417412221,0.03821459049732186,0.47147477333474797,0.03365749336887592,0.38183636910200847,0.029641172371758683
219,0.6074174174174174,3.1558580696462384,2.9408584088470993,2.9822056650462203,2.1876746468656263,2.017903926035578,2.0083769232810615,1.0868190999443923,0.9517960362634726,0.9208591460805212,0.19382692819596664,0.08957706456204154,0.03936000158460316,0.4273885577752394,0.010965635740549913,0.41474640192804396,0.03818474427198133,0.4711344108839696,0.0336078273885682,0.3817029094774614,0.029664578128112913
220,0.6079079079079079,3.1628224092898396,2.9479415716050563,2.989303537030413,2.1946489212545117,2.024961534268602,2.0156127041833,1.0944879632803917,0.9598180131316728,0.9288158313559343,0.20241293413321051,0.09756054528048488,0.047299591220299565,0.4272080220271028,0.010958508294717855,0.4147286987620431,0.038154329846921776,0.47078989057898635,0.03355915405029029,0.38157818722298426,0.029689978298349167
221,0.6083983983983984,3.1697849783705365,2.955021745400625,2.996399666684421,2.2016123367487865,2.0320148497530957,2.02284428040433,1.1021728376847528,0.9678311000906559,0.936773560381164,0.2109781452321994,0.10553139707282694,0.055221815811857256,0.4270290112262389,0.010951198418768524,0.41471285647100853,0.038123380914192324,0.47044138616741576,0.033511512764437645,0.38146199939323344,0.029717243034477862
222,0.6088888888888889,3.1767457704567224,2.962098877566474,3.0034940273363406,2.20856524451386,2.0390639317673203,2.0300716942086954,1.1098735324422624,0.9758350932863674,0.9447320053834559,0.2195221022601366,0.11348975049513974,0.06312734729263728,0.42685152375081575,0.010943709814516651,0.41469879710211266,0.038091930854595286,0.47008906775520237,0.0334649398032471,0.38135419172700313,0.02974626245895654
223,0.6093793793793794,3.18370477574088,2.969172927354879,3.0105865768568245,2.2155079734423264,2.046108804198249,2.037294993820376,1.1175898263965185,0.9838296878939841,0.9526908094397346,0.22804431507629416,0.12143575536502195,0.07101717473001096,0.426675545987458,0.010936045690089102,0.41468644918667796,0.03806001155959224,0.4697331212070441,0.03341947351395663,0.3812545424954566,0.02977690238101595
224,0.6098698698698699,3.190661985594069,2.9762438440722843,3.0176772763371815,2.222440863088525,2.0531495038417154,2.0445142219711956,1.1253214679285066,0.9918146722335299,0.9606496227270261,0.23654436270909052,0.1293695210294161,0.07889203732869796,0.42650107293845196,0.010928209991019797,0.4146757378359504,0.03802765639022068,0.46937372490273455,0.03337514766121174,0.38116287208857663,0.029809046536829423
225,0.6103603603603603,3.1976173888279678,2.9833115885630663,3.024766090526935,2.2293642615807894,2.0601860951255837,2.0517294274995823,1.1330681896675647,0.9997898282857963,0.9686080529354587,0.24502173325843055,0.13729118528173212,0.08675276851497701,0.42632810032385887,0.010920205564994769,0.41466658386515504,0.037994896788355964,0.46901107269603876,0.033331997401744654,0.3810789869529898,0.029842564107020828
226,0.6108508508508509,3.2045709704166825,2.990376112875608,3.0318529717222957,2.2362785092815844,2.067218605954597,2.0589406513805,1.1408296990442839,1.0077548640679743,0.9765657625389872,0.2534760245583563,0.14520081493310774,0.09460012416885588,0.4261566243465117,0.010912036945454642,0.4146589120076603,0.03796176614564434,0.4686453573153294,0.03329005684159719,0.38100269272693954,0.029877337771207126
227,0.6113413413413413,3.211522717028459,2.99743737527226,3.0389378938373746,2.243183926277966,2.0742470717858144,2.0661479415482864,1.1486056805232467,1.0157095246124148,0.9845223394846303,0.26190677929701084,0.15309853081191796,0.10243487606096784,0.4259866426425044,0.010903707964465508,0.4146526521055456,0.0379282941915268,0.46827677940965184,0.033249359162845785,0.38093378415659995,0.02991324432519512
228,0.6118318318318319,3.2184726105907955,3.004495333286323,3.0460208091418006,2.2500808537854304,2.0812715397628163,2.073351339268917,1.1563957983477924,1.0236535993612381,0.9924774121699513,0.2703135628801873,0.16098440017258492,0.11025769244461717,0.42581815694891,0.01089522218504465,0.4146477262905888,0.03789451283002213,0.4679055340556949,0.033209934655011326,0.38087208479818463,0.029950165178341412
229,0.6123223223223223,3.2254206342239766,3.01154994751826,3.0531016828824087,2.2569696104141728,2.088292057439697,2.080550892025427,1.1641996913346606,1.0315868375609814,1.0004306117648438,0.278695975409154,0.16885852134275234,0.11806933538220643,0.42565116349956966,0.010886583157956166,0.4146440615029141,0.03786045090479455,0.4675318231155831,0.03317181027997795,0.3808173860082074,0.02998797650056125
230,0.6128128128128127,3.2323667678241996,3.018601174713472,3.0601804719679357,2.2638505106300744,2.0953086454701038,2.087746640915729,1.172016995341252,1.0395089796056474,1.0083815050314515,0.2870536602470427,0.17672095224252793,0.12587046791553036,0.4254856625967494,0.010877796455925598,0.4146415878693011,0.037826138611948806,0.46715585406683047,0.03313501901850656,0.38076948203075617,0.03002657163811206
231,0.6133033033033033,3.2393109905817052,3.0256489807438913,3.0672571440833627,2.2707238916983314,2.102321362694011,2.0949386296212866,1.1798473091856239,1.047419800652668,1.016329733247668,0.2953861457820313,0.184571770777599,0.13366178465038156,0.4253216580054311,0.010868864248504929,0.4146402290929706,0.03779160536975579,0.46677783313174726,0.033099585804397424,0.38072818674946995,0.030065820850689925
232,0.6137937937937938,3.246253279518228,3.032693319657597,3.07433165924041,2.2775900638937436,2.109330236093713,2.1021269020694153,1.1876902203866144,1.0553190413189344,1.0242748697187785,0.3036931445723979,0.192410994136487,0.141443882470132,0.4251591522314575,0.010859792770424053,0.41463991422426444,0.037756880293889995,0.4663979745251304,0.03306553916936566,0.38069329384708656,0.03010562584587635
233,0.6142842842842843,3.2531936112173563,3.0397341610177984,3.08140397689151,2.2844493264677324,2.1163353092221726,2.109311498499039,1.1955453133969745,1.0632064927838643,1.0322165427543732,0.3119742432937831,0.20023870767481,0.1492173987493695,0.4249981477022698,0.010850584503741295,0.4146405741460731,0.037721989754174484,0.4660164778923775,0.033032901181979824,0.3806646143383229,0.030145867070395252
234,0.6147747747747747,3.2601319580153283,3.046771461850422,3.088474060711458,2.2913020040734526,2.1233366237812525,2.1164924594353702,1.2034121324568148,1.0710819138926735,1.040154334330976,0.3202291474085919,0.20805494351097423,0.15698289167881796,0.42483864895790524,0.01084124523412435,0.4146421344719644,0.03768696286857509,0.4656335635392635,0.033001697504313254,0.380641944002035,0.030186444452930644
235,0.6152652652652653,3.2670682949647376,3.0538051915210613,3.095541869691876,2.2981483971384713,2.1303341997465886,2.1236698277143207,1.2112902163746058,1.0789450819272035,1.0480878363283732,0.3284574847081957,0.21585973960227403,0.1647409693800657,0.42468066097664786,0.01083177856332431,0.41464452863482826,0.03765182686099139,0.46524944213755626,0.0329719510140662,0.38062508510392273,0.030227245948619974
236,0.6157557557557558,3.274002594349583,3.060835314299952,3.102607367435493,2.3049887818191457,2.137328092792541,2.1308436414071403,1.219179106949022,1.086795763114319,1.0560166834101088,0.3366589363294321,0.22365308515104868,0.17249204315542896,0.4245241965377472,0.010822188552861678,0.41464768863211027,0.0376166051555106,0.4648643202974825,0.03294367894797278,0.38061387276373704,0.030268179345441702
237,0.6162462462462462,3.280934825222453,3.067861796133674,3.109670522751088,2.3118234461415903,2.144318318844923,2.1380139368179707,1.2270783078597955,1.0946337449684649,1.0639404339279073,0.34483329148851727,0.2314350473609216,0.1802368138393857,0.4243692488426282,0.010812480721993124,0.4146515512814735,0.03758132349663842,0.46447841382144217,0.032916902922570525,0.38060805976536416,0.03030914137456999
238,0.6167367367367367,3.287864956231204,3.0748846035641773,3.1167312911584832,2.3186526960855622,2.1513049249905185,2.14518075626145,1.23498732676124,1.1024588417716181,1.0718587210793526,0.35298017365601997,0.2392056247285923,0.18797559210706996,0.42421583691988884,0.010802658418213045,0.41465604352422814,0.03754600799746939,0.4640919312065877,0.03289163991447814,0.38060750459995085,0.030350039239542524
239,0.6172272272272272,3.2947929558447404,3.0819037057681413,3.1237896430558147,2.325476787863138,2.1582879397501173,2.152344134240981,1.2429056632947961,1.1102708212308467,1.0797711230285303,0.36109937448110063,0.24696482097330127,0.1957090053934454,0.42406395974813693,0.010792726611282668,0.4146611058341559,0.037510680483138284,0.4637050857962721,0.03286790746764722,0.3806119789312711,0.03039077852086432
240,0.6177177177177177,3.301718791472517,3.088919070401658,3.1308455361955465,2.3322960249530813,2.1652673927152364,2.159504108177284,1.2508327856715236,1.1180695074684317,1.0876772820251364,0.3691906411562266,0.25471266000580406,0.20343728947570522,0.4239136331606022,0.010782690364022613,0.4146666690610085,0.03747536749435438,0.4633180854594643,0.03284571966282661,0.3806213275283799,0.030431281370015377
241,0.6182082082082082,3.3086424278374866,3.095930671328624,3.1378989348765263,2.339110634991105,2.1722433151291605,2.166660708198373,1.2587681737083938,1.1258546883271163,1.0955767831628838,0.3772537587686701,0.262449121403954,0.2111610059612955,0.4237648595617265,0.010772553768487686,0.4146726773080008,0.03744008764788048,0.46293113811516573,0.032825088816503645,0.380635337077533,0.030471458053422325
242,0.6186986986986986,3.315563828731552,3.102938477954959,3.1449498074781537,2.345920881376262,2.1792157315925684,2.173813973740766,1.266711295831088,1.1336262265814807,1.1034692451747925,0.3852885476278655,0.2701742153321279,0.2188804923895986,0.42361764732174045,0.010762321595471358,0.4146790689257242,0.03740486282849064,0.4625444431773563,0.03280602562189569,0.38065383124360225,0.030511233852491434
243,0.6191891891891892,3.32248295903621,3.1099424611230573,3.151998116048495,2.3527270492065813,2.1861846801540628,2.1809639334229787,1.2746616033012093,1.1413839012942129,1.1113543193356283,0.393294716147257,0.2778879425904063,0.2265960279362207,0.42347201378802435,0.010751997942778544,0.4146857781919328,0.037369717112531814,0.46215821347437575,0.03278854238334874,0.3806766498023137,0.030550528458286715
244,0.6196796796796796,3.3293997794890897,3.116942597112628,3.159043824125733,2.3595293332283074,2.193150181694916,2.188110619188994,1.2826185443614648,1.1491275610568137,1.1192315947253757,0.4012722257471786,0.28559025718118186,0.23430805649637446,0.42332795874878776,0.010741588458755953,0.41469275487091867,0.03733466568413509,0.46177264612630947,0.03277264379005714,0.3807035794566282,0.030589277738872284
245,0.6201701701701702,3.33631425180255,3.1239388571363365,3.166086903999181,2.3663280057496343,2.20011226134457,2.195254062280617,1.2905815756791237,1.1568570646092318,1.1271007130937518,0.40922086652430595,0.29328118619181714,0.2420168043965935,0.4231854960527238,0.01073109767134784,0.414699937659829,0.03729973104001052,0.4613879396813757,0.03275834008802366,0.38073446294074936,0.030627414283581882
246,0.6206606606606606,3.3432263360731755,3.1309312201318305,3.173127318471877,2.3731232792321255,2.207070945244182,2.2023942911292944,1.2985501300398479,1.1645722596072614,1.1349613316928167,0.41714052178031175,0.30096072363884235,0.2497224727685475,0.42304463727382124,0.010720530348659304,0.414707273690998,0.0372649296686399,0.4610042865813445,0.032745632395999855,0.3807691351132802,0.030664880873873434
247,0.6211511511511512,3.3501359935904063,3.1379196586049574,3.18016503265941,2.3799153778480604,2.2140262533715425,2.2095313326090293,1.306523648364652,1.1722729831251155,1.1428130652396984,0.4250310816391664,0.3086288118917164,0.2574254500421602,0.42290538838036196,0.0107098915000732,0.41471470909552327,0.03723027998895137,0.46062188635727364,0.03273452731461923,0.38080740369598504,0.030701613740166663
248,0.6216416416416416,3.3570431807701286,3.1449041502501403,3.187200015916952,2.3867045383593952,2.2209782060021666,2.2166652137450766,1.3145015576940065,1.179959150288169,1.150655599744795,0.43289248390891877,0.31628543189848546,0.26512583025734054,0.4227677628050005,0.010699186274602132,0.4147221887763101,0.03719580049960434,0.46024092081735285,0.032725024430605036,0.3808491261505544,0.030737567570367098
249,0.6221321321321321,3.3639478568069907,3.151884676821259,3.194232235436429,2.393490936797634,2.227926823483416,2.2237959593704084,1.322483303077739,1.1876306213046304,1.1584885829156202,0.44072462236345494,0.32393060107974525,0.27282396575527945,0.4226317634728642,0.010688418355088061,0.4147296674116339,0.0371615041011796,0.459861573559037,0.03271712279431004,0.38089411275253043,0.030772680569421906
250,0.6226226226226226,3.3708499777020746,3.1588612148184287,3.2012616559488967,2.400274790415688,2.234872132395721,2.230923593033355,1.3304682989304235,1.1952872554690432,1.1663116832585485,0.4485274507753233,0.33156425029292824,0.2805198789217588,0.42249740914280576,0.010677593936975233,0.41473709141687803,0.03712740745357115,0.4594840364197791,0.032710821385833144,0.38094222383276893,0.03080692040386138
251,0.6231131131131131,3.3777495012771213,3.165833743373235,3.208288254274915,2.407056261581169,2.2418141395903444,2.2380481371725622,1.3384559869843078,1.2029290052475998,1.174124569303524,0.45630098771765487,0.33918638169910265,0.2882137116401131,0.4223647053506062,0.010666717955694733,0.41474442056426597,0.03709352251526626,0.45910847282881073,0.0327061136977145,0.380993300166007,0.030840251402681654
252,0.6236036036036036,3.3846463821053216,3.172802242836821,3.215311993337589,2.413835588186747,2.2487528694149503,2.245169611115238,1.34644579483197,1.2105557496064603,1.1819269446224625,0.46404516652863675,0.3467969903859646,0.2959056458641423,0.42223366127204165,0.010655795261758154,0.41475159930462346,0.03705986775409256,0.4587350668454736,0.03270299938270143,0.38104718247488395,0.030872627154713343
253,0.6240940940940941,3.391540575395388,3.1797666996233263,3.2223328459654,2.4206128916582434,2.255688319178085,2.2522880369471436,1.354437154113222,1.2181674262990927,1.1897185046973227,0.47176007101214146,0.35439602021240935,0.30359575349346957,0.42210428444373843,0.010644831049785405,0.4147585948677107,0.03702645097858532,0.45836397422874353,0.03270146553945484,0.38110372097309275,0.030904025370308116
254,0.6245845845845845,3.398432036951185,3.186727090615819,3.2293507806937876,2.427388353735407,2.262620523264336,2.25940342767998,1.3624294956734608,1.2257639657382378,1.1974989458241794,0.4794456979101879,0.36198343968287483,0.3112841464575759,0.4219765841845146,0.010633830086089138,0.41476535978316287,0.03699328530733743,0.4579953645824613,0.03270150417906969,0.3811627680552706,0.030934413238001897
255,0.6250750750750751,3.4053207198247413,3.1936834046628837,3.2363657710715645,2.434162156893431,2.2695494727233725,2.2665158052718732,1.370422261747423,1.2333453135613897,1.2052680037460433,0.48710210325825065,0.36955924813216745,0.31897075307608563,0.4218505730475985,0.0106227981942056,0.41477185351196955,0.03696038409609476,0.45762939307537626,0.032703106974773834,0.3812241992128572,0.030963775869756023
256,0.6255655655655655,3.4122065784144597,3.2006356243387972,3.243377790112452,2.440934408321523,2.276475197809383,2.273625182704316,1.3784148910462102,1.2409114204072313,1.213025383619078,0.49472937742630957,0.3771234049664902,0.3266557321110426,0.4217262533530414,0.01061173975561633,0.41477804124709444,0.03692775282985512,0.4572662125674113,0.0327062571035124,0.38128785317316227,0.03099208814065636
257,0.6260560560560561,3.4190895664504195,3.2075837317374356,3.250386804398261,2.4477052918782154,2.2833976853609874,2.2807315738956992,1.3864068227069437,1.2484622626093675,1.2207708492468503,0.5023276584625433,0.3846759053450505,0.33433896798150375,0.4216036346506784,0.01060066144476375,0.414783882134488,0.03689540631866453,0.4569059685966189,0.03271094325428303,0.3813536085722813,0.031019345359635398
258,0.6265465465465465,3.425969636182399,3.2145277172474955,3.2573927948834043,2.4544749335948772,2.290316952121306,2.287834989164361,1.3943975069878867,1.2559978147434931,1.228504126097941,0.5098970061088034,0.3922167165782941,0.34202057863646945,0.42148272184174046,0.010589567079497786,0.41478934295063125,0.03686335142344508,0.45654880633176226,0.032717149730805195,0.3814213214128207,0.03104552335474895
259,0.6270370370370371,3.432846740308843,3.2214675655957863,3.2643957274267352,2.4612434493092454,2.2972330116849258,2.2949354411128295,1.402386401707848,1.263518056561839,1.2362249910948275,0.517437585675146,0.3997458328866594,0.34970037491248696,0.42136352544038896,0.010578462758673628,0.4147943891328136,0.03683159504707833,0.4561948600482024,0.03272485675916351,0.3814908822708797,0.031070628306899627
260,0.6275275275275275,3.439720832722492,3.2284032671867284,3.271395578627734,2.468010951889402,2.3041458585990515,2.3020329378247824,1.4103729606648714,1.2710229848432009,1.2439332208456795,0.5249495924541533,0.4072632155397136,0.3573783516728116,0.42124604829454854,0.010567353878862462,0.4147989925094635,0.036800144213454046,0.4558442583425555,0.03273404407389363,0.3815621573489574,0.03109465622870936
261,0.628018018018018,3.4465918645973295,3.235334807941527,3.2783923247196123,2.4747775650705788,2.3110554854448573,2.309127487821947,1.4183566598073958,1.2785126568659952,1.2516285821810595,0.5324331718167251,0.41476885069289415,0.36505443260877546,0.42113029618197023,0.010556245180903331,0.414803122461411,0.03676900705464889,0.4554971206140595,0.03274469276078006,0.3816350373264103,0.03111760433235019
262,0.6285085085085085,3.4534597885612692,3.2422621763675843,3.2853859456985437,2.481543376927838,2.3179619181184754,2.3162190976479704,1.4263369626607028,1.2859870429994897,1.2593108897432554,0.5398885295752417,0.4222627460435468,0.3727285165696519,0.4210162734209235,0.010545141992341809,0.41480675012495954,0.036738186723342496,0.4551535730944598,0.03275677698357175,0.3817093971521724,0.031139476467788575
263,0.628998998998999,3.4603245566423606,3.249185364628,3.2923764092051084,2.4883085047456737,2.324865136717556,2.32330777128752,1.4343133583960554,1.2934462031423242,1.2669799717485255,0.5473159458759845,0.42974489004899485,0.3804004428847568,0.42090398197698264,0.010534050578726577,0.4148098480620958,0.03670769143294138,0.45481372060516645,0.032770274432021976,0.3817851310542915,0.031160287236911957
264,0.6294894894894895,3.4671861210012405,3.2561043626740322,3.2993636948106944,2.495073020230536,2.331765142406109,2.330393512102195,1.4422853349149474,1.3008902083661018,1.274635607605807,0.5547156034122209,0.43721525264924194,0.388070155410884,0.42079342493985905,0.010522974957445525,0.41481239389959246,0.03667752390627478,0.4544776699609111,0.032785158890057224,0.3818621292853896,0.0311800377090028
265,0.62997997997998,3.474044434489828,3.263019161956612,3.3063477822779817,2.5018369961568867,2.3386619414217265,2.3374763223028165,1.4502523850811846,1.3083190735365506,1.2822776549071102,0.5620877862933689,0.44467384089488216,0.39573743403965805,0.4206846062897601,0.010511921009320661,0.414814364886594,0.036647686726952906,0.4541455247990261,0.032801401226618405,0.38194028968057175,0.031198747606668725
266,0.6304704704704704,3.4808994484639735,3.2699297529681814,3.3133286464724274,2.5086005262964783,2.3455555229478375,2.3445562034267784,1.4582140315095495,1.3157328828023296,1.289905979393357,0.569432814106188,0.45212067507555354,0.4034020826436766,0.42057752502610746,0.010500894672329548,0.4148157367346276,0.03661818532900504,0.45381737371387926,0.032818974772551655,0.3820195150672248,0.031216437992887026
267,0.630960960960961,3.487751115496923,3.2768361311114056,3.320306268709938,2.515363639747738,2.352445875638912,2.3516331536923487,1.4661697755830194,1.3231317582799424,1.297520415027634,0.5767509746350352,0.45955574412238204,0.4110639060403561,0.4204721826223947,0.010489900208711428,0.41481649689557243,0.03658901880254638,0.45349329755787143,0.032837844173455207,0.38209971510191476,0.031233125931025157
268,0.6314514514514514,3.4945993882221527,3.283738288779991,3.3272806254400678,2.5221264215038164,2.359333002772372,2.3587071700878917,1.4741191655182997,1.3305157517925874,1.3051208491062645,0.5840426018003805,0.46697904004776225,0.41872279827839654,0.42036857477053996,0.010478943260276496,0.41481662165952665,0.03656019123259674,0.4531733828891804,0.03285798261289721,0.382180783723366,0.031248830508379247
269,0.6319419419419419,3.5014442203011145,3.290636219482564,3.3342516985741137,2.5288889035935185,2.3662168911592683,2.365778250549908,1.482061726450997,1.3378849847572143,1.3127071787274003,0.5913080460768649,0.4743905966747619,0.4263784219354159,0.4202667032040121,0.010468028982438834,0.4148160983313414,0.03653170229114365,0.4528576981997589,0.03287935247729699,0.38226264808235355,0.031263582068405946
270,0.6324324324324324,3.508285563000489,3.2975299163577865,3.3412194667292168,2.5356511399950636,2.37309753999549,2.37284638936525,1.4899970153279058,1.3452395767326555,1.3202792975498001,0.5985476697189085,0.48179043518572046,0.4340306743595728,0.4201665592949616,0.010457162050274535,0.41481490889670225,0.036503553171742406,0.4525463125853632,0.0329019208503453,0.3823452053060187,0.03127739886844378
271,0.632922922922923,3.5151233709395635,3.304419376084948,3.3481839124149917,2.5424131589743744,2.3799749254413944,2.3799115786286142,1.497924590964662,1.35257965075124,1.3278371206644408,0.6057618401526286,0.4891785702932557,0.4416792250064213,0.42006814371254564,0.010446347614842425,0.41481304427700333,0.036475743796972174,0.45223928389141754,0.032925651593854764,0.3824283895762585,0.03129031434588743
272,0.6334134134134134,3.5219575973697475,3.3113045945503914,3.3551450187160743,2.549174998848095,2.386849046605359,2.3869738143059767,1.5058440381773415,1.3599053494142959,1.335380573558148,0.6129510285918452,0.4965550444884068,0.44932378443691845,0.4199714492815894,0.010435591943058714,0.41481048982658847,0.036448273659356496,0.45193666719902326,0.03295050885725687,0.38251211818001163,0.03130236881711282
273,0.6339039039039038,3.5287881967495527,3.318185565051178,3.3621027649480117,2.5559366497879727,2.393719888714251,2.3940330850874743,1.5137549372760362,1.3672168180069426,1.3429096175473862,0.6201156008567378,0.5039198707585156,0.4569641819418904,0.41987646780978466,0.010424897892267712,0.41480724018660686,0.03642113919330257,0.4516385026336718,0.032976449559719345,0.3825963156677797,0.03131358142895408
274,0.6343943943943944,3.5356151231717297,3.3250622895041095,3.3690571339061384,2.562698149041807,2.4005874369243085,2.4010893814564715,1.521656885207609,1.374514244879252,1.3504241934576975,0.627256030898519,0.5112730850458578,0.46460010366967197,0.41978319227682065,0.010414271064591701,0.41480328463251576,0.036394340347122224,0.45134483170883793,0.03300343608405536,0.3826809140117694,0.03132399166175593
275,0.6348848848848849,3.5424383310373537,3.3319347581211685,3.3760081101563766,2.5694594937570434,2.407451678504639,2.4081426918108613,1.5295495021878536,1.3817977653522928,1.357924268408793,0.6343727724251483,0.5186147709174151,0.47223127238322,0.4196916119350835,0.010403716406923733,0.4147986168474346,0.03636787415164418,0.451055690638583,0.03303142888897116,0.3827658354180664,0.03133363546854635
276,0.6353753753753754,3.549257776800487,3.338802970160259,3.382955680038813,2.5762207035050353,2.41431259960087,2.415193005070891,1.5374324063818097,1.3890676024251336,1.3654098277397517,0.6414663124566636,0.5259449196678415,0.47985731481475136,0.4196017221397858,0.010393238622497818,0.41479322921887957,0.03634173925154764,0.4507711037628023,0.033060385440270755,0.38285103956333677,0.03134255474430948
277,0.6358658658658658,3.5560734155896423,3.345666928169056,3.389899821120684,2.5829817592853113,2.421170189409355,2.422240304750385,1.545305247551072,1.3963239220336325,1.3728808686945935,0.6485371544568952,0.5332636358244739,0.4874780319982715,0.41951350435267665,0.010382841924217255,0.41478711907358246,0.036315930726342316,0.45049109145978494,0.03309026351146884,0.3829364401556267,0.0313507820230845
278,0.6363563563563563,3.5628852055452493,3.3525266253540886,3.3968405242633244,2.5897426377889103,2.4280244160848112,2.4292845794820854,1.55316767035309,1.4035669499145333,1.3803374220163767,0.6555857905576562,0.5405709583801802,0.4950931078839723,0.41942694719149876,0.01037252961614631,0.41478028767531055,0.03629044455469942,0.45021565841140593,0.03312101577378518,0.38302199174781054,0.03135835210914773
279,0.6368468468468469,3.5696931011484807,3.3593820604618494,3.4037777730401046,2.59650332264504,2.4348752806557483,2.436325813224097,1.561019351285092,1.4107968698875135,1.3877795005030442,0.6626127882451622,0.5478669670667365,0.5027021679554698,0.41934203745079357,0.010362307148841631,0.4147727304184018,0.0362652754871231,0.449944818442847,0.03315259964847825,0.3831076364937803,0.03136531490909124
280,0.6373373373373373,3.5764970629201405,3.3662332357246587,3.410711557885563,2.6032638234896868,2.441722755783046,2.4433639857854907,1.5688599669787187,1.418013951600614,1.3952071232102639,0.6696186750915339,0.5551517413116304,0.5103049750452445,0.4192587569891731,0.010352178091695413,0.41476444601180384,0.03624042237601289,0.4496785710866033,0.033184972537327655,0.3831933158366354,0.031371701838430896
281,0.6378278278278278,3.583297048536962,3.373080147032521,3.4176418564380238,2.6100240808513284,2.4485668211680816,2.45039908241093,1.576689215150774,1.4252183897344317,1.4026203624148157,0.6766040223730826,0.5624253427124619,0.5179011602148565,0.41917709049933644,0.010342146333349225,0.4147554381803941,0.03621587767888452,0.44941690777264537,0.03321808553914723,0.3832789864538666,0.03137755832750387
282,0.6383183183183183,3.590093016564474,3.379922794166101,3.4245686598790464,2.6167840577052544,2.4554074681152276,2.457431083580613,1.5845068059304666,1.4324104640092712,1.410019282996538,0.683569415207541,0.5696878815146713,0.5254904117740105,0.41909701738986416,0.01033221501813968,0.41474570906204444,0.0361916349522645,0.4491598111336108,0.03325188949617601,0.3833646007260213,0.03138292268528768
283,0.6388088088088089,3.596884928534137,3.3867611798438175,3.431491960543877,2.6235437419739966,2.4622446729416456,2.4644599689391247,1.592312471198068,1.4395903943589552,1.4174039557850948,0.6905154201756039,0.5769394410883584,0.533072419745067,0.4190185198702652,0.010322388058185746,0.4147352604953905,0.036167690885277055,0.4489072697678971,0.03328634240805118,0.3834501127149641,0.03138783503363263
284,0.6392992992992993,3.603672743583154,3.3935952991708938,3.4384117412918833,2.6303030538869008,2.4690784033209883,2.471485721770518,1.600105948850577,1.446758462634101,1.424774477492283,0.697442703575295,0.5841801349424156,0.5406468097831488,0.4189415740492318,0.010312669009025744,0.4147241020225686,0.03614403676742138,0.44865924816869307,0.03332139174122546,0.38353548058327974,0.03139234278046543
285,0.6397897897897897,3.6104564244658817,3.4004251561738488,3.4453279903264975,2.6370619938290067,2.4759086569553537,2.478508315321216,1.607886986252687,1.4539149441662986,1.4321309310506576,0.7043518261493129,0.5914100545758656,0.5482133643000496,0.4188661571508714,0.010303060382527299,0.41471223127678203,0.036120669914989946,0.4484157268947663,0.033356993641964434,0.38362065669976775,0.031396474294930546
286,0.6402802802802803,3.6172359335183417,3.4072507464013846,3.452240699833276,2.6438204532256835,2.4827354078285024,2.4855277332788694,1.6156553686985713,1.4610600927756385,1.4394734607129214,0.7112435035341933,0.598629346492807,0.5557716171395436,0.41879224497032325,0.0102935660723004,0.414699662875442,0.036097578635627285,0.4481766575555507,0.03339309460360313,0.38370561028490097,0.031400286522853385
287,0.6407707707707708,3.6240112339764345,3.414072077741247,3.4591498552960043,2.650578419690815,2.4895586355908232,2.4925439453437823,1.6234108714229465,1.4681942426910097,1.4468021838820302,0.7181183373768779,0.605838109584999,0.5633213603755203,0.41871981003241765,0.010284187702832721,0.4146863996621432,0.036074759950078084,0.4479419981834357,0.033429648061575765,0.38379030286800125,0.03140380534692868
288,0.6412612612612613,3.6307822902541567,3.4208891418744667,3.466055450912753,2.6573358055642435,2.4963783192349647,2.499556935710303,1.6311533018398086,1.4753176556542673,1.4541172372981448,0.7249770211071515,0.6130364689310587,0.5708622212196537,0.41864882603845094,0.010274928568927802,0.4146724524604098,0.036052204309595326,0.44771170095258506,0.03346660401127153,0.38387469973097954,0.03140707883934118
289,0.6417517517517517,3.6375490674013458,3.427701949162854,3.4729574765259326,2.664092556839797,2.503194433769056,2.5065666783023066,1.6388824709295347,1.4824306155750853,1.4614187715495917,0.7318201861094091,0.6202245963643038,0.5783939096046938,0.41857926411881646,0.010265790531343594,0.41465783145129576,0.036029904786094656,0.4474857151153201,0.03350391477768538,0.38395876212433244,0.03141013962206358
290,0.6422422422422422,3.6443115315808905,3.4345104925838665,3.479855917080637,2.6708486123631716,2.51000697169972,2.51357314742649,1.6465982115090183,1.4895334902288975,1.46870695953355,0.738648562922093,0.6274025993502886,0.585916104333677,0.41851109262799185,0.010256775650790365,0.4146425421975953,0.036007854523162575,0.44726397294624054,0.03354152805241766,0.38404246930072333,0.03141302790103749
291,0.6427327327327327,3.651069650163704,3.4413147759887677,3.4867507692643387,2.6776038677282474,2.516815894784728,2.52057631791386,1.6543003778492933,1.4966265597134116,1.47598198282867,0.7454628371518575,0.6345706673985237,0.5934284492405401,0.41844428063138217,0.010247885796018033,0.4146266043478032,0.03598604303417514,0.44704640441322835,0.03357939388396575,0.3841257918724997,0.03141578403993471
292,0.6432232232232232,3.6578233912188827,3.4481148011154676,3.4936420218591575,2.6843582957638192,2.5236211974925555,2.527576164251172,1.6619888219679952,1.5037101680556133,1.4832440220266858,0.7522637622629886,0.6417289293840593,0.6009307313344707,0.41837879096596703,0.010239123243555935,0.41461002033470673,0.03596446594893807,0.446832946564961,0.03361746514736347,0.3842086874652351,0.03141844147583512
293,0.6437137137137137,3.664572722856849,3.454910566714067,3.5005296683773315,2.691111774730221,2.5304228560719295,2.5345726612254613,1.6696634237838641,1.5107846065521997,1.4904932764284653,0.7590519905338378,0.6488775821886381,0.6084225806488076,0.41831459326468573,0.010230488627508206,0.41459280913359664,0.03594311107640656,0.4466235210517888,0.033655690013242916,0.38429114034630374,0.03142103566783418
294,0.6442042042042042,3.671317616129332,3.4617020755405696,3.5074137008689963,2.6978642490643363,2.537220848317062,2.541565782158566,1.6773240864767054,1.5178502616504228,1.4977299712242875,0.7658283152614156,0.6560167693498653,0.6159037579062904,0.41825164678546284,0.01022198347172531,0.4145749809221549,0.03592197242395882,0.44641803822600706,0.033694019701884605,0.3843731240613786,0.03142360180161455
295,0.6446946946946946,3.6780580429876064,3.4684893278918,3.5142941098037945,2.7046156200366798,2.5440151621533102,2.5485555019125092,1.6849706943895906,1.5249074521729233,1.504954306040509,0.7725934412888724,0.6631466985241355,0.6233740060274479,0.41818991364564256,0.010213608340867632,0.41455654998285685,0.03590103979570654,0.4462164200978561,0.03373240285492028,0.38445460203881004,0.03142616777174058
296,0.6451851851851852,3.6847939745083362,3.4752723245095796,3.5211708894651954,2.7113658348428045,2.550805758823728,2.5555417918878542,1.6926031929881846,1.5319565333834637,1.5121665296856819,0.7793481244270274,0.6702675305313861,0.6308329587247552,0.41812935877706536,0.010205364908323373,0.41453752880351996,0.035880308429846915,0.4460185697185038,0.033770795777301056,0.3845355741620259,0.0314287738794367
297,0.6456756756756756,3.6915253836025035,3.482051067593468,3.528044030927967,2.7181147715015546,2.557592641775624,2.5625246257507226,1.7002215015557236,1.5389978456182383,1.5193668845094996,0.7860931627172854,0.6773795100812361,0.6382804103152527,0.4180699349938511,0.010197253458133174,0.4145179334607174,0.03585976524720677,0.4458243934487252,0.033809143800840526,0.38461599192048584,0.03143144818699629
298,0.6461661661661662,3.698252245563147,3.488825556823719,3.5349135295527447,2.7248623510893113,2.564375778117001,2.569503975331447,1.7078255842787124,1.5460317769825018,1.5265556073554694,0.7928292480806771,0.6844827776765824,0.6457161019327387,0.41801160554322214,0.01018927351426442,0.41449777992479103,0.03583940329185728,0.4456337857375096,0.033847401276076605,0.38469585756927,0.03143421679344125
299,0.6466566566566566,3.7049745352908636,3.495595793623166,3.5417793785268175,2.7316084887918772,2.5711551572233944,2.576479817315718,1.7154154015206502,1.5530586425119282,1.5337329839183282,0.7995571981828368,0.6915775966036762,0.653139822465343,0.41795432148258244,0.010181425958805163,0.4144770809732186,0.03581921368536674,0.44544664816694085,0.03388552022984476,0.38477512641280176,0.0314371086798795
300,0.6471471471471472,3.711692229704458,3.5023617777850236,3.5486415684534696,2.73835308256187,2.5779307626992587,2.5834521207753856,1.7229909336057845,1.5600788419465648,1.5408992659273049,0.8062777714980166,0.6986641586733977,0.6605512779807636,0.41789804157889643,0.01017371048488683,0.41445585349808406,0.03579918700957221,0.44526286765186,0.03392345202942802,0.38485379489575733,0.0314401532796121
301,0.6476376376376376,3.718405305986133,3.5091235100882585,3.5555000993575927,2.7450960405289244,2.5847025752422303,2.590420858960748,1.7305521715170162,1.567092749764303,1.5480547601895214,0.8129917780414,0.7057426974573492,0.6679503575274808,0.41784271264356937,0.010166126294339592,0.41443411427886,0.03577931438506236,0.44508232690520205,0.03396114769711708,0.38493182532610193,0.03144336915361963
302,0.6481281281281281,3.7251137437581496,3.515880991984885,3.5623549611269554,2.75183728782408,2.5914705815344643,2.5973860067362065,1.7380991335500713,1.5741007116504606,1.5551997254617522,0.8196999600161653,0.712813434689838,0.6753367150780284,0.4177882959244447,0.010158674006443463,0.41441187551697023,0.03575958871001594,0.4449049193713359,0.033998566618256426,0.38500921840273117,0.03144678988515853
303,0.6486186186186186,3.731817522175959,3.522634220790244,3.5692061480773036,2.7585767211774,2.598234760601856,2.6043475361226913,1.7456318314714008,1.581103116242508,1.5623344814305913,0.8264031649474521,0.7198766150480009,0.6827102158293782,0.4177347359454437,0.010151352881620534,0.41438915501988527,0.0357400008738336,0.4447305187699299,0.03403565946850491,0.38508593977168704,0.031450435933787074
304,0.6491091091091091,3.7385166224315975,3.529383201397862,3.57605365645522,2.765314238038624,2.6049951136697085,2.611305420505559,1.7531503109398987,1.5881003485783658,1.5694593323985837,0.8331021548393718,0.7269324809459186,0.6900707483119062,0.41768198066667656,0.010144161154484393,0.41436596875107545,0.03572054028581341,0.4445590001777747,0.03407238047681917,0.38516196656748003,0.03145432288442572
305,0.6495995995995996,3.7452110266800105,3.53612793018176,3.5828974824027684,2.772049730066066,2.6117516073613274,2.618259633881092,1.760654619024269,1.5950927764487877,1.5765745873420771,0.8397977011829562,0.7339812760909769,0.6974180279299357,0.4176299843518235,0.010137098107013628,0.41434233732405723,0.03570119823911491,0.44439023452864435,0.0341086856627508,0.3852372978104957,0.031458476761013286
306,0.6500900900900901,3.751900718318858,3.5428684093423395,3.5897376152221603,2.7787831199166835,2.6185042479233167,2.625210150302153,1.7681448182895116,1.6020808074964332,1.5836805649812618,0.846490615486674,0.7410232799629174,0.704752028650158,0.4175786868346638,0.010130162166048572,0.41431827115376973,0.035681966882440075,0.44422409356503817,0.03414453124042661,0.3853118935417254,0.03146290842659293
307,0.6505805805805805,3.7585856810840137,3.5496046356834383,3.5965740567567743,2.785514327147558,2.6252530066549453,2.6321569436145107,1.775620984162856,1.6090647691575184,1.5907776100167756,0.8531817341289036,0.748058736816023,0.7120724820393342,0.41752803929599586,0.010123353783405009,0.4142937872762781,0.03566283981967594,0.4440604494795967,0.034179878300145405,0.3853857444042457,0.0314676484282878
308,0.6510710710710711,3.7652659010063068,3.5563366117951256,3.6034067989511844,2.7922432217720288,2.631997896110213,2.639099988335031,1.7830832036600415,1.6160450914953477,1.5978660336741628,0.8598718139143392,0.7550879150092766,0.7193793787248056,0.41747798271669034,0.010116669616261335,0.41426890356732693,0.035643804192176706,0.4438991616737688,0.03421467971056852,0.3854588232566158,0.03147270222883929
309,0.6515615615615615,3.771941366040162,3.5630643330256815,3.6102358353158834,2.798969746134441,2.638738883676766,2.6460392609230703,1.790531580065811,1.6230221410472148,1.60494620081627,0.8665616972340312,0.7621110995408118,0.7266725691320077,0.4174284598929576,0.010110109480859759,0.41424363314577256,0.03562485664684819,0.4437400928390516,0.03424889883349521,0.385531109378684,0.03147809055774955
310,0.6520520520520521,3.7786120612572396,3.5697878035096458,3.6170611655761644,2.8056937715285164,2.645475987206275,2.6529747367345835,1.7979662293775156,1.6299963180859869,1.612018446184894,0.8732521245280002,0.7691285550986378,0.7339519125320069,0.41737941852251814,0.010103670365566066,0.4142179940247235,0.035605983668116854,0.4435831001633987,0.03428249141785852,0.38560260083247216,0.0314838266036942
311,0.6525425425425425,3.7852779776355066,3.57650701836588,3.6238827803524707,2.812415235286042,2.652209171567633,2.6599063914989562,1.8053872772024395,1.636967974458945,1.6190831454152221,0.8799439180955064,0.7761405857913654,0.7412174649649396,0.417330792124269,0.010097351084355543,0.4141920005050927,0.03558718205108149,0.4434280424779863,0.03431542299335839,0.385673249938489,0.031489917794708826
312,0.6530330330330331,3.7919391043066306,3.5832219751741743,3.630700678542528,2.8191340070461575,2.6589384511026006,2.666834203997155,1.8127948556323896,1.6439375216098118,1.6261406343287605,0.8866378907553775,0.7831474668410578,0.7484690219044595,0.41728252698595364,0.010091149830594098,0.4141656703708508,0.035568439124392545,0.4432747726155905,0.03434765045308459,0.3857430560948738,0.03149638627919317
313,0.6535235235235235,3.7985954322497637,3.5899326775424165,3.6375148561573907,2.825850051308277,2.665663822425,2.6737581492477442,1.820189120315835,1.6509053243382263,1.633191275658674,0.8933348068867621,0.7901495109631441,0.7557066228054709,0.41723456049817886,0.01008506503611581,0.41413901150680116,0.03554975182976163,0.44312315347675796,0.03437914390135354,0.3858119855181178,0.03150323795020495
314,0.654014014014014,3.8052469547307246,3.5966391170305565,3.6443253077301447,2.8325632357286223,2.672385272469005,2.6806782083086,1.8275702210955134,1.6578717788817459,1.6402354597722675,0.9000354737610944,0.7971469981125284,0.7629302740319034,0.4171868283347871,0.010079093734344036,0.41411204471718166,0.035531109626705415,0.44297302570446406,0.034409860710760506,0.3858800154594899,0.031510480187036026
315,0.6545045045045045,3.811893663625662,3.6033412945490064,3.6511320297001237,2.8392734772512176,2.6791028089775253,2.687594357967361,1.834938339335173,1.664837245384028,1.6472735404189793,0.9067406472010338,0.8041402481652975,0.7701399198612983,0.41713927134438555,0.010073234267487817,0.4140847827052973,0.03551250474186155,0.4428242454339897,0.03443976953926534,0.3859471278640016,0.03151812651641125
316,0.6549949949949949,3.8185355546428106,3.610039208105955,3.65793501650399,2.8459807154126606,2.6858164307323404,2.694506583290387,1.84229365424954,1.6718021077514884,1.6543058928369034,0.9134511135792441,0.8111295680863019,0.7773355971101698,0.4170918252372427,0.01006748484619432,0.41405723484732665,0.03549393227785954,0.4426766657327271,0.03446883870654087,0.38601329496651254,0.03152618471556904
317,0.6554854854854855,3.825172621448198,3.6167328543527786,3.664734263789359,2.8526848561697293,2.692526131756963,2.7014148586867366,1.8496363496591113,1.6787667330225347,1.6613329160317423,0.9201676453490271,0.8181152682605364,0.7845173205054599,0.4170444261680753,0.010061843054981756,0.4140294172955027,0.03547538477471742,0.4425301309096863,0.034497033949430406,0.38607849538516653,0.031534662224345415
318,0.655975975975976,3.8318048620507303,3.6234222305168307,3.6715297694617286,2.8593857892644103,2.6992319198884664,2.7083191718020023,1.8569666323741638,1.685731509724805,1.6683549773438797,0.9268910165661882,0.8250976536629218,0.791685226939006,0.4169970054344486,0.010056306147551005,0.4140013456724263,0.03545685238964862,0.442384484987476,0.03452432178700117,0.3861426924591013,0.031543563604249314
319,0.6564664664664664,3.8384322736078142,3.63010733161561,3.6783215257466724,2.866083480827964,2.705933808102316,2.715219501864236,1.8642847128144107,1.6926967818125946,1.6753724740639966,0.9336219657939352,0.8320770559177071,0.7988392083031435,0.41694950619636634,0.01005087319438925,0.41397302375149403,0.035438332663908195,0.4422395841668633,0.03455067677843103,0.38620588468057615,0.03155290446590213
320,0.6569569569569569,3.845054855002495,3.6367881565138815,3.685109535317759,2.8727778272206415,2.7126317948042664,2.7221158365958162,1.8715908091032933,1.6996629221726989,1.6823857764651238,0.9403612412230407,0.8390538261920355,0.8059795108521417,0.41690185441577865,0.010045541182391553,0.41394446860525597,0.035419816642034765,0.4420952722762931,0.03457606857340762,0.38626801641228176,0.03156268235420585
321,0.6574474474474474,3.851672604254111,3.643464697269675,3.6918937863831838,2.8794687519389517,2.719325887514066,2.729008158185621,1.8788851491311231,1.7066302756610903,1.6893952956280918,0.9471095782442001,0.8460282456382918,0.8131061593099415,0.4168539884291464,0.010040308144180438,0.4139156896550686,0.03540129854008817,0.44195139432735947,0.03460046911250465,0.38632907933894,0.03157290788789429
322,0.657937937937938,3.858285523951234,3.650136956010248,3.6986742757643523,2.8861562026708576,2.7260160921919616,2.7358964536245147,1.8861679694154978,1.7135992263391286,1.6964013906670314,0.9538677195257675,0.8530006756902578,0.8202193575116653,0.4168058364583903,0.01003517226662259,0.41388669571684367,0.03538277412119831,0.44180779990158786,0.03462385497262924,0.3863890259423403,0.03158358344778447
323,0.6584284284284284,3.8648936145795183,3.6568049245473335,3.705451002468623,2.892840082801192,2.732702430245755,2.7427807109461178,1.8934395184910466,1.7205700955843444,1.7034044937917612,0.9606363786826517,0.8599714160156874,0.8273191367704185,0.4167573369904918,0.010030131235094277,0.41385749815150663,0.035364234734468765,0.4416643313072705,0.0346461975446906,0.38644785007377175,0.031594720242521135
324,0.6589189189189189,3.871496878468291,3.663468597326402,3.712223960789127,2.899520349289284,2.739384910812644,2.7496609190735564,1.900700046086496,1.7275432354201927,1.7104049705314994,0.9674162308840059,0.8669408340725051,0.8344057371111827,0.41670841927867486,0.010025183037133767,0.41382810217757987,0.035345677386640684,0.44152084200451064,0.03466747685394778,0.3865055060786554,0.03160631718840288
325,0.6594094094094094,3.8780953196324344,3.670127971672365,3.7189931475994364,2.906196933918857,2.746063539045676,2.7565370679380683,1.907949812662059,1.734518996366761,1.7174032104725094,0.974207998073493,0.8739092537813355,0.8414793590341081,0.41665901357304874,0.010020325936480057,0.41379851812336144,0.03532709680712852,0.44137717655952247,0.0346876706030709,0.3865619583741044,0.031618380445907035
326,0.6598998998998999,3.884688942681457,3.6767830403884543,3.7257585545456435,2.912869772074001,2.7527383347642407,2.763409147887281,1.9151890816568473,1.741497689097558,1.7243996202660063,0.9810123393908358,0.8808769973788082,0.8485401616385118,0.41660905488197636,0.010015557980731483,0.41376875228723975,0.035308487874543264,0.44123318510991416,0.034706757340436586,0.3866171838394627,0.03163091565981494
327,0.6603903903903904,3.8912777520178046,3.683433797101993,3.73252017905227,2.9195388006332847,2.759409333376703,2.770277150634092,1.9224181299066465,1.748479646566349,1.7313945954737608,0.9878299832240777,0.8878444316873239,0.8555883297235652,0.41655847234282184,0.010010878081331484,0.4137388092227143,0.035289844476994243,0.4410887169046169,0.03472471615513691,0.3866711427138698,0.031643933497550195
328,0.6608808808808808,3.897861754089124,3.6900802415864407,3.7392780167772295,2.926203988293391,2.766076532622069,2.7771410740485813,1.9296372388119993,1.7554651979366138,1.7383885047086296,0.994661510839585,0.8948118826648731,0.8626241876150301,0.41650719785988416,0.010006283968725221,0.4137086943690703,0.03527116488918992,0.44094362502598955,0.034741533310258046,0.38672379846255733,0.03165743018941516
329,0.6613713713713714,3.904440956117442,3.6967223595526995,3.746032062196278,2.932865261938677,2.772739956308882,2.784000909689802,1.936846687353893,1.7624546423006329,1.7453817508587224,1.0015075962579842,0.9017796819903958,0.8696479007068064,0.4164551649895269,0.010001774609890633,0.4136784142634142,0.03525244367416242,0.44079775910544206,0.03475718923449343,0.3867751235610862,0.031671417600481755
330,0.6618618618618619,3.9110153658093876,3.7033601512010184,3.7527823123975543,2.939522586063225,2.779399636797622,2.7908566555638825,1.9440467703316373,1.7694482888901324,1.7523747077065923,1.0083688497644172,0.9087481839583851,0.8766598150056891,0.4164023028009351,0.00999734842336468,0.41364797037283985,0.0352336770044298,0.44065097684596755,0.03477167039177931,0.3868250698356536,0.03168589688923209
331,0.6623523523523523,3.917584992244307,3.709993607037058,3.759528762306176,2.946175920055707,2.786055595982302,2.79770831068158,1.9512377833934758,1.7764464448720627,1.7593677749283954,1.0152458891098486,0.9157177112135246,0.8836601590373117,0.4163485454922497,0.0099930043069903,0.4136173647554228,0.035214862028765975,0.44050313026926274,0.03478496197366506,0.38687361319305935,0.03170087648733977
332,0.6628428428428428,3.9241498442245444,3.716622720418856,3.766271401306518,2.95282522654584,2.792707845050608,2.8045558726252224,1.9584200274872832,1.7834493870528938,1.7663613394219355,1.0221392871837094,0.9226886108115179,0.8906492633818877,0.41629382400783704,0.009988741096784973,0.41358660032745437,0.035195996725293076,0.4403540755873128,0.03479705305754692,0.38692071224891883,0.031716359671380485
333,0.6633333333333333,3.930709932620197,3.7232474844948156,3.773010232219705,2.959470435772081,2.7993564343562394,2.811399345377109,1.9655938003336282,1.790457406260728,1.7733557632091286,1.0290496602756627,0.9296612373869667,0.8976274803816305,0.41623806719177886,0.009984557715269697,0.41355568031214784,0.03517707363608239,0.4402036729578545,0.03480792810931926,0.3869663130499758,0.03173235359061525
334,0.6638238238238239,3.9372652680996962,3.729867892345307,3.779745241173403,2.9661115633192185,2.806001375665548,2.818238729700716,1.9727594194735159,1.7974707653106836,1.7803514308820707,1.0359775266450408,0.9366358939281422,0.9045951259800913,0.41618121165477606,0.009980453898211599,0.4135245991739643,0.03515809575880735,0.4400517867603331,0.034817583889046544,0.3870103906615116,0.031748864682078166
335,0.6643143143143143,3.94381586262899,3.7364839348987613,3.7864764292850057,2.972748555225602,2.8126427118598762,2.825074030480408,1.979917186718235,1.804489733815235,1.787348705899926,1.042923442018301,0.9436129442948921,0.9115526051271863,0.4161231864236683,0.009976428588814956,0.4134933583906219,0.035139057761598494,0.43989828075962856,0.03482600832485147,0.3870528886754343,0.03176589666532095
336,0.6648048048048047,3.9503617283128634,3.743095605943512,3.793203790387615,2.97938137736741,2.819280467123153,2.8319052527374264,1.9870674227966914,1.8115145755920858,1.7943479506212239,1.0498879131032728,0.9505927216544943,0.9185002078652466,0.4160639286358141,0.009972481410512157,0.41346195863453483,0.03511995711205715,0.43974301716513425,0.03483319472556194,0.387093780598,0.03178346049121066
337,0.6652952952952953,3.9569028781685778,3.749702896382707,3.7999273159789855,2.9860100449155964,2.825914680208839,2.8387324048068554,1.9942104452583298,1.8185455314543155,1.8013495608831456,1.0568714693813046,0.9575755425668264,0.9254384143708758,0.4160033675831613,0.009968612200654987,0.41343039022942846,0.03510079530684241,0.43958586685528017,0.03483913882989946,0.3871330125740691,0.03180155889040434
338,0.6657857857857857,3.963439326179122,3.756305797289821,3.8066470015490013,2.9926345052509578,2.832545389582292,2.8455554968124264,2.001346569331796,1.8255828327374928,1.8083538605086613,1.063874529439814,0.9645617474786939,0.9323675693556712,0.41594144269587874,0.009964820240560685,0.41339865383781405,0.03508156752102859,0.439426703245197,0.034843834914785335,0.38717055082151924,0.031820199575857085
339,0.6662762762762763,3.9699710864473694,3.762904301591252,3.8133628397030646,2.999254769376595,2.8391726232818884,2.8523745371859848,2.0084761189949156,1.8326267115906922,1.8153612133526302,1.0708976016226004,0.9715516591645252,0.9392881421290752,0.415878084850391,0.009961106181639248,0.41336674253433736,0.03506227533025394,0.4392654000263516,0.03484728227858204,0.38720634026516365,0.03183939046007347
340,0.6667667667667667,3.976498174600515,3.769498399882988,3.8200748273632037,3.0058707966258007,2.845796425103251,2.85918954013686,2.0155994149881007,1.83967738538961,1.8223719608927558,1.0779411245469313,0.9785455936387913,0.9462005254954684,0.4158132318683473,0.009957469926175275,0.41333465426434646,0.03504291472509633,0.4391018323744658,0.034849476273601555,0.38724034213085684,0.031859141802038186
341,0.6672572572572573,3.9830206050970993,3.7760880846477947,3.8267829544266876,3.0124826139534973,2.8524168374044607,2.8660005185035606,2.0227167842753446,1.8467350591397764,1.829386458673127,1.0850055175447055,0.9855438953014739,0.9531052206128222,0.41574681702017025,0.009953911920165055,0.4133023766775288,0.03502348797100262,0.4389358837014341,0.03485041912815746,0.38727250178779304,0.031879457788247675
342,0.6677477477477477,3.9895383950847965,3.7826733438356324,3.8334872185456015,3.019090207820074,2.8590339020930706,2.8728074881350034,2.029828543411953,1.853799946460615,1.8364050269160994,1.0920911559102726,0.9925468456590915,0.9600026426968991,0.4156787821975336,0.009950432336547195,0.4132699037709012,0.035003993910490507,0.43876743730071543,0.03485011001523218,0.38730278715325667,0.03190034743276366
343,0.6682382382382382,3.9960515601452977,3.7892541696057847,3.8401876100184604,3.025693576849005,2.8656476649689875,2.879610468067212,2.0369350220901703,1.8608721972721942,1.8434280031324612,1.0991984347030936,0.9995547746484059,0.9668933213909463,0.41560906191659414,0.009947032121047535,0.41323722607396096,0.03498443190379344,0.438596384068315,0.03484855240857782,0.3873311348902663,0.03192181911142193
344,0.6687287287287287,4.002560117944704,3.79583055291967,3.8468841229672863,3.032292731070805,2.8722581624040195,2.886409474327544,2.044036546491065,1.8679520278852804,1.8504556974032453,1.1063276998690352,1.0065679842187514,0.973777727853121,0.415537596258399,0.009943711841930986,0.4132043349471229,0.03496480315867969,0.4384226096192905,0.03484574972969354,0.38735750642181993,0.031943880609226843
345,0.6692192192192192,4.0090640856404605,3.8024024848285247,3.8535767501553346,3.0388876822698827,2.878865454708121,2.8932045302922154,2.0511334343490817,1.87503958741702,1.8574884364406976,1.1134792777038103,1.0135867808692816,0.9806563624782595,0.4154643259454203,0.009940472230087852,0.4131712167103077,0.03494510747761609,0.4382460128942922,0.034841705322932785,0.3873818525820372,0.031966539172946985
346,0.6697097097097097,4.015563480629175,3.808969954242311,3.860265484483063,3.045478431160697,2.885469569272887,2.8999956561271834,2.058226011272934,1.8821350416741878,1.864526511423519,1.1206534654411862,1.0206114544807854,0.9875297446856967,0.4153891922566612,0.009937314216332479,0.41313786426063137,0.03492534567482498,0.4380664875892968,0.034836425793952956,0.3874041264758436,0.03198980297808855
347,0.6702002002002002,4.022058322500347,3.815532951940172,3.8669503205810223,3.05206501915447,2.892070577658288,2.9067828787066703,2.0653145980407492,1.8892385268058411,1.8715702349232075,1.1278505650712096,1.0276423040213105,0.9943984258435404,0.415312136249178,0.009934239154353283,0.41310425807710394,0.034905519754014354,0.43788394255265745,0.034829918512473274,0.38742427268327934,0.032013679307680384
348,0.6706906906906906,4.028548628664285,3.8220914692077845,3.8736312511905093,3.0586474413175018,2.898668516950886,2.913566220935004,2.072399517183358,1.8963501695000542,1.878619883602852,1.135070832509594,1.0346795989710615,1.0012629345780544,0.4152331024986056,0.009931248231340296,0.41307039039744853,0.034885629207235244,0.4376982806725378,0.034822191563969214,0.3874422437011864,0.03203817814336282
349,0.6711811811811812,4.035034419075348,3.8286454927208347,3.8803082654950147,3.0652257549084014,2.905263444082048,2.920345711607052,2.079481080780137,1.9034701013470874,1.885675757204411,1.1423144877935603,1.0417236330576436,1.0081237773164673,0.41515203782468296,0.009928342793623065,0.41303623991643634,0.03486567869206386,0.4375094150282625,0.03481325468264001,0.3874579994614899,0.032063305374562937
350,0.6716716716716716,4.041515712476648,3.835195015800228,3.8869813591314775,3.0717999499457163,2.9118554082159522,2.927121378986885,2.0865596072023935,1.9105984282159236,1.892738113280401,1.1495817608702867,1.048774669371433,1.0149815704495815,0.41506888548642723,0.009925523959206376,0.41300179798497133,0.03484566628013619,0.4373172566841373,0.03480311654146778,0.3874714780576028,0.03208906831962634
351,0.6721621621621622,4.047992528446684,3.8417400262893073,3.8936505243393578,3.078370092007702,2.9184444656671262,2.933893254128917,2.0936354047865127,1.9177352548491322,1.8998072155623786,1.1568728463901548,1.055832965859033,1.0218368573486607,0.4149835946310795,0.009922793764843976,0.4129670424126472,0.03482559709534998,0.43712172980318037,0.03479179087119037,0.3874826332867106,0.03211547504394129
352,0.6726526526526526,4.054464887235087,3.8482805147936285,3.90031574977063,3.084936207999688,2.9250306715449836,2.940661370423839,2.1007087908359074,1.924880674459306,1.9068833219347971,1.1641878697621448,1.0628988029790272,1.0286901951464744,0.41489611540924,0.009920153191346624,0.4129319564214705,0.034805472653296664,0.4369227543311622,0.03477928980685698,0.38749142250111346,0.032142529967600225
353,0.6731431431431432,4.060932808657277,3.854816470728524,3.906977031242285,3.0914983131178007,2.931614083042861,2.9474257607419267,2.1077800605981603,1.9320347501356963,1.9139666888435682,1.1715270186630635,1.0699723942246364,1.03554220361767,0.4148063963249648,0.009917603821592139,0.41289652550426925,0.0347852931263228,0.4367202565070727,0.03476562344478002,0.38749778690284964,0.03217024005616577
354,0.6736336336336336,4.067396313758179,3.8613478834965775,3.913634359635624,3.098056492938771,2.9381947563832194,2.9541864615588325,2.1148495237273974,1.9391975632229472,1.9210575337824025,1.1788903823388233,1.0770540015202263,1.0423934327384845,0.4147143920716289,0.00991514788978235,0.4128607240454809,0.03476506532347641,0.43651417405053,0.03475081151468335,0.38750168412590846,0.03219861163325497
355,0.6741241241241241,4.073855421294422,3.8678747444374797,3.9202877253813244,3.1046107534411567,2.944772755249605,2.960943508766564,2.121917472385953,1.9463691500711635,1.9281560936275441,1.1862780424952462,1.0841438612109087,1.049244520678239,0.4146200544872145,0.009912786089936348,0.41282453684087367,0.03474478800091921,0.436304440393662,0.03473486507844008,0.387503057591625,0.03222764551659575
356,0.6746146146146146,4.080310153843682,3.874397039302329,3.9269371229893557,3.111161168616177,2.9513481275377345,2.9676969419601344,2.1289842090660245,1.9535495745732347,1.9352625732168303,1.1936900902646288,1.0912421819496707,1.0560959819168416,0.41452334240031025,0.009910521244336093,0.41278794092449117,0.0347244675559464,0.43609099622038694,0.03471780405333973,0.3875018721160272,0.032257353275968584
357,0.6751051051051051,4.086760530307152,3.8809147617339907,3.933582541435634,3.1177077931680115,2.957920937082727,2.974446802652949,2.136050010431074,1.9607388523781568,1.942377192762103,1.2011265314659814,1.0983491964132417,1.0629485566760626,0.41442420826921794,0.009908353719989342,0.41275091334637043,0.03470410685088195,0.43587379050521524,0.034699644135394454,0.3874980602107358,0.03228772534668371
358,0.6755955955955956,4.093206573088643,3.887427896864761,3.9402239742679668,3.124250669008327,2.9644912575394837,2.981193130459137,2.1431151633485186,1.967937026447696,1.9495001500136038,1.2085874157821244,1.1054651010764684,1.0698027224022373,0.41432261532426473,0.009906285663037475,0.4127134317987171,0.03468370802464482,0.43565276933790925,0.034680400706975076,0.38749159349828644,0.032318772758705296
359,0.6760860860860861,4.099648301844239,3.893936439801421,3.9468614091668406,3.1307898555921794,2.9710591316510784,2.9879359710671998,2.150179953427454,1.975144074524128,1.9566316142950992,1.2160727223107515,1.1125900879179937,1.0766591383851372,0.4142185234864865,0.009904318963231743,0.4126754752264603,0.034663275331826726,0.43542789149111016,0.03466009696859364,0.38748241440701453,0.03235049619597185
360,0.6765765765765765,4.106085738009765,3.900440376048383,3.953494840647993,3.13732543644123,2.977624633108347,2.994675367997444,2.157244640459914,1.9823600137597148,1.9637717574036002,1.2235824019774388,1.1197243428869914,1.083518388423702,0.4141118979303638,0.009902454989653123,0.41263701478132375,0.03464281439302729,0.4351991210619097,0.034638751876989386,0.3874704835706757,0.03238289329778855
361,0.6770670670670671,4.112518902403069,3.9069396987436074,3.9601242604303217,3.1438574608323937,2.984187824908602,3.001411367582642,2.164309498849509,1.9895848230899424,1.97092075570157,1.231116436066159,1.1268680568097242,1.0903811270454522,0.41400269907742865,0.009900695226310091,0.412598028324091,0.03462232757447534,0.43496641880535086,0.034616384879812175,0.38745574352687007,0.032415963290381856
362,0.6775575575575575,4.118947815916125,3.9134343934985467,3.966749655517352,3.1503859847704576,2.9907487685614664,3.0081440167815403,2.171374783289951,1.996818484748726,1.9780787599060716,1.2386747248191035,1.1340213866908742,1.09724795553537,0.41389089481527763,0.009899040626735542,0.4125584911048685,0.034601818648172404,0.434729752414045,0.03459301540267216,0.38743815506066387,0.0324497018595227
363,0.678048048048048,4.125372499819654,3.919924454646701,3.9733710229635184,3.156911098966718,2.99730752373413,3.014873367862322,2.178440751026307,2.0040609620082512,1.9852458932833197,1.2462571299594396,1.1411844853050825,1.1041194647733612,0.41377645735928476,0.009897492643813297,0.41251837562007415,0.03458129350982704,0.43448910145634795,0.034568668898016304,0.3874176803024111,0.03248410519533326
364,0.6785385385385385,4.131792974231846,3.9264098682581277,3.979988347200307,3.1634328706686525,3.003864160104951,3.0215994685125382,2.185507648636828,2.0113121985677553,1.9924223050587808,1.253863578636992,1.1483575103477328,1.1109962524258894,0.4136593544187088,0.009896053016199722,0.41247765378625056,0.0345607564422773,0.4342444435096982,0.03454336638241452,0.3873942695965142,0.032519171789187465
365,0.6790290290290291,4.138209260121851,3.9328906272928124,3.9866016223372456,3.169951364726469,3.010418741037295,3.0283223710934273,2.192575715690908,2.0185721580714655,1.9996081088304682,1.2614938904590007,1.1555405859787697,1.1178789857161253,0.4135395578354602,0.009894721753280655,0.412436300626232,0.034540210929616184,0.4339957588517958,0.034517129386800675,0.3873678803562412,0.032554888407528654
366,0.6795195195195195,4.144621378476686,3.939366719311942,3.993210840786654,3.176466674734761,3.0169713273069827,3.0350421293472,2.199645177521987,2.025840754823095,2.006803398466975,1.2691478866861312,1.1627338271565968,1.124768181547437,0.41341704760479386,0.009893500692287593,0.4123942861516802,0.03451966364367187,0.43374304380660955,0.03448998416759966,0.38733848078881994,0.03259125245035989
367,0.6800100100100099,4.151029348868875,3.9458381378542,3.999815988917575,3.182978873262135,3.0235219907415174,3.0417587971234252,2.20671626752207,2.0331179174788976,2.014008291439697,1.276825372457845,1.169937369600821,1.131664500812943,0.4132917963938103,0.009892389840109497,0.4123515815883521,0.03449911828793154,0.4334862866085267,0.034461953159007276,0.3873060242463134,0.032628249147155314
368,0.6805005005005005,4.157433192348759,3.9523048705819024,4.0064170601360365,3.1894880398082575,3.030070793580656,3.0484724297837364,2.2137891957797287,2.0404035514769423,2.021222852090555,1.2845261301449376,1.1771512948648246,1.1385685295559484,0.41316378500214945,0.009891390119217637,0.4123081587096585,0.034478580068683116,0.4332254897522063,0.03443306179975876,0.3872704716278981,0.032665868729202185
369,0.680990990990991,4.163832928217569,3.9587669086441526,4.013014046945127,3.195994259632187,3.0366178006436315,3.0551830853304134,2.2208641774503333,2.0476975574085907,2.0284471659321475,1.2922499120057498,1.1843756948175486,1.1454807924021715,0.41303299764208506,0.00989050205072984,0.4122639878204031,0.03445805404157051,0.43296065422512425,0.03440333523901599,0.38723179868638163,0.0327041009861735
370,0.6814814814814815,4.170228577411943,3.965224244484346,4.019606933782396,3.2024976268630567,3.043163078324568,3.0618908208466316,2.2279414089636687,2.054999832623713,2.035681279915328,1.2999964474245218,1.1916106632320544,1.152401935526326,0.41289941494889854,0.00988972562535512,0.412219037102891,0.03443754632919258,0.43269179115621015,0.03437279992897441,0.3871899578518238,0.03274292627423375
371,0.6819719719719719,4.176620158383153,3.9716768684669743,4.026195716726794,3.2089982300290867,3.0497066880662236,3.0685956953334297,2.235021087082073,2.062310257375004,2.042925260936102,1.3077654563996435,1.1988562413899548,1.1593325135177264,0.41276302435898854,0.009889060840875723,0.4121732770139068,0.03441706228915029,0.43241890996400567,0.03434148154921272,0.387144924230714,0.03278232931104843
372,0.6824624624624624,4.183007691513783,3.9781247708294756,4.032780385919378,3.2154961297703726,3.056248708402968,3.0752977669286357,2.242103389468225,2.0696286989711825,2.0501791331658374,1.3155566564357193,1.2061124926167361,1.166273084392305,0.4126238130449565,0.009888507576500803,0.4121266790997479,0.0343966042304944,0.4321420292029502,0.03430940355368377,0.38709665877950666,0.03282229419363614
373,0.682952952952953,4.189391195349941,3.984567942139557,4.039360930021102,3.2219914565557857,3.062789181854825,3.081997099035475,2.2491884973346123,2.0769550241671144,2.057442932803477,1.3233696620116255,1.213379460699933,1.1732241998821333,0.4124817739937381,0.009888065188177753,0.4120792088170146,0.03437618240903854,0.4318611709099888,0.03427659717786972,0.3870451432821272,0.0328627958422883
374,0.6834434434434434,4.19577068883851,3.9910063772118187,4.045937337338136,3.228484273205517,3.0693281898666838,3.0886937526063845,2.256276574908467,2.0842890776576244,2.0647166595917934,1.3312041480628238,1.220657163616592,1.18018640641697,0.4123368997460194,0.009887733064229683,0.41203083675675206,0.03435579860077327,0.4315763635390376,0.0342430869221149,0.3869903443445961,0.032903815416679964
375,0.6839339339339339,4.202146190762553,3.997440064337269,4.052509605061196,3.2349746878768815,3.0758657891077505,3.095387789817321,2.2633677815316604,2.0916307033781454,2.072000337396204,1.3390597564547573,1.2279456344688473,1.1871602295809105,0.4121891846704358,0.009887510497541274,0.4119815306743765,0.03433546025696305,0.4312876360227596,0.034208900654915254,0.38693223686339656,0.03294532889438039
376,0.6844244244244244,4.2085177183532645,4.003868996742283,4.059077715630019,3.2414627878850126,3.082402049813628,3.102079274477035,2.2704622632549953,2.0989797491359297,2.0792939431679898,1.3469360639414212,1.2352448607331707,1.1941462224160955,0.41203862699252114,0.00988739557726006,0.41193125749660037,0.03431517199585782,0.430995024632004,0.03417406489399426,0.3868707996357985,0.03298730628833366
377,0.684914914914915,4.214885290990729,4.010293168179733,4.0656416646262405,3.2479486678296365,3.0889370268056573,3.108768271358327,2.2775601619798373,2.1063360302417475,2.0865974698280794,1.35483272323361,1.24255483448431,1.2011448211864333,0.41188522739348454,0.009887388160720002,0.4118799874772518,0.03429493971397626,0.4306985675934874,0.03413860763616932,0.3868060137097136,0.03302972975642395
378,0.6854054054054054,4.221248924713688,4.016712568753851,4.072201440352741,3.2544324267312477,3.095470789205081,3.115454843571674,2.2846616073431085,2.1136993509871345,2.093910869865796,1.362749241339446,1.2498755601674978,1.2081565766428621,0.41172898792260376,0.009887485736410438,0.4118276863350987,0.03427476912746159,0.4303983148271071,0.03410255830480267,0.3867378536374379,0.03307256234068328
379,0.6858958958958958,4.227608637207481,4.023127194372599,4.078757036273844,3.260914159272619,3.102003397577394,3.122139058168119,2.291766720528493,2.121069545752845,2.101234117347255,1.3706852039491995,1.2572069655968108,1.2151819308585576,0.4115699150524456,0.00988768650262179,0.41177432291071575,0.0342546654477796,0.430094308701005,0.03406594250132052,0.386666315662763,0.03311577688479291
380,0.6863863863863864,4.233964444747502,4.029537034343108,4.085308440198445,3.2673939635593547,3.108534909332249,3.128820981185416,2.2988756147456306,2.128446398599826,2.108567157787794,1.3786401613354995,1.2645490340640932,1.222221442291387,0.41140800998273896,0.009887988246976958,0.41171986417432993,0.03423463494142543,0.4297866040473331,0.03402878963448153,0.3865913637050222,0.03315933672827885
381,0.6868768768768769,4.240316364381929,4.035942083168144,4.091855641311738,3.2738719398374516,3.1150653878021735,3.1355006784365975,2.3059883900324567,2.1358297230693624,2.115909913408836,1.3866135922188472,1.271901683501522,1.2292753939598065,0.4112432923549713,0.009888388874011441,0.41166427702467856,0.03421468338263164,0.4294752578442118,0.03399112765248047,0.38651302036627694,0.03320321503447083
382,0.6873673673673674,4.246664410767324,4.042342336067225,4.098398631926291,3.280348173563666,3.1215948851832547,3.1421782176348496,2.3131051404485046,2.1432192733603577,2.123262334988369,1.3946050439687172,1.2792648553653974,1.2363443307150874,0.411075766683843,0.009888885542886432,0.41160753204882367,0.034194815336221374,0.42916032891387645,0.03395298391738869,0.386431251678818,0.0332473726908635
383,0.6878578578578578,4.25300860027597,4.048737785413656,4.104937404494928,3.2868227856781767,3.128123471824711,3.148853665698648,2.3202259488928036,2.150614859980757,2.130624317838426,1.4026139780254407,1.286638467191366,1.24342863073469,0.41090545036463966,0.00988947532035467,0.41154959204083424,0.034175038035602276,0.4288418852218014,0.033914387797218656,0.3863460622122295,0.03329177252182073
384,0.6883483483483483,4.259348947552207,4.05512842573394,4.111471947243256,3.2932958412313402,3.134651199052927,3.1555270907866175,2.327350890050433,2.158016229172834,2.1379957791228983,1.4106398926077404,1.29402241573523,1.2505287355254169,0.4107323568487572,0.009890154843479335,0.4114904299095783,0.034155354389700035,0.42851999139739283,0.033875365180131824,0.3862574377230884,0.033336376188310896
385,0.6888388388388388,4.265685466566305,4.061514251396017,4.118002252767041,3.299767462726218,3.1411781189170855,3.1621985609395744,2.334480024651578,2.165423168112794,2.1453766023397756,1.418682224588794,1.3014165911498876,1.257644946621131,0.41055650970840835,0.00989092103977658,0.4114300106713196,0.03413577231572136,0.42819472144279197,0.03383594591423419,0.38616539309965225,0.0333811464043851
386,0.6893293293293293,4.272018171460357,4.067895257795341,4.124528309729889,3.3062377397508547,3.1477042913352724,3.168868143323808,2.3416134104614623,2.1728354350033854,2.1527666740288027,1.4267404353863735,1.3088208827557588,1.2647776725748163,0.4103779267626181,0.009891770061680691,0.4113683026991031,0.034116296380951275,0.4278661497909629,0.03379615722993699,0.38606992012167346,0.03342604060176747
387,0.6898198198198198,4.278347075515859,4.074271438821723,4.131050110533222,3.312706769326003,3.1542297721238133,3.1755359074528346,2.3487510902234106,2.1802527774848106,2.16016588710106,1.4348139424041633,1.3162351376133536,1.271927199827617,0.4101966353003986,0.009892697892728446,0.4113052737425298,0.034096931892869525,0.4275343544782527,0.03375602558149493,0.38597103795446164,0.03347101818017253
388,0.6903103103103103,4.2846721923801185,4.080642790936963,4.137567646291795,3.3191746351336824,3.1607546010146694,3.1822019228319762,2.3558931066958286,2.1876749398085744,2.1675740853917205,1.4429021826921735,1.3236592250453298,1.2790938755227486,0.4100126585593728,0.009893700784060754,0.4112408960508421,0.03407768370675204,0.4271994168732386,0.03371558042758972,0.3858687433160824,0.0335160378278774
389,0.6908008008008008,4.290993533854949,4.087009309530055,4.144080906906133,3.3256414515588038,3.167278847725557,3.1888662533743464,2.36303947488955,2.1951016819402986,2.1749911278995167,1.451004545255832,1.3310929612857512,1.2862780036471158,0.40982602661639345,0.00989477385489446,0.41117513329901145,0.034058557928681066,0.4268614258673953,0.03367484778720024,0.38576305426577306,0.033561051839665554
390,0.6912912912912913,4.297311111531861,4.093370991469245,4.1505898837153765,3.332107297725179,3.173802544708965,3.1955289725925007,2.370190215987008,2.202532726795065,2.182416869143137,1.4591204451750905,1.3385362071941926,1.2934798196632424,0.4096367691723272,0.00989591301451958,0.4111079586635688,0.034039559000661,0.42652046636133506,0.03363385485964258,0.3856539834290752,0.03360601964307661
391,0.6917817817817817,4.303624937422144,4.099727831289521,4.1570945702108295,3.338572269871329,3.1803257518206216,3.202190146085009,2.377345342213265,2.2099678115668158,2.18985113829213,1.4672492601961542,1.3459887592589848,1.3006996306304461,0.40944491806581584,0.009897113143107601,0.4110393400566323,0.03402069185821387,0.4261766314539358,0.03359262915807065,0.3855415448908396,0.03365089287525268
392,0.6922722722722723,4.309935021935752,4.106079826851503,4.163594955363379,3.345036461318793,3.186848508938952,3.208849841524108,2.3845048438077483,2.2174066700796624,2.197293774692848,1.4753903764482628,1.353450434054236,1.3079376023358666,0.4092505098313792,0.009898369591198778,0.4109692479996327,0.03400196188980419,0.42583001342731874,0.033551196038223055,0.3854257668685396,0.03369562856603332
393,0.6927627627627627,4.316241375454744,4.112426974634312,4.170091030389949,3.351499962257303,3.193370862336368,3.2155081272796497,2.391668715835538,2.224849022557038,2.204744581521563,1.4835431280442637,1.3609210193120291,1.3151939275602438,0.40905358408716236,0.009899677139193838,0.41089765256187866,0.033983373867901165,0.4254807116433145,0.03350958369178742,0.3853066788709098,0.033740180312909165
394,0.6932532532532533,4.322544007401922,4.11876927332436,4.176582788397461,3.357962860576736,3.1998928488021186,3.2221650706319314,2.3988369316778697,2.232294607814572,2.21220338588382,1.4917069332347463,1.368400299222513,1.322468841737618,0.4088541747469476,0.0099010305859755,0.41082452613045084,0.03396493259026017,0.42512882058370305,0.033467815878769326,0.3851842955811036,0.03378450062695595
395,0.6937437437437437,4.3288429275176545,4.125106717966813,4.183070220346302,3.364425250913187,3.2064145216457933,3.2288207382124985,2.4060094673721673,2.2397431172403754,2.2196699922498544,1.499881091862435,1.3758880419288642,1.3297624940174835,0.40865232637677595,0.009902424131903557,0.4107498370262732,0.033946642958111846,0.4247744477626376,0.03342592001637459,0.3850586538794627,0.03382854024969464
396,0.6942342342342342,4.335138143282573,4.1314393092942465,4.189553317943222,3.370887202898967,3.2129359077129354,3.2354751961162105,2.413186282234408,2.247194276796712,2.227144180330529,1.5080649764575826,1.3833840118722653,1.3370749691912809,0.40844808287013673,0.009903852829300844,0.41067356170294705,0.03392850837585988,0.42441769416568903,0.033383920913759725,0.3849297889765901,0.03387225805748656
397,0.6947247247247247,4.341429663644476,4.137767044661139,4.196032073703249,3.37734881558664,3.2194570514748486,3.2421285109551254,2.4203673291200274,2.2546478105087715,2.2346257445381283,1.5162579045717337,1.390887962131728,1.3444063946930709,0.4082414896991259,0.009905310494516442,0.41059566956896887,0.03391053432628157,0.4240586667513388,0.033341843513567004,0.3847977404263322,0.033915602829218315
398,0.6952152152152152,4.347717495690762,4.1440899225806165,4.202506477916203,3.3838101601092263,3.225977988171382,3.2487807469836563,2.4275525549701586,2.262103416996204,2.242114472144659,1.5244592152091745,1.3983996248126005,1.3517568429235731,0.40803259456280505,0.009906791417247861,0.4105161353285761,0.0338927241261076,0.42369747232627936,0.033299711783558096,0.38466255011240164,0.03395852955025256
399,0.6957057057057057,4.354001646222112,4.150407941984372,4.208976526110862,3.3902713217058245,3.232498748491275,3.255431969173589,2.434741892934683,2.269560813665358,2.2496101392965984,1.5326682434250263,1.405918727677989,1.3591263746744013,0.4078214464952051,0.009908289710780786,0.4104349329764363,0.03387508239595216,0.42333422007169685,0.03325754958059844,0.3845242619119848,0.03400099126480428
400,0.6961961961961962,4.3602821213049445,4.156721102822444,4.215442208354543,3.396732375528765,3.2390193632945534,3.2620822419222355,2.4419352732300776,2.277019699079489,2.2571125007836508,1.5408843168971957,1.4134449835419547,1.3665150327192221,0.4076080965301931,0.009909799627603263,0.41035203727629155,0.03385761284131678,0.42296902389438173,0.03321538178510202,0.3843829192985097,0.03404294301840025
401,0.6966866866866867,4.3665589267511695,4.163029405219987,4.221903517326566,3.4031933965892467,3.245539866267193,3.268731626694652,2.449132610214927,2.284479780720978,2.264621332128902,1.5491067471356739,1.4209781143300009,1.3739228130683485,0.40739259794571187,0.009911314756379292,0.41026742339433697,0.03384031898877893,0.4226019956683289,0.03317322973330397,0.3842385755335973,0.03408433716183611
402,0.6971771771771772,4.372832067640382,4.1693328478588745,4.228360444924189,3.4096544663692225,3.2520602797507507,3.2753801843539483,2.4563338205309395,2.2919407678345607,2.2721363755261517,1.5573348438985992,1.4285178151451048,1.381349661382894,0.40717500766352127,0.009912829462852815,0.4101810668612789,0.03382320566699739,0.42223325071412293,0.033131118378525316,0.3840912910649618,0.034125131592607265
403,0.6976676676676676,4.379101548548955,4.175631431571873,4.234812986443436,3.416115644678149,3.258580629693141,3.282027979026645,2.4635388056692062,2.299402357109456,2.279657385197484,1.5655679339807538,1.436063771563493,1.3887955792191766,0.4069553800835655,0.009914337315575701,0.4100929460812845,0.03380627511506223,0.4218629044790348,0.03308906851024251,0.3839411148918875,0.034165279791850536
404,0.6981581581581582,4.38536737303994,4.181925157000342,4.241261132162833,3.422576999234863,3.2651009351954134,3.288675069585391,2.470747463939236,2.3068642516426823,2.2871841073754666,1.5738053126837772,1.4436156726588365,1.3962604033167947,0.4067337777175772,0.00991583254838807,0.41000303916452224,0.033789530895234975,0.42149107249313317,0.033047102128103134,0.3837881232365575,0.034204742854474564
405,0.6986486486486486,4.391629544590551,4.1882140236390155,4.2477048764261705,3.429038599096894,3.2716212234129274,3.295321513339509,2.477959680443214,2.3143261610274917,2.2947162681233384,1.582046310992577,1.4511731787169797,1.403744131468793,0.40651025640886873,0.009917308757210266,0.4099113234977891,0.033772976272054146,0.42111787531128747,0.03300524052924212,0.38363236411672347,0.034243473978331454
406,0.6991391391391392,4.397888066396913,4.194498035797755,4.25414421261941,3.4355004987392097,3.2781415117897446,3.301967368759051,2.4851753419264964,2.3217877802382643,2.3022536159338114,1.5902902053087669,1.4587359588419486,1.4112465831113896,0.4062848814178139,0.00991875949452717,0.409817780334455,0.03375661330380256,0.42074342877092974,0.032963503618761936,0.3834739193636852,0.03428143227271577
407,0.6996296296296296,4.404142939443944,4.200777193324558,4.260579134911119,3.441962771148674,3.284661809467454,3.3086126925231,2.492394317952168,2.3292488182399955,2.309795883833861,1.5985363530461403,1.4663036725126959,1.4187676425284448,0.40605771222432957,0.009920179218765349,0.4097223888564614,0.0337404463583133,0.42036785262912213,0.03292191205799935,0.3833128483858078,0.03431857846917362
408,0.7001201201201201,4.410394166543152,4.207051498233673,4.267009635825497,3.448425468579204,3.291182133477054,3.315257538629421,2.499616481967368,2.3367089783511434,2.3173427752044446,1.606784036608507,1.473875965193529,1.4263070595553762,0.4058288183455775,0.00992156223472322,0.40962513083317936,0.03372447764588427,0.4199912689423209,0.03288048686266132,0.38314923839565107,0.03435487807005082
409,0.7006106106106106,4.41664174824767,4.213320953011855,4.273435708372346,3.45488864200673,3.297702491527988,3.321901961572946,2.506841691613014,2.3441679684178673,2.3248940276719114,1.6150325768862122,1.4814524840535959,1.4338646974702136,0.4055982620912833,0.009922901938412878,0.4095259893082153,0.0337087094792008,0.4196137949797175,0.03283924534126565,0.3829831576897721,0.03439028810030231
410,0.701101101101101,4.422885684439568,4.219585558329619,4.279857346213649,3.4613523301452322,3.304222896795316,3.32854601377419,2.5140698013151552,2.351625484647403,2.3324493499439387,1.6232812924377351,1.4890328509693485,1.441440281980489,0.4053661133710589,0.009924192868346001,0.4094249483436878,0.033693142892141585,0.4192355530630446,0.032798205502834916,0.38281469214244906,0.03442477737016746
411,0.7015915915915916,4.429125976036785,4.22584531870419,4.286274545847734,3.4678166018628813,3.3107433556971726,3.3351897449662045,2.5213006663381274,2.3590812401678574,2.340008463202842,1.6315294981792712,1.4966167036831421,1.4490335918235657,0.4051324394579495,0.009925429138012854,0.4093219901210924,0.03367778183795126,0.41885666413529504,0.03275738719218095,0.38264392255834606,0.03445830869146236
412,0.7020820820820821,4.435362621758442,4.232100236590907,4.292687299162239,3.4742814891588534,3.317263863910568,3.3418332050164135,2.5285341232622365,2.366534955284142,2.347571076371839,1.6397765095648336,1.5042036548295696,1.4566442936284463,0.40489731283235525,0.009926605136487014,0.40921710241047793,0.03366262760309176,0.4184772457071713,0.032716805907496004,0.38247094608781085,0.03449085183258849
413,0.7025725725725726,4.441595620395645,4.238350314677079,4.299095602359417,3.4807470254664565,3.3237844285758866,3.3484764407145398,2.5357700165217825,2.373986334801743,2.35513689624555,1.6480216508676337,1.5117933279737281,1.4642721456314243,0.4046608016227345,0.00992771488088769,0.40911027222893687,0.03364768094466581,0.418097418125874,0.03267647847305258,0.38229584234567937,0.034522372310848724
414,0.703063063063063,4.447824970393679,4.244595557343232,4.3054994486820775,3.4872132676854126,3.330305046586599,3.3551194990917423,2.5430081752595854,2.3814350909404025,2.3627056289311934,1.6562642808297052,1.5193853315049297,1.4719167639056634,0.40442297954256884,0.009928754055458988,0.4090014844115239,0.03363294520941523,0.41771730492713005,0.03263642254665318,0.3821187074941988,0.034552847510501625
415,0.7035535535535535,4.454050669536395,4.250835967769092,4.311898834152593,3.4936802272478817,3.336825713581848,3.3617624233275136,2.5502484292732444,2.388880938073716,2.3702769845355323,1.6645037056302052,1.5269792701171163,1.4795778424712003,0.4041839185725679,0.009929716317560447,0.40889073124736264,0.033618419812021,0.41733702133980977,0.03259665153965928,0.38193963554145083,0.034582244145863306
416,0.7040440440440441,4.460272714513337,4.257071549288606,4.31829375205124,3.5001479606292145,3.343346420819046,3.36840525494573,2.5574906008268194,2.39632361449457,2.377850653827604,1.6727392629022724,1.5345747343037364,1.4872549395752064,0.4039436962881594,0.00993059729884191,0.4087779988458527,0.03360410847165973,0.4169566886667998,0.03255718271241786,0.3817587372256124,0.03461054137291744
417,0.7045345345345345,4.466491102161618,4.263302307298106,4.324684198058757,3.5066164626074174,3.349867164260471,3.3750480353201646,2.564734508783973,2.403762824765331,2.3854263475090365,1.6809703288385052,1.542171333168115,1.4949477131539788,0.40370238307446965,0.009931391751303252,0.40866328225605475,0.03359000888478335,0.41657642242846377,0.03251802727584109,0.38157609808755893,0.034637714660193775
418,0.705025025025025,4.4727058288866015,4.269528244162588,4.3310701680254295,3.5130857794689936,3.356387929802275,3.381690802974048,2.571979970434889,2.4111983014115888,2.393003766000003,1.6891962330792185,1.5497686555685246,1.5026557145096942,0.40346005703110344,0.009932095028769641,0.4085465704635019,0.03357612425507757,0.41619634139999045,0.03247920115723927,0.3813918311068554,0.03466374241136397
419,0.7055155155155155,4.4789168900723455,4.275749366454693,4.3374516562135526,3.5195559248209767,3.362908701203973,3.3883335940526518,2.579226795902737,2.4186297866128497,2.4005825996249577,1.6974163319492288,1.5573662916834754,1.5103784920796162,0.403216794806982,0.009932702470400966,0.4084278580695049,0.03356245463640707,0.41581656007366585,0.03244071691311137,0.38120604452221407,0.034688605469726866
420,0.706006006006006,4.485124281089345,4.281965677412447,4.343828658638319,3.526026912616314,3.369429456883438,3.3949764423100737,2.586474790367078,2.4260570064544833,2.408162557963206,1.7056300182534143,1.5649638164223387,1.5181155521637575,0.40297267380943713,0.009933210310017914,0.40830714051379735,0.033549000735028985,0.4154371921305117,0.03240258654718783,0.3810188493436441,0.034712290978064525
421,0.7064964964964965,4.491327996512138,4.288177182487674,4.350201171931726,3.532498756905752,3.3759501864503387,3.401619381471658,2.593723761627007,2.4334796945222967,2.415743341325656,1.713836657744042,1.5725608275098777,1.525866466873381,0.4027277690107274,0.009933613788358785,0.4081844119004842,0.03353576235488763,0.41505835275844666,0.03236482199246108,0.3808303477906779,0.03473477888228763
422,0.7069869869869869,4.497528030714277,4.294383885820003,4.3565691899560415,3.538971456451727,3.382470862567997,3.408262441770294,2.6009735079227827,2.4408976105709304,2.4233246414075795,1.7220356208711036,1.5801568947793545,1.5336306998312332,0.4024821602830628,0.00993390880010198,0.40805967088568496,0.033522739169930094,0.414680150816057,0.03232743321104882,0.38064066230311516,0.03475605673780705
423,0.7074774774774775,4.503724376369845,4.3005857933067615,4.362932710892955,3.54544503347079,3.3889914584037473,3.414905651014209,2.6082238314626816,2.4483104991100877,2.4309061599428934,1.7302263347927653,1.5877516008328632,1.541407682348,0.4022359264043746,0.009934092729104492,0.4079329136419602,0.0335099325852504,0.4143026984584763,0.03229043294449836,0.38044990976131965,0.03477612045073161
424,0.707967967967968,4.509917028634536,4.306782909710834,4.369291728265025,3.551919492065265,3.3955119557924864,3.421549035097244,2.615474525898678,2.4557180969524275,2.4384876063601517,1.7384081825385893,1.5953445252865874,1.549196924156824,0.4019891446085019,0.009934161369416127,0.40780413750709604,0.033497342431305144,0.41392610743515784,0.03225383077847906,0.3802582012743663,0.0347949554035289
425,0.7084584584584585,4.516105978798668,4.312975241487978,4.3756462407840155,3.5583948083857644,3.402032314867241,3.4281926171455104,2.622725386859834,2.46312018993494,2.4460686724622005,1.7465805866567885,1.6029352394707757,1.5569978175178334,0.40174189476362737,0.0099341115998876,0.40767334784435244,0.03348496668526311,0.41355047707516346,0.032217634174053905,0.38006566526752117,0.03481255895286234
426,0.7089489489489489,4.522291220032027,4.319162791799204,4.381996244527853,3.5648709865514747,3.408552505638867,3.4348364198207446,2.6299762053214066,2.4705165284075936,2.453649063499446,1.7547429609267713,1.6105233250039088,1.5648097729203099,0.401494256631998,0.009933940507042273,0.4075405440192171,0.03347280583694022,0.4131759159834043,0.03218185294975237,0.3798724234429038,0.03482892659970835
427,0.7094394394394394,4.52847274427047,4.325345566745894,4.388341734203619,3.5713480217107083,3.415072497393445,3.4414804629416977,2.637226773923363,2.4779068820985772,2.4612284847789745,1.7628947583336025,1.6181083588486398,1.5726322252772849,0.4012463069422814,0.009933645396882218,0.40740572726091356,0.03346085937049358,0.4128025278951563,0.03214649554594584,0.3796785920198157,0.034844055875390495
428,0.70992992992993,4.534650542714428,4.3315235747395695,4.394682709008089,3.5778258928220867,3.421592248192817,3.448124761259353,2.644476883492069,2.4852910294335495,2.468806646537292,1.771035420048941,1.6256899122328208,1.5804645362751155,0.4009981259875869,0.009933223696127935,0.407268904378786,0.0334491257548788,0.4124304101333399,0.03211156885439305,0.37948430206871714,0.0348579480133508
429,0.7104204204204204,4.540824607571058,4.3376968180321835,4.401019163257731,3.584304586740734,3.428111720894849,3.454769330311021,2.651726318924194,2.492668740997988,2.4763832607662817,1.779164402623006,1.6332675596276538,1.5883060435790188,0.4007497942288295,0.009932673443076495,0.40713007877846696,0.03343760461745313,0.4120596637114165,0.03207707983254447,0.37928968370240956,0.034870607407207814
430,0.7109109109109109,4.546994928175059,4.343865303691045,4.407351094850843,3.5907840823434976,3.4346308696738,3.461414182881386,2.658974871228072,2.5000398280891014,2.4839580356942745,1.7872811832860687,1.6408408837149793,1.5961561519789107,0.4005013872925556,0.009931992172806279,0.40698925747591375,0.03342629467191076,0.4116903805987581,0.03204303434106335,0.3790948593675942,0.034882034986420674
431,0.7114014014014014,4.553161496248246,4.350029036142082,4.413678501185802,3.597264365272277,3.441149658442648,3.4680593273311446,2.666222330727344,2.507404063928468,2.4915306882493136,1.7953852389982228,1.6484094632887376,1.6040141610912857,0.40025298613080906,0.009931178599833711,0.40684644562917627,0.03341519532199529,0.41132265886518415,0.03200943962209205,0.3788999629866083,0.03489224064574211
432,0.7118918918918918,4.559324301499351,4.356188023866972,4.420001379468325,3.603745390392745,3.447668028184249,3.4747047728008806,2.673468479205591,2.5147612592681114,2.499100929488167,1.8034760755876822,1.6559728906786688,1.6118794188305106,0.4000046667359772,0.00993023097260332,0.40670165632600985,0.03340430396873504,0.4109565855717898,0.031976299097481585,0.3787051186981942,0.03490123159376854
433,0.7123823823823824,4.565483333702799,4.362342269042922,4.426319726918306,3.6102271283215916,3.4541859397436525,3.481350521001889,2.680713112701863,2.5221112156586516,2.506668485914585,1.8115532052637422,1.663530732101156,1.619751183129116,0.399756509706161,0.009929148595458645,0.40655489767302694,0.0333936190684269,0.4105922488918804,0.03194361776344088,0.37851046949166917,0.034909024153660526
434,0.7128728728728728,4.571638582506189,4.368491778967053,4.432633540260665,3.6167095559142113,3.46070333528813,3.4879965761078315,2.687956011887626,2.5294537416109053,2.51423309346107,1.8196161472305215,1.671082579456493,1.627628817160341,0.3995085896858332,0.009927929955880273,0.40640617987228417,0.03338314021015339,0.4102297354066269,0.03191139967276078,0.3783161385383241,0.03491562509273861
435,0.7133633633633634,4.577790036536537,4.374636559988153,4.438942817698853,3.623192622446439,3.467220163098155,3.4946429384666624,2.6951969742806416,2.5367886705610667,2.5217944682444187,1.827664444139095,1.6786280407141791,1.6355115816656025,0.39926098334657656,0.009926574529384924,0.40625551671624927,0.033372864236500474,0.40986912485734744,0.03187964797743291,0.37812226129587595,0.03492105236521124
436,0.7138538538538538,4.58393768564076,4.380776616181365,4.445247556377317,3.6296762981299513,3.473736370106905,3.5012896045854753,2.702435782139902,2.544115825963127,2.5293523500513793,1.8356976391216804,1.6861666944864966,1.643398758530154,0.39901376785473897,0.009925081737757371,0.4061029194118277,0.033362790420601356,0.40951049949249935,0.031848365343432564,0.3779289741139696,0.034925321274879684
437,0.7143443443443444,4.5900815178915,4.386911952451014,4.451547753891748,3.6361605294621673,3.4802518911699907,3.5079365680251584,2.7096722348411704,2.5514350348015022,2.536906462832219,1.84371531285325,1.693698139262101,1.6512896107258506,0.3987670180525056,0.009923451935573636,0.40594840470233695,0.03335291644919443,0.4091539352562137,0.0318175557394266,0.37773640846439677,0.03492845442198714
438,0.7148348348348348,4.596221521466577,4.393042575125849,4.457843407282571,3.6426452600853407,3.4867666712421763,3.5145838221466477,2.7169061222624085,2.5587461471522293,2.5444565734826226,1.8517170393140827,1.7012219785931448,1.6591834203327596,0.3985208073488431,0.009921684334444437,0.4057919884524157,0.033343239098098616,0.40879950092745715,0.03178721749473518,0.37754470147378494,0.03493046813431102
439,0.7153253253253253,4.602357684209592,4.399168490426432,4.464134516248383,3.6491304686829378,3.493280642869136,3.521231355742815,2.724137241465176,2.5660490019328046,2.5520024047271574,1.8597024225295076,1.7087378249803125,1.6670794284316368,0.39827521029454444,0.00991978020927175,0.4056336842324267,0.03333375905554159,0.40844727487009275,0.031757357163098375,0.37735398358926453,0.03493138835831261
440,0.7158158158158158,4.60848999471965,4.405289701168126,4.470421076839715,3.6556160661839514,3.4997937513571,3.5278791571175425,2.731365387914795,2.573343470286974,2.559543719291576,1.8676710524336644,1.7162452891843285,1.6749769121428073,0.39803029846356575,0.009917738780003798,0.40547351273301246,0.03332447070983307,0.4080973171910972,0.03172797003355817,0.37716439255741074,0.03493123354959092
441,0.7163063063063063,4.614618440347658,4.41140621400749,4.476703087376149,3.6621020184807564,3.506305920058421,3.5345272097462113,2.738590366345936,2.580629405404347,2.567080279790156,1.8756225912698474,1.723743991609509,1.6828750735703755,0.3977861438750703,0.009915562137406181,0.40531149126905097,0.033315374277708296,0.4077496933504546,0.03169905990508394,0.3769760638472441,0.03493003649336786
442,0.7167967967967968,4.620743008410768,4.417518033392108,4.482980546481971,3.6685882488756434,3.512817090857116,3.5411754955309944,2.745811974914425,2.58790667557879,2.5746118410400545,1.8835566675669084,1.7312335538853207,1.6907731959930623,0.39754281596807806,0.009913250520185206,0.40514764058542013,0.03330646534664751,0.40740446499215976,0.03167062455641699,0.3767891259852937,0.03492782008705201
443,0.7172872872872873,4.626863686242074,4.423625162474556,4.48925345106887,3.675074698759724,3.5193271824328165,3.5478239932917304,2.7530300213676964,2.595175168317667,2.5821381782137727,1.8914729290588768,1.7387136127506153,1.698670468381464,0.39730038582682314,0.009910805324878978,0.40498198218067816,0.03329774272253874,0.4070616854567361,0.03164266384863755,0.3766037232997506,0.0349246144622975
444,0.7177777777777777,4.632980460432405,4.429727607412638,4.495521799735867,3.681561309598304,3.5258361323020733,3.554472680953188,2.7602443165421726,2.602434763901321,2.589659054045349,1.899371061627543,1.7461837998508543,1.7065661950467867,0.3970589187631647,0.00990822787073061,0.40481453551715724,0.03328920379776925,0.4067214130924902,0.031615177963734004,0.3764199762367381,0.03492044725394079
445,0.7182682682682683,4.639093318161477,4.4358253712097175,4.501785591271417,3.6880480001978766,3.532343855007996,3.561121531668343,2.767454670124089,2.6096853613189834,2.5971742596383436,1.907250754789372,1.7536437708014707,1.7144595621617238,0.396818482523052,0.009905519891974914,0.40464532700994427,0.0332808457698422,0.4063836923022038,0.03158816375690757,0.3762380249972909,0.03491535154886216
446,0.7187587587587587,4.645202246682305,4.441918457712177,4.508044821753365,3.6945347072723367,3.5388502900605134,3.567770517389323,2.774660900474309,2.6169268542545194,2.6046835768916963,1.9151117305219194,1.7610931739006073,1.7223497918675286,0.3965791428081925,0.009902683724876002,0.40447437678153736,0.033272666032603815,0.40604857436625214,0.03156162002179846,0.3760580000907682,0.03490936321909071
447,0.7192492492492493,4.651307231623607,4.448006872106153,4.514299491242538,3.701021346978892,3.54535535030306,3.5744196079005923,2.7818628239623653,2.624159159010035,2.6121867984882896,1.9229537045743217,1.7685316729614409,1.7302361664093748,0.3963409612975975,0.009899720777998739,0.4043017126398949,0.03326466140561411,0.4057160988677669,0.031535543348377514,0.3758800265284075,0.034902511076345004
448,0.7197397397397397,4.657408260091975,4.454090615741443,4.520549596706599,3.707507843752876,3.551858962098921,3.5810687687114604,2.7890602716074486,2.6313822003356857,2.6196837266480624,1.9307764162926073,1.7759589325510263,1.7381178925708436,0.39610400143446417,0.009896633491254811,0.40412735906708397,0.033256829361955724,0.40538630320220165,0.03150993100035834,0.37570424144486125,0.03489483219953342
449,0.7202302302302303,4.6635053180917705,4.46016969343827,4.526795137635696,3.713994129337179,3.5583610455540913,3.587717965873606,2.7962530634511555,2.638595882948466,2.627174171391207,1.9385796243551996,1.7833746367442027,1.7459942155230148,0.3958683238794963,0.009893424428353836,0.40395134102261177,0.03324916791889916,0.4050592283556321,0.031484780581045424,0.3755307674348664,0.03488636172559771
450,0.7207207207207207,4.6695983919328885,4.46624410672578,4.533036108937772,3.7204801052089786,3.5648615156380665,3.594367157878449,2.803441036115376,2.645800158364829,2.6346579298969526,1.94636309577646,1.790778472864981,1.7538643864793446,0.3956339868456127,0.009890095938725476,0.4037736885898964,0.033241673366244937,0.4047349017784403,0.03146008769222785,0.3753597318575589,0.0348771353911045
451,0.7212112112112112,4.675687468025592,4.4723138581948705,4.539272511824271,3.7269656923461003,3.5713602938444837,3.601016307425463,2.8106240292318305,2.652994950713015,2.642134834026985,1.9541266532055384,1.7981701410731803,1.7617276200021288,0.3954010477765582,0.009886651643784038,0.4035944285564632,0.03323434301725093,0.40441335380599275,0.03143584877523188,0.37519125895740707,0.03486719639901885
452,0.7217017017017017,4.681772532156506,4.478378952227005,4.545504343690396,3.733450819581861,3.577857296819339,3.607665369507603,2.817801884793988,2.660180228604131,2.6496047091110406,1.9618701011375455,1.8055493465325902,1.7695832326402399,0.39516955949129284,0.009883093960519227,0.4034135880065115,0.03322717528122705,0.4040946082575984,0.03141206000531726,0.3750254659543337,0.03485657743002489
453,0.7221921921921922,4.687853570565781,4.484439388214177,4.551731602614553,3.73993538425789,3.5843524368523574,3.6143142985185994,2.824974447087661,2.667355944086092,2.6570673892979735,1.9695932381344006,1.8129158037697202,1.777430412304017,0.3949395796305076,0.009879425972166173,0.40323119874276997,0.03322016652116841,0.40377868446551446,0.03138871538635064,0.3748624874049023,0.03484531943953668
454,0.7226826826826827,4.69393056921284,4.4904951687926795,4.557954284955463,3.746419296871552,3.590845625074673,3.620963046996522,2.832141572659695,2.6745220414725033,2.664522713032281,1.9772959283191067,1.8202692373680593,1.785268451121016,0.3947111580978632,0.009875651447199525,0.4030472912799081,0.03321331414162956,0.40346560195296055,0.03136581171566065,0.37470243310902185,0.034833463933877915
455,0.7231731731731732,4.700003513915683,4.496546293807225,4.564172390334956,3.7529024679290037,3.597336777137806,3.6276115647149036,2.8393031176427925,2.6816785210093923,2.6719705287679227,1.9849780536688817,1.82760938966453,1.793096621816367,0.39448434318450804,0.009871773935806391,0.4028618959249246,0.033206615537193174,0.4031553710125011,0.031343342168621655,0.37454542000676727,0.034821051800676996
456,0.7236636636636636,4.706072390493733,4.502592765698588,4.5703859142092895,3.759384798771906,3.60382581441443,3.6342597986228413,2.846458948591545,2.6888253333650094,2.6794106903305965,1.9926394773432003,1.8349360200749736,1.8009142111333867,0.39425918297854345,0.009867796918739541,0.402675043665169,0.03320006692463988,0.4028480059201042,0.03132130201215317,0.374391558369837,0.03480812314295782
457,0.7241541541541541,4.712137184913982,4.508634583702224,4.576594858175309,3.7658661955251116,3.6103126352794375,3.6409076959039286,2.8536089309018755,2.695962501052598,2.686843071758913,2.0002801006602504,1.8422488786123046,1.8087205190493962,0.39403572230217354,0.009863723858380533,0.40248676853716137,0.03319366646339023,0.4025435051898403,0.031299683469618596,0.3742409655502968,0.034794716962273424
458,0.7246446446446446,4.718197883540022,4.514671747227115,4.582799217610272,3.772346577369242,3.616797155515065,3.647555197051737,2.860752943620247,2.703089991735894,2.6942675253323873,2.007899839708057,1.8495477419355133,1.816514810468583,0.39381400671234795,0.009859559623591559,0.4022971003180715,0.03318741282656793,0.4022418798913998,0.03127848456047176,0.3740937488678886,0.034780879939774835
459,0.7251351351351352,4.724254471677153,4.5207042578170435,4.588998989946463,3.7788258252458906,3.6232792830701595,3.6542022441775024,2.8678908686984736,2.7102078086423864,2.701683951294687,2.0154986280652585,1.8568323829672337,1.8242964317220793,0.39359407587355233,0.009855307617821364,0.40210607567389034,0.03318130139038573,0.401943122146494,0.031257695835885925,0.3739500143759588,0.03476665116862818
460,0.7256256256256256,4.730306935670788,4.5267321140906045,4.595194174458577,3.7853038546636335,3.6297589335563916,3.6608487762534527,2.875022592256962,2.7173159826797617,2.7090922199900103,2.023076433923846,1.8641026168980384,1.8320646914887257,0.3933759682824035,0.009850972493649354,0.40191372560545957,0.03317533057447027,0.401647229453613,0.031237311491448084,0.37380986273106814,0.03475207485722467
461,0.726116116116116,4.7363552615315205,4.532755312870127,4.601384766299261,3.7917805510986233,3.6362360086802523,3.6674947295394844,2.8821480101747103,2.724414515146008,2.7164922338418624,2.030633199907596,1.8713582359690861,1.83981893476011,0.393159721841651,0.009846558161156382,0.4017200869616569,0.033169497264054625,0.40135419078776385,0.031217324466429573,0.37367339812682776,0.03473719128252308
462,0.7266066066066066,4.742399434697392,4.538773854192664,4.60757076496951,3.798255829427798,3.642710415445724,3.6741400391293157,2.8892670233385696,2.7315034354153416,2.7238838872447815,2.038168923888122,1.8785990772674734,1.8475585097691252,0.3929453703925703,0.009842069469333758,0.4015251927490728,0.03316380025626656,0.40106399635112355,0.03119772972746376,0.3735407134246634,0.03472204400633935
463,0.7270970970970971,4.748439442145275,4.544787735496787,4.613752165875874,3.80472958092923,3.649182069989646,3.680784637303645,2.896379535711463,2.738582779599107,2.731267101849925,2.0456836179391695,1.8858249628507089,1.85528279177204,0.3927329456281428,0.009837510800497416,0.4013290777295622,0.03315823629545286,0.40077662847806655,0.031178517894429422,0.37341190306015853,0.03470667515769392
464,0.7275875875875876,4.754475269228405,4.550796953038089,4.619928967100532,3.8112016963202384,3.6556508730080752,3.6874284556221397,2.9034854637143064,2.7456525882700222,2.7386417870764035,2.053177307822625,1.8930357396346804,1.8629911505127121,0.3925224774910685,0.009832887100100284,0.40113177906685643,0.03315280290038793,0.40049206640356944,0.03115968231276206,0.37328705736527906,0.03469112909396455
465,0.728078078078078,4.760506902663093,4.556801504037044,4.626101165854657,3.8176720916847957,3.6621167351528405,3.694071422464024,2.9105847299459273,2.752712899528283,2.7460078737153815,2.0606500313036933,1.9002312835933033,1.8706829662112452,0.39231399385134197,0.009828203467100172,0.4009333294825739,0.033147499431963934,0.40021029038530564,0.03114121768970476,0.3731662628414917,0.034675448903000124
466,0.7285685685685686,4.766534328296711,4.56280138568,4.6322687586870055,3.8241406382192364,3.668579565529722,3.7007134650043048,2.9176772577153516,2.759763770185854,2.7533652873207277,2.068101828998351,1.907411448871899,1.8783576650328422,0.39210752044482283,0.009823464218021598,0.40073376836799945,0.03314232135473056,0.3999312717312137,0.031123114028043065,0.37304960413979155,0.0346596749655841
467,0.7290590590590591,4.772557532965281,4.5687965927841026,4.638431742441974,3.830607257786195,3.675039266301377,3.7073545092395603,2.924762981249266,2.7668052823606866,2.760713979654831,2.0755328022376753,1.9145761389108826,1.886014695290578,0.39190307693280146,0.009818674703456766,0.4005331287983776,0.033137269370993656,0.3996549788702335,0.031105364891493466,0.37293715581731585,0.03464384892972452
468,0.7295495495495495,4.778576502839216,4.574787121191041,4.644590113141392,3.8370718292972312,3.6814957513776525,3.713994479207701,2.931841847078417,2.77383746804455,2.768053894438984,2.0829430310134294,1.9217252435538257,1.8936534685368016,0.39170068625405025,0.009813840336062562,0.4003314485826063,0.03313233962649816,0.39938138206991464,0.031087963432151304,0.3728289961710084,0.034628016755037974
469,0.73004004004004,4.784591224427861,4.580772965715273,4.65074386722089,3.8435342469292157,3.687948924164829,3.7206332963750746,2.9389137978612334,2.7808604281341376,2.775384992864832,2.090332631860089,1.9288586945224218,1.9012734894635417,0.39150036272199507,0.00980896581214493,0.4001287651727843,0.03312753044396032,0.39911043997134144,0.031070899979645746,0.37272519060541087,0.034612215702800105
470,0.7305305305305305,4.790601684650794,4.586754119664037,4.656893002491293,3.8499944233207812,3.6943986941871385,3.7272708816821547,2.9459787907996273,2.7878742345134837,2.7827072389272085,2.0977017215219944,1.9359764062008513,1.9088742153854166,0.3913021239806611,0.009804056817741082,0.3999251125791356,0.033122841585205495,0.39884211638657274,0.03105416907216214,0.3726258121743043,0.0345964891691966
471,0.7310210210210211,4.79660787014508,4.592730578429846,4.663037514950962,3.856452234351855,3.7008449662485514,3.733907154738862,2.953036789863952,2.7948789767998123,2.7900206066659066,2.1050504657134534,1.9430783311217927,1.916455155795828,0.39110598050420464,0.009799118849039962,0.39972053100779226,0.033118269734545173,0.39857636392922335,0.03103776133155462,0.37253091876725863,0.034580879792911134
472,0.7315115115115115,4.802609767996203,4.5987023321944,4.6691773983877045,3.8629075953244656,3.7072876573933513,3.740542033019279,2.960087761473337,2.8018747568413627,2.797325073688179,2.1123790025105555,1.9501644287199935,1.924015836624081,0.39091194310352295,0.009794157080142632,0.3995150524857424,0.033113814935474,0.39831313974105437,0.031021669739148806,0.3724405715379283,0.03456542509993264
473,0.7320020020020019,4.808607365257525,4.604669376036924,4.6753126506121525,3.8693603975351634,3.7137266677023026,3.7471754335165435,2.967131682716473,2.8088616622155813,2.804620639207547,2.119687522039498,1.9572346691949953,1.9315558273483613,0.39072001749550467,0.009789177150642992,0.39930871632717047,0.03310947564893386,0.39805239235683687,0.03100588673569084,0.3723548188487292,0.034550165177399485
474,0.7324924924924925,4.8146006491892805,4.610631703011884,4.68144326510453,3.8758105351859617,3.7201619139016118,3.7538072712681365,2.974168540375033,2.8158397962347745,2.811907289136701,2.1269762199279683,1.9642890470041492,1.9390746599797553,0.3905302095439278,0.009784185003370006,0.3991015584090315,0.033105249949369385,0.3977940711029506,0.030990404966707998,0.37227371193346026,0.0345351427227779
475,0.732982982982983,4.820589606610583,4.616589301632977,4.687569240924937,3.882257906556079,3.726593302810487,3.760437460606313,2.9811983236503523,2.8228092852311297,2.8191850344655136,2.1342453038893865,1.9713275507196326,1.9465719401863164,0.3903425208444634,0.009779186058406126,0.39889361564088827,0.033101137131846474,0.397538117046689,0.03097521570447596,0.3721972977784045,0.03452039478451951
476,0.7334734734734735,4.826574225700231,4.622542164467681,4.693690569997565,3.8887024113139863,3.7330207440288943,3.7670659145195193,2.9882210284496438,2.8297702481474722,2.8264538842206433,2.1414950122727663,1.9783502195329095,1.9540472808542368,0.39015694915487226,0.00977418621855269,0.3986849242738206,0.03309713643039467,0.3972844720476291,0.03096031137913078,0.37212561017891466,0.034505959914400204
477,0.7339639639639639,4.832554493526739,4.628490282689278,4.699807248122302,3.8951439488402753,3.7394441556359332,3.773692544991727,2.995236665171535,2.836722796093319,2.833713863935039,2.148725569889487,1.9853570740992885,1.9615003205679995,0.3899734923380505,0.009769191056757954,0.39847551971701833,0.03309324650910892,0.39703307565235124,0.03094568488420574,0.37205868720668145,0.03449187502774855
478,0.7344544544544545,4.838530398267971,4.634433645071736,4.705919270160634,3.901582429564122,3.7458634463551688,3.780317263116993,3.0022452413175467,2.8436670631505003,2.8409650003755265,2.155937249688848,1.9923481664613216,1.9689307074591524,0.3897921439949059,0.009764206824966728,0.3982654369408173,0.033089467943620395,0.39678386443889513,0.030931329136912888,0.3719965571236757,0.034478178555292394
479,0.7349449449449449,4.84450192739334,4.640372241660368,4.7120266329614635,3.908017740382565,3.7522785328834622,3.7869399796431584,3.0092467788647914,2.8506031875577484,2.8482073191177735,2.1631303313566566,1.9993235544937416,1.9763381136973295,0.3896128957645548,0.009759239513523768,0.398054713587241,0.03308579855991932,0.39653677015791633,0.030917235700299344,0.3719392454173867,0.03446490888072652
480,0.7354354354354354,4.850469069299024,4.646306060073625,4.718129326651236,3.9144497953915747,3.7586893267703734,3.793560603125398,3.016241305868097,2.857531306920518,2.8554408758731356,2.170305089516992,2.006283327747451,1.9837222882802026,0.38943573420897504,0.009754294597429594,0.397843383233097,0.03308223938904092,0.39629172228419857,0.030903398050887588,0.37188676775122165,0.03445209649269625
481,0.7359259259259259,4.856431812002102,4.652235089594426,4.724227350118468,3.920878497686141,3.7650957464773462,3.8001790426944813,3.0232288525718554,2.8644515608374026,2.8626657142260785,2.1774618567389377,2.0132275761200855,1.9910829271607293,0.38926064616276485,0.009749378855988481,0.3976314814183403,0.03307878971718792,0.3960486509339335,0.030889808925093843,0.3718391378789645,0.034439781946545296
482,0.7364164164164164,4.862390144646032,4.658159317609946,4.730320693099407,3.9273037532426938,3.771497708784763,3.8067952071579354,3.030209460591864,2.871364101433184,2.869881890027485,2.184600917232018,2.020156401807769,1.9984198073213695,0.3890876155658474,0.00974449765191725,0.39741904211964363,0.0330754496610846,0.3958074811150139,0.030876461283197945,0.3717963682798291,0.03442799467046629
483,0.7369069069069069,4.868344054786621,4.664078732323071,4.736409353069579,3.9337254675063513,3.7778951324949057,3.8134090038592183,3.0371831778635094,2.878269087010977,2.877089473352267,2.1917226416507676,2.027069932847983,2.005732676148369,0.3889166226830899,0.009739657792867767,0.3972061003184665,0.03307221882586371,0.39556813397077334,0.030863347467871893,0.3717584633308019,0.034416773522162325
484,0.7373973973973974,4.874293531708666,4.669993317338428,4.742493321503809,3.9401435444259056,3.7842879385658548,3.8200203400739365,3.0441500584515695,2.885166665139949,2.8842885274600962,2.1988273707208896,2.0339683158737305,2.013021397644458,0.38874764299563436,0.009734865035314679,0.39699268962656287,0.03306909726324934,0.3953305323833759,0.03085046110593028,0.3717254105143838,0.03440614728442918
485,0.7378878878878878,4.880238564164587,4.675903061572593,4.748572591708507,3.94655790927871,3.790676049524399,3.8266291219481037,3.0511101656241144,2.8920570101545353,2.891479133098501,2.2059154715817715,2.0408516995946324,2.020285730666542,0.3885806551421073,0.009730126159073836,0.39677884146155534,0.03306608627125883,0.39509459464757046,0.030837796308037742,0.37169721614870843,0.034396152724661705
486,0.7383783783783784,4.886179141497579,4.681807950494382,4.754647156908473,3.9529684712626536,3.797059385640688,3.8332352579829925,3.0580635646003644,2.898940272728965,2.8986613829286245,2.2129873000847144,2.0477202575209614,2.027525609148402,0.38841562935363555,0.009725446532459376,0.39656458912912573,0.03306318618426187,0.3948602381626777,0.03082534654477197,0.3716738578327559,0.03438681394139498
487,0.7388688688688688,4.892115252236677,4.687707967619461,4.760717010315498,3.959375142652545,3.8034378739135604,3.839838651922558,3.065010329280393,2.9058166323836754,2.905835354577382,2.220043285030531,2.0545741706094267,2.0347408748778357,0.3882525359983602,0.00972083337727984,0.39634996480164875,0.0330603974101267,0.39462737780266155,0.030813105430119253,0.37165531812266966,0.034378168403075365
488,0.7393593593593594,4.898046886653589,4.69360309769292,4.766782144750847,3.9657778322373267,3.809811439384737,3.84643921221955,3.071950541919736,2.9126862742783057,2.913001154538702,2.227083799757507,2.0614136447439484,2.041931438189834,0.38809134327458844,0.009716292169483156,0.3961350011315041,0.033057720132463046,0.39439592213033814,0.030801065224712595,0.3716415802766734,0.034370241310577726
489,0.7398498498498498,4.9039740337791144,4.699493325590948,4.7728425526122225,3.972176476470401,3.816180013303507,3.8530368450679076,3.0788842905407563,2.9195493463354314,2.9201588872835136,2.234109284028769,2.068238884999639,2.0490972738889917,0.38793201460699966,0.009711829827885808,0.39591972597261177,0.033055156493749044,0.39416578913364775,0.03078922315086302,0.37163260387252345,0.03436306342144486
490,0.7403403403403404,4.909896683248946,4.705378634620362,4.778898226969382,3.978570990659641,3.8225435167416255,3.8596314557648617,3.0858116684883674,2.926406056465358,2.927308659578702,2.241120158208873,2.075050129172481,2.05623831818686,0.38777451305993776,0.009707452449534797,0.39570417180084794,0.03305270762354365,0.3939368823492362,0.030777572293749094,0.37162836193329646,0.034356661849144814
491,0.7408308308308308,4.915814824886609,4.711259007407435,4.784949156691371,3.9849612886409,3.8289018921918885,3.866222950986235,3.092732773324024,2.93325656755723,2.934450586998913,2.248116874744768,2.0818476288463468,2.0633545933550557,0.38761879653620307,0.009703166284015892,0.3954883673251587,0.03305037333143113,0.3937091130332571,0.03076610654261985,0.3716288037511752,0.0343510633525261
492,0.7413213213213213,4.92172844932564,4.717134425473898,4.790995336521408,3.991347311897775,3.835255067438781,3.8728112390261336,3.0996477138619714,2.940101080161804,2.9415847928834196,2.2550998702345453,2.088631628097163,2.070446082070916,0.3874648253050783,0.009698977786896412,0.3952723399547804,0.03304815676650399,0.39348238634417954,0.030754822001414786,0.37163389593657453,0.03434629470835597
493,0.7418118118118118,4.927637546113634,4.723004871675816,4.797036756110868,3.9977289808416394,3.8416029769488667,3.8793962261778536,3.1065565988221566,2.9469397699274547,2.948711408405052,2.26206963663011,2.0954024070975934,2.0775128739116058,0.38731255082242927,0.009694893394638953,0.3950561187706222,0.03304605873806048,0.3932566075522552,0.03074371331193952,0.37164357390113506,0.03434238126976758
494,0.7423023023023023,4.933542105866558,4.7288703278665505,4.80307340885474,4.004106226487131,3.847945561406947,3.8859778196515373,3.113459548297026,2.953772840328553,2.9558305599336703,2.269026636542643,2.102160258641099,2.084555009191548,0.3871619273340098,0.009690919336005542,0.39483973083715357,0.03304408070075863,0.39303167951636225,0.03073277559139153,0.37165778758772944,0.03433934777330666
495,0.7427927927927928,4.939442119180724,4.734730774424687,4.8091052838838015,4.010478985821565,3.8542827586232016,3.892555927472679,3.1203566820522903,2.9606004756354047,2.9629423954259595,2.2759713580387833,2.108905473959032,2.0915726179913787,0.3870129039261957,0.009687061811708227,0.39462320181867233,0.033042224980651506,0.3928075053642629,0.030722004516152993,0.3716764707829627,0.034337216203377506
496,0.7432832832832833,4.945337576172568,4.740586192678326,4.815132371993187,4.016847190636111,3.8606145099590434,3.899130459214578,3.127248132063797,2.9674228675436964,2.9700470515990545,2.2829043202563883,2.1156383791769673,2.0985658247430377,0.3868654270355682,0.009683327533005425,0.39440655770246114,0.03304049301987277,0.392583986994221,0.030711396474016082,0.37169954975713815,0.0343360121253573
497,0.7437737737737737,4.9512284679191,4.746436563040354,4.821154664005359,4.023210792245176,3.86694076195189,3.905701323955761,3.1341340287496653,2.9742402144661098,2.9771446815925384,2.2898259989695444,2.122359303279116,2.1055347658648937,0.3867194443783852,0.009679722368900344,0.39418982098236954,0.033038887821490656,0.39236102668418266,0.03070094790181873,0.3717269580333376,0.03433575446853285
498,0.7442642642642643,4.9571147856732125,4.752281863240702,4.8271721517870505,4.0295697241925215,3.8732614556396747,3.912268431501346,3.141014512767885,2.9810527239659312,2.9842354351133253,2.2967369206453516,2.1290685902109874,2.1124796760478866,0.3865748959307577,0.009676252307976772,0.393973017203996,0.033037411392146616,0.39213852113845366,0.030690654664272177,0.37175860771392516,0.0343364617490966
499,0.7447547547547547,4.962996519624336,4.758122075716117,4.833184823624363,4.0359239277119645,3.8795765434924805,3.9188316929743,3.1478897265324215,2.987860583734264,2.99131946999907,2.3036376437902337,2.135766592007796,2.119400744795377,0.38643172233166545,0.00967292423430037,0.3937561689630182,0.03303606518639645,0.39191637146588487,0.030680513380315917,0.37179441018802056,0.03433815930111839
500,0.7452452452452453,4.968873661826301,4.763957176721991,4.839192667929556,4.042273361448824,3.8858859745430308,3.9253910207033447,3.154759820965587,2.9946639986303487,2.9983969545625397,2.3105286687799134,2.142453678584534,2.1262982107925494,0.38628986334662363,0.009669743801110499,0.39353929605091875,0.03303485308035131,0.39169447573936295,0.03067052187606486,0.37183428078534286,0.03434086206532825
501,0.7457357357357357,4.974746203333694,4.769787145871304,4.8451956793365225,4.048617962713636,3.8921897034796253,3.9319463274757083,3.1616249473361755,3.001463173445041,3.0054680536905276,2.3174105598602965,2.1491302319284,2.1331723345855815,0.3861492546914521,0.009666717271703316,0.3933224217046815,0.03303377621037451,0.3914727302840543,0.030660675782239057,0.3718781202214198,0.03434459037251364
502,0.7462262262262263,4.980614134841697,4.7756119617097035,4.851193841784719,4.054957695961519,3.8984876793853194,3.938497526898054,3.1684852628643703,3.0082582913861677,3.012532936860535,2.324283857478307,2.155796647846139,2.14002343810566,0.38600982980654913,0.009663850638620094,0.3931055641698058,0.03303283861858981,0.3912510362602278,0.030650975202037186,0.37192582017172104,0.0343493592927575
503,0.7467167167167167,4.986477448792337,4.78143160170655,4.8571871471978,4.061292514350524,3.9047798682942867,3.9450445353111556,3.175340929831211,3.0150495754690114,3.0195917766358,2.3311491181688373,2.16245333838365,2.1468517954379998,0.3858715226093851,0.009661149829167947,0.3928887417303857,0.03303204237075097,0.39102928910040347,0.030641416096320016,0.3719772815003598,0.03435518640000036
504,0.7472072072072071,4.992336136348336,4.787246044063294,4.863175584472207,4.067622387786383,3.911066224638023,3.9515872675421244,3.1821921122079777,3.0218372184057727,3.0266447588681844,2.3380069166791957,2.16910071668528,2.1536578364979424,0.38573425953032753,0.00965862049314398,0.3926719716273726,0.03303139157249482,0.3908073869811995,0.030631997973232933,0.3720323774987863,0.034362083014879675
505,0.7476976976976977,4.998190189105381,4.7930552650602865,4.869159141315703,4.073947254251417,3.9173467097411954,3.9581256429601535,3.1890389811703326,3.028621424086473,3.0336920600997144,2.3448578281728443,2.1757392168048604,2.160441853126307,0.3855979715258991,0.009656268798267129,0.3924552736801746,0.03303088724636602,0.39058522379990984,0.03062271738810119,0.3720909996729424,0.03437006879703313
506,0.7481881881881882,5.004039599182605,4.798859242142996,4.875137807628412,4.080267107213238,3.9236212929114536,3.9646595808441307,3.1958817097113426,3.0354023929735674,3.040733868820211,2.351702421785847,2.182369279223919,2.1672042943289966,0.3854625836460283,0.009654100187834606,0.39223865909512007,0.03303053460806253,0.39036270113220317,0.03061357527962227,0.37215301821537,0.03437915297035069
507,0.7486786786786787,5.009884358035974,4.804657951760131,4.8811115696325,4.086581898164759,3.92988993916513,3.9711890002652424,3.202720474548937,3.0421803329735786,3.047770366935272,2.3585412762812012,2.188991352997331,2.173945585957672,0.3853280201848242,0.00965212000156579,0.3920221450335598,0.033030335574367305,0.39013971316228413,0.03060456925827355,0.37221830469947537,0.03438934739436774
508,0.7491691691691691,5.015724458321277,4.81045137140242,4.887080418275266,4.092891608830138,3.9361526208277793,3.9777138263931793,3.2095554534785555,3.048955440110274,3.054801749841983,2.3653749787934957,2.1956059120075127,2.180666165049659,0.38519420440421165,0.009650333771800293,0.39180574334802887,0.0330302940023912,0.3899161600028724,0.030595699174828316,0.3722867246621803,0.03440066337973773
509,0.7496596596596596,5.0215598915776845,4.816239475191505,4.893044338939405,4.099196213282695,3.942409306514097,3.9842339796958517,3.2163868309718144,3.0557279076026878,3.0618282155016154,2.372204134211406,2.202213412702139,2.1873665140534295,0.3850610568178783,0.009648747176040536,0.391589466761558,0.03303041368137676,0.38969193850960787,0.03058696526802746,0.37235813795189227,0.03441311320086298
510,0.7501501501501502,5.027390650161777,4.82202224158723,4.89900332017829,4.105495687647263,3.9486599722435654,3.9907493887729273,3.2232147921205234,3.0624979466911406,3.06884995240277,2.3790293237798226,2.2088143515773813,2.1940471471748912,0.3849284963313433,0.009647364854689368,0.3913733266563991,0.03303069754186205,0.38946694675694216,0.03057836675709191,0.3724323987721557,0.034426702652236955
511,0.7506406406406406,5.033216725885343,4.827799644922283,4.904957350852857,4.11179001456011,3.954904595511658,3.9972599794816337,3.2300395216851503,3.069265741290981,3.0758671640439057,2.3858511370114406,2.215409217362069,2.2007085786877014,0.3847964418949116,0.009646191838493074,0.3911573330237064,0.03303114932597408,0.3892410854093777,0.03056990417459359,0.3725093594134952,0.03444143977634804
512,0.7511311311311311,5.039038111440148,4.833571662020788,4.910906415859794,4.118079182124524,3.9611431577362004,4.003765682095268,3.2368612130594485,3.0760315038215857,3.082880046641561,2.39267019702938,2.2219985052251645,2.2073513756681895,0.38466480816822957,0.009645233196472354,0.39094149377026904,0.033031772802465324,0.3890142528079485,0.03056157783092944,0.3725888630465649,0.03445733276255626
513,0.7516216216216216,5.044854798641422,4.839338266357946,4.916850504559033,4.124363174105604,3.9673756441093553,4.010266426830955,3.2436800579715874,3.082795422682629,3.089888798360989,2.399487097121975,2.228582733432792,2.2139761221421344,0.38453350971242334,0.009644493340520812,0.3907258169270571,0.03303257123416112,0.388786350640152,0.030553388449150138,0.3726707479274848,0.03447438573596956
514,0.7521121121121122,5.050666780496092,4.84509943462607,4.922789601902129,4.130641983003522,3.9736020315787512,4.016762147298616,3.250496250024868,3.0895576861115255,3.096893632456427,2.4063024263298036,2.2351624124173153,2.2205833601615668,0.3844024632492131,0.009643976959204088,0.3905103099629332,0.03303354895971133,0.38855727872333773,0.03054533748086801,0.37275486256999363,0.034492605110228294
515,0.7526026026026026,5.056474048283067,4.850855142309425,4.9287236961276095,4.136915604669341,3.9798223176198433,4.02325277913322,3.257309983254374,3.0963184923733427,3.103894748484297,2.4131167941699307,2.2417380704710883,2.2271737671897283,0.3842715783916684,0.009643687833828542,0.39029497664760393,0.0330347090996202,0.38832694109361315,0.030537425370951582,0.3728410298664732,0.034511990876566
516,0.753093093093093,5.062276595580023,4.856605364624825,4.93465277436842,4.143184040805054,3.986036482384872,4.029738258844018,3.2641214560093386,3.1030780269965836,3.1108923471230394,2.4199308066442864,2.2483102393946774,2.233747960573409,0.3841407673564501,0.009643630466613337,0.3900798224190089,0.033036056610002126,0.38809524130970824,0.030529655397435403,0.3729290803562137,0.034532547440534626
517,0.7535835835835836,5.068074413862082,4.862350075068429,4.94057682194308,4.149447283152845,3.9922445275078116,4.0362185271080975,3.270930865622722,3.109836473491891,3.1178866412488495,2.426745069198024,2.2548794578857874,2.2403066036069887,0.38400993993901833,0.009643808492169312,0.3898648496276299,0.033037594061619685,0.38786208387510834,0.030522027714847473,0.37301883833561983,0.034554275775589685
518,0.7540740740740741,5.0738674960504335,4.868089250943522,4.946495825009007,4.155705338097198,3.998446445687725,4.042693524556422,3.27773841028304,3.1165940186927936,3.124877832660769,2.433560183833421,2.2614462683831285,2.2468503863482074,0.3838790052059679,0.009644225501863252,0.38965006068631725,0.03303932561487142,0.3876273751115421,0.03051454488816209,0.37311012318485326,0.03457717534598573
519,0.7545645645645646,5.079655834323901,4.873822867237663,4.952409770056042,4.1619582205250705,4.004642233021005,4.049163195312774,3.284544291596673,3.1233508395183915,3.131866132927552,2.4403767473080227,2.268011218845242,2.2533800198778957,0.3837478713559986,0.009644884856012163,0.3894354553850305,0.03304125595580862,0.38739102309521073,0.030507210394522654,0.37320275167468375,0.03460124416212179
520,0.755055055055055,5.08543942129535,4.879550896512487,4.958318644228792,4.168205929915861,4.010831894840451,4.055627486596327,3.2913487084163484,3.1301071172992847,3.138851746080341,2.4471953556873105,2.274574865888483,2.259896217937984,0.38361644610881346,0.009645789508831642,0.3892210337654237,0.033043388012226296,0.3871529363082379,0.030500025372593397,0.37329653818630376,0.03462647966723473
521,0.7555455455455455,5.091218249154375,4.885273316976507,4.964222432840857,4.174448494714843,4.017015431548216,4.062086344995426,3.2981518598988315,3.136863038751887,3.145834876706335,2.4540166064664644,2.2811377687534478,2.2663997105564166,0.3834846366964959,0.009646942468781991,0.38900679297214624,0.03304572695998159,0.38691302571669217,0.03049299367376437,0.3733912950605839,0.034652878293449714
522,0.7560360360360361,5.096992310371448,4.890990102172147,4.970121120933425,4.18068591322811,4.023192844734535,4.068539723674743,3.3049539468662212,3.1436187565033498,3.1528157379469843,2.4608410910581258,2.2877004936115077,2.272891256752968,0.3833523488745549,0.009648346244804068,0.38879273271466713,0.03304827559774925,0.3866712025030526,0.030486117854840556,0.37348682686311263,0.03468043545775297
523,0.7565265265265265,5.1027615972284925,4.896701227823698,4.9760146949854525,4.186918207073266,4.029364148174721,4.074987575386561,3.3117551689344173,3.1503744472713144,3.1597945343417915,2.4676693883673972,2.2942635954378066,2.2793716531176127,0.3832194882464359,0.009650002761101235,0.388578848120198,0.03305103767169198,0.3864273808611753,0.030479400668681555,0.3735829382196879,0.034709142653985676
524,0.757017017017017,5.108526102305744,4.902406669320999,4.981903140550964,4.1931454119074205,4.035529349512167,4.081429856345791,3.3185557247902993,3.157130272455059,3.166771465002899,2.474502096895654,2.3008276545102206,2.2858416878664234,0.38308595926595473,0.00965191446519464,0.38836513253081395,0.0330540184859721,0.3861814797686639,0.030472847561685574,0.37367942533081655,0.03473899391448617
525,0.7575075075075075,5.114285817983569,4.908106402755217,4.987786441833798,4.199367531595762,4.041688463500475,4.087866524613149,3.3253558148681135,3.163886403432535,3.1737467412373253,2.481339779545276,2.307393237420452,2.2923021461420516,0.38295166794709823,0.009654082585585469,0.3881515824715612,0.03305722003131162,0.3859334114343785,0.030466459485746004,0.3737760954395951,0.0347699795016637
526,0.757997997997998,5.120040735944638,4.913800402184821,4.993664587428645,4.205584613513663,4.047841503751999,4.094297541169929,3.3321556324402377,3.1706429919731867,3.1807205623352703,2.488183010294431,2.31396091327498,2.29875386409511,0.3828165187876227,0.00965650868847048,0.3879381881515322,0.03306064803440437,0.3856831002385293,0.030460242391429616,0.37387274082250416,0.03480208860686243
527,0.7584884884884885,5.125790848978662,4.919488645632041,4.999537559424931,4.211796671674456,4.053988489848725,4.1007228704725,3.338955377169586,3.1774001976762767,3.1876931320202635,2.4950323595144686,2.3205312614863405,2.305197683527565,0.38268041507032796,0.009659193558229693,0.38772494303454896,0.033064304734372815,0.38543046439854056,0.030454198640664197,0.3739691546684904,0.034835309289742156
528,0.7589789789789789,5.131536148885175,4.925171107188444,5.0054053452978575,4.218003749525616,4.060129441021345,4.107142478294624,3.345755241370928,3.184158157924705,3.194664648649225,2.501888386586855,2.3271048467157125,2.3116344399973974,0.3825432624330755,0.009662138286876973,0.38751183625085306,0.03306819501156402,0.38517543158951967,0.03044833408453073,0.374065129740039,0.034869630256863716
529,0.7594694694694695,5.137276628129399,4.930847765404878,5.011267928412723,4.224205876939843,4.066264377847946,4.113556333586924,3.352555421138009,3.190917028998959,3.2016353140084846,2.5087516323626944,2.3336822494066256,2.3180649796131885,0.3824049657100056,0.009665342981035207,0.38729885838782985,0.03307232212585961,0.38491792439715017,0.03044265226461182,0.37416046144932164,0.03490503606259655
530,0.75995995995996,5.143012278667851,4.936518595524649,5.017125294947547,4.230403092296389,4.072393327888909,4.119964408456546,3.3593561052685477,3.197676946701435,3.2086053197650295,2.515622639327889,2.340264040140874,2.3244901882980495,0.38226542913832745,0.009668807586018202,0.3870859971883954,0.03307668971337016,0.38465787359194953,0.030437157851843075,0.37425493515009695,0.03494151027169734
531,0.7604504504504505,5.148743092317354,4.942183573706556,5.022977430321346,4.236595438115946,4.078516318593632,4.12636667749962,3.3661574828007272,3.2044380462329625,3.215574862061718,2.522501947026564,2.3468507836759613,2.330910954189129,0.3821245572753426,0.009672531858135582,0.3868732394541115,0.03308130159583706,0.384395210292547,0.030431855687939633,0.3743483377403012,0.034979036125473914
532,0.7609409409409409,5.154469061100893,4.947842678871704,5.028824318526352,4.242782947539692,4.084633374820725,4.132763117299617,3.37295974216743,3.2112004655117707,3.222544130790231,2.529390079497453,2.3534430578702055,2.337328147819483,0.3819822555296731,0.009676515097164108,0.3866605736549027,0.03308616068198565,0.3841298647715838,0.030426749952425246,0.3744404584152291,0.03501759566518376
533,0.7614314314314314,5.160190176753029,4.953495887492878,5.034665944660122,4.2489656805632965,4.090744531777616,4.139153708288685,3.3797630646423027,3.2179643312800534,3.229513316629691,2.53628753882521,2.360041416460428,2.343742654708063,0.3818384314376164,0.009680756304987161,0.38644798208163844,0.033091271551264276,0.3838617757848927,0.03042184633573227,0.37453108833055937,0.03505716856504168
534,0.761921921921922,5.165906431326613,4.95914317815512,5.0405022960561805,4.255143674351219,4.09684982156988,4.1455384319947575,3.3865676340855275,3.2247297699906707,3.236482607985222,2.5431948445027586,2.3666464264942553,2.3501553930228574,0.38169298962619996,0.00968525407450694,0.386235451296299,0.03309663679794882,0.383590878489384,0.03041714901093124,0.3746200094718557,0.03509773401756567
535,0.7624124124124124,5.171617816394081,4.964784527877206,5.04633335486746,4.261316980382637,4.102949279164962,4.151917274934623,3.3933736258653204,3.2314968903028496,3.24345218100018,2.550112473306811,2.3732586491886294,2.356567283603992,0.38154583727979763,0.009690006380811588,0.38602296360583327,0.03310226007760519,0.3833171168310463,0.030412663891206344,0.3747070048854305,0.03513926714316054
536,0.7629029029029029,5.177324323080005,4.97041991692027,5.052159107525334,4.26748564802062,4.109042940889783,4.1582902257621726,3.400181218445969,3.238265812688114,3.250422218356044,2.557040918763588,2.379878637906903,2.3629792019917133,0.381396883180476,0.00969501152079904,0.38581050214125945,0.03310814429889852,0.3830404318510153,0.03040839585971035,0.37479186599230674,0.0351817474001601
537,0.7633933933933934,5.183025943623882,4.97604932267579,5.057979537646035,4.273649734005328,4.11513085170803,4.164657273795946,3.406990581822812,3.2450366459529363,3.2573929028494906,2.563980633727383,2.3865069320161783,2.3693920976215623,0.3812460356080591,0.009700266453071467,0.38559804695757666,0.03311429279840911,0.382760769902906,0.030404349624423482,0.3748743785320788,0.035225145450784597
538,0.7638838838838838,5.188722668935726,4.981672725952556,5.063794631898808,4.279809288182041,4.12121304225264,4.1710184143513525,3.413801883162129,3.2518094884210593,3.264364395924355,2.570932098093666,2.3931440787187053,2.3758068538128456,0.38109320470373,0.009705769093883597,0.3853855810585876,0.033120708630396574,0.3824780801539629,0.03040053149117311,0.3749543277485618,0.03526943970727036
539,0.7643743743743743,5.194414490610488,4.98729010652882,5.0696043745149915,4.285964368457106,4.127289566734979,4.1773736437559235,3.420615289749463,3.258584445114711,3.271336875069061,2.5778957277154557,2.399790610920558,2.382224400414604,0.38093830201094286,0.009711515514681154,0.3851730823183338,0.03312739412726483,0.3821923131885751,0.030396945642732043,0.37503150680004216,0.03531459805941376
540,0.7648648648648648,5.200101399787054,4.992901444211783,5.075408749947476,4.292115039719028,4.133360462036939,4.183722960427522,3.4274309597220864,3.265361607618396,3.2783105017790186,2.584871970940772,2.406447049555124,2.3886456620173244,0.3807812388402836,0.009717502611221876,0.38496052977641987,0.033134353227604246,0.38190342398069343,0.030393598682058806,0.3751057010502675,0.035360593173749615
541,0.7653553553553554,5.205783387675253,4.9985067216468035,5.081207744281793,4.298261349300505,4.1394257769456715,4.190066366849144,3.4342490511384027,3.2721410640692867,3.285285439017209,2.5918612314239824,2.4131139279979394,2.395071534770058,0.3806219293422949,0.009723726167997706,0.3847479033594471,0.033141587220128436,0.38161136757277403,0.030390494783384008,0.37517670435117045,0.03540739384456951
542,0.7658458458458458,5.211460445201724,5.004105918295739,5.087001343089336,4.304403376409795,4.145485560191956,4.196403868447373,3.4410697167814193,3.2789228991387125,3.2922618396399828,2.5988639061798704,2.419791746011939,2.4015029479327565,0.3804602885808699,0.009730182008903685,0.3845351773853055,0.03314910027368972,0.38131610676820854,0.03038764111428869,0.37524430885998267,0.035454967467696635
543,0.7663363363363362,5.217132563369806,5.009699017741059,5.092789529685984,4.310541169918914,4.1515398615523464,4.202735472566967,3.4478931010689133,3.2857071867683185,3.29923986252907,2.605880402269953,2.426481009194618,2.4079407928084953,0.3802962324559096,0.009736865786654874,0.3843223304155339,0.03315689352130259,0.38101760229985304,0.030385041402742872,0.37530830803769416,0.03550328396518747
544,0.7668268268268268,5.222799732999719,5.015286001188092,5.098572291116145,4.316674808619352,4.157588731570836,4.2090611889359275,3.454719351098904,3.292494002652854,3.3062196477745163,2.6129110716631665,2.4331822036048565,2.414386001617053,0.38012967906885203,0.00974377228865866,0.3841093363934009,0.03316497064714798,0.38071582176654034,0.0303827030849231,0.37536849814738543,0.03555230606317537
545,0.7673173173173173,5.228461944951923,5.020866853473969,5.10434961236412,4.322804332504553,4.163632224302419,4.215381031576661,3.461548601997491,3.299283411817037,3.3132013497033133,2.6199562761627857,2.4398958225405756,2.420839427395885,0.37996054896150827,0.009750896265185228,0.3838961739821699,0.03317333142502566,0.38041072949720933,0.030380628388864628,0.3754246832265786,0.03560200088379463
546,0.7678078078078078,5.234119189474089,5.026441557766427,5.110121477812379,4.328929829174928,4.169670391405975,4.221695016516624,3.468380990234245,3.3060754853742647,3.3201850960971777,2.627016352818924,2.4466223199949826,2.427301987793943,0.3797887634866055,0.009758232248756195,0.3836828145923989,0.03318197983472394,0.3801022994229079,0.03037882506479984,0.37547666446574257,0.035652331065340985
547,0.7682982982982982,5.239771457930214,5.032010099177402,5.115887874248759,4.335051366288212,4.1757032889261945,4.228003161205979,3.475216644058103,3.3128702685257903,3.3271710226461453,2.6340916251789164,2.453362170020518,2.4337745471895427,0.3796142464380483,0.00976577449465023,0.3834692324720438,0.03319091773873508,0.37979050722493496,0.03037729900814276,0.37552424602153733,0.03570326015218607
548,0.7687887887887888,5.245418739876248,5.037572461983523,5.121648785813476,4.3411690068842335,4.1817309733351955,4.234305486891269,3.482055684858802,3.31966782328036,3.3341592618961804,2.641182397216799,2.4601158122602858,2.440258006684901,0.37943692202528767,0.009773516367806344,0.3832554011601656,0.03320014641281461,0.37947532754252544,0.030376053977883604,0.37556723553409266,0.03575474705417042
549,0.7692792792792793,5.25106102627785,5.043128632431762,5.127404199925198,4.347282809984432,4.18775349969387,4.240602017546439,3.488898233766699,3.3264681925132935,3.3411499366731485,2.648288956623049,2.4668836798648854,2.4467531838989176,0.3792567197440699,0.009781451748140265,0.3830412955509265,0.03320966674548759,0.379156738838254,0.03037509500586782,0.37560545181163457,0.035806755563049894
550,0.7697697697697697,5.256698307299847,5.048678595893581,5.133154101864825,4.353392862797908,4.193770933875833,4.24689277894208,3.4957444018874395,3.3332714160448718,3.3481431655675475,2.655411575218384,2.473666196631203,2.4532609497246467,0.3790735685475307,0.009789573797536411,0.3828268840803663,0.033219481239842884,0.3788347279872898,0.030374428199998017,0.3756387070950165,0.03585924375615021
551,0.7702602602602602,5.26233057292116,5.054222342053988,5.138898476917024,4.359499231834694,4.19978332862017,4.253177801270728,3.5025942966438373,3.3400775284553403,3.3551390599390163,2.6625505018223463,2.4804637619383785,2.459782124870832,0.3788874016151568,0.009797875615407105,0.38261214004037886,0.0332295910253249,0.37850927994552086,0.030374058910004508,0.3756668254161161,0.03591217140059628
552,0.7707507507507507,5.267957813673387,5.05975985678253,5.144637311005566,4.365601984617689,4.2057907473711555,4.259457114428274,3.5094480236295427,3.3468865660369627,3.362137728085321,2.6697059781461467,2.4872767782631993,2.4663175323519706,0.37869815229789705,0.009806349939143257,0.3823970346896239,0.03323999698622916,0.37818038178246355,0.03037399164436254,0.37568963059341476,0.03596549668010563
553,0.7712412412412413,5.273580019268732,5.065291128791866,5.150370591144939,4.3717011938628945,4.211793252266038,4.2657307530557755,3.516305672949145,3.353698554129025,3.3691392733429195,2.676878224684684,2.4941056257563523,2.472867986835903,0.3785057569150319,0.00981498915264645,0.3821815384881205,0.03325070007059512,0.3778480263632352,0.030374230644582577,0.37570694941100574,0.036019175993005546
554,0.7717317317317317,5.279197180117008,5.070816148255432,5.156098304115473,4.3777969265421595,4.217790906048616,4.271998752431895,3.523167339726274,3.3605135089997926,3.376143788130103,2.684067438027826,2.5009506548803597,2.479434246621773,0.3783101567965657,0.009823785935414596,0.3819656228258903,0.03326170061695696,0.3775122080686618,0.030374781167266354,0.3757186224044463,0.03607316912382291
555,0.7722222222222221,5.284809285403139,5.076334904934841,5.161820434606936,4.383889272198461,4.223783767805042,4.2782611522460225,3.5300331065275925,3.367331456807892,3.3831513669551354,2.691273791460756,2.5078122196406767,2.4860170958789256,0.37811129319134246,0.00983273219116459,0.38174925517685093,0.03327300094714339,0.3771729247395713,0.03037564869340023,0.3757244891415288,0.036127429297900894
556,0.7727127127127127,5.2904163259271515,5.081847390381312,5.167536971195528,4.389978280240105,4.229771902489313,4.284517992369035,3.536903054448695,3.3741523971283622,3.390162096600581,2.698497453987056,2.5146906538753004,2.492617279657462,0.3779091104501307,0.009841819871049309,0.3815324090047796,0.03328459956600272,0.37683017446217026,0.03037683642708221,0.3757243932127624,0.03618191396607168
557,0.7732032032032032,5.2960182905345805,5.0873535960855145,5.173247899980433,4.396064034777561,4.235755379814273,4.290769316649039,3.5437772559056246,3.38097634043913,3.397176053449109,2.7057385642386356,2.5215862654945917,2.499235515183178,0.37770355712925435,0.009851040883375085,0.38131505083483247,0.0332964973136855,0.37648396279467183,0.030378349213073582,0.3757181892031196,0.03623657891872739
558,0.7736936936936937,5.301615169590611,5.092853512831432,5.178953207345429,4.40214660581503,4.24173425659653,4.2970151708489235,3.5506557766790063,3.3878032891625813,3.4041933113260603,2.7129972527191395,2.5284993558619564,2.5058725173158454,0.37749458245930806,0.00986038695477168,0.3810971509828723,0.033308694900494706,0.3761342941604164,0.030380191440514577,0.37570573166759946,0.036291379080515364
559,0.7741841841841841,5.307206952814123,5.098347135804444,5.184652881135228,4.408226068064852,4.247708601832228,4.30325560050135,3.557538681039308,3.3946332458468818,3.411213942073894,2.7202736236082763,2.5354302049645567,2.512528962154698,0.3772821399422441,0.009869849636256083,0.3808786781084471,0.03332119210501459,0.37578117588161586,0.030382366962418316,0.3756868871902119,0.03634626958160841
560,0.7746746746746747,5.312793629616122,5.103834458015707,5.190346909415789,4.414302493114628,4.25367848133442,4.309490657873912,3.564426021239518,3.4014661875621703,3.418238004017843,2.7275677578226554,2.5423790776439796,2.519205522277335,0.3770661855475053,0.009879420253469077,0.3806596004819842,0.03333398871142113,0.375424622727162,0.030384880380194445,0.3756615210401508,0.03640120430353139
561,0.7751651651651652,5.318375189678161,5.10931547534895,5.196035278512854,4.420375944296213,4.259643957675125,4.315720392092757,3.571317847631787,3.408302115259687,3.4252655552221327,2.734879731198956,2.5493462140100265,2.5259028070261045,0.3768466788201117,0.009889090449367994,0.38043988869610135,0.03334708385743958,0.375064644202661,0.03038773418070146,0.37562951510072307,0.03645614022441124
562,0.7756556556556556,5.323951622572091,5.1147901828716735,5.201717976574259,4.426446502566014,4.265605100960027,4.321944858581991,3.578214203889103,3.4151410047575084,3.432296643447998,2.7422095829392052,2.556331848373132,2.5326214562775413,0.37662358092586296,0.009898851195442326,0.3802195089194016,0.03336047757713456,0.3747012604642846,0.030390933114528538,0.3755907468810955,0.03651102921252096
563,0.7761461461461461,5.3295229184621205,5.120258577197461,5.207394992544496,4.4325142300867935,4.2715619690837,4.328164111794852,3.585115128133012,3.4219828395585488,3.4393313115942963,2.7495573546576693,2.5633361833447776,2.539362032332296,0.3763968573756235,0.009908694206367068,0.3799984323743327,0.033374169087714685,0.3743344874343189,0.030394480306179843,0.37554510896532045,0.0365658290868642
564,0.7766366366366366,5.3350890664405615,5.125720654609917,5.213066312861004,4.4385791986658445,4.27751463968258,4.334378210079558,3.5920206503254937,3.4288275840615077,3.446369605587101,2.7569230450856677,2.5703594114831985,2.546125102286018,0.37616647643389794,0.00991861035624018,0.3797766248994942,0.03338815694611896,0.3739643493616243,0.030398378421857043,0.3754924973979996,0.03662049285170651
565,0.7771271271271272,5.340650056431614,5.13117641475107,5.218731927378747,4.444641478242671,4.28346316695525,4.340587211349131,3.59893079461238,3.4356752174870544,3.4534115539487837,2.7643066530475373,2.577401705276686,2.552911184867909,0.37593240941264516,0.009928591168804136,0.3795540571612017,0.03340244089315383,0.37359086798441116,0.03040263096986435,0.37543281690173386,0.03667497682527531
566,0.7776176176176176,5.346205877965031,5.136625856602899,5.224391824606098,4.450701133962216,4.289407623022102,4.346791176754197,3.605845583599532,3.4425257051858305,3.4604571808179574,2.771708149367407,2.584463208187426,2.5597207862765075,0.3756946310638167,0.009938627855713976,0.3793306971091223,0.033417019029844286,0.3732140702753842,0.03040724053158717,0.3753659794030877,0.03672923685613098
567,0.778108108108108,5.351756520835405,5.1420689791172025,5.230045993950845,4.45675824193638,4.295348071503922,4.352990169479754,3.6127650274567973,3.4493790012275785,3.467506510299165,2.779127499174132,2.5915440659233404,2.566554380228906,0.37545311815807897,0.00994871193282897,0.37910651220540564,0.03343189093992242,0.37283398729724676,0.030412210699381083,0.3752918985918618,0.03678322951708742
568,0.7785985985985986,5.357301974580817,5.147505782821497,5.2356944215947525,4.4628128561586,4.301284577241395,4.359184252858187,3.6196891359297276,3.4562350716378054,3.4745595602467656,2.786564618840674,2.59864438360891,2.5734123886864992,0.3752078531341072,0.009958834528404032,0.37888147264020255,0.033447054142612856,0.372450646344117,0.030417542455104123,0.37521050934799877,0.03683691060068165
569,0.7790890890890891,5.36284222949794,5.152936270651135,5.241337100260814,4.468865046114562,4.307217206289123,4.365373491362208,3.6266179091478445,3.4630938741442203,3.481616333274223,2.7940194452618834,2.6057642554046794,2.580295248901731,0.3749588185113148,0.009968987178708779,0.37865554742544605,0.03346250713047041,0.3720640820932955,0.030423238268221037,0.37512173815454225,0.036890237681368634
570,0.7795795795795796,5.3683772747756,5.1583604435584025,5.246974018544595,4.474914876094353,4.3131460207707395,4.371557952901888,3.6335513439475617,3.4699553446575666,3.488676836648065,2.8014918689725934,2.612903759372555,2.58720330300096,0.3747060035532303,0.009979161770091947,0.37842870535170525,0.03347824830060911,0.37167433135994093,0.03042930121232329,0.37502553134580785,0.036943170773021415
571,0.78007007007007,5.37390710106786,5.1637783054153035,5.252605166015441,4.480962405659792,4.3190710831397086,4.377737705850792,3.6404894305071167,3.476819437619701,3.4957410680824483,2.8089817895639575,2.6200629457890496,2.5941369339752343,0.3744493967042142,0.009989349890622732,0.37820091655494625,0.03349427550114243,0.371281430053634,0.03043573246924205,0.374921832387589,0.03699566811341985
572,0.7805605605605606,5.37943169790722,5.169189860541753,5.25823053268009,4.48700769999163,4.324992460512668,4.383912818352876,3.6474321528850617,3.4836861041659737,3.502809018732402,2.816489051565563,2.627241857678556,2.6010964356105135,0.374188993355679,0.009999543118777487,0.3779721496816856,0.03351058656828111,0.3708854178533157,0.03044253324550313,0.3748106043661567,0.03704768781881668
573,0.7810510510510511,5.3849510556949465,5.174595112345636,5.263850109254454,4.493050810527179,4.3309102140974955,4.390083360778284,3.6543794917344763,3.4905552779279887,3.509880676736135,2.8240135186618,2.6344405065146503,2.608082101465366,0.3739247895702823,0.010009733636586977,0.37774237599751326,0.033527178747604476,0.3704863353789024,0.030449704799540376,0.37469180873155783,0.03709919230210198
574,0.7815415415415415,5.390465164560048,5.179994068495652,5.269463885422674,4.499091810142876,4.336824402025444,4.396249405156027,3.6613314197767988,3.497426900219914,3.5169560238104096,2.8315550147895268,2.6416588934960368,2.6150941713458815,0.373656786432384,0.01001991365947205,0.3775115642976688,0.03354405084074689,0.3700842271143573,0.030457249532295592,0.37456542099113466,0.03715014265016028
575,0.782032032032032,5.395974014949151,5.1853867344373645,5.275071853416153,4.505130733199496,4.342735087606939,4.402411024027377,3.668287905214616,3.504300898502066,3.5240350326511516,2.8391133667781934,2.648896991859242,2.622132867033522,0.37338498684715515,0.010030075529227273,0.3772796882220871,0.03356119831597822,0.36967913675747094,0.03046516673570928,0.3744314189251354,0.037200503402893166
576,0.7825225225225225,5.401477597596435,5.190773116927433,5.280674003700263,4.511167658030902,4.348642331962067,4.4085682900092715,3.6752489098867507,3.511177214115551,3.5311176776983406,2.846688361000798,2.656154766654477,2.6291983620613646,0.3731093983923214,0.010040211762486905,0.37704671532684536,0.03357862036493248,0.3692711127249815,0.030473458275578093,0.3742897956809174,0.03725023679068433
577,0.7830130130130131,5.406975903018273,5.19615322583536,5.286270328486793,4.517202617170846,4.354546192030112,4.414721277660487,3.682214393339912,3.5180557664095726,3.5382039239047214,2.8542797971496934,2.663432148504237,2.636290814689363,0.37283003022066435,0.010050315244416923,0.376812620794309,0.03359631232846022,0.36886020136814823,0.03048212371025955,0.3741405447837081,0.037299310471456085
578,0.7835035035035035,5.4124689222997535,5.2015270679047925,5.291860818811848,4.523235675523867,4.36044672721492,4.420870061555538,3.6891843094269814,3.524936490148709,3.545293727966759,2.8618874380397292,2.670729064713603,2.6434103452124162,0.37254689520060463,0.010060378906893479,0.3765773742212498,0.03361427242741423,0.3684464538713225,0.03049116415833995,0.37398367128566906,0.03734768963830285
579,0.7839939939939939,5.417956646173954,5.206894654643704,5.297445466138373,4.529266881389434,4.366343992623914,4.427014716887737,3.6961586044820387,3.5318193038351584,3.552387046129581,2.8695110367050547,2.678045423246577,2.6505570206940456,0.3722600100444564,0.010070396082988901,0.37634094884119984,0.03363249732076079,0.3680299219906517,0.030500579821211828,0.3738191886527859,0.03739534315180632
580,0.7844844844844845,5.4234390661076235,5.212255995183757,5.303024265555626,4.535296277001963,4.372238048273744,4.433155319397194,3.7031372227834316,3.538704137656367,3.559483832445576,2.877150339965662,2.6853811010279878,2.657730905946563,0.37196939314986927,0.010080360124525362,0.3761033182630243,0.03365098309304909,0.3676106563175332,0.030510369122352048,0.37364711714649557,0.03744224007947478
581,0.784974974974975,5.428916173586077,5.217611101997006,5.308597206215549,4.541323908143139,4.378128944552588,4.4392919453338635,3.7101201019706576,3.545590905693937,3.5665840274771896,2.884805066452891,2.692735963987892,2.664932008525761,0.3716750674347458,0.010090264827028213,0.37586445652886835,0.03366972654073401,0.3671887118823287,0.030520532456069106,0.3734674857438463,0.0374883514901358
582,0.7854654654654654,5.434387960380397,5.222959986026731,5.314164282207489,4.547349825911283,4.384016736099389,4.445424671760104,3.717107179134468,3.552479523140224,3.5736875769510843,2.8924749429616607,2.700109870171854,2.6721603120817385,0.37137705707089275,0.010100104488450931,0.37562433671306533,0.03368872473127912,0.36676414438907506,0.03053107004184208,0.37328032767114344,0.0375336512006598
583,0.7859559559559559,5.43985441824003,5.228302660553076,5.319725487804063,4.553374066140424,4.389901477365253,4.4515535744470505,3.724098381170896,3.5593699185243044,3.580794408903764,2.9001596692795153,2.7075026426585316,2.6794157513352,0.3710753911233313,0.010109873439793313,0.3753829346754927,0.03370797328993398,0.3663370092240216,0.03054197957895578,0.3730856901035828,0.03757811403722256
584,0.7864464464464465,5.445315539704872,5.233639139143353,5.325280814984548,4.559396671909415,4.395783216330914,4.4576787312440285,3.7310936367439584,3.5662619965830302,3.5879044676871668,2.907858926827088,2.7149141047942944,2.686698260095814,0.3707700995538288,0.0101195660503081,0.3751402256870711,0.03372746895381249,0.36590736301281446,0.030553260941089632,0.37288362214193893,0.037621713689668136
585,0.7869369369369369,5.450771317079703,5.238969436187027,5.330830258063373,4.565417677414683,4.4016619995634185,4.463800218513006,3.738092865081212,3.5731556732299627,3.595017670382112,2.915572403177484,2.722344049389187,2.6940077338706216,0.37046121537251453,0.010129177312873,0.3748961871475837,0.03374720773645029,0.36547526437123934,0.03056491277873786,0.37267417826581223,0.037664428260301024
586,0.7874274274274273,5.456221743239151,5.244293565378695,5.336373812266686,4.571437124862876,4.407537885836118,4.469918114164037,3.7450959877758563,3.5800508653317817,3.602133945752232,2.9232997578917193,2.7297922570971815,2.7013440106129494,0.3701487759655958,0.01013870244712094,0.3746507934199494,0.03376718556626225,0.36504077289413234,0.030576933226524883,0.3724574292731937,0.037706237053959396
587,0.7879179179179179,5.461666811144933,5.249611543450995,5.341911470197576,4.577455041464185,4.4134109099915175,4.476032493654981,3.7521029161691155,3.5869474774438306,3.6092532114544755,2.9310406632554313,2.7372585026736544,2.7087069072125924,0.3698328192478054,0.010148137301427803,0.37440402493006575,0.033787398603943,0.36460394706026394,0.030589321132116244,0.37223344314893364,0.037747122849645015
588,0.7884084084084084,5.467106514354108,5.254923386679177,5.34744322715174,4.583471464075561,4.419281125478809,4.482143434683445,3.759113564110932,3.5938454280109595,3.6163753829025955,2.9387947543319974,2.7447425353509236,2.716096220690449,0.36951338708121456,0.01015747741219608,0.3741558580992536,0.03380784256687223,0.3641648477135975,0.03060207423623055,0.37200230188666494,0.03778706638781668
589,0.7888988988988989,5.472540846521039,5.260229111278496,5.352969079362777,4.589486427620596,4.42514857101525,4.488251013349294,3.7661278363786956,3.600744619927786,3.623500376442992,2.946561675822989,2.7522440921795694,2.7235116967188167,0.36919052378931894,0.010166719308539107,0.37390627213385547,0.033828514089900806,0.3637235364837487,0.03061519129250547,0.3717640918522092,0.037826053805564135
590,0.7893893893893893,5.4779698019580865,5.265528734818854,5.3584890218396835,4.595499943162973,4.4310132893993,4.494355304680127,3.773145641335961,3.6076449617501147,3.6306280957633086,2.954341066125221,2.7597628962365284,2.7309531030900303,0.36886427339739347,0.01017585913681353,0.3736552493727825,0.03384940753639178,0.36328007247569805,0.030628669139612354,0.3715188986509319,0.037864070194338295
591,0.7898798798798798,5.483393374773346,5.270822276110866,5.36400304829869,4.601512049903058,4.436875322506305,4.500456385232177,3.7801668784364755,3.6145463682798606,3.6377584473050146,2.9621325453972855,2.767298659141997,2.7384200959058966,0.36853468647465654,0.010184894159227931,0.3734027679569788,0.03387051951847605,0.36283451894223817,0.03064250578815289,0.37126682836889247,0.03790110583014252
592,0.7903703703703704,5.488811560357018,5.276109752666853,5.369511156778755,4.607522766382883,4.442734708714426,4.506554328869338,3.7871914482821536,3.621448744384526,3.644891336246312,2.9699357212984694,2.7748510833055042,2.745912379521565,0.3682018123814124,0.010193821020462917,0.3731488105374504,0.03389184546162794,0.36238693670435257,0.030656698510765752,0.3710079817947876,0.037937147415467734
593,0.7908608608608608,5.494224353680644,5.281391185080611,5.375013342574125,4.613532112291748,4.448591483427199,4.512649210678805,3.794219245145421,3.628351999262414,3.652026656905287,2.977750219894367,2.782419845986382,2.7534295943358185,0.36786570372228705,0.010202637533669347,0.37289335984079364,0.03391338078592094,0.36193738835708045,0.030671244415445876,0.3707424680907224,0.037972189154823484
594,0.7913513513513513,5.499631750201968,5.286666591696173,5.380509602446698,4.619540111358287,4.454445685556495,4.518741103383449,3.8012501662648823,3.6352560339886235,3.659164309889896,2.985575635821403,2.790004630022716,2.760971347734614,0.36752641570409056,0.010211341472700395,0.37263639780040114,0.03393512128901287,0.36148593708183197,0.030686141332271447,0.37047040510412477,0.03800622429908304
595,0.7918418418418418,5.505033746149932,5.2919359947942155,5.385999934247623,4.625546778442275,4.460297345629867,4.5248300795962075,3.8082841021798535,3.6421607688510935,3.666304187422982,2.9934115727963104,2.7976050913717843,2.7685372658061724,0.36718400343511254,0.010219930601173526,0.3723779097024485,0.03395706234832082,0.3610326429487964,0.030701385348757847,0.37019191114953137,0.038039245936805875
596,0.7923323323323324,5.510430338111027,5.297199413251474,5.391484333971445,4.6315521318329305,4.466146494325571,4.530916210592748,3.8153209449302277,3.649066106084897,3.6734461828400358,3.001257630673537,2.805220890547843,2.7761268967032477,0.3668385254212127,0.010228403703914358,0.3721178797986402,0.03397920001753315,0.3605775685879695,0.03071697416689544,0.36990711348810945,0.038071253146076796
597,0.7928228228228228,5.515821523194426,5.30245686995411,5.396962800180312,4.63755617120817,4.471993166542039,4.53699956816947,3.822360581451587,3.6559719527469965,3.68059018358328,3.0091134080824755,2.812851666131973,2.7837397887673134,0.3664900413627485,0.01023675941342867,0.3718562953764145,0.0340015281881252,0.3601207755154248,0.03073290286431586,0.3696161418121808,0.03810224552316676
598,0.7933133133133132,5.521207298602946,5.307708385010737,5.402435330420388,4.643558929875781,4.4778373891829855,4.54308022066185,3.829402900620278,3.6628782158479263,3.6877360764758933,3.01697847941894,2.820497053600476,2.7913754717285366,0.3661386130975049,0.010244996717146246,0.37159313997754784,0.03402404441258175,0.3596623282726667,0.030749170484680514,0.3693191326505795,0.038132221641287364
599,0.7938038038038038,5.526587662077485,5.312953981916121,5.40790192257055,4.6495603915871335,4.483679185099693,4.549158237607316,3.8364477873905125,3.6697848138666673,3.6948837474529688,3.0248524556939387,2.8281566847618715,2.79903344749977,0.3657843015702912,0.010253114997904074,0.37132840534674744,0.03404674220260889,0.35920228285064754,0.030765770767474,0.3690162227533597,0.03816118567865205
600,0.7942942942942943,5.531962612555712,5.318193683397383,5.413362575881752,4.65556057786641,4.489518582482242,4.55523368558569,3.8434951254558065,3.6766916560671317,3.7020330788692637,3.0327349097156704,2.8358301710522102,2.8067132120218097,0.3654271713921684,0.010261113657196601,0.3710620776765844,0.034069618021292145,0.3587407030880356,0.030782701115155256,0.36870755617992956,0.03818913937584532
601,0.7947847847847848,5.537332148646097,5.323427510904039,5.418817288977192,4.661559490685799,4.495355605360532,4.561306629440141,3.850544799286816,3.6835986463483072,3.709183955684296,3.040625433432653,2.8435171332595903,2.814414228355601,0.365067286927996,0.010268992664225932,0.3707941465202389,0.03409266715153604,0.3582776494264764,0.030799957844316436,0.36839327733777927,0.03821608897156645
602,0.7952752752752752,5.542696269462725,5.32865548998691,5.4242660611195275,4.667557135367473,4.501190274974701,4.567377135592528,3.8575966940392785,3.6905057061428708,3.716336254351669,3.048523628122217,2.8512171824483086,2.822135945342721,0.3647047132955299,0.010276752349003142,0.3705246018807436,0.034115885006640645,0.3578131812111747,0.030817537045841965,0.3680735341561231,0.03824204276818168
603,0.7957657657657657,5.548054975339147,5.333877642827458,5.42970889232641,4.673553510249259,4.507022605387434,4.5734452657793865,3.8646506900169038,3.6974127452636125,3.7234898602958983,3.0564290674167425,2.858929905866514,2.8298777741107943,0.3643395192605178,0.01028439323799307,0.3702534362875987,0.034139267446400876,0.35734735614481633,0.030835434705992194,0.3677484863877056,0.03826700964167092
604,0.7962562562562563,5.553408266419253,5.339093994321229,5.435145781021001,4.679548608200592,4.51285262147607,4.579511081467612,3.8717066706713172,3.7043196811701034,3.730644646686729,3.064341347723969,2.866654919215371,2.837639176846226,0.36397176928144764,0.010291915382674394,0.3699806416700099,0.03416280886317438,0.35688023287637094,0.030853645779381954,0.3674182787663209,0.038290996594885746
605,0.7967467467467467,5.558756143966566,5.344304567468095,5.44057672904517,4.685542434450641,4.518680333813947,4.585574643425058,3.8787645180794295,3.7112264237963695,3.737800493402962,3.0722600599426593,2.874391805336357,2.845419522889204,0.3636015336236214,0.010299320307858392,0.36970621072240634,0.034186505978037046,0.3564118699893584,0.030872167573448215,0.3670830747038539,0.03831401818621676
606,0.7972372372372372,5.564098609511292,5.349509388089887,5.446001736515547,4.691534982912129,4.524505759670483,4.591636009366644,3.885824114881517,3.718132904414814,3.744957279175194,3.0801848082024827,2.882140167506414,2.853218225773524,0.36322887881861704,0.010306608844236138,0.3694301374474138,0.034210353925035825,0.3559423219520933,0.030890994578254265,0.36674302934518527,0.038336085528902726
607,0.7977277277277277,5.5694356651072265,5.354708480784115,5.451420804516661,4.697526242830225,4.530328909401478,4.5976952362648085,3.892885343556951,3.7250390313193305,3.7521148801362836,3.0881151987685103,2.8898995890382024,2.8610346495601418,0.36285387452667184,0.010313782772638209,0.36915241767036633,0.034234348138991545,0.35547164517469243,0.030910123018668093,0.3663983038522833,0.03835721574799977
608,0.7982182182182183,5.57476731341438,5.35990187030924,5.456833934496476,4.703516209993415,4.536149796680336,4.603752378212805,3.8999480867109924,3.731944724621233,3.7592731710393896,3.096050823480054,2.8976696603297296,2.8688681867736614,0.36247658948790107,0.010320843264368088,0.3688730463695585,0.03425848444068052,0.3549998955487437,0.030929548770633333,0.36604905785845354,0.03837742148497704
609,0.7987087087087087,5.580093557606646,5.365089581028165,5.462241127870876,4.709504871568159,4.541968429566433,4.609807488958852,3.9070122286044033,3.7388499214967674,3.766432031338895,3.10399131158928,2.905449977566266,2.876718183048176,0.3620970920562915,0.010327792478805435,0.36859202064659996,0.03428275845861201,0.3545271234643736,0.03094926624226972,0.36569545492187316,0.038396721895052874
610,0.7991991991991991,5.58541440150586,5.3702716398355665,5.467642385538597,4.715492220698177,4.547784811035809,4.61586061901015,3.914077655782446,3.745754538758203,3.7735913385626163,3.111936266971576,2.9132401239303847,2.8845840195355508,0.3617154510813848,0.010334632154345968,0.36830933832832236,0.034307166550929545,0.3540533818681038,0.030969272483221403,0.36533765611882213,0.03841513270671343
611,0.7996896896896897,5.590729849867838,5.375448070674508,5.473037711877193,4.721478242131919,4.553598951675207,4.621911818405507,3.9211442517702646,3.752658497991846,3.780750970630372,3.119885314644334,2.921039696242424,2.892465043513735,0.3613317353876374,0.010341364475042683,0.36802499763447116,0.03433170421733962,0.3535787232144168,0.030989562536544668,0.36497582270509804,0.038432673376036036
612,0.8001801801801802,5.596039907521575,5.3806189002010205,5.478427109214255,4.727462917678825,4.559410852669698,4.6279611331168535,3.928211902932669,3.7595617456812063,3.787910800610292,3.1278381042991046,2.928848285266938,2.900360586551625,0.36094601313630637,0.010347992195391053,0.36773899926660136,0.03435636721082807,0.35310319426958925,0.03101013079625536,0.36461011882830086,0.03844936670032814
613,0.8006706706706707,5.601344579942107,5.3857841541865925,5.4838105776202655,4.733446235668928,4.565220519154365,4.634008610113673,3.935280501468555,3.7664641962275454,3.795070713432871,3.135794258918267,2.9366654895811424,2.90827003257918,0.3605583513011931,0.010354517309975901,0.36745134190480677,0.03438115170102896,0.35262684554264073,0.031030974208163534,0.3642407017089825,0.03846523023922661
614,0.8011611611611611,5.6066438733638675,5.390943857002122,5.489188126251263,4.739428177926106,4.571027947492138,4.640054290742902,3.9423499331886807,3.7733657911783833,3.802230584974407,3.143753438741626,2.9444909167463247,2.916192692769759,0.3601688179023668,0.010360942982855644,0.36716202847733587,0.034406054184627714,0.3521497228225659,0.0310520877569321,0.36386773410046586,0.0384802888474205
615,0.8016516516516516,5.611937794975312,5.396098035712487,5.494559753728084,4.745408729933721,4.576833141715186,4.646098217453126,3.949420092666517,3.7802664666162737,3.8093902974037777,3.1517153041300086,2.952324161319073,2.9241279500218065,0.3597774781464536,0.010367271780306372,0.36687105911593254,0.03443107080925864,0.35167187230949776,0.031073467166725106,0.36349137162624917,0.03849456385205242
616,0.8021421421421422,5.617226351949426,5.401246715147325,5.499925465980685,4.751387861480044,4.582636093031341,4.6521404283002505,3.956490872116243,3.7871661568219084,3.816549734616872,3.159679520477551,2.9601648414031114,2.9320751303669566,0.35938439824701063,0.010373506784338706,0.36657843944913565,0.03445619759458457,0.3511933357914323,0.03109510762157135,0.36311177365232344,0.038508079885735826
617,0.8026326326326326,5.622509552407051,5.406389921105701,5.505285267998275,4.757365560399418,4.588436803279887,4.658180960977938,3.9635621675588393,3.7940648091077094,3.8237087770077296,3.1676457618727385,2.9680125780635755,2.940033604529652,0.35898964222965596,0.010379650755948176,0.366284171147796,0.03448143128928541,0.3507141572247394,0.031117004735838984,0.3627290933180715,0.03852085905904076
618,0.8031231231231231,5.627787404651592,5.411527679520952,5.5106391637344245,4.763341804880444,4.594235265077517,4.6642198496723974,3.970633876315585,3.8009623679435904,3.8308673131084645,3.1756137327875793,2.9758669889866014,2.948002721192055,0.3585932734538752,0.010385707249293457,0.36598825901793336,0.03450676858067012,0.3502343763717133,0.03113915404107011,0.36234348399936656,0.03853292871076179
619,0.8036136136136136,5.633059918686576,5.416660016271392,5.51598715918444,4.7693165679889304,4.600031469795312,4.670257126420131,3.9777059011983917,3.8078587701882602,3.838025227748899,3.1835831298374897,2.9837277080743467,2.9559818558109603,0.3581953538744007,0.010391679413810556,0.36569070963241435,0.034532206028860854,0.34975403260447074,0.031161551941552706,0.3619550931429602,0.03854431361514072
620,0.8041041041041042,5.638327103489275,5.421786955803187,5.5213292597983905,4.775289823165457,4.605825411503434,4.67629282282164,3.9847781423122983,3.8147539746800208,3.845182412224432,3.1915536750903675,2.9915943786410097,2.963970382914046,0.35779594350730887,0.010397570525136592,0.36539152874741687,0.03455774008305605,0.34927316195099684,0.031184192656833237,0.36156406700895033,0.038555039487458385
621,0.8045945945945946,5.64358897061745,5.426908524053939,5.526665470666579,4.781261558525783,4.611617078213633,4.6823269658315025,3.991850505865207,3.821647923576772,3.8523387530738726,3.1995250916627223,2.9994666515545414,2.971967680214472,0.35739510229742194,0.010403384226332869,0.36509072208166904,0.034583369001446214,0.3487918032339573,0.0312070741851016,0.3611705479311273,0.03856513311524585
622,0.805085085085085,5.648845530523643,5.432024746447472,5.531995798734091,4.787231737923853,4.617406464050167,4.688359581833193,3.998922901576389,3.8285405792208396,3.859494148737987,3.20749713124768,3.0073441840112745,2.979973152212901,0.3569928867341946,0.01040912386534734,0.36478829809809027,0.034609088567675146,0.3483099874126592,0.031230190407041527,0.3607746744656795,0.03857462125326999
623,0.8055755755755756,5.654096794648229,5.437135647781438,5.537320251615561,4.793200330811992,4.62319355165899,4.694390694116566,4.005995237053674,3.835431890723175,3.8666484939340267,3.215469536038627,3.015226644984917,2.9879861950420263,0.35658935376247486,0.010414792902396658,0.36448426670793627,0.03463489605390178,0.3478277469074895,0.031253537464188484,0.3603765832903274,0.038583530187158946
624,0.8060660660660661,5.659342775772432,5.442241252408827,5.542638835433117,4.799167322698688,4.628978328998453,4.700420323680915,4.013067429730798,3.842321824180334,3.8738016827650967,3.2234420920346807,3.0231137209131935,2.9960062405294217,0.3561845559870288,0.010420395164459348,0.364178634974313,0.03466078986906022,0.3473451131082019,0.0312771124217449,0.35997640083818067,0.0385918878607907
625,0.8065565565565566,5.664583486768293,5.447341585697914,5.547951557932496,4.80513268179669,4.6347607857712925,4.706448490082085,4.02013939504772,3.8492103391357437,3.8809536232668025,3.231414578280188,3.0310051004738803,3.004032722145168,0.3557785459406075,0.010425934090380326,0.3638714128157428,0.034686766814799694,0.3468621141646551,0.03130091037636363,0.35957425476674193,0.0385997209143451
626,0.807047047047047,5.669818941022081,5.452436672358363,5.55325842641244,4.8110963745764,4.640540901257691,4.712475210012322,4.027211054744882,3.856097393891012,3.8881042113087134,3.239386797680643,3.0389004961445822,3.0120650786500067,0.35537137371594846,0.010431413540390727,0.3635626122407348,0.03471282446601393,0.3463787770800087,0.031324928305770106,0.3591702640390818,0.03860705816444277
627,0.8075375375375375,5.675049152652709,5.457526535572528,5.558559450859554,4.8170583839681305,4.646318661401414,4.718500498197893,4.034282330831165,3.8629829700093214,3.895253359925589,3.247358566096501,3.0467996187711743,3.0201027976525703,0.3549630865919738,0.01043683697042392,0.3632522424690029,0.03473896148376821,0.3458951260290501,0.03134916196610802,0.35876454479884284,0.03861392480883968
628,0.8080280280280281,5.68027413608114,5.462611199993829,5.563854638157317,4.823018674904795,4.652094047709535,4.724524365914239,4.041353151275694,3.8698670218665203,3.902400977604901,3.2553297229125433,3.0547022059955515,3.028145364024022,0.354553729721746,0.010442208225209287,0.3629403162749478,0.03476517533386732,0.3454111851705661,0.03137360850079822,0.3583572025701173,0.03862034976743295
629,0.8085185185185184,5.6854939066089285,5.46769068878925,5.569143997381596,4.828977218564984,4.657867042329791,4.730546824139956,4.048423446488398,3.8767495321865626,3.9095469780382555,3.2633001065991167,3.062608006530382,3.0361922651256035,0.3541433473523432,0.010447530899758464,0.362626845708719,0.03479146417708912,0.34492697440674297,0.031398263693064234,0.3579483462567678,0.03862635957204982
630,0.809009009009009,5.69070848021115,5.472765025581936,5.574427539658344,4.834933986629238,4.663637628457144,4.736567880890537,4.055493149576132,3.8836304711058562,3.9166912744429028,3.2712696071391845,3.070516778980414,3.04424303500586,0.3537319793041431,0.010452809028934333,0.3623118434854707,0.03481782618648106,0.3444425149355644,0.03142312445135235,0.35753806761425366,0.038631983909529884
631,0.8094994994994995,5.695917872806697,5.477834233665776,5.579705273224256,4.840888950446699,4.6694057837041045,4.742587541671965,4.062562199871276,3.890509825339649,3.9238337867868816,3.2792380869704454,3.0784282929398072,3.05229724806545,0.35331966367205114,0.010458045675766324,0.361995323065704,0.03484425998644397,0.3439578224570609,0.0314481873902074,0.3571264592317186,0.038637245311598074
632,0.80998998998999,5.70112210158365,5.482898334345387,5.584977209557185,4.84684208303975,4.675171487210951,4.748605809943648,4.069630537606548,3.897387568736134,3.9309744432965497,3.2872054505207613,3.0863423520188933,3.060354435194877,0.3529064373195673,0.010463244927887182,0.3616772981077598,0.03487076455507467,0.3434729133752298,0.0314734498369198,0.35671360845715794,0.038642173035255245
633,0.8104804804804804,5.706321183611095,5.487957351828964,5.590243358248354,4.852793356384482,4.680934719744599,4.754622687028586,4.076698108700368,3.9042636833992095,3.9381131677407692,3.2951716220975036,3.0942587561483204,3.0684142283896474,0.3524923318948849,0.010468410154057662,0.36135778262523494,0.03489733840745544,0.3429878024958689,0.03149890907860643,0.3562995870298897,0.03864679194674882
634,0.8109709709709709,5.711515136884134,5.493011306705306,5.5955037301092245,4.858742731964622,4.68669545853994,4.760638171876313,4.083764860539162,3.9111381594817995,3.9452498901345208,3.303136531639967,3.1021773339580694,3.0764762281779476,0.3520773783922626,0.010473544867067421,0.36103679279229983,0.03492397993030108,0.3425024999689933,0.03152456113460699,0.3558844685565844,0.038651127780439776
635,0.8114614614614615,5.716703979485469,5.498060220996506,5.60075833876347,4.864690199596636,4.69245368008489,4.766652261936936,4.090830745582101,3.918010980095885,3.9523845459695153,3.3111001401986857,3.1100979282737584,3.0845400700169656,0.35166160483639053,0.010478652991707003,0.3607143416340223,0.03495068974115256,0.34201701921309047,0.031550405446652184,0.35546831553649216,0.03865520739469474
636,0.8119519519519519,5.721887730754345,5.5031041159410705,5.606007194232832,4.870635715636254,4.698209361436487,4.7726649530794,4.097895722291628,3.924882147843375,3.959517073910343,3.3190624170154757,3.118020392698576,3.092605440860174,0.35124503514177846,0.010483737621013263,0.3603904467129492,0.03497746593884384,0.3415313645063623,0.0315764375754633,0.35505118441782924,0.03865905380841584
637,0.8124424424424423,5.7270664092831325,5.5081430130750375,5.611250309043973,4.876579260595311,4.7039624842594625,4.778676237485549,4.104959747589566,3.931751644626273,3.966647415419367,3.327023351634883,3.125944606373073,3.100672035776788,0.3508276916134218,0.010488802199761078,0.3600651222589804,0.035004308158259334,0.34104554657186054,0.031602656057015864,0.3546331210232784,0.03866269150385787
638,0.8129329329329329,5.732240035308372,5.513176931426797,5.616487696848212,4.882520803036811,4.7097130179047735,4.784686106667864,4.11202278771421,3.938619473334768,3.973775515166096,3.334982948582165,3.1338704563101434,3.1087395798316084,0.3504095934264113,0.010493850103645182,0.35973838614909615,0.03503121639066648,0.3405595676720351,0.031629058762392324,0.3542141683762281,0.03866614371780582
639,0.8134234234234234,5.7374086286545225,5.518205892577578,5.6217193704973,4.888460318509059,4.715460945405294,4.790694549762119,4.119084810085557,3.945485630395294,3.980901325729277,3.342941242480234,3.141797860217939,3.1168078272034023,0.3499907561362285,0.010498884606838786,0.3594102538066113,0.03505818991831456,0.34007343233683474,0.031655643368676115,0.3537943568650375,0.038669433895200986
640,0.8139139139139139,5.7425722098404774,5.523229914749071,5.6269453435313395,4.894397788174075,4.721206237416412,4.796701554527064,4.12614578567184,3.952350115462166,3.9880247995290374,3.350898273193943,3.1497267424462727,3.124876549923751,0.34957119370742135,0.010503909106367622,0.3590807415471776,0.03508522980021294,0.339587142959726,0.03168240921853835,0.3533737135312591,0.03867258460665559
641,0.8144044044044043,5.747730800228071,5.528249017672319,5.632165629872996,4.900333169916279,4.726948871900868,4.802707106853276,4.1332056901057825,3.9592129326491947,3.995145897723613,3.3588540960695332,3.1576570538174806,3.132945573167901,0.3491509155764581,0.010508926234150784,0.3587498686647338,0.0351123346251826,0.3391006967659966,0.03170935284633923,0.35295225423546456,0.038675615169004106
642,0.8148948948948949,5.75288442055197,5.533263220434295,5.637380244493104,4.90626645405829,4.732688825138112,4.808711189652142,4.14026450229027,3.9660740848617517,4.002264580687437,3.3668088017708344,3.1655887510623626,3.141014743028129,0.34872992885487414,0.010513939336662989,0.35841765039997847,0.035139505750480804,0.3386140948168836,0.03173647428797378,0.35252998602709046,0.03867854759056563
643,0.8153853853853854,5.758033092696752,5.538272540502168,5.642589201989398,4.912197610837208,4.738426073032564,4.814713785494045,4.147322205709371,3.972933585848962,4.009380816057153,3.3747624823715987,3.173521827297224,3.149083917122244,0.34830823784604875,0.010518951221113222,0.3580841048829081,0.035166743214504824,0.3381273318779902,0.03176377127467544,0.35210691209993406,0.0386814010285961
644,0.8158758758758758,5.7631768388626625,5.543276996028231,5.647792517369486,4.918126611702345,4.744160589314217,4.820714875305865,4.154378785778843,3.9797914410582544,4.01649457412059,3.382715253544264,3.1814562784381857,3.157153009763297,0.347885843322024,0.010523964617663636,0.35774925082495,0.03519404729384726,0.3376404028760572,0.0317912425126479,0.3516830230803871,0.03868419389902782
645,0.8163663663663663,5.76831568091089,5.548276605003606,5.652990207005555,4.92405344721374,4.7498923533584225,4.826714437384081,4.161434234301278,3.9866476565463853,4.023605830593795,3.390667249589727,3.189392120859683,3.165221934710275,0.34746274455936693,0.010528982603581016,0.35741310385963837,0.03522141938442191,0.3371533041422337,0.031818888393805554,0.35125830581527295,0.03868694613785802
646,0.8168568568568568,5.773449641361888,5.553271384530854,5.658182286914369,4.929978081471216,4.7556213410088874,4.832712449834146,4.168488543657422,3.9935022568362846,4.0307145650104905,3.3986186219171146,3.1973293953466704,3.1732906863900276,0.3470389347348496,0.010534007247535256,0.35707568390528105,0.035248859162797366,0.3366660243286343,0.03184670586964449,0.3508327327727054,0.038689671871267
647,0.8173473473473474,5.77857874356519,5.558261349910083,5.66336877472348,4.935900511665837,4.7613475255752595,4.838708888466453,4.175541711942837,4.0003552506137225,4.03782076144281,3.4065695280048662,3.2052681590950276,3.181359233410711,0.34661440768788626,0.010539041410319524,0.3567370068810998,0.035276369434829605,0.33617855698709176,0.031874696605704536,0.35040627609573205,0.03869238811221761
648,0.8178378378378378,5.7837030097945545,5.563246517961367,5.668549686232017,4.941820702196908,4.767070887907493,4.844703727182966,4.18259374009994,4.007206651941902,4.0449244073296375,3.4145201675537082,3.21320848263831,3.1894276201663976,0.34618915093251806,0.010544087394107409,0.3563970924377238,0.035303949557627896,0.3356908900596685,0.03190285852195088,0.3499788905911118,0.03869511079835542
649,0.8183283283283282,5.788822463815034,5.568226904276113,5.673725039928147,4.947738641335653,4.772791400261969,4.850696940205422,4.189644631382222,4.0140564797276035,4.052025496756019,3.4224707237365233,3.2211504538542526,3.19749589573208,0.3457631518982518,0.010549147382764761,0.35605595839502097,0.03533160171578662,0.33520301174861405,0.031931192051677215,0.3495505322676665,0.03869785251697183
650,0.8188188188188188,5.793937128915206,5.57320252485842,5.678894853932702,4.953654314606301,4.778509047819754,4.8566884992348704,4.196694395112565,4.020904761047565,4.059124023815341,3.4304214144112906,3.22909418641339,3.2055641534052604,0.3453363933533799,0.010554223365524093,0.3557136214019832,0.035359326830402174,0.33471490930207776,0.03195969636676527,0.3491211440398462,0.038700625655141575
651,0.8193093093093093,5.7990470288834866,5.5781733934447955,5.684059146151968,4.959567695145086,4.784223802084814,4.862678374434725,4.203743040555846,4.027751511108033,4.066219993075294,3.4383724718186937,3.237039799018283,3.213632501826805,0.3449088560920409,0.01055931754159691,0.3553701018165403,0.0353871261253922,0.3342265661828207,0.03198837115180133,0.3486906635798352,0.0387034433616241
652,0.8197997997997998,5.80415218712115,5.5831395243672395,5.689217937078137,4.965478780390479,4.789935643418773,4.868666537036555,4.210790583396596,4.034596752906293,4.073313403602777,3.446324146829951,3.2449874344720016,3.2217010995616473,0.3444805173751793,0.010564431908350323,0.3550254154461138,0.03541500200862021,0.33373796954773444,0.03201721780105248,0.34825901640750456,0.03870631664276214
653,0.8202902902902902,5.809252627349481,5.588100931756235,5.694371243434321,4.971387556400105,4.7956445520046636,4.874652955401735,4.2178370386501065,4.0414405115801655,4.0804042685068245,3.4542766897780175,3.2529372481296353,3.229770123656978,0.34405135254730096,0.010569568039275477,0.3546795796585528,0.035442956056799896,0.33324910221900755,0.03204623604026865,0.3478261258737737,0.0387092540279923
654,0.8207807807807808,5.8143483738368475,5.593057630084993,5.699519087852301,4.977294001984011,4.801350508652445,4.880637596466602,4.22488242727191,4.048282810023493,4.08749259774226,3.462230370146771,3.2608894175196244,3.2378397853577217,0.3436213338439671,0.010574727393675654,0.35433261397061927,0.035470989224642466,0.3327599457756266,0.032075425766717736,0.3473919044751024,0.038712263605184795
655,0.8212712712712713,5.819439450280293,5.598009631543614,5.7046614897675845,4.983198110361552,4.807053494009373,4.886620428490427,4.231926772100543,4.055123677755121,4.094578413010071,3.4701854850062315,3.268844123604227,3.2459103142233783,0.34319043102757096,0.01057991178932046,0.35398453476922365,0.03549910380107468,0.3322704811184079,0.032104787507637886,0.3469562604981357,0.03871535470644218
656,0.8217617617617617,5.82452588077346,5.602956949444988,5.709798469849056,4.989099869354228,4.8127534881603005,4.892601416984697,4.238970098144007,4.061963138295114,4.101661732289748,3.478142319710389,3.2768015752000856,3.2539819938332677,0.34275861091637366,0.010585122178133372,0.35363536010039875,0.03552730161921455,0.3317806889806416,0.03213432212922722,0.3465190909799913,0.038718530990030496
657,0.8222522522522522,5.829607689447707,5.60789959538035,5.714930048092178,4.994999275418471,4.818450472739839,4.898580527801895,4.246012434639848,4.068801221797794,4.108742581426064,3.486101194102915,3.284761985216028,3.262055094991783,0.34232583898671987,0.01059036026771356,0.35328510614516545,0.03555558525453471,0.33129054890805393,0.03216403084084946,0.34608029193316214,0.03872180051448493
658,0.8227427427427427,5.834684899968745,5.612837583292513,5.720056248335448,5.000896314082606,4.82414443399036,4.904557726249266,4.2530538096099875,4.07563795677063,4.115820987848046,3.4940624241482356,3.2927255839417584,3.270129971008146,0.34189207671336697,0.010595626596599943,0.3529337909077915,0.035583955767972665,0.3308000396375184,0.0321939134310113,0.34563974528674063,0.0387251645014283
659,0.8232332332332333,5.839757536541568,5.617770921905999,5.725177091158428,5.006790983202824,4.829835353187563,4.910532976007732,4.260094258463351,4.082473369320896,4.122896984745468,3.502026333737347,3.30069261477368,3.278206950031694,0.3414572853329829,0.010600922354119897,0.35258143041320306,0.03561241615489853,0.3303091391802482,0.03222397194567576,0.3451973351230759,0.03872862676983267
660,0.8237237237237237,5.844825622744377,5.62269962508141,5.7302926007636055,5.0126832798141665,4.835523216459498,4.916506241940621,4.2671338150253435,4.08930749419671,4.129970610993155,3.5099932696058573,3.3086633267863443,3.286286398332143,0.3410214234321479,0.010606248482886804,0.35222804110883715,0.035640968396019226,0.32981782445755475,0.03225420698518004,0.3447529377215829,0.03873219017586041
661,0.8242142142142141,5.849889182422859,5.627623702576439,5.735402799419129,5.018573193352271,4.841208012079033,4.922477487323896,4.2741725156990675,4.096140353460323,4.137041902507191,3.517963577077704,3.316637993755649,3.294368735497892,0.34058444610702604,0.010611605335529663,0.35187363962629936,0.0356696141254229,0.3293260732629526,0.03228461955340714,0.34430641637985093,0.03873585373865768
662,0.8247047047047047,5.854948238918875,5.632543165418692,5.740507709407712,5.024460730564885,4.8468897232534385,4.928446675195619,4.281210401559427,4.10297198573204,4.144110903929133,3.525937611026649,3.324616885076399,3.302454375389705,0.3401463082521526,0.010616993643681762,0.3515182409717813,0.035698356571594855,0.3288338607919027,0.03231521163986205,0.3438576388128572,0.03873961739336774
663,0.8251951951951952,5.860002816040419,5.637458024248228,5.745607356036078,5.030345879988552,4.852568341301613,4.934413768974672,4.28824751172632,4.109802417024951,4.151177661487768,3.5339157271722317,3.332600289672967,3.3105437593491387,0.33970696286557955,0.010622413596837266,0.35116186200755545,0.0357271969503452,0.32834116271125413,0.032345983575386664,0.343406463929371,0.03874347897175395
664,0.8256856856856857,5.865052937049922,5.642368288698742,5.750701764083351,5.036228654647703,4.858243853237051,4.940378731975253,4.295283888642827,4.116631676963185,4.158242228998915,3.54189830905171,3.340588498594134,3.318637356578662,0.3392663604251318,0.01062786586534818,0.3508045163882932,0.0357561388063985,0.3278479554922483,0.032376938068517096,0.34295274437248163,0.038747437461206076
665,0.8261761761761761,5.870098624534645,5.6472739690044715,5.755790956590569,5.042109045420265,4.86391625021707,4.94634152696509,4.302319575971394,4.123459797098571,4.165304653107882,3.549885714556529,3.3485818075894263,3.326735647946175,0.33882445152263724,0.010633350338033119,0.35044622019151317,0.03578518346088742,0.3273542135033162,0.0324080757222821,0.3424963335461894,0.03875148812075448
666,0.8266666666666667,5.875139901680434,5.652175074552927,5.760874959850489,5.047987057040584,4.869585524797447,4.9523021174179025,4.309354618228239,4.130286811509499,4.172364996477448,3.5578783196364707,3.356580531987561,3.334839143909563,0.3383811839109589,0.010638866891043349,0.3500869876189734,0.035814333361955754,0.3268599106153406,0.03243939765465892,0.3420370779304356,0.03875562492955718
667,0.8271571571571572,5.880176791032391,5.657071615498512,5.765953799138503,5.053862695420955,4.875251670027156,4.958260466536356,4.316389062308984,4.137112748153034,4.179423313042517,3.5658765090113964,3.364584982597563,3.3429483646967775,0.33793650489614147,0.010644415613424949,0.3497268325407313,0.035843590867821705,0.3263650227070766,0.03247090599152192,0.3415748201703049,0.038759843292197324
668,0.8276476476476476,5.8852093144190105,5.661963599758508,5.771027500382981,5.0597359645863875,4.880914676523248,4.964216537314406,4.323422955801337,4.143937632473429,4.186479670218483,3.5738806522044273,3.3725954757688275,3.35106383961946,0.3374903614748399,0.010649996279453877,0.3493657691492605,0.035872958505624,0.32586952331387214,0.03250260273213467,0.3411094046817097,0.038764135922501324
669,0.8281381381381381,5.890237494174672,5.66685103800155,5.776096091109491,5.065606873918423,4.886574544349065,4.970170293871307,4.330456346065278,4.150761497028915,4.193534125760683,3.5818911365213704,3.3806123273769244,3.359186123817667,0.3370426992518445,0.010655608631737647,0.34900381003395303,0.03590243827304058,0.3253733886784572,0.032534489307080215,0.3406406692342523,0.03876849575384095
670,0.8286286286286286,5.895261352021048,5.671733937431918,5.781159595649875,5.0714754281326355,4.892231266520498,4.976121700148319,4.337489282588661,4.157584369104104,4.200586752375232,3.589908336714885,3.3886358686517086,3.3673157895715535,0.3365934623071013,0.010661252086389014,0.34864096845310616,0.03593203260159338,0.3248765916131494,0.032566567466575304,0.3401684504196989,0.03877291258799548
671,0.8291191191191192,5.900280908777724,5.676612307946383,5.786218043028655,5.077341639862169,4.8978848424640065,4.982070721436815,4.344521813006905,4.164406285363869,4.20763761711476,3.597932630192319,3.3966664115002945,3.375453390729533,0.3361425967263098,0.010666926329030728,0.3482772563338795,0.03596174369137334,0.32437910692858696,0.0325988384215797,0.33969259018237086,0.03877737817837586
672,0.8296096096096096,5.905296185553602,5.681486157884494,5.7912714603161755,5.083205514501585,4.903535269834496,4.9880173215527,4.351553987725261,4.171227257158321,4.214686794963242,3.6059643838259783,3.404704287119746,3.383599535439556,0.3356900457765753,0.010672630467876263,0.34791268665493585,0.03599157347280865,0.32388091003299463,0.0326313047565796,0.3392129192229891,0.03878188019603921
673,0.8301001001001,5.910307202890293,5.686355495613403,5.796319875723951,5.089067062443725,4.90918255147746,4.993961467124707,4.358585855528587,4.178047329342862,4.221734354602966,3.6140039751124178,3.412749812861584,3.3917547962069077,0.335235754256829,0.010678363982201082,0.3475472705998223,0.03602152379511239,0.3233819745132365,0.03266396666489626,0.33872927757195903,0.03878640863082034
674,0.8305905905905906,5.915313980797887,5.691220329759209,5.801363316994889,5.0949263002076846,4.914826687383596,4.999903123811022,4.3656174658701685,4.18486651668002,4.228780376229018,3.6220517555141694,3.420803304043015,3.399919767500596,0.33477966749154014,0.010684126075322455,0.34718101891169856,0.03605159712943943,0.32288227688224447,0.03269682700897275,0.3382415035504428,0.03879095081792749
675,0.831081081081081,5.9203165387048,5.696080669081191,5.806401811629125,5.100783236637355,4.920467679374178,5.0058422592495395,4.372648870042668,4.191684843499992,4.235824936252222,3.630108087353083,3.428865079248891,3.4080950500936518,0.3343217297215485,0.010689915970923421,0.34681394279315764,0.03608179510269509,0.32238179198993444,0.03272988742659833,0.33774943362542487,0.0387954945327624
676,0.8315715715715715,5.9253148961256725,5.700936521060718,5.811435390180636,5.106637886835157,4.926105535562018,5.011778841137881,4.379680114655793,4.198502335720442,4.242868114419564,3.638173306835858,3.4369354412906525,3.416281249218847,0.3338618870731408,0.010695732504014182,0.34644605189091254,0.03611211947236179,0.3218804964768363,0.03276314888211609,0.33725290971710836,0.038800024558821734
677,0.832062062062062,5.930309071492718,5.705787894732246,5.816464081011882,5.11249026730846,4.931740255997266,5.017712838238192,4.38671124983547,4.205319020603045,4.24990999192143,3.646247761735796,3.4450146891146094,3.4244789521085472,0.3334000858729207,0.010701575079175197,0.34607735641225373,0.03614257245870956,0.3213783652612391,0.03279661336444521,0.336751776149163,0.03880452865855743
678,0.8325525525525526,5.935299083061119,5.710634798425402,5.821487913506351,5.118340394449361,4.9373718540953755,5.023644219710018,4.393742323067069,4.212134911369249,4.256950648863105,3.6543317706329597,3.4531031205686706,3.432688767562187,0.33293627328719344,0.01070744240761426,0.34570786460895025,0.03617315527499454,0.32087537780897457,0.0328302824906314,0.3362458759363951,0.038808990667482515
679,0.833043043043043,5.940284948430125,5.715477240652667,5.826506917785826,5.124188281692423,4.94300033360756,5.029572956915536,4.400773381509214,4.218950034155463,4.263990172268649,3.6624256430130666,3.4612010129306636,3.440911285288287,0.332470398177975,0.010713333409160168,0.34533758627949035,0.036203869543062504,0.3203715092536238,0.03286415726795566,0.3357350619755945,0.03881339476893002
680,0.8335335335335334,5.9452666854171206,5.720315229371496,5.831521123304712,5.130033947615559,4.9486257043188004,5.0354990207062285,4.4078044708535895,4.225764405316951,4.27102864616104,3.670529679731647,3.469308635027953,3.4491470778642337,0.33200241121015545,0.010719247204134924,0.34496652953285706,0.03623471689238906,0.319866738335668,0.032898239292678835,0.3352191900534371,0.038817726363418105
681,0.834024024024024,5.950244309661907,5.725148774178902,5.836530560074227,5.135877408157904,4.9542479786448155,5.041422384458062,4.414835637634728,4.232578038846539,4.278066153808465,3.6786441608509435,3.4774262490919408,3.4573967259090588,0.33153226395905094,0.010725182541953855,0.34459470211646037,0.036265698144715315,0.31936104448913183,0.03293252997994598,0.3346981184282003,0.03882196864468861
682,0.8345145145145145,5.955217837953954,5.729977882908559,5.841535259893382,5.141718691152672,4.959867168863443,5.047343021939121,4.421866925469533,4.239390955565149,4.285102783263739,3.6867693575892577,3.485554091839761,3.4656607895116434,0.3310599104847307,0.010731138518321302,0.3442221101890323,0.036296815349429,0.31885440764794526,0.03296703087414773,0.3341717145628094,0.038826105735489454
683,0.835005005005005,5.960187285861633,5.734802565139422,5.846535251239602,5.14755780179788,4.965483287867576,5.053260908247298,4.428898374119848,4.246203169483042,4.2921386218955035,3.694905514036848,3.493692394910917,3.473939817880307,0.33058530646176887,0.010737113763963477,0.34384876249957347,0.036328068399474216,0.31834680639387,0.03300174160338507,0.3336398505144962,0.03883011987225773
684,0.8354954954954954,5.965152667998802,5.739622829056289,5.851530565923384,5.153394769294144,4.971096350383744,5.0591760191916535,4.43593002857886,4.253014692459529,4.29917375319414,3.703052854282131,3.501841367193089,3.4822343493633556,0.330108410331768,0.010743107212120373,0.34347466409645927,0.036359458984905606,0.3178382232673028,0.03303666454933558,0.3331024059863635,0.03883399366726637
685,0.835985985985986,5.970113999263792,5.744438684290273,5.856521235168895,5.159229616173626,4.976706370167189,5.065088332844155,4.442961926495548,4.259825534204749,4.306208265140007,3.711211592357669,3.5100011969716096,3.4905448886976798,0.329629183371821,0.010749118021850768,0.3430998209721202,0.036390988209999316,0.3173286407545786,0.03307180087404903,0.3325592692611782,0.038837711332273414
686,0.8364764764764765,5.975071293315372,5.749250139534086,5.861507290392142,5.1650623510333205,4.982313369157596,5.070997827783473,4.449994105723191,4.266635705888734,4.313242248395105,3.719381910417171,3.5181720548233453,3.4988719272828717,0.32914758936671923,0.010755144918645425,0.3427242395906151,0.03642265538746742,0.31681803995376,0.03310714966104844,0.3320103383601024,0.0388412552136272
687,0.8369669669669669,5.980024563364103,5.7540572057933685,5.866488761639707,5.170893010145456,4.987917361087416,5.0769044850837926,4.457026600841503,4.273445212782212,4.320275787384613,3.7275639621324537,3.5263540906356323,3.5072159478975884,0.3286635951736871,0.01076118679333457,0.34234792330816,0.03645446239019877,0.31630640737323495,0.03314271340392589,0.3314555174398172,0.0388446064069079
688,0.8374574574574574,5.984973822514102,5.758859891377034,5.871465681696967,5.176721607089686,4.993518366925517,5.0828082856495636,4.464059446559551,4.280254064982328,4.3273089690639015,3.7357578935074414,3.534547429781858,3.5155773756328568,0.32817717121555623,0.010767242913683276,0.3419708777337312,0.0364864089582402,0.3157937261756067,0.033178491584681676,0.33089472475064713,0.03884774990672061
689,0.8379479479479479,5.989919082264263,5.763658207451921,5.876438080336388,5.182548165728732,4.999116407284204,5.088709211338499,4.4710926757912945,4.287062262154267,4.334341881674701,3.7439638100802792,3.542752169719909,3.5239566436908576,0.3276882907720954,0.01077331217784734,0.341593106646481,0.03651849523126064,0.31527998268231716,0.03321448516671954,0.33032788568408067,0.03885066761163676
690,0.8384384384384385,5.994860354901078,5.768452163166504,5.881405989709759,5.1883727034359515,5.004711507044096,5.094607248585485,4.478126315358203,4.293869813931519,4.341374606106509,3.7521817866531593,3.550968387098584,3.5323541303132195,0.3271969318828685,0.010779393491767571,0.3412146136507485,0.0365507207535187,0.31476516405915445,0.03325069304633883,0.3297549405466074,0.038853341732079605
691,0.8389289289289289,5.999797651124739,5.773241770325915,5.886369442194572,5.194195252977146,5.010303680371906,5.10050238288324,4.485160393266859,4.3006767079698704,4.348407233624989,3.7604118867317973,3.5591961270492365,3.5407701839609476,0.32670307600135046,0.010785486543188314,0.34083540199760204,0.03658308671171808,0.31424925952073357,0.03328711783495024,0.32917583864592154,0.03885575809852536
692,0.8394194194194193,6.0047309816648315,5.7780270389005635,5.891328468169743,5.200015826092051,5.01589295995294,5.10639460028769,4.4921949355807325,4.307482955327339,4.355439846515763,3.7686541281560517,3.567435404698591,3.5492051289190365,0.32620670854329337,0.010791590191727863,0.340455474668899,0.036615591338459375,0.31373225619367684,0.03332375706875067,0.3285905455505099,0.038857899195365135
693,0.8399099099099099,6.009660355904043,5.782807979948611,5.8962830990966,5.205834456179258,5.021479365662731,5.112283891335812,4.499229962376584,4.314288547657283,4.362472523157837,3.776908499560154,3.575686206120018,3.5576592538147023,0.325707819656062,0.010797703821532957,0.34007483283594314,0.03664823534219152,0.3132141473756588,0.03336061221069465,0.32799903618338505,0.03885974893434088
694,0.8404004004004004,6.01458578331804,5.787584606371334,5.901233366972292,5.211651153826418,5.027062923175292,5.118170245430075,4.5062654945544685,4.321093481530835,4.369505349726667,3.785174959705155,3.5839484869697262,3.5661327937887486,0.3252064040769563,0.010803826770043053,0.33969348065492616,0.03668101698533441,0.3126949217775553,0.03339768175417605,0.3274013038981877,0.038861292581185564
695,0.8408908908908909,6.019507273155007,5.792356928799411,5.906179302039324,5.217465951240581,5.0326436612077154,5.124053654789035,4.513301549614948,4.327897752190768,4.376538405514462,3.7934534312571913,3.592222169684379,3.574625946653381,0.32470246155591315,0.010809958559878634,0.33931141768846557,0.036713936196304316,0.3121745737690501,0.0334349657754671,0.32679735580584457,0.03886251553271839
696,0.8413813813813813,6.024424833336104,5.797124959756978,5.91112093725891,5.2232788605759035,5.038221607199301,5.1299341120738875,4.520338140431368,4.3347013487034385,4.383571766087416,3.8017438048498757,3.6005071359180763,3.5831388848235286,0.3241959961588025,0.01081609858003528,0.338928646998607,0.03674699108964941,0.31165309679935427,0.033472462816095665,0.3261872111315957,0.03886340352418038
697,0.8418718718718718,6.029338471668196,5.801888712821923,5.916058302419157,5.229089911390281,5.043796787938496,5.135811613082413,4.527375278817433,4.341504261213536,4.390605512893466,3.8100459317669415,3.608803241237104,3.5916717133097023,0.3236870178262602,0.010822246507858279,0.3385451684447454,0.036780181090510324,0.3111304863427998,0.0335101726602129,0.3255709091857223,0.03886394338209522
698,0.8423623623623624,6.034248195437486,5.806648199563221,5.920991429578796,5.234899129137249,5.049369229966322,5.14168615313122,4.5344129735,4.348306480346286,4.397639717574325,3.818359623694953,3.6171102959379726,3.6002244924197533,0.32317554222453776,0.010828402105883385,0.3381609825484313,0.03681350545666336,0.310606738970975,0.03354809469738043,0.32494850623872795,0.03886412273243629
699,0.8428528528528528,6.039154011627782,5.81140343375172,5.925920348630879,5.2407065284453145,5.054938968709857,5.1475577311436655,4.541451233339232,4.355107986850628,4.404674455885098,3.8266846600008537,3.625428077215499,3.6087972445018432,0.322661589603746,0.010834565043521465,0.33777608955124344,0.03684696163274825,0.31008185231187013,0.03358622724853706,0.3243200727120829,0.03886393040793636
700,0.8433433433433433,6.044055926240079,5.816154430213576,5.930845090036978,5.24651213511619,5.060506030388451,5.1534263456039575,4.548490056606574,4.361908774898157,4.411709795291148,3.8350207752215897,3.6337563143813454,3.617389946743175,0.32214518633070754,0.010840734980056579,0.33739048956659784,0.03688054847456569,0.3095558250042416,0.03362456859869904,0.3236856981967716,0.03886335411251814
701,0.8438338338338338,6.048953945302815,5.820901201374056,5.935765683941589,5.252315967655528,5.0660704484702155,5.159291997993341,4.555529447119591,4.3687088153589375,4.418745808242279,3.8433676659708023,3.6420947082851756,3.626002487593246,0.3216263656198849,0.010846912073367613,0.3370041818914001,0.03691426391633811,0.3090286579626525,0.033663117928989704,0.32304549289134626,0.038862386414292203
702,0.8443243243243244,6.053848074577524,5.825643763298155,5.940682162369494,5.25811805116218,5.071632253788967,5.165154689722124,4.562569400734364,4.375508099374394,4.425782557392667,3.8517249880594995,3.6504429105805194,3.6346347436789084,0.3211051653558143,0.010853096066724152,0.3366171660201796,0.03694810623992692,0.3085003523005317,0.033701873215670704,0.3223995820984927,0.0388610169929773
703,0.8448148148148148,6.058738318839898,5.830382130105286,5.945594553265749,5.263918401358688,5.077191477452956,5.171014425165349,4.569609911278341,4.382306603664561,4.432820109543358,3.860092353808121,3.6588005319429966,3.6432865057244306,0.32058163060692524,0.010859287018890613,0.3362294413209403,0.03698207305077705,0.30797091002392984,0.0337408323665529,0.3217481140035706,0.03885923900075681
704,0.8453053053053052,6.063624682817449,5.835116318319872,5.950502886673513,5.269717042292899,5.082748151023662,5.1768712093026625,4.576650971495782,4.389104304440608,4.439858522063619,3.8684693358478857,3.667167139563933,3.651957525059904,0.3200558122535904,0.010865485017934958,0.3358410064482554,0.0370161623377684,0.30744033609310867,0.03377999418138443,0.3210912529395677,0.038857046200566105
705,0.8457957957957958,6.0685071708605465,5.8398463426456715,5.955407191279309,5.275513987528381,5.088302311801356,5.182725047768178,4.5836925702628335,4.395901184263328,4.446897856304789,3.876855449756669,3.6755422536878775,3.660647479950512,0.31952776855885845,0.010871689873847972,0.3354518601343758,0.037050370939845416,0.3069086339403958,0.03381935510913593,0.3204291898079581,0.03885443229604586
706,0.8462862862862863,6.073385787341718,5.844572220056982,5.960307497928645,5.281309261807374,5.093853991195594,5.188575949379739,4.590734691829182,4.402697208837721,4.453938165798275,3.885250191414847,3.683925354345508,3.669355998198139,0.31899756331945567,0.010877901988108386,0.3350620005295967,0.03708469683159165,0.30637581246644563,0.03385891410029024,0.3197621272466614,0.03885139508157154
707,0.8467767767767768,6.078260535647273,5.8492939662970445,5.965203831508355,5.287102881732975,5.099403220762228,5.194423922516567,4.597777320808292,4.409492362350999,4.460979504353785,3.8936529858172615,3.69231587418687,3.6780826471779178,0.31846526733865577,0.01088412115013515,0.3346714258212045,0.03711913735053689,0.3058418765828077,0.033898668075379716,0.31909029653057097,0.03884792963087404
708,0.8472672672672672,6.083131419764573,5.854011600622401,5.970096222399182,5.292894867641527,5.104950037601733,5.200268978273596,4.604820436479845,4.416286614182098,4.468021921473152,3.9020632320598025,3.70071319333516,3.6868269231622843,0.31793095885852796,0.010890347607677476,0.3342801338511736,0.03715368940814495,0.3053068364767725,0.033938614497725186,0.3184139470415562,0.0388440360283454
709,0.8477577577577577,6.087998442804466,5.858725137029232,5.97498469838447,5.298685230787549,5.110494474868386,5.206111127327017,4.611864016277624,4.423079934973954,4.475065463514725,3.910480265335384,3.7091166525595676,3.6955882601175927,0.31739472279139813,0.010896581261493468,0.3338881231436834,0.037188349936779413,0.3047707009283143,0.03397875022114486,0.31773335158989136,0.038839713115062485
710,0.8482482482482483,6.092861608074293,5.8634345967696255,5.979869284924807,5.304473991848856,5.116036567030351,5.211950382690332,4.618908034495445,4.429872296570655,4.48211017203073,3.9189033973875005,3.71752554349612,3.7043660369050184,0.31685665010469427,0.010902822248203978,0.333495391072777,0.037223115821860574,0.3042334815865651,0.034019072553561985,0.31704880049411693,0.03883496300333568
711,0.8487387387387387,6.097720918317353,5.868139995984571,5.984750009213257,5.310261169052248,5.121576348488814,5.217786759414211,4.6259524647797265,4.4366636637556285,4.489156089288527,3.9273318696699384,3.725939103559403,3.7131595467904095,0.31631684081369704,0.010909070583474885,0.33310193451134523,0.03725798420730306,0.3036951910433793,0.03405957906907455,0.3163606134764726,0.03882978856947499
712,0.8492292292292292,6.1025763766370025,5.8728413543879805,5.989626897702928,5.316046777062981,5.127113854507935,5.2236202710065465,4.63299727498349,4.4434540145045816,4.496203249500512,3.9357648906408307,3.7343565300577164,3.721968039955659,0.3157754000663463,0.010915325987087226,0.33270775140851544,0.03729295157182335,0.30315584137159113,0.03410026563365753,0.31566912698385075,0.03882419272516213
713,0.8497197197197197,6.107427985955179,5.877538690823371,5.994499975112787,5.321830825331547,5.132649121113719,5.2294509344096305,4.640042432859596,4.450243308335622,4.503251687458761,3.9442016210817368,3.7427769644306594,3.730790688650137,0.315232441016584,0.010921588355181127,0.33231283945755097,0.03732801399096844,0.30261544709918253,0.03414112897770965,0.31497470113215226,0.03881818206426987
714,0.8502102102102103,6.112275749192186,5.882232024933173,5.999369267117005,5.327613334877377,5.138182181235614,5.235278766358244,4.647087902560835,4.457031513112164,4.510301433233086,3.9526411656704337,3.751199503535444,3.7396266018291184,0.314688084135348,0.010927857322802357,0.3319171954089514,0.03736316862794445,0.30207402394727273,0.03418216627509663,0.3142777197791784,0.03881176249510128
715,0.8507007007007007,6.117119669180543,5.88692137575708,6.004234797986547,5.333394313777751,5.143713068747682,5.241103785370738,4.654133648391016,4.463818600970174,4.517352511565683,3.9610825894730572,3.7596231933349005,3.7484748139485813,0.314142456833962,0.0109341324854057,0.3315208171887412,0.03739841160063888,0.30153158628923177,0.034223373364443525,0.3135785905388232,0.038804942677150574
716,0.8511911911911911,6.121959748785681,5.891606763544318,6.009096589712824,5.339173779988703,5.149241819469282,5.246926009526012,4.661179627895336,4.470604530937704,4.524404944384024,3.969524907184337,3.768047030374879,3.757334298927536,0.3135956939347035,0.010940413286943835,0.3311237009247185,0.03743373953549654,0.30098815342996593,0.03426474716940961,0.31287774095100535,0.038797732348287525
717,0.8516816816816817,6.126795991135013,5.896288209717602,6.013954666757455,5.344951746618712,5.154768467907065,5.2527454596342436,4.668225800701395,4.477389271200995,4.531458753652553,3.977967087498672,3.7764699631151264,3.766203961624687,0.3130479373019455,0.01094669897311517,0.3307258438064821,0.03746914870179774,0.30044374254539163,0.034306283870166626,0.3121756238061474,0.038790142495501674
718,0.8521721721721722,6.131628399765495,5.900965733728164,6.018809052010459,5.3507282162261,5.160293047193633,5.258562155353877,4.675272122319093,4.48417278566342,4.538513953672856,3.986408047978553,3.784890885441003,3.7750826415593233,0.3124993361356422,0.010952988556226995,0.3303272444629415,0.037504634877231866,0.2998983712439068,0.03434797898945418,0.3114727143306568,0.038782185378497286
719,0.8526626626626627,6.136456977479866,5.905639357553503,6.023659765602048,5.356503209232708,5.165815594334384,5.264376118321557,4.68231854802052,4.490955042195167,4.545570554008666,3.9948466646674943,3.7933086514416328,3.7839691104763125,0.31195004642650653,0.010959280915609604,0.3299278979498807,0.037540194623825254,0.299352060712984,0.034389829081639574,0.31076950918782903,0.03877387469250422
720,0.8531531531531531,6.141281728532964,5.910309102701548,6.028506829721881,5.362276733981661,5.17133613817248,5.270187370616546,4.689365028238061,4.497736000268604,4.552628565983612,4.003281762908885,3.8017220589463907,3.79286206618558,0.31140023203307016,0.01096557482937294,0.329527802629557,0.03757582440051074,0.2988048309355498,0.03443183051045575,0.3100665295666102,0.03876522600056724
721,0.8536436436436436,6.146102656560284,5.9149749900424275,6.033350264019899,5.368048798957166,5.176854716742083,5.275995934553655,4.696411514689586,4.504515625520789,4.559687994054247,4.011712124043752,3.8101298615010375,3.801760157933641,0.3108500627223269,0.01097186858188233,0.3291269549295199,0.03761151993843503,0.29825670319517544,0.03447397871196169,0.309364316551336,0.03875625509483335
722,0.8541341341341341,6.150919766121201,5.919637041176068,6.038190087414732,5.37381941543397,5.1823713595193235,5.2818018327931835,4.70345795789234,4.5112938818394905,4.566748838559259,4.0201364819224334,3.8185307639439587,3.810661951444285,0.31029971613032864,0.010978160499634156,0.32872535219576005,0.03764727790086225,0.29770769901368216,0.03451627026024572,0.3086634362204258,0.03874698012690724
723,0.8546246246246245,6.155733061977348,5.9242952786014325,6.043026320712885,5.379588586915446,5.187886099678339,5.2876050902118985,4.710504305719611,4.518070739494865,4.57381109778098,4.028553524504685,3.8269234216896395,3.81956595206591,0.3097493767332381,0.010984448425046818,0.3283229924758091,0.03768309398241587,0.29715783940057217,0.03455870007475992,0.3079644774342219,0.03873741969873226
724,0.8551151151151151,6.160542549042281,5.928949724383824,6.047858978963409,5.38535632939439,5.193398974279128,5.293405729286178,4.717550503284423,4.524846157349224,4.5808747616019225,4.03696189847714,3.835306445074907,3.8284706101850037,0.3091992354110834,0.0109907300582256,0.32791987091986224,0.037718964593785036,0.29660715065546334,0.03460126461657673,0.30726804624313153,0.038727594126025264
725,0.8556056056056056,6.165348232939108,5.933600400960902,6.052688081763501,5.3911226445750735,5.198910007834675,5.2992037753648775,4.724596498706562,4.531620098541867,4.587939826351645,4.045360200242796,3.8436783955671086,3.8373743097245034,0.30864948993536856,0.010997002831797924,0.32751598696215706,0.03775488608467578,0.296055653621229,0.03464396008146228,0.30657477466076616,0.038717524423236525
726,0.856096096096096,6.170150120244106,5.938247331150416,6.057513646320382,5.396887542216558,5.204419233737394,5.304999252502266,4.731642234646307,4.538392535271389,4.595006275106034,4.053746986498453,3.8520377926741975,3.8462753646355967,0.3081003449833924,0.011003263830546764,0.32711133761988764,0.03779085477197747,0.2955033728023542,0.03468678169252433,0.305885315254948,0.0387072326280953
727,0.8565865865865865,6.174948217405292,5.942890536427121,6.062335685674761,5.402651030163952,5.2099266845138565,5.310792185424013,4.738687657575025,4.545163427768679,4.602074092725895,4.06212076604242,3.8603831081251174,3.8551720415931974,0.3075520112577294,0.01100950985017533,0.3267059193993182,0.0378268670072673,0.2949503333204997,0.03472972584854064,0.3052003403657804,0.03869674176727991
728,0.857077077077077,6.179742531759359,5.947530040064516,6.06715421672437,5.408413114229704,5.215432390582211,5.316582599685822,4.7457327089057,4.551932749829033,4.60914325976931,4.070480014459868,3.8687127742295666,3.864062532546283,0.3070047060360854,0.011015737464449202,0.32629973023344233,0.037862919075357056,0.29439655920951363,0.03477278756177528,0.3045205442741575,0.038686076208129444
729,0.8575675675675676,6.184533071719043,5.952165865017135,6.071969252563219,5.414173799838267,5.220936379775273,5.322370520128259,4.752777333633505,4.558700461279285,4.616213752094356,4.078823163319243,3.8770251746769806,3.872944982456342,0.30645865269266565,0.011021943112300394,0.3258927681481666,0.03789900756938679,0.29384207615324553,0.034815963585518965,0.3038466392897251,0.038675261960529686
730,0.858058058058058,6.189319845783814,5.956798034020822,6.076780806956992,5.4199330930872085,5.2264386808530094,5.3281559724602685,4.759821474501951,4.5654665339947496,4.6232855414696346,4.087148599985004,3.885318654819603,3.88181747942451,0.3059140806323625,0.011028122736334613,0.32548503089015635,0.03793512909678256,0.2932869093666962,0.03485924963359801,0.30317935872879004,0.038664324348731176
731,0.8585485485485485,6.194102863675651,5.961426570602004,6.081588892592912,5.425691006363596,5.231939323815182,5.333938981170759,4.766865073954824,4.5722309387191515,4.630358602828406,4.095454673750049,3.8935915148422886,3.8906780609765916,0.3053712251783814,0.011034272069410494,0.3250765154280209,0.03797128069665247,0.29273108472729753,0.03490264184417566,0.30251945553018716,0.03865328957756933
732,0.859039039039039,6.198882135476321,5.966051496046842,6.0863935216707965,5.4314475366355985,5.237438332750144,5.339719571818835,4.77390807413542,4.57899364384383,4.637432898116058,4.1037396931882535,3.9018420227110453,3.899524702474708,0.3048303273516065,0.011040386611451247,0.3246672213205343,0.038007458932796515,0.2921746274437595,0.03494613603365711,0.3018676999264748,0.03864218479330484
733,0.8595295295295295,6.203657672851025,5.970672833538103,6.091194704235265,5.437202689296059,5.242935740003156,5.345497769449635,4.7809504200657456,4.585754624150767,4.644508394342172,4.112001939227073,3.910068401667971,3.908355332936895,0.3042916334127112,0.011046461695578616,0.32425714597775873,0.03804366032166467,0.2916175629903021,0.03498972770216866,0.3012248814108758,0.03863103856716215
734,0.86002002002002,6.208429487789288,5.9752906065418,6.095992451589293,5.4429564761449996,5.248431568779618,5.351273598952359,4.787992055788475,4.592513851207912,4.65158505257031,4.120239648113983,3.918268838414833,3.91716783452542,0.30375539537064394,0.011052492498123435,0.3238462874980475,0.038079882638553324,0.29105991789079994,0.035033414008353886,0.300591806549699,0.038619879125545105
735,0.8605105105105104,6.213197593157066,5.9799048363334,6.100786773039946,5.448708896065728,5.253925846780468,5.357047084567394,4.7950329227261115,4.599271299156607,4.6586628291996455,4.128451025210884,3.9264414889830386,3.9259600368555234,0.3032218699829289,0.011058473901124041,0.3234346448135949,0.03811612256647804,0.2905017180381232,0.035077190265926775,0.2999692977453372,0.038608735257248165
736,0.861001001001001,6.217962003182886,5.98451554679465,6.105577677626836,5.454459963972856,5.259418595593299,5.362818251558384,4.802072967999889,4.606026944330652,4.665741682544125,4.1366342409684655,3.934584464818367,3.934729719436732,0.302691319812842,0.011064400955553617,0.3230222158085231,0.03815237843160089,0.2899429894894881,0.03512105407094986,0.2993581975816328,0.03859763708978601
737,0.8614914914914915,6.222722732874898,5.989122758702731,6.110365171931626,5.460209672200772,5.264909844022625,5.3685871229848425,4.809112137370155,4.612780766109189,4.672821563591429,4.144787430798865,3.942695851094265,3.9434746486091177,0.30216401027793943,0.011070268052244266,0.322609000217707,0.03818864655585015,0.2893837565756991,0.03516500024438894,0.2987593586078258,0.03858661252334868
738,0.861981981981982,6.227479798607067,5.993726495071187,6.115149264904447,5.4659580436896205,5.270399612550976,5.374353723641663,4.816150376675385,4.619532739398001,4.679902422345524,4.152908705563556,3.9507737045730513,3.952192505120355,0.3016402134979926,0.01107607028957601,0.3221949951632323,0.03822492627712951,0.2888240478833718,0.035209027346462494,0.29817365265224727,0.03857569294790688
739,0.8624724724724724,6.232233217105417,5.998326777219889,6.119929963228069,5.471705066676224,5.27588792497567,5.380118076376146,4.823187636259831,4.6262828463244805,4.686984208620091,4.160996141433642,3.958816040499133,3.9608809730460632,0.30112020395158295,0.011081802162325743,0.32178020207063035,0.03826121411698679,0.288263885503056,0.035253130569260716,0.2976019637639049,0.038564907539917384
740,0.8629629629629629,6.236983007083729,6.0029236271535265,6.1247072717618485,5.477450760392784,5.281374803601867,5.385880204401413,4.830223862855849,4.6330310743124015,4.6940668679593305,4.169047790083949,3.9668208572542065,3.9695376735150427,0.3006042611539351,0.011087458548473655,0.32136461816437495,0.038297509278126356,0.2877032962235058,0.03529730721960536,0.297045190717401,0.03855428608057757
741,0.8634534534534535,6.241729187970235,6.007517065590525,6.129481195977473,5.483195130178032,5.286860272081255,5.39164013051082,4.837259009224055,4.639777401886641,4.701150342503801,4.1770616732477945,3.9747861180292006,3.9781601984799595,0.3000926686209124,0.011093034470156905,0.32094824255192883,0.03833380995149603,0.28714230586464595,0.035341554645013935,0.29650424503158457,0.0385438593554651
742,0.8639439439439439,6.246471780015844,6.012107114251595,6.134251743058035,5.4889381741766226,5.292344350559851,5.397397876217953,4.844293027831364,4.646521816090543,4.708234574208934,4.185035792091675,3.9827097657345534,3.9867461180466894,0.299585712454924,0.011098525018477337,0.3205310765869087,0.03837011403024802,0.2865809373483316,0.03538586920269593,0.29598004846506226,0.03853365708780858
743,0.8644344344344344,6.2512108053453845,6.016693794317061,6.139018914604546,5.494679905028652,5.297827055913456,5.403153463794487,4.851325872974696,4.653264309644316,4.715319503775768,4.19296811922486,3.990589718116292,3.995292970787348,0.29908368235942423,0.011103925625165972,0.3201131192731293,0.038406421035134836,0.28601921442604206,0.03543024854570496,0.29547353602356213,0.03852370824572326
744,0.8649249249249249,6.255946287180889,6.021277124514926,6.143782715016896,5.5004203366684195,5.303308414774328,5.408906913760773,4.858357500748003,4.660004872711151,4.722405068583699,4.20085660147216,3.9984238686478144,4.003798253566033,0.2985868722795864,0.011109232079021536,0.31969436847719296,0.038442730126556,0.28545716278634936,0.035474689992233875,0.29498565540629584,0.03851404242140272
745,0.8654154154154154,6.260678249321094,6.025857126154228,6.148543147396017,5.506159471206475,5.30878844203205,5.41465824651636,4.865387869993144,4.666743494309007,4.729491205317709,4.208699173041065,4.006210091676928,4.012259467386428,0.29809557708405077,0.011114440637214737,0.31927482576386695,0.03847904029984749,0.2848948045572641,0.03551919126089289,0.29451735843995025,0.03850468848929881
746,0.8659059059059059,6.265406717867823,6.030433818835425,6.15330021512292,5.511897318396054,5.314267156936698,5.420407482274824,4.872416941256335,4.673480168277267,4.736577847472863,4.216493750048704,4.013946242627374,4.020674060147475,0.29761009571604596,0.011119548312839596,0.3188544911138113,0.03851535117438614,0.2843321630945967,0.03556375018069635,0.2940696104802131,0.038495676503708304
747,0.8663963963963963,6.270131719271765,6.035007220958636,6.158053919884753,5.517633892268723,5.319744576363715,5.4261546398677725,4.879444677768817,4.680214894908537,4.743664929030666,4.224238223982914,4.021630159957266,4.029039490212472,0.2971307282284627,0.011124552490884738,0.3184333640636825,0.038551663039012585,0.28376926043636985,0.035608364886847786,0.2936433827826999,0.038487033455135884
748,0.8668868868868869,6.274853281561489,6.039577352858943,6.162804263068233,5.523369203241549,5.325220722422386,5.431899739438189,4.886471044023334,4.686947673414811,4.750752386017759,4.231930471546992,4.0292596720065115,4.037353173458482,0.29665777775057245,0.011129451332868214,0.3180114441909173,0.038587975427119496,0.28320611872262,0.03565303288454383,0.29323965668083085,0.03847878704965842
749,0.8673773773773774,6.279571434261668,6.044144231498069,6.1675512469265295,5.529103254426487,5.330695606165722,5.437642798151037,4.8934960083037025,4.69367850149513,4.757840144599548,4.23956836261416,4.036832585880343,4.045612526156231,0.29619154837034545,0.011134244190263199,0.3175887340158181,0.03862428866889443,0.28264275810195716,0.03569775270918205,0.2928594164160571,0.03847096548246811
750,0.8678678678678678,6.284286208056018,6.048707875384104,6.172294872137704,5.53483607009154,5.336169248068382,5.443383833340859,4.900519540449402,4.700407383744089,4.7649281364127605,4.247149747201687,4.044346704163615,4.053814953605677,0.29573234600350845,0.011138931158655383,0.3171652317711921,0.03866060392921658,0.2820792011586213,0.03574252332766259,0.292503653362341,0.03846359454605841
751,0.8683583583583583,6.288997634782618,6.053268302401896,6.1770351399770025,5.540567658006393,5.341641663190922,5.449122863075662,4.907541613531535,4.707134324298345,4.772016296703594,4.25467246193835,4.051799814921447,4.061957853550304,0.29528047775599975,0.011143513423516369,0.31674093891915334,0.03869692169372778,0.2815154664868276,0.03578734303969716,0.2921733649517425,0.03845669944858643
752,0.8688488488488488,6.293705747449667,6.057825529663131,6.181772051140392,5.546298031763813,5.347112866551834,5.454859903016094,4.914562203987955,4.713859334744822,4.779104548453494,4.262134340464241,4.059189700396645,4.0700386063064125,0.2948362519351464,0.01114799361856696,0.31631585640703475,0.03873324307843745,0.2809515733787605,0.03583221060754469,0.29186955220510596,0.03845030566739114
753,0.8693393393393394,6.298410580639246,6.062379572349947,6.186505606601303,5.552027208641395,5.352582875520833,5.460594969767994,4.92158129069852,4.7205824197545025,4.786192824896246,4.269533206972413,4.066514139295439,4.078054596582623,0.29439997723540673,0.011152375752189024,0.31588998416020997,0.03876956962967135,0.28038754130073196,0.035877125428424216,0.29159321822350315,0.03844443754261159
754,0.8698298298298298,6.303112170253201,6.066930448920592,6.191235806715804,5.557755204602302,5.358051702009513,5.466328077948631,4.928598853786827,4.727303592780387,4.793281050163423,4.276866879074458,4.073770904996433,4.086003207658884,0.2939719629630758,0.011156665348019864,0.3154633239483043,0.03880590303268587,0.27982338831705583,0.035922086856295755,0.2913453681725407,0.038439118113593074
755,0.8703203203203203,6.307810553282661,6.071478172869899,6.195962650785708,5.563482035980816,5.3635193635538085,5.47205924235508,4.935614878516706,4.734022869596482,4.800369157105287,4.284133165518161,4.0809577658780665,4.093881822082438,0.2935525186995044,0.01116086955701331,0.3150358759335242,0.038842245111347234,0.27925913104372124,0.03596709387729077,0.2911270116731954,0.038434369308310026
756,0.8708108108108108,6.312505767489014,6.076022761148852,6.200686141163433,5.569207724321324,5.368985869582198,5.477788478681496,4.942629350610962,4.7407402683363475,4.807457074146154,4.291329882772784,4.088072495933923,4.101687832033999,0.29314195333881493,0.011164997562764857,0.3146076416211013,0.03887859851796329,0.2786947860398476,0.03601214656093209,0.2909391547884849,0.03843021242063956
757,0.8713013013013013,6.317197852535831,6.080564226016492,6.205406276894434,5.574932286445771,5.374451240693378,5.483515799326609,4.949642262229301,4.747455801191931,4.814544727586875,4.298454835168644,4.095112866318626,4.109418625904236,0.29274057639463885,0.011169060463024062,0.3141786211773255,0.03891496520623461,0.2781303705566057,0.03605724464795928,0.2907828060626633,0.03842666824386768
758,0.8717917917917918,6.32188684903408,6.085102583759956,6.21012306057925,5.580655744324629,5.37991548429531,5.4892412186913,4.956653604569308,4.754169488205114,4.82163204922873,4.305505835163596,4.102076652269336,4.117071612951802,0.2923486960477479,0.011173071648290128,0.3137488168778034,0.03895134834492344,0.27756589917739716,0.03610238864876511,0.2906589710448265,0.03842375583264953
759,0.8722822822822822,6.326572798634397,6.089637847100512,6.214836490592076,5.586378121569167,5.385378618525434,5.494964749366041,4.963663375154371,4.7608813573743065,4.828718965846724,4.312480690061337,4.108961637861126,4.124644195687941,0.29196662033758103,0.011177046698602193,0.31331822849191315,0.038987750751894895,0.27700138667436847,0.03614757828512226,0.29056865706753243,0.03842149297725351
760,0.8727727727727728,6.3312557437169685,6.094170029456959,6.219546570302724,5.592099434515104,5.390840655312452,5.50068640388305,4.970671572377608,4.767591424515719,4.835805410358297,4.319377219048009,4.115765614264804,4.132133807186637,0.29159465530977263,0.011181003880355549,0.31288685867929616,0.039024175201599905,0.2764368466076229,0.03619281408920656,0.2905128635431155,0.03841989714552766
761,0.8732632632632633,6.335935728546535,6.0986991431376065,6.224253299942676,5.597819715115099,5.396301605586618,5.50640619506485,4.977678197963662,4.774299722590171,4.842891313857612,4.326193244709175,4.122486377201274,4.139537903336758,0.2912331055169967,0.011184964134024039,0.3124547075990635,0.03906062604722505,0.2758722919952548,0.03623809697439873,0.29049258813058587,0.0384189833429315
762,0.8737537537537537,6.340612797734549,6.103225201870195,6.228956682300634,5.6035389898662755,5.401761488261043,5.512124135304244,4.984683256038759,4.781006272962304,4.849976607505003,4.332926589288358,4.129121741646798,4.14685392381539,0.2908822757448753,0.011188951240631748,0.3120217757325374,0.03909710644013029,0.2753077374804922,0.036283427760656746,0.2905088267763906,0.038418766655547
763,0.8742442442442442,6.345286997280453,6.107748215291942,6.2336567194245855,5.609257277576647,5.407220307874658,5.517840235836956,4.991686756084446,4.787711110828158,4.857061224280144,4.33957509550092,4.135669525501563,4.154079366619573,0.2905424664403805,0.011192992216232784,0.31158806642407183,0.03913362064146069,0.27474319130413155,0.03632880725248558,0.2905625666383544,0.03841926036838989
764,0.8747347347347347,6.349958373784375,6.11226819615005,6.238353413697641,5.614974613727874,5.412678087637208,5.52355450830881,4.998688706560684,4.794414257851885,4.864145097685242,4.346136608653481,4.142127569927383,4.161211731854164,0.29021397773259244,0.011197117155466717,0.31115357842770675,0.03917017240959636,0.2741786689141596,0.03637423688591847,0.29065478879538864,0.03842047693093939
765,0.8752252252252253,6.3546269744748045,6.1167851552060215,6.24304676836246,5.620691020978815,5.418134832383992,5.529266964547032,5.005689121083974,4.801115754014326,4.871228165541281,4.352608985113038,4.148493731835062,4.168248552283713,0.2898971062949328,0.011201359604301362,0.31071831491542296,0.03920676628206356,0.2736141772452543,0.03641971759259034,0.2907864697406808,0.03842242605599993
766,0.8757157157157157,6.359292848107199,6.121299103593189,6.247736789029141,5.626406531277188,5.423590559582552,5.534977616476934,5.012688016174917,4.807815623035457,4.878310362255514,4.3589900994643385,4.154765883617958,4.1751873838178994,0.2895921470788762,0.011205756914922389,0.3102822764891984,0.03924340657732227,0.27304972884747486,0.03646525152590387,0.2909585753104224,0.038425118465845315
767,0.8762062062062062,6.363956043681149,6.125810050726385,6.2524234793797655,5.632121176832275,5.429045284258662,5.540686475023584,5.019685408530186,4.814513904588474,4.885391626064972,4.365277842276508,4.160941920566983,4.182025817877515,0.28929939132230587,0.011210350073332554,0.3098454637188826,0.03928009800808952,0.27248533292109367,0.0365108397041706,0.2911720634606787,0.03842856188236749
768,0.8766966966966967,6.368616610792804,6.130318007078722,6.257106845861304,5.6378349867239095,5.434499016445611,5.546393552130332,5.026681320514348,4.821210632107907,4.892471899156244,4.37147011585798,4.16701976146742,4.188761473419521,0.2890191275772425,0.011215184139151149,0.30940787884250487,0.039316845422011,0.27192099714889306,0.03655648425459629,0.2914278835497793,0.038432763094232075
769,0.8771871871871871,6.3732745995449935,6.134822981630743,6.261786893740223,5.6435480040957975,5.43995177034957,5.552098859088721,5.033675774973668,4.827905841424411,4.899551120672892,4.377564843963372,4.172997346747497,4.195391998396995,0.28875164142795895,0.011220308454888696,0.30896952123879523,0.03935365459866379,0.2713567317832547,0.036602187967980065,0.2917269744767283,0.03843772804830163
770,0.8776776776776776,6.377930060836129,6.139324985171905,6.266463631246325,5.649260250308712,5.445403561601179,5.557802407981966,5.040668795118814,4.834599569032806,4.906629235489637,4.3835599668274625,4.178872645208079,4.201915089946486,0.2884972142354774,0.011225776325347289,0.30853039392509346,0.03939052939389398,0.27079254326540514,0.036647951493366776,0.2920702625059578,0.038443460024805136
771,0.8781681681681681,6.382583046217235,6.14382402612022,6.271137067003495,5.654971766823397,5.450854402715964,5.563504210972008,5.047660410634385,4.84129185114838,4.913706186391495,4.389453455769934,4.184643650976342,4.208328478593044,0.2882561235909338,0.01123164605443685,0.3080904972567549,0.039427475791428704,0.2702284399125625,0.03669377809332807,0.2924586614962745,0.03844996286338787
772,0.8786586586586587,6.387233606765239,6.148320112802994,6.275807209711009,5.660682590451012,5.456304311195025,5.56920428084643,5.05465065006333,4.847982725050369,4.920781923017783,4.395243289361062,4.190308389048092,4.214629921358586,0.2880286441737876,0.011237980270513526,0.30764983137907587,0.03946449895210196,0.2696644292001419,0.03673966981785578,0.2928930769333603,0.03845723746687015
773,0.8791491491491491,6.391881794238491,6.152813253992651,6.280474069357829,5.666392753313043,5.461753298523672,5.5749026297491495,5.0616395439656365,4.854672229921682,4.927856391045478,4.400927491076833,4.195864919141166,4.220817237948271,0.28781504442425376,0.011244846629493349,0.3072083984300905,0.03950160419046379,0.2691005169666313,0.03678562892081136,0.293374393695247,0.03846528440876001
774,0.8796396396396395,6.396527660847683,6.157303460126438,6.2851376595485835,5.672102298518652,5.46720137996242,5.580599270886024,5.068627125437961,4.861360397951619,4.9349295434569385,4.406504088513672,4.201311328689199,4.226888281568756,0.28761559038179113,0.011252317623728927,0.3067661990868696,0.03953879726229507,0.2685367109290404,0.036831658871599136,0.29390348761371354,0.0384741019106361
775,0.8801301301301301,6.40117125853824,6.161790738013129,6.289797990358551,5.677811259267579,5.472648574343957,5.586294218006162,5.075613427159663,4.868047272114304,4.942001334244028,4.411971151573954,4.206645743553343,4.232840942031309,0.2874305424189737,0.011260470852866114,0.3063232337906471,0.03957608315410539,0.2679730163186185,0.03687776101373626,0.2944812191811072,0.0384836875432533
776,0.8806206206206206,6.405812638857052,6.1662750965505495,6.294455078539119,5.68351967865359,5.478094896382164,5.59198748604251,5.082598486313837,4.874732886041507,4.949071717365249,4.4173267759101,4.211866323296725,4.238673180803,0.2872601557490652,0.011269389215161936,0.3058795031864246,0.03961346776757446,0.26740944007933315,0.036923939038023226,0.295108429204682,0.03849403736066251
777,0.8811111111111111,6.410451853960672,6.170756545646505,6.299108937450471,5.6892275956338,5.483540360830204,5.59767908939167,5.08958233802294,4.881417276769016,4.956140647700272,4.422569083635283,4.216971272709352,4.244382989119531,0.28710468100233905,0.011279160794612084,0.30543500833354154,0.039650956612232106,0.26684598815652594,0.03697019574223923,0.29578594413222054,0.03850514543540709
778,0.8816016016016015,6.415088955493592,6.175235091688443,6.30375958401398,5.694935041294157,5.4889849874746,5.6033690442383195,5.09656501928215,4.88810047867591,4.963208087654427,4.427696235452599,4.221958828477369,4.249968420945079,0.2869643628903773,0.011289879100517455,0.30498975037508513,0.039688554471031756,0.26628266536761697,0.03701653303755513,0.2965145721026833,0.03851700535090868
779,0.882092092092092,6.41972399437431,6.179710745578814,6.308407036321157,5.700642070397006,5.494428789991139,5.6090573656370495,5.103546568893598,4.894782527953422,4.970273997865391,4.432706421539098,4.226827276035924,4.255427567945909,0.2868394415167016,0.011301643286896665,0.30454372879275915,0.03972626799161991,0.2657194786412947,0.037062955390460575,0.29729510474118653,0.03852960904069948
780,0.8825825825825826,6.424357021501068,6.184183515709285,6.313051315855609,5.7063487069875904,5.499871787117909,5.614744072080279,5.110527024165409,4.901463459542319,4.977338338939914,4.437597863279002,4.231574935165172,4.260758597411503,0.28673015060961327,0.011314557602308279,0.3040969464091543,0.03976410125656225,0.26515643209179085,0.037109464155361704,0.29812831283383534,0.03854294627078551
781,0.883073073073073,6.428988087188944,6.188653409685868,6.317692440129533,5.7120550023392,5.505313998285472,5.62042918098969,5.117506423281756,4.908143301618496,4.984401079670961,4.44236882792662,4.236200181459218,4.265959713487262,0.28663671800420903,0.011328732218164038,0.30364940138687957,0.03980206042339043,0.26459353338766073,0.03715606336396563,0.2990149474436028,0.038557006924166026
782,0.8835635635635635,6.433617240782561,6.193120439670114,6.322330434030774,5.717760999511574,5.5107554420830915,5.6261127111165905,5.124484805613348,4.914822086466539,4.9914621876425915,4.44701760959867,4.240701430538035,4.271029197108606,0.28655936560074513,0.011344282475239281,0.30320109459361305,0.039840150582941034,0.2640307884875628,0.03720275620733503,0.2999557394254536,0.038571777784356914
783,0.884054054054054,6.438244531278967,6.197584613261972,6.326965319804418,5.723466726013991,5.516196137845386,5.631794683479941,5.131462209505019,4.921499843234573,4.998521630909308,4.4515425550396435,4.245077149687292,4.275965370685924,0.2864983085128064,0.011361329348558285,0.3027520276187605,0.0398783759533821,0.26346820206963,0.037249544625039356,0.3009513979977541,0.03858724624069242
784,0.8845445445445446,6.442870006118864,6.202045941774226,6.33159712335319,5.729172232387582,5.521636105206112,5.637475117781941,5.138438673618556,4.928176603422144,5.005579381190544,4.455942037537943,4.24932585442193,4.2807666376368365,0.28645375556802893,0.011379999016633334,0.3023021997065227,0.039916742039898805,0.2629057810820411,0.03729643220607524,0.30200261074418544,0.038603395906665006
785,0.885035035035035,6.447493712437307,6.206504434534228,6.336225871533361,5.734877551547526,5.527075365007082,5.643154037094758,5.14541423249555,4.934852382360831,5.012635414513582,4.460214479154891,4.253446113992525,4.285431444158409,0.2864259092686335,0.01140042305672212,0.30185161179635384,0.039955253051138284,0.26234353289748186,0.03734342178108283,0.30311004190244883,0.038620211134271595
786,0.8855255255255254,6.45211569605776,6.21096010391029,6.3408515924008295,5.740582727270067,5.532513933331786,5.648831463157661,5.152388925505866,4.941527209347731,5.0196897057847485,4.464358345408196,4.257436546451096,4.289958311237132,0.28641496480248585,0.011422738243439149,0.30140026456121793,0.0399939140341843,0.2617814630207379,0.03739051684458605,0.30427433408608406,0.03863767411183208
787,0.886016016016016,6.45673600146726,6.215412960463347,6.34547431843081,5.746287799871994,5.537951836853934,5.654507421578349,5.159362785360166,4.948201102989083,5.026742230368217,4.468372141067982,4.2612958309654,4.294345831214293,0.2864211103587824,0.011447085944113299,0.3009481572664317,0.040032728964599945,0.2612195809942903,0.0374377198534693,0.30549610260378895,0.038655764632760464
788,0.8865065065065065,6.461354671559707,6.219863016424146,6.350094077747681,5.751992803686008,5.543389096819763,5.660181936674352,5.166335846933273,4.954874079712656,5.033792969882221,4.472254425814666,4.2650226964249995,4.2985926555333345,0.28644452655600144,0.011473612550509295,0.30049529039732775,0.04007170147162486,0.26065789361856023,0.03748503351393909,0.30677593996459673,0.03867446302414835
789,0.886996996996997,6.46597174856575,6.224310286473654,6.354710904824854,5.757697774812967,5.548825732685363,5.6658550357384945,5.173308141904491,4.961546154956488,5.040841905738724,4.476003803432925,4.268615937005116,4.302697490105594,0.2864853873560359,0.011502468884133553,0.3000416651895108,0.04011083522952153,0.26009640875724016,0.0375324606219672,0.3081144143209554,0.03869374770696009
790,0.8874874874874874,6.47058727243246,6.228754782019485,6.359324833661359,5.763402752856368,5.554261768695032,5.671526746124153,5.180279701285635,4.968217338014976,5.047889018597728,4.479618922276157,4.272074397372188,4.306659141519112,0.2865438581884936,0.011533809797197769,0.29958728079647456,0.04015013388935385,0.2595351365778819,0.037580004261885534,0.3095120643946615,0.03871359513327037
791,0.887977977977978,6.4752012816463225,6.233196517047372,6.363935901200547,5.769107768893651,5.5596972256890895,5.677197096460822,5.187250551533662,4.974887634349485,5.054934295661494,4.483098480604278,4.275396988896183,4.310476472574577,0.28662009702627933,0.011567793925454564,0.2991321385020395,0.04018960036404806,0.25897408597290705,0.03762766688565655,0.31096940362168213,0.03873398034742783
792,0.8884684684684685,6.4798138129982705,6.237635508568365,6.368544145059062,5.7748128671206045,5.5651321293232625,5.68286611744791,5.194220720912405,4.98155705165862,5.061977718375427,4.486441237401986,4.278582689722825,4.314148405938238,0.28671425410646034,0.01160458350058841,0.2986762369841701,0.040229237758497245,0.2584132689785088,0.03767545168810829,0.31248691806601925,0.03875487824540164
793,0.8889589589589589,6.484424901795,6.242071770863064,6.373149602547865,5.780518071272005,5.57056650394148,5.688533840245805,5.201190231387924,4.988225590330267,5.069019276692788,4.48964599194566,4.281630527490754,4.317673960386436,0.28682647116180193,0.01164434348023277,0.2982195773516438,0.04026904781701437,0.2578526952840706,0.037723360128830485,0.3140650661422685,0.038776261079207106
794,0.8894494494494494,6.489034580262793,6.246505321442569,6.377752315359175,5.786223415577433,5.576000370229713,5.694200297128547,5.208159103110674,4.994893245550289,5.076058958782754,4.492711604276229,4.284539608195619,4.321052212627351,0.28695688180645595,0.011687241511853439,0.29776216021826496,0.04030903285886183,0.2572923770041061,0.03777139516240404,0.3157042764644468,0.038798100504476594
795,0.8899399399399399,6.493642880187863,6.250936177396824,6.382352326003689,5.791928927348556,5.581433756194435,5.699865522263627,5.215127354535113,5.001560007853156,5.083096753593014,4.495636988918676,4.287309099746519,4.324282327908593,0.2871056108662762,0.011733447097971264,0.2973039858592636,0.04034919405927141,0.2567323273916926,0.037819558715602684,0.3174049471727334,0.03882036683394168
796,0.8904304304304305,6.498249829366422,6.255364358201542,6.386949674839995,5.797634639730052,5.5868666843646,5.705529550464334,5.222095001329295,5.008225867014796,5.090132650622141,4.498421114223729,4.289938237407148,4.327363528651115,0.28727277531601697,0.01178313138651887,0.29684505386113225,0.04038953292077196,0.25617256027829394,0.03786785349692204,0.3191674501545326,0.03884302936660286
797,0.8909209209209209,6.5028554552397555,6.2597898833982075,6.3915444086525985,5.803340572184207,5.592299177904298,5.711192417410102,5.2290620525162055,5.014890807001813,5.097166638733003,4.501063009801297,4.292426324676368,4.3302951446881695,0.2874584821213832,0.011836466094217386,0.2963853664621476,0.0404300498251108,0.25561308962696266,0.037916280868407884,0.3209921211065127,0.038866055343175415
798,0.8914114114114113,6.507459781025501,6.264212772426418,6.396136572537562,5.809046754625282,5.597731266418522,5.7168541599753935,5.236028517403034,5.021554807632343,5.104198713417891,4.50356175737302,4.294772738761841,4.3330765548957055,0.28766283061450154,0.011893623373825789,0.2959249224114804,0.04047074505409925,0.25505393161894685,0.037964842773010876,0.32287927081159556,0.03888941119007815
799,0.8919019019019019,6.512062829786976,6.268633048046482,6.400726212678867,5.8147532113952005,5.6031629730589865,5.722514816455497,5.242994398593871,5.02821783853653,5.111228862692602,4.505916507431158,4.296976922307273,4.335707229706276,0.28788591070672415,0.011954775053694638,0.2954637226093775,0.0405116186909347,0.2544951044278631,0.03801354159289865,0.32482917384255217,0.038913063272272105
800,0.8923923923923924,6.516664619743777,6.27305073388776,6.405313375391689,5.820459960190443,5.608594320661599,5.7281744262204874,5.249959695971857,5.034879874764577,5.118257079604168,4.508126462338168,4.299038397237539,4.338186730620363,0.2881278022944979,0.012020091560278228,0.29500176825183766,0.040552669812402575,0.25393662425609265,0.03806237843054948,0.32684207372169866,0.03893697424200981
801,0.8928828828828829,6.521265168323781,6.27746585315592,6.409898110641064,5.826167018433552,5.614025337924873,5.73383302980635,5.256924406258846,5.0415408775748505,5.125283356214411,4.51019089463302,4.300956756763152,4.340514687232997,0.2883885766365316,0.012089741803109157,0.2945390599094575,0.04059389697805026,0.2533785108806826,0.03811135469886994,0.3289181810380712,0.03896110784657058
802,0.8933733733733733,6.525864489513406,6.281878431240158,6.414480467349875,5.831874410194922,5.619456049425328,5.73949066626598,5.26388852173733,5.048200807330377,5.132307686518731,4.512109133588078,4.302731668059332,4.342690807483715,0.28866829587736914,0.012163892309090865,0.2940755976689056,0.040635299089138585,0.2528207847219986,0.038160472375295205,0.3310576756263266,0.03898542582975745
803,0.8938638638638639,6.530462595248228,6.286288493022504,6.419060495584422,5.8375821410293485,5.6248864795731075,5.745147379498807,5.27085202790296,5.054859617060281,5.139330060421187,4.513880578466458,4.304362876583947,4.344714889973593,0.28896701178666523,0.012242706247702675,0.29361138341495313,0.04067687351863843,0.2522634668339909,0.03820973196994488,0.3332607000952766,0.03900988895186787
804,0.8943543543543544,6.535059494169244,6.29069606812893,6.42363824612018,5.843290223913363,5.630316654402682,5.750803210175203,5.2778149096831095,5.06151725688791,5.146350469399133,4.515504686494107,4.305850202782933,4.346586825525434,0.28928476656042246,0.012326342890153828,0.29314641850275397,0.040718617312992644,0.25170657938787006,0.038259134629023105,0.3355273641814942,0.039034456101403894
805,0.8948448448448448,6.53965519243793,6.2951011839294315,6.428213771216539,5.848998674493644,5.6357465987329505,5.756458202019677,5.2847771437791815,5.068173668369629,5.153368904978227,4.516980985979744,4.307193541082354,4.348306560224817,0.28962159386106895,0.012414957342939856,0.29268070316404415,0.04076052786633569,0.25115014763158644,0.03830868180336282,0.3378577461974037,0.03905908674578757
806,0.8953353353353353,6.54424969364171,6.299503870356472,6.432787120221543,5.854707489750794,5.641176338250666,5.762112398709266,5.291738705301044,5.0748287929191545,5.160385355880536,4.518309073968058,4.308392873923022,4.349874154658313,0.28997751525112747,0.01250869899930518,0.2922142397908504,0.0408026005418315,0.25059419488657136,0.03835837322616253,0.3402518845308127,0.03908373768818697
807,0.8958258258258258,6.548842998261358,6.303904158668732,6.4373583483459935,5.860416680009769,5.646605896523655,5.767765843213584,5.298699561395573,5.081482560224652,5.167399814145874,4.519488616293475,4.309448257527044,4.351289730262563,0.29035254402520333,0.012607711787275573,0.2917470298435403,0.04084483156018658,0.25003874836680895,0.038408210133153785,0.3427097857513922,0.0391083661502112
808,0.8963163163163164,6.553435104307259,6.308302080626648,6.441927504126816,5.866126249995419,5.652035301441129,5.773418580601334,5.305659678828897,5.0881348971453235,5.1744122626453075,4.5205193402834425,4.310359828796111,4.352553497509362,0.2907466832524093,0.012712132997075371,0.29127907341258963,0.04088721604614072,0.2494838371970082,0.03845819325649904,0.3452314211660971,0.03913292774961138
809,0.8968068068068068,6.558026006830565,6.312697670117504,6.446494642354725,5.871836196315697,5.657464570271276,5.779070654531396,5.312619014953438,5.0947857288075715,5.181422692604306,4.521401048495445,4.311127801932249,4.3536657699107915,0.2911599248867657,0.012822092801183047,0.2908103742899866,0.04092974895975165,0.24892948798939354,0.03850832278701381,0.34781672468004105,0.03915737651815211
810,0.8972972972972972,6.562615698062704,6.317090961146528,6.451059813264867,5.877546512610766,5.662893731403425,5.784722110264598,5.319577524386476,5.101434965088007,5.188431087861776,4.522133621139365,4.311752477415235,4.354626920285833,0.2915922513805605,0.012937713852646873,0.2903409338048868,0.040972423801443246,0.24837573244131234,0.03855859879307441,0.35046559420856505,0.039181667935864306
811,0.8977877877877878,6.567204167664528,6.321481989217878,6.455623070490124,5.88325719658486,5.668322806848727,5.790372991689558,5.32653515840979,5.108082524290383,5.195437431191342,4.5227169894764625,4.312234235298229,4.355437409542079,0.2920436356768492,0.013059110672875076,0.2898707541568314,0.041015234581515056,0.24782260113358842,0.038609021288511326,0.35317789658788146,0.03920575366522616
812,0.8982782782782783,6.571791402446886,6.32587079137271,6.460184464358977,5.888968231312786,5.673751820967144,5.796023342398615,5.333491859271311,5.1147283059950635,5.202441700789242,4.523151179323253,4.312573537044362,4.356097798540094,0.2925140388212032,0.01318638903824551,0.2893998386976147,0.041058173540287755,0.24727012750726976,0.038659589634407854,0.3559534540300362,0.03922958716837611
813,0.8987687687687688,6.576377385870013,6.330257403856453,6.464744046105531,5.894679620307737,5.679180792133175,5.801673206758802,5.340447569329697,5.121372212147199,5.2094438842344,4.523436279431872,4.312770926938459,4.356608714459746,0.2930034125568582,0.013319646306987683,0.28892818810546705,0.0411012348365837,0.2467183454911771,0.03871030519642854,0.35879205976249073,0.03925312051281855
814,0.8992592592592592,6.580962099763057,6.334641866576965,6.469301865000451,5.900391341624251,5.684609745892348,5.807322627015287,5.347402222844664,5.12801413820067,5.216443951517067,4.523572451466259,4.312827033028057,4.356970869296013,0.29351169831261686,0.013458970050315431,0.2884558060230234,0.041144409491324016,0.24616729071792615,0.038761166558521146,0.36169346739513125,0.03927630497448544
815,0.8997497497497497,6.585545522996037,6.339024217044551,6.473857970708101,5.906103376753067,5.690038697559929,5.812971647480994,5.354355748455501,5.1346539683311425,5.223441877770161,4.523559929902522,4.312742559585391,4.357185062870033,0.29403882711667706,0.01360443857891428,0.28798269605865756,0.04118768967126449,0.24561699983778104,0.03881217393021442,0.36465739454655804,0.039299091814872435
816,0.9002402402402402,6.5901276312251404,6.343404498277723,6.478412412632561,5.9118157036052414,5.695467671104995,5.8186203082913135,5.36130807458376,5.141291590882614,5.230437640432744,4.523399028528872,4.312518302999504,4.357252171228758,0.2945847192524715,0.013756120348080698,0.2875088619854116,0.041231065668827276,0.2450675087250453,0.03886332604658271,0.3676835238894328,0.0393214315148143
817,0.9007307307307306,6.594708398604785,6.347782750645064,6.4829652366549455,5.9175283161078,5.700896686602966,5.824268651323482,5.368259120169638,5.147926882304039,5.237431202493446,4.5230901317409895,4.312155125553977,4.357173154825956,0.29514928579552924,0.013914074163731395,0.28703430445826505,0.04127452949809585,0.24451886044753063,0.038914623649289895,0.37077150093012484,0.039343275065082124
818,0.9012212212212212,6.59928779626763,6.3521590150940055,6.487516487905758,5.923241179537763,5.706325756526798,5.829916714979829,5.375208803050295,5.154559718571408,5.2444225352865885,4.52263369433151,4.311653988768077,4.356949050162993,0.2957324263398151,0.014078348657100403,0.2865590294210134,0.04131807122675544,0.2439710913419082,0.038966065641237196,0.3739209365891595,0.03936457154582737
819,0.9017117117117117,6.6038657931398514,6.356533333978035,6.4920662119271,5.9289542647635995,5.711754903632347,5.835564539210328,5.382157035818672,5.161189964501512,5.251411600240013,4.522030260832148,4.31101592351673,4.356580967746946,0.29633403097206773,0.014248982619413883,0.2860830402390726,0.041361680165206964,0.24342424407568908,0.03901765105385099,0.37713140423356767,0.03938527287112541
820,0.9022022022022022,6.608442355652081,6.3609057509738065,6.49661445137783,5.934667550712871,5.717184140767688,5.841212159325919,5.389103725027783,5.167817487068628,5.2583983561053795,4.5212804373375475,4.3102420439451965,4.356070100754788,0.2969539797235815,0.014426004889599692,0.2856063406299402,0.041405346718609355,0.24287836132664856,0.039069379782723096,0.3804024433464667,0.03940532849018754
821,0.9026926926926926,6.613017449124672,6.365276310224554,6.501161246184739,5.940381003406075,5.7226134845406005,5.846859611535528,5.396048776707512,5.174442147371069,5.2653827632658405,4.520384904959306,4.309333539677585,4.35541771149157,0.2975921428904959,0.014609434582635344,0.2851289350166417,0.04144905980939762,0.24233348526852339,0.039121250778426514,0.3837335609269802,0.03942468884677025
822,0.9031831831831831,6.617591035449715,6.3696450548961705,6.505706635923476,5.946094595425964,5.728042950342043,5.852506929517348,5.402992088006021,5.1810637970199185,5.2723647734618595,4.519344433294392,4.308291684467802,4.354625142656544,0.29824838000609066,0.01479928096337122,0.2846508267261231,0.04149280875595857,0.24178966239285551,0.039173263723475495,0.38712422343703823,0.0394433054131987
823,0.9036736736736737,6.622163076242125,6.374012029582489,6.5102506570103245,5.951808287421265,5.733472552495982,5.858154145230229,5.409933558878444,5.187682288603969,5.279344338595853,4.51815984688412,4.307117822541587,4.353693798059448,0.2989225421454303,0.014995544023455206,0.284172020925546,0.041536581846480986,0.24124693648886295,0.03922541761575205,0.3905738709074044,0.03946112902214339
824,0.9041641641641641,6.626733530089484,6.37837727901097,6.514793346109716,5.9575220445971375,5.738902298488194,5.86380128723321,5.416873079233748,5.194297469553184,5.286321404000404,4.516832058671353,4.305813376967347,4.35262514648582,0.2996144704164712,0.01519821450880887,0.2836925232215796,0.041580368019285475,0.24070535367550128,0.03927771203067956,0.39408190659932263,0.03947811189639591
825,0.9046546546546546,6.631302354467107,6.3827408473265,6.519334731545517,5.9632358327216455,5.7443322024974135,5.869448382514971,5.423810541138703,5.200909182804644,5.293295910420757,4.515362058439243,4.304379844161531,4.351420735424463,0.30032399573322,0.01540727417524126,0.2832123369450584,0.04162415558243083,0.24016496189691042,0.03933014663645264,0.397647699636461,0.03949420751415093
826,0.9051451451451451,6.635869506181346,6.3871027792403305,6.523874845204096,5.968949607903738,5.749762275096731,5.8750954578548855,5.430745829328398,5.207517269913718,5.300267800167235,4.513750893492184,4.302818793810052,4.35008217970468,0.30105094046364167,0.015622695958075979,0.2827314678782599,0.041667932312485265,0.2396258081814835,0.03938272007939445,0.4012705894252342,0.03950936785105174
827,0.9056356356356356,6.640434939883556,6.391463119138915,6.528413715070999,5.974663338126373,5.755192523442412,5.880742534269683,5.437678829138921,5.214121564896869,5.307237003372104,4.511999697606416,4.301131857901237,4.348611134275999,0.3017951188107505,0.015844444993780193,0.2822499204896983,0.04171168699519509,0.23908794271500783,0.039435433117963985,0.4049498852594596,0.0395235492597242
828,0.9061261261261261,6.644998609505117,6.395821911002059,6.532951363998144,5.980376968902006,5.760622955329506,5.8863896320509745,5.444609418443627,5.220721903687473,5.314203457358958,4.510109673412945,4.2993207444214345,4.347009320068363,0.30255633519894726,0.016072478155775633,0.28176770160706016,0.04175540654006368,0.2385514121796223,0.03948828368356546,0.40868486614993405,0.0395367072380037
829,0.9066166166166165,6.649560468387956,6.400179198932805,6.537487813633198,5.986090468861463,5.766053578344918,5.892036767677044,5.45153747996692,5.227318117595833,5.321167084560909,4.508082091953612,4.297387224179486,4.345278524365352,0.30333438588770945,0.016306744932555885,0.28128481505164776,0.04179907960248951,0.23801626814463983,0.03954127265622108,0.41247478038119717,0.03954879921428645
830,0.9071071071071071,6.65412046927493,6.404535026903299,6.542023082988901,5.991803784046373,5.771484396691901,5.897683956987003,5.458462887499127,5.233910031366931,5.328127812474793,4.50591829515246,4.295333128118409,4.343420589165181,0.3041290586900074,0.016547187504685323,0.28080126801013,0.04184269330036103,0.23748255983760783,0.039594399046752965,0.4163188478397509,0.039559784020623545
831,0.9075975975975976,6.658678563602948,6.408889436037853,6.546557185479824,5.997516891766321,5.776915411724636,5.903331208929979,5.465385518120781,5.240497477520366,5.335085553494229,4.503619694787234,4.293160351047077,4.3414373766374155,0.3049401346820169,0.01679374195785373,0.2803170631408087,0.04188623753843894,0.2369503401873182,0.03964766451232243,0.4202162655494902,0.03956962271946109
832,0.908088088088088,6.663234703493913,6.413242468860036,6.551090136271401,6.003229728147291,5.782346631357668,5.908978532465311,5.472305241592272,5.247080274771077,5.342040229109177,4.5011877629191215,4.2908708389640084,4.3393308117014175,0.30576738721312147,0.0170463375717874,0.27983220866792347,0.04192969835654695,0.2364196588531126,0.03970106711251723,0.4241662035716647,0.0395782778271872
833,0.9085785785785785,6.667788840855149,6.417594166910073,6.555621942242682,6.008942250202786,5.787778051974956,5.914625933141813,5.479221933220759,5.253658251917044,5.348991744683969,4.498624047784329,4.2884665976892276,4.337102856477051,0.30661058179221634,0.017304898129968327,0.2793467105818904,0.04197306444495935,0.23589056642694017,0.03975460753564857,0.4281678068229107,0.03958571450309503
834,0.909069069069069,6.672340927206605,6.421944570585649,6.5601526111167665,6.014654427373508,5.793209678345584,5.920273411657612,5.486135460891663,5.260231226998531,5.355940010176905,4.495930155903808,4.285949679531956,4.334755523135556,0.3074694776021702,0.01756934189302118,0.2788605724631516,0.042016324795113594,0.2353631177781349,0.03980828690023222,0.43222019583990257,0.039591899663664235
835,0.9095595595595596,6.676890915542457,6.426293716635676,6.56468214261957,6.0203661937707125,5.798641505435488,5.925920965380117,5.493045696606107,5.266799020516537,5.362884925462416,4.493107755321914,4.283322183039365,4.3322908311916954,0.3083438277343543,0.0178395823863219,0.2783738034354241,0.04205946688363356,0.23483736126799934,0.03986210456660912,0.4363224739884245,0.03959680369991653
836,0.91005005005005,6.681438758750728,6.430641644168743,6.569210537733413,6.026077524450329,5.804073536290663,5.931568589982501,5.499952507986786,5.273361454684927,5.369826390892646,4.490158571853213,4.28058625109466,4.329710845079392,0.30923337976419407,0.01811552862520689,0.2778864062787473,0.042102480472918355,0.23431335242635193,0.0399160620188132,0.4404737230334303,0.03960039827833134
837,0.9105405405405405,6.685984410364624,6.434988391244796,6.573737792055249,6.031788365134739,5.8095057617278565,5.937216276588344,5.506855763003444,5.279918351525096,5.3767642997418985,4.487084403528418,4.277744065205203,4.327017659871438,0.3101378743040259,0.018397085345327687,0.277398389610595,0.042145354172530125,0.23379114110980326,0.039970159531471705,0.4446730032564204,0.039602659247908734
838,0.911031031031031,6.69052782584669,6.4393339885793015,6.57826389687528,6.037498681737577,5.814938182704759,5.942864013994938,5.513755332569633,5.286469528669169,5.3836985429102535,4.483887073007545,4.27479783888497,4.324213368517162,0.31105704963724684,0.018684154159205872,0.2769097565867814,0.042188078144755926,0.23327078178219074,0.040024398807468144,0.44891936649445363,0.03960356395575201
839,0.9115215215215215,6.695068961568377,6.443678472075869,6.582788841983443,6.04320842189748,5.82037079201868,5.948511784614921,5.520651083976594,5.293014800056075,5.39062900545486,4.48056849435723,4.271749817919611,4.3213000984090275,0.31199063709513253,0.018976632901712996,0.27642051577976084,0.04223064134351907,0.23275232606104462,0.040078780781802,0.453211839789288,0.0396030960284688
840,0.912012012012012,6.699607775109342,6.448021871781754,6.587312612873466,6.048917546561733,5.825803580369682,5.954159570230627,5.527542886022809,5.29955399532746,5.397555571346043,4.4771306029931734,4.268602276498703,4.318279961491082,0.31293836605045205,0.019274417172355948,0.2759306729353881,0.04227303460073366,0.23223582476160246,0.04013330652647065,0.4575494475506487,0.03960123901038829
841,0.9125025025025024,6.704144226663768,6.452364217353036,6.591835192268902,6.054626018585205,5.831236544307207,5.95980734816054,5.53443060903696,5.306086935432071,5.4044781186254305,4.473575401089807,4.265357501607573,4.315155098380407,0.3138999613891551,0.019577399900326,0.27544023324362965,0.04231524861038466,0.2317213310710034,0.040187977653564244,0.46193119662554943,0.039597982699511
842,0.912992992992993,6.708678277765937,6.456705536606627,6.5963565586209185,6.060333805726217,5.836669671744952,5.965455091766199,5.541314122846966,5.312613437543521,5.411396521718921,4.4699049183439525,4.262017801514652,4.311927649079471,0.3148751456999962,0.019885471975134152,0.2749492023168452,0.04235727544447906,0.23120889820568427,0.04024279726874933,0.4663560857422297,0.03959331895661978
843,0.9134834834834835,6.713209892280684,6.461045854569987,6.6008766891007555,6.066040858541014,5.842102958178686,5.971102773005477,5.548193297577699,5.319133330335511,5.418310651188507,4.466121246518526,4.258585495899891,4.308599750807419,0.31586363815157176,0.020198522446250564,0.2744575871115123,0.04239910561949013,0.23069857663780483,0.040297765444090784,0.47082310454332044,0.03958724452849719
844,0.913973973973974,6.717739037069355,6.465385194101144,6.605395555334794,6.071747145652977,5.84753638922317,5.976750357784695,5.555068004647197,5.325646435143416,5.425220374079566,4.462226491557311,4.255062913498566,4.305173500937705,0.31686515859825093,0.020516439551629382,0.2739653935921294,0.04244073232861679,0.23019041853274314,0.040352885397876674,0.4753312436917162,0.039579759317302454
845,0.9144644644644644,6.722265680745763,6.469723577035959,6.609913130462576,6.077452640225663,5.85296995540766,5.9823978093534675,5.561938118680988,5.332152582444029,5.432125554452263,4.4582228192709445,4.251452373169725,4.301651004454818,0.317879424453084,0.020839110495352517,0.27347262706386205,0.04248214893783855,0.2296844756844511,0.040408159809073696,0.4798794868671496,0.03957086945063041
846,0.9149549549549549,6.726789796063293,6.474061020885973,6.614429378362664,6.083157305155673,5.858403643148136,5.988045089792339,5.5688035114383805,5.338651601123059,5.439026052655822,4.454112409193966,4.2477561967117685,4.298034357969882,0.3189061522520215,0.021166421544593077,0.27297929371545965,0.04252334907884631,0.22918079881836248,0.04046359078379149,0.4844668153667955,0.03956058274040681
847,0.9154454454454455,6.731311357918341,6.478397542836146,6.6189442652131545,6.088861103473391,5.863837441935348,5.993692156783165,5.575664059063829,5.345143318570553,5.445921727061706,4.449897484257356,4.243976700123334,4.2943256198666235,0.31994505870673234,0.021498258703962752,0.2724854005038074,0.0425643263244979,0.22867943835563628,0.04051918068287496,0.48909221071111875,0.03954891361347381
848,0.9159359359359359,6.7358303446728005,6.482733155032654,6.623457754263004,6.094564023061687,5.869271335994788,5.9993389641010015,5.582519636913726,5.351627573620872,5.452812427564615,4.445580283169328,4.240116174148853,4.290526815372084,0.3209958623803498,0.021834508367487192,0.27199095146402347,0.04260507740806232,0.22818044667189205,0.0405749333924048,0.493754660907953,0.03953588000543792
849,0.9164264264264264,6.7403467385450915,6.487067870046748,6.627969804403025,6.1002660248521945,5.8747053142296135,6.004985464660774,5.589370122584466,5.358104199954664,5.459698005995792,4.441163072249341,4.236176900755416,4.286639951691374,0.32205828147667054,0.022175056611676614,0.27149595396909143,0.0426455967916717,0.22768387293526296,0.040630850769725065,0.4984531537061266,0.03952150457190056
850,0.9169169169169169,6.744860525047098,6.4914016949507785,6.632480374234036,6.105967082809927,5.880139358606329,6.010631607818941,5.596215392508507,5.364573031709826,5.466578310497783,4.436648120049332,4.232161128118464,4.282666975738273,0.32313203818050795,0.022519790540076988,0.2710004146632938,0.04268588135992809,0.22718976731762985,0.04068693624038434,0.5031866895148929,0.03950581431438989
851,0.9174074074074074,6.749371693480638,6.495734637410228,6.636989421115859,6.111667191416228,5.88557345820456,6.016277340914113,5.6030553281648245,5.371033920231735,5.473453183123577,4.432037736581759,4.228071074714856,4.2786098031656765,0.32421685579672344,0.022868598029177817,0.2705043369381148,0.0427259292417859,0.22669818135849076,0.04074319329063729,0.507954273906309,0.03948884230022745
852,0.9178978978978979,6.753880237169837,6.50006669971839,6.641496899947971,6.117366314638284,5.891007592291502,6.021922608260685,5.609889807516832,5.377486696210573,5.480322464198135,4.427334224906892,4.223908928124269,4.274470334217215,0.3253124595250519,0.023221367200287422,0.270007729909123,0.042765737847602237,0.22620916407090522,0.04079962521234869,0.5127549164131764,0.03947062514462183
853,0.9183883883883883,6.758386153959844,6.5043978828358755,6.646002761438937,6.123064447948017,5.8964417469830686,6.027567352661326,5.616718710002359,5.383931220871821,5.487185992410905,4.422539893599968,4.2196768316806015,4.270250342899457,0.3264185817797777,0.02357798875882318,0.2695105972133642,0.042805306953928195,0.22572276540420266,0.0408562347759545,0.5175876548469579,0.03945120399616105
854,0.9188788788788789,6.762889445230545,6.508728184227849,6.650506962206053,6.128761574617545,5.9018759080414025,6.033211516770546,5.623541917114462,5.390367327253601,5.4940436025321295,4.4176570563503255,4.215376879307066,4.2659516491681035,0.3275349554128966,0.02393835341232,0.26901294518771257,0.04284463609125909,0.22523903781932528,0.04091302641013403,0.5224515224295092,0.039430625386601484
855,0.9193693693693694,6.767390116713571,6.5130576017169615,6.655009450484673,6.134457677590146,5.9073100543190025,6.0388550391514935,5.630359312045953,5.396794875317558,5.500895125444908,4.412688041586479,4.211011128224211,4.261575918873654,0.32866132024135825,0.024302354575387104,0.268514781277526,0.04288372561706857,0.22475802855612984,0.04097000296584872,0.5273455814521617,0.039408941677939346
856,0.9198598598598599,6.771888179361052,6.517386125340004,6.65951018041963,6.140152741320671,5.9127441689987865,6.044497855620768,5.637170771340602,5.403213715749764,5.5077403891908805,4.407635153272317,4.206581569456838,4.257124833592268,0.3297974197981961,0.024669886595847405,0.26801611296416183,0.04292257685557823,0.22427978801925147,0.04102716718215646,0.5322689023374899,0.039386207107397826
857,0.9203503503503503,6.776383647527241,6.521713747489966,6.6640091029479125,6.145846767488118,5.91817823654702,6.050139907856899,5.6439761785330935,5.409623704896479,5.514579218918106,4.402500693289066,4.202090139951473,4.252599969490524,0.33094300495565726,0.02504084641392411,0.2675169445703609,0.042961192467897445,0.2238043687286156,0.04108452331757718,0.5372205803103424,0.03936248224255047
858,0.9208408408408408,6.780876540583172,6.526040455431227,6.668506169413549,6.151539746224949,5.923612237775018,6.055781128603201,5.6507754098992695,5.416024693906389,5.521411435231193,4.397286966782315,4.19753871646034,4.24800285824756,0.3320978308999942,0.02541513243543905,0.2670172839557466,0.042999575380300144,0.22333182217098418,0.0411420747153053,0.5421997228162551,0.03933783277585735
859,0.9213313313313314,6.785366882269237,6.530366236153966,6.673001331722474,6.157231674146578,5.929046154949161,6.061421456076633,5.657568343705875,5.422416548196151,5.528236861935186,4.391996242713447,4.1929291061744,4.243334975997613,0.3332616599369159,0.02579264551989993,0.2665171377125831,0.043037729357440845,0.22286219895763346,0.0411998240789263,0.5472054634669586,0.03931232577250285
860,0.9218218218218218,6.789854700537453,6.534691071688516,6.677494543041874,6.16292254418656,5.9344799659552,6.067060825161662,5.664354853976658,5.428799124193892,5.535055307705082,4.386630798370304,4.188263054602716,4.2385976995173165,0.33443426127227244,0.026173288649851828,0.26601651415699684,0.043075659079045384,0.22239555215600498,0.04125777463152294,0.5522369538759045,0.03928603596199167
861,0.9223123123123123,6.7943400287038855,6.539014944271718,6.681985759864941,6.168612353717722,5.9399136576016245,6.0726991701773265,5.671134813747758,5.435172276331889,5.541866589154579,4.381192866847028,4.1835422307069825,4.233792373851716,0.3356154112336042,0.026556966981094433,0.26551542104052783,0.04311336925443358,0.22193193596869054,0.0413159291475401,0.5572933684465653,0.039259039531367446
862,0.9228028028028028,6.798822903675727,6.5433378338080255,6.686474935846406,6.17430110544832,5.945347206961709,6.078336428606036,5.677908093080862,5.441535876335016,5.548670513996241,4.375684684168517,4.1787682362874765,4.228920283797321,0.33680489138959036,0.02694358791522223,0.26501386606501803,0.04315086640608974,0.22147140363510026,0.04137429000989699,0.5623739003868162,0.03923141667783123
863,0.9232932932932932,6.803303366424542,6.547659717583043,6.690962030878032,6.1799887936925595,5.950780594838234,6.083972537414482,5.684674558015154,5.447889771896314,5.555466884851452,4.370108432029569,4.1739425975930144,4.223982576644826,0.3380024956598838,0.02733306185749558,0.26451185879439254,0.04318815670861751,0.22101401244302876,0.04143286027875053,0.5674777768145148,0.03920325243641222
864,0.9237837837837837,6.80778146364798,6.551980571194734,6.695447003766475,6.18567542807175,5.956213801950417,6.089607431585771,5.6914340663609755,5.454233826089551,5.562255505014011,4.36446629742334,4.16906675528241,4.218980445264117,0.339208019678341,0.027725300522919,0.2640094073034353,0.043225248183542904,0.2205598204642683,0.04149164212993298,0.5726042310053436,0.039174633955901636
865,0.9242742742742742,6.812257244585368,6.556300369818607,6.699929818331529,6.191361002468096,5.961646809541826,6.0952410514145665,5.698186475950309,5.460567892649404,5.5690361675293625,4.358760419353773,4.16414209301094,4.213914949662421,0.3404212698583836,0.028120218416282206,0.26350652213308134,0.043262147900695484,0.2201088871694153,0.041550637286055146,0.5777525278356436,0.03914565138084396
866,0.9247647647647648,6.816730763248927,6.56061908555833,6.70441044198411,6.197045518787792,5.967079596261091,6.100873335348047,5.7049316352164805,5.4668918332058665,5.575808665024473,4.352992913283117,4.159169907124395,4.20878711009488,0.3416420594635554,0.028517732370455073,0.2630032140719,0.04329886450844048,0.2196612728257646,0.04160984676097188,0.5829219537055984,0.03911639703510169
867,0.9252552552552552,6.821202077738865,6.5649366917144,6.708888844550125,6.202728979689513,5.972512139509881,6.106504225859944,5.711669383985099,5.473205487083504,5.582572783123727,4.347165855294547,4.154151420515969,4.203597882496791,0.3428702103854091,0.02891776128755882,0.26249949451180327,0.04333540711184771,0.21921704370079267,0.041669272938077435,0.5881118151718369,0.039086966531707394
868,0.9257457457457456,6.825671248747439,6.569253158623531,6.713364998466479,6.208411387538895,5.977944420849892,6.112133664788877,5.718399559323401,5.479508709848597,5.589328305492732,4.3412813058088116,4.149087784734444,4.198348192375333,0.34410554959283446,0.029320226150093668,0.2619953747010072,0.04337178494269934,0.21877626486148763,0.04172891609357215,0.5933214374597909,0.03905745682037764
869,0.9262362362362362,6.83013834111527,6.573568458516241,6.717838880579314,6.214092742965829,5.983376417005875,6.117761596692388,5.725121981850589,5.485801335389588,5.596075001602858,4.335341298167302,4.143980081380926,4.193038881323612,0.3453479130684141,0.029725049845392277,0.2614908679586135,0.04340800775113865,0.21833900839105824,0.041788777242794777,0.5985501644146891,0.03902796856946143
870,0.9267267267267267,6.834603422836232,6.577882558198531,6.7223104746782,6.219773041514073,5.9888081067350765,6.123387969561267,5.7318364661713135,5.4920832038813305,5.602812644929588,4.329347793685617,4.1388293176371755,4.1876708087389956,0.34659714252803686,0.030132157051896206,0.2609859882251351,0.0434440855826665,0.21790534580865792,0.0418488556738726,0.6037973591234441,0.038998598136518896
871,0.9272172172172172,6.839066564683249,6.58219542996499,6.726779765590755,6.225452286295684,5.994239463576951,6.129012732864837,5.7385428186967316,5.498354139476643,5.609540994554197,4.323302772988216,4.133636431461439,4.182244747372708,0.3478530866368571,0.03054147436241894,0.26048075023391054,0.043480029264334905,0.21747535477708194,0.041909152471890296,0.609062398852837,0.03896944994764354
872,0.9277077077077076,6.843527839474674,6.586507042602066,6.731246747035585,6.231130469980542,5.999670466328127,6.134635837909334,5.745240825349578,5.504613962791204,5.616259803653945,4.317208162597187,4.128402320056832,4.1767614488637435,0.3491155998039422,0.030952929448155517,0.2599751702783166,0.04351584892952908,0.21704911680719,0.0419696658178828,0.6143446733252372,0.03894062395176896
873,0.9281981981981982,6.8479873232675255,6.590817367863377,6.735711413964665,6.236807581761837,6.005101091935118,6.140257240162028,5.751930264829938,5.510862476091575,5.622968820948041,4.311065855273006,4.123127803346944,4.1712216573856615,0.3503845423259658,0.03136645146182133,0.25946926589742897,0.04355155463681885,0.21662671758834004,0.04203039475711606,0.6196435850713368,0.03891222212976359
874,0.9286886886886887,6.852445093459036,6.595126374129073,6.740173767950579,6.242483614394159,6.010531311082831,6.145876895307465,5.758610901084589,5.5170994815214085,5.6296677770642765,4.304877733653565,4.117813657443212,4.1656261058027475,0.3516597779736501,0.03178197040520434,0.258963055653851,0.04358715776645684,0.216208247223004,0.04209133790274623,0.6249585412943105,0.038884346085380876
875,0.9291791791791791,6.856901228146041,6.59943403609908,6.744633818932284,6.2481585663255546,6.015961098436012,6.15149476585149,5.765282479288983,5.523324767704625,5.636356402278183,4.298645646400396,4.1124606139329165,4.15997549379517,0.35294117674765824,0.03219941745048603,0.2584565579496646,0.043622669367367965,0.21579380292709427,0.04215249346862881,0.630288960639737,0.03885709626744456
876,0.9296696696696696,6.861355808484175,6.603740324094943,6.749091578359899,6.253832419283371,6.021390427890026,6.15711081145793,5.771944725885825,5.529538095235097,5.643034412754902,4.292371412465544,4.1070693544481705,4.154270575030732,0.3542286103590047,0.03261872363444277,0.25794979415805946,0.04365809990734204,0.21538348778544653,0.04221385912527874,0.6356342566580278,0.03883057198632628
877,0.9301601601601601,6.865808914659242,6.608045212065377,6.753547066785104,6.25950515799131,6.026819265120031,6.1627249995529265,5.778597357527236,5.535739224943037,5.649701511200919,4.28605685188351,4.101640550695381,4.148512074502787,0.3555219530286537,0.03303982058079501,0.2574427869870192,0.0436934605167072,0.21497740858183575,0.042275432725855606,0.6409938449993784,0.038804871795475294
878,0.9306506506506507,6.87026062782729,6.6123486774203375,6.758000305411555,6.265176753766745,6.032247585036421,6.168337297719327,5.785240057544524,5.54192789464121,5.656357389612479,4.279703765560065,4.096174827493273,4.142700713926112,0.356821083120296,0.03346264004869785,0.25693556046157645,0.04372876020189988,0.214575681225159,0.042337209172395175,0.6463671416391977,0.038780093247721345
879,0.9311411411411411,6.874711029016106,6.616650697045659,6.762451330014914,6.270847187579427,6.037675349740481,6.173947677259091,5.791872499830343,5.548103818087382,5.663001727484482,4.273313923159083,4.090672809387719,4.136837331723493,0.3581258765762353,0.03388711258508172,0.25642814054042307,0.04376401004932108,0.21417842836418444,0.04239918665475841,0.6517535435614487,0.03875632851465269
880,0.9316316316316315,6.879160198307568,6.620951250828775,6.766900176765055,6.276516429445972,6.043102525418029,6.179556111151756,5.798494331810986,5.5542666930345685,5.669634187910803,4.266889120039085,4.085135107599092,4.130922714109815,0.35943621195246217,0.03431316884178478,0.25592055428838717,0.043799219560053525,0.21378578041881727,0.042461361141222544,0.65715244499473,0.038733671808414215
881,0.9321221221221221,6.883608215721772,6.625250321172822,6.771346884926507,6.282184443588182,6.0485290773581815,6.18516257415927,5.805105175211032,5.560416195650347,5.676254416384454,4.260431128027562,4.079562330167442,4.124957785665066,0.36075196406516097,0.034740737508703316,0.2554128302842022,0.043834397646194234,0.21339787649179892,0.04252372782829251,0.6625632146106022,0.03871221045122117
882,0.9326126126126126,6.888055158757964,6.629547894065,6.775791507627181,6.287851193103034,6.053954969502318,6.190767045349271,5.811704628722955,5.566551978728262,5.682862047539193,4.253941732004155,4.073955102599786,4.1189434764340795,0.3620730076715456,0.03516974642680703,0.25490499900207536,0.04386955283098186,0.21301486424125798,0.04258628197474744,0.6679852075813992,0.03869203044681678
883,0.9331031031031031,6.892501102502936,6.633843955367144,6.780234095511292,6.2935166470935044,6.05938015364441,6.196369504013321,5.818292265954039,5.572673656394506,5.689456691043013,4.24742270692943,4.068314083839684,4.112880783178668,0.3633992145905806,0.03560012160084325,0.25439709104591773,0.04390469496856578,0.2126369033119704,0.04264902164908207,0.6734177531733903,0.03867321342588342
884,0.9335935935935935,6.896946121561569,6.638138497169227,6.784674710888599,6.299180738935391,6.064804592605807,6.201969932364701,5.824867626774863,5.578780830270551,5.696037940175808,4.240875876771874,4.062639935059357,4.106770836233103,0.3647304499626443,0.036031786184014356,0.2538891426929532,0.0439398295907696,0.2122641592625633,0.042711939099702154,0.6788601448324434,0.038655838499218706
885,0.934084084084084,6.901390284997913,6.642431512404831,6.789113415944535,6.304843432836533,6.0702282327507,6.20756831044093,5.831430232704635,5.584873066156831,5.702605369375834,4.234303058347356,4.056933386663579,4.100614852240622,0.3660665735078572,0.03646466112968923,0.25338118775641166,0.043974965533358355,0.211896809987534,0.04277503213240219,0.6843116439530669,0.038639978437536374
886,0.9345745745745746,6.905833659693138,6.646723000753801,6.793550282405392,6.310504658972931,6.075651031513196,6.213164624068936,5.837979564762442,5.590949893703358,5.709158524730578,4.227706103312613,4.0511951942651345,4.094414067297411,0.36740744337761067,0.03689866511365322,0.25287326457729675,0.044010107251798464,0.21153504609590054,0.04283829442681073,0.6897714852202048,0.03862570540655483
887,0.935065065065065,6.91027630955221,6.651012962411558,6.797985383882328,6.316164364724242,6.0810729338170475,6.2187588549409165,5.844515074274988,5.5970108073312215,5.715696935196551,4.221086896201355,4.045426193480324,4.088169936350804,0.3687529044872836,0.03733371232514665,0.2523654113324009,0.044045261338247946,0.2111790701558259,0.04290172264449098,0.6952388434174431,0.03861308364929126
888,0.9355555555555555,6.914718291663465,6.655301401570968,6.8024187977247665,6.321822480981675,6.086493886269205,6.224350988895669,5.851036186477701,5.603055270054567,5.722220099357064,4.214447358082311,4.0396272947819645,4.081884003492165,0.3701027942007904,0.03776971366479407,0.2518576678745642,0.04408043201877429,0.2108290959131679,0.04296531250757571,0.7007128515771799,0.0386021733630014
889,0.936046046046046,6.919159659790794,6.659588326744649,6.806850607771756,6.3274789346186155,6.0919138235484125,6.229941008801842,5.857542283804989,5.609082705036356,5.728727494040892,4.207789457460494,4.033799459025276,4.0755579261737385,0.3714569422733029,0.03820657646143087,0.25135007787857966,0.04411562358051476,0.21048534948980974,0.04302906018496945,0.7061925970460169,0.038593031613509694
890,0.9365365365365366,6.923600462709233,6.663873752069242,6.811280896563488,6.333133644822931,6.097332688334649,6.235528897248336,5.864032720314449,5.615092495072249,5.735218561569379,4.201115191204718,4.027943767669753,4.069193459882224,0.3728151691992249,0.038644203930239436,0.25084268491795386,0.04415083800296079,0.21014807196003343,0.04309296161672593,0.7116771164660847,0.038585708601868336
891,0.937027027027027,6.928040742348324,6.6681576920566075,6.8157097529373,6.338786544916619,6.102750411360416,6.241114634185025,5.870506809985156,5.62108397612442,5.741692722980255,4.194426617702205,4.022061390747884,4.062792596122095,0.3741772802566768,0.03908249381043698,0.25033553260661817,0.04418607883901664,0.20981751999555426,0.043157015557181204,0.7171653749215655,0.03858024841968545
892,0.9375175175175174,6.932480534482015,6.672440169985094,6.820137264555688,6.344437547010714,6.108166928590528,6.2466981987795265,5.876963833786057,5.627056435597124,5.7481493562364365,4.187725870795487,4.016153596513772,4.056357385163702,0.3755430722530341,0.039521339691111754,0.24982866719278465,0.04422134610087962,0.2094939658855991,0.043221220023699936,0.7226562858031969,0.038576694983052884
893,0.938008008008008,6.936919869351427,6.6767212076184315,6.824563524787877,6.3500865470182575,6.113582159398514,6.25227956829107,5.883403028590819,5.633009135136982,5.7545878154297805,4.181015131765775,4.010221763311574,4.049890086261842,0.3769123268744742,0.03996062974874818,0.24932213975357703,0.04425663968983352,0.20917769046432905,0.04328557157655269,0.7281486958755647,0.03857508189491231
894,0.9384984984984985,6.941358769485569,6.681000831835001,6.828988619907219,6.3557334780578945,6.118996030189165,6.257858715716733,5.88982359617934,5.638941257616815,5.761007417096571,4.174296640078667,4.004267395159704,4.043393090473096,0.3782848144480077,0.040400247049078276,0.24881599417593395,0.04429196056383488,0.20886900227358177,0.04335007310121488,0.7336413842859826,0.038575440714123464
895,0.938988988988989,6.945797250187772,6.6852790773392625,6.83341264465527,6.361378227896592,6.1244084540679555,6.263435607289149,5.896224703177492,5.644851954692213,5.7674074403430575,4.1675727192954986,3.9982921142180463,4.03686889061129,0.3796602930478708,0.04084006968908352,0.24831028512946302,0.04432730589719808,0.20856821541211681,0.043414724670342554,0.7391330711472837,0.03857779954017507
896,0.9394794794794794,6.950235319467775,6.689555977067278,6.837835686517472,6.367020706071296,6.129819352404599,6.269010211134073,5.902605464887333,5.65074032050877,5.773787126607554,4.1608457496957545,3.9922976689482335,4.030320244458522,0.3810385031667597,0.041279969004733325,0.24780506029952895,0.04436267335099924,0.2082756698089494,0.043479527993113457,0.7446223905110707,0.03858217727228612
897,0.93996996996997,6.954672978081619,6.693831571575079,6.84225783437078,6.3726608212844615,6.135228628945013,6.2745824842285245,5.908964964127554,5.656605391379818,5.780145679965449,4.154118166244305,3.986285942352472,4.023749971934949,0.38241917587684054,0.04171981188896618,0.24730037191201662,0.04439806062833758,0.20799171959040294,0.04354448857278025,0.7501079215569146,0.038588590109294475
898,0.9404604604604605,6.959110217937628,6.698105897871627,6.846679170652719,6.378298471862276,6.140636191553595,6.2801523812341715,5.91530223975408,5.662446157697066,5.78648225902338,4.147392510945087,3.980258936379447,4.01716101763125,0.38380202803884894,0.0421594597639109,0.24679627070736873,0.04443346374465001,0.20771673723608577,0.04360961093854017,0.7555881731073465,0.038597052808423224
899,0.9409509509509509,6.96354702356172,6.702379004613033,6.8510997780402825,6.383933552675351,6.146041941182531,6.2857198500511755,5.921616287251766,5.668261528291844,5.792795981895508,4.1406713365749575,3.9742187820420676,4.010556525403887,0.3851867641288675,0.042598767839104365,0.24629281055779828,0.04446887723149122,0.20745111669345312,0.043674903442573194,0.7610615809471557,0.03860757219158942
900,0.9414414414414414,6.967983371800629,6.706650938355308,6.855519731440797,6.389565968510864,6.151445777735627,6.291284829222174,5.9279060613419885,5.67405038586924,5.799085923538207,4.1339573182510545,3.968167746086595,4.0039397354240105,0.386573074055965,0.043037586241110315,0.245790042865886,0.044504295882575186,0.20719526777012956,0.043740374012063855,0.7665265136271582,0.038620153075788644
901,0.9419319319319319,6.972419229585712,6.710921744549616,6.859939104592529,6.395195629431836,6.1568475954957,6.296847254614335,5.934170473190259,5.679811515382199,5.8053511100534525,4.127253156889787,3.962108195147779,3.997313991007358,0.38796063997092944,0.043475760159805234,0.24528801770691216,0.044539714622157715,0.20694962736528877,0.0438060365017464,0.7719812790424674,0.03863479941736187
902,0.9424224224224225,6.976854558189133,6.715191477664967,6.864357958979521,6.400822436974379,6.1622472842196085,6.302407050026016,5.940408391565683,5.6855436746559445,5.811590523871262,4.12056161749276,3.9560426197143745,3.990682756547993,0.38934913149276523,0.04391312974548473,0.24478678750512664,0.044575126524671035,0.20671464512818152,0.043871903091319026,0.7774241239665156,0.03865150856151697
903,0.9429129129129129,6.981289309321779,6.719460186246221,6.868776352658395,6.406446303759051,6.167644726416936,6.307964133187457,5.946618642275928,5.691245533984305,5.817803097811257,4.1138854916669665,3.9499736208533442,3.9840495665366236,0.39073821099200146,0.04434953065373918,0.24428640226982712,0.04461052584441208,0.20649079645770715,0.0439379916150657,0.7828532390932345,0.03867027652457354
904,0.9434034034034033,6.985723426654253,6.723727923949853,6.873194334721732,6.412067131545723,6.173039809972497,6.313518412831604,5.95280000969788,5.696915708807792,5.823987710248498,4.10722762510204,3.943903889420433,3.9774179857932985,0.39212753472959133,0.04478479463578667,0.24378691238525688,0.044645904144902986,0.20627857647638295,0.04400431980640396,0.7882667680782034,0.03869109924068105
905,0.9438938938938939,6.990156847319122,6.727994744207013,6.877611944828753,6.417684847076094,6.178432416683442,6.319069789008409,5.958951232063706,5.70255274068743,5.83014319419346,4.100590884064178,3.9378361913441786,3.9707917021762236,0.3935167513076656,0.04521874902040981,0.2432883644127268,0.044681254804868314,0.20607850572742192,0.04407091052279702,0.7936627989762624,0.03871396980953768
906,0.9443843843843844,6.99458950070728,6.7322606988819995,6.882029214218656,6.423299376353403,6.183822419174141,6.324618153413423,5.965071008611557,5.708155121219281,5.836268331985983,4.093978156450834,3.9317733392927776,3.9641743455983165,0.3949055098625579,0.04565121936315042,0.24279080499129904,0.04471657129116503,0.205891122323273,0.04413778844153972,0.79903939811953,0.03873888313770603
907,0.9448748748748749,6.999021309151341,6.736525838496839,6.886446162403317,6.428910642409721,6.1892096967091375,6.330163387937834,5.9711579947066395,5.713721258696415,5.842361846831946,4.0873923014611755,3.925718247586291,3.9575695824382002,0.39629345651273434,0.04608202745819618,0.2422942787344122,0.04475184556762669,0.20571699045932088,0.044204981042360494,0.804394589028941,0.038765829658179644
908,0.9453653653653653,7.003452189151694,6.740790214354408,6.890862796933407,6.43451858931604,6.194594120616211,6.33570536554659,5.977210803915195,5.719249510864928,5.848422410617659,4.080836175062894,3.9196737867552685,3.950981026578095,0.39768024310002276,0.046510994665255025,0.24179882718815499,0.044787071204589475,0.20555669573318872,0.04427251906123356,0.8097263888343356,0.03879480424290473
909,0.9458558558558559,7.007882049553905,6.745053873309081,6.895279113428623,6.440123158626534,6.199975565522636,6.3412439530984415,5.98322800947529,5.724738153987201,5.85444864399259,4.074312625825314,3.9136428889780555,3.9444121842660143,0.3990655251689975,0.04693794086564093,0.24130448918995473,0.04482224088314295,0.20541084802321066,0.04434043658477814,0.8150327973424225,0.038825805257925346
910,0.9463463463463463,7.012310796268092,6.749316860092979,6.899695098190485,6.445724308740579,6.205353903685582,6.346779003427283,5.98920814557812,5.730185406266435,5.860439107866098,4.067824371587628,3.907628447379015,3.9378665957029306,0.40044896581606704,0.04736268528857507,0.24081130143093682,0.0448573485680202,0.20528007997870745,0.04440877101454782,0.8203118113176765,0.038858824153314875
911,0.9468368368368367,7.016738328412702,6.75357921817573,6.9041107215817,6.451322009167892,6.210728998004054,6.3523103670558205,5.995149701966539,5.735589423305065,5.8663923106496725,4.061374119521432,3.9016333038827082,3.9313475436618406,0.4018302432640467,0.047785049112021104,0.24031929720981343,0.04489238931190472,0.20516504726486495,0.04447756327659604,0.8255614506505221,0.03889386327276823
912,0.9473273273273273,7.021164542058705,6.757840980371827,6.908525943649417,6.456916238101199,6.216100726007529,6.357837885177802,6.0010511373835085,5.740948289783005,5.872306706012821,4.054964453036694,3.895660233730141,3.9248581803989957,0.4032090511022514,0.048204855228563374,0.23982850432384348,0.044927358138035146,0.2050664302508304,0.04454685739611739,0.8307797590158872,0.038930926771531
913,0.9478178178178178,7.025589330491612,6.762102187966149,6.912940707372685,6.4625069791701355,6.221468953818235,6.363361394267685,6.0069108587820725,5.746260024566326,5.878180687446169,4.048597807480384,3.8897119122923627,3.9184015100610026,0.4045851020444619,0.04862192853339527,0.23933895046988465,0.04496225026612271,0.2049849334949421,0.04461670026157171,0.8359648116850654,0.038970018263262164
914,0.9483083083083083,7.030012584080881,6.7663628596143095,6.917354944280252,6.4680942430253365,6.22683355559362,6.3688807197328785,6.012727252580837,5.751522594030704,5.884012601512254,4.042276528933104,3.88379088290075,3.911980256137681,0.40595813108150325,0.04903609870870436,0.238850654516343,0.04499706406602752,0.20492128239329033,0.044687143177874325,0.8411147392309473,0.03901115257442765
915,0.9487987987987987,7.034434191610791,6.770623021911161,6.921768575026227,6.473678025269843,6.232194405994954,6.374395687889267,6.018498656522474,5.75673389877654,5.88980072453011,4.036002728933091,3.8778995534069702,3.9055969013336087,0.4073279020112379,0.04944719948573209,0.23836363665111443,0.045031795682971706,0.2048762271053523,0.04475823793785198,0.8462277339125419,0.039054342064228975
916,0.9492892892892892,7.0388540411423115,6.774882684898106,6.926181505634572,6.479258373662223,6.237551383263448,6.379906120826139,6.024223379769472,5.76189177608865,5.895543296568028,4.029778367722058,3.872040098306744,3.8992536300348086,0.4086942095076615,0.049855071412049805,0.2378779049864237,0.04506644644644721,0.20485054379838585,0.0448300435045035,0.8513020683079334,0.039099611521683085
917,0.9497797797797798,7.043272022298644,6.779141859844873,6.930593626571297,6.484835310902482,6.242904361655964,6.385411837813362,6.029899685773978,5.76699400839095,5.901238492760381,4.0236051210184645,3.8662144780108334,3.8929523208505477,0.41005688455896233,0.05025956156290957,0.2373934703987718,0.04510101591147056,0.20484502798642912,0.04490261817257387,0.8563361074825303,0.039146984402475264
918,0.9502702702702702,7.047688025387753,6.783400545174865,6.935004821178221,6.49040889895319,6.248253233449393,6.390912657436063,6.035525822011831,5.772038338969011,5.906884436525758,4.017484479708668,3.860424405741306,3.8866944506304484,0.41141579589225036,0.05066052564805905,0.2369103327793823,0.045135506372445094,0.20486049884218924,0.04497602401674343,0.861328321738533,0.039196496357222436
919,0.9507607607607607,7.0521019443301,6.787658731912401,6.93941496062098,6.495979194159238,6.253597886224071,6.396408402035514,6.041099988166803,5.777022440620349,5.912479200166291,4.011417611200828,3.8546713233386134,3.8804811150367966,0.41277085628789906,0.05105782805994044,0.23642849065801153,0.045169921062131364,0.20489779911165873,0.04505032539740985,0.8662772981527735,0.03924818521767783
920,0.9512512512512512,7.056513675497526,6.791916403046503,6.943823905699071,6.501546280234238,6.25893820929833,6.401898898045794,6.046620364222551,5.781943941752108,5.918020807382543,4.00540534917118,3.8489563551878176,3.8743131643580515,0.414122018882732,0.051451341998408784,0.23594793544928555,0.04520426617322364,0.204957792660799,0.0451255911681437,0.8711817372787556,0.03930208888062564
921,0.9517417417417418,7.060923120142492,6.796173529643282,6.948231505862121,6.507110234063202,6.264274104383248,6.4073839753594894,6.052085089488745,5.786800433432258,5.923507229057191,3.9994483155311578,3.843280260204595,3.8681906856322903,0.41546929625590634,0.05184095460679211,0.23546865459912913,0.045238547766445716,0.20504136360146938,0.04520188841252442,0.8760405147852661,0.03935826859753267
922,0.9522322322322322,7.065330187539857,6.800430079742116,6.952637605157652,6.512671164424953,6.269605489895779,6.412863471307137,6.05749227707692,5.791589473849857,5.928936394735844,3.9935466605648515,3.837643441429166,3.862113644532334,0.4168127444426151,0.05222656213017477,0.23499062738235055,0.0452727739664681,0.20514941869423928,0.04527928609997597,0.8808526291673809,0.03941677158070588
923,0.9527227227227226,7.069734791476097,6.804686005217081,6.95704204491683,6.5182291684096265,6.274932272712923,6.418337233301743,6.062840012422578,5.796308561222508,5.934306181129247,3.9877002433141375,3.8320459624766094,3.856081450500642,0.4181524722436612,0.05260807268353402,0.23451383289658428,0.045306955042934444,0.20528288313347864,0.04535785654604634,0.8856172304043146,0.03947765902383482
924,0.9532132132132132,7.0741368550940855,6.808941253684143,6.9614446559362495,6.523784363760495,6.280254382466568,6.423805127566696,6.068126354755896,5.800955180738592,5.939614429260296,3.98190853337567,3.826487403639252,3.850092987066623,0.419488650953014,0.05298540949016462,0.23403824044544594,0.04534110220193632,0.2054427019667214,0.04543767078970318,0.8903336601089719,0.03954099981913928
925,0.9537037037037037,7.078536312028247,6.813195761099421,6.965845268988219,6.529336856500684,6.2855717501978825,6.429267027113261,6.073349327256532,5.805526788886191,5.944858933843038,3.9761705920740282,3.820967032271712,3.8441467604852195,0.42082150107616784,0.05335850647334281,0.23356381966991102,0.0453752277145323,0.20562983580903146,0.04551879834829749,0.8950014028386064,0.039606857354963894
926,0.9541941941941942,7.082933102527541,6.817449456842401,6.970243718775099,6.534886788669006,6.290884314036193,6.434722827493879,6.078506941820147,5.8100208117595304,5.950037455653667,3.9704850704220114,3.815483589664626,3.8382409009619227,0.4221513023338039,0.05372731179096195,0.23309053128228624,0.04540934756609722,0.20584526572505552,0.045601313092034995,0.8996201221969858,0.0396753022145252
927,0.9546846846846846,7.087327181182554,6.821702251064262,6.974639837648955,6.540434261849881,6.296192042118299,6.440172445715221,6.0835971652520335,5.814434663987586,5.9551477173989795,3.9648502322055754,3.810035515196723,3.8323729723570934,0.42347839018646266,0.05409178638480351,0.23261833335374676,0.04544347516108192,0.2060899880712874,0.04568528026621111,0.904189649839412,0.039746403194828014
928,0.9551751751751751,7.091718513167886,6.825954057484145,6.979033463692219,6.545979414121752,6.301494894406286,6.445615814282219,6.088617950167367,5.818765753954958,5.960187408416358,3.959263963812183,3.8046207245620685,3.826540257049682,0.42480315372950567,0.054451904129500454,0.23214718049048894,0.0454776283362496,0.2063650133363765,0.04577076825413275,0.9087099808260278,0.039820232913319646
929,0.9556656656656657,7.096107076071615,6.830204777607706,6.983424442436915,6.551522354567483,6.306792838515456,6.451052899551527,6.093567219218727,5.823011474905601,5.965154194208501,3.953723743376565,3.799236788116137,3.820739682900971,0.4261260316941441,0.054807650369256625,0.23167702659518438,0.04551182462785948,0.2066713637996743,0.045857841586042225,0.9131812606523968,0.03989685844881286
930,0.9561561561561561,7.1004928612547795,6.834454302132403,6.9878126260819995,6.557063194992492,6.312085874772771,6.456483692323124,6.0984428669974315,5.82716922589292,5.970045704838053,3.9482266346251182,3.793880827501336,3.8149677752259223,0.42744751989913043,0.0551590240812926,0.23120781829667433,0.04554608142598375,0.20701007876044658,0.045946559284973196,0.917603809686498,0.03997634495108117
931,0.9566466466466466,7.104875872839846,6.838702516894521,6.992197883113212,6.562602012843447,6.3173740005615135,6.461908208686432,6.103242768290557,5.831236410427111,5.974859546020984,3.9427693658658303,3.7885497281267533,3.8092208483295815,0.4287681496049358,0.0555060322964102,0.2307395074642897,0.04558041565366293,0.20738220152521492,0.04603697602090631,0.9219780558518765,0.04005874717605936
932,0.9571371371371371,7.109256129347502,6.842949303023629,6.996580095743644,6.568138918504651,6.322657224266527,6.4673264984995456,6.1079647594109066,5.835210447305653,5.979593317994922,3.93734836376785,3.7832400027302735,3.8034949366294026,0.4300884960692861,0.0558486928181358,0.23027203810822278,0.04561484805574097,0.20778879079959858,0.04612914358418584,0.9263045610565992,0.04014411722965531
933,0.9576276276276277,7.113633663679651,6.84719453887534,7.000959163132541,6.573673953406864,6.327935564430958,6.472738649872122,6.112606664572868,5.839088772920433,5.984244584194377,3.9319597276464253,3.7779477354152426,3.7977861461510534,0.4314091656680383,0.056187030410122615,0.22980536134619675,0.045649395055591284,0.2082309068473858,0.046223105040560666,0.9305839817507493,0.04023249696061458
934,0.9581181181181181,7.118008522220813,6.851438095965051,7.00533500154131,6.579207160278856,6.333209070028579,6.478144772362454,6.117166262322344,5.842868853168642,5.988810903036887,3.926599310261192,3.7726690654538633,3.7920903118579115,0.43273078696860334,0.056521074636189564,0.22933942403511445,0.04568407266349859,0.208709620696704,0.04631889420700323,0.9348170382646245,0.04032390737609895
935,0.9586086086086085,7.1223807654307985,6.855679840454689,7.009707556801129,6.584738563626211,6.3384777707528555,6.48354501866603,6.121641314789111,5.846548171929494,5.99328982403122,3.921262710969353,3.7673997423940726,3.7864033673713515,0.4340540140352058,0.05685086119472233,0.22887417775959237,0.045718899618883854,0.20922600525423302,0.046416542459918435,0.9390045286854495,0.04041836159912494
936,0.9590990990990991,7.126750464736835,6.859919648773096,7.014076791668838,6.590268142421948,6.343741729824994,6.488939574046135,6.126029547735522,5.850124270782727,5.997678880922569,3.9159454583255613,3.762135516627448,3.7807213626062413,0.43537950079410437,0.057176425096568395,0.22840957665167638,0.045753888470879765,0.20978113559717596,0.046516066167015216,0.9431472451991035,0.040515853685702014
937,0.9595895895895896,7.131117707489425,6.864157390168059,7.0184427010247115,6.595795820746469,6.349001011771841,6.494328654770482,6.130328656070579,5.853594720359351,6.001975605830132,3.9106429162430576,3.7568721154881346,3.7750406045804863,0.43670789965485535,0.057497800085920606,0.2279455840284808,0.04578904995078398,0.21037608402984193,0.046617472053236665,0.9472459694479143,0.04061635209924767
938,0.9600800800800801,7.135482589208211,6.868392935254929,7.0228053055862825,6.601321503141965,6.354255690153792,6.499712509802716,6.134536300088343,5.856957138490822,6.006177524520327,3.9053505204397143,3.7516053410674504,3.769357745138298,0.43803984345359587,0.05781501460576176,0.22748216511550978,0.04582439354268404,0.21101192516677617,0.04672075719302959,0.951301412840775,0.040719807797549294
939,0.9605705705705705,7.139845215081542,6.872626158180498,7.027164652475,6.60684508176329,6.359505839509046,6.50509141279404,6.138650104608677,5.860209214648373,6.010282169547995,3.9000636219762255,3.746331059839195,3.763669681230028,0.4393759565525367,0.05812809493011517,0.22701928894935305,0.04585992861501988,0.2116897293264856,0.04682590780374553,0.9553142604571214,0.04082614315990323
940,0.961061061061061,7.144205703060514,6.876856948923135,7.031520825840977,6.612366320576569,6.364751556474575,6.510465672559278,6.142667653649009,5.863348684375985,6.014287061190811,3.8947779253217285,3.741045513690699,3.7579739866353776,0.4407168041918674,0.058437050866142315,0.22655694433413812,0.04589565256656869,0.21241055757418514,0.04693289027809076,0.9592849928731726,0.040935259790702776
941,0.9615515515515516,7.1485641710288865,6.881085189834855,7.03587393822563,6.617885034735635,6.369992925004567,6.515835612011737,6.146586501917498,5.866373353490694,6.018189728748604,3.889489116507012,3.7357452590343363,3.7522688621606064,0.44206291245825663,0.0587418824993236,0.2260951154551564,0.04593156909623684,0.21317547135400652,0.047041666848943675,0.9632139642670233,0.04104701352530462
942,0.962042042042042,7.15292074566545,6.885310788739931,7.040224119334143,6.623400881245462,6.375230041752773,6.521201570893443,6.150404150516604,5.869281089459195,6.021987707480602,3.8841934248175,3.7304273477627996,3.746553034717142,0.4434147396471591,0.05904257210277394,0.22563381256284315,0.04596766671088208,0.2139855114631515,0.0471521756114467,0.9671013043101515,0.04116124974330196
943,0.9625325325325325,7.157275551247067,6.889533653614227,7.04457154732942,6.628913517508544,6.380462984352518,6.5265639068805426,6.15411805824369,5.872069850724148,6.02567852591173,3.8788874013377797,3.7250892482931994,3.7408263159859523,0.4447726662677975,0.059339081816303076,0.225173052696549,0.04600393599458047,0.2148417125281712,0.04726434378852734,0.9709468848252146,0.04127777084661513
944,0.963023023023023,7.1616287153840155,6.893753708281564,7.04891641964884,6.6344225514441355,6.38569185756142,6.531922967178547,6.157725649333978,5.874737653187882,6.02925973544846,3.873568019168255,3.719729341087974,3.7350892028783313,0.44613698566481974,0.05963135127527412,0.22471286321524772,0.04604035989927609,0.21574509779584738,0.04737808356804034,0.974750291939688,0.04139633929188787
945,0.9635135135135136,7.165980356851381,6.897970890094763,7.053258955748455,6.639927496629363,6.390916735865124,6.537279099059032,6.161224289651125,5.877282586004956,6.032728866447884,3.8682330345873517,3.714346500066702,3.7293431801287196,0.4475078922850905,0.05991929480327368,0.22425329337511493,0.04607691461145265,0.21669667337580062,0.04749328978130363,0.978510783074119,0.04151670861427082
946,0.964004004004004,7.17033058847663,6.902185151945975,7.057599387175552,6.64542781081577,6.396137695950636,6.542632626112662,6.164611282921064,5.879702845101658,6.0360834653914175,3.8628807163834455,3.7089407201757094,3.7235907189493687,0.4488854657326956,0.0602027972724139,0.2237944067623196,0.04611356943293431,0.21769742539091735,0.04760983640252658,0.9822272451587759,0.04163857273156162
947,0.9644944944944944,7.174679512766259,6.906396465773322,7.061937977035472,6.650922903854824,6.4013548041892365,6.547983861670901,6.167883912411109,5.881996668569909,6.039321073993734,3.857510275002988,3.7035127194403525,3.7178354431054887,0.450269663771326,0.06048171275161561,0.2233362827073714,0.04615028814922788,0.2187483275989572,0.04772758827872213,0.9858981597317721,0.04176162107958608
948,0.964984984984985,7.179027215491839,6.910604817327963,7.0662749864242365,6.656412145985539,6.406568107774235,6.553333055448139,6.171039372547605,5.8841623975875725,6.042439232612836,3.8521217276803066,3.698064379581527,3.7120815903412163,0.45166032975013193,0.0607558664385125,0.22287901754721492,0.04618702959317988,0.21985033417160613,0.047846389869688144,0.9895216360577501,0.04188551324197609
949,0.9654754754754755,7.183373761773504,6.914810208799887,7.070610689738326,6.661894819759346,6.41177763341498,6.558680411407353,6.174074825538062,5.886198435923882,6.045435483225052,3.8467159321273123,3.692598553838366,3.706334993943776,0.45305715673403213,0.061025045299066716,0.2224227312170263,0.04622374366160876,0.2210043723667691,0.04796607087313167,0.9930952947407217,0.04200986956908609
950,0.965965965965966,7.187719197500955,6.919012663295613,7.07494533862305,6.667370178848793,6.416983393748951,6.564026062448264,6.176987373169063,5.8881032509522635,6.048307343986319,3.8412947304148495,3.687119213082046,3.7006018027900427,0.4544597305271385,0.061289009767421875,0.22196755710771834,0.046260374551205886,0.22221135592466196,0.048086447108861376,0.9966164034165271,0.04213431313628534
951,0.9664564564564564,7.192063535126753,6.923212222123832,7.079279190605605,6.672837426893386,6.4221853759048555,6.569370060030778,6.179774059856929,5.88987539425898,6.051052327762478,3.835861103812931,3.681631408331992,3.694889049101671,0.4558674991946085,0.06154748637588523,0.22151364998162482,0.04629685932392663,0.22347217274004186,0.04820731810901898,1.0000817836803475,0.04225846346664007
952,0.9669469469469469,7.196406759031619,6.9274089427017085,7.083612464019844,6.67829574593593,6.427383533524989,6.5747123595217785,6.182431873442603,5.891513461627161,6.053667931373762,3.830418849725687,3.676141161471279,3.689204490325087,0.45727979769843574,0.061800173662496405,0.2210611790803748,0.04633313100637772,0.2247876929374915,0.04832847372231841,1.003487889331089,0.04238192727083387
953,0.9674374374374375,7.200748818120796,6.931602892442988,7.087945352025174,6.683744277484322,6.4325777871387455,6.5800527828349145,6.184957746330691,5.8930161000845445,6.056151617712646,3.824972897782412,3.6706556916970943,3.6835563870820445,0.45869583333127606,0.062046738802855536,0.22061033629372104,0.04636911677692526,0.2261587621790068,0.0484496915026372,1.0068307585718566,0.04250431885422241
954,0.9679279279279279,7.205089618226589,6.935794155213061,7.0922779918755765,6.689182187376242,6.437768028896062,6.585391031064281,6.187348570351628,5.894381987446197,6.058500826155187,3.8195291494066264,3.665182928421936,3.6779527052065744,0.4601147482298647,0.06228683522872148,0.220161319641123,0.046404741308518384,0.22758621287105366,0.048570744780712535,1.0101062239636875,0.0426252979792961
955,0.9684184184184184,7.209429025939342,6.939982825611645,7.096610476463595,6.694608602681029,6.4429541113542195,6.590726668356573,6.189601176261401,5.895609851896253,6.060712959934392,3.8140941236271324,3.6597315667848456,3.6724014750160787,0.4615356160497503,0.06252010006481772,0.21971434776224447,0.046439923572121594,0.22907085303301858,0.04869139468063469,1.0133099016928984,0.042744525941271164
956,0.9689089089089089,7.213766857311787,6.9441690085011265,7.100942820492028,6.7000227284263545,6.448135840571315,6.596059076715602,6.191712364546781,5.896698420797655,6.062785386823537,3.8086753220981135,3.6543107321190664,3.6669101922638956,0.4629574659415145,0.06274616279539047,0.21926964396093307,0.04647458512413772,0.2306134785047036,0.048811407008139074,1.016437271171177,0.042861733560782246
957,0.9693993993993993,7.2181028832077185,6.948352798033165,7.105274951422454,6.7054237727448,6.453312990051586,6.601387490900786,6.193678889624151,5.8976464174503445,6.064715425745037,3.803280757164986,3.648929923023268,3.6614850606538707,0.4643793374375016,0.06296465861019131,0.21882743639825386,0.046508645583485345,0.23221487387636627,0.04893054435204371,1.019483856558263,0.04297671102275222
958,0.9698898898898898,7.222436823543082,6.95253430636278,7.109606720203578,6.710811013968177,6.458485281183707,6.606710954459296,6.195497488348185,5.898452580503655,6.066500342944409,3.7979184974277462,3.6435984357387263,3.656131047212765,0.46580032365806034,0.06317523933669923,0.21838796245262293,0.0465420261854262,0.23387580662136398,0.04904857302842271,1.0224453742457595,0.0430892964530895
959,0.9703803803803803,7.22676834699198,6.956713626696881,7.113937864455415,6.716183809672726,6.4636523807486865,6.6120283481219095,6.197164873205882,5.8991155766800345,6.068137366446899,3.7925971473727524,3.6383250519414387,3.650850898667163,0.46721960520082195,0.06337758444264825,0.21795145293896365,0.046574654160799124,0.23559704368251927,0.04916527230594174,1.0253178394870834,0.04319946193769602
960,0.9708708708708709,7.231097071533246,6.96089084575349,7.118268018674512,6.721541675260691,6.468813928093697,6.617338376192785,6.198677735511684,5.8996340566685745,6.069623669516858,3.787324633042963,3.633117916231896,3.6456451659514943,0.46863650886058633,0.06357141389132694,0.2175181221294625,0.04660646538098284,0.23737935865204476,0.049280432445660355,1.0280977625364323,0.043307222216830005
961,0.9713613613613613,7.235422571551795,6.9650660264187,7.122596696451085,6.726884206317141,6.473969515654444,6.62263958471454,6.200032802066388,5.900006592279353,6.0709564007174235,3.7821085160598664,3.62798365379767,3.640510871464735,0.4700505874855683,0.06375651229814837,0.21708817512661235,0.04663740213022102,0.239223516885569,0.049393862204029484,1.0307824273111899,0.04341274614524797
962,0.9718518518518517,7.239744373153249,6.969239212225003,7.126923318087138,6.732211186447879,6.479118686944702,6.627930386509378,6.201226800477295,5.900231704034376,6.072132650314321,3.776955160338826,3.6229268462538684,3.6354416552027113,0.47146167625794577,0.06393274083870766,0.2166617928862069,0.04666742159389272,0.24113030033707333,0.04950539115116371,1.0333700608575143,0.0435163043344056
963,0.9723423423423423,7.2440619714119086,6.973410412195919,7.131247175964582,6.737522595133382,6.484260953712006,6.6332091065222505,6.202256507811778,5.900307793198191,6.073149518668988,3.7718695820290535,3.617949802151077,3.630427296915792,0.4728699288248571,0.06410004873185213,0.21623911732218634,0.04669649794892202,0.24310051063883742,0.04961488097081967,1.0358599645755542,0.04361829463506194
964,0.9728328328328328,7.248374828460992,6.9775796102249,7.135567498711057,6.742818641736186,6.489395785445364,6.638474005530617,6.20311873948276,5.900233163629369,6.074004100668559,3.76685474077778,3.613051604176486,3.625452809726657,0.47427593268629875,0.06425850152336114,0.21582025484036238,0.046724625823391285,0.24513497663759057,0.04972222578490045,1.0382528852638453,0.04371925364120249
965,0.9733233233233233,7.252682394783414,6.981746727900596,7.139883416350273,6.748099744923152,6.494522656411094,6.6437234018132765,6.20381041726605,5.900006016810219,6.0746935462737275,3.7619110358790024,3.608227796067584,3.620498827370571,0.47568072600844497,0.0644082879552615,0.2154052475504044,0.04675182065611566,0.24723455794588856,0.049827354995502664,1.0405510952165604,0.04381983045490808
966,0.9738138138138137,7.2569841139684135,6.985911658337282,7.144194048432819,6.753366626684503,6.499640995547826,6.6489557168924405,6.204328547595161,5.899624449789712,6.075215077186101,3.757035863488915,3.603469808096601,3.6155410825541425,0.47708587136292485,0.06454973681010436,0.21499407863108028,0.04677812927425515,0.24940015894825548,0.049930243486172365,1.042758613980995,0.04392079522165251
967,0.9743043043043043,7.261279456235587,6.990074234968415,7.148498511390787,6.758620243091283,6.504750261419688,6.654169622464284,6.204670261279353,5.899086448948773,6.0755660880845035,3.752223343136455,3.598764355596591,3.610551191213436,0.478493460345601,0.06468332010366555,0.21458665163337315,0.04680362503799361,0.25163273139559655,0.05003090674987063,1.0448812409911679,0.044023029909176
968,0.9747947947947948,7.265567925202716,6.994234250147903,7.152796020072493,6.76386187720185,6.509849904270045,6.659364197514618,6.204832851234316,5.898389925561624,6.075744190222854,3.7474632600370335,3.5940931420418147,3.6054968577902535,0.47990617038064126,0.06480966606791176,0.2141827781505613,0.04682842018542422,0.253933288184782,0.050129413018632905,1.0469267388718668,0.044127465970561774
969,0.9752852852852852,7.269849102580615,6.998391446994986,7.157085947894425,6.769093086385198,6.514939422014649,6.664539106256314,6.204813776012628,5.897532719778572,6.075747336920705,3.7427415573347607,3.589432841046498,3.600343214738954,0.48132719084821074,0.06492954127321672,0.21378216557658147,0.04685266366452777,0.2563029103435665,0.05022587762676506,1.0489045901260323,0.04423508710611858
970,0.9757757757757757,7.274122669725906,7.002545519337073,7.161367945820387,6.774315704791924,6.520018376012886,6.6696948459724466,6.204610707495146,5.8965126779749655,6.075573915957835,3.738039424967396,3.584754964819026,3.595054058422899,0.48276022149825326,0.0650438493741661,0.21338439892203384,0.04687654556627549,0.2587427540734586,0.05032046194353524,1.0508260006408658,0.04434683628312589
971,0.9762662662662662,7.27838844873983,7.00669615246496,7.16564208860066,6.779531836672848,6.525086401431214,6.674833046024786,6.204221509979282,5.895327704338268,6.075222964211985,3.733333247957981,3.580026429870087,3.5895953887531147,0.4842093071397965,0.06515358607429046,0.21298893001510538,0.04690029985065243,0.26125405905595933,0.050413370204014374,1.0527033483762702,0.04446347804330514
972,0.9767567567567568,7.282646458965594,7.010843001239199,7.169909044324365,6.784743793134747,6.530143268648505,6.679956790328356,6.203644320825339,5.893975849615106,6.074694332261415,3.7285960067588912,3.5752102718861782,3.5839377954215235,0.48567865081840295,0.06525979420983874,0.21259506063943,0.04692420571427545,0.2638381465184592,0.05050484309140815,1.0545495800639675,0.04458559070379862
973,0.9772472472472472,7.286896965567333,7.014985746049604,7.174170289163258,6.789954006526074,6.535188894466464,6.685071082013796,6.202877529983132,5.892455417956707,6.073988915762115,3.7237959707890775,3.570267199358661,3.57806198709731,0.48717237786785894,0.0653634945217248,0.21220193225922343,0.04694858536706742,0.26649642973102516,0.05059514494451192,1.0563774209922725,0.044713214109181956
974,0.9777377377377376,7.291140534231854,7.019124134930533,7.178428405181495,6.795164922678876,6.540223383002467,6.690183308587627,6.201919771677756,5.890765182162635,6.073108991313298,3.718899552309398,3.5651571665636346,3.5719647053823946,0.48869410186104456,0.0654655757649658,0.2118085254882544,0.04697380004023352,0.26923039308788627,0.050684538174197685,1.0581979565980457,0.0448457478342947
975,0.9782282282282282,7.295378118905186,7.023257993187816,7.18268731765357,6.8003790241539495,6.545247111167416,6.695303857131588,6.200769939296597,5.888904533829241,6.072058531856016,3.7138714654843987,3.559843273484745,3.565666727719561,0.4902464188284728,0.06556665771489088,0.21141360374144685,0.04700025940683132,0.2720416273559709,0.050773273924705695,1.0600189558788344,0.04498149586150589
976,0.9787187187187187,7.299611138799777,7.027387330398328,7.186952794005527,6.805598357274084,6.550260711845497,6.700446800587582,6.199427197053672,5.886873741750209,6.0708436858752375,3.7086785338135244,3.5542954560983415,3.559223812081212,0.4918301279727134,0.06566688580085549,0.21101578365573687,0.04702839390557812,0.2749317496533965,0.050861546199009365,1.0618423100487788,0.04511735360437739
977,0.9792092092092092,7.303841568466006,7.031512408121236,7.191232816879629,6.810824645336947,6.555265233466289,6.705630774060064,6.197890866185571,5.88467432961038,6.069473259510347,3.7032915587884294,3.5484953448370375,3.552739886588735,0.4934433955850502,0.06576570861152199,0.2106134455906704,0.047058664671985745,0.2779024618023047,0.05094945440450263,1.063661257289757,0.04524821637135548
978,0.9796996996996996,7.3080720450990375,7.035633840582797,7.195538153220485,6.8160586896331905,6.56026210736404,6.71087986165888,6.196160440877382,5.882309416259672,6.067959359780989,3.6976909045384785,3.542444891772514,3.546383058098449,0.49508046556414714,0.06586154195224994,0.21020480917502465,0.04709153622892909,0.28095544259408706,0.051036949156143485,1.065456152580016,0.04536648630116463
979,0.9801901901901902,7.312305993270182,7.0397527233429305,7.199883021424646,6.821300275206502,6.5652532923757585,6.7162247394865835,6.194235483220034,5.879784194363102,6.066318127855301,3.6918711944132308,3.5361748705471054,3.5404070721602516,0.4967301955352124,0.06595138722357796,0.20978789381526122,0.04712748030346171,0.2840923603071785,0.051123783787600754,1.067189610892542,0.04546145832073236
980,0.9806806806806807,7.31654775359077,7.043870789650685,7.2042858245629615,6.826547540159218,6.570241345674662,6.72170399258806,6.192115434256777,5.877106637853252,6.064570597012156,3.6858500555122293,3.529757438748979,3.5351737613008365,0.49837419184166065,0.06603036253875931,0.20936055650129765,0.047166951040925185,0.28731478304370434,0.05120941246937076,1.0688003722459654,0.045519106839308335
981,0.9811711711711711,7.320802732530048,7.047990621690313,7.208770037644557,6.831796579903307,6.575229487686105,6.72736548460865,6.189799523015953,5.874288069745554,6.062743736593692,3.6796775367093506,3.523321494551201,3.5311823457689187,0.4999845083168373,0.06609113606192694,0.20892052213515996,0.04721039168197677,0.29062410895637275,0.05129294609503386,1.0701956936458004,0.0455222678733996
982,0.9816616616616616,7.325077579847364,7.052115857092222,7.213365188981529,6.837040738590798,6.580221709694496,6.733268052985423,6.187286486489643,5.871344135526201,6.060871627472341,3.6734480448493607,3.5170714607908913,3.529099375383481,0.5015210598424598,0.06612332619970854,0.20846542277371863,0.047258241675347916,0.2940214541129209,0.05137305010626091,1.0712428378839196,0.0454519833416058
983,0.9821521521521521,7.329380340868763,7.056251518622969,7.218108110868944,6.842269831785392,6.585222947738741,6.739483380421358,6.184574295472708,5.868295765993406,6.058996851957093,3.667316942057458,3.5113101786210335,3.5297887321929156,0.5029286677930667,0.06611287025207269,0.2079928648872017,0.04731095901207886,0.29750753515765915,0.05144787408951796,1.0717593142128081,0.04529106871449736
984,0.9826426426426427,7.33372070269312,7.060404292044997,7.223044195867834,6.847469256381996,6.590239089362419,6.746097949309946,6.181659737319511,5.865170478894927,6.0571720858824385,3.661517716464722,3.5064670070866004,3.5343381048908853,0.5041340011770091,0.06604146294737029,0.20750053203430757,0.04736911903138182,0.3010824658605951,0.05151499939877155,1.0715028507415962,0.04503086947653375
985,0.9831331331331331,7.338110167151082,7.064582976232277,7.228228959383182,6.85261880675603,6.595277217322521,6.753215346219214,6.178537925872491,5.8620037120409325,6.055461952321735,3.6563869746250313,3.503127736338281,3.54407349637038,0.5050426376931784,0.06588617316189808,0.2069863037590787,0.04743353890959507,0.3047455642309316,0.0515714298166634,1.0701617362436069,0.0446836943491698
986,0.9836236236236235,7.342562336299146,7.068798937049567,7.233729720420436,6.857691476405836,6.600345627261361,6.760958587118481,6.175201726085687,5.85884060276522,6.0539450410795315,3.6523887216119024,3.5020676024828115,3.5605524960304518,0.5055369426308465,0.06561944623558512,0.2064484402512891,0.04750556142030679,0.3084950515457817,0.0516136804216155,1.0673479664571563,0.0443018334982272
987,0.9841141141141141,7.347093136735486,7.073066671370462,7.239627485050914,6.862651868669389,6.605454077667988,6.769472558767052,6.1716409267751775,5.855737947105385,6.052716267618645,3.650144010814051,3.504282349745886,3.5855235635943283,0.5054752819176024,0.06520964510399398,0.2058858095884943,0.04758746257973234,0.3123277065372718,0.05163797870111539,1.0625948547538178,0.04400348176205943
988,0.9846046046046046,7.351721120612563,7.077404453445571,7.246018980610331,6.867454312144002,6.610613896248333,6.778926606327944,6.167841362367704,5.852766354901373,6.051889412933336,3.6504610877707124,3.5110117060497554,3.6208412166126034,0.5046934627707476,0.06462230010260887,0.2052982021906764,0.047683121015456936,0.3162384300388467,0.05164072353501397,1.055362100326686,0.04399911289854921
989,0.9850950950950951,7.356467755204924,7.081835097743783,7.253018902603802,6.872040791299867,6.6158380926996925,6.789516810452705,6.163783645347635,5.85001291693261,6.05159983936693,3.6543610164552813,3.5237454234130623,3.6683345682712076,0.503009156111331,0.06382210018284142,0.20468676205167888,0.04779903370195036,0.32021969561304847,0.05161925740352064,1.0450508308353597,0.0446002880524517
990,0.9855855855855855,7.361357741179268,7.086386834041156,7.260762252035158,6.876338303806185,6.621141643230834,6.801468256419327,6.1594418432439655,5.847584062351371,6.052007491645098,3.663094096110862,3.5442014045988737,3.7296303870015928,0.5002299043509303,0.06277550847313926,0.20405451074504996,0.047945772666397775,0.3242608800909876,0.05157315807456315,1.0310306636367341,0.04618120647586727
991,0.9860760760760761,7.3664193593862795,7.0910942974645055,7.269406630211715,6.880255923321554,6.626541498177693,6.815036591841845,6.154781801722623,5.84560878044606,6.053299898925462,3.678139387485405,3.574261353669612,3.8059635089403767,0.496164242347024,0.061453555025528975,0.20340707175840309,0.04814008644322533,0.32834740673979995,0.05150629060867682,1.0126771937452765,0.04907481472869542
992,0.9865665665665666,7.371684788372937,7.095999693448056,7.279134574281898,6.883680962535595,6.632056819962818,6.830509030582221,6.149758776827831,5.844241996707662,6.055695008863703,3.7011724519144096,3.6158560232492802,3.8980065990353885,0.4906355481282609,0.05983447143155489,0.20275359888380867,0.04840770468601211,0.3324598133447249,0.051429843227509424,0.989418477084094,0.05343885251747124
993,0.987057057057057,7.377190505030818,7.101154076435022,7.2901557046793135,6.8864747215569935,6.637709220253441,6.848204247827734,6.144315182604807,5.843668387482948,6.059444033167995,3.7339946873348273,3.670799565820157,4.005765699905722,0.4834968848311184,0.05790589456904516,0.20210792654378779,0.04878701855523784,0.3365725177694779,0.05136681588598018,0.9607849992006362,0.05917731825295741
994,0.9875475475475475,7.3829775913144156,7.106618821953445,7.302708438166091,6.8884671651588585,6.6435227407851265,6.868470792761775,6.138377252375183,5.8441060061737895,6.0648335065228665,3.778414058022713,3.7405907758188075,4.128570666772933,0.47464524526299756,0.05566682034252012,0.2014900783997202,0.04933356097749991,0.3406524751671079,0.051358281492267246,0.9264574389207941,0.06596683366454156
995,0.988038038038038,7.389092135359236,7.112467169760671,7.317061135346399,6.889450205548813,6.649524149799736,6.891683879204311,6.131851414591913,5.845810002697408,6.072186746520818,3.8360854031894944,3.826215861616679,4.265161220158732,0.4640332878435461,0.053129868908963394,0.20092810903949154,0.05012495089244363,0.34465755872775145,0.051471666005180466,0.8863061054686595,0.07335324540525574
996,0.9885285285285286,7.395585556075212,7.1187860821723845,7.333512350992009,6.889169500588516,6.6557429144594105,6.9182398696906,6.124619482591397,5.849075717522909,6.081863895421092,3.908327060288464,3.9280026703091524,4.413848366861985,0.45167655199766416,0.05032443769875873,0.20046044606043423,0.05126556801013379,0.348534812246257,0.05181088993689933,0.840414977603437,0.08085654757102244
997,0.989019019019019,7.402514911448789,7.125678069148761,7.352389879470144,6.887314106134857,6.662211438169136,6.948548556674007,6.116533070838723,5.854241364403192,6.094260436327746,3.995947317546236,4.04556028221753,4.572704087333099,0.43765523715506555,0.047301347058841196,0.20013864175185556,0.05288962861545633,0.3522185038620607,0.05252709310565929,0.7890874769489487,0.0880506148256151
998,0.9895095095095094,7.409943218228769,7.13326319840971,7.374048234250159,6.883502943981557,6.66896501012506,6.983022862237982,6.107406396085018,5.861689066504272,6.1098033597952695,4.0991254190047455,4.177828565409455,4.7397423626170285,0.422109147297829,0.044138923975097,0.2000308028786513,0.05516098342110465,0.3556281157548507,0.053827071577555,0.7328288671076445,0.09461213926137942
999,0.99,7.417939637744647,7.1416812013306314,7.398864315598046,6.877267168295899,6.676041885502502,7.022066220327829,6.09700749013625,5.871844367934816,6.128944794132524,4.217377340440584,4.32322037772152,4.9130631495880355,0.4052264498694987,0.04095065702488477,0.20022566299582303,0.05826824455820209,0.3586662413274885,0.055974614726795525,0.6723075147991878,0.10034380250313771
