,Ewe_a_100,Ewe_a_10,Ewe_a_1,Ewe_a_pt1,alpha100_1000mean,alpha100_1000stddev,alpha10_1000mean,alpha10_1000stddev,alpha1_1000mean,alpha1_1000stddev,alphapt1_1000mean,alphapt1_1000stddev,alpha100_500mean,alpha100_500stddev,alpha10_500mean,alpha10_500stddev,alpha1_500mean,alpha1_500stddev,alphapt1_500mean,alphapt1_500stddev,alpha100_250mean,alpha100_250stddev,alpha10_250mean,alpha10_250stddev,alpha1_250mean,alpha1_250stddev,alphapt1_250mean,alphapt1_250stddev
0,0.494625015,0.49464566,0.494717911,0.494685533,,,,,,,,,,,,,,,,,,,,,,,,
1,0.495185359,0.495190327,0.495191312,0.495189361,0.126341818,0.154833265,0.692799504,0.375062882,1.070040346,0.279962238,-0.16408917,2.363219196,0.153075177,0.391338345,-0.516943942,0.378211218,0.854039149,5.089207387,12.13659634,16.58606373,0.638149586,0.958719897,0.740176088,1.693267054,0.112613956,2.999233082,-12.61943164,29.22451682
2,0.496140148,0.496204378,0.496215243,0.496195503,,0.010068659,,0.010339461,,0.032844096,,0.025690156,,0.012337695,0.400394512,0.009832395,,0.045187714,,0.084150953,,0.013755223,,0.028074849,,0.308391215,,6.261640134
3,0.497139445,0.497231083,0.49717654,0.49719641,0.38864355,0.019355053,0.382500949,0.017393339,0.438914957,0.040743135,0.50347341,0.043363048,0.400459142,0.023980023,0.414814183,0.007049103,0.454542119,0.028660787,0.652532574,0.143522031,0.42738255,0.022285815,0.428910716,0.010707626,0.689047998,0.320627072,,5.518472135
4,0.498173766,0.498160112,0.498199414,0.498206776,0.36661921,0.005580279,0.392661068,0.017682528,0.405989463,0.001299205,0.49912863,0.061089505,0.396193474,0.010255136,0.403706719,0.005583297,0.455681306,0.047624365,0.585375513,0.097649082,0.419680587,0.026181142,0.45494319,0.035126345,0.637335088,0.237550461,,11.75282969
5,0.499117938,0.499210861,0.499187337,0.499198081,0.371678964,0.015627526,0.385443668,0.004344149,0.434009182,0.025145395,0.489250931,0.025891857,0.403961581,0.010946654,0.415063918,0.006379278,0.436544603,0.042076807,0.614528217,0.108256829,0.413677141,0.011780134,0.44897178,0.022967852,0.624496743,0.253646398,,45.69118558
6,0.500125665,0.500195976,0.500211152,0.500213808,0.370381469,0.011253782,0.390972221,0.015312576,0.417589564,0.019940017,0.494245401,0.047034994,0.382028593,0.021274175,0.418052775,0.006027938,0.442438897,0.076227024,0.600060497,0.074889343,0.412582765,0.019009912,0.433229567,0.013456272,0.646737847,0.26822126,,46.69040885
7,0.501123857,0.501217247,0.501218146,0.501197692,0.380327417,0.011628033,0.371038238,0.001916863,0.413384382,0.017707063,0.479577194,0.031539516,0.405372594,0.028944222,0.411270311,0.018328225,0.431164189,0.054726512,0.559141063,0.040790193,0.414580903,0.019001766,0.455250394,0.03300734,0.580400748,0.204904176,,10.45531567
8,0.502141185,0.50223224,0.502197547,0.502213227,0.364972672,0.017364073,0.386648748,0.009991916,0.421070624,0.029654427,0.468600791,0.023469445,0.391849184,0.01524443,0.407690806,0.017127086,0.418759686,0.062683415,0.603068427,0.101784655,0.417688238,0.013526153,0.447323018,0.02237168,0.61779794,0.257645714,,4.850124509
9,0.503140573,0.503180285,0.503174841,0.503153446,0.366729583,0.014271117,0.402469863,0.027314432,0.42653128,0.018688046,0.504687294,0.014899376,0.408309213,0.008267062,0.413699756,0.010000586,0.446153736,0.051238673,0.579669022,0.059768443,0.410641286,0.019161972,0.443335679,0.015534332,0.596146946,0.178665611,,4.413007121
10,0.504116645,0.504183582,0.504226204,0.504156201,0.369344842,0.006522215,0.385783101,0.008694181,0.405938381,0.019601047,0.454678855,0.02502032,0.395662562,0.016404058,0.423428625,0.022000326,0.442530224,0.029701428,0.556683477,0.085143407,0.436347873,0.01817129,0.449589021,0.017402955,0.609184132,0.251577913,,2.582441417
11,0.505161574,0.505239985,0.505230995,0.505192927,0.358784964,0.002890284,0.37314333,0.012483185,0.414322533,0.008998583,0.475256847,0.036046925,0.395678471,0.009752199,0.399522504,0.003801192,0.44061937,0.045175511,0.568996062,0.053983533,0.413675078,0.028155459,0.425827534,0.01406565,0.567321651,0.1810775,1.959949398,2.430450942
12,0.506161698,0.506198715,0.506190332,0.50623388,0.375425613,0.009431504,0.393599187,0.015762358,0.417703733,0.033702461,0.418461103,0.021479542,0.394093837,0.006657756,0.409562883,0.006779663,0.434989267,0.031881118,0.569786538,0.103958354,0.408105207,0.01199617,0.435472498,0.024195288,0.592765808,0.226655986,,2.339315083
13,0.507128163,0.507226233,0.507206798,0.507197674,0.367873616,0.01032516,0.370172279,0.002998037,0.408658344,0.016115757,0.47123751,0.029114723,0.381889159,0.009392544,0.417844998,0.006217126,0.441440782,0.028759555,0.583179069,0.108971562,0.4097025,0.020987532,0.445908015,0.038080754,0.572697048,0.182495915,,1.45922835
14,0.508133799,0.508211294,0.508204175,0.508227112,0.359907481,0.005644439,0.382983705,0.009461676,0.404360885,0.02157067,0.448823602,0.043334835,0.398932915,0.021807227,0.395844585,0.015220046,0.434749638,0.022456935,0.533020044,0.038508249,0.427399577,0.015272367,0.454514763,0.00771073,,0.181025337,1.300515816,1.287719876
15,0.509126727,0.50916679,0.509204607,0.5092046,0.387211992,0.020384996,0.388217415,0.013624861,0.424976099,0.018638062,0.494995125,0.048525129,0.384684179,0.024364187,0.407626651,0.015291701,0.445386001,0.024013661,0.530563648,0.079582526,0.418417904,0.023077339,0.418754535,0.01537877,0.98322525,0.691686753,1.4149624,1.482880473
16,0.51015034,0.510200681,0.510185007,0.510189305,0.366562355,0.007892143,0.379099162,0.009644478,0.41969791,0.012623325,0.469558167,0.032799696,0.398639706,0.01971263,0.418071271,0.01074642,0.430052233,0.025405647,0.547666038,0.071913681,0.407795185,0.026321935,0.450578022,0.028012485,,0.159215365,,1.528527
17,0.511118581,0.511199682,0.511237407,0.511189062,0.363566487,0.019474718,0.372467172,0.015496371,0.394468786,0.013813082,0.452352197,0.027089525,0.408583238,0.018440093,0.399114067,0.019574529,0.458112718,0.013244265,0.559498809,0.073202294,0.406142315,0.022973639,0.437986908,0.019230575,0.569907781,0.183309682,,0.81194123
18,0.512155103,0.512246414,0.51224756,0.512185658,0.375757852,0.007075709,0.382810961,0.019941933,0.412472574,0.023808649,0.459713945,0.037352709,0.386299109,0.016300578,0.401775734,0.013396581,0.440309231,0.016584713,0.516002922,0.075514904,0.417383236,0.031823065,0.422414805,0.036594911,0.536114505,0.127009513,1.074574255,0.976244131
19,0.513101425,0.5132103,0.513220597,0.513207732,0.387315227,0.010941156,0.380371146,0.017464577,0.399954861,0.016185818,0.445556289,0.034685067,0.395006584,0.012337268,0.404688372,0.002842277,0.46410537,0.013390511,0.543918296,0.068181566,0.413484659,0.027508009,0.444606969,0.015763442,0.544147538,0.161810468,1.038769719,0.844647279
20,0.514125837,0.514215493,0.514183002,0.514166117,0.366691826,0.005893223,0.381389581,0.004092598,0.418911122,0.013004478,0.458763259,0.024063469,0.385535569,0.023501005,0.415389469,0.013440531,0.465897941,0.030242469,0.52195371,0.061105695,0.406379817,0.016908479,0.442090129,0.033911533,0.543566328,0.141570698,0.934307002,0.706637993
21,0.515129213,0.515183721,0.515213062,0.51522928,0.36729849,0.010589111,0.379956967,0.007461181,0.398678876,0.008285713,0.445650231,0.017281951,0.397025531,0.019384293,0.40313388,0.012571553,0.42998613,0.037996577,0.504335628,0.035359504,0.405717854,0.027798307,0.429646556,0.019081768,0.536093503,0.156583411,1.034985487,0.885377441
22,0.51609542,0.516226062,0.516190636,0.516244852,0.369345691,0.00725195,0.379407384,0.009798997,0.412556541,0.02830298,0.438969258,0.036189303,0.386729129,0.00672101,0.403593053,0.011272495,0.443522229,0.022691524,0.525944827,0.094811558,0.404892876,0.030144781,0.43075386,0.040892683,0.562940786,0.18253415,0.826764964,0.557758383
23,0.517158117,0.517202755,0.517232964,0.517198758,0.352754085,0.007056271,0.388434222,0.007298952,0.399687071,0.003939726,0.460741985,0.008269865,0.403638512,0.016691858,0.400986664,0.00622319,0.446613428,0.025417367,0.523725779,0.015967098,0.410431656,0.02287372,0.447689731,0.01787854,0.506265828,0.127778883,0.958787646,0.763122347
24,0.518107016,0.518191964,0.518199455,0.518213278,0.367385792,0.013483967,0.379201929,0.015913048,0.40914675,0.023847323,0.441478005,0.030880171,0.387453029,0.00483643,0.417482328,0.009907809,0.454046612,0.028363072,0.494675013,0.072680991,0.430118694,0.010299452,0.426466455,0.015161346,0.542932941,0.15004218,0.795985752,0.502168085
25,0.519159047,0.51922586,0.519213753,0.519186426,0.363393718,0.013506032,0.379035888,0.014612125,0.418611536,0.034584647,0.462536097,0.031144252,0.390403392,0.00652708,0.399619624,0.006870233,0.441276828,0.012073743,0.519883641,0.078817942,0.401617095,0.013373011,0.434468579,0.032636568,0.50510122,0.127088372,0.853762759,0.60780224
26,0.520166376,0.520211843,0.520228076,0.520176559,0.352009359,0.026767479,0.36813716,0.011801767,0.407943823,0.029552825,0.439521494,0.041654875,0.387139429,0.033028458,0.407039148,0.011468738,0.423064223,0.016232987,0.510451316,0.045033591,0.420064985,0.029185612,0.440554442,0.025695333,0.534931073,0.151178323,0.897075538,0.744508787
27,0.521075113,0.52117127,0.521189345,0.521209199,0.374699414,0.024036564,0.386278334,0.008533009,0.391424372,0.01607182,0.440577816,0.025461195,0.408503738,0.01584701,0.40156048,0.0210374,0.420826836,0.036792425,0.503414642,0.02719595,0.408621603,0.034358439,0.427971678,0.013537205,0.510679409,0.084590259,0.728241964,0.34115298
28,0.522090958,0.522155182,0.522197242,0.52218026,0.369648876,0.008754094,0.384609801,0.001986772,0.401042475,0.014641123,0.432615962,0.035229154,0.383567367,0.003393735,0.409459694,0.001078803,0.458431142,0.027095753,0.475831117,0.077483596,0.402177481,0.024315736,0.439211674,0.020776165,0.510728356,0.155624402,0.832602571,0.588236415
29,0.523099417,0.523178424,0.523210325,0.523202037,0.362606851,0.004564721,0.381458131,0.011489529,0.399916382,0.018751651,,0.02334874,0.394396879,0.01766673,0.399500802,0.008709267,0.481797867,0.071612716,0.507189312,0.077276934,0.400586645,0.017780073,0.427902798,0.026464305,0.512643734,0.138389487,0.783840306,0.471300148
30,0.524164881,0.524234382,0.524260665,0.524182716,0.359241011,0.013463355,0.377401304,0.004447102,0.393235295,0.002997918,0.717255038,0.477627978,0.398453174,0.026575967,0.407531859,0.009824829,0.401430209,0.067626011,0.504553711,0.01214582,0.411590666,0.019543015,0.425993934,0.017584563,0.509647738,0.097602122,0.746682422,0.46317434
31,0.525177102,0.525225794,0.525262284,0.525252444,0.386670212,0.029581261,0.372932259,0.003444899,0.39589429,0.002593872,,0.295564519,0.392279876,0.011848796,0.399930751,0.0026957,0.439016259,0.012540205,0.492264974,0.063668182,0.408030774,0.021224128,0.431002355,0.020899411,0.49644015,0.121477333,0.705110664,0.333473998
32,0.526160772,0.526203533,0.526204456,0.526242597,0.363420337,0.006549632,0.38686864,0.009995731,0.404089766,0.026381559,,0.050946569,0.37090323,0.013037361,0.392195249,0.008726174,0.453063587,0.015385633,0.4902676,0.028573469,0.405197548,0.040250181,0.430698297,0.027190899,0.519949306,0.133679503,0.749727597,0.471899841
33,0.527137093,0.527233264,0.527227045,0.527257004,0.365510574,0.00572867,0.380418688,0.012572158,0.394665118,0.010170836,0.424836393,0.022601751,0.391412793,0.01379366,0.417648558,0.019692767,0.341360052,0.11338846,0.483500791,0.057016832,0.396776607,0.025528092,0.437644404,0.0204518,0.494323008,0.11251877,0.629984673,0.282723161
34,0.528147311,0.528220343,0.528202036,0.528256667,0.361648078,0.004223691,0.379466949,0.016680471,0.389483217,0.017251725,0.43503003,0.030935086,0.38552526,0.006986077,0.402469529,0.003732667,0.460522561,0.013795907,0.497154109,0.068994276,0.404108557,0.03425809,0.440340816,0.009452548,0.498192371,0.117734305,0.692202402,0.350880833
35,0.529148993,0.529216742,0.529230035,0.529251035,0.366413002,0.012077028,0.379217554,0.004551113,0.400947757,0.020895806,0.431747562,0.014158468,0.398676093,0.017661434,0.410958342,0.017024037,0.486471014,0.090630839,0.499587642,0.046230346,0.407443563,0.019796203,0.414166048,0.036494427,0.498190213,0.110714466,0.692960507,0.39435361
36,0.530172005,0.530243936,0.530255822,0.530284516,0.352864386,0.006871293,0.382906467,0.029451934,0.387713486,0.0154215,0.423815549,0.025029601,0.392874201,0.016826702,0.407240693,0.012493003,0.427937439,0.017382285,0.481240403,0.044052762,0.420946471,0.018004841,0.421728913,0.015559963,0.510713024,0.128165853,0.728626217,0.392227073
37,0.531167531,0.53122768,0.531237225,0.531224884,0.362386839,0.013094635,0.384677223,0.004099508,0.390002646,0.013289023,0.425672425,0.02833445,0.380995023,0.007939952,0.392526528,0.009564555,0.376981252,0.106734361,0.470956007,0.053151582,0.415442073,0.039036256,0.438746064,0.042680705,0.487796763,0.095706399,0.655022782,0.329289618
38,0.532122633,0.532194526,0.532262104,0.532218247,0.375145732,0.017973643,0.384404045,0.005353896,0.385275309,0.015093171,0.420814218,0.032743772,0.381961149,0.005666053,0.4131129,0.018764513,0.438362932,0.03986251,0.48271528,0.037202629,0.396066522,0.023230955,0.422202491,0.011274394,0.497651333,0.12060489,0.655551705,0.293834695
39,0.533065931,0.533216494,0.533237067,0.533213686,0.380167998,0.011342108,0.371985483,0.017558543,0.395620712,0.017430194,0.434023797,0.023350422,0.386678433,0.035028863,0.416990067,0.017708375,0.470542705,0.058546478,0.48061197,0.011088697,0.39675557,0.023963679,0.423998928,0.027685229,0.463972359,0.078456643,0.636647266,0.283620992
40,0.53414911,0.534208759,0.534213986,0.534205816,0.342399299,0.011380619,0.369041877,0.008647137,0.404003881,0.020373748,0.424989361,0.026619378,0.36808679,0.009265319,0.388719617,0.013305066,0.463545819,0.075004389,,0.053812172,0.40733128,0.034506367,0.42696316,0.026902338,0.512691132,0.103926228,0.65361149,0.291927883
41,0.535099818,0.535147864,0.535194288,0.535221372,0.373169221,0.017667938,0.391363124,0.007944695,0.393183233,0.007229412,0.414639686,0.030040211,0.387608787,0.01223943,0.401245665,0.016048468,0.45729489,0.034649297,,0.422593707,0.393681356,0.017201549,0.426807322,0.007841344,0.472331247,0.113506659,0.591534851,0.237741161
42,0.536087764,0.536214137,0.536198936,0.536204167,0.38221339,0.021610448,0.360107109,0.021712577,0.387020854,0.013277399,0.440321512,0.024217458,0.386564725,0.028657799,0.396119343,0.007586598,0.441777841,0.048454996,,0.400138406,0.404006304,0.040615155,0.417209596,0.039141755,0.482649486,0.07959838,0.649684679,0.281902302
43,0.537109714,0.537195636,0.537217428,0.537194326,0.352831127,0.005830777,0.384613779,0.005283124,0.387564738,0.012946367,0.414601514,0.014950016,0.391218555,0.017197014,0.401451782,0.022596559,0.434473885,0.025623615,,0.044105416,0.409363313,0.043887297,0.433343567,0.031238693,0.495466035,0.115340419,0.632866141,0.297094454
44,0.538099482,0.538210153,0.538237861,0.538188675,0.362747532,0.003056986,0.371526962,0.006868432,0.382380826,0.004361716,0.411715339,0.014068123,0.382304237,0.008446594,0.425661542,0.0152017,0.444129283,0.032352885,0.484250471,0.055899379,0.39715721,0.021510282,0.424745219,0.03395447,0.456164549,0.089644961,0.604238264,0.235557906
45,0.539069286,0.539203384,0.539221302,0.539195663,0.359615411,0.004285493,0.369350439,0.013511023,0.398065603,0.014291301,0.417821838,0.030901733,0.386481932,0.015767452,0.396520764,0.011557524,0.42780365,0.027060767,0.453577059,0.02733936,0.393290295,0.021541052,0.427486992,0.035401249,0.49091988,0.097198769,0.573336965,0.217031673
46,0.540049676,0.54017327,0.540226897,0.540237607,0.363377325,0.009804843,0.384190439,0.007420841,0.37575253,0.010849951,0.409670552,0.020338813,0.397198825,0.015533515,0.401704117,0.017618068,0.433208145,0.023525316,0.470775924,0.054002121,0.41345978,0.009854953,0.43364595,0.02409021,0.458135119,0.088664514,0.567655318,0.177936117
47,0.541077628,0.54118977,0.541231366,0.541172392,0.365053857,0.019900462,0.367836619,0.005986351,0.389693264,0.006639936,0.441150263,0.012364761,0.366462736,0.011101692,0.397808541,0.004901781,0.426672105,0.008219838,0.451048535,0.018270902,0.406747377,0.038259532,0.415320401,0.030474396,0.483646166,0.074499177,0.612180062,0.272941053
48,0.542070493,0.542135094,0.542192446,0.54218793,0.357824798,0.002485115,0.388515241,0.012559673,0.389476708,0.017332107,0.41007105,0.033501446,0.391289678,0.002500212,0.386847562,0.016114044,0.42085364,0.021468225,0.469275593,0.034027226,0.400486269,0.019348663,0.419836229,0.02334277,0.461005168,0.112054628,0.586721762,0.234462182
49,0.543082289,0.543217367,0.54318634,0.5431949,0.3481089,0.011211427,0.366560106,0.028964285,0.381642554,0.010635094,0.418986846,0.002645339,0.376584303,0.016854118,0.407729449,0.016013304,0.430693628,0.010495488,0.466831696,0.048269392,0.393406665,0.028012586,0.419277646,0.024277358,0.46776417,0.068120334,0.578291554,0.19222666
50,0.544059118,0.544234942,0.544197301,0.544206187,0.358182522,0.010212642,0.365368508,0.015885512,0.386401094,0.011592616,0.414288223,0.011650557,0.380309083,0.018829115,0.408800465,0.020022363,0.416368691,0.005687149,0.451658856,0.048038462,0.394825846,0.028774922,0.422915525,0.018487017,0.465047896,0.098168564,0.594709465,0.221303217
51,0.545054895,0.545220553,0.545219871,0.545196259,0.372765752,0.021346447,0.376955184,0.009347876,0.384069498,0.018112247,0.401723741,0.023023236,0.391973051,0.024018806,0.384845337,0.022185664,0.426842284,0.01628799,0.469225317,0.038129632,0.40000375,0.031080926,0.421403827,0.034472647,0.457738713,0.106076293,0.61276443,0.275518945
52,0.546092923,0.546205863,0.546199898,0.546265773,0.358848192,0.005742931,0.383567372,0.018351065,0.379960785,0.005032669,0.413116271,0.031388637,0.361167921,0.009321594,0.406964782,0.020091902,0.412188118,0.013014741,0.459306483,0.04721388,0.384965212,0.0215547,0.428697081,0.019224832,0.483614328,0.058411921,0.538423516,0.207467509
53,0.547080247,0.547201888,0.547248832,0.547215364,0.350052205,0.006518446,0.374704323,0.004140349,0.376368234,0.01882164,0.411170694,0.022563923,0.411555777,0.028261154,0.388721742,0.009010518,0.418334908,0.015032841,0.447073553,0.034820506,0.404851188,0.023639368,0.416580673,0.026552999,0.45824742,0.077056687,0.559345873,0.170054966
54,0.548058149,0.548171486,0.548216071,0.548245628,0.366775142,0.017971493,0.374403836,0.009855553,0.391555535,0.005074162,0.405392831,0.017634539,0.370729799,0.012548581,0.419539279,0.016895425,0.413634965,0.015242147,0.448120335,0.012046964,0.404998208,0.038341856,0.423434492,0.032467789,0.474105574,0.088704916,0.523684315,0.127352537
55,0.549084709,0.549170678,0.549219396,0.549209068,0.355078972,0.011541824,0.370091499,0.007066199,0.375948263,0.013349213,0.408878478,0.004188846,0.383197027,0.042453097,0.395556944,0.010571326,0.414606133,0.005817115,0.472104607,0.052178093,0.411338009,0.04745929,0.419848602,0.022579527,0.476970934,0.092645566,0.587854444,0.223372727
56,0.550073193,0.550163582,0.550230153,0.55024031,0.361220227,0.00791661,0.38193588,0.029611387,0.377220378,0.003597827,0.401178509,0.027513798,0.378189894,0.001723508,0.401953973,0.006141332,0.401293577,0.003598761,0.449043486,0.054284206,0.381348601,0.023864871,0.423621087,0.032426066,0.442653929,0.087946504,0.562720585,0.203448014
57,0.55105289,0.551210489,0.551240109,0.55123361,0.356410923,0.016341321,0.364168502,0.008209024,0.380442897,0.011686506,0.401901413,0.004932408,0.377091202,0.00773783,0.396025781,0.005951944,0.421038489,0.015746728,0.432231397,0.017143389,0.405399606,0.029827343,0.413850439,0.047360998,0.468777735,0.074796082,,0.150007267
58,0.552061389,0.552169354,0.552224508,0.552215313,0.347244669,0.005208898,0.368968773,0.010948786,0.381924934,0.004850689,0.414544912,0.02154388,0.385900971,0.008082537,0.388537125,0.006206471,0.400898834,0.011889358,0.457201231,0.045858611,0.378431172,0.023129515,0.42580184,0.010055385,0.451032696,0.066191853,0.976722833,0.712610212
59,0.552990143,0.553118852,0.553195136,0.553198997,0.368650466,0.019794776,0.378915296,0.009531446,0.38282833,0.006416317,0.401570942,0.016372709,0.377444941,0.025168249,0.402584575,0.020514088,0.41661111,0.01917914,0.442031885,0.034623021,0.404045932,0.030420735,0.422189509,0.057414083,0.45300831,0.095838631,,0.188627127
60,0.554047033,0.554177555,0.554172962,0.554214371,0.355890353,0.008286969,0.358914998,0.024869483,0.380541935,0.021280837,0.407234438,0.03441196,0.373715923,0.010232096,0.384998321,0.01317942,0.40476901,0.013148951,0.441492985,0.039987259,0.388158803,0.035679415,0.424105989,0.026150773,0.459405839,0.079505983,0.507456011,0.118729178
61,0.555044818,0.555191672,0.555208214,0.555244549,0.358490988,0.013261686,0.360666509,0.011939404,0.364077834,0.001610572,0.404068384,0.0174924,0.362852626,0.014081304,0.412048567,0.020678441,0.420828866,0.009728258,0.442660136,0.027937553,0.390911338,0.019651024,0.415634009,0.022990656,0.443303193,0.060566824,0.542225526,0.165420902
62,0.556078588,0.556168639,0.556223325,0.556252519,0.339023631,0.004135417,0.38419865,0.009450544,0.385093256,0.012965366,0.393610655,0.005036746,0.380699107,0.027189971,0.392282751,0.014533184,0.397784161,0.025916168,0.423949348,0.048950574,0.383950431,0.03782065,0.41099869,0.029061106,0.463061012,0.096444441,0.528415806,0.177985718
63,0.557037989,0.55714125,0.557188677,0.557229861,0.370177971,0.018016824,0.370324051,0.013560419,0.390652665,0.006331232,0.403264591,0.028285101,0.377851187,0.020119231,0.387993504,0.013429016,0.397304528,0.014434333,0.43061676,0.037305829,0.396875493,0.022998315,0.410440807,0.051874789,0.440653037,0.069656248,0.522114947,0.095296539
64,0.558065311,0.558189243,0.558186754,0.558240112,0.345720096,0.007480755,0.367511235,0.019553692,0.385260311,0.010214795,0.406292011,0.008924757,0.383994059,0.015400298,0.381903618,0.003750634,0.40526211,0.020924501,0.424200288,0.056531032,0.401554522,0.050097,0.415549449,0.034323204,0.440024832,0.072188947,0.515703293,0.183501264
65,0.559040653,0.559133237,0.559225094,0.559202561,0.35328486,0.020217701,0.375537556,0.012306591,0.368263411,0.018704698,0.402524385,0.027279784,0.371106256,0.017728535,0.397559308,0.015904622,0.416378737,0.022256666,0.421893143,0.053942599,0.388218608,0.036009465,0.409937637,0.019827886,0.450566194,0.065782239,0.536570215,0.157497296
66,0.560037142,0.560158871,0.560208202,0.560236053,0.344865417,0.003477663,0.359606123,0.01310555,0.375129782,0.006617678,0.388533403,0.013334282,0.375892088,0.005428168,0.404071907,0.024959585,0.417276204,0.015904779,0.432985156,0.04329342,0.387202008,0.037948457,0.420119232,0.029768654,0.439229327,0.0810309,0.480359131,0.118262395
67,0.561025438,0.561167866,0.561217702,0.561242968,0.361111616,0.015991188,0.367912561,0.010228441,0.366953006,0.019918355,0.404707661,0.015921452,0.373226065,0.006585767,0.400471144,0.017111512,0.403886173,0.029118551,0.429345349,0.043952949,0.387674332,0.004012802,0.41718682,0.030210937,0.447797131,0.069998924,0.544889065,0.16132809
68,0.562021883,0.562189633,0.562212467,0.562219271,0.362624294,0.017094623,0.362223608,0.010319337,0.39163361,0.017705075,0.396138786,0.019694821,0.371070201,0.019924263,0.39727971,0.013392956,0.408921485,0.011382709,0.431002432,0.028505547,0.389149855,0.035029055,0.416700782,0.027542041,0.448638093,0.062026031,0.487203933,0.151082151
69,0.563040595,0.563177095,0.563217626,0.563217773,0.339381466,0.003714773,0.352917398,0.011745352,0.3816497,0.00093812,0.392340957,0.0073681,0.386954299,0.002015591,0.399398507,0.023592051,0.406959099,0.019351899,0.438240306,0.047676358,0.380952181,0.047381288,0.408925382,0.03819536,0.440072143,0.094078789,0.530093,0.140577846
70,0.564074018,0.564171753,0.5642071,0.564201448,0.353506766,0.022269409,0.378654654,0.015744154,0.362229529,0.016763589,0.395121171,0.027208864,0.367398716,0.005960568,0.380748283,0.007861434,0.400207912,0.022165393,0.432710965,0.039313824,0.382682859,0.023665935,0.413977521,0.038976265,0.428593337,0.050034559,0.502052817,0.128061575
71,0.56503197,0.565216371,0.565239129,0.565280432,0.345341528,0.012166008,0.361899348,0.018380145,0.377263477,0.019072112,0.385049907,0.02064461,0.360103475,0.009605916,0.389260212,0.002882323,0.404323882,0.004296655,0.431227359,0.02037499,0.393916282,0.0288705,0.404824411,0.027773598,0.459868948,0.084027069,0.50402825,0.102258056
72,0.565969756,0.566156086,0.566187389,0.566236565,0.353411618,0.015245907,0.375997738,0.017533698,0.375745198,0.03644938,0.407070818,0.01392409,0.379234616,0.007444489,0.395719557,0.026833871,0.400522898,0.022728946,0.430963924,0.015926306,0.401596515,0.034889275,0.401757126,0.021337825,0.414644636,0.088458466,0.493118256,0.111857969
73,0.566983862,0.567181512,0.567254432,0.567217966,0.344628263,0.005560086,0.346672726,0.008166587,0.369921786,0.017021294,0.401343042,0.026097821,0.39029628,0.025901292,0.388571404,0.008379835,0.389478269,0.026640689,0.442997826,0.04697866,0.368752166,0.03546094,0.417891017,0.032628328,0.458684215,0.041103697,0.503772736,0.152411936
74,0.568013505,0.568187878,0.568253375,0.568286246,0.360390092,0.023837943,0.380258059,0.017826553,0.364277841,0.019533485,0.373572382,0.017034207,0.358387343,0.015037091,0.385200319,0.017680622,0.406919239,0.022484749,0.419177879,0.024422008,0.389971583,0.032380165,0.393789652,0.031935926,0.428251301,0.069600119,0.477784385,0.089979073
75,0.569017693,0.569171793,0.569221533,0.569228441,0.344466234,0.017480496,0.369664753,0.016147674,0.374160567,0.011079414,0.40725723,0.023596909,0.374843787,0.025597587,0.388965881,0.019760932,0.396594305,0.002561993,0.426092327,0.029703943,0.374224673,0.02459875,0.406900693,0.036201039,0.409449802,0.06853623,0.50354545,0.121043846
76,0.570002088,0.570160948,0.570213243,0.570208941,0.356091744,0.010332725,0.370725728,0.017166832,0.377439071,0.014402888,0.39037396,0.01380318,0.373865151,0.037602657,0.39306629,0.011944863,0.392645763,0.023417226,0.437665768,0.031528358,0.379195063,0.046492619,0.40911792,0.02631834,0.463146298,0.065337855,0.487577677,0.134384402
77,0.571014048,0.571159711,0.571230354,0.571248704,0.337544118,0.002230685,0.35139112,0.006828013,0.368967477,0.007171579,0.386992199,0.0116995,0.368107174,0.012940884,0.385323807,0.00733284,0.391398457,0.011516726,0.434751845,0.027710053,0.394130005,0.030259225,0.429315945,0.011294526,,0.220782503,0.500129615,0.131078295
78,0.571952853,0.572119134,0.572206071,0.572235578,0.353421883,0.009508834,0.359062121,0.017603732,0.364750069,0.014495605,0.380834224,0.021896495,0.367459207,0.026705524,0.38180234,0.024991956,0.397770607,0.010716208,0.42263379,0.012624887,0.390282604,0.027115057,0.393364144,0.04188593,0.796986656,0.718300581,0.469589874,0.09128128
79,0.572979464,0.573098024,0.573131762,0.573196897,0.342796772,0.009832391,0.359363851,0.020466849,0.383133101,0.024152809,0.378742234,0.0378428,0.357100689,0.019108159,0.38950353,0.007073512,0.385498227,0.015199553,0.432928961,0.045923395,0.374294612,0.029241149,0.397075722,0.036287662,,0.061558592,0.482081809,0.118488835
80,0.573926119,0.574080211,0.574142366,0.574188891,0.364852991,0.02318724,0.364887291,0.018560415,0.360899176,0.00595988,0.396411477,0.01757527,0.376579326,0.02021181,0.402444539,0.002064168,0.415892603,0.027129146,0.424764677,0.036702096,0.381383804,0.068548749,0.421810803,0.030496608,0.421637218,0.059939161,0.509216657,0.140988952
81,0.574933153,0.575125573,0.575164692,0.575204417,0.332601811,0.031604189,0.360507751,0.011777688,0.373148867,0.011130669,0.384576263,0.011494127,0.358802608,0.034127298,0.386150297,0.014004349,0.386437553,0.030160004,0.423241531,0.012834202,0.372395616,0.034597614,0.405673687,0.049910038,0.423723928,0.067126748,0.471442491,0.113512538
82,0.57591386,0.576144475,0.576122329,0.576165811,0.357279974,0.012650059,0.353535207,0.013969386,0.363577921,0.01869716,0.383939942,0.017054999,0.38128018,0.032276127,0.399147639,0.023473317,0.389445223,0.005184185,0.421010668,0.013576414,0.383883213,0.021416271,0.400477335,0.03277033,0.434770837,0.085973182,0.48159204,0.085476137
83,0.576956184,0.577147339,0.577172125,0.577165265,0.332095955,0.014337442,0.371318943,0.034077928,0.368476911,0.01861504,0.403711752,0.020987955,0.359937359,0.025123733,0.383204639,0.037663116,0.38462419,0.016194674,0.417532865,0.0345085,0.385694451,0.023389959,0.402488394,0.020880248,0.428481588,0.037912182,0.480896424,0.111133442
84,0.577958111,0.57810896,0.57814564,0.578190102,0.339536966,0.007041399,0.36565234,0.008598433,0.359851491,0.017331567,0.384437235,0.022094504,0.359838318,0.009829076,0.377421096,0.016732309,0.401193791,0.021782168,0.43044514,0.019241921,0.366276042,0.03812212,0.398698032,0.040439926,0.410026976,0.074969315,0.47076783,0.106841531
85,0.57895802,0.579081016,0.579167836,0.57917371,0.3432551,0.008035121,0.363751229,0.009355745,0.357990493,0.005179635,0.381484371,0.011504002,0.376762145,0.031199406,0.372275999,0.011989179,0.378676573,0.002496825,0.418908318,0.04499339,0.381140989,0.045501329,0.39600868,0.02743098,0.441560251,0.04107236,0.472331372,0.100274794
86,0.57993886,0.58011556,0.58015277,0.580199536,0.351258083,0.023366487,0.355273689,0.013032982,0.364542576,0.01675377,0.377859426,0.004667752,0.35152107,0.019757218,0.382987178,0.022884394,0.407945303,0.007400999,0.420921743,0.028071866,0.36695063,0.035663584,0.390150657,0.030442738,0.425098375,0.067506399,0.47492379,0.093421733
87,0.580944502,0.581096194,0.58112301,0.581225553,0.3530859,0.014540433,0.361343186,0.015484793,0.365905745,0.008441497,0.377013809,0.015591829,0.362921982,0.026455231,0.383505986,0.018301961,0.383863987,0.01657496,0.414505822,0.017526923,0.377603731,0.024893316,0.405928275,0.018378308,0.428548421,0.061685324,0.464987213,0.095938256
88,0.58194504,0.58211709,0.582198278,0.582197554,0.331274562,0.007649133,0.353303505,0.011867906,0.356855985,0.018239328,0.390698518,0.006542442,0.381697346,0.036604956,0.373133728,0.012446186,0.393699083,0.017777179,0.419692676,0.035595734,0.386658069,0.031994899,0.418519185,0.031869976,0.411819517,0.068963256,0.46627703,0.091880987
89,0.58291484,0.583152701,0.583209935,0.583207677,0.337091688,0.003771585,0.352668888,0.007072638,0.358404848,0.009695656,0.383136277,0.021775218,0.345726792,0.009232197,0.40243777,0.01496868,0.3844023,0.02310222,0.422740637,0.020780116,0.381158602,0.036409933,0.394292992,0.03645287,0.432434558,0.060438818,0.477490814,0.131763831
90,0.583927172,0.584106742,0.584169596,0.584215525,0.33338541,0.026531474,0.366057883,0.01091879,0.370270085,0.006143917,0.379638225,0.004756767,0.373173963,0.02386942,0.380413419,0.014709642,0.386536264,0.00194031,0.410992655,0.026812337,0.368775749,0.049719313,0.399307322,0.031915426,0.41026628,0.065109071,0.45302746,0.091770119
91,0.584939462,0.58512778,0.585140917,0.585228698,0.341472879,0.024492307,0.354768144,0.019999884,0.357233731,0.012659725,0.381244515,0.005721172,0.358464636,0.027113381,0.390781085,0.015867876,0.394118224,0.02964094,0.382631047,0.070559819,0.356753315,0.033041761,0.397498826,0.042289107,0.432326892,0.056149335,0.452451009,0.072108456
92,0.58595724,0.586125165,0.586215099,0.586219726,0.340643141,0.00967805,0.35783253,0.011550889,0.363221804,0.023071998,0.371607555,0.006924045,0.348333159,0.010324602,0.381743071,0.020308172,0.392411114,0.028430027,0.429131894,0.006560837,0.395526923,0.023514222,0.389359167,0.020228284,0.414122287,0.051146958,0.448412782,0.090932164
93,0.58694082,0.587118213,0.587172624,0.587195852,0.351925804,0.024129948,0.358642461,0.004276878,0.368873391,0.006794074,0.386423234,0.009854918,0.378386712,0.018964762,0.372864606,0.012122723,0.398925779,0.020584085,0.431482962,0.007590234,0.371858744,0.076061551,0.40899997,0.035286686,0.425603029,0.079202675,0.496692024,0.127431332
94,0.587938165,0.588059284,0.588174641,0.588234521,0.336771462,0.019841095,0.363109161,0.025662213,0.353348005,0.01272146,0.369561484,0.023408476,0.350336121,0.002114489,0.379272888,0.011562475,0.385436674,0.016390047,0.438659625,0.039662177,0.358052008,0.033586883,0.392444985,0.046216992,0.430720764,0.059769087,0.446568069,0.082952747
95,0.588942865,0.589108518,0.589178625,0.589234946,0.338183819,0.009966135,0.357649012,0.019472493,0.368443277,0.022956356,0.391659967,0.011167089,0.358938456,0.025608789,0.383692984,0.022442691,0.387516591,0.023490594,0.419792954,0.007407371,0.372903318,0.03220928,0.401917406,0.044098464,0.406723893,0.073595273,0.456189078,0.08422045
96,0.589876276,0.590100486,0.590192485,0.590191982,0.33517134,0.023453174,0.356741409,0.006775109,0.362851714,0.014276327,0.372284329,0.029160994,0.363480818,0.030145625,0.385921058,0.019715224,0.390597657,0.005551429,0.407452926,0.016164583,0.363651677,0.039984749,0.40914699,0.039678036,0.407665623,0.058205549,0.469868617,0.118995231
97,0.590869252,0.591094473,0.591186213,0.591192457,0.339371256,0.015681096,0.355772965,0.00603024,0.354663355,0.019132303,0.380337565,0.011343248,0.356881931,0.019901136,0.378778334,0.007519094,0.376147321,0.030906318,0.41646727,0.043008464,0.366838269,0.018796964,0.39055875,0.024850124,0.426147389,0.064766649,0.458026418,0.088963964
98,0.591898216,0.592099991,0.592144634,0.592154666,0.344602994,0.008420448,0.347126705,0.017118297,0.368505835,0.018069594,0.371244251,0.013798347,0.35369321,0.021900051,0.371116656,0.026432789,0.38016857,0.015927203,0.41248728,0.027887539,0.362931372,0.055570691,0.401625011,0.049095168,0.418941579,0.038833398,0.443699862,0.068580957
99,0.592915147,0.59310566,0.593190011,0.593208231,0.32956381,0.004780845,0.347591854,0.00428839,0.350034244,0.006194238,0.367667599,0.010971918,0.351903736,0.013439252,0.391616822,0.017187767,0.373033387,0.004482946,0.405951542,0.017145435,0.367463228,0.025371404,0.392501711,0.038413604,0.398855811,0.080477213,0.454206882,0.100605641
100,0.593843261,0.594067227,0.594161237,0.59422151,0.333670453,0.014997161,0.36637052,0.031752585,0.372916298,0.033199886,0.370716096,0.012703413,0.353039244,0.008264291,0.383190136,0.019088729,0.387868094,0.038930385,0.425013568,0.027855189,0.380476635,0.031603901,0.384674484,0.039504837,0.432430474,0.042096467,0.446272979,0.084292331
101,0.594895243,0.5951237,0.595172715,0.595186883,0.341603387,0.043113826,0.343101635,0.018099063,0.346680386,0.006710247,0.376673634,0.019861474,0.363110137,0.036856996,0.368373693,0.014681097,0.380267516,0.010718156,0.402263683,0.018887172,0.353569548,0.042338207,0.394479499,0.030276256,0.395116355,0.057958785,0.450647365,0.086736964
102,0.595874132,0.596113171,0.596219185,0.596213795,0.34012653,0.012744657,0.339776447,0.008860967,0.351915424,0.010457992,0.372366768,0.008497688,0.361580014,0.003499478,0.380549108,0.012850961,0.380141847,0.012639182,0.410335646,0.005467018,0.348969669,0.011745536,0.391550358,0.046023125,0.440305863,0.075911347,0.447554995,0.078811394
103,0.596859443,0.597051701,0.597182962,0.597187681,0.328559312,0.011733199,0.371206004,0.015048604,0.357204395,0.015853302,0.378413138,0.010986193,0.346112347,0.020883588,0.375784358,0.012481269,0.390869064,0.020780822,0.425281837,0.037678729,0.359406983,0.059774798,0.383448045,0.022983897,0.399250406,0.045242273,0.43880882,0.074475405
104,0.597843521,0.598063423,0.598147783,0.598192285,0.327681078,0.004505338,0.349765497,0.010996401,0.358204771,0.007508027,0.383387768,0.017553933,0.343877736,0.014291765,0.36525864,0.023924575,0.366798495,0.029594014,0.429824599,0.023313138,0.37592911,0.034606423,0.380633592,0.037579709,0.403612896,0.060668512,0.437890753,0.090656857
105,0.598877174,0.599038989,0.599127422,0.599229682,0.320382646,0.006941174,0.35757252,0.012656645,0.349908334,0.015544555,0.377306151,0.018473602,0.358749005,0.022017189,0.37405019,0.019651647,0.386259807,0.009197559,0.438701234,0.027448434,0.366206955,0.013019111,0.404031591,0.038633791,0.392892383,0.049302109,0.460586473,0.085699767
106,0.599886369,0.600002873,0.600141876,0.600220673,0.343775922,0.029966003,0.351652147,0.019242529,0.351116674,0.004858808,0.360836718,0.006102563,0.355688941,0.03199782,0.380019516,0.021084874,0.391484555,0.036001444,0.41334293,0.017027721,0.349330595,0.035868101,0.383361243,0.017842381,0.416950551,0.066600854,0.436281898,0.068847842
107,0.600848378,0.601037833,0.601153102,0.601203102,0.338484852,0.026534742,0.342563868,0.013377824,0.347315834,0.01342107,0.373228381,0.017411058,0.356863392,0.005346261,0.384447697,0.00679483,0.378826636,0.008988444,0.4112723,0.023508839,0.355442319,0.040116463,0.38569537,0.061819893,0.404401274,0.055066655,0.447565062,0.081766471
108,0.60186675,0.602119507,0.60217276,0.602214097,0.327584936,0.011499002,0.326823947,0.008070666,0.347187189,0.01341338,0.36410211,0.006230194,0.350218365,0.019015352,0.383350064,0.026470705,0.376206145,0.028558014,0.420351558,0.013258867,0.379934023,0.023871124,0.388726414,0.015817548,0.395756698,0.056891884,0.428197703,0.085892681
109,0.602834484,0.603086755,0.603212603,0.603219679,0.320077485,0.01306445,0.359288361,0.020494677,0.346729239,0.009377154,0.363542865,0.005952015,0.33985198,0.021832572,0.361891966,0.005883183,0.371260653,0.014968882,0.402098421,0.024400733,0.355615049,0.043791566,0.387557007,0.049003091,0.418320433,0.066829485,0.452781637,0.101898988
110,0.603851925,0.604057435,0.60413472,0.604220171,0.333647762,0.026927991,0.353459561,0.017061784,0.360074025,0.022120248,0.361206804,0.01018449,0.344203424,0.023172325,0.359734353,0.014036018,0.380874742,0.010132176,0.410592517,0.020308663,0.357102779,0.043559396,0.382012032,0.030863873,0.392010468,0.060231584,0.430364261,0.071981404
111,0.604868594,0.60507848,0.605178916,0.605183525,0.332766688,0.01849012,0.334415489,0.003077572,0.342676819,0.008273662,0.385599546,0.042569856,0.358884852,0.024411069,0.38566185,0.021064247,0.382413687,0.015536106,0.406281409,0.023196002,0.361947953,0.042569085,0.381846367,0.053911003,0.401744408,0.038193012,0.438101986,0.084073915
112,0.605822451,0.606024158,0.606170026,0.60622423,0.328224074,0.030662571,0.37229565,0.013946544,0.349694618,0.014547045,0.354223081,0.003824034,0.349519075,0.026606002,0.362697893,0.022247028,0.383750175,0.021481495,0.398257451,0.016341508,0.352849595,0.029545469,0.384956578,0.020080945,0.403126377,0.064827442,0.430827881,0.073978752
113,0.606835715,0.607047164,0.607119826,0.607178867,0.315526706,0.008197486,0.339532979,0.019612766,0.355710558,0.01619205,0.371775011,0.015252666,0.350303568,0.010850324,0.371817099,0.007940567,0.373582433,0.010571543,0.406144154,0.030037809,0.374225423,0.051622729,0.388331756,0.039464391,0.418251375,0.045720711,0.430401865,0.045825478
114,0.60784251,0.60804039,0.608160736,0.608215354,0.337099468,0.028532065,0.338572169,0.006113051,0.348450261,0.020054861,0.354718826,0.002971352,0.349525333,0.023760706,0.376956396,0.003401129,0.377186634,0.022590782,0.389012057,0.028539291,0.336456482,0.019458208,0.388858321,0.03084321,0.400961379,0.070120708,0.440179773,0.107993894
115,0.608838155,0.609064555,0.609165522,0.609189282,0.323717749,0.010355399,0.351115882,0.023626567,0.339412738,0.020727483,0.366564339,0.009146004,0.340068462,0.011145306,0.36911482,0.008507916,0.359937215,0.013771398,0.409306911,0.024880602,0.36612711,0.047470833,0.370646725,0.045091437,0.403270758,0.04487157,0.427104513,0.055950656
116,0.609765541,0.610030014,0.610178644,0.61019396,0.339143582,0.031244118,0.329046115,0.021258732,0.344726569,0.002807888,0.361611133,0.014382597,0.343449,0.039302387,0.379684085,0.045377468,0.382004404,0.011197168,0.391587786,0.020210499,0.347360841,0.043208254,0.396245579,0.053371117,0.391996815,0.04910887,0.424309823,0.088551807
117,0.610743448,0.611004895,0.61115258,0.611185844,0.317885567,0.006283164,0.359933017,0.016760812,0.360293369,0.024381049,0.357175149,0.007431261,0.364074612,0.018892781,0.367177492,0.021634943,0.375778746,0.021201842,0.40692767,0.022019215,0.350905743,0.017764365,0.380976378,0.048195674,0.40754152,0.07305055,0.438563726,0.08385745
118,0.611758051,0.611995077,0.61213404,0.612154308,0.328193438,0.021601044,0.334146855,0.022477662,0.351561179,0.012257397,0.365168527,0.023664598,0.329616305,0.017569984,0.362446668,0.004747246,0.366788308,0.021742646,0.387966662,0.032194666,0.361739724,0.041198849,0.36781634,0.034886131,0.39196007,0.056804433,0.408494989,0.069798331
119,0.612754967,0.612958662,0.613130354,0.613131218,0.326154916,0.008460738,0.363817267,0.013089949,0.347507705,0.011172137,0.36071911,0.010149462,0.338876679,0.014985693,0.350068077,0.008760122,0.374512398,0.023987553,0.394873766,0.027994374,0.349034266,0.054983425,0.383221901,0.034940479,0.401707519,0.06695014,0.432683404,0.064410861
120,0.61373898,0.614000601,0.614161552,0.614184373,0.320539976,0.015265456,0.333814465,0.023632011,0.342430557,0.027465853,0.357204569,0.017618813,0.341309687,0.025473559,0.373746356,0.026432132,0.360184952,0.019679287,0.387940368,0.017536633,0.347689042,0.044489281,0.398619302,0.04291264,0.371712272,0.041838037,0.423057158,0.079530581
121,0.614732663,0.615022374,0.615135419,0.615165543,0.308405041,0.003229464,0.330478693,0.007017227,0.34958476,0.006193652,0.354101438,0.006469368,0.34793448,0.028713382,0.38037864,0.027954932,0.366401891,0.006564211,0.414824859,0.030482312,0.366170731,0.034698841,0.367201673,0.02241972,0.409562853,0.076059054,0.426322725,0.063868836
122,0.615719831,0.615978238,0.616094425,0.616124501,0.337923939,0.033709894,0.341100142,0.013634709,0.353579365,0.014615367,0.364036645,0.013471357,0.339073198,0.010869797,0.361778773,0.033260578,0.384554881,0.028139013,0.377085051,0.014993495,0.333418272,0.02202771,0.358955272,0.042888126,0.395951382,0.043204784,0.440329689,0.098872771
123,0.616697028,0.616979513,0.617087395,0.617164084,0.321987419,0.005799023,0.34384296,0.017615409,0.335866421,0.007805596,0.351277843,0.010371462,0.341347644,0.028620858,0.366611383,0.0209129,0.358178437,0.010030958,0.390939953,0.028034681,0.354512318,0.050597829,0.379266618,0.035373272,0.391009982,0.064708775,0.403180089,0.048643401
124,0.617758759,0.617960426,0.618119489,0.618155932,0.316261019,0.00718676,0.340042944,0.026417893,0.335983128,0.011206569,0.35652145,0.005575759,0.332946293,0.006204602,0.36875629,0.042598958,0.371781691,0.019632149,0.390878342,0.019746082,0.33716901,0.031422554,0.381204774,0.049454329,0.4137757,0.053167954,0.44135219,0.09924738
125,0.618680071,0.618956623,0.619118818,0.619161585,0.322368038,0.02405302,0.339252437,0.00530066,0.329652288,0.016482808,0.352397157,0.010855903,0.350887161,0.049639344,0.348183174,0.004712381,0.363064048,0.013474104,0.399567691,0.028778191,0.353778634,0.023021934,0.375763178,0.015699382,0.3805963,0.058573381,0.432541413,0.059845451
126,0.6197135,0.619940144,0.620108707,0.620180731,0.322809965,0.023368453,0.349764527,0.016675123,0.343272847,0.003538065,0.354129967,0.020631412,0.326107376,0.016461458,0.35554273,0.033895768,0.378544208,0.001664829,0.3880429,0.033744792,0.345768205,0.065423031,0.368514301,0.041520264,0.395269939,0.040557224,0.42036928,0.081062712
127,0.620712389,0.620998843,0.621135688,0.621184109,0.315435732,0.024756537,0.326113685,0.013405129,0.332282967,0.016914531,0.355978779,0.003579235,0.341295625,0.017478139,0.359046967,0.001881704,0.37174764,0.016221566,0.389751689,0.01496795,0.354430595,0.034817936,0.373221753,0.043009458,0.392759347,0.053027469,0.405741273,0.066035159
128,0.621716757,0.621966265,0.622133015,0.622138753,0.307472586,0.002654006,0.330973301,0.01920202,0.331861275,0.013633307,0.354180751,0.018510218,0.329341003,0.01784085,0.382007721,0.011708332,0.36974732,0.017681498,0.374492799,0.034649199,0.340433222,0.021323824,0.365232037,0.040934898,0.382810189,0.067718535,0.405048841,0.059907153
129,0.622675651,0.623034309,0.623091044,0.623195255,0.334488207,0.016635612,0.320992227,0.014717687,0.35609759,0.005755653,0.350883235,0.026225423,0.340963765,0.036233933,0.364100506,0.02273578,0.363526326,0.031695326,0.398433124,0.035909154,0.342528639,0.043269385,0.372014626,0.023375077,0.388339184,0.05968843,0.424423635,0.098589746
130,0.623671697,0.624009748,0.624113733,0.624177547,0.302221699,0.007424683,0.343237534,0.021634388,0.330909851,0.011910799,0.346977251,0.006288158,0.345887176,0.010439918,0.347446416,0.014211178,0.359260092,0.009468209,0.379556378,0.027847283,0.336922649,0.037510599,0.370996597,0.040491718,0.386693803,0.066535111,0.423600405,0.060945348
131,0.624686642,0.624954508,0.625105667,0.62516083,0.320217657,0.01139698,0.344250453,0.010085287,0.336603131,0.010483042,0.353438806,0.006001898,0.325108665,0.023335528,0.370138226,0.037918957,0.366448525,0.02605583,0.3784383,0.034983536,0.355191508,0.041370471,0.385751062,0.041059847,0.387532218,0.050659135,0.417872295,0.081356993
132,0.625658063,0.62594406,0.626141956,0.626180061,0.314951164,0.02265846,0.334402465,0.013639771,0.336084631,0.011089412,0.35112809,0.023069806,0.337829412,0.018509714,0.343624788,0.007412845,0.367756611,0.037473986,0.40332181,0.011996846,0.338884233,0.039845408,0.377944584,0.062303119,0.386696686,0.063520767,0.409400098,0.071804142
133,0.626654974,0.6269399,0.627147499,0.627169707,0.315239397,0.01186743,0.335522145,0.018745046,0.330030169,0.021661978,0.351049812,0.005286418,0.335817137,0.03587769,0.365250269,0.025769624,0.365698936,0.013665741,0.393540354,0.016204265,0.348166697,0.052244665,0.360019188,0.040266296,0.396838381,0.051906373,0.415378453,0.059902016
134,0.627655481,0.627967481,0.628103026,0.628158251,0.304788423,0.012500168,0.324572612,0.014992923,0.334022186,0.017644167,0.34480261,0.007985056,0.319633969,0.0102845,0.3586371,0.031964053,0.367727793,0.016082943,0.382334109,0.022380576,0.33947302,0.042719043,0.360775249,0.034844159,0.383149731,0.049193112,0.406984085,0.07712167
135,0.628626185,0.628933474,0.629089376,0.629202037,0.318516517,0.020941446,0.327488651,0.005475247,0.338128005,0.009407889,0.344138043,0.023995396,0.342457607,0.021295583,0.359749982,0.009832207,0.354659276,0.02442252,0.392301771,0.0473702,0.332841697,0.035438295,0.368391007,0.056390489,0.381698947,0.052414621,0.400423026,0.06581563
136,0.629627122,0.629915371,0.630134184,0.6301577,0.309718942,0.010600522,0.331950328,0.013947806,0.332452937,0.02326499,0.350461698,0.009098251,0.322626902,0.034354193,0.349489565,0.020108851,0.361232228,0.022334916,0.373027854,0.015162485,0.336052816,0.026022592,0.356977378,0.046282971,0.397296938,0.048479503,0.417732639,0.055064437
137,0.630641251,0.630885549,0.631057042,0.631139865,0.305491565,0.008956269,0.33699197,0.017928571,0.346410091,0.016910242,0.344813893,0.009661306,0.338184082,0.016201175,0.361611911,0.02487936,0.361064599,0.03381871,0.395441317,0.029167984,0.337316622,0.048209228,0.367381777,0.043087657,0.385544709,0.057663028,0.40771883,0.090063681
138,0.6316519,0.631927623,0.63209764,0.632168674,0.318854187,0.018769745,0.331596067,0.01928211,0.328139368,0.013417994,0.341812388,0.009844033,0.324436384,0.021707411,0.353742202,0.028313565,0.365314342,0.015172891,0.37269835,0.032245118,0.319361183,0.039920088,0.359598825,0.032228293,0.383444899,0.06248468,0.401973817,0.069006138
139,0.632604933,0.632963414,0.6330957,0.633177187,0.315647534,0.009530479,0.32010956,0.019436433,0.325092959,0.00879115,0.344514603,0.01833648,0.323095798,0.026298416,0.341736018,0.01287102,0.347411127,0.024241961,0.37225948,0.023911067,0.368022734,0.043645126,0.366159044,0.051974531,0.365985861,0.065511354,0.419462369,0.056148048
140,0.633611934,0.633896255,0.634095756,0.634145631,0.297576593,0.010376274,0.322326126,0.022962141,0.324441179,0.005144991,0.345091262,0.005749031,0.332273525,0.032364583,0.356793179,0.006549264,0.367571932,0.006628079,0.38050169,0.03211753,0.313061939,0.035398561,0.360031264,0.040767638,0.397160127,0.044802442,0.405311348,0.07546784
141,0.634584042,0.634931956,0.635049163,0.635160707,0.311145672,0.02529414,0.320821434,0.012270498,0.342217813,0.007109255,0.346333921,0.017671139,0.341283923,0.026822959,0.352366935,0.01404706,0.368232947,0.022109701,0.379373547,0.014612877,0.326226897,0.037327368,0.35533208,0.053575829,0.386472903,0.055538306,0.422810068,0.051461287
142,0.635616074,0.635899768,0.636121234,0.636162998,0.315697049,0.027064927,0.3355376,0.01805586,0.299109978,0.026433255,0.338374685,0.012243845,0.314764686,0.014393288,0.33853184,0.022607523,0.339675628,0.019713968,0.3736007,0.033186541,0.343045311,0.031188491,0.362598039,0.037887481,0.361275377,0.06982243,0.403374621,0.072916427
143,0.636598319,0.636913532,0.637047015,0.637169414,0.297947605,0.010205533,0.335263168,0.018148599,0.332545341,0.019950513,0.349533552,0.011299148,0.329313693,0.037009035,0.354218578,0.023362085,0.364878942,0.012755978,0.386278217,0.037024933,0.323780296,0.026707324,0.364167773,0.031123593,0.394115732,0.067738327,0.399303286,0.058001369
144,0.637580286,0.637869647,0.638062905,0.638170633,0.312061128,0.012915689,0.320528611,0.027701816,0.336287525,0.013585349,0.347365154,0.013752007,0.327284449,0.016492312,0.363463294,0.022330823,0.352316984,0.033817349,0.369835713,0.015134765,0.339275202,0.065755285,0.366819715,0.057265916,0.365369337,0.052925898,0.397039767,0.086978661
145,0.638626355,0.638931848,0.639059836,0.639152004,0.299530051,0.018191179,0.322673737,0.033302449,0.331649673,0.006079487,0.338928622,0.025150482,0.319331391,0.007751941,0.356385793,0.01426027,0.328698213,0.033605895,0.368501662,0.034935427,0.342737021,0.029723804,0.344834521,0.046039664,0.386975308,0.047728874,,0.052530624
146,0.639574588,0.63987192,0.640142658,0.640131251,0.302500054,0.008339538,0.316264258,0.017184268,0.31912593,0.019310369,0.361104047,0.009061183,0.318233312,0.025054396,0.342636101,0.007883688,0.372271565,0.004680557,0.375438646,0.014807626,0.311184853,0.03292117,0.356591425,0.029112798,0.393050335,0.062476968,0.756579803,0.68010581
147,0.640559136,0.640878809,0.64113477,0.641156842,0.307804861,0.023041679,0.324088638,0.00893649,0.337978225,0.026200252,0.331112735,0.014969001,0.329260254,0.033492625,0.341860779,0.016482988,0.353471244,0.036766636,0.379130752,0.034122188,0.339875748,0.041453142,0.364690819,0.034647622,0.365299936,0.055332959,,0.282122484
148,0.641585231,0.641898479,0.642101935,0.642197277,0.302986524,0.011966787,0.325267477,0.005662279,0.323652958,0.017561456,0.332371211,0.007352435,0.312236924,0.016844646,0.349019553,0.018768525,0.353929459,0.017089481,0.361895972,0.023476322,0.317958347,0.030990786,0.348493086,0.042166034,0.381328106,0.068609747,0.401634098,0.071492061
149,0.642570264,0.642869133,0.643073144,0.643174098,0.299618469,0.00950175,0.318577388,0.012112824,0.335655492,0.00870685,0.336351341,0.007450205,0.323442798,0.006188595,0.350895915,0.0211802,0.36259913,0.02282227,0.371244695,0.032270158,0.324601497,0.046813552,0.358617588,0.031760374,0.36426818,0.04413172,0.404384756,0.077725248
150,0.643554488,0.643905348,0.644116596,0.644173142,0.299169354,0.033069983,0.312595574,0.020320832,0.321884411,0.028509557,0.32726656,0.01800941,0.327043603,0.033867739,0.345176095,0.031653482,0.348179011,0.016400051,0.368299317,0.028507361,0.327341619,0.035173498,0.352663972,0.049637893,0.375747688,0.054868392,0.401466065,0.069476236
151,0.644509318,0.644902378,0.645137689,0.64515081,0.314498136,0.01531184,0.319552578,0.016457256,0.315391871,0.015934965,0.348585233,0.016475016,0.310493321,0.014319838,0.342339154,0.028425387,0.363686879,0.013971608,0.400596327,0.047690563,0.314334468,0.048012791,0.362482745,0.040819383,0.366170646,0.062827567,0.395860503,0.050234874
152,0.645534428,0.645868284,0.646129139,0.646159367,0.287348065,0.016804187,0.324016082,0.00423453,0.32383857,0.015078639,0.346402775,0.017594441,0.316241469,0.01983075,0.333403659,0.010853874,0.355732879,0.025578513,0.358162431,0.014091569,0.335926757,0.028029155,0.353826764,0.039973219,0.375909354,0.053528717,0.381781967,0.069220168
153,0.646518063,0.64686679,0.647120559,0.647186994,0.308621572,0.012795206,0.315692663,0.019488882,0.325456871,0.02860699,0.329311228,0.024383085,0.326350657,0.029959569,0.346382061,0.027192373,0.34592283,0.023348968,0.370694255,0.043148382,0.315240872,0.039480518,0.336114319,0.031579184,0.366422754,0.054265595,0.399374362,0.060266331
154,0.647507336,0.647867933,0.648070607,0.648158529,0.29490556,0.008780908,0.31273772,0.014995346,0.325678659,0.015350621,0.332083424,0.012651928,0.311561619,0.025430866,0.356089739,0.012985894,0.337296843,0.026617815,0.365256761,0.017280148,0.334731142,0.040409788,0.345429897,0.049060879,0.372581099,0.065926636,0.403989378,0.065843929
155,0.648456079,0.648893407,0.64908314,0.649186081,0.302893934,0.017293574,0.316091812,0.020959028,0.326245927,0.011093634,0.328372232,0.016255934,0.329299606,0.003862525,0.333575729,0.036821453,0.360680372,0.011822398,0.361900659,0.026061771,0.312842984,0.039683378,0.358505849,0.012013877,0.394367953,0.031492211,0.37754651,0.060852392
156,0.649454202,0.649857503,0.650107276,0.650156315,0.303423754,0.011566141,0.312834657,0.021259537,0.318919029,0.01118565,0.337626385,0.006073814,0.308964991,0.044002547,0.336615864,0.021040667,0.343351124,0.022297726,0.370189792,0.020294273,0.312672088,0.038242497,0.348373419,0.059564146,0.352308025,0.053306549,0.401643474,0.067636289
157,0.650480063,0.650836352,0.651026544,0.651093673,0.2844697,0.013809023,0.318513693,0.004623487,0.323878994,0.01718671,0.343185916,0.019640392,0.311516953,0.029412499,0.339378386,0.017219377,0.35152144,0.031773476,0.379862094,0.023425573,0.340209574,0.031544698,0.345920788,0.039385153,0.364827799,0.052497654,0.386675506,0.048006462
158,0.651452231,0.651821752,0.652046259,0.652122193,0.29844181,0.018200355,0.323834413,0.016096748,0.322878928,0.01934142,0.326202477,0.016839339,0.321085333,0.029955402,0.339592374,0.01545384,0.335451509,0.010667739,0.366742985,0.027818229,0.299511846,0.033821434,0.338338096,0.0380228,0.369924776,0.081124751,0.399223212,0.063006736
159,0.652420095,0.652820683,0.653085,0.653133734,0.303058968,0.001235754,0.310505866,0.015261541,0.326716882,0.010351832,0.324410467,0.016519481,0.317568558,0.017446242,0.331156036,0.013220649,0.356826089,0.025319838,0.381701057,0.0283362,0.314553943,0.058124085,0.358766389,0.047258043,0.370880697,0.042737532,0.382562796,0.069330799
160,0.653368283,0.653771679,0.65401698,0.654114567,0.293066834,0.022393907,0.313714329,0.023955047,0.317609672,0.017008701,0.331680826,0.002876811,0.304800123,0.018302026,0.336842457,0.030272625,0.346625348,0.012462713,0.355854024,0.030150689,0.326230603,0.027323384,0.342806563,0.039751852,0.35710994,0.06136799,0.390447007,0.075705459
161,0.65443697,0.654774735,0.655025205,0.655134674,0.282336278,0.003183151,0.305957669,0.006683013,0.310725352,0.004785589,0.328789223,0.009669307,0.303737488,0.013483992,0.331558781,0.02100239,0.362682186,0.048187271,0.3578741,0.02831869,0.307449749,0.03785994,0.333380382,0.047062995,0.370765809,0.057422646,0.387285092,0.068604171
162,0.655369123,0.655789374,0.656009966,0.656092276,0.300488029,0.014134478,0.320839781,0.01019106,0.327207908,0.032119255,0.328711739,0.010056585,0.310221493,0.030169341,0.349032625,0.013598488,0.353395989,0.013197818,0.361376506,0.019271642,0.315697259,0.029981294,0.357447471,0.034785056,0.359069267,0.041504014,0.371057756,0.056920067
163,0.65637444,0.656813426,0.657004361,0.657126185,0.292262157,0.024913753,0.297443725,0.016371684,0.319895189,0.012208067,0.315178926,0.009978424,0.316625261,0.009604174,0.338364677,0.015006368,0.339686643,0.015333824,0.36431266,0.034407797,0.314928546,0.053371997,0.33203333,0.053568549,0.368159251,0.062593058,0.390182961,0.065906335
164,0.657370962,0.657804552,0.658031571,0.658111327,0.297816849,0.015689367,0.311251457,0.024841634,0.308393214,0.004982784,0.344240025,0.011939384,0.300621981,0.033125194,0.317904222,0.023900756,0.339980748,0.019522752,0.353553435,0.032356874,0.317706061,0.042693909,0.346101172,0.054520155,0.358879889,0.051144763,0.399120102,0.05243337
165,0.658362475,0.658779622,0.659018551,0.659122744,0.283033223,0.036088342,0.304262201,0.016873522,0.314096729,0.012845974,0.310347458,0.011195547,0.318383692,0.020090247,0.337256975,0.031577307,0.341297189,0.014829326,0.365443936,0.029241295,0.306464043,0.036211047,0.341809443,0.032930501,0.359825508,0.046275869,0.375150571,0.067751204
166,0.659349635,0.659813083,0.659986343,0.660127952,0.294794896,0.008462148,0.297563416,0.019503869,0.328154522,0.006403063,0.32952428,0.014713737,0.294251954,0.016934744,0.337972714,0.010980362,0.345410774,0.027963951,0.348230891,0.020718198,0.300395052,0.027139829,0.333794709,0.042769397,0.361849451,0.0721308,0.387419324,0.063096282
167,0.660349927,0.660746247,0.661031549,0.661138411,0.286600707,0.004913557,0.321092602,0.030210651,0.306857317,0.010410074,0.328994381,0.023904395,0.324628939,0.029812502,0.32687771,0.025982901,0.339747,0.009685084,0.364030923,0.050047299,0.316220889,0.037768174,0.334810522,0.048224769,0.362818662,0.046244016,0.370309017,0.079105238
168,0.661347277,0.661770914,0.662050267,0.662133049,0.28164305,0.023985193,0.307320995,0.018307344,0.314617464,0.01303775,0.31467863,0.008154172,0.290349451,0.01148591,0.320181647,0.017747474,0.335899159,0.011270678,0.362380941,0.007559241,0.327340749,0.056767432,0.343314703,0.020135818,0.353695633,0.074394309,0.373813035,0.04624279
169,0.662365531,0.662774621,0.663027243,0.66305875,0.290210731,0.014687674,0.299685445,0.00734637,0.314072788,0.028107673,0.328897558,0.020314417,0.304722696,0.040229994,0.338359087,0.038817055,0.347883418,0.01468835,0.350850397,0.031092562,0.2965254,0.03453073,0.34168746,0.048977126,0.355552025,0.053369716,0.396106187,0.076030166
170,0.663355377,0.663743357,0.664042343,0.664129731,0.281868572,0.035149834,0.300380244,0.014604703,0.310087042,0.007928511,0.307008286,0.010060028,0.313631112,0.004672417,0.342786995,0.013017198,0.352526801,0.036719142,0.354567181,0.03304221,0.323136199,0.035561604,0.332461108,0.050897578,0.366242441,0.045047558,0.377568428,0.052861672
171,0.664289908,0.664770753,0.665054607,0.66512736,0.285205907,0.019858698,0.304707525,0.002492175,0.30409796,0.01051989,0.333150294,0.011669447,0.296382876,0.029513475,0.308808749,0.018049392,0.333980123,0.018908303,0.356519262,0.044427622,0.294696289,0.049610275,0.343198119,0.044268647,0.373661704,0.079001695,0.381168254,0.055901306
172,0.665299709,0.665786587,0.666044536,0.666138955,0.293666677,0.016297075,0.294589662,0.003677564,0.324942348,0.017312794,0.320151112,0.010678467,0.313135977,0.010809196,0.323796336,0.022675411,0.335192756,0.016341325,0.345587628,0.011858821,0.311810727,0.033125029,0.355474845,0.067108511,0.364298276,0.066401923,0.374164314,0.075751123
173,0.66627615,0.666704292,0.666996285,0.667071886,0.282113686,0.006807534,0.314905699,0.037407154,0.308015169,0.010981042,0.331181861,0.032862229,0.290618341,0.01715064,0.337453109,0.028313486,0.343143703,0.041046574,0.362995044,0.034387034,0.292833799,0.03265205,0.322229047,0.038648082,0.351330304,0.055712639,0.380841605,0.05169646
174,0.667318981,0.667756552,0.668007256,0.668107532,0.288051675,0.018302724,0.290123064,0.012663513,0.297880362,0.009275178,0.321147622,0.02154873,0.311557058,0.032714761,0.331852769,0.014223773,0.341636059,0.018384745,0.352751235,0.043282365,0.31179171,0.035350541,0.33280218,0.042393696,0.352817504,0.057756935,0.387295497,0.059854292
175,0.668266137,0.668748745,0.669044703,0.669095791,0.27265787,0.014946051,0.310699197,0.007104732,0.306901819,0.01161948,0.315064226,0.002566697,0.289494852,0.019765501,0.321416264,0.029783337,0.331570308,0.002060342,0.346969657,0.026120926,0.304428058,0.060306508,0.337747374,0.060027963,0.349657027,0.057678279,0.367316385,0.061320967
176,0.669266093,0.669668982,0.670023968,0.670136994,0.289908158,0.013851572,0.306245439,0.025855223,0.318852403,0.01277935,0.313463156,0.019343515,0.303923038,0.020173264,0.303524409,0.027620641,0.339675385,0.02784058,0.357029747,0.029545473,0.300630967,0.044703574,0.322094884,0.023034127,0.345311162,0.051462757,0.373960504,0.06437465
177,0.670274309,0.670689235,0.671023325,0.671147292,0.274635933,0.015196723,0.292366785,0.020815599,0.308424965,0.005303677,0.308143376,0.007666021,0.298645717,0.011217217,0.333857119,0.003019708,0.338665563,0.014089487,0.363998953,0.021751637,0.304379786,0.022741162,0.333300671,0.043466454,0.368602103,0.04329557,0.364583614,0.064623799
178,0.67121497,0.671699909,0.672004324,0.672118294,0.279187635,0.0283641,0.292642368,0.010018771,0.305917354,0.010451459,0.320490998,0.014610795,0.285959793,0.034139367,0.326852218,0.027065932,0.34678786,0.015390332,0.357509183,0.016755623,0.291985176,0.042475197,0.330544727,0.045416572,0.353430235,0.062974631,0.371151872,0.059961608
179,0.672195239,0.672716791,0.673058392,0.67307245,0.28415368,0.008028643,0.290113864,0.012669992,0.304122391,0.009277915,0.319168173,0.00727591,0.304612043,0.007165228,0.313675568,0.01986863,0.326775913,0.021042351,0.337755211,0.033344587,0.299578049,0.044827441,0.32924344,0.05858015,0.352379685,0.042781556,0.363723743,0.06780573
180,0.673203207,0.673680902,0.673999252,0.674108122,0.279042503,0.011682284,0.307732595,0.029738329,0.303826525,0.013847313,0.311024425,0.027490235,0.284651863,0.023882099,0.309971567,0.028382179,0.334135452,0.028410439,0.352091774,0.024527806,0.296022295,0.029273025,0.330799254,0.030894872,0.337911246,0.074188187,0.373017374,0.068049103
181,0.674194146,0.674666924,0.675017576,0.675116276,0.280918661,0.016643639,0.28798367,0.012233607,0.307802753,0.031997405,0.315922166,0.02260307,0.308042743,0.021652719,0.339828245,0.009512594,0.33009151,0.024120439,0.342576923,0.03053393,0.297279916,0.036655606,0.320696115,0.037878054,0.344372107,0.038444216,0.368518018,0.059094145
182,0.675220505,0.675697354,0.675993427,0.676096856,0.266775241,0.011257639,0.294905039,0.015021719,0.303423962,0.001268125,0.309879651,0.007056638,0.278613418,0.016561639,0.318024885,0.032866514,0.33467276,0.008934679,0.348969972,0.03968373,0.294941037,0.030000262,0.314936869,0.042235608,0.343395202,0.057937984,0.368824789,0.047364167
183,0.67617714,0.676674176,0.676985094,0.677093512,0.289727611,0.017702254,0.295850878,0.019886617,0.304296082,0.018558688,0.311365382,0.006032819,0.308209707,0.022922195,0.307570426,0.023161712,0.339354738,0.048152646,0.341091732,0.029399866,0.291091433,0.050157792,0.339882229,0.032434868,0.362092716,0.050862987,0.373633592,0.032303644
184,0.677198677,0.677664114,0.67797266,0.678095453,0.257570639,0.010970951,0.294792261,0.027074955,0.307037171,0.007675786,0.308356518,0.01476529,0.284510129,0.022400601,0.314567302,0.006080235,0.342211327,0.007590928,0.351667438,0.045623228,0.301321204,0.034507518,0.316704416,0.041503839,0.348607943,0.055779732,0.359122816,0.065005349
185,0.678184181,0.678705036,0.679008903,0.679137628,0.286528005,0.002145236,0.276165858,0.013098603,0.296424876,0.018342537,0.307792239,0.018376486,0.292013385,0.017052165,0.322901679,0.043066066,0.323028567,0.017423555,0.348193583,0.038943992,0.285071433,0.035397087,0.317124994,0.057792333,0.34462613,0.055539265,0.367106604,0.057892778
186,0.679196055,0.679714999,0.680028069,0.680133016,0.26192136,0.019576316,0.287298978,0.009369862,0.293702197,0.011370403,0.304615579,0.006722716,0.288622148,0.017619528,0.314377335,0.013978752,0.339775565,0.033389934,0.349779251,0.026753495,0.290954061,0.049291919,0.330947198,0.027781499,0.332687149,0.048819279,0.367356604,0.095031843
187,0.680187463,0.680654435,0.681030202,0.681121078,0.284866101,0.004765408,0.304525336,0.022241578,0.290359697,0.006953834,0.298492175,0.009846481,0.296288782,0.026765831,0.313570742,0.014639853,0.335360239,0.015619002,0.342281469,0.030816663,0.290569849,0.023189877,0.317250942,0.048465743,0.34366213,0.067459081,0.372916179,0.038733899
188,0.68114691,0.681672943,0.68198518,0.682137746,0.259881425,0.0177655,0.283619016,0.024685625,0.318717167,0.023427251,0.311769285,0.034094373,0.271059907,0.021078537,0.306123674,0.012587733,0.317851749,0.011531667,0.334068353,0.033853535,0.28760383,0.038537431,0.318813331,0.047251836,0.328167937,0.067990199,0.344532027,0.063304173
189,0.682110228,0.682664836,0.683025496,0.683133304,0.287312723,0.01367553,0.2879738,0.007860265,0.291388442,0.010551312,0.292182672,0.007544723,0.300358532,0.014998951,0.312066896,0.035926949,0.321517235,0.029582055,0.338814451,0.03077675,0.298960258,0.036891312,0.321093552,0.022342012,0.348552619,0.053236738,0.366024902,0.053994272
190,0.683130408,0.683681069,0.684006297,0.684119116,0.261119628,0.017253897,0.282662284,0.006047121,0.307141539,0.022949198,0.314758406,0.003096477,0.286228622,0.02937119,0.317516355,0.020620007,0.340119869,0.03425935,0.338676867,0.0258558,0.280904051,0.046016901,0.31378427,0.043659382,0.344706024,0.059382208,0.358973745,0.064189108
191,0.68403999,0.684629563,0.68498497,0.685165316,0.271866963,0.024870492,0.293093533,0.031949403,0.296594795,0.0048423,0.296437037,0.022111015,0.291990667,0.024477865,0.311954891,0.011772045,0.331072873,0.03173114,0.344746743,0.031813215,0.293379548,0.022467843,0.313651245,0.05162877,0.339385548,0.073878037,0.35768476,0.052909965
192,0.685084336,0.685550135,0.685976184,0.686106446,0.268194834,0.027785621,0.285831577,0.009823303,0.298056731,0.004497527,0.315138715,0.005882284,0.274378809,0.017510937,0.304908053,0.027058844,0.333496335,0.016650184,0.336513604,0.034000266,0.284108642,0.039770058,0.330991721,0.04600008,0.353740434,0.068443998,0.379676752,0.079232176
193,0.686036053,0.686592467,0.68696208,0.687121691,0.279845599,0.009531997,0.286058237,0.021097959,0.304240209,0.01196248,0.298099986,0.013689678,0.291461256,0.022960715,0.302905924,0.022064651,0.329232652,0.023596302,0.337369827,0.032279973,0.285819268,0.044199733,0.30986693,0.046809441,0.332739696,0.052589543,0.372380506,0.059434562
194,0.687012591,0.687600609,0.688021051,0.688117858,0.266350801,0.021348407,0.283943621,0.029639667,0.278070897,0.020656509,0.299824769,0.015081235,0.278095229,0.020749747,0.312808985,0.003526442,0.322476658,0.031504729,0.34180518,0.022276142,0.285805441,0.023170266,0.31270429,0.034793749,0.339465436,0.051771906,0.342469008,0.054081938
195,0.688016078,0.688550878,0.688969972,0.689103281,0.261747354,0.007025326,0.284991707,0.011893447,0.303542358,0.006603306,0.30436004,0.029253835,0.278099816,0.025446269,0.298312907,0.026781895,0.323379784,0.022059083,0.346289941,0.0381251,0.281225043,0.046205069,0.305843827,0.038674367,0.342916516,0.052001733,0.360504281,0.07660571
196,0.689034974,0.689573932,0.689923144,0.690088771,0.261836442,0.019760043,0.281115241,0.014272529,0.305842255,0.025658523,0.309776414,0.016476044,0.290282666,0.022476149,0.303902114,0.043957283,0.323147582,0.027394114,0.33055181,0.036768481,0.28525718,0.035237141,0.324326415,0.032914165,0.34417949,0.04224136,0.350237586,0.043735669
197,0.689989086,0.690562008,0.690908974,0.691051991,0.270899416,0.022307211,0.278961942,0.018922985,0.288208202,0.008113095,0.296686665,0.028794465,0.286802452,0.015542686,0.320501408,0.006355491,0.325783665,0.0058068,0.33839476,0.029843697,0.276129501,0.037912424,0.305970037,0.055263764,0.322957573,0.056036961,0.35031297,0.050299271
198,0.691012157,0.691542617,0.691913818,0.692078884,0.256124756,0.019219766,0.278148527,0.021086902,0.299437321,0.021429293,0.294930287,0.015705526,0.266222611,0.018014723,0.295717174,0.01328896,0.324794118,0.019265846,0.328611231,0.036467551,0.273219398,0.034820172,0.312908742,0.044677576,0.340700074,0.054141276,0.353627019,0.055023645
199,0.692018105,0.692542158,0.692903662,0.69305166,0.268853519,0.008732665,0.289990344,0.019590595,0.28669378,0.001860167,0.29734978,0.023171402,0.300109402,0.021113035,0.309588798,0.03619886,0.319168866,0.019285404,0.335159748,0.032981763,0.289851414,0.030797267,0.3145254,0.04876526,0.325710208,0.062164451,0.353947088,0.061682474
200,0.692943613,0.693535982,0.693951896,0.694039249,0.261120183,0.018409975,0.269077747,0.008888079,0.294652149,0.020075674,0.290481297,0.004106745,0.262466939,0.011808588,0.295776926,0.015058274,0.332310706,0.037890596,0.319055737,0.029220786,0.267389095,0.032499728,0.292801593,0.028449696,0.356027071,0.074533687,0.350345899,0.052989758
201,0.693928039,0.694544504,0.694896126,0.695035465,0.269783146,0.004570832,0.287625722,0.022703064,0.292437128,0.007534376,0.290871549,0.014419183,0.291338039,0.02933445,0.285939654,0.016407779,0.312556688,0.017856814,0.334735082,0.042389893,0.283167947,0.031587157,0.320114949,0.039030351,0.321895286,0.026193757,0.343359465,0.045471473
202,0.694947202,0.695538725,0.695903901,0.696069835,0.242888045,0.016299682,0.264676289,0.002809587,0.283520138,0.008888878,0.300997509,0.032940659,0.261662263,0.026351886,0.308582298,0.033880275,0.321450586,0.019464137,0.330489416,0.033923856,0.26895139,0.042294677,0.299005675,0.044856471,0.328285678,0.061290406,0.348448304,0.038824339
203,0.695910434,0.696528607,0.696912058,0.697055234,0.272673595,0.012958972,0.278797302,0.010819725,0.294925593,0.005037297,0.295264154,0.018358043,0.278846328,0.016395146,0.300512611,0.015469871,0.322240664,0.025709648,0.326024411,0.034057679,0.279893909,0.037736631,0.31101649,0.052444035,0.329261404,0.063271506,0.349687266,0.070217168
204,0.696954088,0.697560768,0.697940342,0.698067178,0.245826492,0.017817689,0.274482498,0.023682213,0.285151445,0.008991876,0.278636925,0.009490856,0.281700468,0.021532571,0.303302472,0.021136453,0.307377549,0.013148756,0.325513806,0.029122384,0.269345251,0.038739333,0.311397772,0.03916061,0.320642057,0.041894552,0.338555106,0.038928321
205,0.697928216,0.69849959,0.698906859,0.699012335,0.279039534,0.014743493,0.284976326,0.009095427,0.294404587,0.014142017,0.297334697,0.009257691,0.272173383,0.025437773,0.302650216,0.037699461,0.326654855,0.023871761,0.325253957,0.038309507,0.279884555,0.032848376,0.293587382,0.046336388,0.331070508,0.052564939,0.366789448,0.061548102
206,0.698911833,0.699474391,0.69997293,0.700096325,0.255741752,0.023690601,0.266598867,0.001810551,0.278029661,0.020969385,0.283203448,0.026762489,0.274756382,0.02567646,0.294599949,0.014908053,0.305972638,0.014252514,0.33229444,0.052544602,0.271238204,0.03808081,0.306380928,0.035202321,0.356248213,0.054162685,0.323871163,0.052336199
207,0.69984851,0.700456285,0.700904259,0.701068002,0.266858977,0.008059945,0.277399512,0.022456252,0.294363174,0.01241823,0.292507012,0.003860738,0.265405285,0.021986344,0.293397916,0.042759325,0.327423379,0.039479045,0.334337796,0.040696194,0.270384026,0.026086161,0.300748472,0.037879971,0.320485245,0.081783756,0.341712726,0.050645566
208,0.700902959,0.701490506,0.701937297,0.702062017,0.244387237,0.021853017,0.273012891,0.018031351,0.284603711,0.008400388,0.272160645,0.017419689,0.279317304,0.016238981,0.307334007,0.01794912,0.329059253,0.026796651,0.319158828,0.036097913,0.272471739,0.045391951,0.307094311,0.035376771,0.336512357,0.043052314,0.336210453,0.055684981
209,0.70179848,0.702487513,0.702898319,0.703057076,0.267199854,0.032896385,0.263236688,0.0050264,0.272362734,0.018306606,0.270050937,0.015866991,0.260204324,0.015895594,0.286811105,0.004604241,0.296380082,0.014033142,0.314705027,0.032352027,0.268036949,0.03127018,0.297888158,0.061287526,0.324325625,0.060482241,0.343828034,0.047651701
210,0.702824439,0.703483749,0.703936717,0.704079514,0.266142873,0.018722722,0.275794506,0.027238386,0.288365321,0.017653173,0.291354823,0.016477838,0.282160763,0.027526983,0.281834849,0.038606538,0.321134045,0.032769259,0.318977068,0.042945569,0.279596474,0.042771649,0.303648107,0.028714334,0.33664008,0.053796707,0.352827259,0.051053132
211,0.703807335,0.704441865,0.704870219,0.70506488,0.248379472,0.023502167,0.266375917,0.014309991,0.289821867,0.030435718,0.292256193,0.006344535,0.270320095,0.027930174,0.297309133,0.002206062,0.311922615,0.013529934,0.3236186,0.031249986,0.260592271,0.042099231,0.290291584,0.041686416,0.326673706,0.044262964,0.343457397,0.039105739
212,0.704775702,0.705429121,0.705851727,0.706086276,0.259508829,0.014160948,0.265203269,0.00609446,0.295294253,0.032616117,0.280354894,0.00960676,0.256752381,0.013090388,0.288979249,0.026480215,0.312624932,0.021382141,0.314660641,0.036998415,0.269633658,0.030682531,0.297967284,0.03182248,0.321091272,0.055113615,0.336757269,0.053189191
213,0.705763317,0.706452682,0.70688049,0.707068213,0.246808482,0.033741065,0.277889426,0.033691041,0.274637723,0.008189479,0.29026888,0.015653896,0.276680155,0.026996813,0.294819902,0.039083963,0.303185906,0.013446498,0.326000368,0.041376309,0.271295704,0.035214319,0.303852424,0.057022227,0.32794343,0.053522333,0.323555754,0.043197995
214,0.706768367,0.707445486,0.707869954,0.708043999,0.260060861,0.009509494,0.26617345,0.006840314,0.290521375,0.011189044,0.288322394,0.022883645,0.25871702,0.023853787,0.296755998,0.013897366,0.324705421,0.052380804,0.31193693,0.04022889,0.253946812,0.030705509,0.296020394,0.048441185,0.302072792,0.05685851,0.333074245,0.059868111
215,0.70771628,0.708453791,0.708852977,0.709064348,0.24312003,0.023746887,0.26038781,0.009452818,0.276753378,0.004547227,0.276813596,0.014595365,0.27167811,0.016675767,0.26631287,0.021237261,0.302004893,0.01636105,0.313008146,0.03530728,0.277163099,0.036909791,0.297418546,0.014312273,0.326030595,0.0430225,0.331823898,0.050276618
216,0.708731595,0.709451671,0.70985824,0.710062453,0.256657144,0.016471429,0.268984134,0.028196479,0.274993521,0.010319961,0.285269215,0.012906516,0.264974965,0.03293311,0.307178952,0.031087316,0.310675175,0.022835093,0.324253063,0.024812197,0.248192331,0.024604912,0.28833018,0.04869292,0.333277701,0.043638147,0.316263758,0.047594811
217,0.709682929,0.710422211,0.710858242,0.711019089,0.255221893,0.017020254,0.266623407,0.007142411,0.275854764,0.007994182,0.273571383,0.019746506,0.265573095,0.014087861,0.287181848,0.013489878,0.304883659,0.014708919,0.303619741,0.039277453,0.265951951,0.038903689,0.294651249,0.038147906,0.305063231,0.062158893,0.330373209,0.048555251
218,0.710694383,0.711403833,0.711874402,0.712084962,0.23486845,0.011342437,0.258956588,0.014781856,0.285048855,0.018706929,0.265262382,0.012473342,0.265189269,0.021977147,0.278032162,0.025187398,0.300720369,0.016690925,0.323581523,0.036738773,0.273114713,0.038230842,0.296729366,0.069174542,0.326439569,0.052725272,0.341225365,0.022450188
219,0.711656151,0.712376517,0.712849924,0.71303522,0.259878259,0.011870881,0.2708712,0.014313983,0.282680252,0.018486825,0.289069737,0.019555141,0.258380668,0.023625763,0.30020094,0.017324492,0.326196109,0.017555828,0.316521185,0.028442848,0.240564392,0.026667746,0.288521021,0.027945843,0.322471945,0.067625574,0.341239825,0.063063403
220,0.712695108,0.713401406,0.71383498,0.714058638,0.23051336,0.009232669,0.261146851,0.009551274,0.277130399,0.010131353,0.257529342,0.012261823,0.261459819,0.012520844,0.267965736,0.025856335,0.307664546,0.033558325,0.317626868,0.037643268,0.272843286,0.046107708,0.284903805,0.040134653,0.331537039,0.050028839,0.313384607,0.035125685
221,0.71366543,0.714377504,0.714861252,0.715034366,0.249051542,0.018256779,0.253186018,0.013879885,0.273321332,0.008419696,0.275128535,0.013669516,0.263806306,0.028536723,0.291230013,0.021197911,0.298452048,0.02561445,0.317502689,0.040454196,0.249443601,0.020279898,0.283501467,0.033980303,0.301070076,0.059758683,0.31752159,0.05446434
222,0.714674335,0.715338305,0.715893877,0.716036587,0.25451317,0.015852635,0.265559784,0.017096087,0.275511503,0.024289344,0.271466783,0.014979492,0.260078739,0.020858601,0.28134535,0.020941465,0.301157776,0.019167124,0.308365248,0.028579423,0.262587833,0.048115383,0.289790961,0.050594824,0.32805943,0.039673073,0.328232685,0.037559959
223,0.715619129,0.716401378,0.716820497,0.717042959,0.235772738,0.010357895,0.252812013,0.017014843,0.272344271,0.017906334,0.270825611,0.016459015,0.262591678,0.019317894,0.268807927,0.028105342,0.301721309,0.016307913,0.319320724,0.06467909,0.259631057,0.033735719,0.300531976,0.032504915,0.287178375,0.037162966,0.319511061,0.031970357
224,0.716636408,0.717350514,0.717830497,0.718026057,0.247827816,0.007953091,0.268357526,0.032028494,0.277493405,0.008622332,0.272394085,0.012746109,0.256433302,0.034938468,0.295478919,0.024565709,0.317501218,0.017291886,0.303355152,0.033112125,0.245801919,0.02637312,0.268505339,0.056552361,0.31814442,0.043776668,0.313579573,0.040396346
225,0.717635793,0.718358129,0.718853189,0.719020826,0.238457914,0.025797031,0.251977584,0.018028828,0.280767693,0.0120284,0.264344486,0.013573552,0.26606157,0.022056813,0.272757432,0.018224604,0.298482638,0.027705005,0.311760173,0.03087818,0.262792541,0.05245422,0.296243318,0.020979104,0.307749804,0.049127432,0.331169869,0.039264675
226,0.718564103,0.719296837,0.719850748,0.720071756,0.248299106,0.011036581,0.268990939,0.009597733,0.279723661,0.011587204,0.265902292,0.013718751,0.262029256,0.015815974,0.284192127,0.029628481,0.303451815,0.031147583,0.300060847,0.040682706,0.250412792,0.013313366,0.281274137,0.048562379,0.314664936,0.047090201,0.31723351,0.038844696
227,0.719555674,0.720325976,0.720802629,0.72107182,0.233785684,0.015339783,0.244267868,0.02179111,0.268189041,0.016350481,0.273112327,0.014915316,0.25966145,0.029402044,0.273084474,0.011585838,0.303355411,0.026133434,0.313325598,0.035957026,0.258081101,0.041366609,0.289463536,0.047306172,0.31038845,0.055212281,0.309902458,0.031439178
228,0.72053367,0.721290415,0.721861645,0.722070778,0.249256649,0.021257195,0.259983994,0.00482876,0.263516008,0.015523706,0.272092794,0.017812764,0.249689954,0.016389019,0.277351561,0.026885957,0.300686227,0.01762305,0.298138798,0.03706945,0.247358028,0.026205234,0.277698865,0.032086641,0.31104113,0.047421054,0.317427686,0.055374941
229,0.721505554,0.722303219,0.722799682,0.723090976,0.24041469,0.023314487,0.256488279,0.027248636,0.269853423,0.015397735,0.264746548,0.01737663,0.247675682,0.03149482,0.282149416,0.016425247,0.30298518,0.01671344,0.307395959,0.0374575,0.242465786,0.034211973,0.276790742,0.031737442,0.317653188,0.046952113,0.317493518,0.018851877
230,0.72250389,0.72328041,0.723805099,0.724025195,0.232821782,0.00969038,0.256138148,0.01994244,0.275387276,0.009218625,0.265290442,0.017735335,0.263498071,0.019304844,0.261360774,0.026289248,0.290450403,0.024288548,0.302511032,0.033363376,0.255873989,0.027531643,0.285271101,0.050908163,0.318097946,0.075290937,0.30540497,0.053325583
231,0.723451344,0.724251673,0.724797964,0.725053391,0.245284386,0.011769626,0.253142643,0.002086511,0.272983261,0.019991344,0.273111635,0.018837417,0.253273784,0.011504549,0.287373512,0.022882273,0.293881429,0.020153527,0.310793158,0.045990213,0.249291105,0.037475369,0.282200296,0.051699564,0.304691306,0.043330835,0.318307609,0.036491275
232,0.724433887,0.725231483,0.725842987,0.726031363,0.236021494,0.015954645,0.255994774,0.01879821,0.274182701,0.019580724,0.257350312,0.016201959,0.247045567,0.02874358,0.268747291,0.023859387,0.314395694,0.035750178,0.302762697,0.023946111,0.247645148,0.033666044,0.272599032,0.031192719,0.313894697,0.052578753,0.303921831,0.025260905
233,0.725461028,0.726276331,0.726862567,0.727044062,0.235192329,0.013862387,0.244396326,0.007602145,0.256882841,0.002216588,0.25715793,0.012257491,0.255748415,0.017754387,0.285628521,0.036633684,0.29695965,0.023110864,0.293902799,0.041198142,0.245902705,0.02823045,0.286198185,0.048586258,0.301524923,0.036553025,0.314396825,0.034062716
234,0.726445977,0.72724956,0.727781375,0.728016414,0.230512275,0.014207494,0.255680213,0.015741393,0.27668673,0.013624474,0.262556151,0.01384761,0.249747251,0.020922394,0.256061307,0.014389432,0.290270867,0.020104834,0.295779663,0.042307258,0.249683746,0.04586321,0.264088827,0.039582593,0.304819817,0.061984319,0.306427617,0.028505507
235,0.727418935,0.728153083,0.728789179,0.728995169,0.240997648,0.017101008,0.252899161,0.02740233,0.267112242,0.016769341,0.275424677,0.028874361,0.247168497,0.014259707,0.28062572,0.025181515,0.287236801,0.017406899,0.310574624,0.055445088,0.242319932,0.02058965,0.288869922,0.040106661,0.308000582,0.056904381,0.29863078,0.040460786
236,0.728345396,0.729206024,0.729792213,0.730041808,0.245738189,0.0118264,0.254667691,0.015375259,0.268357732,0.01764162,0.25741848,0.022381218,0.251072296,0.022499542,0.268994198,0.02136396,0.301254076,0.021559211,0.299949981,0.04243887,0.246531197,0.031318382,0.266872345,0.035953761,0.299566315,0.041466523,0.284629905,0.051603499
237,0.729346494,0.730177594,0.730747874,0.730968564,0.223915069,0.00772713,0.248134379,0.026235797,0.275432355,0.011007849,0.259531255,0.017157227,0.24856317,0.020672516,0.263181957,0.020375551,0.306494083,0.039914934,0.296272515,0.051351338,0.235730031,0.035634294,0.276802121,0.038581531,0.300111939,0.044834555,0.286539304,0.047793732
238,0.73036019,0.731209917,0.731744952,0.731986523,0.231963522,0.009843993,0.243406421,0.008783546,0.269038916,0.010933696,0.253299912,0.020417053,0.245887447,0.023184702,0.269055685,0.021872606,0.286108851,0.019360787,0.285178448,0.033629279,0.253722356,0.033307153,0.265210326,0.042722675,0.311223782,0.045115448,0.305774806,0.005338393
239,0.731357723,0.732137225,0.732726221,0.733000212,0.229924064,0.009158017,0.258168482,0.020029255,0.260626752,0.009315874,0.243971821,0.006751292,0.248357407,0.020184515,0.262194147,0.024788356,0.282658294,0.025499577,0.289360022,0.032348937,0.234427368,0.032863239,0.27721431,0.02957863,0.291102712,0.06327035,0.311751393,0.018230552
240,0.732335082,0.733136366,0.733747629,0.733985271,0.233361247,0.020913705,0.230167736,0.016538073,0.259388821,0.014777702,0.263561871,0.018058784,0.240976238,0.030256687,0.273951406,0.022461577,0.301865665,0.009472562,0.302853841,0.042668851,0.238654596,0.02608446,0.271364446,0.040545317,0.3060495,0.045008085,0.291740747,0.023419649
241,0.733330304,0.734127344,0.73471826,0.7350021,0.228012789,0.013832771,0.258939666,0.014250598,0.258138543,0.016494439,0.255645963,0.008100425,0.241854007,0.020152141,0.261974172,0.022253614,0.295254537,0.026440642,0.282537534,0.038654217,0.248272608,0.038035746,0.264342491,0.028969624,0.304643923,0.042972411,0.289020443,0.035230626
242,0.7342972,0.735126184,0.735706912,0.736003036,0.236036225,0.00700585,0.241254498,0.008684751,0.284859593,0.016428579,0.252596031,0.022260118,0.256502157,0.026573454,0.278062291,0.029758961,0.299110515,0.028534557,0.295160734,0.04414848,0.237743996,0.023510085,0.280347481,0.049268314,0.294405352,0.050556863,0.290916956,0.03750306
243,0.735271872,0.736132734,0.736728244,0.736947839,0.222267741,0.017028361,0.242114627,0.011902742,0.254211412,0.00444631,0.247212316,0.013703787,0.234549729,0.014114134,0.24733295,0.020418964,0.276361346,0.022616623,0.289916231,0.040001153,0.244273553,0.041625505,0.270105179,0.035731792,0.290327714,0.051799285,0.297202148,0.021541466
244,0.73624508,0.737156126,0.737757001,0.737993281,0.225201433,0.013497551,0.24122868,0.025926694,0.251173708,0.010104472,0.257574697,0.02968265,0.241809638,0.021011094,0.275803553,0.029010327,0.29577145,0.027972028,0.29309582,0.036423997,0.242843104,0.031694002,0.265291385,0.034867305,0.306908068,0.044245755,0.293698829,0.023685616
245,0.737245279,0.738124087,0.73876777,0.738995262,0.234879414,0.016843702,0.23658528,0.01594594,0.250958256,0.002990816,0.234099332,0.008567226,0.242939184,0.022576059,0.255801005,0.018788005,0.28766026,0.015538566,0.276119476,0.038799621,0.219550466,0.038434346,0.260526064,0.045142862,0.289232717,0.040018342,0.292849686,0.02400215
246,0.738203372,0.739137889,0.73971431,0.739958534,0.220139588,0.017297726,0.254571434,0.023924374,0.266545348,0.024020166,0.256038518,0.02860923,0.244609784,0.021069861,0.263696034,0.025902576,0.296866409,0.022114629,0.289593561,0.042716211,0.239669064,0.035741994,0.26711619,0.032306121,0.286126185,0.047293215,0.288247229,0.034193876
247,0.739212325,0.740105459,0.740685237,0.740999703,0.23155142,0.019256006,0.23836144,0.015960265,0.273105122,0.012165742,0.248558261,0.020143558,0.239068469,0.014199175,0.255942922,0.024968846,0.291802784,0.037183991,0.279184235,0.04649658,0.227447683,0.032460678,0.263698434,0.038282518,0.307953831,0.047237982,0.276003965,0.006169631
248,0.740221644,0.741128761,0.741671426,0.741996379,0.224343579,0.013230447,0.246405852,0.007623198,0.261958748,0.007700793,0.244770714,0.016250038,0.238460367,0.024141141,0.2585054,0.029398451,0.276855068,0.01065371,0.270254536,0.033279941,0.229342139,0.038927462,0.265679404,0.041071079,0.293023257,0.06851825,0.288174443,0.022917486
249,0.741195855,0.742074263,0.742729654,0.742993075,0.220552992,0.00854725,0.227968994,0.016216188,0.248456388,0.010062077,0.250987139,0.042969003,0.231668807,0.022297228,0.255786273,0.014736622,0.295135095,0.019718733,0.303922556,0.056028089,0.237539783,0.029783745,0.269237201,0.042373136,0.293402756,0.044449314,0.277822973,0.025768092
250,0.742155874,0.743066427,0.743687184,0.744009848,0.222329319,0.008197841,0.240022535,0.014283253,0.254561817,0.009370918,0.236656958,0.012214982,0.247497582,0.019087837,0.26085572,0.027298706,0.280552112,0.015770411,0.27269175,0.027200338,0.237483789,0.031619612,0.254940411,0.044541631,0.290187914,0.045315455,0.274118753,0.015527701
251,0.743156445,0.744084121,0.74471993,0.744939728,0.226188487,0.020744164,0.239609309,0.016893776,0.244213302,0.006774532,0.246344234,0.014387561,0.236746571,0.020757266,0.251917294,0.025126879,0.29113541,0.021120394,0.285160082,0.05116143,0.226767156,0.024404034,0.263512846,0.035324973,0.28631396,0.045384006,0.272679594,0.011126525
252,0.744079713,0.745033641,0.745698432,0.745986201,0.227611338,0.004905248,0.24230562,0.0195043,0.274461406,0.019284071,0.234660184,0.016356319,0.232518944,0.025550941,0.264032011,0.032475518,0.290802045,0.024808364,0.266221334,0.038593542,0.226756401,0.033285386,0.264213504,0.043027522,0.298223916,0.04205062,0.282546459,0.01080918
253,0.745079207,0.745986524,0.746721802,0.746947834,0.221332849,0.017825892,0.239876485,0.005219903,0.255988319,0.010927026,0.236849378,0.011999501,0.231952413,0.013040181,0.248567273,0.022319212,0.292478016,0.016392863,0.292997914,0.036988959,0.232975635,0.023767701,0.259521253,0.043964605,0.284564728,0.061004006,0.265509759,0.015811836
254,0.746137969,0.74699502,0.747692885,0.747988946,0.215750397,0.018095916,0.225596394,0.018216019,0.249291655,0.006280127,0.245328863,0.01945666,0.23561948,0.010571386,0.261931894,0.021708743,0.277022125,0.026996981,0.272412082,0.044182002,0.227491712,0.03472643,0.24759492,0.028649518,0.29550463,0.031620367,0.27149708,0.002677894
255,0.747018245,0.748021182,0.748661872,0.749009902,0.227789008,0.017266807,0.239443306,0.011040962,0.253339322,0.012099885,0.234220749,0.021820705,0.235959269,0.033110143,0.247632204,0.016260998,0.277533224,0.035312468,0.274628268,0.055885744,0.225084222,0.032712538,0.261093835,0.056134794,0.289232935,0.052522968,0.262692431,0.014191777
256,0.748021024,0.748978023,0.74968358,0.749970525,0.214272117,0.012990626,0.228728269,0.005760259,0.249621153,0.016904427,0.234094319,0.005526924,0.225186648,0.009890962,0.256925636,0.034327508,0.297000525,0.009164223,0.266833468,0.04591047,0.237738471,0.029785001,0.259968659,0.024902694,0.287065179,0.048032936,0.256999897,0.006343676
257,0.7490562,0.749979014,0.750687896,0.75095331,0.215855285,0.018664993,0.241739543,0.010701173,0.265721489,0.008366333,0.231326124,0.017085621,0.236335972,0.023291974,0.249001062,0.014972163,0.282487949,0.010254289,0.275786822,0.034844713,0.216046102,0.025549131,0.248317338,0.04648652,0.281423398,0.051644549,0.281683614,0.024646198
258,0.750017204,0.750951869,0.751687543,0.751956285,0.219844734,0.022355026,0.224944899,0.016551409,0.244690861,0.010284819,0.231378557,0.020876848,0.230097553,0.018495288,0.25251262,0.023760262,0.277929854,0.026489294,0.272566645,0.04879649,0.229238475,0.040230075,0.268908617,0.033671662,0.279840588,0.03257017,0.261239754,0.016386264
259,0.751023218,0.751925509,0.752688114,0.752903029,0.212147602,0.008034676,0.235248401,0.021531722,0.250230436,0.006133399,0.235244755,0.014736055,0.228078204,0.025356483,0.248728037,0.020216769,0.274529369,0.024704591,0.278502781,0.056043333,0.218765842,0.016030935,0.242711531,0.031112065,0.284135122,0.044613837,0.248794842,0.010797291
260,0.75202347,0.752953032,0.753705645,0.753963922,0.21552236,0.012569583,0.223815684,0.015667897,0.24573737,0.016672329,0.230976968,0.018052533,0.22733785,0.01312071,0.24441785,0.026720062,0.301037892,0.01323229,0.269849205,0.040848165,0.225242161,0.0508519,0.251627077,0.039049475,0.283449969,0.0348939,0.250352021,0.010684533
261,0.752966531,0.753939014,0.754642262,0.75496026,0.216815095,0.01809959,0.229427699,0.026799903,0.260243661,0.015896953,0.231077488,0.020219977,0.236165861,0.028172829,0.25231503,0.01632589,0.26928065,0.022004131,0.260177376,0.041487486,0.216584413,0.024353967,0.251326475,0.039652319,0.281749001,0.048093192,0.260188719,0.024435801
262,0.75394031,0.754926138,0.7555895,0.755981226,0.216475577,0.011922381,0.236233291,0.012287991,0.258833395,0.008420674,0.227967555,0.033801721,0.224646876,0.021783272,0.239703225,0.025050665,0.273342216,0.012502529,0.266437444,0.046143159,0.231802345,0.03193522,0.261014768,0.042435937,0.281765638,0.053097179,0.252235796,0.010525163
263,0.754890477,0.755949769,0.756662121,0.756916312,0.213600179,0.009038458,0.221567701,0.01599806,0.234388062,0.008256305,0.234079117,0.018346112,0.226059341,0.012568545,0.263249319,0.030034452,0.283435125,0.019348947,0.260770499,0.031128834,0.218290924,0.007474769,0.244682146,0.029545645,0.276861829,0.051295419,0.249646595,0.02677785
264,0.755954879,0.756895952,0.757623359,0.757962743,0.212639106,0.019013912,0.236254047,0.003856326,0.238793193,0.015565027,0.22309333,0.023183123,0.231410397,0.017969068,0.231514882,0.026185036,0.286025118,0.019711123,0.270887935,0.057396408,0.224720479,0.047967342,0.249155804,0.038231155,0.284779816,0.034152829,0.246798723,0.011861995
265,0.756880503,0.757892183,0.758653392,0.758952916,0.216112494,0.018155865,0.232374079,0.018713175,0.247818657,0.011586242,0.216533139,0.011686882,0.224021584,0.029251976,0.253310936,0.017007881,0.271674121,0.020275218,0.26269483,0.048530421,0.218295021,0.026541961,0.250471634,0.037145577,0.281678649,0.040019934,0.236368608,0.028665156
266,0.757838406,0.758874548,0.759619759,0.759974892,0.213617908,0.013602458,0.229000475,0.013558582,0.261495599,0.017226874,0.220599683,0.016117142,0.225782189,0.019035676,0.234123112,0.025234108,0.28151984,0.021876942,0.247119583,0.042415879,0.221805421,0.027745266,0.248369197,0.030624352,0.26367551,0.040643781,0.249024187,0.020303709
267,0.758836847,0.759859705,0.760625665,0.760986241,0.216017627,0.014629603,0.228499259,0.018718271,0.249785102,0.011002596,0.219457913,0.011682785,0.223354706,0.01117058,0.248176772,0.03270734,0.282120726,0.01442505,0.264273899,0.045556196,0.210947494,0.031121424,0.247330884,0.04766246,0.284376271,0.034902209,0.232866245,0.032818961
268,0.759823133,0.760896626,0.76161852,0.761992358,0.208215861,0.009320083,0.220251995,0.002287695,0.232285815,0.010734191,0.221943915,0.008590804,0.219821941,0.012724299,0.248825889,0.017454734,0.274397205,0.026506269,0.273439304,0.053967478,0.203468077,0.031655013,0.23870471,0.028509024,0.271635337,0.042770991,0.249803846,0.044496696
269,0.760829199,0.761829126,0.76263997,0.762971948,0.208373551,0.012360339,0.233520197,0.029997801,0.23816849,0.010999267,0.222684128,0.033378736,0.228654793,0.02676183,0.244288986,0.02072353,0.268360656,0.016608978,0.253587989,0.051604504,0.224022909,0.030616113,0.250630791,0.035371789,0.277127661,0.056996706,0.22451668,0.020072848
270,0.761769064,0.762826412,0.763562749,0.763926119,0.213386803,0.011954394,0.222096383,0.002964534,0.264549365,0.014059418,0.211844121,0.014032344,0.218833005,0.017410725,0.236897174,0.022622565,0.272098259,0.013504065,0.248142155,0.043004909,0.207982329,0.037051967,0.242266677,0.04873485,0.272640629,0.033106606,0.243265266,0.042507387
271,0.762739357,0.763808296,0.76460433,0.764952314,0.209917554,0.016502639,0.223540908,0.00416554,0.238326711,0.004438367,0.212517643,0.01420866,0.219525244,0.026074464,0.236609897,0.012034036,0.282484023,0.027358635,0.260349938,0.041624243,0.208588585,0.030839932,0.243258955,0.013973933,0.266593579,0.038209682,0.228514009,0.023956297
272,0.763677216,0.764804712,0.765570653,0.76594246,0.214184475,0.020999365,0.21696249,0.015661853,0.240643426,0.008381994,0.20971994,0.013529083,0.226061937,0.010342005,0.241087812,0.021766779,0.253672284,0.028413092,0.254959176,0.048654043,0.219701848,0.023530333,0.23857184,0.038147585,0.271618553,0.051710706,0.227737909,0.040453719
273,0.764695598,0.765796115,0.766595115,0.766936526,0.199355818,0.009100828,0.226610199,0.01614243,0.230069169,0.009466337,0.226075994,0.021040896,0.222088133,0.016324367,0.234413254,0.02464847,0.27904801,0.016109381,0.246921346,0.046823722,0.206874211,0.024883625,0.255347357,0.049110084,0.276646077,0.02440184,0.227971019,0.037278765
274,0.765703317,0.766792136,0.767622722,0.767955068,0.205488167,0.012603372,0.227676641,0.023622496,0.243880223,0.018454088,0.215318647,0.031112744,0.21717771,0.01783636,0.247507379,0.012347443,0.269365402,0.029337589,0.247344141,0.042993525,0.210958913,0.030593536,0.228418018,0.030961952,0.275721899,0.047820673,0.232378363,0.038556954
275,0.766728295,0.767716452,0.768562447,0.768922986,0.202099336,0.014896984,0.230391849,0.005752125,0.257267469,0.014332904,0.214795842,0.023022941,0.212371419,0.013798803,0.232553716,0.032347539,0.26382118,0.036615073,0.241674355,0.044614909,0.205824929,0.023505559,0.254442482,0.038492778,0.262954729,0.049151773,0.213985747,0.036307023
276,0.767682944,0.768755244,0.769538035,0.769934431,0.210118915,0.012945071,0.216547963,0.021391328,0.238683333,0.010971742,0.20955852,0.023608327,0.220033506,0.018891467,0.2396617,0.014096199,0.269874667,0.021060282,0.243792839,0.039521851,0.218066173,0.025990806,0.222266076,0.031369623,0.268999561,0.037980961,0.220158875,0.029001832
277,0.768662685,0.769747101,0.77054113,0.770907602,0.205857823,0.011413182,0.211492252,0.001006719,0.234887022,0.008466333,0.197045474,0.00864656,0.214893299,0.014857966,0.227470381,0.031928081,0.264089463,0.021560609,0.259783252,0.055369487,0.199975216,0.025421548,0.239320356,0.029901824,0.262452088,0.040514396,0.207884591,0.039877936
278,0.769616594,0.770700013,0.771576027,0.771914728,0.199608444,0.015669439,0.231826787,0.014562201,0.23577246,0.017095274,0.207430701,0.023583569,0.221580745,0.025436463,0.242979563,0.008199297,0.253008856,0.02518485,0.239184556,0.045984092,0.210582626,0.03260232,0.241640165,0.040642865,0.269670542,0.017952352,0.232419495,0.065659302
279,0.770627908,0.771736894,0.772493512,0.772934562,0.202246047,0.009851206,0.207031152,0.003324195,0.253735505,0.022242398,0.192862533,0.009493462,0.219493604,0.022107569,0.239145513,0.026549681,0.278823557,0.037638215,0.246728115,0.057221543,0.213455544,0.026944273,0.232794468,0.031940919,0.249010361,0.042771006,0.205035632,0.038464652
280,0.771599984,0.772718413,0.773530218,0.773899263,0.205126303,0.007349361,0.223656964,0.017628344,0.227671813,0.006353281,0.202615871,0.007940913,0.206487323,0.025420787,0.237441176,0.017381011,0.249265071,0.029755311,0.251991427,0.048066541,0.201714441,0.025377193,0.241355804,0.03736254,0.257384079,0.036405451,0.21051912,0.046954903
281,0.772567629,0.77364917,0.774474932,0.77493292,0.199371147,0.019530904,0.220912468,0.006937214,0.232846807,0.014663873,0.198195962,0.017104808,0.214425227,0.007994034,0.227806755,0.023067086,0.253400671,0.045684958,0.233527668,0.050491218,0.206636702,0.030297277,0.232124003,0.030754498,0.277498106,0.060374956,0.202670628,0.049361066
282,0.773527156,0.774714311,0.775544287,0.775915654,0.201371267,0.011330645,0.207656622,0.014634118,0.233728231,0.019553094,0.200111094,0.017030249,0.215782909,0.017842244,0.230421863,0.016771894,0.261806144,0.021539806,0.227675288,0.045132146,0.207672737,0.032465814,0.229475849,0.031121439,0.262148619,0.022553686,0.208134579,0.050461712
283,0.77449785,0.775662019,0.776535859,0.776933442,0.197682377,0.012591095,0.218535285,0.012660362,0.244727691,0.011687038,0.191711547,0.015647362,0.21619112,0.018379028,0.232435613,0.030423388,0.269920817,0.011077991,0.238343636,0.049252442,0.194312681,0.015020925,0.234423584,0.047814935,0.261114281,0.046994316,0.212725284,0.064552393
284,0.775471143,0.776602028,0.777513193,0.777880163,0.201716042,0.018098323,0.213063481,0.016601613,0.229688759,0.005890607,0.204469526,0.021498828,0.216643039,0.014731728,0.224873104,0.015187125,0.254652098,0.027671344,0.229242567,0.053946778,0.216485588,0.04033592,0.231773009,0.032504845,0.258590229,0.025304255,0.190337257,0.050850022
285,0.776491123,0.777600837,0.778540462,0.778947667,0.202804656,0.022280064,0.216081072,0.009080895,0.229514524,0.020002006,0.188441676,0.015958925,0.203081244,0.027029402,0.227088101,0.03389174,0.261613887,0.041432976,0.233308248,0.036969672,0.196382498,0.031265226,0.237683006,0.033721279,0.267109719,0.035194241,0.195423187,0.050471787
286,0.77746483,0.778630304,0.7795112,0.779876091,0.19759497,0.010522889,0.210912922,0.009928368,0.238757835,0.014730373,0.201954364,0.024724932,0.215837509,0.014129575,0.225565993,0.010138007,0.264251007,0.002302949,0.237270566,0.056578763,0.192782708,0.022900779,0.226199865,0.040001651,0.249671953,0.03988811,0.203636042,0.070116427
287,0.778394494,0.779586762,0.780486651,0.780926564,0.193253114,0.015178177,0.215730874,0.012149065,0.238696886,0.01416187,0.196303962,0.024729785,0.214025334,0.022552511,0.228439196,0.025384789,0.263535604,0.027054341,0.234488593,0.049983979,0.216708213,0.045106285,0.232492058,0.024341441,0.272447622,0.04383613,0.186355072,0.057015694
288,0.779395761,0.7806033,0.781489384,0.781911699,0.203814999,0.01326374,0.205082658,0.007310609,0.223070498,0.010836487,0.189435152,0.021026265,0.196283763,0.017319728,0.234694088,0.024076513,0.268531249,0.034165803,0.227484971,0.056642901,0.202826933,0.038227892,0.229573902,0.050349978,0.250031078,0.020455154,0.194790332,0.059007549
289,0.780373373,0.78158395,0.782440144,0.782877535,0.194762081,0.012432804,0.22052494,0.016912544,0.231733789,0.01116179,0.181229888,0.011037858,0.213099054,0.020568151,0.220943249,0.019432351,0.240967714,0.013382556,0.23057719,0.041561861,0.194022334,0.026255917,0.228299952,0.020246235,0.255542031,0.042932668,0.183567059,0.064647506
290,0.781335521,0.782560153,0.783483698,0.783875141,0.199360597,0.008870927,0.199211818,0.009275466,0.224325025,0.015172201,0.188134774,0.017440375,0.203617441,0.011685797,0.225598743,0.015908395,0.229133933,0.057846808,0.219830761,0.048209844,0.200121477,0.030671997,0.232395724,0.036084787,0.248260632,0.024726467,0.202501804,0.044275971
291,0.782312097,0.783554729,0.784428244,0.78494493,0.193121733,0.018893361,0.21823779,0.013834984,0.244039351,0.018522828,0.175535923,0.015214855,0.210955901,0.013643464,0.220109692,0.022201423,0.244718347,0.054473745,0.225846637,0.068042302,0.196768638,0.021585215,0.217034293,0.042575822,0.257195216,0.039197551,0.177304948,0.076088186
292,0.783333233,0.78455897,0.785418162,0.785910768,0.18766566,0.00551837,0.202646741,0.006197862,0.22284554,0.009528627,0.186979241,0.026781991,0.210981843,0.015019886,0.225100045,0.022584579,0.235813818,0.052331079,0.216064186,0.048893948,0.193817232,0.022765392,0.223410963,0.026525362,0.256908066,0.040329153,0.173494536,0.068376694
293,0.784303273,0.785507479,0.786418591,0.786863864,0.19516144,0.005290164,0.212794066,0.019236874,0.227886073,0.021643728,0.17884687,0.001792801,0.202196213,0.027498009,0.220478167,0.012918894,0.225712232,0.047393594,0.213721051,0.041793036,0.201195559,0.028792313,0.228775972,0.03307751,0.256674755,0.017421563,0.189849282,0.083488957
294,0.78531354,0.786513405,0.7874693,0.787910331,0.199787771,0.018006578,0.20714227,0.010058873,0.229025454,0.007802028,0.182165668,0.021317658,0.205871989,0.008631411,0.236100495,0.034109103,0.239302,0.058207708,0.22955123,0.052915547,0.18802283,0.030078051,0.223185308,0.020325234,0.242409448,0.03137936,0.173037295,0.075056576
295,0.786264017,0.787495469,0.788416112,0.788881453,0.190466753,0.012287311,0.207684384,0.016123908,0.228994596,0.011747304,0.177636793,0.021798794,0.200845179,0.020102652,0.218098392,0.01069046,0.233973169,0.043560478,0.212452677,0.052990779,0.190952434,0.025919239,0.221000507,0.051810858,0.253338421,0.030920702,0.164265814,0.069270444
296,0.787230831,0.788455431,0.789435387,0.789881217,0.194158813,0.014499173,0.20932499,0.003181083,0.225589521,0.013424442,0.179352221,0.027215402,0.20491141,0.005131593,0.21766792,0.02445512,0.240491359,0.037572551,0.214300965,0.050477775,0.189806531,0.017269852,0.222210148,0.02610539,0.23155832,0.030138216,0.165529853,0.07047587
297,0.788220631,0.78945132,0.790409143,0.790895955,0.187517903,0.01599138,0.199058295,0.013657276,0.223672312,0.019477299,0.162198876,0.00336155,0.203033686,0.03104812,0.218747798,0.015478983,0.23255107,0.045469349,0.214684605,0.053326348,0.194665065,0.026231609,0.221933423,0.029899914,0.257347325,0.019537353,0.183067734,0.09121088
298,0.7891709,0.790452579,0.791433122,0.791885095,0.195610036,0.013042438,0.217163635,0.008630586,0.229869121,0.008991703,0.188107295,0.040898187,0.199294005,0.011140408,0.220999788,0.014806764,0.244606097,0.039989805,0.210939041,0.032807381,0.190698406,0.026911862,0.223808607,0.028889599,0.247553021,0.03552725,0.160851085,0.0732661
299,0.790150542,0.791416091,0.792413797,0.792889165,0.189246843,0.009445819,0.198829221,0.014371561,0.221614288,0.011942956,0.156411023,0.001235656,0.200863042,0.01671368,0.222007948,0.032782866,0.234845941,0.029401339,0.206425016,0.064427134,0.187132472,0.025041789,0.214705685,0.031791541,0.242908837,0.033391075,0.158009029,0.06784904
300,0.791112018,0.792461003,0.793370499,0.793897719,0.197013723,0.012834335,0.198875928,0.004376337,0.225733873,0.016865148,0.171533692,0.019643611,0.207777021,0.030267418,0.220748344,0.014689369,0.238752708,0.040727578,0.20447201,0.051314202,0.1900431,0.019154179,0.228144445,0.031378379,0.239827434,0.030899618,0.16585216,0.08101071
301,0.792066253,0.793419853,0.794433023,0.794897938,0.190962304,0.016399556,0.200577701,0.012792661,0.212851299,0.010372594,0.167895612,0.010550601,0.192745625,0.009182378,0.20791456,0.021270608,0.238428604,0.046430419,0.202448392,0.043147132,0.183402149,0.034772987,0.207896987,0.033484965,0.232875564,0.017176684,0.163953423,0.08302533
302,0.793107077,0.794385951,0.795439305,0.795875693,0.180248801,0.008637053,0.206958323,0.007183591,0.227955766,0.014499734,0.170294498,0.023454664,0.207956865,0.025078931,0.216317994,0.024654605,0.240812863,0.0301583,0.209456021,0.058854053,0.189311718,0.025142261,0.224501936,0.044598548,0.248219888,0.039376334,0.162562691,0.083943903
303,0.794014358,0.79540617,0.796382155,0.796902037,0.190498107,0.016848018,0.198672025,0.009829736,0.219519732,0.008255503,0.159491004,0.017017305,0.192450589,0.023469815,0.214902037,0.010984886,0.232907795,0.036530445,0.208522509,0.04291906,0.184243583,0.020005543,0.211888582,0.019426695,0.245591421,0.032939016,0.149836869,0.073539074
304,0.794962712,0.796355766,0.797403294,0.797845679,0.191118251,0.018653317,0.199770763,0.016636246,0.217188659,0.018237328,0.15740051,0.006488573,0.203006223,0.017954124,0.211111982,0.0325532,0.231576992,0.03212693,0.198022057,0.053023265,0.190182586,0.025589032,0.221025403,0.047839244,0.23660609,0.018195692,0.158361953,0.08005061
305,0.795946751,0.797340136,0.798368128,0.798916659,0.184378424,0.003115487,0.205065037,0.004097778,0.233677088,0.007437135,0.149380262,0.014072584,0.198847789,0.015375286,0.221619711,0.030136465,0.238123582,0.034390272,0.198348863,0.055439021,0.186079662,0.037337298,0.203515616,0.021160568,0.240962852,0.021466231,0.153393405,0.084108697
306,0.797016228,0.798309237,0.799397869,0.799900602,0.183541753,0.022214063,0.199508453,0.02547941,0.209444691,0.009388315,0.157769253,0.015029624,0.190904345,0.013285163,0.214222442,0.01209894,0.241343379,0.028381464,0.192304636,0.038131178,0.182533674,0.018048495,0.231253671,0.042437463,0.231225612,0.029425075,0.161738032,0.082946168
307,0.797924853,0.799285559,0.800397697,0.80090161,0.188771796,0.014346351,0.210398087,0.006591436,0.216301701,0.024552953,0.160290717,0.013909689,0.19266173,0.017119245,0.200690895,0.017053343,0.221918531,0.025668142,0.200255308,0.051172807,0.181207836,0.022445919,0.204079312,0.021653296,0.242142829,0.018561647,0.151109747,0.085752253
308,0.798924992,0.800277561,0.801344574,0.801857024,0.178305974,0.012785691,0.187704609,0.009244869,0.21959991,0.004804513,0.16053618,0.028085981,0.202890587,0.018921543,0.219436057,0.025296477,0.244974424,0.045854881,0.189363419,0.048015218,0.183229261,0.037550952,0.220841228,0.031581282,0.23577901,0.032004864,0.149169539,0.079603988
309,0.799897481,0.801271008,0.802338148,0.802861149,0.185893095,0.014256954,0.199464093,0.006385549,0.224660269,0.009600713,0.157006848,0.024536983,0.189871492,0.014850993,0.210191507,0.018079712,0.232127114,0.027208571,0.190074437,0.04652002,0.178863173,0.016946095,0.209036401,0.033514055,0.228533402,0.016680686,0.15115338,0.086703579
310,0.800863079,0.802245402,0.803299443,0.803874876,0.180324529,0.009527439,0.199616327,0.011877911,0.219158724,0.02657085,0.151636761,0.018126449,0.199182186,0.02021807,0.205673685,0.020456423,0.22939212,0.03574095,0.199186633,0.072703063,0.174832256,0.01670281,0.210028191,0.035594988,0.235581081,0.026385215,0.143131662,0.079318822
311,0.801847221,0.803226997,0.804304547,0.804818572,0.19266281,0.018145976,0.18842087,0.006600811,0.208736321,0.004746298,0.147357078,0.00859602,0.192324538,0.017851063,0.209346847,0.017328453,0.24193097,0.034531188,0.181045887,0.037352529,0.181433687,0.029931247,0.215979473,0.019466818,0.227995284,0.020619229,0.156574763,0.09212527
312,0.802837571,0.804221925,0.805296068,0.805810028,0.179431665,0.00417535,0.203815715,0.014204625,0.2223596,0.003188378,0.14880607,0.024926334,0.193072794,0.014490013,0.213839276,0.020119113,0.229929531,0.022862334,0.183722955,0.05284816,0.181845883,0.027687004,0.216464789,0.031464029,0.246526404,0.029019263,0.139978343,0.077411889
313,0.803846367,0.80520241,0.806312253,0.806804742,0.177271693,0.010706998,0.192928951,0.011552479,0.211146421,0.022439782,0.148285159,0.021101739,0.189260853,0.012211107,0.203472171,0.024436069,0.22180422,0.044455601,0.187386306,0.035794725,0.180381686,0.020443611,0.194672051,0.034706375,0.221568534,0.020579148,0.145672878,0.08880788
314,0.804822045,0.806196964,0.807282247,0.807808972,0.181238456,0.014601598,0.195992694,0.001565048,0.213350861,0.011249835,0.147741861,0.020780177,0.194164807,0.018242416,0.20705781,0.017115864,0.245061245,0.016980588,0.181560858,0.055135368,0.176354189,0.028365892,0.212667028,0.030822553,0.229022863,0.013731856,0.130861573,0.068702069
315,0.805766676,0.807173339,0.808280419,0.808831471,0.180629853,0.01905364,0.191783275,0.015622097,0.208778554,0.004244421,0.132113576,0.001358988,0.189025546,0.013883864,0.211282577,0.019737374,0.221531208,0.035781513,0.172779989,0.050050472,0.17561145,0.014909554,0.20750432,0.027846676,0.216024187,0.030448052,0.141472272,0.087086595
316,0.806696038,0.808168436,0.809254669,0.809840194,0.186546878,0.006783182,0.19067204,0.003995509,0.220735957,0.018566326,0.14092136,0.012541038,0.186692872,0.015885554,0.206044169,0.021243497,0.230262906,0.03705963,0.186464179,0.037436893,0.181133327,0.023886671,0.201564763,0.022345334,0.233472623,0.004363478,0.144250187,0.090189658
317,0.807746785,0.809148189,0.810265951,0.810850795,0.175467357,0.009576032,0.196722842,0.008034222,0.209773312,0.017896686,0.137222813,0.010500384,0.185123029,0.015644751,0.206787371,0.011108822,0.229089356,0.006209113,0.17845311,0.062490156,0.166496024,0.023538085,0.20746004,0.036663907,0.220670075,0.02870324,0.131982041,0.075169556
318,0.808685988,0.810086151,0.811239966,0.811821152,0.178456822,0.014558888,0.19736127,0.014015705,0.201764796,0.005297345,0.135388222,0.014844885,0.191795013,0.012206032,0.200063584,0.019496195,0.230678701,0.050251704,0.173348072,0.05339407,0.18975734,0.032767867,0.209451096,0.024348803,0.230607592,0.017853163,0.129369854,0.079899299
319,0.809700797,0.811128866,0.812207482,0.81279154,0.176736543,0.015824288,0.188843213,0.008097008,0.227515718,0.007189338,0.13966464,0.022190191,0.183638386,0.021678728,0.207504634,0.025579857,0.225120784,0.023883168,0.163135242,0.040250988,0.168576539,0.021193194,0.201564512,0.035059403,0.221927157,0.009474819,0.130796592,0.074810298
320,0.810610294,0.812090823,0.813227075,0.813819185,0.182326471,0.013280539,0.190757792,0.01681007,0.200023591,0.005207466,0.127145779,0.007577634,0.193016699,0.012542634,0.20318016,0.01091866,0.226012807,0.025942564,0.170795512,0.048433455,0.170671048,0.01358814,0.199987368,0.02418195,0.211403314,0.016200751,0.145240381,0.094254424
321,0.811572311,0.813023029,0.814224155,0.814787516,0.179912034,0.011500937,0.199383673,0.006164178,0.203980072,0.013711789,0.138573982,0.015455924,0.187889479,0.01584696,0.196236582,0.035271353,0.225229904,0.037738945,0.163900652,0.047248795,0.178249242,0.030044766,0.206302796,0.032339407,0.219654333,0.008763597,0.124491413,0.077958124
322,0.812567618,0.814077094,0.815223725,0.815873471,0.174945196,0.012257718,0.182840026,0.012153205,0.219684432,0.003797452,0.137933185,0.03439843,0.185308824,0.016839549,0.206385319,0.015645775,0.224162594,0.021402129,0.172855647,0.038728308,0.167975681,0.026801534,0.207617917,0.029143808,0.227086431,0.036961226,0.123317076,0.078435803
323,0.813564453,0.81504055,0.816209004,0.81681419,0.169989543,0.006703177,0.186133466,0.01310214,0.200322758,0.012175832,0.133947884,0.016869765,0.186438306,0.014452898,0.202411651,0.019717549,0.227781671,0.03272315,0.156887532,0.044855537,0.164577506,0.017018253,0.203042417,0.040768531,0.223799364,0.00809925,0.131550948,0.081831013
324,0.814496247,0.816052755,0.817222063,0.817803728,0.183049395,0.012930355,0.187489339,0.019258516,0.195081669,0.010358155,0.121828583,0.015262894,0.184689926,0.013190982,0.195090115,0.017483368,0.222909945,0.029994105,0.170021119,0.061233534,0.176716971,0.031965556,0.198168074,0.019669426,0.216438168,0.007694168,0.13383218,0.087621805
325,0.815533099,0.817015232,0.818195125,0.818872738,0.171259703,0.01402733,0.193035102,0.008087166,0.2146696,0.00454386,0.115652258,0.006496323,0.182113818,0.013580932,0.194876055,0.017296784,0.217015194,0.029452072,0.150127025,0.035955459,0.170336184,0.023943726,0.202008956,0.033637325,0.214423744,0.014234804,0.119615705,0.070360774
326,0.816464986,0.817979277,0.819189689,0.819807195,0.176035534,0.011747508,0.185118239,0.015504411,0.203066076,0.017202587,0.114670706,0.004659009,0.187571191,0.017323376,0.201598696,0.012378623,0.220908011,0.029911278,0.166831348,0.048948516,0.165563014,0.018477209,0.196763301,0.032068043,0.221622231,0.018651601,0.119820764,0.081061982
327,0.817429974,0.818990563,0.820173919,0.82084664,0.176276204,0.011540083,0.184854157,0.008160769,0.201494461,0.008422976,0.118291948,0.016258689,0.176332974,0.012084523,0.189504969,0.02396101,0.226878449,0.029440767,0.153187759,0.042674823,0.171420402,0.018626784,0.200704836,0.024216865,0.216312809,0.015454246,0.125501523,0.082785466
328,0.81845386,0.819964373,0.821173531,0.821817129,0.166000512,0.014994903,0.186934476,0.017492037,0.204993196,0.002283757,0.123208605,0.017885103,0.183860187,0.019924165,0.206450619,0.022339197,0.217511786,0.028808149,0.149100671,0.049132544,0.165877397,0.026442595,0.191401327,0.03916613,0.21059141,0.010230351,0.124175884,0.082706564
329,0.819426975,0.820919964,0.82216683,0.822790828,0.170566017,0.004262999,0.187446386,0.006169047,0.204050488,0.004068219,0.110524928,0.003499201,0.180535639,0.010109788,0.196550774,0.00997492,0.220454941,0.036394847,0.146581683,0.043272737,0.169153478,0.022873725,0.192640753,0.01477074,0.207613012,0.010911955,0.112883668,0.078557224
330,0.820398788,0.821889418,0.823111885,0.82381435,0.171401345,0.023479053,0.18414577,0.008734332,0.197576912,0.016014629,0.115644625,0.011951142,0.178600427,0.012206816,0.190961937,0.014971231,0.215415509,0.036270509,0.147414812,0.049125412,0.162089328,0.015034998,0.204011397,0.037568312,0.206270127,0.013130662,0.118324227,0.076413062
331,0.821328739,0.822919498,0.824122188,0.824807164,0.176251285,0.005190468,0.184660542,0.011559019,0.200718258,0.016769559,0.111270094,0.01459191,0.183520477,0.014782886,0.190924269,0.024271586,0.225987167,0.022124773,0.146925103,0.041429761,0.167382181,0.02298062,0.193207574,0.012946813,0.219443958,0.010442569,0.113910602,0.074423077
332,0.822357751,0.823901639,0.825139484,0.825825135,0.163382542,0.01239142,0.181748888,0.012817438,0.201918032,0.006271833,0.115035708,0.016521748,0.17963638,0.017255347,0.198200474,0.014855735,0.208669386,0.029765039,0.143429374,0.045465358,0.163954496,0.017792957,0.196587654,0.042847692,0.20507216,0.019410214,0.11662952,0.080898123
333,0.82334097,0.824923966,0.826106672,0.826847424,0.173096583,0.014069446,0.177917901,0.004654371,0.194669895,0.012885638,0.109577002,0.007310755,0.182784728,0.014155262,0.197039838,0.015370368,0.223345523,0.027175676,0.15323514,0.045194454,0.173476758,0.028236789,0.184672084,0.01908559,0.204762425,0.007539283,0.115903354,0.079612235
334,0.824278976,0.825899487,0.827114307,0.82780319,0.167638583,0.016318478,0.189920001,0.012137968,0.197046492,0.013510148,0.097907436,0.002630667,0.169749,0.01278952,0.198901664,0.014755352,0.214695087,0.034231718,0.132348743,0.042736504,0.176476515,0.018010787,0.193505431,0.029067035,0.206556474,0.010510831,0.109746874,0.079326189
335,0.825278437,0.826875281,0.828108689,0.828789816,0.172293329,0.008671646,0.179669147,0.014176342,0.198997252,0.009091324,0.104383288,0.011986493,0.177692999,0.01407021,0.186625192,0.019572647,0.212202425,0.030119917,0.139318196,0.041424512,0.159259787,0.024830142,0.188296889,0.015662165,0.203167857,0.008982811,0.102157914,0.069970565
336,0.82622676,0.827818544,0.829104502,0.829842063,0.168484673,0.009046549,0.18185894,0.003208235,0.187690499,0.006012739,0.10389544,0.01473627,0.179342156,0.020000038,0.192614745,0.021986489,0.211462763,0.021154988,0.135645572,0.035234233,0.16557863,0.025317605,0.199909847,0.037292031,0.199635631,0.010990432,0.115564731,0.079032661
337,0.827194019,0.828844038,0.830067969,0.830759732,0.164699709,0.013418581,0.179517965,0.010339358,0.198527809,0.014945392,0.104681,0.005960996,0.177574111,0.012710534,0.196125777,0.015985961,0.213325093,0.0379403,0.136451852,0.043800325,0.1595558,0.023557194,0.18334515,0.020330684,0.197266262,0.012974217,0.102472324,0.072201345
338,0.82815838,0.829801316,0.831078768,0.831762207,0.172414685,0.014458232,0.179492772,0.007736068,0.200397922,0.00070442,0.102318909,0.009717338,0.168513363,0.020852275,0.183105026,0.015827221,0.218465547,0.014463559,0.126287604,0.037513887,0.160640077,0.019655619,0.19422358,0.029504689,0.203564771,0.007947631,0.113345859,0.076305597
339,0.82914389,0.830777658,0.832113718,0.832834704,0.163591853,0.011706389,0.183218534,0.014607053,0.18134666,0.010276414,0.093126095,0.013202452,0.173642473,0.011113998,0.192770001,0.023238992,0.202633652,0.030872505,0.129928327,0.042665372,0.15592146,0.018876979,0.187635747,0.024753666,0.19481407,0.009180615,0.102807747,0.075789074
340,0.830080796,0.83176774,0.83310734,0.833796994,0.16840896,0.012777304,0.177302166,0.005059594,0.193236036,0.018703311,0.093252254,0.00662972,0.178407238,0.012831499,0.186919399,0.021432982,0.210579392,0.02937489,0.130118755,0.046563525,0.167711761,0.013826461,0.191588302,0.027019875,0.197459182,0.006175426,0.099762479,0.071636276
341,0.831062942,0.83276578,0.834086683,0.834782663,0.172136713,0.0163681,0.176050121,0.020658892,0.195840891,0.012762012,0.09983385,0.02306841,0.169942074,0.014934652,0.194534505,0.018441896,0.212698765,0.015572545,0.125443685,0.046698758,0.160856938,0.022564064,0.188465857,0.027689239,0.198473777,0.010789599,0.104835571,0.074672752
342,0.832028869,0.83375405,0.83511631,0.83584142,0.162366147,0.01362881,0.176559844,0.006576053,0.187577225,0.014414758,0.076652714,0.014095407,0.173965209,0.01547728,0.184341058,0.020305507,0.209447389,0.040719565,0.120001818,0.033045849,0.152056944,0.020910173,0.183111472,0.022186797,0.192805622,0.009317631,0.098508742,0.074633912
343,0.833059628,0.834731376,0.836049443,0.836804762,0.15995437,0.007379851,0.181172397,0.004199289,0.185494881,0.017123567,0.087965263,0.003936787,0.167649895,0.012937404,0.181798384,0.00968363,0.201690196,0.022380951,0.12040607,0.042340564,0.155684457,0.023355914,0.187115799,0.023941749,0.182509452,0.012454477,0.106440277,0.077090815
344,0.833952814,0.835691964,0.837054214,0.837812664,0.165078936,0.021573575,0.17803067,0.010160683,0.195059928,0.008120509,0.102300971,0.035538963,0.170643692,0.008214654,0.190036773,0.012913733,0.209992391,0.021947232,0.118270791,0.037742209,0.158293963,0.017501743,0.180192286,0.029602196,0.194409513,0.01546446,0.095000353,0.064821849
345,0.834907658,0.836657066,0.838036116,0.83881214,0.169956865,0.00468542,0.176106917,0.011009943,0.184499761,0.010330606,0.087233842,0.017159836,0.177548597,0.026571752,0.181747793,0.023294701,0.204323662,0.026619876,0.112602111,0.03818228,0.151244687,0.023907959,0.185929646,0.02720535,0.179435295,0.008091671,0.099282695,0.074203075
346,0.835941138,0.837614707,0.839026374,0.839806326,0.156816589,0.011128601,0.175898425,0.009000045,0.184684841,0.016063884,0.067281092,0.016449312,0.171823124,0.013023487,0.184873337,0.015336482,0.206823937,0.034252073,0.118967356,0.039231052,0.15496889,0.01558362,0.184232479,0.026686772,0.20137112,0.01217268,0.087636876,0.061292449
347,0.836890451,0.838602183,0.840072382,0.840797334,0.1645332,0.00963417,0.172138016,0.016444254,0.188278494,0.012920748,0.078160436,0.001347418,0.166284908,0.013761796,0.188340093,0.014945776,0.199243274,0.028576133,0.109970423,0.029132408,0.159168653,0.025171397,0.183419226,0.023398723,0.188421584,0.011330425,0.093937897,0.073303257
348,0.837931795,0.839569921,0.840973608,0.841801176,0.154435378,0.011574072,0.17437956,0.003237687,0.191940244,0.029275942,0.087686309,0.023835492,0.170430728,0.019644654,0.176375084,0.018627792,0.206836405,0.02151972,0.109444229,0.042340664,0.152702738,0.020232075,0.183857668,0.019667097,0.188284303,0.013238052,0.093935255,0.072237196
349,0.838856048,0.840533366,0.84192364,0.842795391,0.164057642,0.015175471,0.172999956,0.013727972,0.183269548,0.00845245,0.079928582,0.011013057,0.167323704,0.007674388,0.186653421,0.019414431,0.194886399,0.02852014,0.11504809,0.040697177,0.153386601,0.016831086,0.177354411,0.026874122,0.190799601,0.017903833,0.100438147,0.072625298
350,0.839847449,0.841595481,0.842944264,0.843852247,0.15695961,0.013158766,0.166473899,0.006054407,0.18408088,0.003803647,0.0793326,0.022396029,0.166160683,0.015738708,0.177273921,0.012162648,0.211657629,0.029386296,0.107369593,0.037019231,0.158350014,0.021532422,0.194596264,0.04376389,0.177301318,0.009280202,0.07843585,0.060575446
351,0.840803718,0.842575825,0.843929198,0.844800971,0.162400407,0.008618936,0.175968427,0.009390363,0.182063367,0.023103422,0.066815291,0.004659981,0.173434127,0.003973201,0.188433128,0.014948967,0.191862326,0.015482417,0.10125787,0.035564789,0.147967212,0.019866954,0.181281588,0.03545281,0.190797688,0.005034106,0.092420823,0.067401968
352,0.84180184,0.843568475,0.8449617,0.845768753,0.157731788,0.011418067,0.168473846,0.01361565,0.174222077,0.005876679,0.071582274,0.007689582,0.161741331,0.01616923,0.175631636,0.016364725,0.20366869,0.040861079,0.101177603,0.039012859,0.146607797,0.014334844,0.17631315,0.023701524,0.174243747,0.00429939,0.084505902,0.06432908
353,0.842750091,0.844556867,0.845911206,0.846773731,0.166230058,0.010611061,0.175134,0.006088361,0.187781992,0.009589688,0.057996847,0.009625059,0.171732967,0.01796069,0.186120447,0.024761716,0.20010083,0.01595829,0.094360758,0.032365889,0.151426504,0.022300833,0.174300455,0.023057579,0.174508081,0.017877168,0.08587495,0.069139779
354,0.843728816,0.845529558,0.84691944,0.847745856,0.161886284,0.022011974,0.167678724,0.006339982,0.175920385,0.020074266,0.067589409,0.003993806,0.16396076,0.008937684,0.174355782,0.008355259,0.195460469,0.03736147,0.095327822,0.037628852,0.151363036,0.021620461,0.181467354,0.022181596,0.175890563,0.018642817,0.07844241,0.061950647
355,0.844646058,0.846508781,0.847916924,0.848770955,0.167487659,0.023263369,0.165800063,0.004044674,0.175740456,0.002822695,0.081597776,0.03442932,0.167469115,0.017763885,0.178251977,0.019430063,0.193830746,0.01946932,0.093399686,0.031113537,0.148872758,0.023262941,0.177482582,0.02959711,0.17715775,0.018754489,0.078449683,0.060509635
356,0.845669992,0.847505446,0.848888893,0.849778701,0.155104554,0.016453119,0.187716585,0.045493299,0.180405489,0.008727109,0.070434226,0.009359695,0.158991955,0.011488716,0.177978854,0.020401046,0.201135022,0.031953684,0.090191278,0.035140436,0.154322976,0.018169515,0.173471881,0.020046485,0.170780916,0.018970713,0.078858934,0.061932745
357,0.846640447,0.848447237,0.849866367,0.850750126,0.164134838,0.0103646,0.170052154,0.008302803,0.171398502,0.01232566,0.058453016,0.008837862,0.161187971,0.012085988,0.175477651,0.019188249,0.182325109,0.020476565,0.096252589,0.043560365,0.144842528,0.021380046,0.181099172,0.028177338,0.186242701,0.009609305,0.078274716,0.0553758
358,0.847618632,0.849473246,0.850926642,0.851751036,0.158159787,0.01611029,0.163791309,0.010517658,0.171047783,0.004765833,0.048565979,0.010861375,0.167132518,0.015132194,0.177235979,0.019734976,0.209065722,0.022131527,0.087991769,0.03682122,0.1497955,0.007217565,0.173285053,0.017784939,0.163763044,0.014151491,0.0791672,0.066621991
359,0.848540169,0.850409214,0.851868437,0.852764596,0.159077738,0.019081404,0.16284146,0.016295786,0.17838574,0.020007841,0.071039535,0.032591439,0.163965957,0.010860956,0.178164203,0.011365101,0.180938902,0.020611567,0.084281989,0.030450256,0.146552745,0.021533622,0.172756507,0.019683836,0.172043385,0.026544479,0.084740116,0.064952903
360,0.849553447,0.851397162,0.852926427,0.853769743,0.155575521,0.013115401,0.163252964,0.005898485,0.158400913,0.007170647,0.040432528,0.015252034,0.163414256,0.012282476,0.183497472,0.021563711,0.203030043,0.028951279,0.081412404,0.032527291,0.148076158,0.019675508,0.167842408,0.024275347,0.170541843,0.027067876,0.078896465,0.064291052
361,0.850525421,0.852412426,0.853852171,0.854740972,0.151803116,0.005301849,0.158958804,0.005252771,0.175493978,0.015772747,0.062891076,0.017419013,0.158004026,0.017465932,0.168907429,0.012762202,0.186292859,0.016301457,0.082372948,0.034718103,0.145312867,0.020008583,0.173909023,0.027602342,0.163395412,0.012444066,0.072112997,0.059783476
362,0.851491235,0.853359028,0.854853461,0.8557865,0.150994664,0.007709973,0.162072922,0.009238571,0.177601291,0.007055493,0.060201474,0.015287423,0.157670366,0.008465848,0.175870131,0.02207426,0.199686148,0.023737996,0.080358311,0.030826062,0.146400104,0.01705719,0.178036657,0.024337042,0.163346081,0.025306738,0.06905589,0.052526712
363,0.852490447,0.854366055,0.855878507,0.856797023,0.146663013,0.01279416,0.166155305,0.007868794,0.157197592,0.004555578,0.044878177,0.004343552,0.16920994,0.009817861,0.173934102,0.012639386,0.191534935,0.013094228,0.077828767,0.031708677,0.145100976,0.01486461,0.162617991,0.018594156,0.17136608,0.022709218,0.075892117,0.05953957
364,0.853423657,0.855318517,0.856815635,0.857736551,0.157924094,0.011216666,0.160414796,0.009527463,0.174622285,0.02918125,0.037420177,0.011338692,0.16158728,0.01967784,0.171049728,0.012704727,0.196779653,0.022886752,0.074010116,0.030298622,0.146783908,0.017086097,0.174887691,0.017018773,0.163230886,0.024110743,0.073680876,0.060579621
365,0.854431252,0.856291692,0.857857267,0.858760927,0.147010891,0.010165589,0.165565921,0.009044487,0.16850697,0.011079869,0.057411191,0.032027584,0.154211016,0.004989963,0.170763317,0.014307739,0.188707173,0.013513852,0.07734679,0.027984231,0.142210524,0.007182451,0.167192435,0.022284689,0.159755933,0.025562564,0.073185818,0.0605038
366,0.855405124,0.857319859,0.858838901,0.859781055,0.145182698,0.005356282,0.162375016,0.005745754,0.157341589,0.008391634,0.039292817,0.001353962,0.155229936,0.0125866,0.173423156,0.018234839,0.193458707,0.023726483,0.073993479,0.027424869,0.145607889,0.018432722,0.172325238,0.029761319,0.157848912,0.026241265,0.064817041,0.056097628
367,0.856360198,0.85832203,0.859783647,0.860763083,0.151341729,0.013259001,0.159759583,0.012505504,0.179503999,0.025740567,0.037342937,0.001505124,0.168408812,0.017252252,0.173078339,0.019390764,0.196575725,0.008674236,0.069540103,0.034090225,0.138576041,0.018457532,0.162494921,0.021557364,0.161286061,0.023231612,0.06343771,0.053001617
368,0.857358131,0.85924815,0.860814476,0.861740826,0.139967852,0.008188026,0.159293423,0.010638795,0.163737211,0.004541634,0.04683756,0.019725561,0.153429594,0.01266047,0.172569522,0.013935269,0.18403094,0.024502403,0.064148207,0.031354605,0.142503626,0.012554554,0.160808325,0.016188796,0.1554661,0.032381399,0.065784251,0.053267049
369,0.858288768,0.86025258,0.861828562,0.862727181,0.159527949,0.011557306,0.163840469,0.011508439,0.156782476,0.005253909,0.039235551,0.009376706,0.159719042,0.005257641,0.16985638,0.017001689,0.191057192,0.009516524,0.070878273,0.043802618,0.136532356,0.01820957,0.167466747,0.026444136,0.166633592,0.016315359,0.066902788,0.057617479
370,0.859276526,0.861225968,0.862778699,0.863777158,0.149629642,0.017416718,0.153353579,0.009130139,0.163001087,0.016530405,0.039051246,0.019712587,0.156348569,0.023282078,0.171782648,0.015975711,0.193183962,0.030257513,0.060669525,0.025622512,0.144209732,0.015536963,0.166481701,0.023465477,0.150526665,0.036385473,0.064993709,0.053485602
371,0.860254163,0.862258815,0.863793574,0.864725306,0.149223663,0.004117467,0.163892739,0.007086549,0.157021627,0.01172307,0.017520352,0.025518207,0.154426805,0.008350868,0.165401265,0.016098973,0.191890066,0.013237809,0.059646082,0.030122258,0.136191023,0.014001918,0.160296187,0.017748942,0.147606743,0.030679765,0.065121721,0.058418794
372,0.861214664,0.863207325,0.864762412,0.865749904,0.141866946,0.017324953,0.161260979,0.010949614,0.155983915,0.011622917,0.020058018,0.009603936,0.157024953,0.007944658,0.162351842,0.013457781,0.171175418,0.02374258,0.055357565,0.029713239,0.145067805,0.006614267,0.167353942,0.022563329,0.155447412,0.037233827,0.055209646,0.049005469
373,0.862167537,0.864145188,0.865741656,0.866742652,0.159319841,0.009738081,0.157926543,0.009072159,0.155482138,0.00713873,0.039060991,0.025310543,0.156527329,0.00851605,0.177932687,0.011447047,0.189663409,0.007399603,0.056717916,0.027018296,0.134317108,0.019860621,0.162688913,0.015696624,0.148726461,0.035259909,0.058305332,0.04986632
374,0.863182595,0.86511952,0.866728021,0.867764059,0.143455519,0.00680584,0.154548894,0.009651408,0.148958766,0.006441388,0.032714368,0.014104873,0.151118649,0.011461359,0.161166364,0.021529962,0.180537996,0.030299884,0.053554316,0.03148565,0.141578725,0.018463545,0.168806903,0.031399651,0.142552882,0.029976729,0.054914246,0.051382074
375,0.864086726,0.866136454,0.86774265,0.868759077,0.150984916,0.018646272,0.158794031,0.006596447,0.166882785,0.033342989,0.017683194,0.004219293,0.154934853,0.01405203,0.170502618,0.015715617,0.187313579,0.00559853,0.050728607,0.030511432,0.139028317,0.012950066,0.155891464,0.019620889,0.151389187,0.037277683,0.0576513,0.050098244
376,0.865078532,0.867121644,0.86867152,0.869761636,0.146146999,0.016243135,0.156240108,0.008757248,0.149648477,0.012566242,0.030001214,0.020348763,0.155613732,0.012591041,0.166224673,0.014659607,0.174660827,0.019354077,0.052223239,0.026308219,0.138783308,0.011970263,0.158661556,0.017321155,0.14576409,0.033122234,0.057435808,0.048200183
377,0.866020283,0.868112048,0.869729659,0.870740002,0.148519976,0.006579478,0.147815595,0.008403262,0.154104565,0.015201703,0.027828168,0.021405307,0.156265929,0.013521909,0.161671641,0.018387884,0.187883162,0.01724908,0.045276283,0.028526677,0.131435446,0.019096021,0.166727642,0.01490233,0.146342548,0.031870873,0.057511905,0.057247913
378,0.866997122,0.86906617,0.87070637,0.87172135,0.147789996,0.007773983,0.16255026,0.008860843,0.146383992,0.014202127,0.014383002,0.004118701,0.146984978,0.007567333,0.167127193,0.006171026,0.169556105,0.022918935,0.045514125,0.028349076,0.131062107,0.018824049,0.152826372,0.024881427,0.144409033,0.043158606,0.048328022,0.043728432
379,0.868031972,0.87002138,0.871697744,0.872744783,0.13745645,0.008891764,0.158866925,0.003950502,0.144599722,0.013354454,0.011357476,0.003199181,0.154729155,0.013430248,0.165441373,0.021629541,0.186475199,0.010979728,0.042738279,0.027119327,0.140679456,0.007592142,0.15911447,0.017448733,0.139963298,0.036032228,0.049832909,0.048798439
380,0.868947992,0.871081555,0.872702466,0.873773642,0.147514217,0.010679478,0.143681124,0.014131213,0.148504996,0.009643694,0.012060712,0.005114231,0.148420845,0.007397682,0.159957997,0.015811076,0.169006791,0.020145822,0.038753157,0.028223137,0.132841766,0.014938747,0.165422181,0.02232149,0.136149806,0.040234259,0.044585105,0.04309505
381,0.869942746,0.872004917,0.873651475,0.874791778,0.149452711,0.011941503,0.160129883,0.005824234,0.147029293,0.011079438,0.00079079,0.013288595,0.156284971,0.012649873,0.163026781,0.010737722,0.171954648,0.023745493,0.04038326,0.027857863,0.133214826,0.015699402,0.154204446,0.02183563,0.13379378,0.035815704,0.050827056,0.048580946
382,0.870875324,0.872938688,0.874681443,0.875743302,0.148397431,0.009875825,0.15902281,0.006250203,0.140812357,0.013108731,0.003584795,0.003926998,0.154743581,0.01600076,0.161906636,0.015024277,0.172521213,0.010650872,0.034134262,0.025545099,0.125243628,0.009790336,0.152346734,0.019828053,0.135145957,0.045426459,0.042557479,0.043823128
383,0.871832194,0.873951151,0.87572047,0.87672232,0.140592212,0.011422754,0.142464479,0.010592841,0.144450689,0.015552031,0.014608326,0.019630122,0.148588404,0.007775668,0.159650551,0.012483313,0.164977231,0.022927582,0.03575168,0.029748965,0.134747702,0.015712511,0.157865545,0.018527256,0.13494247,0.038487947,0.046504655,0.043085017
384,0.872864963,0.874933496,0.876682284,0.87774707,0.141498237,0.010912193,0.152291056,0.013576319,0.142147325,0.001615585,0.002321411,0.00727635,0.152206485,0.012302243,0.162790316,0.016871675,0.175017026,0.007571155,0.034523478,0.028644249,0.133104736,0.011189265,0.155047514,0.020326195,0.138335498,0.048887452,0.041942805,0.042548033
385,0.873803466,0.87590971,0.877627783,0.878766595,0.142904403,0.00874829,0.148004508,0.004104944,0.145164103,0.015113932,-0.003078177,0.003040336,0.142422893,0.010063239,0.160441216,0.017569851,0.167215094,0.0266422,0.031209977,0.032417121,0.128914724,0.011738104,0.154935406,0.014026709,0.135341551,0.036706475,0.046891147,0.049707293
386,0.874794345,0.876897935,0.878641582,0.879756437,0.136866499,0.011618112,0.149733999,0.005338107,0.136137721,0.018766872,0.004545376,0.016038621,0.148374595,0.006125346,0.159213364,0.013279209,0.163387616,0.006593016,0.026609851,0.023928739,0.129249952,0.014207372,0.160463245,0.02385101,0.13252125,0.04226588,0.039137422,0.041456265
387,0.875761156,0.877870983,0.879607564,0.880716533,0.143020269,0.007582265,0.150884495,0.014038095,0.138342857,0.006703364,-0.019326062,0.027554282,0.150505794,0.007863101,0.159528878,0.018801674,0.165858877,0.024800998,0.024240946,0.024853902,0.134826302,0.002396811,0.164551724,0.024960778,0.130959775,0.049506013,0.038475068,0.039465103
388,0.876715919,0.878861805,0.880620994,0.881752975,0.143104183,0.010696692,0.14959198,0.006801615,0.134578135,0.012884165,0.005362412,0.023972128,0.150136324,0.010464926,0.160578539,0.022315683,0.155833758,0.008221771,0.02196462,0.026719646,0.126454574,0.015489184,0.156260101,0.011970979,0.119777319,0.03801798,0.034943967,0.041558223
389,0.877700438,0.87984359,0.881567771,0.882754563,0.137680634,0.00435618,0.146622274,0.003739269,0.136532094,0.016385163,0.012441714,0.042428402,0.148463074,0.016315351,0.153768146,0.009995286,0.159572203,0.0265349,0.023065078,0.025787228,0.131134496,0.006049397,0.150804034,0.015714783,0.12839093,0.049545607,0.036579797,0.037127773
390,0.878646782,0.880802851,0.882558333,0.883758158,0.144972,0.011558654,0.142787722,0.014757262,0.135862123,0.008848424,-0.021350975,0.015758704,0.140270809,0.010720084,0.158156341,0.013942815,0.166985307,0.008691089,0.017626152,0.026622659,0.129525896,0.011798141,0.150907745,0.03298818,0.123938966,0.049164734,0.030902743,0.040503488
391,0.879660704,0.881854095,0.883561485,0.884773603,0.135975363,0.007976578,0.146796172,0.004062733,0.13791603,0.016407373,0.000700671,0.029392564,0.146768816,0.010365927,0.15924477,0.012535021,0.154666839,0.029867437,0.014655791,0.024190997,0.1312373,0.010851095,0.152762346,0.014504408,0.129249587,0.051770645,0.034347303,0.039835808
392,0.880632426,0.882798554,0.88453804,0.885707316,0.138702789,0.005557678,0.149178604,0.012142279,0.123982332,0.009311545,-0.030556335,0.020112464,0.142928329,0.011712871,0.157243616,0.022164135,0.151041754,0.011104387,0.014544419,0.027450676,0.125983356,0.003411899,0.144128709,0.017866893,0.118474668,0.049727296,0.031478986,0.038698267
393,0.881560367,0.88377325,0.885555372,0.886692069,0.137264282,0.017871774,0.145465413,0.00642735,0.126747773,0.00844417,-0.022307535,0.004136482,0.147829423,0.008871117,0.151501714,0.010662792,0.166016766,0.021259722,0.009123556,0.024931053,0.124780854,0.005456718,0.153486464,0.025916022,0.13168861,0.059204246,0.02748192,0.038704302
394,0.882529443,0.884719319,0.886524023,0.887738281,0.137779509,0.007610153,0.143139013,0.008813575,0.126179278,0.008627968,-0.007589732,0.028773456,0.141280295,0.013368667,0.156692871,0.01224113,0.148551195,0.020734467,0.009076525,0.025300007,0.124012032,0.011138988,0.149264898,0.01524866,0.118754704,0.046418894,0.028602747,0.034958074
395,0.883533143,0.885772102,0.887561786,0.888712487,0.137941095,0.007426525,0.142057603,0.011051964,0.132316853,0.019546578,-0.019935311,0.012267232,0.143981161,0.004101167,0.152964328,0.016925112,0.151354019,0.024052814,0.004747458,0.026801468,0.129885917,0.009792471,0.148457771,0.019586297,0.121266059,0.054056836,0.029248139,0.041355082
396,0.88446444,0.886717983,0.888530428,0.889763078,0.13694385,0.012154792,0.144085217,0.007462626,0.115075704,0.008773349,-0.034195262,0.009745418,0.14396097,0.019375135,0.153178742,0.016331594,0.141440566,0.017485214,0.002895784,0.025600082,0.116913603,0.006931231,0.145382545,0.017304888,0.120519283,0.049812149,0.02611925,0.033761557
397,0.885465387,0.887676586,0.889551495,0.890720349,0.139291911,0.005817984,0.137591905,0.016470274,0.126442646,0.006396015,-0.04136865,0.016339816,0.142672826,0.009361927,0.155907303,0.009822622,0.159235364,0.014574451,0.000481979,0.025827429,0.12562986,0.007235028,0.151309906,0.015088426,0.115026816,0.044507866,0.020645571,0.031710375
398,0.88642485,0.888691254,0.890572316,0.891689305,0.130152099,0.012049,0.143225883,0.007336066,0.124154343,0.007227711,-0.020771602,0.021965386,0.14961112,0.009917406,0.152456985,0.017605256,0.140899577,0.020373892,-0.002627901,0.027348353,0.13088198,0.00904192,0.151410989,0.012848438,0.114545918,0.0565494,0.022609859,0.037799707
399,0.887389556,0.889642133,0.891494473,0.892695454,0.135177993,0.006147332,0.139812192,0.00734271,0.113766803,0.00762702,-0.043225317,0.012134464,0.13829236,0.006504071,0.150832008,0.012361437,0.147607172,0.012983787,-0.005254803,0.025117046,0.121310734,0.008975743,0.139810006,0.015251146,0.114352304,0.053455462,0.016642438,0.03178354
400,0.888375987,0.890649624,0.892490929,0.893747206,0.138077016,0.006625813,0.140592503,0.015816503,0.117949186,0.015741669,-0.035989889,0.008752987,0.139368622,0.008032367,0.152478577,0.019334532,0.140393705,0.02483856,-0.005763578,0.027379635,0.129530758,0.005698734,0.144770615,0.012013214,0.113304387,0.056192064,0.017673306,0.031593063
401,0.889320808,0.891580946,0.893475295,0.894750351,0.135758126,0.012320634,0.138396899,0.006010868,0.12494957,0.006515791,-0.046649912,0.006878296,0.144812651,0.010041321,0.143161132,0.007470434,0.1393319,0.019616015,-0.010859019,0.025833774,0.121378354,0.008709228,0.148109844,0.026216657,0.108242168,0.055281611,0.015667497,0.032155434
402,0.890323281,0.892586016,0.894516457,0.89575673,0.129750419,0.00682422,0.136510017,0.005150772,0.107586521,0.008065275,-0.038907163,0.013237527,0.140829542,0.010426786,0.154270991,0.013101847,0.146831015,0.006313324,-0.010676807,0.025557327,0.125940791,0.002139449,0.139079278,0.009414317,0.113421695,0.055262807,0.015701546,0.027236725
403,0.891251041,0.893566839,0.895497025,0.896705717,0.140870996,0.013517477,0.137210172,0.011270481,0.106657725,0.009898318,-0.049523811,0.006283045,0.138915459,0.011370748,0.150673536,0.017388299,0.130652874,0.031039062,-0.016052749,0.027252445,0.123612964,0.01292475,0.141592328,0.013670309,0.103121577,0.052155995,0.01313747,0.034186323
404,0.89220824,0.89451845,0.896450106,0.897721652,0.128322678,0.007813101,0.137427308,0.007889075,0.11811732,0.005517418,-0.03416419,0.030115973,0.140418978,0.012619924,0.150515477,0.014109813,0.14257556,0.007245644,-0.017961483,0.024882523,0.128257029,0.01098745,0.146250496,0.020327641,0.106226677,0.055950131,0.013688261,0.032048212
405,0.893175707,0.895545133,0.897477062,0.898737808,0.137154398,0.011354496,0.136763719,0.006106714,0.108378426,0.007388019,-0.042331353,0.024769943,0.139986566,0.009629388,0.141908645,0.010490281,0.131923049,0.027758729,-0.019782138,0.027621477,0.127302848,0.00481607,0.139755741,0.017010057,0.104051324,0.056436609,0.00626166,0.025054619
406,0.894183279,0.89651562,0.898486289,0.899744765,0.126988315,0.006997497,0.13131302,0.010344574,0.104228641,0.00767215,-0.06256457,0.010770318,0.140750063,0.011877976,0.148894966,0.008218104,0.132867699,0.016869719,-0.024990451,0.027745156,0.126046033,0.010741338,0.140763784,0.012411962,0.106379956,0.0603338,0.007498083,0.032762856
407,0.895076867,0.897482365,0.899444835,0.900735948,0.134881087,0.017903261,0.132283257,0.004405061,0.107867085,0.017043871,-0.046747132,0.025259588,0.137120735,0.009684749,0.146190871,0.016562025,0.139062166,0.021839566,-0.026828384,0.026462003,0.120728191,0.016591386,0.141451886,0.010154869,0.101120105,0.056347956,0.002977623,0.026146808
408,0.896045192,0.898465176,0.900426593,0.901735647,0.1322265,0.007649647,0.132754726,0.007499716,0.103083935,0.002861744,-0.061604416,0.0081508,0.136877372,0.007695976,0.142186641,0.013128799,0.121528393,0.016914547,-0.028423928,0.027909071,0.129993562,0.010157256,0.134234045,0.012949424,0.101625174,0.058581574,0.004262787,0.02549858
409,0.897036146,0.899457257,0.901467352,0.902719496,0.131726041,0.0046062,0.134009765,0.00844868,0.102712661,0.004060225,-0.086345232,0.030719787,0.136652011,0.00562079,0.149433344,0.012367383,0.135594706,0.017050271,-0.033890328,0.02690985,0.125190446,0.013177881,0.137236917,0.014097087,0.09289815,0.057236135,0.006147202,0.032500178
410,0.897985886,0.900433105,0.902415511,0.903751068,0.128331275,0.015483441,0.128898572,0.009506583,0.098805611,0.012598969,-0.070764079,0.00782276,0.134035425,0.014737574,0.144882371,0.013650888,0.12347514,0.018904649,-0.03405575,0.027342232,0.124920529,0.014101756,0.137691027,0.012207227,0.103706675,0.063327076,-0.000547777,0.024841654
411,0.898979215,0.901429792,0.903463315,0.904774229,0.131344889,0.001888021,0.130488994,0.003622019,0.095526069,0.015091049,-0.066085035,0.015205808,0.139667844,0.010939548,0.143736695,0.015790585,0.127935117,0.020918394,-0.038385865,0.028977307,0.131501675,0.019153756,0.13593012,0.018045067,0.101634673,0.060016061,-0.000998127,0.028521097
412,0.899946592,0.902362851,0.904424428,0.90573915,0.126606095,0.007785192,0.13216882,0.012467464,0.101847044,0.006733257,-0.063802179,0.027531983,0.132192809,0.001907966,0.148949527,0.015439701,0.118208215,0.011880823,-0.043047077,0.029260258,0.124659658,0.013152471,0.145794386,0.011684752,0.103745499,0.061898303,-0.004600487,0.024386172
413,0.900892171,0.903331681,0.905404243,0.906733778,0.129469569,0.006392055,0.134975039,0.005406713,0.090571232,0.00657587,-0.079865666,0.012057819,0.138699013,0.016550544,0.134331098,0.004086045,0.129090736,0.025041621,-0.044574632,0.028589615,0.131765401,0.017334661,0.13393151,0.010890859,0.096837975,0.063245888,-0.007906194,0.020717193
414,0.9018662,0.904352783,0.906415236,0.90774224,0.125050577,0.008328284,0.122625583,0.007175341,0.092651604,0.015675709,-0.090208568,0.012067387,0.134330337,0.004359254,0.140897984,0.019665141,0.11192648,0.013849694,-0.048982412,0.029411633,0.123912185,0.018946524,0.128870952,0.013627038,0.101136422,0.068181486,-0.007928445,0.021118806
415,0.902936989,0.90528852,0.907410499,0.908740123,0.12262468,0.008061879,0.13183131,0.005261176,0.086547148,0.005921211,-0.089115325,0.006634469,0.131648811,0.013161149,0.146304304,0.010379645,0.127268842,0.025296367,-0.050919929,0.028372146,0.126614932,0.014500638,0.138896368,0.014007566,0.09592902,0.0616449,-0.003455515,0.015107086
416,0.9039171,0.906286538,0.908401417,0.909766713,0.129622382,0.006648662,0.124139947,0.006761269,0.087034744,0.011190423,-0.082949561,0.022461227,0.140301212,0.003539403,0.137009728,0.013749351,0.110076252,0.014676718,-0.056134356,0.03229579,0.12507654,0.020543931,0.13552605,0.005284474,0.089503439,0.050391026,-0.015526333,0.023575929
417,0.904869626,0.907284675,0.909394938,0.910764729,0.125497576,0.009211121,0.127273686,0.007143431,0.091355895,0.003614037,-0.078429575,0.028448886,0.133568906,0.008003677,0.137098406,0.01110583,0.120207557,0.026417975,-0.066768939,0.035855385,0.126333273,0.014072252,0.129345361,0.019131521,0.084412003,0.060820364,-0.016214616,0.024898234
418,0.90584018,0.908252689,0.910386451,0.911741589,0.124385038,0.006306223,0.124231468,0.003810016,0.084649577,0.013013673,-0.102592705,0.013398534,0.133876857,0.011081098,0.142482396,0.01096253,0.111355474,0.015394357,-0.063776761,0.031551923,0.125890245,0.018794902,0.137214709,0.011219379,0.091502437,0.06460506,-0.017829191,0.019801251
419,0.906806032,0.909225774,0.911358749,0.912750242,0.127000552,0.009561639,0.126593173,0.009363038,0.07739792,0.007762687,-0.101995084,0.010540637,0.136596463,0.007424476,0.141786084,0.005437475,0.112935951,0.026330469,-0.066913588,0.034243463,0.125002877,0.01585243,0.130555857,0.007004013,0.088407657,0.064650611,-0.019343771,0.023781273
420,0.907794621,0.910215741,0.912373535,0.913765359,0.119341096,0.004857037,0.118634928,0.005365976,0.076928556,0.006645577,-0.122633261,0.019209111,0.132321397,0.009394879,0.134926213,0.016278544,0.11302614,0.01771962,-0.069054522,0.027459866,0.120004595,0.016964379,0.131285968,0.020276207,0.081013118,0.05923293,-0.021782691,0.020227144
421,0.908755065,0.911179812,0.913375091,0.914798551,0.131347557,0.014793003,0.126017866,0.004415756,0.076411761,0.010479632,-0.103361019,0.012313559,0.135486008,0.016552341,0.139037394,0.009629639,0.116297058,0.021079576,-0.069586145,0.028391466,0.127154119,0.007878191,0.120095907,0.011936989,0.093124986,0.070731425,-0.023025971,0.01450508
422,0.909748833,0.912137013,0.91434449,0.91577877,0.122794629,0.003104225,0.120285401,0.005943247,0.081993168,0.01340376,-0.114175037,0.005095033,0.129333019,0.005360801,0.131781762,0.018585911,0.098854579,0.017210461,-0.078877457,0.033177749,0.12466595,0.01648828,0.134750506,0.012293805,0.077591873,0.058919872,-0.026633439,0.021877937
423,0.91066216,0.913164293,0.915353694,0.916774969,0.124398961,0.009664471,0.115391405,0.00685996,0.069418434,0.004294292,-0.106757142,0.032844383,0.131635537,0.005127765,0.136187966,0.009170165,0.116304793,0.01711953,-0.086157956,0.035895438,0.123145832,0.011507154,0.133315576,0.015019871,0.080173805,0.062346693,-0.028011431,0.017164999
424,0.911628275,0.914187359,0.916335357,0.917796584,0.122297525,0.010389981,0.12707109,0.004836437,0.068690832,0.005246623,-0.113069295,0.01968407,0.126341485,0.007248639,0.135393445,0.015717789,0.099734649,0.015489083,-0.093818776,0.043362872,0.118148652,0.011621313,0.121278637,0.009051732,0.079068287,0.062419682,-0.030930023,0.015742583
425,0.912603538,0.915193227,0.917309549,0.918790916,0.122448454,0.007776545,0.11887331,0.003696021,0.064130584,0.009949215,-0.138272807,0.006922321,0.128029241,0.002454235,0.135480297,0.007344828,0.099500411,0.015403054,-0.099197102,0.042483446,0.121629713,0.008843457,0.133445621,0.006257107,0.084184991,0.069833205,-0.03343811,0.019624298
426,0.913565659,0.916193887,0.918319307,0.919811558,0.121509799,0.004588212,0.113047476,0.007801331,0.071722015,0.015331928,-0.123754738,0.024320923,0.12463546,0.007091534,0.129627936,0.018187741,0.104682216,0.012579711,-0.089902061,0.031483835,0.116387329,0.007144719,0.126718278,0.014569818,0.076141646,0.060617674,-0.037395439,0.013734903
427,0.914535902,0.91714476,0.919278717,0.920800495,0.123641385,0.013974251,0.114811844,0.009266732,0.063350466,0.008205272,-0.133831235,0.01319599,0.127964957,0.008296105,0.13317503,0.004551881,0.09316256,0.01549222,-0.080744341,0.039680566,0.120201518,0.008461372,0.126661283,0.004631181,0.073177688,0.062320575,-0.036743137,0.014608614
428,0.915534768,0.918131845,0.920341665,0.921761927,0.119420475,0.004377771,0.116482533,0.002826598,0.061049224,0.007029597,-0.144638086,0.00741407,0.126237518,0.005724608,0.128518804,0.020026635,0.098023859,0.012575289,-0.094313192,0.022392002,0.117587107,0.010574201,0.130083039,0.013752895,0.071517313,0.065051986,-0.040677726,0.012506742
429,0.916478208,0.91909238,0.921282816,0.922748811,0.123072758,0.010515954,0.114654339,0.00729023,0.054601763,0.007680473,-0.138264316,0.017638267,0.124695951,0.012191277,0.130273989,0.008124867,0.096316925,0.015729174,-0.101564743,0.030135372,0.116552821,0.012420815,0.120343518,0.009030494,0.082100857,0.072496661,-0.044571733,0.015225784
430,0.91744544,0.920071836,0.922273824,0.923724071,0.117839568,0.008441977,0.114717452,0.007849723,0.053709827,0.00934687,-0.158725612,0.013463745,0.129272294,0.010805829,0.130088077,0.018975143,0.096082829,0.016782938,-0.10700032,0.031546102,0.116035977,0.0073405,0.125881505,0.004495265,0.071835289,0.068695653,-0.04704744,0.013298322
431,0.91838457,0.92108805,0.923295794,0.924736593,0.118835105,0.005262521,0.109480024,0.003587786,0.054298654,0.015989301,-0.154093661,0.018917317,0.121874149,0.00203486,0.128580659,0.011142116,0.093837177,0.017185777,-0.079341156,0.049795765,0.111840824,0.010430629,0.124139898,0.01408347,0.072804799,0.065026669,-0.05011094,0.013436897
432,0.919387736,0.922023138,0.924279689,0.925759674,0.117575128,0.008454895,0.11149051,0.010643696,0.052201238,0.005737044,-0.159767017,0.023335763,0.125725036,0.012038603,0.12956093,0.013093384,0.095552192,0.006395726,-0.064465585,0.092159437,0.111481861,0.012086491,0.123698894,0.004213013,0.077327649,0.072170911,-0.050154674,0.009547676
433,0.920374724,0.922981099,0.92531238,0.926743638,0.11717674,0.003009463,0.114295196,0.010651261,0.054858912,0.012651643,-0.162200279,0.005513392,0.119786966,0.005034768,0.125511947,0.007857681,0.090527302,0.022292045,-0.153104965,0.071035342,0.112315731,0.011760186,0.122404656,0.012494824,0.063423293,0.065891062,-0.055163939,0.012598074
434,0.921331076,0.923980466,0.92637279,0.927762591,0.122953352,0.015803875,0.108002292,0.002360999,0.040275262,0.007842298,-0.161125075,0.02218662,0.123260756,0.019035661,0.127133554,0.017291214,0.086014964,0.011591839,-0.182695099,0.115208394,0.113789932,0.007836277,0.123393869,0.01168288,0.073599708,0.070781259,-0.056637257,0.007905324
435,0.92229353,0.924956782,0.92739153,0.928769921,0.116371492,0.003395585,0.106678745,0.003848014,0.038899586,0.006755079,-0.185751485,0.021327514,0.121554529,0.006942818,0.127137326,0.011455714,0.088303227,0.013092573,-0.156386601,0.069984616,0.11755663,0.006136527,0.118030848,0.001769291,0.065853907,0.071266815,-0.062753359,0.010427452
436,0.923239012,0.925934063,0.928350955,0.929736019,0.119959021,0.009587278,0.108485753,0.0042318,0.039168844,0.003873598,-0.165329611,0.028080211,0.123526276,0.014085884,0.126404879,0.010455949,0.090800234,0.016795681,-0.146952447,0.041791858,0.106238297,0.000906388,0.118904762,0.015822126,0.058758576,0.061888356,-0.060949027,0.010408849
437,0.924243917,0.92693963,0.929331779,0.930781807,0.111135868,0.005673387,0.105526245,0.005582392,0.033298844,0.011380096,-0.195985144,0.017265139,0.118627089,0.015841604,0.125143346,0.017657722,0.078442015,0.013710757,-0.142715206,0.040957507,0.11867943,0.003752191,0.122784889,0.00647142,0.06434911,0.071488329,-0.073939702,0.003989743
438,0.925224888,0.927899497,0.93030528,0.931759477,0.119610204,0.005471439,0.100841737,0.009589148,0.034729296,0.016393508,-0.171172832,0.001857391,0.122508436,0.008933325,0.124274258,0.006833024,0.080026194,0.017609844,-0.153569284,0.034979331,0.118823201,0.012593436,0.115225109,0.005249303,0.061782012,0.073073157,-0.068049321,0.009393169
439,0.926188131,0.928889812,0.931331915,0.932872921,0.116972939,0.01203661,0.111210874,0.004711608,0.02709519,0.006539007,-0.181655227,0.036948291,0.120282167,0.012052942,0.120946691,0.012943696,0.082526212,0.014877585,-0.149521667,0.036410473,0.117476003,0.007831839,0.121157189,0.008456391,0.051904482,0.060978576,-0.075442745,0.012236023
440,0.927123777,0.929916401,0.932354655,0.933844474,0.11310721,0.011766471,0.098901062,0.001634456,0.023518088,0.00796254,-0.197070657,0.016402982,0.120600319,0.013390867,0.122264941,0.002589483,0.073080553,0.008315041,-0.157979186,0.037306725,0.115795894,0.012363748,0.112347058,0.000645907,0.058405095,0.071488779,-0.078071563,0.013111967
441,0.928067702,0.93088208,0.933331973,0.934861663,0.112027373,0.006614393,0.098788152,0.006139111,0.020716666,0.007002948,-0.205546492,0.023183615,0.118423625,0.01141938,0.123270564,0.016424716,0.068993554,0.013254243,-0.175203676,0.028755235,0.12001903,0.008643795,0.121524368,0.009321037,0.050186361,0.068460147,-0.075098961,0.012120146
442,0.929002226,0.931878722,0.934298958,0.935861927,0.116827177,0.012073939,0.104702173,0.003042671,0.019112222,0.007759406,-0.208883097,0.016538802,0.114748866,0.0124588,0.122049785,0.015502906,0.07589337,0.023655392,-0.153002516,0.043194334,0.112829482,0.015911141,0.111116647,0.005919494,0.049998731,0.064348931,-0.086246953,0.006299679
443,0.929972624,0.932819068,0.93531607,0.936903573,0.113757962,0.004040908,0.093122685,0.007484593,0.014447144,0.008492873,-0.208160719,0.016604813,0.117959686,0.013789441,0.119251835,0.016750669,0.067502119,0.014606413,-0.171504743,0.032559559,0.115256682,0.007367311,0.115376322,0.006321711,0.0539971,0.074833591,-0.082445112,0.011435835
444,0.930922355,0.933811025,0.936329084,0.937839244,0.11312099,0.010259195,0.102125269,0.006143715,0.011537418,0.008009381,-0.223230737,0.036299759,0.116151907,0.007500547,0.12017593,0.012710374,0.071863303,0.008036498,-0.169555063,0.032493318,0.119984006,0.013779698,0.119485694,0.008081258,0.051907921,0.071501264,-0.090270274,0.005855371
445,0.931966318,0.934833148,0.937350765,0.938872471,0.111619851,0.003091918,0.096281596,0.004200756,0.010859556,0.008652412,-0.214231378,0.01893345,0.119387601,0.012940221,0.119043938,0.008353244,0.072187479,0.025716051,-0.17997539,0.037124684,0.120987101,0.019447405,0.112735325,0.009676443,0.044259058,0.069363253,-0.09482703,0.013395302
446,0.932939435,0.935840835,0.938324014,0.939880346,0.109450015,0.010105377,0.093820506,0.001988074,0.003914424,0.007047925,-0.221474678,0.017443437,0.117202658,0.012533882,0.119010775,0.01004225,0.051159899,0.011725806,-0.187032568,0.034475264,0.115391679,0.015747169,0.110689345,0.011434984,0.05214668,0.076646848,-0.097809569,0.016764846
447,0.933867101,0.936776928,0.939355697,0.940858818,0.113964564,0.007392486,0.096729712,0.003512401,0.003350714,0.007986958,-0.2508348,0.008617554,0.122049577,0.006455053,0.115142208,0.01079427,0.052778093,0.013073347,-0.18952967,0.029850439,0.115848182,0.007958934,0.119324391,0.005954707,0.040561976,0.072492065,-0.100892016,0.00480709
448,0.934831259,0.937767148,0.940351802,0.941857801,0.108070535,0.006798989,0.091703338,0.007979767,-0.002847176,0.007483736,-0.238826911,0.015674933,0.114911462,0.014223594,0.115912138,0.014559781,0.052188034,0.020295883,-0.200541198,0.039269095,0.113722702,0.010665127,0.110269854,0.003194613,0.04719994,0.078445423,-0.09925395,0.005835846
449,0.935828133,0.938745905,0.941287632,0.942848817,0.112471615,0.003826553,0.09067555,0.00374255,-0.006114783,0.008437916,-0.255537173,0.02448767,0.113907131,0.006657605,0.115018656,0.011973454,0.0423562,0.016072786,-0.195212717,0.029100698,0.109644895,0.010491829,0.108313429,0.003648827,0.036913894,0.068620416,-0.115768589,0.007755582
450,0.936757559,0.9397496,0.942343628,0.943915144,0.107342521,0.011852141,0.092029898,0.00598338,-0.008187472,0.007997947,-0.252987287,0.040526447,0.119788698,0.010624869,0.113111478,0.010080236,0.040897397,0.020079029,-0.208794743,0.035322249,0.106858428,0.020164543,0.094057552,0.016541455,0.034933933,0.07070791,-0.106969768,0.008646746
451,0.937775297,0.940714387,0.943329866,0.94487973,0.106867027,0.007133291,0.091212987,0.008384386,-0.013613359,0.009088091,-0.251195862,0.015787445,0.113253472,0.002506946,0.112740439,0.010455838,0.0351717,0.019624006,-0.210553788,0.029747278,0.106924317,0.014454851,0.119695303,0.015172118,0.026301858,0.071152058,-0.123048571,0.032643463
452,0.93872786,0.941668345,0.944310959,0.945891003,0.108418567,0.005346958,0.087681942,0.002035248,-0.016325294,0.009886728,-0.256964059,0.015745304,0.114948148,0.016729777,0.109931009,0.011688014,0.029310258,0.020218449,-0.21572167,0.04438654,0.103994182,0.020927133,0.10985334,0.00541849,0.033312374,0.071920462,-0.113104077,0.004945506
453,0.939684794,0.942691289,0.945348751,0.946864126,0.109986914,0.00935394,0.086667605,0.005764978,-0.020906583,0.008075534,-0.260002028,0.023865158,0.113669086,0.008132618,0.113264539,0.015009564,0.033116473,0.030353608,-0.219084988,0.029933526,0.095569809,0.021538301,0.107229078,0.005582156,0.026126443,0.078492672,-0.114956727,0.014305074
454,0.940644266,0.943656497,0.946322108,0.947889271,0.107585176,0.004886169,0.086277277,0.00427768,-0.025782287,0.0093077,-0.258155872,0.029039711,0.114240846,0.013223184,0.107517322,0.008421638,0.022104782,0.021332797,-0.228799603,0.027551945,0.099238705,0.021874485,0.111088833,0.003827248,0.038684523,0.087864044,-0.125364906,0.00859611
455,0.941631451,0.944639602,0.94731905,0.948872157,0.104323017,0.007988462,0.082696014,0.003197609,-0.029113375,0.007953488,-0.281408435,0.016773969,0.115252438,0.011156651,0.110299426,0.013107377,0.015897953,0.023264102,-0.228215882,0.021534599,0.097374348,0.030723563,0.105535603,0.008283435,0.026571371,0.070911493,-0.130418887,0.0165325
456,0.942611529,0.945641382,0.948372744,0.949894816,0.109758803,0.006618917,0.086660755,0.005636629,-0.033850447,0.010424696,-0.290496469,0.030761072,0.112485381,0.014274172,0.108146647,0.010850269,0.012306305,0.029662771,-0.253471707,0.030137023,0.08058484,0.013239711,0.107508136,0.003460777,0.032919799,0.080371482,-0.130731989,0.012903234
457,0.943564599,0.946553462,0.949325272,0.9508859,0.105359295,0.00536134,0.080275347,0.009596571,-0.037958037,0.011092601,-0.284934783,0.015111087,0.112007925,0.004204458,0.105803383,0.016985061,0.005000623,0.033702859,-0.227386841,0.028784897,0.091110831,0.023299005,0.100703495,0.006910046,0.027318327,0.079284077,-0.140974651,0.019237759
458,0.944516825,0.947559827,0.950332453,0.951903576,0.105610704,0.008894203,0.07810419,0.001874162,-0.040935674,0.009239287,-0.279522416,0.027965081,0.114170487,0.012693413,0.107782861,0.014821256,0.004436987,0.046808749,-0.251783922,0.047598421,0.100641436,0.02339467,0.106115776,0.005356638,0.026389682,0.075956794,-0.147837318,0.018224537
459,0.945464024,0.948551754,0.951346438,0.952930862,0.103878392,0.00696078,0.080673958,0.003343006,-0.04697841,0.010277915,-0.301451972,0.026386589,0.109674729,0.012588332,0.106540322,0.013570933,-0.019747638,0.063118851,-0.255639867,0.03013398,0.100250415,0.021289705,0.103214838,0.015511073,0.006640207,0.070182003,-0.141900648,0.02306043
460,0.946502491,0.949569609,0.952417019,0.953911497,0.103068622,0.004617089,0.073237582,0.005534588,-0.05265289,0.015701018,-0.305651917,0.038114328,0.111287975,0.011387419,0.102048523,0.012383015,-0.00296388,0.029136673,-0.250214161,0.022550155,0.099466964,0.019925083,0.109574236,0.010416713,0.022451729,0.083442056,-0.150775655,0.022518013
461,0.947500093,0.950511932,0.953374494,0.954957558,0.103505541,0.005071469,0.08155724,0.005693203,-0.059244078,0.010493826,-0.31152548,0.022829248,0.111978671,0.00631406,0.09983148,0.012645977,-0.003586969,0.027043904,-0.270160367,0.027069916,0.100710126,0.019332329,0.101124035,0.012739188,0.00769024,0.073785983,-0.15214812,0.016742399
462,0.948454005,0.9515465,0.954364726,0.955949998,0.102717976,0.00467669,0.068840291,0.004977041,-0.062669561,0.008875073,-0.332045778,0.02068818,0.112613423,0.008024692,0.105254122,0.012494663,-0.020745823,0.046991,-0.273478767,0.023536642,0.107440809,0.010704726,0.101979706,0.006672392,0.012056047,0.082172625,-0.155588355,0.014548457
463,0.949384391,0.952501938,0.955322454,0.956956107,0.104700673,0.013207378,0.078966663,0.004400675,-0.068903795,0.014421278,-0.325674,0.02645417,0.107326606,0.009391793,0.099854698,0.004862079,0.004373438,0.013796989,-0.26795438,0.022759411,0.106947726,0.015667007,0.101692188,0.014570915,0.010388254,0.076601485,-0.16806448,0.033592468
464,0.950349499,0.953541903,0.956352353,0.957894514,0.103892849,0.00312935,0.061474973,0.002302771,-0.069674293,0.011038047,-0.338760715,0.025903635,0.118381051,0.011538018,0.100870895,0.017562036,0.00130421,0.016373699,-0.271017273,0.022282253,0.106754145,0.005274372,0.107800435,0.007982784,0.010533617,0.081646759,-0.162046146,0.023683731
465,0.951257784,0.954508355,0.957325815,0.9589227,0.104200876,0.008482648,0.075122552,0.002248686,-0.081014527,0.005209792,-0.31488317,0.028865987,0.109963499,0.009045046,0.097941883,0.009827511,-0.012780258,0.016803026,-0.279530376,0.017825152,0.109017384,0.004246914,0.09446336,0.016607739,0.008366049,0.083260654,-0.183087347,0.024813738
466,0.95228709,0.955512059,0.958352812,0.959932714,0.098572376,0.001960275,0.068057001,0.001860615,-0.077602255,0.015112419,-0.330443471,0.028158064,0.110018195,0.010492925,0.097076518,0.01481378,-0.030113447,0.037974516,-0.2878691,0.022281031,0.112731995,0.018373035,0.105627333,0.016255133,0.005701704,0.088415966,-0.165056662,0.028962447
467,0.953218527,0.956509294,0.959352636,0.960957605,0.099529451,0.009577329,0.066957108,0.005145016,-0.087124359,0.009158668,-0.322862804,0.022082447,0.114030174,0.010898053,0.096832566,0.012923776,-0.075805645,0.108424227,-0.294239243,0.020577397,0.111637525,0.01293626,0.09866148,0.012590872,-0.004686988,0.087597186,-0.180394317,0.020217604
468,0.954200861,0.957473878,0.960338199,0.961940985,0.100887803,0.006101226,0.061021116,0.006422524,-0.098968298,0.02230846,-0.331234927,0.012246054,0.110217476,0.013828586,0.092860757,0.015498809,-0.074993241,0.096209177,-0.306763008,0.025627607,0.115786135,0.011354507,0.098182218,0.013060025,0.000476812,0.086845008,-0.18442916,0.027953048
469,0.95514568,0.95843889,0.961365838,0.962933975,0.100306054,0.006624905,0.06551159,0.003689598,-0.10340273,0.016989051,-0.358471023,0.034198936,0.112751208,0.008038695,0.093634976,0.010961395,-0.080053981,0.101169898,-0.319721656,0.028283087,0.117991548,0.020207183,0.096105418,0.014486196,-0.00795789,0.083264479,-0.189208179,0.032657748
470,0.956197026,0.959418076,0.96241824,0.963908956,0.095417745,0.002100915,0.057351609,0.002354432,-0.099334279,0.016733129,-0.353137903,0.028106455,0.110139018,0.006138833,0.095606969,0.011020425,-0.079849331,0.095775836,-0.30602631,0.01710211,0.113761427,0.015187174,0.101567836,0.017244178,-0.004169903,0.085485425,-0.198537535,0.029322146
471,0.957107279,0.960401017,0.963414906,0.964905018,0.101475131,0.006127032,0.062891597,0.00751687,-0.100742991,0.010957645,-0.363580659,0.033626607,0.111955652,0.006625325,0.093872127,0.007238711,-0.072667103,0.074777774,-0.316789948,0.030155151,0.121642397,0.017100476,0.089367039,0.013388688,-0.009924075,0.09281876,-0.200114731,0.033333066
472,0.95809638,0.961417066,0.964450154,0.965935414,0.097810077,0.00599814,0.055210567,0.007998711,-0.112620087,0.011372766,-0.357195961,0.030035571,0.116864806,0.011589194,0.087722957,0.019146511,-0.079464815,0.065996076,-0.30970115,0.009033518,0.117189255,0.016566631,0.094628193,0.019492626,-0.014659552,0.097189484,-0.192520485,0.025056366
473,0.959109888,0.96238098,0.965417921,0.96690966,0.095119036,0.00617696,0.061448524,0.004193989,-0.123119852,0.000978606,-0.364229353,0.026774159,0.106244797,0.012122677,0.090095458,0.012543633,-0.080471612,0.072268175,-0.335309328,0.023336811,0.111909788,0.019173132,0.093736415,0.016233012,-0.012376482,0.078834304,-0.20915876,0.021075829
474,0.960011995,0.963389011,0.966429951,0.967939038,0.099674421,0.008082462,0.05038969,0.006958433,-0.124116262,0.020394057,-0.37320974,0.040701139,0.112371516,0.005691,0.091365423,0.006425428,-0.073101372,0.046470435,-0.324386066,0.018459254,0.110707561,0.014321178,0.095276715,0.017512606,-0.016245759,0.088449703,-0.203596496,0.032726632
475,0.961038563,0.964369502,0.967473465,0.968946243,0.09349062,0.001324613,0.048370535,0.00462219,-0.135560365,0.021728473,-0.379110353,0.035276161,0.112171414,0.005176601,0.086755637,0.016706192,-0.075758495,0.047263841,-0.32657493,0.003223818,0.102319238,0.009362726,0.090821446,0.014823873,-0.015751344,0.091842094,-0.218823306,0.034088418
476,0.961954977,0.965343219,0.968469582,0.969913092,0.099730432,0.009406969,0.052615217,0.005858455,-0.130691812,0.008177076,-0.378338772,0.02087165,0.104838985,0.014216961,0.08673954,0.011367492,-0.082431708,0.037335323,-0.36413999,0.036834126,0.10272826,0.013243795,0.092164281,0.023430182,-0.024319739,0.085426187,-0.216725695,0.029311315
477,0.962870709,0.96636222,0.969413324,0.970940397,0.096980378,0.009101783,0.047681073,0.011356731,-0.149212723,0.02226816,-0.386900601,0.039802179,0.114769813,0.002579847,0.083232978,0.018683762,-0.089961565,0.056936088,-0.336454335,0.017253438,0.094953415,0.018905264,0.089993504,0.012806415,-0.027061295,0.091407796,-0.223120036,0.030941587
478,0.96390282,0.96738287,0.970493984,0.971905099,0.091469573,0.005486508,0.047909925,0.006735552,-0.148482481,0.022130558,-0.389799298,0.027729309,0.11078085,0.01955968,0.084664079,0.011663808,-0.085912289,0.040990911,-0.353189265,0.020707298,0.090645439,0.025820166,0.081345384,0.016947127,-0.024532755,0.094410656,-0.232212979,0.043316523
479,0.964858378,0.968334654,0.971474828,0.972943722,0.092582929,0.006513033,0.043118107,0.001559386,-0.159480269,0.014786283,-0.386022533,0.028994891,0.1122041,0.002265341,0.082423782,0.01482113,-0.099767162,0.038231708,-0.358701529,0.010072002,0.093981451,0.027122871,0.095713709,0.012280067,-0.028241226,0.093678815,-0.231822109,0.038573395
480,0.96585254,0.96936943,0.972515663,0.973956809,0.096979526,0.007583872,0.041479573,0.011337667,-0.158553576,0.013148223,-0.410132398,0.042571458,0.112320549,0.014531354,0.076169676,0.012505825,-0.100789871,0.034282297,-0.371387721,0.028111858,0.083831126,0.025183196,0.079983502,0.024269337,-0.038217174,0.091235762,-0.227283555,0.015593415
481,0.966795152,0.970377235,0.973508283,0.974942643,0.091572644,0.010223905,0.039133974,0.006712234,-0.159283038,0.015783046,-0.406954326,0.034002176,0.108520795,0.001206331,0.085361415,0.012922887,-0.111432907,0.03268481,-0.357211833,0.0292418,0.093782008,0.018936619,0.091294246,0.027137268,-0.034485968,0.089675117,-0.245469902,0.043742683
482,0.967757521,0.971362317,0.97456699,0.975943314,0.093075787,0.001747885,0.039571595,0.004237821,-0.178169282,0.02954961,-0.408084102,0.036850576,0.113539603,0.002838972,0.076956205,0.016027846,-0.10464219,0.039323603,-0.38016685,0.036247035,0.093604456,0.009636742,0.085317984,0.015980961,-0.044133416,0.092765027,-0.249230695,0.024324516
483,0.968753836,0.972327206,0.975529228,0.976973727,0.092520678,0.004863012,0.035605983,0.005724279,-0.17702692,0.011473842,-0.400955089,0.03456145,0.109273092,0.006735228,0.076969896,0.016993816,-0.106411001,0.03090059,-0.391937202,0.020532706,0.108181122,0.010221332,0.084233816,0.029380819,-0.048910685,0.103782379,-0.248912772,0.045732349
484,0.969730164,0.973310842,0.976523455,0.977962737,0.087986397,0.0055815,0.032393447,0.006842719,-0.193718736,0.028792165,-0.419939529,0.036293215,0.108261923,0.010394246,0.077884481,0.010247697,-0.124024723,0.040877731,-0.368953176,0.01953896,0.100027851,0.011046945,0.082866285,0.01511154,-0.044148304,0.090415887,-0.252543924,0.035953519
485,0.97068584,0.974333753,0.97754559,0.978964532,0.092342234,0.006776675,0.033970545,0.008042403,-0.192283002,0.010310824,-0.419110764,0.032436005,0.108662108,0.009815782,0.071841138,0.021136155,-0.121147601,0.032413708,-0.408342131,0.025057419,0.108010132,0.01897869,0.083543708,0.024931951,-0.047827153,0.094135075,-0.26015124,0.028460407
486,0.97167324,0.975321966,0.978560159,0.979931207,0.089085914,0.000971397,0.030565516,0.004774043,-0.19494009,0.016410095,-0.433887355,0.033323784,0.107433769,0.008449723,0.073564327,0.01184005,-0.141423114,0.034978162,-0.399063355,0.037254688,0.0950635,0.009429354,0.07594189,0.02496607,-0.050698296,0.098481166,-0.266833164,0.039190239
487,0.972636374,0.976278443,0.979611938,0.98099015,0.089570079,0.0078883,0.023226804,0.004098594,-0.20277195,0.023935745,-0.432303728,0.056810247,0.106750241,0.009388313,0.0713427,0.019263027,-0.135164529,0.035516413,-0.392628961,0.039694553,0.096478107,0.007536379,0.084111203,0.021928331,-0.057059378,0.091299706,-0.255334655,0.034080847
488,0.973613571,0.977305955,0.9806273,0.981967995,0.087058466,0.00239616,0.027033959,0.011276735,-0.220867315,0.021567145,-0.442433634,0.029725072,0.108186161,0.005118493,0.070110033,0.012399797,-0.142927724,0.031501488,-0.406882072,0.039541295,0.098121008,0.007597608,0.078980664,0.023968119,-0.070140703,0.115608954,-0.281467281,0.032411325
489,0.974569582,0.978289513,0.981585299,0.982975149,0.090423259,0.008455016,0.021853714,0.005146355,-0.222544164,0.015051522,-0.436292384,0.026694021,0.109168186,0.009891104,0.070333965,0.014145624,-0.148417318,0.033398074,-0.398495147,0.034747419,0.108133988,0.012181977,0.077854187,0.033504745,-0.064046505,0.094313108,-0.261363938,0.02600454
490,0.97556715,0.979289224,0.982618996,0.983963934,0.091435835,0.001708317,0.020869034,0.004864558,-0.228792953,0.020405433,-0.440267962,0.039705831,0.106963459,0.009254039,0.066370497,0.014007878,-0.162585175,0.032612103,-0.422596449,0.043612567,0.105393876,0.007908721,0.076717288,0.0243816,-0.06525438,0.091907232,-0.29655608,0.050131681
491,0.976525153,0.9803125,0.983611825,0.985015403,0.084228808,0.007522642,0.015636649,0.003683527,-0.226771221,0.023924168,-0.433355002,0.048948079,0.101791829,0.008422774,0.066343603,0.021738674,-0.169248238,0.030068246,-0.418567542,0.030635298,0.103732286,0.015496934,0.074812992,0.02251141,-0.070855841,0.093922535,-0.276735523,0.024976757
492,0.977501747,0.981292932,0.984665743,0.986013846,0.083145894,0.004006586,0.016948652,0.004338426,-0.236644727,0.015239786,-0.461478364,0.051851573,0.111316259,0.001854692,0.066788116,0.013201835,-0.156187562,0.026875652,-0.412319013,0.041200968,0.105222253,0.01459331,0.076289521,0.032947805,-0.092750478,0.07709238,-0.288218982,0.032342877
493,0.978475783,0.982245185,0.985715046,0.986999572,0.087041347,0.006052422,0.013384983,0.00734511,-0.242234808,0.0323247,-0.474146235,0.050665127,0.108745187,0.011978789,0.061445381,0.02359438,-0.182942845,0.045744908,-0.432374357,0.054634796,0.101557842,0.004285127,0.06908502,0.031023887,-0.076697739,0.097490331,-0.278519258,0.032165647
494,0.979432142,0.98324248,0.986713788,0.988006466,0.086273126,0.006003127,0.011526642,0.009789835,-0.252472468,0.022017796,-0.465535383,0.050118241,0.105482425,0.004495723,0.060190175,0.016638674,-0.181489851,0.021488191,-0.435314448,0.030194983,0.09707616,0.01409432,0.071939369,0.032837729,-0.090250999,0.091194637,-0.300414608,0.031634279
495,0.980391361,0.984249739,0.987696568,0.988967756,0.085291562,0.003695303,0.005767492,0.003129356,-0.267161091,0.02493097,-0.479184351,0.041574891,0.105165493,0.009205788,0.059748789,0.013116297,-0.181563296,0.018471679,-0.432318636,0.049153524,0.105099478,0.013301476,0.072436306,0.023472041,-0.078642037,0.100052781,-0.296368934,0.043351291
496,0.981350182,0.985240558,0.988745407,0.990000076,0.085653386,0.004341356,0.004975622,0.004536551,-0.261449066,0.023545224,-0.474085834,0.061242797,0.115760189,0.000564587,0.05746055,0.02134536,-0.200946089,0.035390725,-0.454015218,0.035818706,0.101507999,0.012539372,0.070784751,0.034808752,-0.087336601,0.098908739,-0.315849168,0.02178289
497,0.982327223,0.986259315,0.989735181,0.990996322,0.081823752,0.007007264,0.001561663,0.004979357,-0.280759375,0.010332694,-0.471215074,0.039516799,0.101601677,0.013182455,0.059318683,0.017153262,-0.208084611,0.031020365,-0.456650745,0.047096872,0.097509049,0.008876412,0.065029482,0.033657378,-0.103229327,0.114006198,-0.308930987,0.030470999
498,0.983289237,0.987253529,0.990771651,0.992001041,0.082960939,0.000505751,-0.000873489,0.004494069,-0.270686207,0.012458018,-0.499043606,0.062045185,0.107767647,0.00581442,0.057518422,0.022973562,-0.206156013,0.020185592,-0.461405497,0.038542734,0.09806339,0.011534495,0.063667161,0.032671327,-0.098172824,0.090423408,-0.303925507,0.029415383
499,0.984256354,0.988233732,0.991759634,0.993073546,0.082352135,0.004166359,-0.003061487,0.006273673,-0.297983938,0.028695152,-0.478025984,0.063331571,0.102517269,0.010142452,0.049537049,0.018820582,-0.204945524,0.026633358,-0.46219629,0.068951516,0.094420734,0.010553322,0.065835455,0.033096006,-0.104314493,0.08860066,-0.313967457,0.019472189
500,0.985305859,0.989255344,0.992817573,0.994032569,0.076825415,0.004765156,-0.006245757,0.004763934,-0.292421531,0.013481445,-0.497238806,0.035958584,0.104821691,0.002185602,0.055557579,0.017925671,-0.23634943,0.033292677,-0.458279092,0.034152946,0.09607342,0.010654006,0.068125952,0.029363228,-0.097982812,0.095304441,-0.31577559,0.018785404
501,0.985687761,0.98983337,0.993388892,0.994386255,0.084382681,0.024249299,,0.008730953,-0.278205618,0.018884582,,0.113174889,,0.041943643,,0.026225763,-0.240883681,0.061738845,,0.076968225,0.108350694,0.006444407,0.064043936,0.034918678,-0.125110465,0.097203316,-0.284146929,0.152537294
