,Ewe_RHE,Logj100a,Logj100b,Logj100c,Logj10a,Logj10b,Logj10c,Logj1a,Logj1b,Logj1c,Logjpt1a,Logjpt1b,Logjpt1c,CO_Order_overall,CO_Order_overall_std,CO_Order100x10,CO_Order100x10_std,CO_Order10x1,CO_Order10x1_std,CO_Order1xp1,CO_Order1xp1_std
0,0.5,2.5679734596043717,2.492511661575,2.559342274594704,1.8697964833486687,1.8160203127922365,1.3200566224013424,1.0567713665055576,1.0839881205747814,-0.511433266441895,0.2240830363649825,0.21380225463981603,-2.1658394770452962,0.4548495230997424,0.08468414725874127,0.37840859608694716,0.07669264861545932,0.48880527197850326,0.24129438800089656,0.4860161182741898,0.41428934263073663
1,0.5004904904904904,2.575389590289294,2.5017318996005096,2.523313888785288,1.8813879401568137,1.8238095163948598,1.3200610087934137,1.065911046841477,1.0977288259151212,-0.5166755854694416,0.24289832877785988,0.23029004031144976,-2.249992892490563,0.45615417182135604,0.0875027894214945,0.37279504112795653,0.07800990068874765,0.4890581732588138,0.24404920230861799,0.49564130059814515,0.4279553321184211
2,0.500980980980981,2.5829060086031754,2.510813076412902,2.4902283121279134,1.8925574047309066,1.8316286002632014,1.3210805218523407,1.0754041929585558,1.110892047069484,-0.5199213260272605,0.2608700774841644,0.24620487237178781,-2.3370828911888553,0.4577573517186859,0.09038104848880994,0.36751169776118925,0.07963169362552172,0.48914466080268443,0.24645829513770218,0.5061532602308513,0.44181534573473713
3,0.5014714714714714,2.5905111637970406,2.519766141336129,2.4601367935486613,1.903344789620775,1.8394768471543796,1.3230438215436122,1.085213164957068,1.1235316164712768,-0.5212534092680056,0.2780673010706936,0.26159219581555965,-2.4275793666551193,0.4596771991637406,0.09333153150471592,0.36257055138932365,0.08144802857386826,0.4890697411411822,0.24853748041967128,0.5175937909682354,0.4559512958250588
4,0.501961961961962,2.5981943425795357,2.528601298191739,2.4330634277056498,1.913786563400141,1.8473534945062513,1.3258807915130209,1.0953025290393776,1.1356965828232133,-0.5207628698321392,0.29455291857019344,0.27649364895996376,-2.5220550221300746,0.4619356923906743,0.09637059453202133,0.35797999772538064,0.08336362898640733,0.4888396405216217,0.250303730264565,0.5300194562147047,0.4704593860570796
5,0.5024524524524524,2.6059456933907357,2.5373280731668197,2.409005039570086,1.9239162752617025,1.8552577272727764,1.329523202552545,1.1056391474771512,1.1474317197090056,-0.5185470408876679,0.3103844354318846,0.29094743754330066,-2.6212203800427014,0.46456010704395706,0.09951927947640872,0.35374466847075126,0.08529920954793764,0.4884616264642373,0.25177484730343114,0.5435068530567893,0.48545475492688006
6,0.502942942942943,2.61375610315634,2.545955344102903,2.3879312245465427,1.933764730412668,1.8631886994920985,1.3339052657218597,1.1161920258014828,1.1587779966934806,-0.5147081419288329,0.3256145413860774,0.3049886931415508,-2.7259645962566466,0.46758473065687817,0.10280446394435502,0.34986531493560297,0.08719114450763148,0.4879438658338164,0.2529691955690382,0.5581586328089025,0.5010770887583682
7,0.5034334334334334,2.621617231503558,2.554491382883939,2.3697855207715746,1.9433602060503758,1.871145532252595,1.3389634237650045,1.126932335810743,1.1697728730188839,-0.5093515879335421,0.34029162294439724,0.31864974616439246,-2.837421495191783,0.4710537216612684,0.10626073642303097,0.346338988060333,0.08899031828511096,0.48729513499324356,0.25390544799370596,0.5741132374862369,0.5174996754555019
8,0.5039239239239239,2.62952141267026,2.5629438970631178,2.3544865429193087,1.9527286523088234,1.879127306257035,1.3446370298385297,1.1378332660304065,1.180450561965315,-0.5025844376429861,0.3544602112603578,0.331960389091894,-2.9570671205187415,0.47502535036742494,0.10993321455544991,0.3431590681072285,0.09066044810916127,0.48652470481653626,0.25460231253598165,0.591559160028806,0.5349429100528446
9,0.5044144144144144,2.6374616489114753,2.571320070597352,2.3419309543150786,1.9618939732235845,1.8871331009331294,1.350868514029498,1.1488699843811663,1.190842504462321,-0.49451419967010574,0.3681613554070929,0.3449480923419608,-3.0868689513157763,0.47957856775821067,0.11388191321119358,0.3403156294187783,0.09217629535596858,0.4856421751390053,0.2550783676763371,0.6107566962565834,0.5536951101580954
10,0.5049049049049049,2.6454315542115787,2.5796265863264534,2.331996731534625,1.970878025150526,1.8951619568426423,1.3576032587392364,1.1600195905925275,1.2009774435903287,-0.4852474600926025,0.38143296594446546,0.3576382175641744,-3.2295287440315663,0.48482364548044243,0.11818889650582055,0.33779593183331225,0.0935219127699022,0.4846572484738438,0.2553518573215729,0.6320732218030376,0.5741464405083044
11,0.5053953953953954,2.6534253162400407,2.5878696517695583,2.3245448146076892,1.9797009833737744,1.9032129153039081,1.3647898066060897,1.1712609448222393,1.2108817120842708,-0.4748888667965411,0.3943101100704974,0.3700541899447902,-3.388901269028447,0.4909204046826345,0.12297068697252357,0.3355845688955987,0.09468911893605023,0.4835796550780563,0.2554405441370206,0.6560439066091078,0.5968475309701632
12,0.5058858858858859,2.661437654909591,2.596055044785288,2.3194244708106577,1.9883812567715173,1.9112849956954945,1.3723798835005945,1.1825746504831838,1.2205794517937236,-0.46354024791502146,0.40682525847286904,0.38221767984646304,-3.570750599129057,0.498111258808543,0.1284007710224941,0.33366425726615423,0.09567589596176207,0.4824189837392094,0.25536158610752924,0.6834812937767102,0.6226155924401512
13,0.5063763763763763,2.669463822267439,2.6041881245753054,2.3164757818401975,1.9969358081086552,1.9193772204526056,1.380328429266424,1.1939429541983897,1.2300928302578842,-0.45129985581775045,0.4190085218011473,0.39414869970351596,-3.784267055898248,0.5067871805611669,0.13475486723677282,0.33201614391776835,0.0964851578636008,0.4811846098981871,0.255131440235066,0.7156949780885387,0.6527474308117897
14,0.5068668668668669,2.677499506339459,2.612273863598073,2.3155329142248173,2.005380134570676,1.9274885998572928,1.3885934910130933,1.2053496254459533,1.239442035985437,-0.43826173028427434,0.43088784849882167,0.40586577655457984,-4.04547861361855,0.5176359709973002,0.1425129564547318,0.3306202907433938,0.09712361608407866,0.47988560109824924,0.2547657644516324,0.7549854777832743,0.6894990842538863
15,0.5073573573573573,2.685540880089213,2.620316867003219,2.3164276026089334,2.013728364774613,1.9356181591075183,1.397136138014105,1.2167798692162561,1.2486456449799765,-0.42451528607702943,0.4424892028692852,0.4173860640436977,-4.386308907117162,0.532035776011293,0.15263086394312428,0.3294561830714522,0.09760078227554789,0.47853062250695605,0.25427938373665504,0.8059555736235832,0.7373614593432596
16,0.5078478478478479,2.6935844761049053,2.628321402100359,2.3189919341016063,2.021993476896769,1.943764912491182,1.4059204703364074,1.2282202895945835,1.2577205266837095,-0.41014500162922063,0.45383671852035967,0.42872542474528647,-4.886680615115451,0.5534494253707649,0.1675050494877405,0.32850308977895404,0.09792812866092963,0.4771279398248946,0.2536862405173316,0.880157741690403,0.807589139262365
17,0.5083383383383383,2.7016272386966134,2.6362914074505466,2.323060329967334,2.0301872665738547,1.9519278873433528,1.4149132915672622,1.2396587413225182,1.2666822155322834,-0.3952302410521478,0.46495284232245127,0.43989854315924953,-5.882826444382166,0.5964713307098796,0.19725590689854416,0.32774040758485284,0.09811844819232834,0.47568531266295805,0.2529993995868027,1.026250277897468,0.9476697803544126
18,0.5088288288288288,2.709666460002894,2.6442305266701442,2.3284721784395415,2.0383204770379924,1.9601061185198152,1.4240843233629266,1.2510842530735404,1.2755447814745766,-0.3798451147249764,0.4758584725460784,0.450918996793058,-6.295287947365605,0.614213506630863,0.2098897596517321,0.32714798873489304,0.09818519957606438,0.4742100533098612,0.252231006961268,1.0879502956215021,1.006928604688965
19,0.5093193193193193,2.7176997482434806,2.652142109144473,2.3350734862349545,2.0464028892043697,1.9682986456037022,1.4334057613573536,1.262487044346635,1.2843210661212738,-0.364058458286229,0.4865730534823371,0.46179937687675876,-5.057477701483993,0.5603472897483818,0.17342322383501935,0.326706427241879,0.09814208237652372,0.47270893540758147,0.2513923278090774,0.9108392913759513,0.8351488660372776
20,0.5098098098098098,2.7257250000695197,2.6600292404484565,2.3427176485508867,2.0544432949622844,1.976504533214912,1.4428523643867994,1.2738582622062,1.2930227720438254,-0.34793395054614235,0.49711468821909977,0.4725512985069907,-4.530580938074444,0.5374106657058916,0.1582810871574836,0.326397158765169,0.09800267488084775,0.4711882481945305,0.2504937464362422,0.8367207293284286,0.7635090714102392
21,0.5103003003003003,2.733740429122306,2.6678947535598385,2.351267486158638,2.0624497232098102,1.9847228494965519,1.45240122925089,1.2851901304937046,1.3016605016270562,-0.33153020178981246,0.507500234339238,0.483185528088691,-4.193434832964164,0.5227632875129644,0.14877195036340554,0.3262027642669415,0.09778009338636648,0.46965377906444133,0.2495448081081119,0.7901364886903511,0.7183860839438121
22,0.5107907907907908,2.7417444690582387,2.675741249103353,2.3605934071486505,2.070429348485448,1.9929526893002818,1.4620315287886851,1.2964757014240258,1.3102438030701917,-0.31490091732826,0.5177453794150191,0.4937119974112761,-3.946021705061526,0.5120552757227512,0.1419046381110178,0.3261067405774919,0.09748696811931121,0.46811081875571753,0.24855423885675557,0.7565964201573886,0.6857243305717907
23,0.5112812812812813,2.7497357800311764,2.6835711007285394,2.370577431690029,2.078388596743806,2.0011931526733435,1.47172468642242,1.3077088602053533,1.3187813828096655,-0.2980950555802475,0.5278647265822947,0.5041398899509978,-3.75094918087848,0.5036570705486275,0.1365665696587835,0.3260940472897144,0.09713498491403032,0.46656419028204155,0.24752997700443438,0.7306772674963218,0.660289600309036
24,0.5117717717717718,2.757713286821249,2.6913864726932246,2.381109528901639,2.0863332757406936,2.0094433657079582,1.4814639094552131,1.3188843050252157,1.3272810084367663,-0.28115717868404994,0.5378718526019299,0.5144776841101633,-3.5901212097090967,0.4967775190991103,0.13222195010419632,0.3261506302007017,0.09673512100433754,0.46501827097141446,0.24647924032832544,0.70975007216778,0.639558184688417
25,0.5122622622622622,2.7656760583596385,2.6991893447399633,2.3920900856458993,2.0942684736125208,2.0177024762142817,1.4912342991851524,1.3299973748864202,1.3357497180003637,-0.26412754036385894,0.5477793878818418,0.5247331962499282,-3.453380683860805,0.4909707291615295,0.1285715800868612,0.3262637642348034,0.09629735343461769,0.4634770004418551,0.24540853345375532,0.6923359990478212,0.6221189726173971
26,0.5127527527527528,2.7736233555890353,2.7069815043356544,2.4034288234150862,2.1021987764667056,2.0259696484771683,1.5010224542456543,1.3410441162076514,1.3441937525969172,-0.24704240549102027,0.5575990573730762,0.5349136176280636,-3.3344612128728004,0.48596021028203973,0.12543186042045573,0.3264219291339025,0.09583074925156881,0.46194390029783694,0.24432371752295717,0.6775202380757808,0.6071048404956264
27,0.5132432432432432,2.7815546400275,2.7147645699512877,2.4150441559520357,2.1101281327724455,2.0342440771311234,1.510816743490973,1.3520211596723244,1.352618659978557,-0.2299343148464053,0.5673417529533609,0.5450255954317629,-3.229227339122427,0.48156242042633707,0.12268231012831131,0.32661469919193936,0.09534343188325403,0.4604221371690969,0.24323002921525166,0.6646971860037216,0.5939459128292728
28,0.5137337337337338,2.789469458166307,2.722540002105705,2.4268629817190357,2.1180600362123836,2.0425249702573764,1.5206068101197654,1.362925680109947,1.3610294046293663,-0.21283234828287081,0.5770175662170293,0.5550752201674147,-3.134806367218811,0.4776490453997546,0.12023973210132738,0.3268327458372546,0.09484263979769159,0.4589145029179719,0.2421321512230442,0.653444734937965,0.582248043227784
29,0.5142242242242242,2.7973675328787286,2.7303091152078456,2.438820376737663,2.1259975171494143,2.050811568269292,1.530383710814566,1.373755385252521,1.369430368378873,-0.19576227173194785,0.586635850918658,0.5650680905499547,-3.049125278632691,0.47412687736564896,0.11804444984659597,0.3270677864725798,0.09433472356750613,0.4574234591008009,0.24103422583719325,0.6434571926118487,0.5717280649205908
30,0.5147147147147147,2.8052486801009473,2.7380730766539245,2.45085939730398,2.1339431330296748,2.059103125258985,1.5401396067162503,1.3845084053509888,1.3778253324478038,-0.17874697935895298,0.5962052477091331,0.5750093505160307,-2.9706395990272014,0.4709260281719349,0.11605227165179308,0.32731259254845824,0.09382518885069915,0.45595117072954083,0.2399399216290127,0.6345059403852704,0.5621759671597392
31,0.5152052052052052,2.8131128598836233,2.7458329254300606,2.4629290075699264,2.14189907246073,2.0673989309447784,1.5498678433235427,1.39518334170211,1.3862176358228835,-0.16180646290426293,0.6057337451790176,0.5849037054732418,-2.8981680637384932,0.4679926581704466,0.11422960676771199,0.32756066982268245,0.0933188493590506,0.4544995016920952,0.2388524437134635,0.6264155218226796,0.5534318543460123
32,0.5156956956956957,2.8209600963223425,2.7535895878164482,2.4749855188239867,2.14986715492206,2.0756982877000043,1.5595627828819334,1.4057791286589902,1.3946100878159895,-0.1449582434952392,0.61522869891956,0.5947554485143376,-2.8307913724594496,0.46528464368565775,0.11255046132782151,0.3278064850311898,0.09281974571399657,0.45307008226635104,0.23777458560119283,0.6190488842325347,0.545371839527169
33,0.5161861861861862,2.8287904979867116,2.7613438689065237,2.486990599685955,2.15784885923225,2.084000537127325,1.5692197255937266,1.4162951109678463,1.4030051674139468,-0.12821752972506126,0.6246968804972183,0.6045685147725627,-2.767776396962825,0.46276819295230764,0.11099422641000997,0.32804518300187874,0.09233131157514703,0.4516642885120132,0.2367087753229484,0.6122964088231293,0.5378975667424978
34,0.5166766766766767,2.836604271238265,2.769096471000964,2.498911946027162,2.165845344176746,2.09230503623065,1.5788346897579246,1.4267308965026622,1.4114049024623145,-0.1115973595034887,0.6341444992696654,0.6143464819048887,-2.7085342930702367,0.4604160591496296,0.10954443028739695,0.32827272051756984,0.09185636691689006,0.4502832693230789,0.23565708791511614,0.6060697842170902,0.5309303547165571
35,0.5171671671671672,2.844401673063709,2.776848000807695,2.51072136699442,2.173857519337844,2.1006111696088268,1.5884046478814766,1.4370864356481847,1.41981101817004,-0.09510884133498816,0.6435772425409374,0.6240925916811241,-2.652583394470238,0.45820584617396615,0.1081876664080909,0.3284855372543004,0.09139723925728256,0.44892799456582066,0.23462128502537424,0.6002966239044926,0.5244060970952805
36,0.5176576576576577,2.8521830202210587,2.7845989708654155,2.522395879710817,2.1818859901327055,2.1089183464500283,1.597927154775413,1.4473618959199108,1.4282248535304265,-0.07876129962892958,0.653000300440284,0.6338098056132919,-2.5995252995750278,0.4561190135145557,0.10691288836352038,0.32868077801587914,0.09095574324951859,0.4475992441342442,0.2336028373695532,0.5949169415203145,0.5182719560931133
37,0.5181481481481481,2.8599486748847136,2.7923498242598255,2.5339159004148577,2.1899312200757857,2.117226003254997,1.607400425975223,1.4575577101495052,1.4366475089509465,-0.06256245199534277,0.6624183952783143,0.6435007836903512,-2.5490281922528406,0.45414007667848566,0.10571093082892459,0.32885599713777375,0.09053332125831158,0.4462976405057545,0.23260296345859885,0.5898807377828391,0.5124840644995378
38,0.5186386386386387,2.8676990503915674,2.8001009122885328,2.5452656847910013,2.1979933397981006,2.1255335970646203,1.6168231923934915,1.4676744950392924,1.4450797743433337,-0.04651855989007094,0.6718358037071119,0.6531679236551612,-2.500811239895541,0.4522559447760302,0.10457405715771317,0.3290092694988719,0.09013102831955326,0.44502364308085784,0.23162264133727165,0.5851456889800851,0.5070053952622008
39,0.5191291291291291,2.8754346024043382,2.8078525190679233,2.556432921591535,2.206072382284588,2.133840614544338,1.626194800058743,1.4777131011459925,1.4535222805264416,-0.030634571487121426,0.6812563899643617,0.6628133968090422,-2.454638202587222,0.45045562714144416,0.10349577225842688,0.32913908416731674,0.08974957760890451,0.44377758952023283,0.23066264402312395,0.5806762202771868,0.5018048734501865
40,0.5196196196196197,2.883155781255826,2.815604871472357,2.567408040929646,2.214168169344994,2.1421465608093584,1.6355149032994774,1.48767448605446,1.4619753117714915,-0.014914216280741466,0.6906836206708348,0.6724391439334928,-2.4103057569686315,0.44872969377314814,0.10247049216774848,0.3292443012745415,0.08938942527780018,0.44255969246772237,0.22972354286330096,0.5764417546789893,0.4968557914082264
41,0.5201101101101101,2.8908630865768963,2.823358130743531,2.578183857248479,2.222280402313656,2.1504509729585317,1.6447836693668405,1.4975598166093083,1.4704390458100116,0.0006398304061222055,0.700120591981488,0.6820468782221067,-2.367639327266086,0.4470700813717643,0.1014934258021397,0.3293240623117565,0.08905078707577038,0.4413700585326528,0.22880574597930034,0.5724161308839208,0.4921352456895218
42,0.5206006006006006,2.8985570389456345,2.8311124040812317,2.588756203101983,2.230408642090439,2.1587534062514844,1.654001598230515,1.5073703497730433,1.4789134849724872,0.016025862511555453,0.7095700579918022,0.6916381493401506,-2.3264883474015763,0.44546991121036134,0.10056043590571748,0.32937791043050274,0.08873362454435862,0.44020869682045627,0.22790950506438193,0.5685768645100935,0.4876234911960773
43,0.5210910910910911,2.9062381731713307,2.8388677522674675,2.5991219732716746,2.238552283151853,2.1670534393926624,1.66316945930273,1.5171074788721237,1.4873984667011142,0.031243036546727852,0.7190344359163701,0.7012143033332727,-2.2867207208596794,0.4439231646493322,0.09966789147240153,0.3294055195884874,0.08843778658492307,0.43907551400318273,0.2270349363577055,0.5649043439050431,0.48330319979998293
44,0.5215815815815816,2.913907014079049,2.8466241846601656,2.609280396395431,2.246710692091673,2.1753506760476453,1.672288430147351,1.5267726942021236,1.495893658716437,0.04629131994930464,0.7285158327035733,0.710776527327667,-2.2482215734868154,0.4424246852545238,0.09881262465296577,0.32940683405091153,0.0881629231592575,0.4379703685543126,0.2261820219043416,0.5613816253917508,0.47915928395633367
45,0.5220720720720721,2.9215641071503593,2.8543816829944286,2.619232286634238,2.254883115321228,2.1836447426973518,1.6813596756276874,1.5363675634856906,1.5043986555945872,0.06117131122361251,0.7380160726593805,0.7203258769284935,-2.2108901003756474,0.4409700033631077,0.09799184810336219,0.3293820425364033,0.0879085874922307,0.43689301103716494,0.22535065717363853,0.5579939539577355,0.47517848717334477
46,0.5225625625625625,2.929209980080237,2.862140180910126,2.628980305662461,2.2630687184376157,2.1919352805428955,1.6903848400412491,1.5458937312791734,1.5129129098099572,0.07588427880215552,0.7475367037154589,0.7298632474530653,-2.1746377132385892,0.4395552734429413,0.09720309796476306,0.32933153184405783,0.08767416042870946,0.435843164318656,0.22454061766215322,0.5547284938742053,0.471349123708494
47,0.523053053053053,2.936845188255236,2.8698995790972877,2.638527269806526,2.271266586141751,2.200221959044563,1.6993655703816908,1.5553529183909338,1.5214358225915168,0.0904320037243678,0.75707901758027,0.739389399841352,-2.1393845029109326,0.4381770418373349,0.09644414695104582,0.32925571762961797,0.08745902515142469,0.43482046620849235,0.22375161021755688,0.5515738002168419,0.4676606249254687
48,0.5235435435435436,2.9444702562146543,2.8776597560097206,2.647877677645605,2.2794757977459232,2.2085044784444134,1.7083036614153686,1.5647468780679443,1.5299666786663728,0.10481678248864637,0.7666440705278831,0.7489050033209762,-2.1050610160599605,0.4368323902040772,0.09571304320822467,0.3291552263269103,0.08726245587487877,0.43382451713377956,0.22298326037062616,0.5485200515083074,0.46410376085990895
49,0.524034034034034,2.952085719038811,2.8854205587690243,2.65703718075873,2.2876953568999556,2.2167825326649426,1.717201158247795,1.5740773958931116,1.5385047443634334,0.11904127802990644,0.7762326905083478,0.7584105907274317,-2.0716039418088488,0.43551872890578336,0.09500799595884594,0.32903082390156424,0.08708363411136297,0.4328548868290003,0.22223513087165775,0.545558423345713,0.46067008453062064
50,0.5245245245245245,2.959692092356786,2.8931818192768164,2.6660115717648805,2.2959242357897445,2.2250558581495774,1.7260601085782654,1.5833463290604193,1.5470491800427368,0.13310857080908392,0.7858455043595418,0.7679066348549174,-2.0389575435363114,0.4342338078627803,0.09432741744316316,0.3288832897415055,0.08692174949651527,0.43191109153550883,0.2215067265084344,0.5426812810870838,0.4573521129827148
51,0.525015015015015,2.967289872832631,2.900943339505259,2.6748078157051864,2.3041614224582316,2.233324201047695,1.7348825749515908,1.5925555317081552,1.5555991237140825,0.14702205876309205,0.7954829399481823,0.7773934738173632,-2.007070200802514,0.43297561540019436,0.09366982542974531,0.328713560032217,0.08677593451055385,0.43099261106292114,0.22079750803837264,0.5398816765512028,0.45414287741221226
52,0.5255055055055055,2.9748795439639997,2.9087049057295014,2.6834335136022496,2.312405819017214,2.241587331220104,1.743670854805969,1.6017068515013293,1.5641537471225995,0.160785402535563,0.8051452478620001,0.786871397577873,-1.9758976782926345,0.4317424950341305,0.09303393233735079,0.3285226338514492,0.08664526277113144,0.43009890824064884,0.22010688899531294,0.5371538052747871,0.4510363527469313
53,0.525995995995996,2.9824615937072667,2.9164662968853623,2.6918960071792646,2.3206563987687483,2.249845026976768,1.7524270741787675,1.6108021844295695,1.5727120724804955,0.1744025047478905,0.8148325114491547,0.7963406125589517,-1.9453980043789771,0.43053288473005746,0.09241851203995467,0.32831148560633233,0.08652886847741877,0.42922941223581185,0.2194342554026691,0.5344922471794434,0.4480267892112408
54,0.5264864864864864,2.990036473612489,2.924227271146929,2.700203883769949,2.3289120516051827,2.2580970975468,1.761153552685824,1.619843416407351,1.5812732092974517,0.18787747308361485,0.8245446595284199,0.8058012619756418,-1.9155335322642268,0.4293454693040043,0.09182244838664383,0.3280812413240995,0.08642579110502577,0.42838353177523475,0.21877895927308572,0.5318922806556018,0.4451089853297192
55,0.526976976976977,2.9976046059061057,2.931987579736788,2.708365595035038,2.3371717507675847,2.26634335344617,1.7698526012890903,1.6288324008634631,1.5898362115203057,0.20121456641164442,0.8342814783391425,0.8152534290441675,-1.886270052855055,0.4281790843857852,0.09124471693942286,0.3278329911404701,0.08633509827209886,0.42756067744522513,0.21814032969164798,0.5293497202185141,0.44227817015785487
56,0.5274674674674674,3.0051664286554614,2.939746971841848,2.716389845564755,2.3454344123769912,2.2745836344026,1.7785263077098994,1.6377710258777223,1.5984001618606114,0.21441819542296486,0.8440426244616893,0.8246971351837236,-1.8575765044028338,0.4270327154399896,0.09068437652115723,0.32756790016249576,0.08625588010773028,0.42676019231569773,0.21751769016084924,0.5268608948832062,0.43952996931299837
57,0.527957957957958,3.0127223363605182,2.9475051785891484,2.7242854154443417,2.353699022336129,2.282817786130935,1.7871770264802143,1.6466611384947234,1.6069641263919563,0.22749288495127237,0.8538276340597654,0.8341323723616801,-1.829423995727708,0.42590545345065084,0.09014054219445489,0.3272870859113387,0.08618720110963295,0.4259814608752206,0.21691033375604638,0.5244224777572034,0.4368602786911504
58,0.5284484484484484,3.0202726944561666,2.9552619342317055,2.73206147208739,2.361964546392958,2.2910456741200353,1.7958069533967809,1.6555045726180193,1.6155271647604057,0.24044321605796387,0.8636359336766761,0.8435590792047221,-1.8017862285616237,0.42479652194864226,0.08961239655290866,0.3269917412590101,0.08612812878776051,0.4252238392710122,0.216317552801352,0.5220315462084479,0.43426532145547286
59,0.528938938938939,3.0278178712279793,2.9630169653835896,2.7397270359848185,2.3702299887156153,2.2992671769282738,1.8044182292259037,1.664303131362595,1.6240883677934839,0.2532738660993084,0.8734668538223647,0.8529771593669027,-1.7746389965548754,0.42370523296553636,0.08909917804068243,0.3266830376276898,0.0860777572148794,0.42448666914072775,0.2157386309949356,0.5196855134031273,0.43174158222383496
60,0.5294294294294294,3.0353582038580704,2.970770005006078,2.7472910512527293,2.378494363343669,2.307482185259147,1.8130130405915825,1.6730586056273176,1.6326468713561189,0.2659895265050636,0.8833196261753709,0.86238649185218,-1.7479596777942967,0.42263096861848554,0.08860016767064909,0.3263621219735323,0.08603518458990327,0.42376929515911255,0.2151728505976212,0.5173820465426028,0.4292857479646192
61,0.5299199199199199,3.042893979498639,2.9785207727811933,2.7547624373293123,2.3867567670087295,2.3156906065864593,1.821593322770726,1.6817727515017549,1.6412018290491106,0.2785949182807227,0.8931934100058228,0.8717869178200871,-1.7217274644391665,0.4215731883960511,0.08811469548722234,0.326030150502825,0.08599955162585374,0.42307103820344893,0.21461950462995483,0.5151190932127471,0.4268947345645626
62,0.5304104104104104,3.0504255025720095,2.9862690018946982,2.7621505444387546,2.3950162595127584,2.323892355138006,1.8301611898156271,1.6904472921937457,1.6497523490457051,0.2910947520137555,0.9030872880608772,0.8811782679031959,-1.6959233375234553,0.42053145673811637,0.0876421358906299,0.325688324727476,0.08596994984071153,0.4223912535076261,0.21407787221931715,0.5128948597227441,0.424565684762738
63,0.5309009009009009,3.057953046360326,2.9940144196249645,2.7694636753196344,2.4032719803315734,2.332087358631857,1.8387185040258973,1.6990839130466526,1.658297645576432,0.30349375023975894,0.9130002793707518,0.8905603345262217,-1.670529246463831,0.41950533401078777,0.08718189445809371,0.3253377121151789,0.08594557506502329,0.42172926174590064,0.2135472509827411,0.510707718926246,0.4222958647472922
64,0.5313913913913914,3.065476828296941,3.001756757517599,2.776710831446018,2.4115230737571,2.3402755611798196,1.84726718141557,1.7076842669427406,1.6668369576132407,0.3157966069967589,0.9229313441324557,0.8999329237949925,-1.6455281757454983,0.4184944572080335,0.0867334016083375,0.3249794629723556,0.08592557145376846,0.42108439968191175,0.21302693955021657,0.508556194811874,0.4200826760254748
65,0.5318818818818819,3.0729971029425904,3.0094957577887955,2.783900289431781,2.419768732295738,2.3484569091357272,1.8558090252101662,1.7162499529847672,1.6753694841508133,0.32800795661863746,0.9328793942895879,0.9092957927371161,-1.6209041980853507,0.41749848672697065,0.08629611938472734,0.3246146386141156,0.08590914772293054,0.4204560172715587,0.21251624577499342,0.5064389607803753,0.41792365765065925
66,0.5323723723723723,3.080514062589638,3.0172311526318483,2.7910404905048005,2.4280082142655095,2.3566313637376735,1.8643456647383003,1.7247825649773982,1.6838945675871877,0.34013239211938084,0.9428432985191691,0.9186487242005016,-1.596642939029887,0.4165171524201217,0.08586955270525222,0.324244327212883,0.08589552592994917,0.4198434369673936,0.21201450351410336,0.5043549315643311,0.4158165563863374
67,0.5328628628628629,3.0880278625476825,3.024962698018318,2.7981395989457694,2.436240786825426,2.3647988922156338,1.8728787974953274,1.7332836104136335,1.6924115002595264,0.35217445013324794,0.9528218880058573,0.92799145955766,-1.5727304814671157,0.4155501988224143,0.08545321841608283,0.3238695629218987,0.08588393412896171,0.41924602114114196,0.2115210419125192,0.502303071631293,0.4137591744919236
68,0.5333533533533533,3.095538687821198,3.0326901422228576,2.8052051218482448,2.4444657641963468,2.3729594764201734,1.881409985325485,1.741754588240244,1.700919694239195,0.36413859234127777,0.9628139618706159,0.9373237711944795,-1.5491535840948463,0.41459737068316466,0.08504665650037911,0.3234912986494168,0.08587366186076575,0.41866311621094815,0.2110352163138798,0.5002824486798679,0.4117494118496333
69,0.5338438438438439,3.1030466675812196,3.040413242451362,2.812244804690243,2.4526824817998913,2.381113101739647,1.8899406477318943,1.750196921316277,1.709418473108276,0.37602919935472484,0.9728182968413378,0.946645391876983,-1.5259004249117434,0.41365848725392856,0.08464944283137972,0.3231105320483031,0.08586399830077208,0.4180940871312567,0.2105563902646065,0.4982923092897833,0.4097853475308175
70,0.5343343343343343,3.110551910355116,3.048131771518166,2.819265896199675,2.4608903810122977,2.3892597605498516,1.898472115897567,1.7586120125937637,1.7179073207251003,0.38785057194511957,0.9828336479607339,0.955956083710589,-1.5029586373476163,0.41273332149144326,0.08426114418065954,0.32272818456616403,0.08585427975967082,0.4175382936583605,0.21008395526235474,0.4963318288608329,0.40786500423886307
71,0.5348248248248249,3.118054515265837,3.0558454949178593,2.826275248341657,2.4690888588824302,2.397399457949443,1.9070057571037338,1.7670012068661123,1.7263857038662767,0.3996069043648518,0.9928587562043446,0.965255589448223,-1.4803178945255542,0.41182172112537796,0.08388138225918002,0.32234511714170766,0.08584385606719126,0.4169951225114638,0.20961730908943027,0.49440045659426707,0.4059866687119426
72,0.5353153153153153,3.125554565769603,3.0635541997647127,2.8332797203906046,2.4772773922600995,2.405532197549547,1.9155427022663059,1.7753658270057624,1.7348531376737442,0.41130231103633424,1.00289235253135,0.9745436662474823,-1.4579673579305985,0.4109235105354342,0.083509767882117,0.3219622155139059,0.08583210910013771,0.41646394525777336,0.20915587692148896,0.49249755926051014,0.4041485712268773
73,0.5358058058058058,3.133052128876514,3.0712576742190985,2.8402857024501493,2.4854555286853115,2.413657998778667,1.9240840768341703,1.7837070988854185,1.7433091891581738,0.4229407705421752,1.0129331569936622,0.9838200789303817,-1.4358971884878202,0.4100385403956382,0.08314594148281153,0.3215802835411011,0.08581845314049255,0.4159441713945251,0.2086991017863328,0.4906226225849927,0.40234907824929456
74,0.5362962962962963,3.1405472208979783,3.078955717666154,2.847298962683134,2.493622821646113,2.421776875735526,1.9326308771421241,1.7920262395537447,1.751753409398906,0.434526197991355,1.0229798955896192,0.9930845829073632,-1.414097825925763,0.40916664433098815,0.08278955437531901,0.3212000479337249,0.08580235348114465,0.4154352045897338,0.20824644069089604,0.48877516038325725,0.40058659669808977
75,0.5367867867867868,3.1480398937433476,3.086648138351105,2.8543254071792066,2.5017788684445503,2.4298888616610324,1.941184116134367,1.8003244188973915,1.7601854780151722,0.44606233865381056,1.0330312915232336,1.0023369589687234,-1.3925606542727444,0.4083077063493328,0.08244028500599596,0.32082225028682004,0.08578326724147271,0.41493647283577834,0.20779737955896116,0.4869548070965848,0.39885967062003685
76,0.5372772772772773,3.1555301459359653,3.0943347443642577,2.861370308111234,2.509923293533344,2.4379939816373732,1.9497445482448668,1.808602725937796,1.768605044276066,0.45755285566434956,1.0430860712657801,1.0115769736924989,-1.3712770191007564,0.4074615787394626,0.08209781452741355,0.3204475673495551,0.08576072157553417,0.4144473974415642,0.2073514222963975,0.4851611651932342,0.39716684177745076
77,0.5377677677677678,3.163017959228957,3.102015370540247,2.868438701256803,2.518055783681692,2.4460922704017,1.9583129444524485,1.8168622594221968,1.7770118104809005,0.46900128917454065,1.0531429744922252,1.0208044205296898,-1.3502385649159396,0.40662811735214255,0.08176183560889048,0.32007663027923033,0.08573425906941874,0.4139674212488265,0.20690809499838972,0.4833938658961426,0.3955067045423889
78,0.5382582582582582,3.170503341757469,3.1096898429616493,2.87553520234681,2.5261760594524234,2.4541837677768688,1.9668900241731175,1.8251040146261304,1.7854055224575691,0.48041103612170627,1.0632007475056664,1.0300190901539141,-1.329437791428938,0.40580720029261697,0.08143206658477335,0.3197100138134801,0.08570345736738066,0.41349601467321917,0.2064669426932102,0.4816526342642844,0.3938779708647553
79,0.5387487487487488,3.1779862183895635,3.1173580034558745,2.8826643383978823,2.534283827919285,2.4622685172516774,1.9754763658061043,1.8333289796916419,1.7937859567747794,0.4917854031700618,1.0732581544795303,1.0392207961117292,-1.3088671895182244,0.40499869550928524,0.08110822821959932,0.31934829190870045,0.08566791162087867,0.41303263594494255,0.20602753138485855,0.47993717852899354,0.3922793625519877
80,0.5392392392392392,3.1854665650820624,3.125019706953542,2.8898297253291827,2.5423789416446,2.4703465627350005,1.9840725124781324,1.841538068398279,1.8021529060998844,0.5031275209957529,1.083313971080611,1.0484093507590178,-1.2885195805191425,0.40420245306679353,0.08079005645247411,0.31899189990293697,0.08562729250678103,0.41257679322185886,0.20558945334401496,0.4782472193572295,0.3907096553504178
81,0.5397297297297298,3.1929443128011026,3.1326748148956316,2.897035570229254,2.5504611743501613,2.47841795436818,1.9926789242116087,1.8497321842406167,1.8105062591025822,0.5144404408595759,1.0933669967133186,1.057584582923697,-1.2683882494462098,0.4034183630784177,0.08047729890460613,0.3186413756858467,0.0855812340273674,0.412127971207843,0.20515231922956265,0.476582539631755,0.3891676958373817
82,0.5402202202202202,3.200419395947279,3.1403231881266978,2.904284791649567,2.5585303891427724,2.486482743208299,2.001295845981296,1.8579121404937697,1.818845857611437,0.5257270519469965,1.1034160472515393,1.0667463286446226,-1.248466328047225,0.4026462546600576,0.0801697073233233,0.3182970890820498,0.0855294874220243,0.4116856798521682,0.2047157667505816,0.4749428533152513,0.3876523205138337
83,0.5407107107107108,3.207891720914272,3.147964714340183,2.911580307053311,2.566586455524121,2.49454098038939,2.0099237517342714,1.866078757676387,1.827171594516902,0.5369901294665024,1.113459960949409,1.0758944439956923,-1.2287480564276831,0.40188600733767865,0.07986706374053507,0.317959375506948,0.08547177410305183,0.411249471247422,0.2042794409767054,0.47332802062208496,0.38616251966466963
84,0.5412012012012012,3.2153611934709065,3.1555992718855306,2.918925068278917,2.574629288950031,2.5025927221940676,2.0185627363829934,1.8742327659397249,1.8354834557396162,0.54823230698716,1.123497604662487,1.0850287901410205,-1.209227258644308,0.40113747942981687,0.07956914339486139,0.31762862138213516,0.08540786491368926,0.4108188701321146,0.2038430277055247,0.47173781654110164,0.38469724420347456
85,0.5416916916916917,3.2228277164460906,3.1632267579060853,2.9263211113780434,2.5826588642754422,2.510638026182444,2.0272130438144087,1.8823748945109846,1.8437813797178664,0.5594561039225739,1.1335278650564913,1.0941492347761979,-1.1898980168281874,0.4004005056237829,0.07927573342772437,0.31730505250048435,0.08533757646871172,0.4103934551281027,0.20340621921334306,0.4701720260746547,0.38325548689047617
86,0.5421821821821822,3.230291166893192,3.1708470765862495,2.933770449512322,2.5906751290962133,2.518676947051974,2.035874748959206,1.8905058069478895,1.8520653482404072,0.5706638955039406,1.143549660342107,1.1032556717181579,-1.1707551796902942,0.3996749491152889,0.0789866438328549,0.3169889174485958,0.08526074566358909,0.4099728001413004,0.20296873366571244,0.46863051274729994,0.38183635110009245
87,0.5426726726726727,3.2377514362751003,3.178460134901896,2.9412751089069404,2.5986780641521046,2.526709547357766,2.0445479113325744,1.8986261195933194,1.860335393985969,0.5818579358479047,1.1535619310847176,1.1123479983939504,-1.1517930922895736,0.3989606534839586,0.0787016740168667,0.3166804654903509,0.08517721475558301,0.4095564997826797,0.20253030776661757,0.46711304641260476,0.38043888810468024
88,0.5431631631631632,3.245208378892475,3.186065857806897,2.948836276079094,2.606667719427973,2.5347358827635933,2.0532324971037923,1.9067364352312637,1.8685915697084732,0.5930403435968965,1.1635636525439805,1.1214261175859122,-1.1330070335315086,0.3982574652435095,0.0784206541779829,0.3163798260388198,0.08508689763099611,0.40914416284520994,0.20209070409791477,0.4656195076459318,0.3790622802387602
89,0.5436536536536537,3.2526618720857057,3.1936641666636714,2.956454983978822,2.6146441170833987,2.5427560142153363,2.0619284303375127,1.9148373076206933,1.8768339200395545,0.6042131278175505,1.1735538250819466,1.1304899625342033,-1.1143918903114867,0.39756520712290966,0.0781434070762328,0.31608711845010307,0.0849897238638764,0.4087354128987741,0.20164969771443964,0.4641496880945638,0.3777056707326877
90,0.5441441441441441,3.2601117828423205,3.2012549976161866,2.964132017472325,2.6226073450580163,2.550770001516427,2.0706355947095894,1.9229292352488283,1.885062553070849,0.6153781534277688,1.1835314819970904,1.1395394604835583,-1.095942958712259,0.3968837101893345,0.07786977007118381,0.3158024232972311,0.08488565070422081,0.4083298967059255,0.20120708773928503,0.4627034150593164,0.3763682675229838
91,0.5446346346346347,3.2675579494990847,3.2088382949003234,2.9718679943225763,2.630557479864759,2.558777904197869,2.0793538705802437,1.931012714299475,1.8932775883866317,0.6265371779676834,1.1934956862048993,1.1485745619548728,-1.0776557453182571,0.3962128054088129,0.0775995889978245,0.3155257961599755,0.08477464633409759,0.40792727306985554,0.2007626883178653,0.46128052444292666,0.3750493173632861
92,0.5451251251251251,3.275000231325005,3.216413999218326,2.9796634912355695,2.63849462854534,2.5667797819896387,2.08808301876311,1.9390881760465088,1.9014791098177781,0.6376918152182725,1.20344553287727,1.1575952163527647,-1.059526175872804,0.3955523418239379,0.07733272300684212,0.3152573020510508,0.0846567016649507,0.4075272233196913,0.20031633369645185,0.45988087293582075,0.3737481293318228
93,0.5456156156156156,3.2824384781740874,3.223982069842099,2.987518238759666,2.646418926384516,2.5747756931411416,2.096822760744499,1.947156032769306,1.9096673059112568,0.6488435821589434,1.213380149399784,1.1666014033895633,-1.0415499050051709,0.39490211761562644,0.0770690312426281,0.31499688663352876,0.08453187214016711,0.40712942856960216,0.1998678797263423,0.4585042673257562,0.3724639931739074
94,0.5461061061061061,3.289872508689073,3.231542470260753,2.995431987956121,2.654330513220646,2.5827656942991193,2.1055728203868425,1.9552166700994664,1.9178423167631158,0.6599938710274025,1.223298694129216,1.1755930892386308,-1.023723087646538,0.39426195462418856,0.07680838718004848,0.31474449386106607,0.08440021233155093,0.4067335996347894,0.19941719422229043,0.45715055537317645,0.3711962699199806
95,0.5465965965965967,3.2973021864722734,3.2390951632244915,3.0034044855302904,2.662229558172625,2.5907498443018664,2.11433293831972,1.96327040915068,1.9260043379645422,0.671143962145935,1.2332003577650383,1.184570272179929,-1.0060417354562405,0.39363166984911885,0.07655066322287271,0.31450006647498985,0.08426178107992371,0.4063394718213949,0.19896415935061926,0.45581953726021285,0.3699443151353575
96,0.5470870870870871,3.3047273512241353,3.2466401261546105,3.0114351332617884,2.670116227479148,2.598728196711758,2.12310264486214,1.9713175874853337,1.9341535515186223,0.6822950061714705,1.2430843644029728,1.1935329526922995,-0.9885021002240542,0.39301107246500316,0.07629574272626673,0.3142635275735138,0.08411668733022735,0.40594676716613765,0.19850868628171545,0.4545110244216466,0.36870752725424555
97,0.5475775775775775,3.3121478245748976,3.254177339968239,3.019522989835109,2.677990713205188,2.606700809329237,2.1318816228022692,1.9793584797804118,1.9422901829173065,0.6934480626108961,1.252949968698534,1.202481135053412,-0.9711009491237041,0.39239998124647213,0.07604352498565015,0.3140347220524575,0.08396504646818631,0.4055552501334239,0.1980506896938461,0.4532248819245509,0.367485378177673
98,0.5480680680680681,3.319563457714678,3.2617067813936047,3.0276672466004273,2.685853208291877,2.6146677347168996,2.140669452213216,1.9873933580938798,1.9504144208897831,0.7046040876275781,1.2627964594820253,1.2114148432732827,-0.9538347088389447,0.39179820521921793,0.07579390249524968,0.3138135331867369,0.08380698097134243,0.4051646903483173,0.19759010121866724,0.4519608970795665,0.3662773074706389
99,0.5485585585585585,3.3269740635129756,3.2692284490682697,3.0358662835118086,2.6937039447345734,2.622629024221979,2.1494656706699016,1.995422421152349,1.958526516526385,0.7157639195993993,1.2726231565405726,1.2203341089639717,-0.9367002403381807,0.39120553644034617,0.0755467848840383,0.31359972508837947,0.08364267551300401,0.404774875400671,0.1971268708638666,0.4507188958452131,0.36508282038401557
100,0.549049049049049,3.3343794949995798,3.27674233488696,3.0441192246865074,2.701543107483275,2.630584725371082,2.1582697925606715,2.003445899613181,1.9666266868465896,0.7269282988825219,1.2824294132335416,1.22923896283227,-0.9196943960321456,0.3906217993244671,0.07530208026554008,0.31339318515594694,0.08347226814446486,0.4043855966600407,0.19666096162525282,0.44949868371222246,0.36390143116825474
101,0.5495395395395395,3.3417795801905803,3.284248435841781,3.0524242418184993,2.7093709572095146,2.6385348910369517,2.1670814212897334,2.0114639699366808,1.9747151822356297,0.7380978679701642,1.2922146110553714,1.2381294557784452,-0.9028141349829569,0.3900467827714341,0.07505970558650439,0.31319363540531353,0.08329595473108144,0.40399668730084765,0.1961923458868018,0.4483000574316701,0.3627326774975679
102,0.55003003003003,3.3491741712145093,3.2917467559159888,3.060779979274112,2.71718772342626,2.6464795632131195,2.1758999784270423,2.019476776431949,1.9827922614047353,0.7492731852236363,1.3019781672078634,1.2470056408738714,-0.8860564866313302,0.3894802972932344,0.07481957979589729,0.3130009031901867,0.08311392286818539,0.4036079637171106,0.19572101432250236,0.4471228028311139,0.36157611428021047
103,0.5505205205205205,3.356563083776258,3.299237304314236,3.0691843616888845,2.7249936500214074,2.654418788408155,2.184724993572006,2.0274844594053283,1.9908581909346013,0.7604547021483751,1.3117195263367665,1.2558675830653285,-0.8694189222560248,0.3889221415986799,0.074581638004389,0.31281468878211516,0.08292639459558643,0.40321927558552517,0.1952469670053318,0.44596674909945094,0.36043136289423944
104,0.551011011011011,3.3639461619785735,3.3067200922657354,3.0776357345439775,2.7327889795741385,2.662352609376994,2.1935559587292395,2.035487121166086,1.9989132266627745,0.7716427987208397,1.3214381664978045,1.2647153502219353,-0.8528986364839687,0.3883721215257255,0.07434580790868148,0.3126347639556412,0.08273357118924149,0.40283048381828296,0.19477021228034855,0.44483166270573304,0.3592980165388487
105,0.5515015015015015,3.371323255358375,3.3141951345723113,3.0861321076114274,2.740573974449593,2.670281066524695,2.202392303895638,2.043484865100073,2.00695762499632,0.7828377480016515,1.331133594722541,1.2735490176739277,-0.8364932523008947,0.38783004662346815,0.07411203201268089,0.31246085964270437,0.08253568641434315,0.40244145811452553,0.1942907770079971,0.44371735161615544,0.35817573291825106
106,0.551991991991992,3.3786942085994234,3.3216624497413445,3.0946713001279824,2.7483488682122084,2.678204195856211,2.2112335029671923,2.0514777632340166,2.0149916636212932,0.7940397600623129,1.3408053472524346,1.2823686665676615,-0.820200163989129,0.3872957078753589,0.07388024890491908,0.3122926774775684,0.08233297895848674,0.4020520802999877,0.19380869234516113,0.4426235750403112,0.35706414818231913
107,0.5524824824824824,3.386058857745999,3.3291220566403448,3.103251314642502,2.756113947094536,2.686122033307844,2.220079002593515,2.0594658609756102,2.023015621801463,0.8052489659294214,1.3504529905742269,1.291174393822693,-0.8040171244498909,0.38676891931631413,0.07365040747928749,0.31212994076284883,0.08212568327211381,0.40166225093866353,0.19332400158176108,0.4415501223733136,0.35596295173831866
108,0.552972972972973,3.3934170656327938,3.3365739792458364,3.1118698003887717,2.7638694647101083,2.6940346137771978,2.2289282878780003,2.067449199562707,2.0310297684440592,0.8164654204149928,1.360076117824787,1.2999662862785708,-0.7879418594362207,0.38624948050672453,0.07342245848113661,0.31197232557717947,0.08191405091449391,0.40127188442494854,0.1928367541729795,0.44049676354530437,0.35487183639309916
109,0.5534634634634634,3.4007686787420734,3.3440182489453947,3.120524670010304,2.7716156907195266,2.701941966762966,2.237780779293922,2.075427804503686,2.03903437012746,0.8276890873997799,1.3696743543082166,1.3087444462514788,-0.7719722940991504,0.3857372094453157,0.07319635871960906,0.31181955265195027,0.08169832521338166,0.4008809031164074,0.19234701451110559,0.43946327467722535,0.35379052947787304
110,0.553953953953954,3.408113554996356,3.351454890028463,3.1292133287890955,2.7793528545887436,2.70984412138382,2.246635999756679,2.0834016724847304,2.0470297179915993,0.8389198968833759,1.3792473495403086,1.3175089815926253,-0.7561063138807516,0.3852319007163188,0.07297206648808428,0.3116712609428038,0.08147876641953228,0.4004892438484272,0.1918548442598164,0.4384494163136891,0.3527187580839881
111,0.5544444444444444,3.4154515506801726,3.3588839323725788,3.137933763592208,2.787081248896032,2.717741104031981,2.2554933049593204,2.0913707959552714,2.055016060772729,0.8501576893317693,1.3887947801661347,1.3262600019377946,-0.7403419145386173,0.384733378293369,0.07274954275433693,0.31152718963644555,0.08125562326104184,0.40009684770344217,0.19136032524457727,0.4374549410701948,0.35165627042748143
112,0.554934934934935,3.4227825492459556,3.366305411741823,3.146683587077333,2.7948011120261818,2.725632936381575,2.264352197595231,2.099335154385723,2.062993696278408,0.8614022596518797,1.398316350330163,1.3349976171075737,-0.7246773998059909,0.38424146491909494,0.07252875836135199,0.31138701578019323,0.0810291463954619,0.39970366988649625,0.19086353781155155,0.43647964076812823,0.3506028601087409
113,0.5554254254254254,3.430106397658115,3.3737193606229665,3.1554600862602924,2.8025127232071902,2.7335196420272183,2.2732121417741773,2.1072947193044285,2.0709628838373755,0.8726533262029604,1.4078117897205262,1.3437219513808438,-0.7091107542675051,0.38375595370964644,0.07230967904953749,0.31125036291812563,0.08079961336459425,0.39930968400928424,0.19036457308094418,0.43552323743498367,0.34955828781206744
114,0.5559159159159159,3.4374229820278246,3.381125814032882,3.164261195738394,2.8102163232419812,2.7414012374404906,2.282072603074591,2.1152494420337704,2.0789238773479948,0.8839105799000662,1.4172808534470864,1.3524331158393783,-0.6936402921364143,0.38327668163026785,0.07209227642985357,0.31111696075584083,0.08056725777014698,0.398914864986542,0.1898635226416753,0.43458549136299585,0.34852235783757207
115,0.5564064064064064,3.4447321753755227,3.3885248075256604,3.1730844233856477,2.817912166130957,2.7492777386029066,2.2909331211993926,2.1231992529362045,2.086876941994303,0.8951736318169765,1.426723320504785,1.3611312449302024,-0.6782644912586089,0.3828034741759634,0.07187652941416464,0.31098646283689957,0.08033233071846753,0.3985192132619109,0.1893604844598763,0.43366616673376396,0.34749490376893655
116,0.5568968968968969,3.4520338617648503,3.3959163824014142,3.181927227143495,2.825600473843291,2.7571491605937837,2.29979309487524,2.1311441091343792,2.0948223371547634,0.9064420777994363,1.436138992576605,1.369816460369401,-0.6629816066077883,0.3823361426901913,0.07166241253446697,0.3108585430828778,0.08009510165706722,0.3981227032740179,0.18885556669226747,0.4327649948524026,0.34647573442848845
117,0.5573873873873874,3.459327938772727,3.40330057184949,3.190787568651263,2.833281525062767,2.7650155125643945,2.3086520771850227,2.1390839278974587,2.102760321037026,0.9177154318566091,1.445527696282945,1.3784888934455402,-0.647790151486058,0.38187453509501296,0.07144990561436072,0.31073291941772146,0.07985579175162462,0.39772535694488603,0.18834887895434874,0.4318817216391404,0.3454646979525937
118,0.5578778778778779,3.466614291929663,3.4106774186957556,3.1996627168408436,2.840955531138907,2.772876806332789,2.317509534284302,2.147018626313867,2.110691140652841,0.9289932042134763,1.4548892799040036,1.3871486740769876,-0.6326886521135283,0.38141846682869945,0.07123899200453149,0.3106092310824337,0.07961467063885627,0.39732717644569476,0.18784053325155944,0.43101608975230465,0.34446164569766563
119,0.5583683683683683,3.4738928118326036,3.4180469619702576,3.208550744907499,2.848622741229405,2.78073304408383,2.326365072155882,2.154948108166652,2.1186150240575166,0.9402748300691949,1.4642236140314413,1.3957959427958835,-0.6176757172834436,0.3809677944548279,0.07102965455103148,0.3104872096101929,0.07937194053652416,0.39692820379991417,0.1873306429258921,0.4301678335060148,0.34346644610478844
120,0.5588588588588589,3.481163416941864,3.4254092383614885,3.2174490644263845,2.856283358948598,2.788584232249998,2.3352181293711287,2.162872293198844,2.1265322022835598,0.9515597459377563,1.473530589710586,1.4044308209580374,-0.6027500609766393,0.3805223481098193,0.07082188225182583,0.3103665246629761,0.07912786336925624,0.3965284478857764,0.18681933020653205,0.42933670518871964,0.34247898192069415
121,0.5593493493493493,3.4884259989092796,3.4327642893844272,3.2263555258663947,2.863937612401314,2.796430370082341,2.344068327815854,2.170791054903922,2.134442930251034,0.9628473246358135,1.4828101191499057,1.4130534584155243,-0.587910291459244,0.38008197343868855,0.07061566015638672,0.3102468772136903,0.07888264892738454,0.39612795908310533,0.18630671479961822,0.4285224221377976,0.3414991298020596
122,0.5598398398398399,3.495680496346105,3.440112152350093,3.235268072865279,2.871585709279503,2.8042714577012577,2.35291520994178,2.1787043130423935,2.1423474052388074,0.9741369400002146,1.4920621340692573,1.4216639825652222,-0.5731552440670266,0.37964653069596704,0.0704109789071162,0.3101280022407806,0.07863651041940438,0.39572677494213737,0.18579291953337776,0.42772473348959283,0.3405267947071393
123,0.5603303303303303,3.5029268047926307,3.4474528685638623,3.2441843213715322,2.8792278559360724,2.8121074913548187,2.361758373126493,2.1866119459150233,2.1502458358169454,0.9854279123085243,1.5012865844320589,1.430262534657462,-0.5584836762693932,0.379215861363874,0.07020782908341722,0.3100095744309849,0.07838967075592293,0.3953249523308645,0.1852780691087907,0.4269433603407756,0.339561876884983
124,0.5608208208208209,3.5101648517969757,3.4547864762195974,3.2531023038492832,2.8868642452798365,2.819938465393616,2.3705973937770857,2.1945138335367464,2.1581384438715907,0.9967195527744542,1.5104834399036067,1.4388492514641642,-0.5438945599687908,0.3787898343081421,0.07000620545520439,0.3098913382077347,0.07814232827551737,0.3949225419968445,0.1847622910836844,0.42617805349027976,0.3386043058521866
125,0.5613113113113113,3.5173945905049644,3.4621130130659394,3.2620200964005917,2.894495067481743,2.8277643723387307,2.3794318685334965,2.2024098601012567,2.166025420402987,1.008011149928256,1.519652687749984,1.447424271527106,-0.5293865359221138,0.3783683071010921,0.06980609450734408,0.3097730456850857,0.0778946753018273,0.3945196041054653,0.1842457131464803,0.42542850584460074,0.3376539719947292
126,0.5618018018018018,3.5246159232606598,3.469432516754189,3.270935456194144,2.9021204923841335,2.835585201581774,2.388261487518345,2.2102999104047667,2.1739069664349593,1.0193019732433573,1.5287943330560048,1.4559877304489952,-0.5149587956042971,0.3779511456603464,0.06960749791269084,0.309654385301259,0.07764690611318027,0.39411621017968756,0.18372846036205395,0.4246944866603122,0.33671083748209896
127,0.5622922922922923,3.5318288137337484,3.4767450219471883,3.2798466176601355,2.9097407091431933,2.8434009392317723,2.3970858813638554,2.2181838552887307,2.1817832504725176,1.0305912685986796,1.5379083954651858,1.4645397661113928,-0.5006101706020427,0.3775382231884933,0.06941040684379002,0.3095351293216797,0.07739919563607991,0.39371243559451036,0.18321066173037018,0.42397570051395067,0.33577482087281524
128,0.5627827827827828,3.539033193021617,3.484050567613011,3.2887518727785094,2.917355860132958,2.8512115723301696,2.405904680464092,2.2260615820052005,2.189654452197964,1.0418782894151235,1.5469949120793445,1.4730805148755934,-0.48633977974150494,0.3771294247665749,0.06921481956767042,0.30941506092278076,0.07715170898008727,0.39330834396745823,0.18269244559428857,0.42327189634252477,0.3348458783206893
129,0.5632732732732733,3.546229024424865,3.491349187548972,3.297649137887931,2.92496611338732,2.859017086091694,2.414717593818588,2.233932947554995,2.197520719723572,1.0531622549291797,1.5560539350807758,1.4816101149589553,-0.4721464603736882,0.37672461024866494,0.06902072871412805,0.3092938979851911,0.07690462536794657,0.39290402764380755,0.18217393723822364,0.4225827659852818,0.333923932321299
130,0.5637637637637638,3.5534162519927706,3.498640914382641,3.3065370460718118,2.93257161472321,2.866817458518553,2.423524337169412,2.2417978377280527,2.2053822265545864,1.0644423809811177,1.56508553185357,1.4901286985168278,-0.45802946905195796,0.3763236864749533,0.06882813504312531,0.30917146247698907,0.0766580752871645,0.3924995683325553,0.18165526476739283,0.42190806799611486,0.3330089607725899
131,0.5642542542542542,3.5605948444309843,3.505925780382628,3.3154138172053575,2.9401724975450496,2.874612670878048,2.4323245883940103,2.249656132468401,2.2132391199928954,1.07571789387804,1.5740897818056294,1.498636400355289,-0.44398794811184644,0.3759265374295929,0.06863703798655345,0.3090475268713384,0.07641221783584416,0.3920950440613859,0.18113655454345085,0.42124753914545693,0.33210092648939255
132,0.5647447447447448,3.5677647669170773,3.5132038176796585,3.3242778178228756,2.9477688765869794,2.8824027013220297,2.4411181592984375,2.2575076909629,2.221091527713133,1.086987991207835,1.5830667813330708,1.507133353001073,-0.43002083391497853,0.37553304634653084,0.06844743073643679,0.3089218681074361,0.07616718249052463,0.3916905590961043,0.18061792601209514,0.4206008742528611,0.3311997682729455
133,0.5652352352352352,3.5749259879242796,3.520475056163667,3.333127777013262,2.9553608857777567,2.890187525786874,2.449904727625961,2.2653524010401784,2.22893958169506,1.0982518858686983,1.5920166361894825,1.515619683450204,-0.41612749299807994,0.375143128373591,0.06825931669410137,0.30879433271193235,0.07592309465649989,0.39128619376697593,0.18009950680032003,0.41996783684406946,0.3303054792079942
134,0.5657257257257258,3.58207847787997,3.5277395254111665,3.3419620379218826,2.9629486150864515,2.8979671174165347,2.4586841298540447,2.273190133623531,2.2367834100158506,1.1095087833326713,1.600939465613441,1.5240955240796499,-0.40230696932847526,0.37475666917002737,0.06807269186099692,0.30866469536688146,0.07568007706820123,0.3908820487026348,0.1795814138367413,0.4193481369296968,0.32941801312764263
135,0.5662162162162162,3.5892222292810234,3.5349972470800175,3.350779469832676,2.970532194624362,2.9057414499375858,2.467456140921011,2.2810207706648296,2.2446231242850025,1.1207578842560126,1.6098354019466972,1.532560999879077,-0.38855850397145403,0.3743735860183211,0.06788755573141625,0.30853281198241905,0.0754382319177452,0.3904782230030836,0.17906376913378605,0.4187415107412066,0.3285373492093586
136,0.5667067067067066,3.5963572113847184,3.542248251790206,3.3595786839208883,2.9781116876697764,2.9135104925886983,2.476220537137577,2.2888441813658056,2.252458810019892,1.1319984006002832,1.6187045868938397,1.5410162330760395,-0.37488128131640014,0.37399378100933267,0.06770390662793746,0.3083985091628301,0.0751976689384761,0.3900748096286229,0.17854668823473568,0.41814768136344843,0.3276634578560724
137,0.5671971971971972,3.6034834258167625,3.5494925613401915,3.3683586940224215,2.98568718003567,2.921274217074029,2.4849771595968946,2.2966602690167424,2.260290581218889,1.1432295493163895,1.627547173548197,1.549461351093571,-0.3612746900918449,0.3736171832196963,0.06752174694215879,0.30826166221489976,0.07495846765280115,0.3896719047567658,0.17803028743392904,0.4175664088417334,0.32679633805966674
138,0.5676876876876877,3.61060086636368,3.5567301964520963,3.377118338171662,2.9932587552767,2.9290325899615035,2.4937259336524216,2.3044688946300274,2.2681184959028187,1.1544505474705358,1.636363326218361,1.5578964746928043,-0.34773774851670647,0.3732436999485786,0.06734106928165051,0.3081221085774249,0.07472070497297005,0.38926962989972436,0.1775146716332052,0.4169973847182046,0.32593593932331144
139,0.5681781781781782,3.617709516054761,3.5639611782786047,3.385856528936386,3.0008264728524683,2.9367855769896307,2.5024666225422565,2.312269962566938,2.2759426684048147,1.1656606246812862,1.645153217244285,1.5663217152636093,-0.3342698606277638,0.3728732537655202,0.06716187688308532,0.3079797220608657,0.07448447123129646,0.3888680632483454,0.1769999587766119,0.4164403728264079,0.3250822620978217
140,0.5686686686686686,3.6248093888567388,3.5711855237691004,3.394572450851561,3.008390383695668,2.944533144679607,2.511199123560458,2.320063355231108,2.283763131232415,1.17685901435322,1.653917027890697,1.574737193854829,-0.32087029847728854,0.37250577694955744,0.0669841673581318,0.30783440143163276,0.0742498230528478,0.3884673157550533,0.17648625188029193,0.415895100726821,0.3242352875720382
141,0.5691591591591592,3.6319004879725485,3.578403253612706,3.4032652082327233,3.0159505312224453,2.9522752572048128,2.519923338887488,2.3278489706571395,2.291579964730552,1.1880449623754914,1.6626549500704295,1.5831430257916193,-0.3075383429828453,0.37214119699034526,0.06680793916551354,0.3076860335469809,0.07401681911848197,0.38806748665632573,0.17597365583215555,0.41536130754573586,0.3233949997757379
142,0.5696496496496497,3.6389828152270334,3.58561437815629,3.4119339548936787,3.0235069671587413,2.9600118768793333,2.5286392182324633,2.335626696557378,2.2993932114754845,1.1992177296290587,1.671367180836416,1.5915393153467121,-0.2942733263622743,0.37177944676351177,0.0666331910816187,0.3075345029187965,0.07378550849613494,0.3876686877945119,0.17546226797615502,0.4148387359002267,0.3225613860684399
143,0.5701401401401401,3.646056397170782,3.5928189129402672,3.4205781185513766,3.0310597004916198,2.967742963380928,2.5373466507844524,2.343396439385844,2.307202926632544,1.2103765793243755,1.680053927087667,1.599926171744015,-0.2810745182571245,0.3714204669589626,0.06645991969015273,0.3073797533716765,0.0735559294210325,0.38727101080923443,0.17495218929406886,0.4143271220792196,0.3217344279084844
144,0.5706306306306306,3.6531212409719265,3.6000168692456476,3.4291968563032094,3.03860875435775,2.975468480472142,2.5460455928512333,2.351158108236416,2.315009127390949,1.2215207992078139,1.688715402972594,1.6083036997555076,-0.2679411862733129,0.3710641866690572,0.06628812179363715,0.30722167377538717,0.07332812651868761,0.3868745612597515,0.17444351208467604,0.4138262001084684,0.32091410371769213
145,0.5711211211211211,3.660177361544772,3.607208255250811,3.437789848011611,3.046154147077909,2.983188385108162,2.5547360082827053,2.358911605459372,2.322811860107542,1.2326496872746755,1.6973518283567093,1.6166720040774467,-0.25487277448143425,0.3707105647779105,0.06611779669887154,0.3070602299407114,0.07310211277846536,0.38647943938462315,0.1739363279006695,0.41333573347282604,0.32010041437338743
146,0.5716116116116116,3.6672247911777114,3.6143930789474332,3.4463564084523775,3.053695889503326,2.9909026381936457,2.5634178555424585,2.36665683867529,2.3306111288773184,1.243762552360105,1.705963428800797,1.625031182121513,-0.24186855329613766,0.3703595378374569,0.06594894029194959,0.30689533860418833,0.07287792233683546,0.38608574791892447,0.1734307246382262,0.4128554569621017,0.3192933369112448
147,0.5721021021021021,3.6742635475477456,3.621571345055945,3.4548962411325723,3.0612339713201004,2.9986111972982226,2.5720911164132576,2.374393731892325,2.338406948891133,1.2548587326057108,1.7145504367929845,1.6333813280763994,-0.2289278300303819,0.3700110591077628,0.06578154758827984,0.3067269703591597,0.07265556150063207,0.38569358120558606,0.1729267860299489,0.41238511839260156,0.3184928521126833
148,0.5725925925925925,3.681293669508587,3.628743057216412,3.463408951677587,3.0687683884921895,3.006314019103982,2.5807558198375093,2.3821221965410193,2.346199341709618,1.2659375614866577,1.7231130908764103,1.6417225400190376,-0.21604998866223932,0.3696650822865747,0.06561561587309596,0.3065550769310022,0.07243503680011662,0.38530304276913707,0.1724245934952906,0.41192447366539714,0.31769895103975476
149,0.5730830830830831,3.688315177210001,3.6359082194985444,3.4718942816788165,3.0762991048714277,3.014011058314062,2.589411940343947,2.3898421680169903,2.353988273421648,1.2769984126598337,1.7316516332085203,1.6500549039599695,-0.2032343005539497,0.36932156025232876,0.06545113830990532,0.30637963989508593,0.07221635072992459,0.3849142220658915,0.1719242231149024,0.41147326485815455,0.3169116062413689
150,0.5735735735735735,3.6953281130852846,3.643066830242954,3.480351904923613,3.083826125369079,3.0217022737812083,2.598059520131214,2.397553566356788,2.361773767723285,1.2880406646814415,1.7401663115296864,1.658378507589032,-0.190480141559331,0.3689804488318975,0.06528811123498511,0.30620061706673846,0.07199950464643531,0.38452721806777496,0.17142575057184287,0.4110312549492199,0.3161308048305455
151,0.5740640640640641,3.7023325087258754,3.650218886910651,3.4887818453887034,3.091349377961977,3.029387618778001,2.6066986079048,2.4052563269508687,2.3695557915065977,1.2990637208331581,1.7486573770582048,1.6666934339993418,-0.17778689026540295,0.3686417178607069,0.06512652869540052,0.3060180262627857,0.07178447275928194,0.38414212116459895,0.17092924262188192,0.4105982050534387,0.315356531024737
152,0.5745545545545545,3.7093284049564645,3.657364387172955,3.4971838490630667,3.098868850298898,3.037067048689286,2.615329242218575,2.4129503863209636,2.3773343178763953,1.310066997617704,1.7571250849375255,1.6749997717695326,-0.16515378101773825,0.36830531928817895,0.06496638246972362,0.30583183894971777,0.07157125108255738,0.3837590262436614,0.17043476730300292,0.41017385701933023,0.31458875080783044
153,0.5750450450450451,3.716315837370234,3.6645033248022694,3.5055579396928063,3.10638449744778,3.0447405182471488,2.623951500501865,2.4206356920440824,2.3851093506123933,1.3210499305039334,1.7655696949364608,1.6832975946201205,-0.15258021491792523,0.36797122361957485,0.0648076671808927,0.30564206466498006,0.07135981233419221,0.38337802022231043,0.1699423895370129,0.4097579871038556,0.3138274505470783
154,0.5755355355355355,3.723294853055803,3.6716356939814188,3.513904130461294,3.113896251056119,3.0524079802552446,2.6325654063039776,2.42831217986177,2.3928808317659107,1.3320119957514296,1.7739914685949512,1.6915869748427588,-0.14006557857940016,0.36763940010189405,0.06465037616480238,0.30544872461001243,0.07115013550961129,0.3829991832927342,0.16945216619550402,0.4093503646726557,0.31307260926557173
155,0.576026026026026,3.7302654948191165,3.6787614844003804,3.5222224948550998,3.1214040626219344,3.0600693887387735,2.641171088743411,2.4359798123049337,2.4006487163073675,1.34295265723622,1.7823906712876925,1.6998679894414597,-0.1276090718770142,0.36730981317655603,0.06449449804067715,0.3052518291124497,0.0709421838421382,0.38262261002463543,0.1689641532732149,0.4089507347765567,0.31232418540915463
156,0.5765165165165165,3.737227807351969,3.6858806859027053,3.530513178159468,3.128907883865588,3.0677246987022424,2.6497685810545835,2.443638541149963,2.4084129790188276,1.3538714207042113,1.7907675695599334,1.7081407043700052,-0.11520998946588658,0.36698243292913907,0.064340023409908,0.30505141289577203,0.07073592971587597,0.3822483739085918,0.16847840701970207,0.40855886498990257,0.3115821459206043
157,0.577007007007007,3.744181835039272,3.692993282920358,3.5387763667944854,3.1364076249878603,3.0753738609524737,2.6583580365377535,2.4512883250276483,2.416173561201125,1.3647678101758969,1.799122434563302,1.716405190171554,-0.10286783733953252,0.36665724095949537,0.06418694702189716,0.3048475050474459,0.07053132392244907,0.38187656040735074,0.167994971384731,0.408174550941071,0.3108464825608364
158,0.5774974974974975,3.7511276366583894,3.7000992685766216,3.5470120942610475,3.143903214378354,3.0830168282955297,2.66693952362982,2.458929123136745,2.423930416183465,1.3756413699473085,1.807455536532612,1.7246615054833825,-0.09058184526055947,0.3663342003769833,0.06403525735631248,0.3046401252220442,0.07032833912832208,0.38150724086225996,0.16751389376873552,0.40779755488488667,0.3101171506049025
159,0.577987987987988,3.758065249758161,3.7071986211601247,3.555220969498948,3.1513945743813054,3.09065355713467,2.6755131741269502,2.4665609126374974,2.431683472209263,1.3864916634131186,1.815767149723696,1.7329097162514628,-0.07835120743357837,0.3660132963878756,0.0638849394598641,0.30442936233898776,0.07012690783410343,0.3811404936989887,0.1670352149969168,0.4074276340219458,0.30939409993465866
160,0.5784784784784784,3.7649947328001017,3.714291325989891,3.5634030384947852,3.1588816437012506,3.0982839973525835,2.6840791295585307,2.4741836652445715,2.4394326918972853,1.3973182811520386,1.824057547074622,1.7411498785776962,-0.06617545932649246,0.3656945057398964,0.06373598884432968,0.30421522503357457,0.0699269934010889,0.38077639205337455,0.166558973892744,0.407064604694914,0.3086773215387857
161,0.578968968968969,3.7719161363133344,3.7213773643589696,3.571558805585642,3.166364306154696,3.1059081030892095,2.6926374458516182,2.481797356791628,2.4471779897044987,1.4081208253457052,1.8323270050013976,1.7493820436180902,-0.05405366730730133,0.36537780275577486,0.06358838710525062,0.30399780628474304,0.06972854203430268,0.38041499403564605,0.16608520796899826,0.4067082108536449,0.30796674508712835
162,0.5794594594594594,3.7788295051918896,3.728456715116091,3.5796885367957163,3.1738424862638546,3.1135258271396897,2.701188316933759,2.489401964930468,2.4549192977703886,1.4188989267162193,1.8405757989029077,1.7576062670669177,-0.04198519907364388,0.3650631658633196,0.06344212376093837,0.3037771377268011,0.06953149745117153,0.38005637647705914,0.1656139457718818,0.4063582465148521,0.3072623368150488
163,0.57994994994995,3.785734901528189,3.7355293587608664,3.587792875969332,3.1813160750771328,3.121137122792826,2.7097318427045693,2.4969974805804265,2.462656539242571,1.4296522378456695,1.8488042063973225,1.7658226019307606,-0.029969414602487376,0.3647505881855286,0.06329718679357817,0.3035533268041359,0.0693357944347205,0.3797005940390443,0.16514521740332858,0.4060145084288999,0.306564060541589
164,0.5804404404404404,3.7926323710984406,3.7425952675988583,3.59587199218388,3.188784994099934,3.1287419428966743,2.7182682177631565,2.504583896636817,2.47038965447793,1.440380429313979,1.8570125030922942,1.7740310884926838,-0.01800551719306981,0.36444003626469457,0.0631535614151011,0.3033263906289047,0.06914138207734077,0.37934771405468254,0.16467904747867096,0.40567677818050046,0.30587185883120266
165,0.580930930930931,3.799521976252815,3.749654423830393,3.6039266367916065,3.1962491326323934,3.1363402421221935,2.726797515749337,2.512161200806526,2.4781185485275166,1.451083201332469,1.8652009667444864,1.7822317729773518,-0.006092821772341114,0.36413150554342927,0.06301123336417605,0.30309645634687293,0.06894819386380956,0.3789977835206665,0.16421545976862015,0.4053448507703359,0.30518568516166894
166,0.5814214214214214,3.8064037694976958,3.7567067971986963,3.6119572317758166,3.2037083822829766,3.143931972901222,2.7353199534150954,2.51972939155244,2.485843140280376,1.4617602619047856,1.873369873670166,1.790424701999097,0.005769499292677036,0.3638249716497737,0.06287018540962097,0.3028635794667568,0.06875616130468049,0.37865086547291643,0.1637544706129105,0.40501850540193346,0.3045054752735744
167,0.5819119119119119,3.813277794470157,3.7637523625460494,3.6199645084062615,3.2111626309258594,3.151517091629215,2.743835608456994,2.52728846654097,2.4935633502782344,1.4724113447909315,1.8815194999750244,1.798609909722164,0.017582094410781537,0.3635204294186515,0.06273040391531905,0.30262787982240646,0.06856521855168327,0.37830699899765385,0.16329610070525488,0.40469755290956,0.30383118479227755
168,0.5824024024024024,3.8201441097472015,3.7707910941575196,3.6279486712531153,3.218611778985726,3.159095551894114,2.752344726525477,2.5348384412830796,2.5012790994649223,1.4830362183978893,1.8896501210703551,1.8067874368403898,0.02934576282150554,0.36321784643814486,0.06259187237591639,0.30238937735795274,0.06837530630776238,0.37796624124821987,0.16284035830856122,0.40438178910490385,0.3031627488557856
169,0.5828928928928929,3.8270027795611146,3.7778229573571784,3.63591073858376,3.2260557221573327,3.166667306722346,2.760847403089879,2.542379313444584,2.5089902716261228,1.493634651413494,1.8977620116305094,1.8149573126972847,0.04106121120118786,0.3629172285775963,0.062454573846380326,0.30214823184066836,0.0681863435562971,0.37762863479288333,0.16238725628566994,0.40407101702747455,0.30250011149802897
170,0.5833833833833834,3.8338538355611504,3.7848479254177163,3.6438511945437924,3.23349432548631,3.1742323141924986,2.7693437867703974,2.5499111059852995,2.5166968038647295,1.5042064450262438,1.9058554452055254,1.823119573322024,0.05272927758387567,0.36261855028392953,0.06231848979469623,0.3019045181607462,0.0679982668474693,0.37729421010365727,0.16193680439057875,0.4037650359808092,0.3018432009177637
171,0.5838738738738739,3.8406973550366903,3.7918659687124183,3.6517706717091936,3.2409274942252653,3.181790527911824,2.777834117783421,2.557433825507609,2.5243986052300293,1.5147514221656806,1.9139306938174525,1.8312742465168617,0.06435069799537095,0.36232180133183556,0.06218360284335685,0.30165832045006075,0.06781099790204145,0.3769630193675432,0.16148900265541197,0.40346365816600044,0.30119195436216933
172,0.5843643643643643,3.847533375116578,3.7988770517424215,3.65966982232724,3.248355095147828,3.1893419068352777,2.786318475937226,2.5649474983966694,2.5320955595955907,1.525269416872523,1.9219880290065212,1.839421365487745,0.07592622740946174,0.36202696642994026,0.062049895460168016,0.30140974704198004,0.06762447497149063,0.3766350859260481,0.16104385724204692,0.4031666931564234,0.3005463060035814
173,0.5848548548548549,3.8543619471486856,3.8058811440433327,3.667549457350286,3.2557770318312795,3.196886406099812,2.7947970431895968,2.572452140361168,2.5397875971917427,1.5357602877679535,1.930027718704058,1.8475609470282384,0.08745668253726462,0.36173403728772535,0.061917347448215074,0.3011589124691972,0.06743861840317353,0.3763104439598586,0.16060136863917937,0.40287395321007574,0.2999061803909683
174,0.5853453453453453,3.8611831324426613,3.812878210071552,3.675410098957191,3.2631931612487244,3.204423983197018,2.8032699972154584,2.579947778843764,2.547474614733184,1.5462239181687283,1.9380500318979272,1.8556930225948796,0.09894285680299081,0.3614429928693325,0.06178593970880666,0.3009058971927687,0.06725336082861794,0.37598912020204495,0.16016153144658782,0.40258525210227986,0.2992715034008513
175,0.5858358358358359,3.867996967345475,3.8198682144610747,3.683252782731329,3.270603370811204,3.211954595956021,2.81173750966546,2.587434442774639,2.5551565079845258,1.556660205661011,1.946055233597939,1.8638176082387536,0.11038558615113797,0.3611538324985176,0.061655650055302935,0.3006508488255559,0.06706861179616488,0.37567114282526975,0.15972433978031478,0.4023004024024765,0.298642193321999
176,0.5863263263263263,3.8748035110847856,3.8268511230076205,3.6910779252916357,3.27800755287243,3.219478204301426,2.8201997196502506,2.5949121608397836,2.5628331827570916,1.567069059483125,1.9540435864071342,1.8719347304220502,0.121785586127295,0.3608665338633699,0.06152646171615446,0.3003938325484071,0.06688431819629867,0.3753565332045418,0.15928978887197784,0.40201923605677026,0.29801818348496056
177,0.5868168168168169,3.8816028102658953,3.833826899261215,3.6988863216202446,3.285405583406843,3.226994765650479,2.8286567913394824,2.6023809683824934,2.5705045545738274,1.5774504196900374,1.962015352314345,1.8800443987286444,0.13314376787459503,0.3605810821096428,0.061398350958985735,0.30013496526994027,0.06670040296489896,0.3750453067776008,0.15885786890849088,0.40174156605873446,0.2973993798712172
178,0.5873073073073073,3.888394912400465,3.840795508700757,3.7066788550177927,3.29279733318052,3.234504242251613,2.8371088682723418,2.609840896051442,2.578170526849575,1.5878042344830952,1.9699707901158625,1.8881466386661643,0.14446085586094706,0.360297473717335,0.06127129847855837,0.299874380135796,0.06651678776932508,0.3747374771941536,0.1584285689966804,0.4014672293297827,0.2967857114616704
179,0.5877977977977978,3.895179857677492,3.8477569101830658,3.714456092465086,3.30018269327768,3.242006593817524,2.845556164144593,2.6172919914473516,2.5858309880241275,1.5981304834539103,1.977910156341124,1.8962414571798378,0.15573776909817658,0.36001568406891205,0.0611452803095468,0.2996121497504485,0.06633340219454573,0.3744330660039726,0.15800187097942928,0.4011960424739618,0.29617707931170023
180,0.5882882882882883,3.901957701773017,3.8547110681817096,3.7222189709845983,3.307561544413803,3.2495017804566992,2.853998771736716,2.6247342856886693,2.5934858439273563,1.6084291410306135,1.9858337046973924,1.904328870845005,0.16697526616334687,0.35973571037280494,0.061020275890019175,0.2993484222904901,0.06615017389612642,0.3741320764248896,0.15757776383036254,0.40092784371900686,0.29557340534384974
181,0.5887787787787788,3.908728480929143,3.8616579429742037,3.729968188187259,3.3149337627818043,3.25698976576267,2.8624368500141077,2.632167826290565,2.6011350243557603,1.618700225175472,1.993741685984962,1.9124088904775343,0.1781742075285204,0.3594575340933957,0.06089626225183607,0.29908329842229875,0.06596703301987872,0.3738345089603837,0.15715622959635023,0.4006624699418419,0.2949745963699891
182,0.5892692692692693,3.9154922419924825,3.8685974964843766,3.73770445517227,3.3222992374732185,3.2644705118991175,2.870870564712374,2.63959265327831,2.6087784213159626,1.6289437494944,2.0016343487406774,1.9204815273586635,0.18933547076796842,0.359181138130844,0.060773215668764126,0.2988168798980056,0.06578390987612757,0.3735403739398613,0.15673724802616604,0.4003997486183261,0.2943805556065488
183,0.5897597597597597,3.922249014611657,3.8755296913168924,3.7454285463963193,3.3296578529900476,3.2719439825329846,2.8793000201293455,2.647008819113725,2.616415930777869,1.6391597515358347,2.0095119377919954,1.928546788199207,0.20045979046605822,0.35890651247102295,0.06065111581841521,0.29854928459138663,0.0656007394105545,0.3732496665117625,0.15632080016738795,0.40013953496300686,0.2937912026218335
184,0.5902502502502502,3.928998853700355,3.882454486761245,3.7531412689746153,3.3370094762240585,3.279410142447035,2.887725430072306,2.654416365425356,2.6240474639207583,1.6493482895737783,2.0173746967503083,1.936604681223301,0.2115481363087209,0.35863364023132516,0.06052993547975167,0.2982806248162898,0.06541744012130915,0.3729623916559957,0.1559068577808141,0.3998816537467997,0.2932064259205161
185,0.5907407407407408,3.9357417827003465,3.889371841972339,3.760843283583713,3.3443540189318837,3.2868689561246893,2.896146881071564,2.661815346667688,2.6316729444610547,1.6595094274230007,2.025222863659857,1.9446552109066426,0.22260130156927052,0.35836250321806307,0.06040965322541264,0.2980109990855953,0.06523395769868665,0.3726785379049691,0.15549540231760667,0.39962596110132287,0.29262613610932314
186,0.5912312312312312,3.9424778483889793,3.8962817180378626,3.7685353298605984,3.351691349780784,3.2943203904737066,2.90456451384808,2.6692058105283527,2.6392922768273137,1.6696432513673938,2.0330566746543406,1.9526983849916253,0.2336200580372437,0.3580930888859905,0.06029024699566269,0.29774051904281257,0.06505022452346175,0.37239809626819337,0.1550864060979872,0.39937231555289787,0.2920502440266943
187,0.5917217217217217,3.9492070836227153,3.903184075074697,3.7762181739138843,3.359021378342205,3.301764411908454,2.912978439222924,2.6765878095614464,2.6469053495677555,1.679749854548995,2.040876362363649,1.9607342080599395,0.24460542206149552,0.3578253750734522,0.060171688479380155,0.29746929648620923,0.0648661788894956,0.37212105987839145,0.1546798429644498,0.3991205405874428,0.291478628321574
188,0.5922122122122122,3.9559295234751835,3.910078873475183,3.783892639479508,3.3663439772843984,3.3092009867256604,2.921388833957632,2.683961394376737,2.6545121125053064,1.689829352951196,2.048682156826146,1.9687626743704525,0.255558167503622,0.357559352550817,0.06005395491006083,0.29719744773076123,0.06468174488516287,0.3718474141592552,0.1542756825207861,0.39887050855962203,0.29091119779295677
189,0.5927027027027028,3.962645189570624,3.9169660731010474,3.791559223450858,3.3736590442632437,3.316630084741031,2.92979576997721,2.691326625813272,2.662112454339411,1.699881867829715,2.056474283054175,1.976783796776411,0.2664791006873012,0.35729499484309746,0.05993702409076165,0.29692505080221576,0.06449687864721601,0.3715771400890308,0.15387389739551086,0.39862207855606796,0.29034785579405353
190,0.5931931931931932,3.969354122885522,3.923845631185141,3.799218897929726,3.3809664871338767,3.324051675018487,2.9381993732970177,2.698683555994559,2.669706303560394,1.709907535617917,2.0642529647119057,1.9847975696408924,0.277369149817526,0.35703229265818465,0.059820868731958396,0.296652245742695,0.06431150788261447,0.3713102211482014,0.1534744574306733,0.39837510158698564,0.2897884890013174
191,0.5936836836836836,3.9760563428428237,3.9307175128243776,3.8068721277950046,3.388266190167515,3.3314657263465848,2.946599773953069,2.706032242933182,2.6772935737291417,1.7199065124812332,2.0720184201187686,1.9928039954631092,0.2882291525541897,0.35677121745015666,0.059705465153669104,0.2963791000564674,0.06412558197140214,0.3710466363975314,0.1530773283074469,0.39812944291401275,0.2892329939174705
192,0.5941741741741742,3.9827518810607985,3.9375816731554423,3.814519657005891,3.395558054663549,3.3388722107673106,2.9549970265719008,2.7133727401673493,2.6848741833925844,1.7298789605017826,2.079770864664054,2.000803072717442,0.2990599761976641,0.3565117510141263,0.059590788243764306,0.29610572995295315,0.06393904925395638,0.3707863559866086,0.15268247988984002,0.3978849654453231,0.28868126240478326
193,0.5946646646646646,3.989440759151446,3.9444380758166098,3.8221622316850294,3.4028419949149966,3.3462710998322365,2.9633913042604054,2.7207051086729352,2.6924480534150304,1.7398250514196025,2.08751050976353,2.0087948011330115,0.309862482667379,0.3562538771407337,0.05947681250048414,0.29583223277512566,0.06375184316148574,0.37052936621652,0.15228987519583248,0.39764153607195996,0.2881331864351045
194,0.5951551551551552,3.9961229986333513,3.951286678995861,3.829800283845152,3.410117904800796,3.3536623657425264,2.971782627267617,2.7280293980701917,2.700015133468228,1.7497449739493762,2.09523756435755,2.016779176933195,0.3206374929780957,0.35599756477712513,0.05936351492964166,0.2955586845810008,0.06356393139752588,0.3702756234149676,0.15189948404356257,0.3973990334561263,0.28758866209116374
195,0.5956456456456456,4.002798632903842,3.9581274441721725,3.837434811192338,3.417385701574362,3.36104598098491,2.9801711287922794,2.735345682176074,2.7075753135234573,1.7596389191753334,2.1029522321345064,2.02475619764595,0.3313858235259373,0.3557428109263237,0.059250870057465224,0.29528522574085175,0.06337524226490546,0.3700251084826101,0.15151126828119027,0.3971573327034137,0.28704758443707584
196,0.5961361361361361,4.00946765925613,3.9649603321367017,3.8450660501498417,3.4246452945012713,3.368421921191268,2.988556887386826,2.7426540028061743,2.715128549915754,1.7695070964670345,2.110654714045096,2.032725863638438,0.3421084537150481,0.35548956922430336,0.059138851014022914,0.2950118897037114,0.06318574618684486,0.36977778608665274,0.1511251922655459,0.3969162929284296,0.2865098276322221
197,0.5966266266266266,4.016130106401173,3.971785302753964,3.852694698353222,3.431896590004718,3.375790159815954,2.996939970797359,2.7499544293772322,2.7226747620676606,1.779349729754457,2.1183452063086885,2.0406881661448906,0.3528061226645324,0.3552378253939138,0.05902743517111795,0.2947387833910542,0.06299539425353586,0.36953361784333744,0.15074121850137762,0.39667581079754166,0.28597529408019207
198,0.5971171171171171,4.022785997413872,3.9786023199612814,3.860321440043896,3.4391395159613274,3.383150674393089,3.005320423053586,2.757247012612506,2.7302138747055165,1.7891670348593804,2.126023902678954,2.048643102633929,0.36347966622029215,0.3549875604814638,0.05891659772332358,0.2944660112960419,0.06280414365551326,0.3692925687440522,0.15035931183055867,0.396435765316768,0.285443874181083
199,0.5976076076076076,4.029435328710483,3.985411345280249,3.8679468415305758,3.4463739829914886,3.390503438525935,3.013698342225241,2.764531816526576,2.737745855791752,1.798959249915531,2.1336909920594054,2.056590668942559,0.37412996768326834,0.3547387467036584,0.05880631279284515,0.2941936518744324,0.06261194764770255,0.36905459712296773,0.14997943412279455,0.39619604097380523,0.2849154522413998
200,0.5980980980980981,4.036078123838367,3.992212338878916,3.8755712464707166,3.453599915046557,3.3978484329142917,3.022073777242382,2.7718088991663623,2.7452706043946535,1.8087266201468177,2.141346660332289,2.0645308651309007,0.3847579191280293,0.35449134785930025,0.058696554695796176,0.2939217592381097,0.062418779274101034,0.36881966696868934,0.1496015449508432,0.39595651100130524,0.2843899084387222
201,0.5985885885885885,4.04271439753942,3.999005264963465,3.883195348388582,3.4608172428890036,3.405185633174458,3.0304467831053246,2.779078316849759,2.7527880981512607,1.8184694002818411,2.1489910876268308,2.0724636785525075,0.39536421575193265,0.35424535094955256,0.05858730186942274,0.2936504363283664,0.062224594825682045,0.3685877308990451,0.14922560733977058,0.3957170923047488,0.283867148614697
202,0.5990790790790791,4.049344144863498,4.005790086776463,3.89081945146098,3.468025902026608,3.4125150186001507,3.038817399876728,2.7863401247792403,2.760298256966086,1.8281878417778699,2.1566244533917462,2.0803891065690214,0.40594976887651374,0.3540007161830799,0.05847852831773658,0.293379727675598,0.062029371009614705,0.36835874958141684,0.1488515821382878,0.3954776601594457,0.2833470500177606
203,0.5995695695695695,4.05596737149279,4.012566766714324,3.898444243752454,3.475225811127784,3.4198365691474786,3.047185683671075,2.793594385153473,2.7678010382918132,1.8378822203487544,2.1642469303308562,2.088307147738089,0.4165153218999277,0.35375742740158495,0.058370210894018955,0.29310973481845404,0.06183306396286707,0.36813267370511227,0.14847942843480463,0.3952381249133461,0.2828295105672552
204,0.6000600600600601,4.06258409595867,4.019335271125391,3.906070067704634,3.482416921200684,3.42715026602799,3.0555516582100104,2.800841151614524,2.775296376788043,1.8475528050211507,2.171858688644276,2.0962177907767647,0.4270617451271091,0.3535154497588819,0.058262324375964444,0.29284051151969626,0.0616356538060181,0.36790945963989746,0.14810910717911177,0.3949983748233799,0.2823144107264017
205,0.6005505505505505,4.0691943122899445,4.026095562683517,3.9136973231903975,3.4895991551395924,3.4344560893026634,3.063915341160715,2.808080478519806,2.7827842534119585,1.857199873726047,2.1794598943136347,2.1041210340297187,0.4375897759697041,0.35327475389506596,0.058154846938676216,0.2925721208899988,0.0614371159409389,0.3676890505477515,0.14774058055274478,0.3947583246965523,0.28180164901102706
206,0.6010410410410411,4.075798018391547,4.032847609309948,3.9213264367560448,3.496772470375694,3.441754019425667,3.0722767685000956,2.815312423125821,2.790264596735364,1.866823720223691,2.187050708929503,2.1120168699962525,0.4481002643181684,0.3530353088225043,0.05804775320982556,0.2923046235149212,0.061237425499963805,0.36747140217026003,0.1473738056955173,0.39451786966641317,0.2812911062691141
207,0.6015315315315315,4.082395218183264,4.039591375620541,3.928957729067613,3.503936799414852,3.44904404088207,3.080635933485197,2.8225370384851973,2.7977373761787407,1.8764246229690251,2.194631291889019,2.1199052937213696,0.45859399293895114,0.35279708074294125,0.05794102043561032,0.2920380742536313,0.061036566975340815,0.36725645795068956,0.14700874580732887,0.39427691762192,0.2807826741203764
208,0.602022022022022,4.088985910418681,4.046326827873419,3.936591600102992,3.511092108155864,3.4563261367652207,3.088992897652268,2.8297543772029456,2.8052025410329953,1.8860028926558663,2.2022017973479775,2.127786300702619,0.46907163477908237,0.35256004540980734,0.05783462770607847,0.29177252441964396,0.06083451487140494,0.3670441741611823,0.1466453557878512,0.39403539473147087,0.2802762548295923
209,0.6025125125125125,4.095570092327904,4.053053933478377,3.944228382773462,3.5182383441439535,3.4636002894788946,3.097347616993856,2.83696449557916,2.8126600677501243,1.8955588231777647,2.209762375271263,2.135659882912528,0.4795340255071127,0.35232416690885365,0.05772855085041117,0.29150803359955646,0.060631259912245175,0.36683448700328647,0.14628360013138084,0.3937932067589072,0.27977173174068226
210,0.603003003003003,4.102147746363129,4.059772662839003,3.9518683635263,3.5253754534749597,3.470866485840072,3.1057001051372155,2.8441674412089686,2.820109900790647,1.9050927251037915,2.217313173275474,2.14352603690932,0.48998191253719164,0.3520894117568098,0.057622767410408865,0.2912446441751526,0.06042678713721904,0.36662734492846966,0.14592343531252847,0.39355026844292057,0.27926899694071305
211,0.6034934934934935,4.1087188827926155,4.066482981480179,3.9595117565898725,3.5325034080981204,3.4781247081917823,3.114050387924805,2.851363264892124,2.8275520362444566,1.9146049029747714,2.2248543336344384,2.1513847575945104,0.5004160424155082,0.35185574445160994,0.05751725567343608,0.290982386530656,0.06022108629121919,0.3664226941861676,0.14556482227625878,0.39330650272648726,0.27876794442049024
212,0.603983983983984,4.115283488455302,4.0731848608167525,3.9671589321385805,3.539622152811206,3.4853749440198483,3.12239836830435,2.858552017401137,2.8349864223861507,1.924095672961483,2.2323859961899375,2.159236037634143,0.5108370975942853,0.35162313691492686,0.05741199490245688,0.29072133206362594,0.060014154613109494,0.36622046529120766,0.14520772351981462,0.3930618372645199,0.27826847359018875
213,0.6044744744744744,4.121841544921265,4.079878270414974,3.974810029531519,3.5467316826783057,3.492617179460453,3.130744129531133,2.865733743840379,2.842413044390961,1.933565355147742,2.2399082959040486,2.1670798741605655,0.5212457609919788,0.35139155354242646,0.057306964811393246,0.29046148454371956,0.059805979354432895,0.3660206168541872,0.14485209455929737,0.39281620479211915,0.2777704844915643
214,0.604964964964965,4.1283930389922245,4.086563180947354,3.982465236928154,3.553831947260174,3.4998514018047833,3.1390875816981856,2.8729084922522916,2.8498318570475183,1.94301426349949,2.2474213650002333,2.174916262464437,0.5316428368240633,0.35116095339259296,0.05720214213534175,0.290202887210558,0.05959656604309362,0.36582308085705684,0.14449789825490444,0.39256951628867603,0.2772738609894807
215,0.6054554554554554,4.134937963255024,4.093239566906334,3.9901247848858596,3.560922922510827,3.5070775982661844,3.14742871275792,2.880076306175657,2.8572428658995164,1.9524427206473183,2.2549253302492778,2.1827451971176735,0.54202887104802,0.350931309979487,0.057097510118433684,0.289945575751116,0.05938591053649619,0.3656277964127009,0.14414509580723397,0.3923217289635729,0.2767785202472262
216,0.605945945945946,4.141476313530782,4.099907396983984,3.9977887826503684,3.568004590954909,3.5142957564355832,3.155767512946066,2.8872372330911205,2.8646460294135516,1.961851052593763,2.2624203170917814,2.1905666750246984,0.5524046345573975,0.35070258233412066,0.056993046295091915,0.28968956658282785,0.05917401470191272,0.36543470972673003,0.14379364536854908,0.39207276156193455,0.27628434926128875
217,0.6064364364364364,4.14800805417405,4.106566648017103,4.005457391976827,3.575076923313561,3.5215058648825757,3.164103913596295,2.8943913125136183,2.872041331117082,1.9712395855222034,2.269906445809074,2.1983806915100237,0.5627707587919173,0.3504747358446922,0.05688873185483538,0.28943489044246423,0.058960884657835305,0.3652437544097968,0.1434435090899839,0.3918225564934475,0.27579125282884115
218,0.606926926926927,4.15453318200421,4.113217290415188,4.013130820697169,3.5821399031805505,3.528707913183921,3.172437881972001,2.901538589559653,2.8794287786980566,1.9806086492038064,2.2773838340259105,2.2061872432527987,0.5731278587223347,0.3502477400413434,0.05678454837081917,0.28918158129574634,0.05874652216790481,0.3650548664553348,0.14309464905725996,0.39157106356828525,0.2752991385050223
219,0.6074174174174174,4.161051675547859,4.119859302790873,4.020808914506318,3.589193517532842,3.5359018917332143,3.180769384500256,2.908679095529056,2.886808328770715,1.9899585677984752,2.284852593819403,2.213986327117235,0.5834765486547947,0.3500215496196858,0.05668047814849019,0.2889296187361214,0.05853094490975253,0.3648679925498826,0.1427470240851585,0.39131822326298776,0.2748079117614698
220,0.6079079079079079,4.1675635129472095,4.1264926582362245,4.028491858188288,3.5962377586678524,3.543087788918285,3.189098351186144,2.9158128740013085,2.8941799914250086,1.9992896720367448,2.292312835803455,2.221777938632609,0.5938174807271558,0.3497961306975422,0.056576501986204925,0.28867903538315226,0.058314161507995996,0.3646830641169468,0.14240059860100915,0.39106398145272625,0.2743174748629157
221,0.6083983983983984,4.174068674963582,4.133117334850081,4.036179690977742,3.603272622201947,3.55026559697762,3.197424725836426,2.9229399654625374,2.901543752153706,2.008602290483469,2.299764666216706,2.229562076855711,0.6041512120287322,0.3495714483033222,0.05647260339450492,0.28842984085403145,0.05809618597636912,0.36450001993806763,0.14205533497659986,0.39080829357295255,0.27382774129064624
222,0.6088888888888889,4.180567132143757,4.139733309891262,4.04387246242659,3.610298098097701,3.5574353046754483,3.2057484636960214,2.9300603966563714,2.9088996011946087,2.017896754895691,2.3072081886829343,2.237338742347842,0.6144782813504551,0.3493474683938067,0.05636876612371902,0.28818204432479083,0.05787702969683467,0.3643187999696085,0.1417111936296109,0.3905511170284201,0.2733386262233995
223,0.6093793793793794,4.187058875944783,4.146340562176416,4.051570024567784,3.6173141744708013,3.5645969053420465,3.214069501039687,2.93717420564288,2.9162475378032493,2.0271733949795085,2.3146435014329563,2.2451079283380873,0.6247993341847249,0.349124144742142,0.05626497192566468,0.2879356319828295,0.05765671607843912,0.3641393391685905,0.14136813773456902,0.39029239826618944,0.2728500313379069
224,0.6098698698698699,4.193543870392313,4.152939069406619,4.0592724797668085,3.624320870646415,3.5717503903325554,3.222387722106422,2.9442814204046646,2.923587567528193,2.0364325392036116,2.322070701250124,2.2528696339267427,0.6351148255161188,0.3489014485776417,0.056161207076622005,0.2876906254231371,0.05743526703150265,0.3639615699181786,0.14102613427495883,0.3900321099447638,0.2723618827252068
225,0.6103603603603603,4.200022098554759,4.159528813509721,4.066979709676044,3.6313181693941634,3.5788957517029325,3.230703102051102,2.9513820749594264,2.9309196642245703,2.0456745153263354,2.3294898809432345,2.260623861337121,0.6454253180458029,0.3486793390924822,0.056057455039111484,0.2874470096869019,0.0572126992574529,0.3637854363897139,0.14068514241962285,0.3897702054350869,0.2718740919262521
226,0.6108508508508509,4.2064935244252135,4.166109774446529,4.074691724007574,3.6383060926515616,3.586032980824867,3.2390155490140247,2.958476196858668,2.9382438595952785,2.054899652323773,2.3369011293616664,2.2683706087605136,0.655731268291933,0.34845778391059584,0.05595370236398181,0.28720478943793726,0.0569890362072177,0.36361087100972694,0.14034512951601563,0.3895066622510795,0.2713865851045939
227,0.6113413413413413,4.212958130380378,4.172681932869833,4.082408297734523,3.645284653090308,3.5931620720556015,3.2473249810399616,2.965563809801788,2.9455601329892347,2.0641082756488207,2.344304533511323,2.276109872997187,0.6660332026960268,0.3482367393106491,0.055849934049577055,0.2869639375949279,0.0567643099224138,0.3634378153761056,0.14000605894957863,0.38924143960576163,0.27089927770393446
228,0.6118318318318319,4.219415885922209,4.179245271425368,4.090129438960688,3.6522538440020185,3.600283017780506,3.2556313274284125,2.9726449416714154,2.9528685073965937,2.073300708720123,2.3517001751483932,2.2838416568181166,0.6763315174645016,0.34801617603912716,0.05574613797174966,0.28672446071210195,0.056538539490025574,0.36326620299620116,0.13966789616007924,0.3889745220900534,0.270412103496059
229,0.6123223223223223,4.2258667666088865,4.185799776341468,4.097854944473196,3.6592136894746075,3.6073958111162505,3.263934495250938,2.9797196122631693,2.9601689949897674,2.0824772734015538,2.359088135225789,2.2915659596975786,0.6866267564881251,0.3477960502787755,0.055642298923426585,0.28648633480156505,0.05631175876672475,0.36309597168544866,0.13933060783438705,0.3887058705470885,0.26992497669488635
230,0.6128128128128127,4.232310737431044,4.192345428485201,4.105584726090823,3.6661642042728118,3.6145004454907634,3.272234397416654,2.9867878473726384,2.9674615741333543,2.0916382953422685,2.3664684902834683,2.2992827842928265,0.6969192136234259,0.3475763337303962,0.05553840748600846,0.2862495506815641,0.05608399525042431,0.36292706227736815,0.13899415775087748,0.38843547871659895,0.26943784206245425
231,0.6133033033033033,4.238747772938045,4.198882213836945,4.113318482698608,3.6731054115661124,3.6215969154110788,3.2805309468649804,2.993849664207093,2.9747462739227766,2.100784086403214,2.37384131361622,2.306992132335544,0.7072094471800546,0.3473569779077357,0.05543444852613372,0.28601406909171073,0.05585528627416529,0.3627594128780903,0.13865851450973574,0.3881633067632878,0.2689506127964496
232,0.6137937937937938,4.245177840927731,4.205410118334945,4.1210561959433845,3.680037330611894,3.6286852158632215,3.2888240338120185,3.000905080849529,2.9820231183509827,2.1099149644523076,2.3812066753596364,2.314694001446114,0.7174977070205955,0.3471379596166998,0.055330413914093664,0.2857798945086271,0.055625660733767866,0.36259295754950155,0.13832364677288705,0.38788936081437025,0.2684632403533817
233,0.6142842842842843,4.251600906706027,4.211929128769604,4.128797555129795,3.686959980806478,3.635765339404333,3.2971135686138737,3.0079541150252003,2.989292103987232,2.119031247419619,2.3885646440697283,2.322388399808511,0.7277844129885052,0.34691923578305817,0.05522629181646244,0.28554698626662833,0.05539515635643564,0.3624276369503258,0.13798952022009842,0.3876136170764643,0.2679756541786258
234,0.6147747747747747,4.258016948572856,4.218439231942919,4.136542368454676,3.6938733902043306,3.642837279887004,3.305399461306479,3.0149967838330274,2.9965532411616635,2.1281332374100446,2.3959152843114357,2.3300753245656405,0.7380698733991022,0.34670077473568,0.055122073103029856,0.2853153213996095,0.05516380754645331,0.3622633935233752,0.13765610381390256,0.3873360696881567,0.26748779853211085
235,0.6152652652652653,4.264425926414261,4.224940418328146,4.144290445166207,3.7007775849112092,3.6499010345995764,3.3136816075606568,3.0220330929655694,3.0038065482991976,2.137221242704675,2.403258657595954,2.337754780400691,0.7483544550226635,0.3464825412474172,0.05501774712117444,0.28508487682374134,0.054931650320944325,0.3621001674324759,0.13732336621706712,0.3870567040910147,0.26699960994195365
236,0.6157557557557558,4.270827808321672,4.231432673948546,4.152041539335596,3.7076725906086154,3.6569565968683664,3.321959887161484,3.0290630616034435,3.011052058229453,2.1462955659167244,2.4105948239481823,2.345426772469876,0.7586384191784808,0.3462645018663888,0.05491330643146862,0.28485562494583516,0.05469872514076992,0.361937892689396,0.13699127946701006,0.3867755243562662,0.2665110396624035
237,0.6162462462462462,4.277222567037248,4.237915988543235,4.159795281347288,3.714558444001378,3.6640039609997577,3.330234232964173,3.0360866939440463,3.018289770677945,2.155356513766739,2.4179238385525843,2.353091302486689,0.7689220647861973,0.346046618437904,0.054808742335220845,0.28462751205803777,0.054465071052101494,0.36177651909301833,0.1366598093165535,0.3864925239442843,0.2660220317393511
238,0.6167367367367367,4.283610165843517,4.244390355830973,4.167551500397221,3.7214351774711822,3.6710431225845044,3.338504504488641,3.043104004233119,3.0255197026241056,2.1644043722207305,2.425245756063914,2.3607483752658034,0.7792056440327317,0.3458288619210353,0.05470404749038946,0.2844005234963773,0.054230729203744,0.3616159844380661,0.1363289300019222,0.38620770365631896,0.2655325387018711
239,0.6172272272272272,4.289990573580217,4.250855763408852,4.175309923830298,3.728302822260418,3.678074076999962,3.34677061788881,3.050114992686047,3.0327418833757167,2.173439437855858,2.432560627085984,2.368397993634361,0.7894894184751245,0.3456111993536214,0.05459921418159321,0.2841746217679309,0.05399573690574302,0.3614562332323218,0.1359986109832174,0.3859210651010449,0.26504251070470597
240,0.6177177177177177,4.296363757583601,4.257312205827683,4.183070173870261,3.735161416329515,3.685096818862589,3.355032470869887,3.0571196674309467,3.0399563359443142,2.182461998457487,2.439868500142339,2.3760401652558008,0.7997735820095419,0.34539359618666843,0.054494236993582884,0.2839497567592718,0.053760138443085734,0.3612972092139598,0.13566882422868948,0.38563261824434336,0.26455190737117196
241,0.6182082082082082,4.30272968112627,4.263759674209629,4.190832002734309,3.742010988401744,3.6921113439636315,3.3632899290378147,3.0641180344049816,3.0471630825692286,2.1914723339531115,2.4471694206418935,2.383674894372748,0.8100583161463767,0.3451760235883293,0.05438911052405382,0.28372590190482433,0.05352397688543105,0.36113885187366673,0.1353395440026254,0.3853423742247176,0.2640606899517299
242,0.6186986986986986,4.309088307967737,4.270198163499427,4.198595087306678,3.7488515949326118,3.699117646814657,3.371542901456371,3.0711100900000687,3.0543621363066196,2.2004707262241587,2.454463433251277,2.3913021845759324,0.8203438067275572,0.34495845076957077,0.054283829260355576,0.28350301023674496,0.05328729436708403,0.36098111325105064,0.13501074152667356,0.3850503413270901,0.2635688183069478
243,0.6191891891891892,4.315439619874113,4.276627665882023,4.206359053482557,3.7556832634076227,3.7061157234442956,3.3797912876780427,3.078095837260521,3.061553514954869,2.2094574489229672,2.4617505784072033,2.3989220424645152,0.8306302628780091,0.3447408438500371,0.05417838728307005,0.2832810349640924,0.053050134265170794,0.3608239395763415,0.13468238944707103,0.3847565251009093,0.2630762502092788
244,0.6196796796796796,4.321783561858266,4.283048177406723,4.214123682756457,3.7625060310349445,3.7131055682611205,3.3880349434492825,3.085075276199758,3.068737258197183,2.2184327689241448,2.4690308947962945,2.4065344757683875,0.840917773300398,0.34452317884370876,0.05407278176143415,0.2830599522286804,0.05281254012749181,0.3606672701629599,0.13435446517322386,0.3844609503664024,0.26258295983881513
245,0.6201701701701702,4.328120118836845,4.2894596931205715,4.2218885006505245,3.76931994870711,3.7200871767788164,3.3962737963633107,3.092048404074183,3.0759133824608758,2.227396953376661,2.4763044188334042,2.4141394898042523,0.8512064321662633,0.3443054239300461,0.05396700999906891,0.2828396942062193,0.05257455687841275,0.36051106059224336,0.13402694088697473,0.38416363810427656,0.26208891952038194
246,0.6206606606606606,4.33444924485135,4.295862209289128,4.229653286504105,3.7761250608976775,3.727060544306847,3.4045077043720147,3.0990152169914733,3.0830819063122004,2.236350259068279,2.4835711849407693,2.42173708814268,0.8614963394065199,0.34408755596754104,0.05386106873037881,0.28262023656340535,0.05233622866452218,0.3603552567616986,0.13369979375627775,0.3838646076461331,0.26159410137431266
247,0.6211511511511512,4.340770911800156,4.302255722254692,4.237417543879479,3.7829214075604476,3.7340256665644858,3.412736572584317,3.10597570636563,3.0902428632552423,2.245292943263308,2.490831224678453,2.4293272829281203,0.8717876687419499,0.3438695376319499,0.05375495346821313,0.28240151140856906,0.052097602658054645,0.36019980924855594,0.13337299877748895,0.3835638683665227,0.2610984687617589
248,0.6216416416416416,4.347085080733063,4.308640229542509,4.245181037590819,3.7897090288178332,3.74098253717534,3.4209603095290384,3.1129298690219214,3.097396280666763,2.2542252518303756,2.4980845676370795,2.436910075500513,0.8820803398594506,0.343651354309545,0.05364866555326856,0.28218348705477064,0.051858716033387056,0.3600446705995104,0.1330465321823625,0.38326146651103205,0.2606020174397446
249,0.6221321321321321,4.3533917309560195,4.315015728235926,4.252943288803568,3.7964879783264545,3.7479311525963954,3.4291787686178967,3.11987769706055,3.104542169979025,2.263147427811418,2.505331242103598,2.4444854772432367,0.8923744408899833,0.3434329736629222,0.05354220286089873,0.28196610473174866,0.05161962352219025,0.3598897911531216,0.13272037266623943,0.38295741927383,0.26010472173231247
250,0.6226226226226226,4.359690820617607,4.321382218063775,4.260704075804595,3.8032582995521818,3.7548715060111206,3.4373918759545337,3.126819178022218,3.1116805617392953,2.272059714454566,2.512571273982002,2.45205349508919,0.9026700105279458,0.3432143768048443,0.053435563522515016,0.2817493316374293,0.05138035935383349,0.3597351276850558,0.13239449542992887,0.38265175413197733,0.25960656232598955
251,0.6231131131131131,4.365982314638467,4.327739697094331,4.268462856751407,3.810020033194335,3.7618035943964854,3.4455995043823586,3.133754305839509,3.1188114901060935,2.280962340194502,2.519804686529707,2.4596141344696902,0.9129669939950452,0.3429955347201239,0.053328749374801206,0.28153309692777484,0.05114097565437271,0.35958063010580177,0.13206888116503868,0.38234451199823566,0.25910753294255573
252,0.6236036036036036,4.3722661858326095,4.334088165359152,4.276219395023709,3.816773234641459,3.76872741091841,3.4538015628755137,3.1406830643480337,3.1259349747228846,2.2898555325368695,2.527031500925334,2.4671674048984875,0.9232654333690666,0.3427764288341196,0.05322175863996456,0.2813173685658462,0.05090151057102081,0.3594262588285326,0.1317435074406029,0.382035715776509,0.25860761431035234
253,0.6240940940940941,4.378542402899474,4.340427621252864,4.28397322833907,3.8235179566990567,3.775642951024738,3.461997919411431,3.147605445080234,3.1330510335604806,2.298739513689041,2.5342517391222277,2.474713314249864,0.9335652201603132,0.34255703649028585,0.05311459430700329,0.28110208699262224,0.05066201478939925,0.35927196818286244,0.13141835507921712,0.3817254103978471,0.2581068069161993
254,0.6245845845845845,4.384810931679091,4.346758067233564,4.2917240918401856,3.8302542288004835,3.782550207476262,3.4701884824259976,3.1545214307188227,3.1401597036060562,2.3076144992936705,2.5414654167890136,2.4822518696725266,0.9438663608803134,0.3423373391247537,0.05300725561010447,0.2808872193190958,0.05042252465183488,0.35911771406148124,0.131093403361857,0.3814136256814416,0.25760509690971944
255,0.6250750750750751,4.391071742269036,4.3530795033729275,4.299471457582111,3.836982114636805,3.789449176361807,3.478373163829274,3.161431007794996,3.14726100592933,2.316480699161157,2.5486725523001548,2.489783079622045,0.9541687272309275,0.3421173133631557,0.052899746188061,0.28067268889726443,0.050183087085334255,0.3589634608925781,0.13076863253140888,0.38110040778981724,0.25710248792562057
256,0.6255655655655655,4.397324805787586,4.359391930674442,4.307214984821289,3.8437016546831457,3.7963398510734048,3.4865518200773558,3.1683341606865776,3.154354961172596,2.3253383161470413,2.5558731592041477,2.497306951739764,0.9644722844026995,0.34189693919090103,0.05279206677958919,0.280458458240993,0.04994374850288716,0.35880916270573365,0.13044402569597563,0.3807857887876988,0.25659897170941554
257,0.6260560560560561,4.403570088521471,4.365695351143661,4.314954427030649,3.850412899445134,3.8032222256444053,3.494724387013853,3.175230870920325,3.1614415990286058,2.334187550190753,2.5630672509105232,2.504823495314768,0.9747768846070997,0.3416762066161626,0.05268422066968268,0.28024448991158246,0.049704541939412705,0.3586547860926496,0.1301195627774697,0.3804698173520934,0.25609455493436456
258,0.6265465465465465,4.4098075575235365,4.371989768796126,4.322689248955224,3.8571158976218736,3.810096293538215,3.5028907681395536,3.1821211195188828,3.168520944438263,2.3430285917708935,2.570254838408826,2.5123327196338643,0.9850823576330995,0.341455094017813,0.05257621261950792,0.2800307101007026,0.04946551303184658,0.3585002947493687,0.12979522623826628,0.3801525436261825,0.2555892474677301
259,0.6270370370370371,4.416037191765286,4.378275183709262,4.330419177601523,3.8638106953705167,3.8169620474901675,3.5110508390725315,3.1890048888691287,3.1755930245944692,2.351861627807977,2.577435931994583,2.5198346295564003,0.9953886152867303,0.34123358771983026,0.05246804463255032,0.27981708863138405,0.04922670324752244,0.3583456478536958,0.1294710005966546,0.37983400662978906,0.255083048788138
260,0.6275275275275275,4.422258956911311,4.384551599255859,4.338143772048265,3.870497339794999,3.8238194828961047,3.5192045158258134,3.195882160473439,3.1826578530949727,2.360686840980582,2.584610539954964,2.5273292359414863,1.005695510293032,0.3410116696189159,0.05235972053126167,0.2796035631973223,0.04898815277952831,0.35819081366364114,0.12914686786207627,0.37951425064754246,0.25457596596759596
261,0.628018018018018,4.428472828323632,4.390819018820997,4.34586268651048,3.877175884765435,3.8306685919299412,3.527351708576339,3.2027529152155356,3.189715456186042,2.3695044029818706,2.5917786693163345,2.5348165462678223,1.0160027954631312,0.3407893306576504,0.05225124667774292,0.2793900870020072,0.048749900145164456,0.35803575995423786,0.12882281271868293,0.3791933352511768,0.2540680197129476
262,0.6285085085085085,4.434678775402093,4.397077446631127,4.353575577992462,3.88384636201901,3.837509366950761,3.5354923223791523,3.2096171267729545,3.1967658586039245,2.3783144832860232,2.598940325245454,2.5422965692256914,1.0263103357559715,0.34056655660141183,0.052142626344724254,0.27917661683013795,0.04851198210782601,0.35788045216481607,0.1284988190649103,0.37887130228814714,0.25355921623949407
263,0.628998998998999,4.4408767726682115,4.403326886364111,4.361282039419143,3.890508834711151,3.8443418011218227,3.5436262569910917,3.2164747753156604,3.2038090833166013,2.387117242314919,2.606095512041233,2.54976931241455,1.0366179097759376,0.34034333491907304,0.05203386549760371,0.2789630969543186,0.04827444034197258,0.3577248602589465,0.12817487360441343,0.3785482057639961,0.2530495734668008
264,0.6294894894894895,4.447066790718905,4.4095673407620835,4.368981783431455,3.897163339952981,3.8511658866486225,3.551753448581663,3.223325839508041,3.210845151277282,2.39591283879217,2.613244232515294,2.557234784546384,1.0469252998751997,0.34011965813291556,0.051924969412176045,0.27874948691189094,0.04803730540254815,0.3575689563179965,0.12785096019447847,0.37822409844049876,0.25253910882176833
265,0.62997997997998,4.4532488107560795,4.415798816256201,4.376674404302535,3.9038099249619056,3.857981615565621,3.5598737784632783,3.2301702949489814,3.217874085365814,2.404701420657189,2.6203864879926173,2.56469299275049,1.0572322733118011,0.33989551455647704,0.05181594434481907,0.2785357376770768,0.04780061938037423,0.3574127076462701,0.12752706723339943,0.3778990339828202,0.25202784217680885
266,0.6304704704704704,4.45942280134477,4.422021317129376,4.384359569932458,3.910448633435073,3.8647889799252435,3.567987188848198,3.2370081157497346,3.2248958969842207,2.4134831364613705,2.6275222796253943,2.572143945189747,1.0675385760927008,0.3396708969540516,0.051706796591735237,0.2783218004331768,0.04756441278488119,0.35725609164556665,0.12720317879720608,0.37757306721957307,0.25151579571420996
267,0.630960960960961,4.465588740398892,4.4282348477198745,4.392036942525097,3.917079504911481,3.8715879726581766,3.576093589547443,3.2438392840428434,3.231910615572759,2.4222581227100686,2.6346516057932132,2.5795876509494318,1.0778439690603165,0.3394457969676255,0.051597532459080796,0.27810763206565686,0.04732872031764042,0.35709907852365436,0.1268792838723393,0.37724625312822224,0.25100299131328996
268,0.6314514514514514,4.471746607585434,4.434439411539287,4.399706193614397,3.9237025959587655,3.878378583910312,3.5841928977758677,3.2506637677080428,3.2389182605192697,2.4310265111543123,2.641774464855153,2.5870241143241524,1.0881481419600207,0.33922021071533237,0.05148815993549129,0.27789318781093675,0.04709357630066397,0.35694164582892396,0.12655537048966137,0.3769186534682726,0.25048945915438126
269,0.6319419419419419,4.477896373280762,4.440635017142223,4.4073669632000465,3.930317935854818,3.8851608054491105,3.5922850465187226,3.2574815442343534,3.2459188374387593,2.439788428201528,2.6488908541472,2.5944533476514344,1.0984508408019023,0.3389941300072517,0.051378685523053726,0.2776784191583318,0.04685901062955409,0.35678377105321657,0.1262314254415355,0.37659031946155186,0.24997522291152746
270,0.6324324324324324,4.4840380171987935,4.446821666321343,4.4150189216688425,3.9369255745623897,3.891934628697654,3.600369960334806,3.264292588874376,3.252912371485168,2.4485439977811096,2.656000769398411,2.6018753543741155,1.1087517730030971,0.33876755017503246,0.051269116812318084,0.2774632806442658,0.04662505513458244,0.3566254312670429,0.12590743803882642,0.37626131158311865,0.24946031130319127
271,0.632922922922923,4.490171520595382,4.452999366723214,4.422661834634251,3.9435255491210492,3.8987000441687285,3.6084475581532796,3.271096874730835,3.259898878352604,2.4572933308602125,2.6631042052278913,2.609290142522565,1.1190506010107664,0.3385404728831123,0.05115946236701189,0.2772477444788678,0.04639173871040384,0.35646660428049215,0.125583398387048,0.37593169275751703,0.24894475950659703
272,0.6334134134134134,4.496296863904982,4.459168124257669,4.430295335136692,3.9501178909429253,3.9054570407345186,3.6165177883825987,3.2778943742457303,3.266878374537997,2.466036540737587,2.670201156637387,2.616697718558574,1.129347040541492,0.3383128919510299,0.05104972949129094,0.2770317600946166,0.046159088044146986,0.3563072707609586,0.12525929449229373,0.37560151872753833,0.24842859569257875
273,0.6339039039039038,4.502414022316368,4.465327942596562,4.4379191824369135,3.956702653347971,3.9122056113885373,3.6245805610295254,3.284685064885783,3.273850877590934,2.4747737268574665,2.677291615671317,2.6240980897264703,1.139640744284237,0.33808480912017125,0.050939927261582085,0.276815295903993,0.04592713397351887,0.35614741071058326,0.12493511938467881,0.3752708535491335,0.247911857102387
274,0.6343943943943944,4.508522980713872,4.4714788301009065,4.445533028068562,3.9632798598745382,3.9189457437374453,3.63263584108791,3.291468915196866,3.280816385063174,2.4835049893081496,2.6843755757994554,2.631491262078661,1.1499314061862365,0.3378562209723733,0.05083006333068413,0.2765983039377426,0.045695898774323465,0.3559870110937182,0.12461086011692432,0.37493975117854406,0.24739457473167883
275,0.6348848848848849,4.514623716427735,4.4776207896508025,4.453136578251988,3.969849556994386,3.925677428787912,3.640683546307857,3.2982458995684953,3.2877749247131187,2.4922304215065436,2.6914530274361406,2.6388772413157326,1.1602186399314458,0.3376271288041375,0.050720147900295325,0.27638074528339235,0.045465411700829156,0.35582605159460434,0.12428651025492092,0.37460828193759327,0.24687679128520323
276,0.6353753753753754,4.520716216172548,4.483753829456858,4.460729627807445,3.9764117746556438,3.9324006566259495,3.6487236251129316,3.305015990805224,3.294726513958314,2.5009501090282895,2.6985239619377994,2.6462560338545242,1.170502122525611,0.33739753605448647,0.05061018912668885,0.27616259406969346,0.045235694192711604,0.3556645166741801,0.12396206146113257,0.3742765038796879,0.24635854163959103
277,0.6358658658658658,4.526800459657144,4.489877953369588,4.4683118983892065,3.9829665448545253,3.939115414443371,3.6567560188726533,3.3117791652164468,3.301671144860834,2.509664130700278,2.7055883690072577,2.6536276445713467,1.1807815101570096,0.3371674438337351,0.05050019578249603,0.27594381333182694,0.04500676960719175,0.35550239378990345,0.12363750521026207,0.37394447439408546,0.24583986288099455
278,0.6363563563563563,4.532876431497917,4.495993168410469,4.475883098325968,3.9895139026646023,3.9458216928733445,3.664780672897567,3.3185353917883957,3.3086088413949275,2.51837256759938,2.712646238007956,2.66099207783297,1.191056403846492,0.3369368552199663,0.050390178241589166,0.2757243638311823,0.044778661044633614,0.3553396680280918,0.12331283421155796,0.37361226286458304,0.24532079976754784
279,0.6368468468468469,4.538944115985259,4.502099480672985,4.4834429878860576,3.996053878319565,3.952519479874731,3.6727975461567093,3.325284643226436,3.3155396050492154,2.527075489193336,2.7196975572447264,2.6683493385479524,1.2013264707540785,0.33670577317125017,0.05028014494145389,0.27550421277716747,0.0445513876474898,0.3551763297618643,0.12298804056959817,0.3732799247778474,0.2448013887571577
280,0.6373373373373373,4.545003499950269,4.508196895148096,4.490991377465834,4.002586504167333,3.959208764258516,3.680806586727692,3.332026894646719,3.322463440314857,2.5357729566841067,2.726742315027136,2.6756994302221817,1.2115912708811432,0.3364742075262678,0.05017010716944375,0.2752833359914365,0.04432496911161842,0.3550123686300034,0.1226631184871728,0.37294753092278493,0.244281680681001
281,0.6378278278278278,4.551054570179754,4.514285417759509,4.4985280807326715,4.009111801747718,3.965889534044693,3.688807754233948,3.3387621182210547,3.329380367125223,2.544465034926984,2.73378049891888,2.683042360038398,1.2218504845552571,0.3362421627167687,0.05006007303491503,0.2750617099055007,0.044099422133431196,0.3548477719254531,0.12233806152309815,0.3726151365831243,0.24376171135227942
282,0.6383183183183183,4.55709731092362,4.520365053838108,4.506052769803302,4.015629804302559,3.9725617774089668,3.6968009920641407,3.3454902867011267,3.336290380308373,2.5531517772074945,2.7408120949887604,2.6903781284207215,1.2321036850000449,0.3360096423601924,0.04995005372278856,0.2748392906398839,0.043874768562151924,0.3546825315328327,0.12201286434800859,0.3722828085169805,0.2432415297506111
283,0.6388088088088089,4.563131707087041,4.526435808545707,4.513565281117541,4.022140535436332,3.979225481711286,3.7047862863375234,3.352211373607772,3.3431934965018137,2.561833231320407,2.7478370900919153,2.6977067412615696,1.2423504881676135,0.3357766553241369,0.04984005905218298,0.2746160535010541,0.04365102016650412,0.3545166415356855,0.1216875213538838,0.37195060886515496,0.24272118092680264
284,0.6392992992992993,4.569157755804795,4.532497688645756,4.521065477190619,4.028644018172338,3.9858806344314606,3.712763568211258,3.3589253534124444,3.350089698518394,2.5705094456655475,2.754855469612664,2.705028197641813,1.2525905370834114,0.3355432110580485,0.049730097884061776,0.2743919875959195,0.043428196048501615,0.35435009266560924,0.12136202743676791,0.3716185923767633,0.24220070484369077
285,0.6397897897897897,4.575175437368914,4.538550699033518,4.528553160779272,4.035140275625251,3.9925272236727976,3.7207328319025414,3.365632199137627,3.356979009964198,2.579180461648938,2.761867219331766,2.7123425029984936,1.2628233458929583,0.33530932136232655,0.049620182844855275,0.27416706143941155,0.04320630663522353,0.35418288020335553,0.12103637783478151,0.3712868361638694,0.24168016015700125
286,0.6402802802802803,4.581184743516441,4.544594843428117,4.536028133384196,4.041629325888313,3.999165235675216,3.728694044519573,3.372331882545306,3.3638614245002487,2.5878463128478133,2.7688723238863,2.719649657541416,1.2730485773709461,0.3350749923235644,0.049510322509415006,0.2739412497723119,0.04298536552635616,0.3540150001593677,0.12071056794318243,0.3709553910937458,0.24115958564047654
287,0.6407707707707708,4.5871856682969225,4.550630128423715,4.543490233430262,4.048111192985012,4.0057946573787655,3.736647157083449,3.3790243797781105,3.370736933488586,2.596507028216873,2.775870767658002,2.726949665215487,1.2832658494410885,0.33484023355385634,0.0494005267214401,0.2737145348006997,0.042765388313232226,0.35384644754291655,0.12038459492524489,0.3706243136549326,0.24063902641924845
288,0.6412612612612613,4.593178196548034,4.556656557501627,4.550939282133735,4.054585891944308,4.012415475955256,3.74459215733008,3.3857096683891266,3.3776055525208437,2.605162639024501,2.7828625350059415,2.7342425244334136,1.293474704522948,0.3346050569030042,0.04929080728989854,0.2734868904087933,0.04254638431154092,0.35367721736302865,0.12005845519655117,0.3702936761171824,0.24011853765674943
289,0.6417517517517517,4.599162329360751,4.562674136723506,4.558375219133039,4.061053436017864,4.019027677136346,3.752529013406201,3.392387720416547,3.384467271349566,2.613813164899549,2.789847609660156,2.74152823566157,1.3036747325433233,0.33436947834890457,0.049181174487932376,0.2732583136522208,0.04232836398169261,0.35350730755108206,0.11973214554656002,0.36996353744268495,0.2395981682857926
290,0.6422422422422422,4.605138047839296,4.568682870175459,4.5657978774825105,4.067513849873147,4.025631247797371,3.7604577252828957,3.399058513031363,3.3913220898811467,2.6224586251142434,2.796825975078114,2.748806799857519,1.3138655659207616,0.3341335068582554,0.0490716378012369,0.27302877655239666,0.04211133497204068,0.35333672030233093,0.11940566260562857,0.3696339525720134,0.23907796237930282
291,0.6427327327327327,4.611105358582675,4.574682760337015,4.573207140243789,4.073967136020789,4.03222617381537,3.7683782467933304,3.4057220160186104,3.398170006127589,2.6310990322979944,2.8037976142931345,2.7560782179800962,1.3240467692373283,0.33389715679885335,0.048962208392229166,0.27279827185940225,0.041895309160401385,0.353165450085946,0.11907900488525891,0.369304984022181,0.2385579728129423
292,0.6432232232232232,4.617064238748429,4.580673814202348,4.580602906958546,4.080413314177947,4.038812440176839,3.7762905765441603,3.4123782148123563,3.405011011819944,2.6397343940873346,2.8107625103576654,2.763342487113067,1.3342179386440547,0.3336604417891181,0.048852896629106,0.2725667822569148,0.04168029250628399,0.35299349958133014,0.11875217048641037,0.3689766909317053,0.23803824888158043
293,0.6437137137137137,4.6230147025046575,4.58665603221988,4.587985083400013,4.0868523893156,4.045390033184631,3.7841947060574705,3.4190270820574318,3.4118451044198315,2.648364720497176,2.8177206455583277,2.770599606788641,1.344378673935971,0.33342337658061755,0.048743712635255204,0.2723342987107163,0.041466291252736036,0.3528208691756646,0.11842515662183944,0.368649130990456,0.23751883912624702
294,0.6442042042042042,4.628956726752689,4.592629419881884,4.59535354287362,4.093284374627298,4.051958939145523,3.7920906076197824,3.425668598156098,3.4186722818048816,2.656990010563539,2.8246720031500723,2.777849573227504,1.354528569585285,0.333185973329609,0.048634667032008284,0.2721008044153745,0.04125331442901154,0.3526475580685355,0.11809796376650952,0.36832236259194157,0.23699979368058696
295,0.6446946946946946,4.634890314572902,4.598593979966353,4.602708208718617,4.099709271875779,4.058519141821595,3.7999782850475055,3.432302736098372,3.425492532804539,2.6656102619234656,2.8316165648349676,2.7850923872779987,1.3646671977513891,0.33294824873251755,0.04852577067829894,0.2718662906642107,0.04104136529237714,0.3524735705861996,0.11777058950070586,0.3679964443292483,0.23648116527402244
296,0.6451851851851852,4.640815469728967,4.604549716422444,4.610049097620015,4.106127083047501,4.065070627989081,3.807857718224551,3.4389294760066824,3.4323058440104592,2.674225470985826,2.8385543133038253,2.7923280440371103,1.374794213859541,0.3327102198582453,0.048417032163975256,0.2716307655280422,0.040830449924753244,0.3522989075282872,0.11744303317303702,0.3676714239617258,0.23596299597845133
297,0.6456756756756756,4.646732173350655,4.610496631671219,4.6173760972045255,4.11253782888238,4.071613382158056,3.8157289290136416,3.445548800221381,3.4391122156404723,2.682835627045717,2.845485229749034,2.7995565386114376,1.384909164396568,0.3324719026372152,0.048308463358629754,0.2713942064329418,0.04062057039796047,0.35212357689442075,0.11711529461122996,0.36734736649854793,0.23544534274102272
298,0.6461661661661662,4.65264043775,4.616434727206503,4.624689122724453,4.118941490242267,4.078147388816827,3.82359188097475,3.4521606856266525,3.4459116397101073,2.691440716834696,2.852409296625655,2.8067778714645835,1.3950116593305126,0.3322333112823401,0.048200074356650274,0.2711566134003392,0.04041173376552426,0.3519475748163191,0.11678737475555392,0.36702432445236904,0.2349282545378245
299,0.6466566566566566,4.6585402505599625,4.622364005090487,4.631988201989734,4.125338084740361,4.084672633022643,3.831446599865498,3.458765116090211,3.4527040939435665,2.7000407270607423,2.8593264955625957,2.813992033764172,1.4051013318479342,0.3319944648257672,0.048091874322408364,0.2709179848489711,0.040203940333644966,0.35177091289372325,0.11645927212455155,0.366702347378622,0.23441177654231943
300,0.6471471471471472,4.6644316175911404,4.628284467722245,4.639273289292254,4.13172759907151,4.091189099801609,3.8392930673877688,3.4653620691436746,3.4594895799829994,2.708635636737029,2.8662368081553815,2.8211990240182403,1.4151777787184514,0.3317553799461567,0.047983873765592995,0.2706783220931164,0.03999719468694908,0.3515935904369588,0.11613098870547577,0.36638149047812757,0.2338959601621013
301,0.6476376376376376,4.670314534243329,4.634196116166735,4.646544300095964,4.138110041934162,4.097696773602674,3.8471313008069057,3.4719515282319064,3.4662680790754274,2.717225424700274,2.873140216266202,2.828398833505129,1.4252406161836884,0.3315160716197743,0.047876082607187294,0.27043761087575097,0.039791498100539835,0.35141561712849617,0.11580252445982224,0.3660618050188351,0.23338085345160464
302,0.6481281281281281,4.67618899816557,4.640098953111411,4.653801375907814,4.144485403655787,4.104195638633621,3.854961295097795,3.4785334756917803,3.473039576338617,2.7258100643083822,2.8800367013576325,2.835591457356422,1.4352894478552258,0.331276564653676,0.04776851080038074,0.27019587614467644,0.03958685271420707,0.35123699712273776,0.11547388083117444,0.36574334320392654,0.23286650677993986
303,0.6486186186186186,4.68205501085117,4.645992978924165,4.661044432004362,4.150853681537712,4.110685679703542,3.8627830604348636,3.485107894967211,3.4798040689050556,2.7343895299607435,2.8869262449440236,2.84277688948683,1.4453239174792425,0.33103687252831304,0.04766116772313713,0.269953107021237,0.03938326003464236,0.3510577358207218,0.11514505949775168,0.3654261536455107,0.23235296570524433
304,0.6491091091091091,4.687912578352902,4.651878193004627,4.668273438620337,4.157214863198217,4.11716688031708,3.870596610733315,3.491674770242291,3.486561531320764,2.742963788960306,2.8938088286121517,2.8499551223184802,1.455343656869527,0.33079701216088014,0.04755406282413574,0.26970930215173783,0.0391807199521618,0.35087784176430703,0.11481606115771562,0.36511028269878637,0.2318402770060742
305,0.6495995995995996,4.6937616927423695,4.657754595619009,4.675488499019484,4.163568948203349,4.1236392259974854,3.8784019446995024,3.4982340874969635,3.4933119500568344,2.7515328080287778,2.90068443422031,2.857126149834216,1.4653482665912145,0.3305570067457246,0.04744720640929075,0.26946447772174165,0.03897923539789185,0.35069732141332083,0.11448688866966582,0.36479578287957926,0.23132849210405373
306,0.6500900900900901,4.699602361398738,4.66362218872221,4.682689568951532,4.169915921789991,4.130102700442793,3.886199086172982,3.5047858304269686,3.500055323120947,2.760096553071472,2.9075530428432335,2.8642899612073784,1.475337446484844,0.3303168697481655,0.047340606296234794,0.2692186297226126,0.038778804828760914,0.3505161813061733,0.11415754396192233,0.3644826943630413,0.2308176497545766
307,0.6505805805805805,4.705434580419053,4.669480970986901,4.689876696295601,4.176255776487692,4.136557287632832,3.893988035513183,3.511329986032469,3.5067916145378546,2.768654984396914,2.9144146366646244,2.871446548096264,1.4853107966557588,0.3300766224723716,0.04723427277948561,0.26897176767698455,0.03857943062291999,0.3503344309300811,0.11382802904577122,0.3641710659908129,0.2303078010966324
308,0.6510710710710711,4.711258359069988,4.675330939916983,4.697049993871941,4.182588494843131,4.143002972259183,3.901768820179784,3.5178665420885733,3.5135208185307727,2.7772080631323477,2.921269197268505,2.878595901997046,1.495267978021525,0.3298362867539684,0.04712821455020196,0.2687239096649554,0.038381110989943755,0.3501520777509089,0.11349834634087132,0.3638609425137276,0.22979899044154092
309,0.6515615615615615,4.717073691431201,4.681172096650549,4.704209371516161,4.1889140733513015,4.149439738522593,3.9095414470784395,3.5243954881162334,3.520242920824052,2.785755746402725,2.928116706192208,2.8857380149309706,1.5052086683058519,0.3295958744136461,0.047022440337052766,0.2684750437364723,0.03818384781258692,0.34996912976418365,0.11316849978368072,0.36355236462343615,0.22929126005252892
310,0.6520520520520521,4.722880586508396,4.687004438101141,4.7113551135789375,4.195232485989617,4.1558675702753645,3.9173059365463434,3.5309168088436826,3.5269578945523556,2.794297989931887,2.934957145531411,2.8928728728768847,1.5151325123812092,0.3293554158020592,0.04691695882662684,0.26822521507307445,0.03798764045241205,0.34978559631884276,0.11283849102747182,0.3632453758419991,0.22878465561177733
311,0.6525425425425425,4.728679046471835,4.692827963670421,4.7184870886646495,4.201543725982093,4.1622864510280335,3.9250623059471677,3.5374304997023245,3.533665735713456,2.802834742750289,2.9417904974516267,2.9000004684437655,1.5250392048325228,0.3291149204170727,0.046811778583750734,0.26797440573522646,0.03779248935048878,0.34960148517986755,0.11250832565643179,0.3629400154151925,0.22827921845074292
312,0.6530330330330331,4.734469071306973,4.6986426704985504,4.725605442768256,4.20784776795969,4.168696366434499,3.9328105621883056,3.5439365474330033,3.5403664088280626,2.811365963563826,2.9486167433532913,2.907120788890275,1.5349284071491431,0.32887441136519685,0.04670690809196302,0.2677226411911612,0.037598396004302,0.34941680463139707,0.11217800522701363,0.36263632385096545,0.2277749917981479
313,0.6535235235235235,4.740250666821723,4.704448556603291,4.732710293598833,4.214144601706263,4.175097299480332,3.9405507473012578,3.550434943314934,3.5470598975771215,2.8198915971554603,2.955435866125248,2.914233821119169,1.5447998577126518,0.3286339079745991,0.04660235421073828,0.2674699368921828,0.037405358491703906,0.34923156843445785,0.11184753355402623,0.36233433177720414,0.22727201086805904
314,0.654014014014014,4.746023835163268,4.710245618746357,4.739801675272075,4.220434199949691,4.181489235144052,3.948282874432051,3.5569256798921174,3.5537461973565505,2.8284115946130375,2.9622478477084715,2.9213395555601243,1.554653184946697,0.32839342947751193,0.04649812688172137,0.26721630183863376,0.03721337747643544,0.34904578119614127,0.11151691542525809,0.3620340881582177,0.22677032516132956
315,0.6545045045045045,4.751788583290303,4.7160338546746585,4.746879646753801,4.226716551536465,4.187872157530991,3.9560069488970577,3.5634087516253774,3.5604252744432725,2.8369259017315116,2.969052670787426,2.9284379778346397,1.5644881424384103,0.328152991755657,0.04639423264815972,0.2669617483938977,0.03702245649969851,0.34885945330122414,0.1111861553656245,0.3617356197233268,0.22626996737260457
316,0.6549949949949949,4.757544915288886,4.7218132599139855,4.75394437727693,4.232991626455546,4.194246050332122,3.9637230140433726,3.569884150221043,3.567097114725884,2.8454344625837993,2.9758503178126148,2.9355290743229996,1.5743043997999495,0.3279126189350288,0.046290680090856094,0.2667063014311403,0.036832593177917636,0.3486725956590657,0.11085525694802394,0.36143896747353477,0.22577098170081883
317,0.6554854854854855,4.763292829785078,4.727583829781938,4.760996001685063,4.239259401356686,4.20061089975025,3.9714310812646296,3.5763518735843696,3.5737616894213216,2.853937223452462,2.9826407716194017,2.942612831114749,1.584101755220819,0.32767232757469655,0.046187474528910644,0.2664499833224729,0.03664379064511663,0.34848521678783667,0.11052422466623657,0.36114415287606694,0.22527339547037373
318,0.655975975975976,4.769032335535498,4.733345561299512,4.768034585122215,4.245519858821528,4.206966688189564,3.9791311822048985,3.5828119142873187,3.580418988993879,2.86243412520445,2.989424015014451,2.9496892366114382,1.593879867285657,0.3274321378854665,0.046084625213353804,0.266192804822724,0.03645604938848674,0.3482973272158048,0.1101930638792508,0.3608512185077579,0.22477725490367434
319,0.6564664664664664,4.774763436804314,4.739098449888802,4.775060268263107,4.2517729708516825,4.213313401482291,3.9868233392184425,3.589264270033193,3.587068982729079,2.8709251130384295,2.996200031088579,2.9567582728353528,1.6036385339681667,0.3271920672365575,0.04598213740419066,0.2659347891192943,0.03626937154971479,0.34810893678706617,0.10986177849874385,0.3605601859531428,0.22428258718345256
320,0.6569569569569569,4.780486139120046,4.744842489876819,4.782073104851345,4.258018710803913,4.219651024627861,3.994507560497104,3.595708939766725,3.5937116614379643,2.8794101250288056,3.0029688034130273,2.9638199271996317,1.6133774687227402,0.3269521322208992,0.045880019081252325,0.26567594881412093,0.03608376095923524,0.34792005110660484,0.10953037568658502,0.36027109044673655,0.22378943196374412
321,0.6574474474474474,4.786200447874331,4.750577677237384,4.789073292814222,4.264257052731419,4.225979541665229,4.0021838947958965,3.602145917442896,3.6003469897494815,2.8878891015788684,3.009730315125667,2.970874181492346,1.6230964407232469,0.32671235460299664,0.0457782761634268,0.2654163117665556,0.03589921768464203,0.3477306857887475,0.10919885830469506,0.3599839558584363,0.22329782021146743
322,0.657937937937938,4.79190636511362,4.756304005097361,4.79606094466837,4.2704879714779445,4.232298937740973,4.009852355833371,3.6085752066223757,3.6069749595440133,2.896361981287867,3.016484550254584,2.97792102175208,1.6327952058221373,0.3264727515372074,0.04567691551257784,0.2651558973723451,0.035715746579259855,0.3475408465761083,0.1088672337040833,0.35969881231686873,0.2228077863067886
323,0.6584284284284284,4.797603897134937,4.762021467484627,4.803036190191851,4.276711432317103,4.238609198519959,4.017512963565572,3.614996805479698,3.613595533842361,2.904828704114031,3.0232314922590775,2.98496043116269,1.6424735693902768,0.3262333395847409,0.04557594231448411,0.26489472867927183,0.03553335154814146,0.34735054356472506,0.10853550619275788,0.35941567851689754,0.22231935685804152
324,0.6589189189189189,4.803293051190321,4.76773005940273,4.80999918162234,4.282927417585637,4.24491030860297,4.02516574926606,3.6214107139024128,3.6202087074149354,2.9132892067189022,3.0299711254189625,2.991992392405388,1.6521313213267523,0.32599413698293983,0.04547536249743254,0.2646328283114981,0.035352037197186964,0.34715978643814643,0.10820368280343434,0.3591345797141061,0.2218325618488705
325,0.6594094094094094,4.808973828412569,4.773429772778318,4.816950052330136,4.2891358908090105,4.251202253798505,4.032810741881033,3.6278169330446945,3.626814451052295,2.9217434282248678,3.0367034341122787,2.9990168877788923,1.6617682189484482,0.32575516218239053,0.04537518263215888,0.26437021771587244,0.035171807248429186,0.3469685849264565,0.1078717683175186,0.3588555429901541,0.2213474345374525
326,0.6598998998998999,4.814646236679231,4.779120601342928,4.82388896915206,4.295336822175377,4.257485019789204,4.040447958930307,3.634215468290808,3.633412745042204,2.9301913025098605,3.0434284023103526,3.006033901342853,1.671384099735676,0.3255164317245666,0.04527540738390807,0.2641069251295416,0.034992668767683525,0.34677694682388754,0.10753976993590307,0.3585785848538303,0.22086399881040672
327,0.6603903903903904,4.8203102796102355,4.784802539093243,4.83081600752993,4.30153017814966,4.263758592302229,4.0480774324199285,3.6406063174928143,3.6400035604855376,2.9386327694511696,3.0501460154745588,3.0130434137406046,1.680978782689585,0.32527795920615127,0.045176041782548096,0.2638429634163512,0.03481462556402968,0.3465848830410611,0.10720769216310463,0.3583037232160716,0.22038227988473627
328,0.6608808808808808,4.825965962544483,4.7904755771315966,4.837731396461272,4.307715936447757,4.270022957169191,4.055699184020202,3.646989489227211,3.6465868883660857,2.9470677636083984,3.056856257854404,3.0200454064180864,1.690552088945672,0.3250397644153585,0.04507709100401809,0.2635783673518452,0.03463768714555882,0.3463924009751596,0.10687554317520875,0.3580309793991369,0.21990230407599012
329,0.6613713713713714,4.8316132910681695,4.796139708153777,4.844635284269499,4.313894052204953,4.276278100228567,4.063313235434467,3.653364986680909,3.653162688529802,2.9554962200020776,3.0635591150820045,3.027039861155441,1.700103844559821,0.324801863624268,0.04497855985217691,0.2633131635623714,0.03446186043979557,0.3461995099814224,0.10654332798368928,0.3577603685432923,0.21942409596004803
330,0.6618618618618619,4.837252270301059,4.8017949235330155,4.851527780436542,4.320064503962753,4.282524008736308,4.070919612202304,3.6597328134804754,3.659730963776451,2.9639180771073628,3.070254571898202,3.034026758407743,1.7096339235758526,0.3245642690892656,0.04488045230286067,0.26304736864346445,0.03428715392084795,0.3460062167820837,0.10621105466228027,0.3574919059446427,0.21894767504848553
331,0.6623523523523523,4.842882900799647,4.80744121579693,4.858409091998591,4.326227255545769,4.2887606687110775,4.078518353890092,3.6660929811602054,3.6662916765493065,2.9723332705449184,3.076942614680924,3.0410060796312903,1.7191421447657804,0.3243269999244275,0.044782773425167455,0.2627810130986147,0.03411357523974166,0.3458125329310303,0.10587872842555092,0.3572256094081032,0.21847306726090016
332,0.6628428428428428,4.848505193407348,4.813078575514086,4.86527932165771,4.3323822721828344,4.294988067216563,4.086109452200026,3.672445490452522,3.672844810066608,2.980741731836571,3.083623228574077,3.047977804431324,1.7286284165536185,0.3240900665722902,0.04468552625726527,0.26251412010746916,0.033941137776674915,0.34561846255727746,0.1055463580130873,0.3569614850571283,0.21800028742957536
333,0.6633333333333333,4.85411914956895,4.81870699478445,4.8721386757451945,4.338529527287455,4.30120619068468,4.093692953905555,3.678790353690457,3.679390342839173,2.9891434037731255,3.0902963999198203,3.054941912085241,1.73809258850304,0.32385348679640547,0.04458871515479299,0.2622467176468701,0.03376985061541671,0.34542401622637237,0.10521394886068046,0.35669955003931836,0.21752935751413163
334,0.6638238238238239,4.859724776149995,4.824326464090301,4.878987302916327,4.344668977568583,4.30741502702599,4.101268873935023,3.685127575561209,3.6859282559321374,2.997538217969513,3.096962114754562,3.061898383526687,1.7475345596404372,0.3236172733679346,0.04449234335740931,0.2619788327089789,0.033599725628553935,0.34522920004458135,0.10488150863840624,0.356439811791361,0.217060293795856
335,0.6643143143143143,4.865322073111353,4.829936973566662,4.88582536627875,4.350800589399904,4.313614564346264,4.108837237428829,3.69145716774535,3.692458532336059,3.0059261121382943,3.103620359997881,3.0688471966685076,1.7569542126321942,0.3233814402472785,0.044396414553277745,0.2617104904226071,0.03343077519195285,0.3450340208500398,0.10454904465639576,0.35618228260160156,0.21659311444463705
336,0.6648048048048047,4.870911050153594,4.83553851354918,4.892653001719759,4.356924335771755,4.319804789437389,4.1163980664733755,3.6977791389601813,3.698981140503554,3.0143070237460026,3.110271121915934,3.075788332234959,1.7663514601923456,0.3231459995351753,0.044300931604896565,0.26144171308948355,0.033263012813601535,0.34483848837560155,0.10421656340457534,0.35592696752696545,0.21612783335237704
337,0.6652952952952953,4.876491708840881,4.8411310748978345,4.899470366741296,4.363040181295844,4.3259856909535355,4.123951364774199,3.704093500097796,3.705496071286618,3.022680889806331,3.1169143875640386,3.0827217672737617,1.775726229286814,0.32291096273731656,0.044205897167048105,0.2611725286426578,0.03309645517667647,0.3446426052579606,0.10388407379334144,0.3556738734711166,0.21566446326982683
338,0.6657857857857857,4.882064047685814,4.846714647846818,4.906277673206937,4.369148086151203,4.332157256878446,4.131497176007569,3.7104002626535637,3.7120033008233486,3.0310476484374393,3.123550144256676,3.089647481864776,1.785078450566538,0.32267634395065037,0.04411131359065945,0.26090296730487467,0.03293111524717229,0.34444638106425013,0.10355158174337939,0.3554230044449596,0.21520301615369608
339,0.6662762762762763,4.887628080212003,4.852289220310684,4.913074994445996,4.375248019453948,4.338319476731047,4.139035505132366,3.7166994378015312,3.718502811093236,3.039407235907056,3.130178379526278,3.0965654538497627,1.7944080363008537,0.3224421522308608,0.04401718402179863,0.2606330451701541,0.03276700961657547,0.3442498207414692,0.10321909586245887,0.3551743679440897,0.21474350652673663
340,0.6667667667667667,4.893183799461156,4.857854783943763,4.919862607524545,4.381339947072059,4.344472338976255,4.146566358008573,3.72299103874465,3.7249945897400245,3.04775959167096,3.1367990804567514,3.1034756611785292,1.803714953706889,0.32220840217638363,0.04392350999165979,0.26036280589511424,0.032604160574675196,0.3440529271690487,0.1028866247467313,0.3549279651340997,0.21428594187729133
341,0.6672572572572573,4.898731222779003,4.8634113269065,4.926640554162011,4.387423836275478,4.350615833035181,4.1540897635876375,3.7292750765367657,3.7314786079434623,3.0561046557099685,3.1434122354336016,3.1103780816268185,1.8129991456154357,0.3219751007088419,0.043830293733690184,0.2600922583948221,0.032442581940256295,0.3438557095291451,0.10255417471931158,0.3546837979291241,0.2138303322712315
342,0.6677477477477477,4.9042703404338965,4.868958838746029,4.93340902461393,4.3934996472368075,4.356749947819267,4.161605747736944,3.735551568237796,3.7379548527032442,3.064442370431479,3.150017832133682,3.117272693474312,1.8222605732096089,0.3217422587909651,0.043737537014014526,0.25982143091573145,0.03228229217503312,0.3436581719453005,0.10222175326423211,0.35444186912708486,0.21337668597326595
343,0.6682382382382382,4.90980115855693,4.8744973084002305,4.940168228158688,4.399567349365411,4.36287467397268,4.169114305917671,3.7418205244923985,3.7444233088986483,3.072772670232148,3.1566158594095595,3.124159473411015,1.8314992292787695,0.3215098874775803,0.04364524088237947,0.2595503594800587,0.032123316539092554,0.34346031812264244,0.1018893700518561,0.35420217461501907,0.21292500741740733
344,0.6687287287287287,4.915323684286073,4.880026725238913,4.946918246708884,4.405626908945868,4.3689900019284895,4.176615455089651,3.7480819628073467,3.7508839520122055,3.081095501678095,3.163206305141794,3.131038400142444,1.840715088352643,0.32127799322571693,0.043553406793981654,0.25927905925089056,0.03196567400417782,0.34326215300084517,0.10155703190991391,0.3539647141670389,0.21247530257009492
345,0.6692192192192192,4.920837911069196,4.8855470772000595,4.953659274590903,4.411678287165287,4.375095920996394,4.184109219290542,3.754335896084926,3.7573367790542247,3.089410803489615,3.1697891582835527,3.1379094499303872,1.8499081497588443,0.3210465855813207,0.043462035659496696,0.2590075593516929,0.031809386474254076,0.34306368032954543,0.10122474751554776,0.35372948547998206,0.21202757521417562
346,0.6697097097097097,4.926343851140525,4.891058353017928,4.960391395802061,4.417721457804195,4.38119242388999,4.191595599620498,3.7605823411730483,3.7637817658874377,3.097718522222055,3.1763644078517883,3.1447726002590155,1.8590783915600655,0.32081567105206626,0.043371128940249706,0.2587358767737339,0.031654477595199224,0.34286490420968296,0.10089252471750003,0.3534964877869099,0.21158183087324897
347,0.6702002002002002,4.9318415043768935,4.896560541733815,4.967114836666285,4.4237563863274945,4.387279500667202,4.199074593202811,3.7668213143053046,3.770218894354206,3.106018599026657,3.1829320431353207,3.1516278279334173,1.868225851223263,0.32058525902541,0.043280686500032084,0.2584640495316689,0.03150097633646511,0.34266582658384614,0.10056037242814708,0.3532657117745698,0.21113806793200332
348,0.6706906906906906,4.937330869860535,4.902053631198339,4.973829697199057,4.429783033075541,4.393357142293596,4.206546229073671,3.7730528320171857,3.7766481531204685,3.114310981235169,3.189492052964459,3.1584751102628803,1.8773505437504059,0.320355354499057,0.04319070883009485,0.25819209305832963,0.031348903588219686,0.3424664514777903,0.10022829775363082,0.3530371533014733,0.21069628750529026
349,0.6711811811811812,4.942811947923811,4.9075376091832865,4.980536150177036,4.435801370906132,4.399425341835067,4.214010501776865,3.7792769121986263,3.783069529330238,3.122595611001002,3.1960444274388693,3.1653144247813763,1.8864524932105784,0.32012596501256735,0.04310119634354159,0.25792003636651656,0.03119828963366775,0.3422667808140099,0.0998963104138573,0.35281080592336145,0.21025648997621446
350,0.6716716716716716,4.948284740329784,4.913012465936037,4.987234227156407,4.441811367727502,4.405484091069667,4.221467427746334,3.785493570794933,3.789483007819694,3.1308724373794337,3.202589155990971,3.1721457466371694,1.8955317340382902,0.3198970920126885,0.04301214908225548,0.2576478863247998,0.031049156818509976,0.342066818397426,0.09956441783799791,0.3525866625209275,0.2098186736077574
351,0.6721621621621622,4.953749253390855,4.918478187037285,4.9939241528364855,4.447812986919403,4.411533382951851,4.228916993917571,3.7917028269487534,3.7958885717010773,3.139141408228574,3.209126228910043,3.178969053106199,1.904588311144238,0.3196687442650205,0.042923566771552235,0.2573756825006941,0.030901539401236258,0.34186656323736975,0.09923262892324067,0.3523647140662145,0.20938283562826182
352,0.6726526526526526,4.95920548048669,4.923934762525285,5.00060605926851,4.453806204904112,4.4175732100559735,4.2363592109592005,3.7979046973461057,3.802286217559357,3.147402471107137,3.215655636060289,3.185784321376922,1.9136222805605752,0.31944092605443686,0.04283544904384234,0.2571034445538285,0.030755466901248196,0.34166601806056685,0.09890095276307832,0.3521449515468719,0.20894897218213587
353,0.6731431431431432,4.964653431021476,4.929382179777132,5.007279985670447,4.45979098182002,4.423603565554644,4.2437940922971595,3.8040992023899425,3.8086759274382995,3.15565557821686,3.222177367514303,3.19259152852769,1.922633687436447,0.31921363858517765,0.04274779566307284,0.2568311825109489,0.030610964236889367,0.3414651846170044,0.09856939655858366,0.3519273666169709,0.2085170801598674
354,0.6736336336336336,4.970093095027077,4.934820426024099,5.013946141276606,4.465767296962697,4.429624443784604,4.251221607304327,3.8102863599386025,3.8150576808009324,3.163900677405429,3.2286914143373413,3.1993906491500623,1.9316226431866146,0.318986886578223,0.04266060473044107,0.25655893162117005,0.03046807176925919,0.34126406259343117,0.09823797019315518,0.3517119401816649,0.20808714792141533
355,0.6741241241241241,4.975524477436904,4.940249490999236,5.020604605406143,4.471735109405239,4.435635838850064,4.25864178512544,3.81646619095566,3.821431489044083,3.1721377209792303,3.235197767059574,3.2061816627650948,1.9405891919982403,0.31876067259441826,0.04257387626005153,0.25628670515415314,0.030326815468957744,0.3410626516504108,0.09790668236792173,0.35149866796002677,0.20765917363674075
356,0.6746146146146146,4.980947575993057,4.945669360912403,5.02725550052889,4.477694398133308,4.44163774381315,4.266054610202452,3.8226387136684172,3.827797319116535,3.180366665182448,3.241696416401095,3.212964542540706,1.949533425150413,0.3185349990778795,0.04248760872594516,0.25601452481478587,0.030187231787825463,0.3408609539694724,0.09757554038633356,0.3512875334855158,0.20723314719190294
357,0.6751051051051051,4.986362398032824,4.95108002514027,5.033898913166384,4.4836451302558755,4.447630155026679,4.27346007104233,3.8288039468472372,3.834155177238937,3.188587460693748,3.248187353444545,3.2197392680613923,1.9584554263779215,0.31830986693772656,0.04240180118677132,0.25574240960587474,0.030049354822024133,0.3406589661195565,0.09724455471215022,0.35107852536047185,0.20680906154199066
358,0.6755955955955956,4.991768936241135,4.95648147098201,5.04053497217166,4.489587280602619,4.453613067133083,4.280858171617372,3.834961911959372,3.840505047333264,3.1968000655228503,3.2546705695314175,3.2265058144048746,1.9673552971915995,0.31808527809595477,0.042316451981982084,0.25547037912752535,0.029913219992524373,0.3404566895548921,0.09691373300100475,0.3508716284524679,0.2063869059445703
359,0.6760860860860861,4.997167188378441,4.961873685858542,5.04716371244783,4.4955208237761966,4.4595864752322845,4.28824890072991,3.8411126285248915,3.846846927038095,3.2050044338795534,3.261146055724782,3.233264159613145,1.976233157112707,0.31786122938961126,0.04223155920831807,0.2551984422942932,0.029778861159514895,0.3402541224132919,0.09658308494033829,0.35066682578668834,0.20596666812112283
360,0.6765765765765765,5.002557155446189,4.967256658819076,5.053785303309777,4.501445725408779,4.465550376298248,4.295632250440383,3.847256120254071,3.8531808004174106,3.2132005268619244,3.267613804004651,3.2400142785881196,1.985089114710664,0.31763772425739356,0.04214712096040889,0.25492662873938865,0.029646318006226004,0.34005126263826335,0.09625261829725341,0.35046410193423866,0.20554833629971456
361,0.6770670670670671,5.007938836921519,4.972630378103771,5.0603998141753035,4.507361966346211,4.471504765350095,4.303008201239153,3.853392401446195,3.8595066638348294,3.22138829908471,3.274073805526659,3.2467561493684274,1.9939232510593108,0.3174147628683679,0.042063136341467536,0.2546549530521787,0.029515629078743652,0.3398481089381677,0.09592234284770695,0.35026344459149067,0.20513190291940617
362,0.6775575575575575,5.013312225648812,4.9779948318889335,5.0670072448382015,4.513269520159997,4.477449639864491,4.3103767524915915,3.8595214966680085,3.8658245163679568,3.229567714243179,3.280526052625205,3.253489748935401,2.0027357395736023,0.3171923379455726,0.041979601987589196,0.2543834167383524,0.02938682702407214,0.33964465886270473,0.09559226711848177,0.3500648312632833,0.20471734829941962
363,0.678048048048048,5.0186773283204165,4.983350008242889,5.073607803839685,4.519168361408678,4.4833849964792005,4.317737885605606,3.865643426313493,3.8721343375523634,3.2377387308237737,3.286970536633373,3.2602150541545574,2.01152668845408,0.31697045491618975,0.04189651604726757,0.25411205609011633,0.029259957977065234,0.3394409115705325,0.09526239948764548,0.34986824486980633,0.20430466066594333
364,0.6785385385385385,5.024034138547872,4.988695895844861,5.080201495367719,4.525058471835088,4.489310832748381,4.32509158618389,3.871758213164846,3.8784361399318636,3.2459013142847923,3.2934072504455267,3.2669320421118493,2.0202962284447668,0.31674910829911246,0.04181387643000875,0.25384087423135643,0.029135058570743517,0.33923686186681973,0.09493274992490357,0.3496736709432589,0.2038938261392955
365,0.6790290290290291,5.029382653104082,4.994032482433577,5.086788330626588,4.530939819783533,4.495227146860923,4.332437831745324,3.8778658737977922,3.8847299116799294,3.2540554260442573,3.2998361855193483,3.273640689978095,2.029044515986923,0.3165282921564249,0.041731680110684184,0.2535698786411794,0.029012166070248684,0.3390325065500714,0.09460332684525329,0.3494810864801419,0.20348482666510737
366,0.6795195195195195,5.034722873879694,4.999359757273614,5.093368492954981,4.536812386607969,4.501133936438312,4.3397766087390846,3.883966432559218,3.8910156438417474,3.26220103254712,3.3062573347100277,3.280340975754613,2.0377716776897596,0.31630800959582533,0.041649924866790186,0.2532990995854658,0.028891327352261336,0.3388278432443486,0.09427413870948921,0.34929047474148717,0.20307764819432028
367,0.6800100100100099,5.0400547931848125,5.0046777086467085,5.0999419251601,4.542676154882995,4.507031200127974,4.347107901429306,3.8900599086104566,3.897293335696057,3.270338097990089,3.3126706903158625,3.2870328756136034,2.04647788207531,0.31608825109278554,0.04156860752116315,0.25302853097148154,0.02877257731007444,0.3386228694668442,0.09394519469201791,0.3491018133820115,0.20267227132598373
368,0.6805005005005005,5.045378406670954,5.009986326243509,5.106508718580383,4.548531097417087,4.512918936485283,4.354431680111521,3.896146325656213,3.903562991348796,3.2784665920140807,3.3190762450036932,3.2937163681886608,2.055163259960404,0.31586901473493106,0.04148772583467713,0.2527581923455499,0.028655960222636973,0.33841757714081405,0.09361650420224332,0.34891508724980186,0.20226868165188025
369,0.680990990990991,5.050693719068593,5.015285598585157,5.113068908828526,4.554377209449466,4.51879714585928,4.361747938126483,3.9022257019854516,3.909824600321852,3.2865864821426154,3.325473991117019,3.300391431724742,2.063828002748977,0.3156502949373855,0.04140727591885411,0.25248808948889756,0.028541516630141688,0.3382119682342837,0.09328807526961391,0.34873026932334245,0.2018668563280707
370,0.6814814814814815,5.056000716893951,5.020575515075183,5.119622520340861,4.56021445306624,4.524665826660543,4.369056629333139,3.9082980607644977,3.916078167543677,3.294697738444377,3.3318639218321047,3.3070580432847043,2.0724722568570226,0.3154320854361032,0.04132725511702953,0.252218234851365,0.02842928904418142,0.3380060306148273,0.09295991770619957,0.34854734244920926,0.20146677879299757
371,0.6819719719719719,5.06129940651654,5.0258560651495,5.126169667269622,4.566042822941131,4.530524979235293,4.3763577435427035,3.9143634202611715,3.9223236863296513,3.3028003309328495,3.3382460302368897,3.3137161816131155,2.081096182055579,0.3152143853378393,0.041247660368322704,0.25194864654686855,0.02831932367242504,0.33779976475068313,0.0926320396570586,0.3483662849116851,0.20106843029726498
372,0.6824624624624624,5.066589778790775,5.0311272385721955,5.132710287480323,4.571862305040044,4.536374604317107,4.383651248331102,3.9204218038521645,3.9285611582390865,3.3108942330019877,3.344620308625326,3.320365823357313,2.0896999543066,0.31499718417157685,0.041168488271681056,0.2516793193940734,0.02821165861714968,0.33759316426430186,0.09230445041563447,0.34818707549211364,0.20067178999295276
373,0.682952952952953,5.071871831891739,5.036389025407355,5.139244419395141,4.57767287404497,4.542214702305652,4.390937114221851,3.9264732313477775,3.934790583503192,3.318979416539737,3.3509867506177686,3.327006950237182,2.098283765014911,0.3147804751829443,0.04108973495603145,0.2514102651270622,0.02810633667682145,0.33738622244955674,0.0919771587711193,0.3480096888833431,0.20027683534722118
374,0.6834434434434434,5.077145562203992,5.04164141435442,5.145772079331132,4.583474520717382,4.548045273714277,4.398215314779504,3.9325177236210584,3.9410119690312175,3.3270558569035575,3.3573453495440218,3.3336395382952038,2.1068477752241908,0.3145642522144408,0.04101139739842003,0.25114148903868067,0.028003400444317282,0.3371789337618996,0.09165017390126619,0.34783410666025577,0.19988354739043093
375,0.6839339339339339,5.082410966128317,5.0468843972911275,5.152293325664806,4.589267232367514,4.553866320670721,4.40548581850966,3.938555300650174,3.9472253069166388,3.3351235299467876,3.3636960979588593,3.340263568455281,2.1153921709660892,0.31434850993079766,0.04093347180348673,0.2508730039712278,0.02790289556726039,0.33697129386107694,0.0913235039573629,0.34766030398332837,0.19949190359210794
376,0.6844244244244244,5.087668035301871,5.052117963500774,5.158808065584272,4.595050991228936,4.559677844856802,4.4127485973653995,3.944585981686295,3.953430597486121,3.343182410452139,3.370038989690182,3.34687901690237,2.123917119606237,0.3141332369491296,0.04085595492049795,0.2506048001154524,0.027804857083494384,0.3367632971747896,0.09099715753872635,0.34748826014859363,0.1991018839164897
377,0.684914914914915,5.092916774750537,5.057342104413146,5.1653163963067,4.600825791149121,4.565479848164482,4.42000361067965,3.9506097901112045,3.959627858571157,3.3512324789621637,3.376374018094492,3.3534858661578997,2.13242282068937,0.3139184287537449,0.040778842777281325,0.25033689753582866,0.027709334662186242,0.33655493404961717,0.09067114477245597,0.3473179529104982,0.19871346481557658
378,0.6854054054054054,5.098157171597723,5.0625568111953045,5.171818260744469,4.606591617696528,4.571272332404463,4.427250822548802,3.9566267430141755,3.965817074843227,3.3592737119988545,3.3827011762435997,3.3600840952773883,2.1409094598529266,0.3137040746828159,0.04070213151227567,0.2500692918499337,0.027616366515155852,0.33634620060482084,0.09034547318507213,0.34714935628635835,0.19832662325723735
379,0.6858958958958958,5.103389224234638,5.067762074434084,5.178313679618352,4.612348461422756,4.577055300892653,4.434490210872511,3.962636860902937,3.971998265353945,3.3673060901058984,3.3890204581415397,3.3666736820959806,2.1493772221445493,0.3134901676443154,0.04062581747898296,0.24980198854893698,0.027525994516007866,0.336137089843067,0.09002015208023241,0.34698245047469195,0.19794133720789708
380,0.6863863863863864,5.108612930232641,5.072957886442002,5.184802563343864,4.61809631875669,4.582828756600963,4.441721726692416,3.9686401630580854,3.9781714230698744,3.375329595569246,3.3953318569369872,3.373254608707541,2.1578262846566116,0.3132766960542021,0.04054989710779117,0.24953498037388946,0.02743825611205193,0.33592759538157696,0.08969518974311448,0.3468172126313482,0.19755758485048278
381,0.6868768768768769,5.113828284127379,5.07814423810609,5.191284988903025,4.623835171512786,4.588592702909015,4.448945336458761,3.9746366690012462,3.9843365564256015,3.3833442079050977,3.4016353663832866,3.379826854518949,2.1662568731454908,0.3130636531756447,0.04047436555637765,0.24926828335899795,0.027353197222520956,0.3357177091384064,0.08937059505330562,0.3466536150419424,0.1971753385593958
382,0.6873673673673674,5.119035279015887,5.083321122230964,5.197760829360723,4.629565025122511,4.594347143407441,4.4561610050703315,3.9806263955284957,3.9904936668125,3.3913499113192356,3.4079309803089965,3.386390400980511,2.1746691335525616,0.3128510272069303,0.040399220135508236,0.24900188086291614,0.027270850659580962,0.3355074269917613,0.08904637621206336,0.34649164050450315,0.1967945805830527
383,0.6878578578578578,5.124233913602608,5.088488531448641,5.204230111414033,4.635285859603112,4.600092081661013,4.463368687190712,3.9866093638421245,3.996642763035791,3.399346691611,3.4142186919472217,3.3929452276184175,2.1830632731601853,0.3126388099893216,0.040324456403412506,0.2487357844361307,0.027191258883596317,0.3352967377135006,0.08872254179751501,0.34633126524360724,0.19641528526869775
384,0.6883483483483483,5.129424183942283,5.093646458386635,5.210692756744127,4.640997683046458,4.605827522850542,4.470568334112328,3.9925855920278073,4.00278384816319,3.40733453090734,3.420498495292259,3.399491316089108,2.1914395019869755,0.3124269890059738,0.04025006999060708,0.2484699862321447,0.02711445868738915,0.3350856356990201,0.08839910112104675,0.3461724628557414,0.1960374267047542
385,0.6888388388388388,5.134606084476475,5.098794895148711,5.21714879225043,4.646700477651849,4.611553470583488,4.477759926398206,3.998555097296328,4.00891693714893,3.415313415548487,3.4267703838259793,3.4060286480517465,2.1997979795388143,0.31221555823840585,0.04017605776002106,0.2482044930657578,0.02704048860989599,0.3348741134009389,0.08807606200082477,0.3460152165276766,0.1956609855805217
386,0.6893293293293293,5.13977961043562,5.103933836227676,5.223598073083079,4.6523942563232,4.617269930060718,4.484943392700012,4.00451789692403,4.015042019238112,3.4232833344458347,3.433034351870212,3.41255720410494,2.208138921635689,0.31200450196113977,0.040102414994532494,0.2479392901878848,0.026969381613616148,0.3346621637726278,0.08775343271127056,0.345859497985744,0.19528593421158189
387,0.6898198198198198,5.144944758082712,5.109063275409452,5.230040611061704,4.658079002658937,4.622976906039755,4.492118717072944,4.010474007809713,4.021159114329795,3.4312442741557327,3.4392903924596365,3.419076967522032,2.2164625113306684,0.31179381259688493,0.04002913793898504,0.24767438186292132,0.026901173067907347,0.334449779439323,0.08743122133184504,0.34570528754093116,0.1949122503586278
388,0.6903103103103103,5.150101524344402,5.114183206488534,5.2364763756769825,4.663754722373713,4.628674404760375,4.499285843436545,4.016423447792359,4.027268231814696,3.43919622180653,3.445538499911786,3.425587919813082,2.224768926351127,0.31158348090221166,0.039956223017001836,0.2474097687188357,0.02683590072995053,0.33423695193458786,0.08710943717999953,0.34555256504241927,0.19453991206778454
389,0.6908008008008008,5.155249902326831,5.119293624095392,5.2429051870842045,4.669421412776932,4.634362431110315,4.506444725865515,4.022366234119835,4.0333693677251965,3.4471391683927513,3.4517786676608533,3.4320900429295857,2.2330583610118726,0.31137349046905843,0.03988366597493687,0.2471454292754311,0.026773587212064107,0.33402367430928587,0.08678808745167174,0.34540130654238266,0.19416889446378066
390,0.6912912912912913,5.160389890995255,5.124394522769734,5.249327127779083,4.675079076420851,4.640040991031369,4.513595320253934,4.028302379119493,4.039462535576345,3.4550731039999056,3.458010889808545,3.4385833203677447,2.2413310038777126,0.3111638366356233,0.03981146287448931,0.246881379690279,0.02671427557556424,0.3338099391022699,0.08646718047532369,0.34525149029210556,0.19379917399955193
391,0.6917817817817817,5.16552148498745,5.1294858974951945,5.255742027989345,4.680727716190364,4.645710090490619,4.520737576329196,4.034231903033772,4.045547748107978,3.4629980193810534,3.4642351596518717,3.44506773481195,2.2495870286914044,0.3109545041323867,0.03973961015724135,0.24661759988012102,0.026657987716810834,0.3335957368812479,0.08614672519972186,0.34510309805283745,0.19343072909501616
392,0.6922722722722723,5.170644678028243,5.134567744415227,5.262149803717475,4.686367326572361,4.651369736558153,4.52787144835809,4.04015481707146,4.051625007329181,3.4709139059540477,3.4704514716400476,3.45154326846657,2.257826640877608,0.31074548025718474,0.03966810322510795,0.2463540826135194,0.026604750014632382,0.3333810605799649,0.08582672874879153,0.3449561041371432,0.1930635333831423
393,0.6927627627627627,5.175759467925066,5.139640059016747,5.2685504184491165,4.691997914250639,4.657019934681369,4.534996898207909,4.046071139895528,4.057694321588586,3.4788207571198653,3.4766598189481672,3.4580099061616645,2.266049991172049,0.3105367568699383,0.039596939075938156,0.2460908253978417,0.02655459162105035,0.3331659034792931,0.08550719895011379,0.34481049286289533,0.19269756799126173
394,0.6932532532532533,5.180865855461921,5.14470283821283,5.274943806013473,4.697619489889339,4.662660693006074,4.542113866215154,4.051980883184792,4.063755695783472,3.486718565229125,3.4828601955534197,3.4644676311704106,2.2742572737725726,0.310328322830327,0.039526113465993946,0.24582782423465876,0.026507540458719708,0.33295025837280046,0.08518814391626547,0.3446662407026975,0.19233280803440334
395,0.6937437437437437,5.185963830654485,5.149756078732119,5.281329832741932,4.70323205215017,4.668292017511735,4.5492223167228705,4.057884060626468,4.069809151445199,3.494607323991831,3.4890525952637472,3.4709164275853284,2.2824486555207386,0.31012016460366043,0.03945562293323368,0.2455650623444945,0.026463613611307384,0.332734116582653,0.08486957178511617,0.3445233308908362,0.19196923271701985
396,0.6942342342342342,5.191053393263427,5.15479977682505,5.287708439396628,4.708835605627146,4.673913915560534,4.556322191884092,4.063780687792337,4.07585468500328,3.502487027842963,3.4952370117075464,3.477356278633861,2.290624308417483,0.309912272221756,0.03938546370382629,0.2453025372177077,0.02642283591234855,0.33251747053373465,0.08455148981251248,0.34438174280983264,0.1916068196748484
397,0.6947247247247247,5.196134542401298,5.159833930952604,5.294079526321615,4.714430156076079,4.679526394909938,4.563413442606131,4.069670773904447,4.081892316442473,3.5103576735636355,3.501413438520439,3.4837871702319543,2.2987843861638155,0.3097046345728665,0.03931563259234301,0.24504023922700197,0.026385226006135753,0.3323003113132621,0.08423390592913615,0.3442414609315368,0.19124554949463612
398,0.6952152152152152,5.2012072689976385,5.164858538668401,5.300442983297058,4.720015716096974,4.685129463127593,4.5704960190140484,4.075554334894082,4.087922048357027,3.51821925435556,3.507581869371748,3.4902090876139553,2.3069290788033365,0.3094972384329223,0.03924612541604751,0.2447781550497593,0.02635080069698874,0.33208263292297213,0.08391682794296966,0.3441024624960191,0.19088539780187203
399,0.6957057057057057,5.2062715784726,5.169873598105048,5.306798754921186,4.725592289225314,4.6907231280003305,4.57756987632408,4.081431381412255,4.093943895291214,3.5260717669190305,3.513742297913739,3.4966220136990027,2.3150585190305604,0.30929007600341585,0.03917693944250459,0.24451628202410686,0.02631957860026702,0.331864427349114,0.08360026329880516,0.34396473485512735,0.1905263475496887
400,0.6961961961961962,5.211327458758432,5.174879108741802,5.313146668606074,4.731159888773519,4.6963073974959455,4.584634970278705,4.087301922421253,4.099957856218119,3.5339152094210253,3.519894717843019,3.5030259351187873,2.32317288478897,0.3090831319476102,0.03910807063762289,0.24425459666931876,0.026291566589401624,0.3316456903819763,0.08328421819621562,0.3438282559800803,0.19016837534172643
401,0.6966866866866867,5.2163749177785865,5.179875069297399,5.319486649551392,4.73671851372005,4.701882279210448,4.591691244766572,4.093165974567706,4.105963949864084,3.5417495783420083,3.5260391223294993,3.5094208382928507,2.331272292962096,0.30887639793742094,0.03903951672026406,0.24399309628969057,0.02626677859474853,0.33142641023910446,0.08296870108140278,0.34369301651624,0.18981146666058965
402,0.6971771771771772,5.221413940546234,5.184861479566205,5.3258186260965035,4.742268188862346,4.707447782204639,4.59873864785893,4.099023542151768,4.111962184474069,3.549574870219627,3.5321755053045516,3.515806706620951,2.3393569200769404,0.3086698631258082,0.03897127377830919,0.24373177092792336,0.02624522912269634,0.33120658298965905,0.08265371924473196,0.34355899550522534,0.18945559829998476
403,0.6976676676676676,5.226444539535903,5.189838339812348,5.332142460502521,4.747808909131167,4.713003914097481,4.605777127223092,4.104874637698133,4.117952566976416,3.557391085078233,3.53830385983314,3.5221835287852463,2.347426900844277,0.30846351602373245,0.038903338808406594,0.24347060969520212,0.026226921485424836,0.3309861986071773,0.08233927925775864,0.3434261789076696,0.18910075276993504
404,0.6981581581581582,5.231466704135111,5.19480564991305,5.338458036948183,4.753340701959238,4.718550683593645,4.612806642288681,4.110719270937036,4.1239351114623135,3.5651982191327147,3.5444241794304263,3.5285512893273334,2.3554823456651626,0.30825734693901036,0.03883570970703529,0.24320959491233385,0.026211860969029492,0.33076525354936637,0.08202538892376579,0.34329455681854565,0.18874691588421377
405,0.6986486486486486,5.236480436412465,5.199763412103947,5.344765221058506,4.758863568057817,4.724088099893042,4.619827132291092,4.116557448732735,4.129909827709375,3.5729962719735266,3.550536457592698,3.5349099753603985,2.3635234134076377,0.30805134319414407,0.03876838279655444,0.24294871511143867,0.026200048628832254,0.3305437381045675,0.08171205509134266,0.34316411139628517,0.18839406681034013
406,0.6991391391391392,5.241485732508805,5.204711626341023,5.351063928378155,4.764377521416491,4.7296161715274305,4.626838561472861,4.122389181233863,4.135876718569752,3.580785243056845,3.556640687418336,3.5412595747704794,2.3715502148555814,0.3078454965943804,0.038701355770246304,0.24268795941743654,0.02619148737063285,0.3303216485533266,0.08139928384024767,0.3430348311593958,0.188042190903203
407,0.6996296296296296,5.246482595655699,5.20965029518203,5.357354061045805,4.7698825753556955,4.7351349071816955,4.6338408665471515,4.12821447442604,4.141835800426,3.58856513224214,3.5627368622925673,3.5476000717495384,2.379562855093856,0.30763979863172625,0.03863462643887572,0.24242732047765148,0.02618617910648624,0.3300989757017506,0.08108708273164246,0.3429067073591017,0.1876912743064678
408,0.7001201201201201,5.251471020307816,5.214579420868622,5.363635472509303,4.775378751594968,4.740644316049058,4.640834013898899,4.134033335980788,4.147787080897556,3.596335937827507,3.56882497495917,3.5539314559007793,2.3875614739025495,0.3074342372582728,0.03856819170598527,0.24216677698942884,0.026184116757462142,0.3298757171914235,0.08077545827909542,0.3427797242829157,0.18734129875856356
409,0.7006106106106106,5.25645100696841,5.219499005375833,5.369908046763652,4.780866054398156,4.746144406710485,4.647817946607157,4.13984577381324,4.153730568811799,3.6040976615945755,3.5749050187590163,3.5602537138430006,2.3955461552330015,0.307228803861766,0.03850204982804054,0.2419063188987675,0.026185295217863617,0.3296518639600278,0.08046441692292332,0.34265387536041536,0.18699225298431293
410,0.701101101101101,5.261422561733053,5.2244090527865605,5.376171700754627,4.786344502998818,4.751635188793886,4.654792615902186,4.145651790471992,4.159666270214697,3.6118503018896324,3.580976986671247,3.566566833022707,2.403517015918848,0.30702349066465423,0.03843619820310535,0.24164593853783906,0.026189710839990107,0.3294274121207549,0.08015396509078579,0.34252914751666874,0.18664412136390024
411,0.7015915915915916,5.26638567930693,5.229309566048346,5.382426249687796,4.79181411468818,4.757116671402908,4.661757968237272,4.151451395726549,4.165594205799587,3.6195938599607573,3.587040871897077,3.572870800729715,2.4114741206559476,0.30681828672490924,0.03837063569766517,0.24138561274573833,0.026197347888889284,0.3292023531523472,0.07984411044333486,0.3424055388008296,0.18629689560832413
412,0.7020820820820821,5.27134036219349,5.234200549802437,5.3886716062640705,4.797274899886962,4.762588863450772,4.668713970649776,4.157244592717507,4.171514371622222,3.627328335035447,3.5930966669748994,3.579165605799737,2.4194175667197673,0.3066131849712838,0.03830536009210404,0.24112533189188476,0.026208196294053618,0.3289766853100199,0.0795348578906073,0.34228303759903445,0.1859505623380341
413,0.7025725725725726,5.276286612812171,5.239082008130347,5.394907621852476,4.802726877680178,4.76805177494877,4.67566056647024,4.163031383596371,4.1774267791359145,3.6350537288619686,3.5991443646783274,3.585451236560784,2.427347446654443,0.3064081754113338,0.03824036933846012,0.24086507939247276,0.026222240218570402,0.32875040237956393,0.07922621393307987,0.3421616354725545,0.18560510906388383
414,0.703063063063063,5.281224426377748,5.243953945610823,5.401134245464136,4.808170057945835,4.7735054149551015,4.6825977124306215,4.168811774598406,4.183331441791969,3.6427700419602806,3.6051839577112488,3.591727680190239,2.4352638136816935,0.3062032537392699,0.03817566253251808,0.2406048513586097,0.02623947094473712,0.32852349791339097,0.07891818505193537,0.34204133055443525,0.18526052862854153
415,0.7035535535535535,5.286153812346797,5.248816368326582,5.4073512717093495,4.813604471424076,4.778949792791679,4.689525359055364,4.174585766042445,4.189228368769827,3.650477274205303,3.6112154388289994,3.597994925997531,2.4431667293411463,0.30599840954431357,0.03811123839824442,0.2403446216693778,0.02625986217934157,0.32829596919184806,0.07861077771301735,0.3419221178892035,0.18491681264212187
416,0.7040440440440441,5.291074769905556,5.253669282075958,5.4135586632328,4.819030129688445,4.784384917298695,4.696443463819169,4.180353363639557,4.195117566898651,3.6581754264287105,3.617238800567536,3.604252962072302,2.4510562639546056,0.30579363869432796,0.038047095478262336,0.2400843888396085,0.026283402832064214,0.3280678110781769,0.07830399780835551,0.34180399203724904,0.18457395147634345
417,0.7045345345345345,5.295987302933887,5.25851269181842,5.419756236245406,4.824447041756085,4.789810799125348,4.703351984178793,4.186114568909175,4.200999039499422,3.6658644988623004,3.623254035442308,3.610501777193929,2.458932451501065,0.30558893252340347,0.03798323309954264,0.2398241308545017,0.026310063467592237,0.3278390195263294,0.07799785071806323,0.34168695152173745,0.18423194012394886
418,0.705025025025025,5.3008914095628,5.263346605534154,5.425943879105337,4.829855234391691,4.795227446500548,4.7102508763885576,4.191869383861997,4.206872797363356,3.6735444940379076,3.629261135435762,3.616741360843548,2.4667953368564266,0.30538428495581554,0.037919650442142766,0.23956383370392603,0.026339821974339404,0.3276095910495252,0.07769234245370071,0.3415709947494256,0.18389077225426426
419,0.7055155155155155,5.305787096588712,5.268171029775432,5.432121484457036,4.835254720495623,4.80063486964982,4.717140095164149,4.197617806956095,4.212738853020352,3.6812154108621273,3.6352600932044394,3.622971700927379,2.4746449493324634,0.3051796910160376,0.03785634703178734,0.23930348698675455,0.02637265410098758,0.32737952100761836,0.0773874791756502,0.3414561217232131,0.18355044369126422
420,0.706006006006006,5.310674367195469,5.272985972395049,5.438288947063034,4.840645525731995,4.806033077787008,4.724019599844418,4.20335984071659,4.218597207418981,3.6888772501482765,3.641250900856113,3.6291927876149574,2.482481320703244,0.3049751458569551,0.037793322312972825,0.23904307790322368,0.026408534552060034,0.32714880794279777,0.07708326630523654,0.3413423310295632,0.18321094967803375
421,0.7064964964964965,5.315553226315798,5.277791441375007,5.444446132873191,4.846027662186648,4.811422080536723,4.730889352153767,4.209095484868502,4.224447866727456,3.696530011325855,3.647233550348192,3.6354046090282597,2.490304452224686,0.30477064471146187,0.0377305764563259,0.23878259131523627,0.026447431949341432,0.3269174486864687,0.07677970929688226,0.34122962614101177,0.18287228949905188
422,0.7069869869869869,5.320423673156722,5.282587444312955,5.450592945459198,4.851401150861563,4.816801887057772,4.737749296957148,4.214824738179677,4.230290844786076,3.704173696819942,3.6532080335524246,3.6416071557553984,2.4981143590177286,0.3045661832131498,0.037668109362609364,0.23852201786383712,0.026489319730601903,0.3266854374469546,0.07647681429573892,0.3411180095840561,0.1825344607951822
423,0.7074774774774775,5.32528571903517,5.2873739907668496,5.456729237404925,4.856766008112298,4.822172506701409,4.744599419628921,4.220547599803921,4.236126141548936,3.711808304683507,3.659174342713141,3.6478004151788808,2.505911040967695,0.30436175695769485,0.037605921149536745,0.23826133762614046,0.026534159782481623,0.3264527762394253,0.07617458587784724,0.3410074839136087,0.18219746287082686
424,0.707967967967968,5.330139361321226,5.29215109003464,5.462854907962014,4.862122254587106,4.827533948284092,4.751439664496973,4.226264067395311,4.241953767271107,3.719433835643543,3.665132469250027,3.653984378188104,2.513694479701445,0.3041573629210708,0.037544012562629736,0.23800054077653438,0.02658192186841198,0.32621946001976176,0.07587303005762781,0.340898055600686,0.18186129773160067
425,0.7084584584584585,5.334984614300195,5.296918751272513,5.468969875540203,4.867469909323168,4.832886221860593,4.758269992765037,4.231974140048027,4.247773722934068,3.727050289643829,3.671082405305324,3.6601590339761056,2.5214646770185776,0.30395299916958574,0.037482383693734786,0.23773962030196596,0.026632574639662263,0.3259854873803062,0.07557215187571192,0.3407897270895782,0.18152596445905197
426,0.7089489489489489,5.339821475601412,5.30167698450089,5.475074002234802,4.872808992524719,4.838229336390557,4.765090380188025,4.237677814976677,4.253586017140774,3.734657665134123,3.6770241422441674,3.6663243715756235,2.5292215806302,0.30374866317795807,0.03742103613967538,0.2374785566340335,0.026686078174491732,0.3257508584153691,0.07527195665612489,0.34068250940533473,0.18119146948993495
427,0.7094394394394394,5.3446499570437105,5.306425800233078,5.481167164073059,4.878139521561553,4.84356330100867,4.771900787589459,4.243375087705954,4.2593906560014485,3.7422559613610553,3.682957671368509,3.6724803801322694,2.5369651627302074,0.30354435239253985,0.037359970714326,0.2372173368932115,0.026742393199486167,0.3255155711628735,0.07497244962549109,0.3405764095314234,0.18085781586458521
428,0.70992992992993,5.349470054210395,5.311165209794672,5.487249301949932,4.883461516345264,4.848888124736495,4.7787011726572795,4.249065955791575,4.2651876425786135,3.749845177818001,3.688882984315028,3.6786270503674223,2.5446953851686755,0.30334006677419617,0.03729918864206497,0.23695595546012868,0.026801487974196476,0.3252796236698675,0.07467363599320624,0.34047143556070164,0.18052500806953334
429,0.7104204204204204,5.354281786713936,5.315895223968316,5.493320312784938,4.888774995277616,4.8542038165664225,4.785491515079978,4.254750414376588,4.270976980515113,3.757425313001916,3.6948000723048677,3.6847643707504805,2.552412179127728,0.303135807178859,0.03723869181965715,0.23669440078718262,0.026863321781369708,0.3250430173550169,0.07437552040238306,0.34036760000232485,0.18019305448925357
430,0.7109109109109109,5.359085157588024,5.3206158551740215,5.499380075245127,4.89407998282379,4.85951038591851,4.7922717719525885,4.260428457735041,4.27675867888295,3.764996365071126,3.7007089263458997,3.6908923306887065,2.560115496431951,0.30293157179869074,0.03717848163971092,0.23643265885252093,0.026927852883350055,0.32480575069480166,0.07407810855344103,0.3402649128833792,0.17986196099890353
431,0.7114014014014014,5.363880171615761,5.325327113333196,5.505428469708524,4.899376486034672,4.864807840604502,4.799041911695328,4.266100084241479,4.282532726516281,3.7725583322064704,3.706609537885513,3.6970109196521297,2.567805261511569,0.3027273601573857,0.03711856004855824,0.2361707168878408,0.026995037041752972,0.3245678233842468,0.07378140427225124,0.340163385791116,0.17953173663262498
432,0.7118918918918918,5.3686668340391,5.330029013433681,5.51146546879423,4.904664536366181,4.870096189986761,4.80580191564468,4.27176528354627,4.288299145679244,3.7801112098535308,3.7125018973882535,3.7031201284647643,2.575481380282636,0.30252317705719195,0.03705892991766787,0.23590857065068363,0.02706484059225538,0.32432923756510085,0.07348541384620087,0.3400630361198217,0.17920239385772033
433,0.7123823823823824,5.37344516022474,5.334721566933775,5.517490927813643,4.909944142675115,4.875375443303863,4.812551746876504,4.277424055023196,4.2940579285690506,3.7876549973808062,3.7183859961847507,3.709219944160716,2.583143776215706,0.302319021501187,0.036999593110633826,0.23564620580428733,0.027137214207634933,0.32408999182326403,0.07319014140396655,0.33996387676865075,0.1788739417603526
434,0.7128728728728728,5.378215151211923,5.339404787046137,5.523504775789483,4.915215331207825,4.880645607235438,4.819291385115089,4.283076387219293,4.299809077003013,3.795189691240601,3.724261824620938,3.715310357430772,2.5907923580273597,0.3021148961877523,0.03694055216044391,0.23538361230549837,0.027212117160501877,0.3238500898985351,0.07289559139942114,0.3398659217889627,0.17854639173520714
435,0.7133633633633634,5.382976822530589,5.344078686988517,5.529506932877998,4.920478115357273,4.885906692448236,4.826020797996424,4.2887222759007715,4.305552598026313,3.8027152868914604,3.7301293737182006,3.7213913571782755,2.5984269913287945,0.3019108055109319,0.03688181073064957,0.23512078395957475,0.02728950639623341,0.32360953083919597,0.07260176935267837,0.3397691932912703,0.17821976125454342
436,0.7138538538538538,5.387730174902632,5.34874328154172,5.5354973172387,4.925732517463977,4.8911587056567685,4.832739965816651,4.294361713993682,4.311288485172858,3.810231780254843,3.735988633638341,3.7274629321262,2.6060475777343513,0.3017067521699966,0.036823371437927015,0.23485770980941723,0.02736933801091836,0.3233683185495184,0.07230867937269993,0.33967370602454694,0.17789406245280587
437,0.7143443443443444,5.392475225581233,5.353398583733997,5.541475829226897,4.930978551477074,4.896401655713084,4.839448861203376,4.299994693891141,4.3170167437988916,3.817739166988746,3.7418395950726966,3.7335250713201775,2.613653993795973,0.3015027394230949,0.036765237549800746,0.2345943804754151,0.027451564688871482,0.3231264533221355,0.07201632647574172,0.3395794798387207,0.17756931122642716
438,0.7148348348348348,5.397211974756531,5.358044609302731,5.5474424625243834,4.936216237779538,4.901635550623594,4.846147470112216,4.305621204682728,4.322737383931914,3.825237442646876,3.7476822480913374,3.7395777641486276,2.6212460888920965,0.30129877540588546,0.03670741330526523,0.23433079527200837,0.027536150563898017,0.322883938005181,0.0717247156458046,0.3394865387407018,0.17724552713908154
439,0.7153253253253253,5.401940439475945,5.362681372055413,5.553397059388394,4.94144559716513,4.906860397813176,4.852835756502145,4.311241241572888,4.328450389188143,3.8327265997660795,3.753516583089325,3.7456209988001348,2.6288237251657804,0.3010948618262518,0.03664990214998894,0.23406693696270456,0.027623040445826145,0.3226407756126742,0.07143385120082814,0.3393949016412358,0.17692272756964167
440,0.7158158158158158,5.406660626773975,5.3673088875468045,5.559339613567439,4.946666638117994,4.912076205943487,4.859513716230785,4.316854793736615,4.334155771845083,3.840206634280284,3.7593425901433424,3.7516547639907443,2.6363867547101303,0.3008910069643485,0.03659270817475097,0.23380280603020048,0.02771219617551811,0.32239696840540644,0.07114373782352067,0.3393045926437525,0.176600931781543
441,0.7163063063063063,5.411372547148393,5.3719271716018415,5.565270051356618,4.951879386630068,4.917282981767008,4.866181330445934,4.3224618508425365,4.33985352705683,3.84767753890717,3.765160259048586,3.7576790476300697,2.643935012603837,0.30068721741934873,0.036535835765994285,0.23353839360411624,0.0278035719708436,0.3221525216458423,0.07085438003382963,0.33921563559925627,0.17628016093357138
442,0.7167967967967968,5.4160762114992,5.3765362397919,5.571188298020211,4.957083852576514,4.9224807338596035,4.872838571782557,4.32806240636161,4.345543652948268,3.855139305936674,3.770969579617258,3.763693838214183,2.651468322355983,0.30048349980635525,0.03647928959621939,0.23327369398790818,0.027897121248931043,0.32190743637631886,0.070565782780662,0.3391280568648509,0.17596043801134925
443,0.7172872872872873,5.420771629405349,5.381136108159929,5.577094307611767,4.962280057969157,4.927669468520356,4.879485434219302,4.33365644788666,4.351226150823308,3.8625919284591417,3.77677054192417,3.769699123978316,2.6589865123329623,0.300279862222058,0.03642307429660528,0.23300870101255255,0.02799280036631079,0.32166171843121716,0.07027795052550449,0.3390418818193512,0.17564178527904542
444,0.7177777777777777,5.425458813354674,5.385726792850438,5.582988061252973,4.9674680104529925,4.932849193448619,4.886121900547131,4.339243967311995,4.356901014000255,3.8700353974696347,3.7825631351286857,3.7756948923572473,2.6664894000004353,0.30007631435137316,0.03636719472602917,0.23274341636003107,0.02809056887505623,0.3214153709848876,0.06999088770427662,0.3389571368313627,0.17532422636464826
445,0.7182682682682683,5.430137771557976,5.390308311142689,5.588869470963646,4.972647741648643,4.938019915512715,4.892747961524829,4.344824953227755,4.362568244088816,3.8774697035930057,3.7883473493094346,3.7816811323509887,2.6739767724992816,0.2998728643343417,0.036311656645579594,0.23247782674992998,0.028190377780776717,0.32116840104728134,0.06970459947956496,0.338873852968167,0.17500778931204683
446,0.7187587587587587,5.4348085158484025,5.3948806799525935,5.594738510204525,4.977819253410998,4.943181642014497,4.899363603526014,4.3503993934191865,4.368227838579825,3.884894839872669,3.794123173290786,3.7876578281791256,2.6814484364484743,0.29966952208520425,0.03625646511007246,0.23221193314919694,0.028292184884855687,0.3209208111099272,0.0694190898839089,0.33879205898824755,0.1746924989303
447,0.7192492492492493,5.43947106049765,5.3994439162440235,5.600595140736869,4.982982559851377,4.948334379926125,4.905968813656773,4.355967278574348,4.373879795752571,3.89231079452901,3.7998905967009162,3.793624969767457,2.6889041727654917,0.2994662981512069,0.036201626042279014,0.23194573335845742,0.02839594677037545,0.3206726056607997,0.06913436410853628,0.33871178626449927,0.17437838429419908
448,0.7197397397397397,5.444125411533629,5.403998037110537,5.6064393217334025,4.98813768103,4.953478134828108,4.912563589056746,4.361528596933035,4.379524109521151,3.8997175570388234,3.805649608458262,3.7995825428950685,2.696343761077917,0.29926320317338895,0.036147145347977666,0.2316792215167373,0.0285016198074971,0.32042379210457395,0.06885042660218306,0.3386330662551272,0.1740654741021797
449,0.7202302302302303,5.448771586673391,5.4085430609058704,5.612271042089082,4.993284634565103,4.958612913974296,4.91914792417087,4.367083335918995,4.3851607758737705,3.907115115919201,3.8114001979411922,3.8055305335718685,2.7037669686467356,0.2990602500986105,0.03609302928975489,0.23141239844177292,0.02860916377963112,0.3201743773013621,0.06856728208499993,0.33855593215177904,0.17375379888374154
450,0.7207207207207207,5.45340959112749,5.413079005669967,5.6180902477077055,4.998423424531884,4.963738723198768,4.925721809006698,4.372631486069147,4.390789795588599,3.9145034600644784,3.817142353567978,3.811468928513597,2.711173566890348,0.29885744887964255,0.036039283963044504,0.23114525968023103,0.028718533006153058,0.3199243641041038,0.06828493566920447,0.3384804177797723,0.17344338884563215
451,0.7212112112112112,5.458039439607351,5.417605889118394,5.623896949494921,5.003554072372571,4.9688555695814935,4.932285237023398,4.378173031533621,4.396411158680731,3.921882577848594,3.8228760647801505,3.8173977135933503,2.718563305652653,0.29865481419512524,0.035985916113704185,0.2308778083230252,0.028829690811442016,0.31967376111793877,0.06800339154455882,0.33840655750347365,0.17313427666580214
452,0.7217017017017017,5.46266114795221,5.422123730014496,5.62969113676726,5.008676587489395,4.973963458268402,4.938838208978011,4.383707963040809,4.40202486122944,3.929252454243767,3.828601319746925,3.8233168745052297,2.725935922755546,0.29845236023529814,0.03593293282728843,0.23061004561714685,0.028942596877411818,0.3194225746438027,0.06772265499647397,0.33833438897544343,0.1728264971246693
453,0.7221921921921922,5.46727471976278,5.426632546653862,5.635472762559923,5.013790982206312,4.979062394751641,4.945380724106903,4.38923626919242,4.407630899948912,3.9366130774532793,3.8343181074559296,3.829226396777597,2.7332911766326036,0.29825009813951214,0.03588034058067564,0.2303419654649615,0.029057206945765867,0.3191708109837843,0.06744273086023747,0.3382639470216998,0.1725200821262009
454,0.7226826826826827,5.471880175806652,5.431132358178406,5.641241846198897,5.01889726908433,4.984152385627255,4.951912778811962,4.394757933790959,4.413229269917669,3.9439644338442683,3.840026415894754,3.835126263995673,2.740628775731219,0.298048045105201,0.03582814722621641,0.2300735741892975,0.029173485222581196,0.31891847742111484,0.06716362386722083,0.3381952729332192,0.17221507002539682
455,0.7231731731731732,5.476477522327197,5.43562318426399,5.646998383090093,5.0239954597882965,4.989233435815631,4.95843437251598,4.400272945258757,4.418819965794892,3.9513065058857175,3.8457262338220635,3.8410164626059142,2.747948455130223,0.2978462153711596,0.03577635999297478,0.22980487255988635,0.029291393405636877,0.3186655812602701,0.06688533955781534,0.3381284036636188,0.1719114962462351
456,0.7236636636636636,5.481066772475622,5.440105042472485,5.65274234122271,5.0290855594532315,4.994305551205173,4.964945512355523,4.405781293425095,4.424402977551357,3.9586392796005336,3.8514175493073965,3.8468969752205604,2.755249931268976,0.2976446232268409,0.035724986437988104,0.22953585775993587,0.029410889102882164,0.31841213007781044,0.06660788251911492,0.3380633795591199,0.17160939815140264
457,0.7241541541541541,5.485647938184226,5.444577953382699,5.658473775881957,5.034167590719549,4.999368736343636,4.97144619981705,4.411282962324762,4.429978302233081,3.9659627381312776,3.857100350416057,3.8527677872199795,2.7625329284824356,0.2974432865434386,0.03567403419685278,0.22926653834818653,0.029531942788923942,0.31815813320401193,0.06633125830219318,0.3380002391912597,0.1713088125049704
458,0.7246446446446446,5.490221031239212,5.449041936436927,5.66419270810785,5.039241551875923,5.004422996528584,4.977936443754201,4.416777939334209,4.43554593608993,3.9732768654573856,3.862774625176397,3.8586288801768784,2.7697971268766794,0.2972422234530116,0.035623511950934876,0.22899692009042458,0.029654519642547613,0.31790359712927846,0.06605547206071237,0.3379390285805761,0.1710097817983677
459,0.7251351351351352,5.494786063467396,5.453497011336425,5.6698990714025035,5.044307460455937,5.009468336776726,4.984416243838932,4.422266210769791,4.441105863276484,3.9805816444474056,3.868440361382835,3.864480238186871,2.7770422274280553,0.29704144764125284,0.035573427630336045,0.2287269947072506,0.029778574099158205,0.31764853182541175,0.06578052858736212,0.3378797883297099,0.1707123456231892
460,0.7256256256256256,5.4993430502084655,5.457943198018489,5.675592968441885,5.049365316917438,5.014504761918848,4.990885599372197,4.427747763479017,4.446658084476985,3.9878770560489594,3.874097546753811,3.8703218440363565,2.784267930179428,0.2968409799300633,0.03552378958207851,0.22845678150498908,0.029904083463491073,0.3173929425199013,0.06550643403097808,0.33782256156868695,0.17041654426898173
461,0.726116116116116,5.5038919976781475,5.462380515322038,5.6812743639318235,5.054415140681339,5.0195322762673396,4.997344535073856,4.4332225854509675,4.452202592579245,3.995163081668665,3.879746169276862,3.8761536793259137,2.791473926844383,0.29664083583165973,0.03547460621136021,0.22818627198700306,0.03003100688193631,0.31713684168708134,0.06523319395786384,0.3377673918690877,0.1701224189104241
462,0.7266066066066066,5.508432917787647,5.4668089853228015,5.686943318026957,5.059456927793021,5.024550884224427,5.003793057762392,4.43869066018047,4.457739375482898,4.002439701944542,3.8853862157726344,3.881975725818333,2.798659865373494,0.29644103688786333,0.03542588710012062,0.22791547872980708,0.030159316314538935,0.3168802373228356,0.0649608133127638,0.3377143277992899,0.169830016353496
463,0.7270970970970971,5.512965824168034,5.471228627212557,5.692599845418856,5.064490696879865,5.0295605905798615,5.0102311671641715,4.4441519772545375,4.463268427747391,4.0097068980126105,3.8910176742925473,3.8877879646601157,2.8058254437404693,0.29624160045437564,0.03537764053366814,0.2276444052614528,0.03028897896050643,0.3166231378034051,0.06468929835759728,0.33766341251525944,0.1695393771394083
464,0.7275875875875876,5.517490729857131,5.475639461354585,5.698243999718134,5.069516451732566,5.03456139911442,5.01665888349696,4.4496065202457205,4.468789742045825,4.016964647453087,3.8966405318350765,3.8935903765026962,2.812970322972179,0.2960425475071595,0.03532987585147243,0.22737306015527212,0.030419966771788192,0.3163655538360835,0.06441865490563628,0.337614693087148,0.1692505466990996
465,0.728078078078078,5.522007646299641,5.480041507936495,5.7038757897182615,5.074534193697112,5.039553313506961,5.0230762110095775,4.4550542781997,4.474303307267724,4.024212929827459,3.9022547755475294,3.8993829419215054,2.8200941566492363,0.29584389699801916,0.03528260246041342,0.2271014479209961,0.030552246386936537,0.31610749291635604,0.0641488887849289,0.3375682181839265,0.1689635714532352
466,0.7285685685685686,5.526516582137142,5.484434788194284,5.709495322090541,5.079543930639027,5.044536338484749,5.029483169882353,4.46049523494521,4.479809119944629,4.031451723787883,3.907860392064221,3.9051656414081077,2.8271966090274065,0.29564567193388436,0.03523582979729201,0.2268295835817044,0.03068579838306404,0.3158489657221759,0.0638800061608844,0.33752403523500907,0.16867849655706524
467,0.7290590590590591,5.531017547403416,5.488819322278833,5.715102552699394,5.084545673092057,5.049510477236854,5.03587977615735,4.465929377953816,4.485307170439007,4.038681005163722,3.913457369001094,3.9109384527894,2.8342773256576352,0.29544788970488134,0.0351895674665454,0.22655746080888758,0.030820583064148,0.3155899832703606,0.06361201353834885,0.3374821938469028,0.16839536969496896
468,0.7295495495495495,5.535510551083622,5.493195130427728,5.720697603352033,5.089539422120224,5.054475734234591,5.04226604360249,4.471356694116439,4.490797446625204,4.04590075287845,3.9190456925071153,3.916701355929153,2.8413359521897106,0.2952505746853075,0.03514382538191777,0.22628509867193852,0.030956584157517723,0.3153305550595847,0.06334491670464443,0.33744274353297365,0.1681142383884934
469,0.73004004004004,5.539995609972675,5.49756223459499,5.726280491440387,5.09452518060663,5.059432112002293,5.048641987132268,4.476777170124265,4.496279942187086,4.053110942190649,3.9246253494540073,3.9224543290290304,2.848372132209606,0.2950537472454968,0.03509861330697898,0.22601250235617945,0.031093770850568803,0.3150706904544381,0.06307872250004624,0.33740573452289263,0.16783515080523026
470,0.7305305305305305,5.54447273061849,5.501920654780715,5.731851302049993,5.099502958891006,5.064379614085051,5.055007618021744,4.482190789088152,4.50175464886363,4.060311547369979,3.9301963265354725,3.9281973493080056,2.8553855036649067,0.2948574306254191,0.03505394137046974,0.22573968437995529,0.031232123222592872,0.31481040046289444,0.06281343772016786,0.3373712170875826,0.16755815576729333
471,0.7310210210210211,5.548941921379263,5.506270412112894,5.737410076195724,5.104472750890321,5.069318244474747,5.061362964986185,4.487597542791701,4.507221556095324,4.067502545161364,3.9357586096462644,3.9339303940052766,2.862375699056313,0.2946616464421449,0.03500981973012208,0.22546665109510391,0.031371614746753,0.3145496950237983,0.06254906890619455,0.33733924368031476,0.16728330286439305
472,0.7315115115115115,5.553403194404055,5.510611526938663,5.742956893032958,5.1094345736085405,5.07424800591085,5.06770804210513,4.492997414502106,4.512680663186755,4.074683909647841,3.941312185366697,3.939653440280158,2.8693423487912293,0.29446641828773445,0.03496625879363631,0.22519341376846982,0.0315122255394133,0.31428858530838427,0.062285623698486066,0.33730986677946595,0.16701064229249069
473,0.7320020020020019,5.557856559513847,5.514944020909511,5.748491815602024,5.114388415346144,5.079168901883611,5.074042874642469,4.498390390374388,4.518131946368566,4.081855614420669,3.9468570399202116,3.9453664644127815,2.8762850741126114,0.2942717695182048,0.03492326896004219,0.22491998361327242,0.03165393302925648,0.3140270830538511,0.06202310783548305,0.33728313737560867,0.16674022490436202
474,0.7324924924924925,5.5623020224217665,5.519267914054578,5.7540149139343155,5.119334289605431,5.084080934626764,5.080367468491701,4.503776459235589,4.5235754089816425,4.089017632278529,3.9523931589926438,3.95106944072756,2.883203495535165,0.29407772333080273,0.0348808609405888,0.22464637136297388,0.03179671744813291,0.31376519646299705,0.06176153000541302,0.33725911112237256,0.1664721024441258
475,0.732982982982983,5.566739588127941,5.523583228159707,5.75952622275988,5.124272190981044,5.088984107629665,5.086681856264813,4.509155607556661,4.529011038700135,4.096169936187255,3.9579205286472807,3.9567623457723795,2.890097234930616,0.29388430165283114,0.03483904522313395,0.22437258147923073,0.03194055355954587,0.31350293763599796,0.061500897140115605,0.3372378405155424,0.16620632620300294
476,0.7334734734734735,5.571169274036609,5.5278899839744815,5.76502589570673,5.129202127212413,5.093878424048519,5.092986058397727,4.514527821416994,4.53443882163185,4.1033124981685685,3.9634391347103994,3.9624451530937157,2.896965917832975,0.2936915321017686,0.034797832440206115,0.22409863718959974,0.03208543336694407,0.31324031918514683,0.06124121651532462,0.33721937756943315,0.1659429468316269
477,0.7339639639639639,5.5755910851210695,5.5321882015425015,5.770513952252832,5.134124097177072,5.098763886528176,5.099280098438348,4.5198930892789155,4.539858758352414,4.110445289045756,3.968948962458482,3.968117835919299,2.9038091398091463,0.29349943692044583,0.03475723387622929,0.2238245413060768,0.0322313309477827,0.31297735055042064,0.06098249681891296,0.3372037810281816,0.16568201956464101
478,0.7344544544544545,5.580005028362678,5.536477902534347,5.775990524615646,5.139038097137081,5.103640497696774,5.105563993552969,4.525251397652048,4.545270834330821,4.11756828036198,3.974449997448873,3.973780369067937,2.910626522925864,0.2933080422796542,0.03471726023215662,0.22355031479247653,0.032378236526314545,0.3127140422322945,0.060724745441355976,0.3371911031633114,0.16542359575294752
479,0.7349449449449449,5.5844111094609685,5.5407591078289995,5.781455637755285,5.143944132846693,5.108508259880405,5.111837774116982,4.530602733719045,4.5506750421331725,4.124681442716824,3.9799422251747,3.979432724160786,2.9174176723325242,0.29311737070382,0.0346779225248895,0.2232759595427414,0.03252612593757806,0.31245040698562077,0.06046797063904649,0.3371814001558311,0.16516772914957112
480,0.7354354354354354,5.588809336929705,5.545031838169568,5.786909451417268,5.148842205090726,5.113367176344377,5.1181014614444775,4.535947085602371,4.556071376307461,4.131784745503862,3.9854256306488134,3.9850748732872847,2.924182194112788,0.29292745043293505,0.0346392320883573,0.22300149924592377,0.03267499436442474,0.31218645542168805,0.06021218114415583,0.337174728301609,0.16491447359853517
481,0.7359259259259259,5.593199717097977,5.549296113628539,5.792351983710509,5.15373230808481,5.118217249287001,5.124355077909031,4.5412844403985835,4.561459817300686,4.1388781572241875,3.9909001988534545,3.9907067887436125,2.9309196886691735,0.29273830380756355,0.03460119994616793,0.2227269376258054,0.03282481754149106,0.3119221995187531,0.05995738468242894,0.33717114237440243,0.16466388342076496
482,0.7364164164164164,5.597582247805833,5.55355195584288,5.797783367393261,5.158614445058882,5.123058481248198,5.13059864770311,4.5466147891084105,4.566840369310917,4.145961648330369,3.996365914653217,3.9963284397836922,2.9376297706243144,0.29254995709952986,0.03456383725547901,0.2224522923832081,0.032975588315544084,0.3116576485867808,0.059703590991300036,0.3371706998328502,0.16441601154413774
483,0.7369069069069069,5.601956945867177,5.557799384990701,5.803203679846268,5.16348862070842,5.127890875091597,5.136832198269199,4.551938116480054,4.572213023466755,4.153035185139134,4.001822763157808,4.001939798417164,2.944312029783075,0.29236243629634523,0.03452715560523878,0.2221775750082849,0.03312729139453437,0.31139281606111396,0.05945080908087815,0.3371734578980472,0.16417091421725546
484,0.7373973973973974,5.6063238111762566,5.562038422009801,5.808613041156085,5.1683548247424635,5.132714433162771,5.1430557553243785,4.557254412590951,4.577577763923071,4.1600987362960735,4.007270728675948,4.007540832790813,2.9509660806153986,0.2921757674104144,0.034491165950684216,0.2219028033283767,0.03327991849113608,0.31112771278373996,0.05919904739441863,0.3371794709946845,0.16392864393290008
485,0.7378878878878878,5.61068284844531,5.566269087126952,5.814011484121868,5.1732130574094635,5.137529157740442,5.149269341008769,4.562563665481607,4.582934588773086,4.167152269142019,4.012709795610645,4.013131513012898,2.957591515155986,0.2919899736731528,0.034455879773876055,0.22162798213098286,0.033433449511837084,0.31086234906086296,0.058948315742467075,0.33718879803170937,0.16368925683602717
486,0.7383783783783784,5.615034061021502,5.570491400552467,5.819399207198546,5.1780633219774135,5.142335051485675,5.155472985854765,4.567865865235428,4.588283487177482,4.1741957496132605,4.018139948282854,4.018711806622066,2.9641879234001305,0.291805085944855,0.03442130906707985,0.22135313827735492,0.0335878883202924,0.3105967381067718,0.05869862369804383,0.33720149739646615,0.16345280911639765
487,0.7388688688688688,5.619377453727222,5.5747053830584345,5.824776209521764,5.182905612704931,5.147132117087368,5.16166671725216,4.57316100204485,4.593624453699766,4.181229144822147,4.02356117098575,4.024281681848333,2.9707549148088845,0.2916211253714153,0.03438746471769408,0.2210782718243587,0.03374321078663916,0.31033089041243095,0.05844998111782857,0.3372176255304513,0.16321935454516776
488,0.7393593593593594,5.623713027501373,5.578911054319462,5.830142676521679,5.18773993012209,5.151920356772248,5.167850550288785,4.578449061334493,4.59895747872124,4.188252420429053,4.028973447569154,4.029841105882274,2.9772920945723405,0.2914381212795515,0.03435435821684566,0.2208034100165951,0.03389942000708727,0.31006481703473737,0.05820239761935289,0.3372372382022599,0.16298894728821897
489,0.7398498498498498,5.628040784144928,5.583108434643495,5.835498657974285,5.192566271233939,5.156699773266703,5.174024527441414,4.583730035594596,4.604282558026462,4.195265540986507,4.034376761910896,4.035390044139908,2.983799059638533,0.2912560977915708,0.034322001051971245,0.22052855715020644,0.034056500111797616,0.3097985309128994,0.05795588391392489,0.3372603942711636,0.16276164295657825
490,0.7403403403403404,5.632360732224711,5.5872975447898305,5.8408442760032395,5.197384634510778,5.161470368798333,5.180188665414039,4.589003916685315,4.609599684950221,4.202268471725974,4.039771097692813,4.040928464480737,2.990275396578043,0.29107508251396763,0.03429040510429576,0.22025373263061235,0.0342144455907344,0.3095320417426109,0.05771045054093283,0.33728715342579857,0.16253749867311235
491,0.7408308308308308,5.636672861219224,5.591478403679795,5.846179588745223,5.202195017066399,5.166232146772286,5.186342985421894,4.594270691714402,4.614908853323449,4.209261177544801,4.045156438412209,4.046456330897919,2.9967207195350087,0.2908950984730912,0.03425958135952701,0.21997894294361442,0.03437324335574386,0.3092653605112538,0.057466107884510724,0.3373175712850178,0.16231656754560198
492,0.7413213213213213,5.640977183923273,5.595651031850994,5.851504767540721,5.2069974159169625,5.170985108698118,5.192487526885222,4.599530351370365,4.620210056583344,4.2162436209427945,4.0505327673767875,4.051973607018956,3.0031346233333616,0.2907161757809194,0.0342295416526962,0.2197042122254097,0.034532895488502066,0.3089985004388166,0.057222867028768803,0.337351706459233,0.1620989055271914
493,0.7418118118118118,5.645273691080868,5.599815447936611,5.856819892067342,5.211791830625746,5.1757292583468075,5.198622308759209,4.604782890653497,4.625503288736686,4.223215766970075,4.055900068010308,4.057480259186146,3.0095167191987144,0.2905383383587055,0.034200297211400194,0.21942955014127372,0.03469339276493278,0.30873147140292895,0.05698073912639004,0.33738961585050614,0.1618845665983579
494,0.7423023023023023,5.649562386937542,5.603971672490496,5.862125050418564,5.216578255846523,5.18046459774837,5.204747356742496,4.610028295476828,4.630788543477277,4.230177579013517,4.061258322901051,4.062976249265235,3.015866604132916,0.290361612172912,0.034171859515515185,0.21915496979393329,0.03485472665043923,0.3084642848962856,0.05673973503180373,0.33743135758739257,0.1616736062400472
495,0.7427927927927928,5.653843270417768,5.608119723997242,5.867420400948203,5.221356688845203,5.1851911304146086,5.21086270014406,4.615266560645467,4.636065816798555,4.237129017757844,4.066607515043102,4.068461540559934,3.022183885950238,0.29018602535939175,0.03414424014269589,0.21888049227217732,0.0350168994234523,0.30819695229789734,0.05649986689201991,0.3374769891952654,0.16146607906915109
496,0.7432832832832833,5.658116337110421,5.612259622233824,5.872705938167851,5.226127130761485,5.189908858575578,5.216968360537261,4.620497676587787,4.641335103487734,4.244070047828168,4.07194762728019,4.0739360939178155,3.028468170054079,0.29001159901690365,0.034117450151656833,0.2186061153950265,0.03517989064783978,0.3079294844799519,0.05626114604601538,0.3375265686880499,0.16126203958532445
497,0.7437737737737737,5.662381591869003,5.6163913858295595,5.877981870261968,5.230889575639426,5.194617786030965,5.22306436532643,4.625721637921394,4.646596400949357,4.251000629845798,4.077278642015844,4.079399872644482,3.034719071602761,0.28983836332897367,0.034091501043146115,0.21833186904472116,0.03534371002190356,0.30766189195304416,0.05602358494082609,0.3375801527811323,0.16106154153820046
498,0.7442642642642643,5.666639026810332,5.620515034515213,5.883248284052815,5.235644021662983,5.1993179151787725,5.229150738866262,4.630938433890812,4.6518497023850545,4.2579207259706635,4.082600541360765,4.08485283666508,3.0409361952612763,0.289666343430215,0.03406640419714126,0.21805776389523385,0.0355083510354318,0.30739418634621546,0.055787195276731795,0.3376377990771956,0.1608646396012486
499,0.7447547547547547,5.670888639961536,5.624630586088505,5.888505235357652,5.2403904728368085,5.2040092500220645,5.235227511757115,4.63614805997743,4.657095009143821,4.264830297553465,4.087913307431873,4.090294946428827,3.0471191653262806,0.28949556240721486,0.03404217049482599,0.21778380472873074,0.035673803104446754,0.307126379302465,0.055551990086863484,0.3376995642253654,0.16067138628604694
500,0.7452452452452453,5.675130424555836,5.628738059062556,5.893752868745319,5.245128913313344,5.208691793142799,5.241294693047132,4.641350508113067,4.662332311514141,4.271729305132754,4.093216922436026,4.095726161479331,3.0532675916963226,0.2893260472878876,0.03401881126513826,0.21751001478469162,0.03584006833198342,0.3068584784977578,0.05531798129345821,0.3377655048445899,0.16048183572621888
501,0.7457357357357357,5.679364377889238,5.632837472756757,5.898991268106781,5.249859353143019,5.2133655486253945,5.247352330072645,4.646545771082109,4.667561613304446,4.278617710091598,4.098511367757937,4.101146441013616,3.059381090912161,0.2891578231693426,0.03399633776696481,0.21723639971403766,0.036007140880385945,0.3065904989145726,0.05508518229995173,0.3378356789643407,0.1602960414769363
502,0.7462262262262263,5.683590500780086,5.636928844252132,5.904220519350097,5.254581784351891,5.2180305198984405,5.253400426026547,4.651733846041305,4.672782906983982,4.285495471592507,4.103796625137286,4.106555742889877,3.065459302171279,0.2889909135743477,0.0339747603583098,0.21696297474022203,0.03617501497204523,0.3063224477707438,0.054853605974755734,0.3379101401466119,0.16011405390660258
503,0.7467167167167167,5.687808784272654,5.641012192600628,5.909440751096238,5.25929620828666,5.222686710333321,5.259439011534903,4.656914724275714,4.67799619205954,4.292362550202028,4.109072675812877,4.11195402556504,3.071501839473493,0.2888253451258884,0.03395409041902616,0.21668975482802508,0.036343691830326055,0.3060543372244543,0.05462326547538713,0.3379889459589973,0.15993592686050476
504,0.7472072072072071,5.69201921788439,5.645087535294349,5.914652041516403,5.264002617895249,5.227334124646164,5.265468112037809,4.662088401980896,4.683201463939485,4.299218906170276,4.114339500861395,4.117341246496432,3.0775083379938657,0.28866114106834845,0.03393433854509598,0.21641674896395605,0.03651316591282942,0.30578617759021326,0.054394174014611205,0.3380721511435877,0.15976171129635366
505,0.7476976976976977,5.696221799298629,5.649154889227124,5.919854493254151,5.268701017610165,5.231972766573618,5.271487744191449,4.667254873488323,4.688398730564488,4.306064497296679,4.119597081344004,4.122717361680975,3.0834784319123396,0.28849832605086173,0.03391551549192716,0.2161439705236166,0.03668343511349035,0.3055179782420894,0.05416634614574613,0.33815981198980344,0.15959145866925062
506,0.7481881881881882,5.700416526021916,5.653214272403531,5.9250482002941105,5.273391402763514,5.236602640377091,5.277497934158514,4.67241413485156,4.693587984055883,4.312899284623762,4.1248453977031225,4.128082327130284,3.089411767794821,0.28833692404599465,0.033897631512725575,0.21587143162954747,0.03685449629511735,0.3052497502602059,0.053939794938012826,0.3382519815101602,0.15942521821469238
507,0.7486786786786787,5.704603381045542,5.657265702536431,5.9302332437340795,5.278073774474116,5.2412237500771095,5.283498698646325,4.677566181154489,4.698769226907806,4.319723224779104,4.1300844306907765,4.133436099015114,3.0953079734896702,0.28817695848731445,0.033880697508655695,0.21559914096116517,0.03702634548433366,0.30498150343660996,0.05371453490615563,0.3383487160810699,0.1592630422685095
508,0.7491691691691691,5.708782364977344,5.661309195600582,5.9354097337104195,5.282748131114764,5.245836101010319,5.289490058040364,4.682711010400169,4.703942458831256,4.326536278951258,4.135314160599382,4.1387786316076935,3.1011667112519574,0.2880184533318084,0.033864723386155086,0.21532711337482002,0.03719898232646568,0.3047132472088562,0.0534905799696524,0.3384500681194001,0.15910497812936059
509,0.7496596596596596,5.712953463194002,5.6653447691699865,5.940577732123662,5.287414468942361,5.250439697416091,5.295472033081857,4.687848616236838,4.709107677096315,4.3333384031694475,4.1405345673575615,4.144109879749683,3.1069876209372524,0.28786143094515076,0.033849719575386725,0.21505535518424426,0.03737240055856083,0.3044449923315164,0.053267944416885774,0.33855609152423644,0.1589510762979402
510,0.7501501501501502,5.7171166709093315,5.6693724404954695,5.945737379897066,5.292072793319649,5.255034544640644,5.3014446510210105,4.692978998717733,4.7142648866849575,4.340129556499269,4.1457456305825415,4.149429797422545,3.112770368135032,0.28770591646513927,0.033835696123291764,0.21478388309945806,0.03754660499966714,0.3041767494966839,0.05304664332285634,0.3386668391220942,0.15880138392075777
511,0.7506406406406406,5.721271976035407,5.673392224551512,5.950888681407004,5.2967231019765375,5.2596206480378065,5.307407915077798,4.698102152242412,4.719414091455784,4.346909696784941,4.150947330111367,4.154738337824346,3.118514614200534,0.2875519285493408,0.0338226626260676,0.21451269725932234,0.03772158160544618,0.3039085259717456,0.0528266912624093,0.33878236327615285,0.1586559486244819
512,0.7511311311311311,5.725419371437894,5.677404138543079,5.956031764243251,5.301365395029511,5.2641980124875225,5.313361847720668,4.703218077068001,4.724555289876373,4.353678781370888,4.156139645249833,4.160035453269843,3.124220024244712,0.28739949172355866,0.033810629019510596,0.21424181361627392,0.037897333801361774,0.3036403320922949,0.052608103150164794,0.3389027160058618,0.15851481747273682
513,0.7516216216216216,5.729558843895503,5.681408198025166,5.961166689897604,5.305999675408733,5.268766644416771,5.31930647098462,4.708326770628349,4.729688484569858,4.36043676749152,4.161322554937393,4.16532109652524,3.1298862762324005,0.28724862678421226,0.03379960472304467,0.2139712368655223,0.038073856372352326,0.3033721785855142,0.05239089412914558,0.3390279476344996,0.15837803586232777
514,0.7521121121121122,5.733690382903899,5.685404419729813,5.966293551397891,5.310625943054111,5.2733265495495525,5.325241791687191,4.713428231285311,4.734813676386558,4.367183613141876,4.1664960381923075,4.1705952186491615,3.135513039157962,0.28709935625420574,0.033789599386754805,0.2137009795689038,0.03825114825391447,0.3031040734531678,0.052175079035954385,0.3391581100075581,0.15824565027198792
515,0.7526026026026026,5.737813980861551,5.689392818102577,5.971412417155305,5.315244202274054,5.277877733678872,5.3311678325183625,4.718522457742349,4.739930875780624,4.3739192744569895,4.171660073602061,4.17585777117921,3.141100008963616,0.2869517006186667,0.03378062198070081,0.21343104787368614,0.038429205492495275,0.30283602646670077,0.05196067403613259,0.3392932522329352,0.1581177038673545
516,0.753093093093093,5.741929626174516,5.693373408609266,5.976523326737227,5.319854452750318,5.282420203318483,5.337084598318825,4.723609448161344,4.745040079959,4.38064370829071,4.176814639629881,4.181108705745298,3.146646871822537,0.28680567928089284,0.03377268146813116,0.21316144647069077,0.038608020025158,0.3025680461402428,0.05174769391134297,0.339433422945295,0.15799424078294888
517,0.7535835835835836,5.7460372998158755,5.697346207164948,5.981626396328714,5.324456696576718,5.286953965347856,5.342992111018151,4.728689204969155,4.750141299192611,4.387356872144472,4.1819597141013745,4.186347971188991,3.1521533147460534,0.28666131480809587,0.0337657872435746,0.21289218725529427,0.038787595422407235,0.3023001412615456,0.051536154949963275,0.3395786737562978,0.157875305220234
518,0.7540740740740741,5.750137000896736,5.701311227796269,5.98672164550096,5.329050938891581,5.29147902665725,5.348890383777667,4.733761726644614,4.755234533210398,4.394058721016016,4.187095274976654,4.191575517448606,3.1576190604728676,0.28651862483552476,0.03375994718018333,0.2126232713159881,0.03896792098275496,0.30203232225141846,0.051326072665909925,0.3397290484672032,0.15776093635038893
519,0.7545645645645646,5.7542287060606085,5.70526848590155,5.991809152179293,5.3336371814441845,5.295995393946992,5.35477941596538,4.738827014370949,4.760319788373658,4.400749212680336,4.192221299892,4.196791295330577,3.1630438028987893,0.286377629418667,0.03375517024280182,0.21235470764984074,0.039148995099014094,0.30176459526209054,0.05111746268436213,0.33988459672959526,0.15765117744294008
520,0.755055055055055,5.758312409168533,5.70921799540705,5.996888985360261,5.338215434449609,5.300503074977214,5.360659231222696,4.743885068759557,4.765397072368868,4.4074283017178955,4.197337765960558,4.201995252524359,3.1684272660476673,0.28623834828332967,0.03375146455790628,0.2120865013478301,0.03933081486761028,0.30149697169209516,0.05091034158656199,0.34004536400714175,0.15754606756682485
521,0.7555455455455455,5.7623880925643505,5.713159771181512,6.0019611770142065,5.3427856964425,5.305002077688552,5.366529826164216,4.74893589047928,4.770466388238771,4.414095945363805,4.202444650380252,4.207187337436325,3.1737691684727634,0.28610079876103706,0.03374883811833272,0.21181865618731116,0.03951337223186745,0.301229457642284,0.05070472476289801,0.34021139615976714,0.1574456463614284
522,0.7560360360360361,5.766455749702853,5.717093826884735,6.007025774065639,5.347347976215295,5.3094924099817655,5.372391219388595,4.75397948099526,4.775527746816174,4.420752098676817,4.20754192961984,4.212367498449927,3.179069242828012,0.28596499905645884,0.033747298710235525,0.21155117488222624,0.03969666147978477,0.30096206294727684,0.050500629006260046,0.34038273804293406,0.15734995179593786
523,0.7565265265265265,5.770515360114772,5.7210201764916295,6.012082820496017,5.351902277191755,5.313974079778284,5.378243413768301,4.759015842886229,4.780581148336321,4.42739671761435,4.212629580315609,4.217535683551542,3.184327230523777,0.2858309661043071,0.033746853760770475,0.21128406080117204,0.0398806769587693,0.3006947956337427,0.050298069958494604,0.34055943203486133,0.15725902033392392
524,0.757017017017017,5.774566914261835,5.724938833336944,6.017132395753774,5.356448609675283,5.3184470965030375,5.384086413250478,4.764044978261102,4.785626612001951,4.434029756643177,4.217707578738021,4.222691839080361,3.1895428681086733,0.28569871901581156,0.033747511044290926,0.21101732256770706,0.04006541764210598,0.30042766263548987,0.05009706493285359,0.3407415239710117,0.15717288949422456
525,0.7575075075075075,5.778610394098959,5.728849811216844,6.022174479178008,5.360986979952036,5.322911467861483,5.389920228063844,4.769066891981872,4.790664132679939,4.4406511729656755,4.222775900520201,4.227835912740833,3.1947159147536626,0.2855682714717409,0.03374927721521325,0.21075095306951339,0.0402508692260228,0.30016067369361144,0.04989762928116949,0.34092905357814124,0.1570915930533984
526,0.757997997997998,5.782645792434452,5.732753123052206,6.027209149190275,5.365517392297378,5.327367204405501,5.3957448618325845,4.774081583117055,4.795693726033625,4.447260920889489,4.227834521107772,4.232967850117764,3.1998461251236807,0.2854396419263977,0.03375215941967145,0.2104849618175406,0.04043703071316798,0.2998938359612163,0.04969977982603406,0.3411220633221633,0.1570151657645655
527,0.7584884884884885,5.786673086105021,5.736648781842067,6.032236395984674,5.370039857412898,5.331814314273577,5.401560317615539,4.7790890579699505,4.800715395959426,4.4538589550532866,4.23288341590805,4.238087599027969,3.2049332726389768,0.28531284351309194,0.03375616402134694,0.21021934275061957,0.04062388978737994,0.29962715769866294,0.049503532931334596,0.3413205920281364,0.15694363977630238
528,0.7589789789789789,5.790692270858754,5.740536799703793,6.037256305353279,5.37455438658679,5.336252808319025,5.407366594585281,4.784089319418427,4.805729155791862,4.460445231422606,4.237922559745649,4.243195103293105,3.209977123693994,0.28518789468914507,0.03376129780037317,0.20995410634153708,0.04081144656999949,0.29936064601913764,0.049308905119093444,0.3415246812634296,0.15687704796818805
529,0.7594694694694695,5.7947033231537555,5.744417190643631,6.042268840455435,5.379060985014035,5.340682695733805,5.413163697642058,4.789082374222867,4.8107350152697235,4.467019703691225,4.24295192742814,4.248290310261993,3.214977468298087,0.2850648066516545,0.03376756654180122,0.20968924308452902,0.04099968519650541,0.2990943080297597,0.04911591332636241,0.3417343683813064,0.1568154202779987
530,0.75995995995996,5.7987062339265165,5.748289965412371,6.047274053432252,5.383559669721579,5.345103987462098,5.4189516253656915,4.794068221273334,4.8157329805651425,4.473582327238038,4.247971492966994,4.253373163871934,3.219934105368943,0.2849435949917293,0.03377497592714019,0.20942475692840956,0.04118860171465542,0.2988281533009114,0.04892457326360306,0.3419496886428064,0.15675878477302088
531,0.7604504504504505,5.802700991478224,5.752155136713886,6.052271942415565,5.3880504449198785,5.349516694281292,5.42473037630667,4.799046870551135,4.820723062300532,4.480133057056908,4.252981230364903,4.258443609208927,3.224846816685968,0.28482427321226733,0.03378353196626222,0.20916064578835677,0.041378184718989394,0.2985621873250788,0.04873490169322498,0.3421706818190959,0.15670717227586967
532,0.7609409409409409,5.806687577898217,5.756012716597652,6.057262537694829,5.392533327105844,5.353920827056365,5.430499951276075,4.804018325343979,4.825705266713983,4.486671847711648,4.257981113371496,4.2635015910849114,3.2297154243702266,0.2847068545638865,0.03379323965217065,0.20889690912227019,0.04156842785670247,0.2982964193792777,0.048546914672165285,0.34239738025164795,0.15666060775405066
533,0.7614314314314314,5.810665974321486,5.759862716705377,6.062245804295179,5.397008327136858,5.3583163970358285,5.436260349974733,4.80898259192211,4.83067961372635,4.493198652944012,4.262971114987323,4.268547054652811,3.2345397396818,0.28459134957155025,0.033804104112235785,0.2086335376644934,0.041759315863020195,0.2980308555253715,0.04836062952834719,0.3426298202068455,0.15661911802630774
534,0.761921921921922,5.814636174464525,5.76370514831321,6.067221797758004,5.401475455731809,5.362703416436779,5.442011559670861,4.813939675127365,4.8356461075512005,4.499713427046164,4.267951208489721,4.273579942707306,3.239319589939792,0.2844777726869195,0.03381613007670485,0.20837053870101516,0.04195084519148478,0.297765502546553,0.048176061780065685,0.34286803352664563,0.15658272707202037
535,0.7624124124124124,5.818598158339887,5.7675400222565045,6.072190483213994,5.405934732305298,5.36708189636713,5.4477535887968305,4.818889581688481,4.8406047602793105,4.506216124730395,4.272921366360659,4.278600200605964,3.244054805367764,0.2843661338867454,0.03382932211886205,0.20810790021978778,0.042143001230284624,0.2975003699137829,0.047993228099552115,0.34311205285098645,0.1565514587513092
536,0.7629029029029029,5.822551916918922,5.771367350237478,6.077151870558017,5.410386165891255,5.371451849814095,5.453486415823777,4.823832317601123,4.845555585006655,4.5127067010138955,4.277881560693278,4.283607771049348,3.248745230319212,0.28425644455891225,0.0338436842826024,0.20784562396901363,0.04233577412756947,0.29723546144645707,0.04781214421915348,0.3433619092987512,0.1565253347026874
537,0.7633933933933934,5.826497435354352,5.775187143339702,6.082105930602734,5.414829769894063,5.375813289073289,5.459210054566375,4.828767891885164,4.850498588464182,4.519185107738189,4.282831763432252,4.288602598142571,3.2533907195778906,0.2841487142661293,0.033859220375042486,0.20758369945820557,0.04252915017350953,0.2969707875563982,0.047632826876593225,0.34361763135369455,0.1565043751951383
538,0.7638838838838838,5.830434700097233,5.77899941104866,6.087052672424178,5.419265568197517,5.380166227367844,5.464924476426618,4.833696308285443,4.855433789099336,4.525651300307086,4.287771946188141,4.293584625244141,3.257991128385975,0.28404295365319776,0.033875934159627766,0.20732212618121545,0.04272311979715547,0.29670635271869694,0.047455291559905244,0.343879249037848,0.15648860031693548
539,0.7643743743743743,5.834363694513646,5.782804164907271,6.09199203084454,5.423693567689191,5.384510677862277,5.470629688549363,4.838617576905333,4.860361192890889,4.532105232894396,4.292702079945834,4.298553795422037,3.2625463341988334,0.28393916954736975,0.03389382853322637,0.20706089002842976,0.04291766437078958,0.29644216517640615,0.04727955425277558,0.3441467882275944,0.15647802683465248
540,0.7648648648648648,5.838284410322019,5.786601414395628,6.096924045267411,5.428113796030443,5.38884665406721,5.476325676946174,4.843531704263141,4.865280815022027,4.53854685891666,4.2976221356081075,4.303510052185852,3.267056207723785,0.28383737379783114,0.03391290694576473,0.20679999294238527,0.04311277890932123,0.29617823246678027,0.0471056307564673,0.3444202764280114,0.15647267258071018
541,0.7653553553553554,5.8421968370512705,5.790391170510824,6.101848664436761,5.432526263152639,5.393174169797366,5.4820124263175405,4.848438698330836,4.870192665137133,4.544976130998632,4.302532083518079,4.308453337453037,3.271520642700983,0.28373757317976783,0.033933171703621395,0.20653942635639214,0.043308445928781636,0.2959145601206281,0.04693353645937065,0.3446997374153299,0.15647255190536552
542,0.7658458458458458,5.846100958163672,5.794173441789909,6.106765870285772,5.436930993199977,5.397493239805313,5.487689938715795,4.85333856819406,4.875096758966539,4.55139300419832,4.307431893672952,4.313383595522486,3.275939530704806,0.2836397758761737,0.03395462552395971,0.20627918056880432,0.04350465368645004,0.2956511569794783,0.046763287264603055,0.34498519637913716,0.1564776795798075
543,0.7663363363363362,5.8499967637044055,5.797948239091012,6.111675601554081,5.441327996223187,5.401803878148238,5.493358189352571,4.858231320352098,4.879993106404878,4.5577974310917275,4.3123215357131555,4.318300768308038,3.2803127877606784,0.28354398719325025,0.033977269921903364,0.2060192469405492,0.04370138320378481,0.2953880274368894,0.0465948978565115,0.3452766737877655,0.15648806663259
544,0.7668268268268268,5.853884242309453,5.801715571811156,6.116577833215265,5.445717300665859,5.40610609953572,5.49901717490619,4.863116966293535,4.884881715539242,4.564189365102664,4.317200978961493,4.323204798909643,3.284640321808138,0.28345021472774684,0.03400110697023439,0.20575961579772997,0.043898621466213913,0.2951251811677853,0.046428383393061295,0.3455741917377123,0.1565037252010371
545,0.7673173173173173,5.8577633831071365,5.80547544852998,6.121472542631103,5.450098924732195,5.410399919215105,5.504666872860325,4.8679955130379895,4.889762609677287,4.570568760057367,4.322070192016194,4.328095629526649,3.288922063108803,0.28335846468737247,0.03402613801750069,0.20550028194828668,0.04409635528056283,0.29486262204921543,0.04626375906125753,0.345877770944001,0.15652466437176207
546,0.7678078078078078,5.861634179229975,5.809227879091856,6.126359668353741,5.454472885180425,5.414685353278353,5.510307280381923,4.872866970997578,4.894635792115445,4.5769355690372295,4.326929143751965,4.33297320407786,3.293157948501996,0.28326874197843604,0.034052364019524356,0.2052412325822549,0.04429456656196076,0.2946003592342536,0.04610103924007151,0.34618742836686045,0.15655089199535932
547,0.7682982982982982,5.865496616583131,5.812972872277204,6.131239180527235,5.45883920944165,5.418962416604216,5.515938372961693,4.877731347371179,4.89950127903997,4.583289744545764,4.33177780174586,4.337837464515508,3.2973479178425964,0.2831810522214078,0.0340797859480319,0.2049824600313077,0.04449324136820842,0.2943383987902713,0.045940238232037856,0.34650318231969,0.15658241543618875
548,0.7687887887887888,5.869350686737484,5.816710436853278,6.136111006891422,5.463197915990379,5.4232311257846355,5.52156014537426,4.8825886539567795,4.904359081925748,4.589631240391069,4.336616133894721,4.342688352997414,3.301491929393701,0.2830953987754216,0.03410840409066778,0.2047239495637272,0.0446923604056498,0.29407674835507613,0.04578137048819954,0.34682504854757684,0.15661923935833855
549,0.7692792792792793,5.873196383635062,5.820440581684403,6.140975101569347,5.467549029697193,5.427491496943105,5.527172571084286,4.887438901380372,4.909209213806482,4.595960009295723,4.34144410738859,4.34752581322516,3.3055899455340825,0.283011785824955,0.03413821860146676,0.2044656928512884,0.044891907198881205,0.2938154134408005,0.04562444965078215,0.34715304197749436,0.15666136786282658
550,0.7697697697697697,5.877033703335209,5.824163314408551,6.145831417880526,5.471892574548768,5.431743547340977,5.532775644984355,4.892282096076913,4.914051688088144,4.602276003510564,4.346261689164446,4.352349787833962,3.309641945219816,0.2829302172716302,0.03416922920890106,0.20420767843965104,0.04509186600908207,0.2935544033194639,0.04546948967280606,0.3474871747064978,0.1567088024943699
551,0.7702602602602602,5.880862631241849,5.827878644410067,6.15067988193695,5.476228568083666,5.435987292739237,5.53836933545361,4.8971182526603645,4.918886515164249,4.608579175665618,4.351068845305333,4.3571602187216,3.31364790992182,0.282850694829271,0.0342014353193835,0.2039498946349393,0.04529221693376364,0.293293721471386,0.04531650356471147,0.34782745950078275,0.1567615442857071
552,0.7707507507507507,5.884683164897526,5.831586579497622,6.155520436813135,5.4805570456530575,5.440222751134327,5.543953639999386,4.901947377502933,4.923713703246573,4.614869479261742,4.355865542049067,4.361957050194741,3.317607831369392,0.2827732217004511,0.03423483620577801,0.2036923266090057,0.045492942958424015,0.2930333798787659,0.04516550418558466,0.3481739058874768,0.15681959267393633
553,0.7712412412412413,5.888495302810514,5.835287127554993,6.16035303711618,5.484878023465856,5.444449939394672,5.549528523894955,4.9067694840870875,4.928533276373316,4.621146866164797,4.360651744787946,4.366740224625231,3.3215217174995852,0.28269779998220407,0.03426943057612096,0.20343496895467222,0.04569402758894593,0.2927733798392879,0.04501650488429271,0.348526524533624,0.15688294506677058
554,0.7717317317317317,5.8922990320132484,5.838980297385305,6.165177576073744,5.489191530146725,5.448668876240135,5.5550939855697115,4.911584582292011,4.933345230778249,4.627411288588127,4.365427418691933,4.371509684653363,3.32538958702117,0.2826244293137786,0.03430521662824554,0.2031777989857414,0.045895447668429235,0.29251373401229175,0.04486951746254353,0.3488853200437984,0.15695159655721475
555,0.7722222222222221,5.896094353851519,5.842666095494648,6.16999400667948,5.493497593167436,5.4528795789224995,5.560649992828096,4.916392682436526,4.93814959403311,4.633662699250013,4.370192528554315,4.376265375059196,3.32921145036582,0.28255311178616827,0.034342192991440375,0.2029208092204103,0.04609718666375841,0.29225444557090013,0.04472455461327315,0.3492503026389502,0.15702554406363722
556,0.7727127127127127,5.89988126803745,5.846344530182391,6.1748022643586165,5.497796234169861,5.457082065591163,5.566196534541628,4.921193796137749,4.94294636721796,4.639901049420174,4.374947038577264,4.3810072382061245,3.33298735322574,0.2824838479528484,0.03438035709292546,0.20266398732094165,0.04629922648175879,0.2919955238808028,0.04458162779948436,0.3496214740141491,0.15710477874957646
557,0.7732032032032032,5.903659766538573,5.850015608579105,6.179602241224567,5.502087484099001,5.461276354921149,5.571733588052032,4.925987933509569,4.947735563847591,4.64612629155768,4.379690912548544,4.385735218195771,3.336717329051197,0.2824166363732584,0.03441970659936832,0.2024073136354775,0.046501543169637706,0.29173697630676504,0.04444074830157102,0.34999883919969704,0.15718929364188206
558,0.7736936936936937,5.907429857224203,5.853679338206659,6.184393900653566,5.5063713699928005,5.465462465202671,5.577261133643562,4.9307751062649485,4.952517192046386,4.65233837856422,4.384424113850663,4.390449258071775,3.3404014530349504,0.28235147768898017,0.034460238115391215,0.20215078138250964,0.0467041219177203,0.2914788105029923,0.044301926832853916,0.3503823969101013,0.15727907560139986
559,0.7741841841841841,5.9111915307087175,5.857335726906733,6.18917711712715,5.510647919190306,5.469640416380274,5.582779144379431,4.935555326553409,4.957291269084127,4.658537260283345,4.389146605328164,4.395149303432698,3.344039758438063,0.2822883695082705,0.034501949196922094,0.20189436922236922,0.04690693636031017,0.2912210324169957,0.04416517451123368,0.3507721525825383,0.15737411766112652
560,0.7746746746746747,5.914944791197533,5.860984780797175,6.193951877453084,5.514917158243234,5.473810226766526,5.58828761117282,4.940328603952949,4.962057801136063,4.664722889395188,4.393858349800041,4.399835296828988,3.347632345027968,0.28222731245834537,0.03454483584041128,0.20163807156041158,0.04710997579786673,0.29096365179783,0.04403050153890523,0.351168100903633,0.15747440282460431
561,0.7751651651651652,5.918689643973453,5.86462650770724,6.198718041206249,5.519179118187791,5.477971915914906,5.593786502496182,4.945094951417768,4.9668168033693645,4.67089521662532,4.398559308914593,4.404507184233882,3.3511792836311263,0.28216830252823516,0.034588894281600384,0.2013818672066567,0.047313211083221056,0.29070667446724135,0.043897917829309886,0.3515702419311388,0.15757991847161548
562,0.7756556556556556,5.922426087592518,5.8682609138489195,6.203475539996823,5.523433824661801,5.482125503105007,5.59927580299374,4.949854379537216,4.971568280878658,4.677054194947928,4.4032494445664865,4.4091649107972755,3.354680676161001,0.2821113374475065,0.034634120171957335,0.20112574267142108,0.04751662417009615,0.2904501092419108,0.04376743245909676,0.35197856983105297,0.15769064711366848
563,0.7761461461461461,5.926154130710759,5.871888006826637,6.208224288444865,5.527681306872235,5.48627100842734,5.6047554922097405,4.954606900400067,4.9763122390505,4.683199772988041,4.407928717755924,4.413808419897261,3.3581366191045454,0.2820564150850354,0.03468050912895889,0.20086968377336667,0.047720193899224835,0.29019396520458174,0.04363905453181967,0.3523930795706423,0.15780657188110184
564,0.7766366366366366,5.9298737748204955,5.875507792484675,6.212964192234881,5.531921593182423,5.490408451992927,5.61022554511571,4.959352524173548,4.981048697115274,4.689331903484817,4.412597089218381,4.41843765827949,3.3615472310139904,0.2820035311307728,0.03472805619411107,0.2006136745268702,0.04792389830654809,0.2899382483353605,0.04351279290476343,0.352813764795225,0.15792767299007263
565,0.7771271271271272,5.933585026500357,5.879120278095842,6.217695188270652,5.536154720290262,5.494537853602414,5.615685946074767,4.964091264755456,4.985777656657935,4.69545053629157,4.417254519424351,4.423052571769293,3.364912635147766,0.2819526832558652,0.03477675631765667,0.20035770188768842,0.04812771972327609,0.2896829695676973,0.04338865567879369,0.3532406162082658,0.1580539295618262
566,0.7776176176176176,5.937287897832136,5.882725469635793,6.22241715264027,5.540380708222295,5.498659233052204,5.621136665180274,4.968823132254016,4.9904991283356885,4.701555622764144,4.421900967801597,4.427653105394534,3.368232959088745,0.2819038660188364,0.03482660389557951,0.20010174909628567,0.0483316316714302,0.28942813437298304,0.043266650249084486,0.353673625135858,0.1581853199002285
567,0.778108108108108,5.9409823916054645,5.886323374061219,6.227130044268489,5.544599591782405,5.502772611742541,5.6265776816682544,4.973548138888573,4.995213118954473,4.707647112668606,4.426536394005458,4.432239206616077,3.371508358486245,0.2818570762980568,0.034877593010676854,0.19984580648684877,0.0485356195860022,0.2891737523996203,0.04314678386181427,0.35411277797384694,0.1583218184253515
568,0.7785985985985986,5.944668521475051,5.889913997343526,6.231833752071284,5.548811399187213,5.506878009441682,5.632008987254409,4.978266294348119,4.99991963587705,4.713724957241544,4.431160756809942,4.436810821967358,3.374738981115669,0.28181230884999925,0.03492971760472951,0.19958985507224183,0.04873965971376515,0.2889198339855884,0.043029063775177574,0.3545580624469713,0.15846340029021225
569,0.7790890890890891,5.948346299547936,5.893497346119205,6.2365281409193,5.5530161616728995,5.510975447461204,5.63743055018856,4.982977613356758,5.004618692207403,4.719789105039338,4.435774014769666,4.4413678988208085,3.377924987182571,0.2817695563909349,0.03498297109070692,0.19933387499313265,0.04894372404753115,0.28866638556034485,0.04291349662570681,0.3550094655628571,0.1586100390875174
570,0.7795795795795796,5.952015732380588,5.897073426265103,6.241213175259523,5.557213906528429,5.515064945530135,5.642842352529998,4.9876821032816325,5.009310285867019,4.7258395078012665,4.440376125663853,4.445910384921909,3.3810665440917775,0.28172881579252007,0.03503734701846737,0.19907785869323463,0.049147799180007126,0.28841341755410443,0.04280008738950189,0.35546697054302634,0.15876170667162318
571,0.78007007007007,5.95567683976669,5.900642243798785,6.245888779551752,5.561404667112048,5.519146525432705,5.648244376605414,4.992379779214701,5.013994425146768,4.731876113363627,4.44496704731651,4.450438227674675,3.3841638530882787,0.2816900812300575,0.03509283783968332,0.1988217935493272,0.04935186558557192,0.2881609395575431,0.042688842211743835,0.35593055780747357,0.15891837044611398
572,0.7805605605605606,5.959329631451918,5.904203805282117,6.250554821724932,5.5655884722857145,5.523220208109277,5.653636596234453,4.997070651356197,5.018671117873109,4.737898872089014,4.449546736579654,4.454951376249315,3.3872170904799135,0.28165334490002697,0.035149436405931565,0.19856565938329473,0.04955589633542182,0.28790895956641016,0.042579765739861476,0.35640021086158175,0.15908000102509393
573,0.7810510510510511,5.9629741274383194,5.907758116109952,6.25521122438798,5.569765351759521,5.5272860141423585,5.65901899374251,5.001754729901451,5.023340367446677,4.743907733390283,4.454115150264189,4.459449779172428,3.390226465755152,0.2816186005652175,0.035207134793294424,0.19830944394627045,0.04975987195105295,0.28765748765766574,0.04247286239868087,0.35687590772756683,0.15924656410432525
574,0.7815415415415415,5.966610342139264,5.911305183153865,6.259857909801797,5.5739353346578575,5.531343965215778,5.664391552817569,5.006432026312883,5.028002176704346,4.749902645786894,4.458672244406474,4.463933386336306,3.3931921885313447,0.28158584179339435,0.03526592508838428,0.1980531340718417,0.04996377317403565,0.287406534207683,0.042368136329568075,0.3573576262958955,0.15941802528075996
575,0.782032032032032,5.97023829718866,5.914845011588495,6.264494784474005,5.578098449726375,5.535394082283573,5.6697542525188425,5.011102552769128,5.032656554687126,4.755883558825839,4.463217974958179,4.468402147270349,3.3961144691124385,0.28155506149956033,0.03532579923987223,0.19779671594325782,0.050167578308125516,0.2871561076117022,0.042265591343735816,0.357845345573007,0.15959434995735508
576,0.7825225225225225,5.973858010390004,5.918377607526021,6.269121750369564,5.582254730357538,5.5394363863991956,5.675107071495573,5.0157663180836245,5.037303499570191,4.761850420717978,4.467752297092401,4.472856012169108,3.3989935522669805,0.28152625107207574,0.03538674810425081,0.19754017403962698,0.05037126517217319,0.28690621914627884,0.042165229853746274,0.35833903733892025,0.15977549830720367
577,0.7830130130130131,5.977469502810684,5.921902976331923,6.273738715814082,5.586404202985694,5.543470899196793,5.680450001173128,5.020423334668566,5.041943016581744,4.7678031793073625,4.472275165682571,4.477294932480065,3.401829677588657,0.2814994024119425,0.03544876281002988,0.19728349319894867,0.050574813085608586,0.28665687952537316,0.04206705534758095,0.3588386754736956,0.15996143133870772
578,0.7835035035035035,5.981072797592761,5.925421124179748,6.278345626229705,5.590546899632761,5.547497641872756,5.685783005265365,5.025073612564291,5.046575106677037,4.773741783521803,4.4767865352548615,4.481718859800233,3.4046230773559274,0.28147450923661493,0.035511834604994665,0.19702666731295657,0.050778204894747214,0.28640809700184916,0.04197106858938441,0.3593442341399611,0.16015211075481506
579,0.7839939939939939,5.984667915901095,5.928932057213655,6.2829423862514355,5.594682845132889,5.55151663519305,5.691106087469526,5.029717162917219,5.051199772695027,4.77966617970729,4.481286359636096,4.486127745200227,3.4073740192860305,0.28145156238181357,0.035575953779367654,0.1967696793930149,0.05098142015766171,0.2861598844548531,0.041877272807260224,0.35985568260655953,0.16034749316959415
580,0.7844844844844845,5.988254890000308,5.932435780679072,6.287528917409936,5.598812071125152,5.555527901595922,5.696419225567562,5.03435399504383,5.055817012812003,4.785576316936637,4.485774592316802,4.490521542043963,3.4100827752999887,0.28143055339456713,0.035641110318314156,0.1965125188975576,0.05118443893158153,0.28591225278426274,0.041785668278539675,0.3603729887053159,0.16054753436944255
581,0.784974974974975,5.991833735796058,5.93593230072972,6.292105122895736,5.602934601846864,5.559531460814327,5.701722397895998,5.038984118729894,5.060426828825429,4.79147214295195,4.490251186809722,4.494900202994044,3.41274960854409,0.28141147258672533,0.03570729445214823,0.19625517177616122,0.051387239841448454,0.28566521110757787,0.041696255492041145,0.3608961220361528,0.1607521912880726
582,0.7854654654654654,5.995404487262585,5.9394216222431915,6.296670955194114,5.6070504712174705,5.563527335814732,5.707015591606274,5.043607544339836,5.065029224614161,4.797353603030823,4.494716095337138,4.4992636820441065,3.4153748081826585,0.2813943123203089,0.035774495865578765,0.19599763039968493,0.05158980759899196,0.28541877165981117,0.041609035183120376,0.36142504845492995,0.16096141717050824
583,0.7859559559559559,5.998967173233096,5.94290375165834,6.301226311341918,5.611159702340391,5.567515546975274,5.712298799139404,5.048224279968964,5.069624194806966,4.80322064422907,4.499169270369523,4.50361193315805,3.4179586706523857,0.28137906209199576,0.03584270371464515,0.19573987976851456,0.05179212018403125,0.28517294691139333,0.04152400715967091,0.3619597313229466,0.16117516382252778
584,0.7864464464464465,6.0025218212838585,5.9463786950674455,6.305771121248104,5.6152623231609065,5.571496114973956,5.717571997515941,5.052834338662049,5.074211736507941,4.809073214811965,4.503610663713665,4.507944911808026,3.420501484932199,0.2813657127698555,0.03591190746541426,0.1954819108976278,0.0519941593207709,0.2849277465948195,0.0414411700124857,0.3625001362087976,0.16139338408165757
585,0.7869369369369369,6.006068463004668,5.949846456279915,6.310305325294976,5.619358361501422,5.575469061631972,5.722835185294578,5.057437726722563,5.0787918523970825,4.8149112593326,4.508040226828149,4.51226257266041,3.4230035648766353,0.281354255118931,0.03598209602457396,0.19522371330304264,0.052195909230620424,0.28468318441435797,0.04136052362646145,0.3630462245409165,0.16161602717039578
586,0.7874274274274273,6.009607132060567,5.953307043508292,6.314828868070069,5.623447838683533,5.57943440792459,5.728088337075657,5.0620344522651415,5.083364535779019,4.820734723708215,4.512457910760076,4.516564872378646,3.425465237316979,0.281344679372382,0.03605325766170776,0.1949652825792629,0.05239735320794101,0.2844392704399518,0.04128206527219695,0.36359795474207474,0.16184304024287102
587,0.7879179179179179,6.0131378665958755,5.956760460266966,6.319341635581927,5.627530789573042,5.583392174364087,5.7333314538015,5.0666245252332685,5.087929788314301,4.826543553970878,4.5168636659638075,4.520851767368753,3.42788681318055,0.2813369743590393,0.0361253811032459,0.1947066001018387,0.05259846816601701,0.2841960189576163,0.04120579390972596,0.3641552891514705,0.16207437265662833
588,0.7884084084084084,6.01666068931953,5.960206713437438,6.323843620738926,5.6316072276007665,5.587342382123596,5.738564520579645,5.071207952927964,5.092487598458496,4.832337695276132,4.521257442906831,4.525123215537271,3.430268635260986,0.28133113128867826,0.03619845442807357,0.19444766627427595,0.05279924527158014,0.28395344137472717,0.04113170631812012,0.3647181828550153,0.16230996897751446
589,0.7888988988988989,6.020175649148709,5.963645808709459,6.32833473583861,5.635677187120546,5.591285052477354,5.743787534108721,5.075784744593829,5.097037965954875,4.838117092834468,4.525639191237789,4.5293791745883905,3.4326110403538603,0.2813271395413011,0.03627246557270265,0.1941884687304404,0.052999664148135665,0.28371155189681674,0.041059800129728034,0.36528659387814083,0.16254977462506104
590,0.7893893893893893,6.023682775478544,5.967077751660204,6.332814916476075,5.639740687001013,5.595220204558454,5.749000478122675,5.080354906846694,5.101580886206873,4.84388168993158,4.530008860374239,4.53361960359537,3.43491437577892,0.28132498783540266,0.03634740222013466,0.19392900006296598,0.05319970819365218,0.283470361588364,0.04099007177871363,0.36586047727055754,0.16279373340869344
591,0.7898798798798798,6.027182108966627,5.970502547926919,6.337284140856547,5.6437977488683355,5.599147860107813,5.754203347911056,5.08491844751488,5.106116351461129,4.849631432967187,4.534366399557706,4.537844461623182,3.437178995731599,0.28132466716916366,0.036423252014220836,0.19366925822247963,0.05339936643711393,0.2832298837940736,0.04092251726095766,0.3664397872826343,0.16304178786636533
592,0.7903703703703704,6.030673692451578,5.973920203451847,6.341742311278605,5.647848396235093,5.603068039037552,5.7593961406752205,5.089475372628177,5.110644357487315,4.85536626433421,4.53871175721544,4.542053708687054,3.4394052692234243,0.28132616476433736,0.036500001850405764,0.19340923024578072,0.053598617911021475,0.28299013247415006,0.040857132959708595,0.3670244756698104,0.16329387847263477
593,0.7908608608608608,6.034157559811512,5.977330723768132,6.346189440178852,5.651892650929402,5.60698076116501,5.764578849919994,5.094025689749027,5.115164897147761,4.8610861282164555,4.543044881852385,4.546247305086467,3.4415935565573745,0.2813294724961872,0.036577639355060296,0.19314891855009222,0.05379745666119181,0.2827511207358472,0.040793914228970635,0.3676144954560691,0.16354994672491624
594,0.7913513513513513,6.037633758171946,5.980734115465389,6.350625423372849,5.655930534012987,5.610886046918485,5.769751474061305,5.09856940434456,5.119677962869798,4.866790968313771,4.547365721380695,4.5504252138248225,3.4437442434746464,0.2813345767124268,0.03665615084655756,0.19288831005225487,0.05399586082562973,0.28251286281123256,0.04073285620104148,0.3682097952408576,0.16380993051311088
595,0.7918418418418418,6.041102326511615,5.984130384004131,6.355050290000707,5.659962063485749,5.614783915495076,5.774914008485219,5.103106521894651,5.124183545593541,4.872480726770319,4.551674223284314,4.554587395366599,3.4458577076515637,0.28134146956510503,0.03673552343466088,0.1926274106870904,0.05419382672338856,0.2822753723109384,0.04067395355644096,0.36881032478200837,0.16407376853877814
596,0.7923323323323324,6.044563310072664,5.987519535220991,6.359463951666759,5.663987261788786,5.618674387401526,5.780066447515306,5.107637048365464,5.128681634763279,4.878155346229684,4.55597033502626,4.558733813499807,3.4479343431615432,0.2813501376098164,0.03681574321981007,0.19236620965683618,0.05439133465209637,0.2820386635981507,0.040617200159216035,0.3694160309116843,0.16434139724693847
597,0.7928228228228228,6.048016753385743,5.990901575377805,6.36386638245036,5.668006142149301,5.622557481087483,5.785208798957214,5.112160988527378,5.133172221175626,4.883814768719348,4.560254003383569,4.562864431667987,3.4499745388663543,0.2813605704127305,0.03689679676547437,0.19210470484638328,0.05458837418804473,0.28180275142267097,0.04056259078093429,0.370026861299157,0.1646127536386185
598,0.7933133133133132,6.051462702455104,5.994276510522426,6.3682575754250355,5.672018728119322,5.6264332159657515,5.790341055377914,5.116678347758125,5.1376553025949745,4.889458936864336,4.5645251752127995,4.566979213862548,3.4519787043457386,0.28137275731710615,0.03697867008167684,0.1918428976445801,0.05478493643570019,0.2815676487792646,0.04051011887725235,0.37064276170675403,0.16488777180448347
599,0.7938038038038038,6.0549012007802245,5.997644346695428,6.372637509267144,5.676025029774959,5.630301611547252,5.79546322952772,5.121189127526922,5.142130859473365,4.895087791568323,4.568783796484001,4.571078125878492,3.4539472443369466,0.28138668753296553,0.03706134923273323,0.191580786007212,0.0549810120519043,0.2813333729691247,0.040459777985176214,0.3712636751438401,0.16516638615918686
600,0.7942942942942943,6.058332304169954,6.0010050909444335,6.377006139651856,5.680025064202461,5.634162685976824,5.800575309597656,5.125693334757799,5.146598884776639,4.900701273400288,4.573029813382762,4.575161132748464,3.4558805649303443,0.28140234928560653,0.03714482000565793,0.19131836922631099,0.05517658666329177,0.2810999360024138,0.0404115605798765,0.3718895470558256,0.16544853105673835
601,0.7947847847847848,6.061756047333572,6.004358748263562,6.381363464733673,5.684018849481373,5.638016457858558,5.805677312149739,5.130190969169358,5.151059371105871,4.906299323194086,4.577263171624508,4.5792282006549,3.457779099700091,0.2814197309540292,0.037229067877268526,0.19105564507427159,0.05537165429374012,0.2808673552642472,0.04036546032922018,0.37252031775349626,0.16573413677320137
602,0.7952752752752752,6.065172486318551,6.007705325649805,6.385709473997226,5.688006394445529,5.64186294493139,5.810769241991494,5.134682036292124,5.155512297859014,4.911881881678686,4.581483816479731,4.583279297605706,3.459643255019209,0.2814388224677534,0.037314078758653786,0.19079261661269656,0.0555662061938655,0.28063564605957486,0.0403214692853306,0.3731559302003817,0.16602313727081505
603,0.7957657657657657,6.068581670451754,6.011044830114776,6.390044176452031,5.6919877132148065,5.64570216569995,5.815851099977763,5.139166537926821,5.15995766194287,4.9174488889125785,4.585691693116584,4.587314391799039,3.4614734769336217,0.28145961242684725,0.03739983761857339,0.19052928845504416,0.05576023625671131,0.2804048220995554,0.04027957975581054,0.37379632350170605,0.1663154610443842
604,0.7962562562562563,6.071983645991039,6.014377267482404,6.394367548421643,5.695962819383149,5.649534137681779,5.820922893494335,5.143644473902303,5.164395443528902,4.923000283855393,4.589886746610843,4.591333450574962,3.4632701902145095,0.2814820891515729,0.037486329829379196,0.19026565914035795,0.05595373478667915,0.2801749006889897,0.04023978310121827,0.3744414371128986,0.16661103914779352
605,0.7967467467467467,6.075378468061142,6.017702644467432,6.398679581845901,5.699931717751119,5.653358877996402,5.825984642009398,5.148115847456041,5.168825632460082,4.928536005369038,4.594068921282139,4.595336444630808,3.4650338235819125,0.2815062416336202,0.03757354080788738,0.19000173046242483,0.056146694517358195,0.2799458976717984,0.04020207230941425,0.37509121142057783,0.16690980235600605
606,0.7972372372372372,6.078766186743615,6.021020968090498,6.402980343981916,5.70389442235366,5.657176404350863,5.831036343706067,5.152580656065815,5.173248217824661,4.934055992056351,4.598238161811999,4.5993233440606645,3.4667648422745105,0.28153206028653555,0.037661455103506485,0.18973751609199538,0.0563391170242649,0.2797178282129992,0.04016643782290048,0.37574558057912416,0.16721167605954784
607,0.7977277277277277,6.082146848520214,6.024332245384125,6.407269760669715,5.7078509385927925,5.660986732649254,5.836078010263286,5.157038902712642,5.1776631784762746,4.939560183151429,4.6023944122116385,4.60329411872503,3.4684636671517763,0.2815595312966517,0.03775005797121185,0.18947300826522323,0.056530986486072764,0.27949070851413677,0.04013287057059517,0.37640448470476645,0.16751659165763122
608,0.7982182182182183,6.085520512369947,6.027636482835054,6.41154789972934,5.711801276070443,5.664789879869599,5.841109661929927,5.161490585903502,5.182070510586213,4.945048515293355,4.606537616366018,4.607248741762198,3.4701307658118297,0.28158864542080264,0.03783933403620646,0.18920821949803626,0.056722305597038405,0.2792645552972097,0.04010136293065747,0.37706785817502625,0.16782447433968758
609,0.7987087087087087,6.088887227759149,6.030933687395358,6.4158147714177325,5.715745440923016,5.6685858619106195,5.846131308699707,5.165935704470433,5.186470192562784,4.950520925876702,4.610667718052576,4.611187184833165,3.4717665807370506,0.2816193917098098,0.03792926823788237,0.18894315480603047,0.056913069501327206,0.27903938555672875,0.04007190500879862,0.3777356368176973,0.1681352523405867
610,0.7991991991991991,6.092247043690123,6.034223866777639,6.420070423996236,5.719683433835929,5.672374695334589,5.851142967240811,5.170374257046042,5.190862209084971,4.95597735256822,4.614784661019289,4.615109420559933,3.473371575529013,0.2816517598557171,0.03801984513922178,0.18867782447624837,0.057103278774951034,0.27881521564207645,0.04004448759098098,0.3784077541867065,0.16844885095963
611,0.7996896896896897,6.095600017568671,6.037507028810507,6.424314816496264,5.723615263322598,5.67615639431569,5.856144649171398,5.174806239772023,5.1952465528684355,4.961417731028985,4.618888388440567,4.619015423914618,3.4749462034128604,0.28168573637324357,0.03811104919429229,0.18841222705526042,0.05729292163084636,0.2785920614465966,0.04001910136547481,0.3790841455934226,0.16876519715567093
612,0.8001801801801802,6.098946197998538,6.0407831795123546,6.428548063532901,5.7275409276007325,5.67993097537038,5.861136377014316,5.179231652209468,5.199623199082409,4.966841998123366,4.62297884344527,4.622905169111111,3.4764909345480786,0.28172131360240843,0.038202865049898484,0.18814638164915895,0.057482007975763125,0.2783699411617731,0.039995736562322436,0.3797647421431716,0.1690842150642473
613,0.8006706706706707,6.102285642798361,6.04405232756486,6.432770167884127,5.731460432887308,5.683698452295392,5.866118165092739,5.183650489076396,5.203992136560153,4.972250088749944,4.627055969435783,4.626778631362781,3.47800621765392,0.2817584802764098,0.038295277436073756,0.18788029331623135,0.05767053197391081,0.27814887156397117,0.039974383341743455,0.3804494788531732,0.1694058320841584
614,0.8011611611611611,6.105618403890716,6.047314480710903,6.436981146523609,5.735373774329591,5.6874588402063555,5.871090036791431,5.188062746906786,5.20835335234279,4.977641938228693,4.63111970904022,4.630635786883481,3.4794925316612373,0.2817972241098022,0.038388270349125286,0.1876139682801294,0.05785849071703902,0.2779288692653284,0.0399550324312822,0.38113828639877306,0.16972997123462463
615,0.8016516516516516,6.108944533922665,6.050569646216888,6.441181097991382,5.7392809533828375,5.691212153591523,5.876052007440838,5.192468421362054,5.212706823522731,4.98301748163077,4.63517000516631,4.6344766125085695,3.4809503354891276,0.2818375373261508,0.03848182860089258,0.18734742495197837,0.058045891467559896,0.27770995213691385,0.03993767285283062,0.38183109661930587,0.17005655820505447
616,0.8021421421421422,6.1122640843034794,6.053817832061142,6.445370029571413,5.743181971051012,5.694958405383048,5.881004108519762,5.196867506602372,5.2170525436048445,4.988376652354923,4.639206800537652,4.6383010861984415,3.482380106480692,0.28187940733503486,0.03857593629620536,0.18708066640899243,0.058232730631244456,0.27749213818039775,0.039922296038093746,0.3825278404672603,0.1703855163374417
617,0.8026326326326326,6.1155771067033395,6.057059047323013,6.449548022049079,5.747076819667043,5.698697609422093,5.885946347058762,5.201259996932412,5.2213904888830225,4.993719385415766,4.643230037828176,4.642109185376347,3.4837823091639994,0.28192282513672107,0.03867057789510849,0.1868137112288789,0.05841901283489899,0.2772754429712408,0.039908889950445815,0.3832284485985369,0.17071677037354566
618,0.8031231231231231,6.118883658654754,6.060293299669353,6.453715097157118,5.750965499123814,5.702429779092049,5.890878764200102,5.205645884695192,5.225720644330499,4.999045613259437,4.647239659447171,4.645900889756738,3.4851574250756303,0.2819677790699896,0.038765737406402864,0.18654656411845824,0.05860473676660063,0.2770598874505651,0.039897445847325484,0.38393284951408696,0.17105024289021298
619,0.8036136136136136,6.122183786717253,6.063520598054342,6.457871354509574,5.754848000870443,5.706154926378555,5.895801367952828,5.210025163409293,5.230042999906244,5.004355268578093,4.651235607865131,4.649676179076609,3.486505919397064,0.28201426042709793,0.03886139948217433,0.18627924587811237,0.05878991000633951,0.2768454854107088,0.0398879525710014,0.38464097499793565,0.1713858588110848
620,0.8041041041041042,6.125477548386379,6.066740950245005,6.462016856429666,5.7587243192422415,5.7098730648660805,5.900714196778996,5.214397825456188,5.234357533492477,5.009648284139269,4.655217825572871,4.653435033513561,3.487828253295705,0.28206226015446123,0.03895754880589282,0.18601176826331736,0.05897453654637543,0.2766322576037983,0.03988040036507484,0.38535275544648906,0.17172354340374693
621,0.8045945945945946,6.128764994181411,6.06995436651616,6.466151672094253,5.762594446114045,5.713584205523765,5.905617268555686,5.218763861743838,5.238664230927464,5.014924592468792,4.659186255134068,4.657177434280037,3.489124924025417,0.28211176722493597,0.039054168967281866,0.18574414708961584,0.05915862039966319,0.2764202201637289,0.03987477819155733,0.3860681167751989,0.172063216927679
622,0.805085085085085,6.132046169440048,6.0731608547518885,6.470275870741358,5.766458377666669,5.717288360483447,5.910510614196789,5.223123260977657,5.242963076506615,5.020184123667689,4.663140838689266,4.660903363156013,3.490396381087562,0.28216277270998424,0.039151245068713675,0.18547639440625635,0.05934216672819875,0.27620939279656814,0.03987107584912175,0.38678699089826696,0.17240480640871314
623,0.8055755755755756,6.1353211343383345,6.076360424392749,6.474389531592948,5.770316094693471,5.720985541006706,5.915394267767617,5.2274760159985565,5.247254053684296,5.025426809463906,4.66708151877575,4.664612802593645,3.491643102580929,0.28221526727731333,0.03924876132350024,0.1852085279785352,0.05952518166262565,0.2759997925986119,0.03986928365123086,0.38750930614769347,0.172748234815325
624,0.8060660660660661,6.138589931104372,6.079553085523443,6.478492708486328,5.7741675960902,5.724675757798165,5.920268247124666,5.2318221138814796,5.251537147241269,5.03065258092078,4.671008237628152,4.668305736300394,3.4928655653792995,0.2822692398457623,0.039346701895074485,0.18494055919846616,0.05970766767100441,0.27579143759855673,0.03986938977197566,0.38823499015599927,0.17309342527970337
625,0.8065565565565566,6.141852609981026,6.082738847000224,6.482585500053094,5.7780128619159,5.728359022099516,5.92513258862002,5.236161543881484,5.2558123425203505,5.035861366391935,4.674920938041296,4.6719821471000245,3.4940642320538378,0.28232468221185886,0.039445051602932414,0.18467250689675263,0.05988963417789034,0.2755843458487681,0.03987138475675015,0.3889639726777528,0.17344030300313043
626,0.807047047047047,6.145109219445602,6.085917719367742,6.486668029913123,5.7818518873596805,5.732035343415641,5.929987323438219,5.24049429503083,5.260079622513901,5.041053097441422,4.678819562155702,4.675642020351913,3.4952395781814642,0.28238158671732516,0.03954379498587377,0.18440439231955907,0.060071093341538415,0.27537853650016475,0.03987525776463277,0.38969618140463863,0.17378879130427924
627,0.8075375375375375,6.148359813273577,6.089089712061044,6.490740365120687,5.785684651585274,5.73570473221892,5.934832478742687,5.2448203516757,5.264338970228437,5.046227701281981,4.682704052830809,4.679285340714531,3.4963920614276858,0.282439944060706,0.039642916739896,0.1841362318926638,0.060252049843954436,0.27517402724794465,0.0398809980633958,0.39043154531242985,0.1741388160755298
628,0.8080280280280281,6.151604431438032,6.0922548357127235,6.494802562342028,5.789511143043894,5.739367197848916,5.93966809154087,5.249139702824126,5.2685903749805965,5.051385107838476,4.686574352436392,4.682912094571446,3.4975221486944235,0.28249974354965146,0.039742401500625496,0.18386803610770877,0.06043250813961245,0.2749708364119068,0.03988859584503829,0.3911699938419204,0.17449030201503865
629,0.8085185185185184,6.154843119344603,6.095413101016993,6.4988547757181605,5.793331346696434,5.743022749245869,5.944494185057461,5.2534523325417135,5.272833821909842,5.056525244336325,4.690430403989291,4.686522268069008,3.4986303070331033,0.2825609788546683,0.039842234107391336,0.18359983292095908,0.060612484296728865,0.274768981464491,0.03989803983752813,0.39191145464194704,0.1748431737479798
630,0.809009009009009,6.158075924241487,6.098564518778216,6.502897074402125,5.797145244759925,5.746671395338169,5.949310804887977,5.257758224938565,5.277069293704761,5.0616480389346705,4.694272150297971,4.6901158478226055,3.499716994956077,0.28262364070489077,0.039942399414931926,0.18333163542851555,0.06079198473461354,0.274568482930905,0.03990932055074743,0.3926558563465804,0.17519735704673325
631,0.8094994994994995,6.1613028940560275,6.1017090992411855,6.5069295549661845,5.800952814440174,5.750313145276198,5.954117979596875,5.262057366981378,5.281296777704891,5.066753417894292,4.698099534261578,4.693692822613527,3.5007826649304428,0.2826877207929059,0.04004288249800895,0.18306346387194025,0.06097101851171016,0.2743693573655315,0.03992242757702515,0.39340312895037055,0.17555277882058484
632,0.80998998998999,6.164524062937111,6.104846854202851,6.5109523163830465,5.804754046033632,5.753948006287257,5.958915736860941,5.266349740165531,5.285516263541182,5.071841308834999,4.70191249910067,4.697253178967928,3.501827767031375,0.2827532107476058,0.04014366857656515,0.18279533558218905,0.061149595380607345,0.27417162307452037,0.039937349841598704,0.3941532028104696,0.17590936609770438
633,0.8104804804804804,6.16773947942708,6.107977794857114,6.514965505170959,5.808548916537007,5.757575986587011,5.963704114365764,5.270635325929301,5.289727732080458,5.076911637909092,4.705710988363524,4.700796907282579,3.5028527681059334,0.28282010406655583,0.04024474250847106,0.18252727710283903,0.06132773139969936,0.27397529952013616,0.0399540770373829,0.3949060037588322,0.17626704370218377
634,0.8109709709709709,6.170949175252903,6.111101933745317,6.518969183951728,5.812337402822555,5.761197094001181,5.968483152207917,5.2749141094811876,5.293931172598007,5.081964329990905,4.709494945428644,4.7043239964939945,3.503858089519181,0.2828883918476822,0.04034609029936536,0.18225930031844,0.06150543273238531,0.27378040486116145,0.03997259988020505,0.39566146602561875,0.17662574299999279
635,0.8114614614614615,6.174153199325425,6.114219281917377,6.52296347638997,5.816119488523504,5.764811335408476,5.973252877658978,5.279186068871971,5.298126574816657,5.086999310557402,4.713264313881385,4.707834436381873,3.5048441957329906,0.282958066591129,0.040447696748892585,0.1819914292370613,0.06168271184828942,0.2735869571255863,0.039992907317495024,0.3964195165659202,0.17698538918045467
636,0.8119519519519519,6.17735158043602,6.117329852288176,6.526948480490162,5.819895149911513,5.768418717886347,5.978013332840243,5.283451186974972,5.302313927451965,5.0920165042753895,4.71701903794018,4.711328217864363,3.505811509784876,0.28302912067972746,0.04054954799464291,0.1817236803966837,0.061859579823406396,0.273394975019158,0.040014990089033045,0.39718008851019715,0.17734591351258314
637,0.8124424424424423,6.180544357793299,6.120433656472586,6.530924327482826,5.823664364165679,5.772019247529811,5.982764546598144,5.287709440722556,5.306493216239469,5.0970158350116135,4.720759061667953,4.71480533133415,3.5067604774758028,0.2831015473236916,0.04065162943652025,0.18145607839769548,0.06203605083319378,0.2732044767222966,0.040038837296628396,0.397943110384881,0.17770724387347406
638,0.8129329329329329,6.183731569237508,6.123530708411977,6.534891121274997,5.827427109862454,5.775612931228251,5.987506560994522,5.291960813035089,5.310664430400787,5.101997227921919,4.724484329703215,4.718265769054625,3.5076915173227223,0.2831753397341188,0.04075392731985165,0.1811886417932976,0.06221213621090914,0.27301548108770374,0.04006443952842106,0.39870851587016004,0.17806931227936623
639,0.8134234234234234,6.186913242405716,6.126621020676476,6.538848970701565,5.831183360785756,5.779199774874602,5.992239401734115,5.2962052786422,5.314827565614413,5.106960604294415,4.7281947865603335,4.721709523204671,3.5086050575601835,0.2832504901809761,0.04085642756849758,0.18092139138047703,0.062387847670713786,0.2728280045730206,0.04009178637638567,0.39947623645874897,0.1784320494316508
640,0.8139139139139139,6.190089410010187,6.129704606594095,6.542797985299896,5.834933095973279,5.782779783563521,5.9969631136679356,5.300442816739826,5.318982603776836,5.111905888046961,4.731890377485533,4.725136585508331,3.5095015154369036,0.2833269921216032,0.040959116477820634,0.18065434548563283,0.06256319787543345,0.272642068020485,0.040120868284331104,0.40024620422573104,0.17879538741675208
641,0.8144044044044043,6.19326010174965,6.132781480391978,6.546738272894001,5.838676289551245,5.786352963651909,6.001677726674689,5.304673403089006,5.323129540579911,5.116833001103781,4.735571047642556,4.728546950263656,3.5103813037876757,0.2834048385398946,0.041061980446947685,0.18038752457678206,0.0627381984664683,0.27245768836536877,0.04015167514263817,0.4010183527357084,0.17915925932320795
642,0.8148948948948949,6.196425346176369,6.135851655231073,6.550669988686884,5.84241291642753,5.789919319523415,6.006383276340217,5.30889701605362,5.32726836651793,5.121741865285464,4.7392367428818245,4.731940609942379,3.51124482193864,0.2834840251218928,0.0411650064906351,0.18012095500674755,0.06291286775390156,0.272274883587261,0.04018419731857006,0.4017926172832139,0.1795236000501375
643,0.8153853853853854,6.199585170047305,6.138915146187091,6.554593206031007,5.846142946937426,5.7934788566088065,6.011079803419428,5.3131136285931095,5.331399074960584,5.126632401937421,4.742887409133323,4.735317558818299,3.51209247699821,0.2835645436516906,0.041268181091669145,0.17985465105863013,0.06308721388461558,0.27209367233859233,0.04021842572967196,0.40256893132888194,0.17988834351689875
644,0.8158758758758758,6.202739593736894,6.141971967921129,6.558508038372183,5.849866364291696,5.797031579769352,6.015767337169048,5.317323215780831,5.335521659295505,5.131504531134103,4.746522992718101,4.738677791641017,3.51292467194472,0.28364638750036747,0.04137149102876029,0.1795886317187118,0.06326124957398267,0.27191407326410505,0.04025435004086304,0.40334722893037306,0.1802534243504064
645,0.8163663663663663,6.205888644654226,6.145022135092534,6.562414621624951,5.853583131820898,5.800577492672554,6.020445909255184,5.321525751997138,5.339636109247176,5.136358174724993,4.7501434406387215,4.74202130329473,3.5137417861722358,0.2837295520762192,0.04147492375743017,0.17932292294604874,0.06343499066409251,0.271736102680221,0.04029196040073616,0.40412744706772047,0.18061878052168348
646,0.8168568568568568,6.209032340199266,6.148065662692603,6.56631303825156,5.857293228811114,5.804116599787026,6.025115559674096,5.3257212113007215,5.3437424228784955,5.141193250740063,4.753748699721357,4.745348088123808,3.514544192825713,0.283814030650771,0.04157846691039074,0.17905753792908669,0.06360844684372759,0.2715597799274336,0.04033124813817285,0.40490952433690497,0.18098435104647828
647,0.8173473473473474,6.212170704260089,6.151102567348719,6.570203447270802,5.860996632279069,5.807648905738589,6.0297763210674065,5.329909563955684,5.347840594828439,5.146009680420081,4.757338717837802,4.748658143112233,3.5153322779867904,0.283899819372277,0.04168210792534223,0.17879250348552173,0.06378163672742337,0.2713851235559543,0.040372203229314015,0.40569339634746254,0.18135007321235375
648,0.8178378378378378,6.215303744982898,6.154132864021973,6.574085925663,5.864693307479751,5.811174413316411,6.034428222457572,5.334090784457743,5.351930621572801,5.15080738173913,4.760913442799759,4.751951463609791,3.5161064042537555,0.28398691087372097,0.04178583467946013,0.17852783452917204,0.06395456943981812,0.2712121492179029,0.04041481640358141,0.4064790027593608,0.1817158876974705
649,0.8183283283283282,6.218431487317949,6.157156569543057,6.577960549520572,5.868383232519335,5.814693127011467,6.039071300304804,5.338264842895136,5.356012494249234,5.155586272527199,4.764472823079315,4.755228045819239,3.516866934275117,0.28407529895412365,0.041889634956281924,0.17826354536511893,0.0641272532138518,0.27104087718057096,0.0404590781881057,0.4072662815745317,0.18208173519141382
650,0.8188188188188188,6.221553937330791,6.160173701080658,6.581827493805842,5.872066374089549,5.818205049882768,6.043705585321437,5.342431709285381,5.360086216872508,5.160346271686059,4.768016807574187,4.758487886406464,3.5176142170892675,0.2841649809832918,0.04199349747991841,0.17799966461821684,0.06429970971914127,0.2708713230103768,0.040504979628023186,0.4080551746455867,0.18244755855159486
651,0.8193093093093093,6.2246711055081025,6.163184274974677,6.585686823163579,5.875742713943755,5.8217101853286355,6.048331105839,5.346591354618794,5.364151780682175,5.165087296795012,4.771545345785844,4.761730983034051,3.518348600810068,0.28425595004514886,0.0420974104920154,0.17773620357840467,0.06447194596477472,0.2707035060586207,0.04055251052941682,0.4088456218272641,0.18281330078126012
652,0.8197997997997998,6.227783007394636,6.166188308812368,6.589538653314448,5.879412218808602,5.825208536247513,6.052947901943073,5.350743747086094,5.368209187641025,5.169809265177992,4.7750583874240045,4.764957332542844,3.519070421966127,0.2843482020798192,0.04220136283429461,0.1774731823885497,0.06464397622119826,0.27053744402037455,0.04060166295860848,0.4096375658503481,0.18317890663495764
653,0.8202902902902902,6.230889648267378,6.1691858207383445,6.593383078895735,5.883074865238545,5.8287001059944545,6.057555990330364,5.354888856531576,5.372258440289894,5.174512092684545,4.778555882894332,4.768166932752889,3.519780000950291,0.2844417321174183,0.042305343676330466,0.17721061863072676,0.0648158108194109,0.2703731525840261,0.04065242652392252,0.4104309516486325,0.1835443233752105
654,0.8207807807807808,6.2339910256614965,6.17217682823276,6.5972202008517025,5.886730620244943,5.832184897141612,6.062155409930352,5.35902664891859,5.3762995350167895,5.179195695830299,4.782037783079315,4.771359781634886,3.5204776744619415,0.28453653466943424,0.04240934188856802,0.17694852785942367,0.06498746300596127,0.27021065051775645,0.04070479296555546,0.4112257203483484,0.18390949587618527
655,0.8212712712712713,6.237087151665206,6.175161350515228,6.60105012663031,5.890379467231187,5.835662912237119,6.066746184114285,5.363157095010715,5.380332471893221,5.183859991211802,4.785504039607646,4.774535876874861,3.5211637357366037,0.28463260699268617,0.042513347496893616,0.17668692881198822,0.06515894469521369,0.2700499554671148,0.040758752360942306,0.41202182054081243,0.1842743753850751
656,0.8217617617617617,6.240178022280028,6.178139406084045,6.604872902272211,5.894021370380475,5.839134154485892,6.071328340617059,5.36728015828115,5.384357254566593,5.188504893744386,4.7889546040542115,4.777695217672877,3.521838503573956,0.28472994164603904,0.0426173496434714,0.17642583095856795,0.06533026148651104,0.2698910838031323,0.04081429590475411,0.4128191961240523,0.18463890963575139
657,0.8222522522522522,6.243263637534927,6.1811110149988275,6.608688689449909,5.897656309171082,5.842598625573748,6.075901905649984,5.371395807609707,5.388373883073457,5.193130317496108,4.792389429135463,4.780837802163878,3.522502268113365,0.28482853785792456,0.04272133875426761,0.17616525954407591,0.06550143303272854,0.2697340535332479,0.04087141443992903,0.4136177952713419,0.1850030505288852
658,0.8227427427427427,6.24634399871063,6.1840761962678785,6.612497505097762,5.9012842591647505,5.846056328760401,6.080466901479435,5.375504007002788,5.392382361812358,5.197736177677468,4.795808468106012,4.783963629217337,3.5231553260793613,0.2849283881381628,0.04282530447378895,0.1759052197996702,0.06567246039543029,0.2695788816633305,0.040930098392519015,0.4144175651097653,0.18536674913107903
659,0.8232332332332333,6.249419094533469,6.187034970229447,6.616299491227446,5.9049051914085515,5.849507265889679,6.085023357201043,5.379604722866037,5.396382698578893,5.202322389039236,4.799211674364935,4.787072698363091,3.523797936850126,0.28502949146387463,0.04292923818536518,0.1756457333082986,0.065843361630783,0.26942558455680354,0.040990339557855006,0.4152184588288787,0.18572996202223863
660,0.8237237237237237,6.252488920420862,6.189987358065479,6.620094673190916,5.908519081422272,5.85295143982577,6.089571296053887,5.383697919145007,5.400374889360569,5.206888864114566,4.8025990024039205,4.790165008418242,3.5244303902284013,0.2851318409685196,0.04303312976167745,0.17538680590807626,0.06601413910939309,0.26927418091103406,0.04105212844735133,0.4160204227722772,0.18609264137519774
661,0.8242142142142141,6.255553471113289,6.19293337973261,6.623883175953005,5.912125909079342,5.856388852415441,6.094110727515835,5.3877835603000115,5.404358948390416,5.211435517088071,4.805970407035176,4.79324055860867,3.5250529352240623,0.2852354353226077,0.043136970706689995,0.17512845909135083,0.06618480701428459,0.2691246849593161,0.041115454964832064,0.4168234120382532,0.18645474548350646
662,0.8247047047047047,6.258612729476701,6.19587305735749,6.627665043013048,5.915725650453109,5.859819506056288,6.098641686133151,5.391861610570055,5.408334872010885,5.215962260900366,4.809325843730098,4.796299348508263,3.5256658221994477,0.2853402697307758,0.04324075230609698,0.17487069799361574,0.06635537134256236,0.2689771168956385,0.04118031100115978,0.41762737858145227,0.1868162323729599
663,0.8251951951951952,6.261666686984444,6.198806412373263,6.631440313990752,5.919318277005282,5.863243403022785,6.103164182980193,5.395932032612615,5.4123026737294095,5.220469007739812,4.812665268773176,4.799341378822913,3.52626930913368,0.285446338534563,0.043344465496008004,0.17461353241771643,0.06652583580250936,0.26883149068362155,0.04124668711161537,0.4184322751193314,0.18717705936279927
664,0.8256856856856857,6.264715327713263,6.2017334676344635,6.635209113308033,5.9229037739225205,5.866660545523554,6.107678233513487,5.399994790197834,5.4162623574923465,5.224955670257172,4.815988638652757,4.802366648084778,3.5268636194599,0.2855536414615679,0.04344810258249282,0.17435698096613367,0.06669621509966106,0.268687824054719,0.04131457345853393,0.41923805849946727,0.18753718851471293
665,0.8261761761761761,6.26775863625564,6.204654245040072,6.638971449888106,5.926482115821702,5.870070935996713,6.112183865429977,5.404049844578518,5.420213934097711,5.229422160050872,4.819295911085793,4.805375156541779,3.5274489792367434,0.2856621729423433,0.04355165548352781,0.1741010451824572,0.0668665104256274,0.26854613454034165,0.04138396230700271,0.42004468523823163,0.1878965818492701
666,0.8266666666666667,6.270796592641241,6.207568767932549,6.642727402976795,5.9300532838535895,5.873474576681332,6.1166810835839485,5.408097158591875,5.424157405358874,5.233868389062756,4.8225870440121446,4.808366904360204,3.528025608353999,0.28577193045099947,0.04365511638817023,0.1738457387286983,0.06703673033026478,0.26840643830372723,0.04145484291806784,0.42085211170299697,0.1882552022312771
667,0.8271571571571572,6.273829179934294,6.210477059706913,6.646476997911982,5.933617257555531,5.876871469777234,6.121169900305398,5.412136694378986,5.428092789768409,5.238294267539353,4.825861996216231,4.811341891132644,3.528593711713474,0.28588290977114406,0.04375847786078387,0.17359106706682845,0.06720687695429849,0.2682687502827223,0.0415272065136192,0.4216602984600219,0.18861301496290953
668,0.8276476476476476,6.276856372118821,6.213379144965355,6.65022031107292,5.937174019502492,5.880261617658817,6.125650335233399,5.416168413203708,5.4320200884072385,5.242699707264693,4.829120727204966,4.814300117600886,3.5291534909248856,0.2859951090176603,0.043861732777508315,0.17333704038496597,0.067376959657472,0.26813308936329194,0.041601044020856855,0.42246920385617903,0.18896998576212096
669,0.8281381381381381,6.279878148586677,6.216275047356705,6.65395734631383,5.940723556214474,5.883645023185667,6.130122390700682,5.420192276191143,5.435939316383706,5.247084618715759,4.832363196971115,4.817241583822664,3.529705131991157,0.28610852366702894,0.04396487413647913,0.17308366088101562,0.06754697721405531,0.26799947074601665,0.0416763452664689,0.4232787903477252,0.18932608280782107
670,0.8286286286286286,6.282894484426047,6.219164792162882,6.6576881544849975,5.9442658418609335,5.887021688029634,6.1345860821429765,5.424208243841303,5.4398504778547405,5.251448912173834,4.83558936623451,4.820166289331157,3.5302488197729662,0.28622315132569237,0.0440678951714369,0.17283093723266646,0.06771693561005748,0.2678679112726645,0.041753101549839904,0.42408901882275546,0.1896812743847585
671,0.8291191191191192,6.285905350958574,6.222048404499622,6.661412752034516,5.947800867140595,5.890391615793396,6.139041411227334,5.428216275807959,5.4437535915878685,5.25579249737059,4.838799196726449,4.8230742345723465,3.530784734678613,0.28633898792163576,0.04417078919163566,0.1725788718889082,0.06788683534612262,0.2677384265511255,0.041831302849665235,0.424899852448377,0.19003552977603635
672,0.8296096096096096,6.288910724788845,6.224925910195474,6.665131186978619,5.951328618671695,5.89375480841956,6.1434883863481975,5.432216335383099,5.44764866462374,5.26011528436678,4.841992650331255,4.825965419434709,3.531313014530128,0.28645603300790506,0.044273550813422144,0.17232747259380207,0.06805668121455591,0.26761103345546233,0.04191093977478479,0.4257112594919318,0.19038882428947965
673,0.8301001001001,6.291910572112892,6.2277973355601,6.668843449607286,5.954849081691701,5.897111268973866,6.147927012953854,5.4362083812981234,5.4515357093776755,5.264417182331554,4.8451696902404695,4.828839844395759,3.53183385145175,0.2865742807134578,0.04437617293366501,0.1720767377613308,0.06822647100137033,0.26748574840716305,0.04199200287292537,0.4265232000739778,0.19074112567840767
674,0.8305905905905906,6.29490486265341,6.23066270725917,6.6725495667553565,5.9583622430085565,5.900461000333248,6.152357289424974,5.440192373595851,5.455414738345763,5.268698100758018,4.848330279669623,4.831697509629162,3.5323473613163814,0.2866937301395484,0.04447865074027267,0.17182667248108618,0.06839620639986219,0.2673625867561547,0.04207448202573887,0.4273356456425355,0.1910924126727502
675,0.831081081081081,6.297893569772701,6.233522051745425,6.676249570775656,5.961868094005171,5.903804005569931,6.156779218819437,5.444168272255676,5.459285759567376,5.272957948973145,4.851474383347371,4.834538415111884,3.5328536972731825,0.2868143793044411,0.044580978375272896,0.1715772817698727,0.06856588986038366,0.2672415658984314,0.042158367383304134,0.4281485613803556,0.1914426587658272
676,0.8315715715715715,6.300876649860346,6.236375397025016,6.679943382962086,5.96536662449929,5.907140287884555,6.161192799936497,5.448136037101908,5.463148792695748,5.277196635666739,4.854601965986586,4.8373625603233785,3.5333529830742725,0.28693622179340145,0.044683150566628194,0.1713285531593838,0.0687355103415094,0.2671227008389103,0.04224364943613117,0.4289619183667406,0.19179184182936798
677,0.832062062062062,6.303854076713026,6.239222770955282,6.683631077512624,5.9688578310587745,5.910469850573436,6.165598028788108,5.452095628201361,5.467003846052506,5.281414069584929,4.857712993326986,4.840169945761038,3.5338453425197667,0.2870592587093331,0.04478516244570884,0.17108049822731264,0.0689050748411694,0.26700600876719216,0.04233031770106908,0.42977568578087466,0.192139939811157
678,0.8325525525525526,6.306825816057309,6.242064202166524,6.687312593692655,5.972341699891984,5.9137926971524815,6.169994903833965,5.456047006728756,5.470850931766249,5.285610159043144,4.860807431970054,4.8429605711629184,3.5343309028896024,0.2871834846463345,0.04488700862591827,0.1708331090750428,0.06907457414882943,0.26689150511017246,0.04241836272230094,0.4305898329325088,0.19248693029083663
679,0.833043043043043,6.309791823610484,6.244899718980362,6.6909879678048725,5.975818230110109,5.917108831363262,6.174383421523583,5.459990129710938,5.474690062326314,5.28978481234069,4.863885248922188,4.8457344357956185,3.5348097453463887,0.2873089001864292,0.04498868549662753,0.17058638874832846,0.06924401131452702,0.26677920745486466,0.04250777437094893,0.431404335266616,0.19283279749162593
680,0.8335335335335334,6.312752069111831,6.247729351323245,6.694657111608924,5.979287417496583,5.920418256868978,6.178763568464302,5.463924958760705,5.478521257637042,5.2939379380592015,4.866946412051189,4.848491539898266,3.535281979765034,0.2874354994852561,0.045090188060195095,0.1703403264435736,0.06941337240337833,0.2666691296922071,0.04259854220020968,0.43221916558433726,0.1931775218270814
681,0.834024024024024,6.315706514432916,6.250553128539458,6.698320047416727,5.98274926121587,5.923720977521989,6.183135338337241,5.467851455564421,5.482344521384166,5.298069443895274,4.869990889882231,4.851231882294349,3.535747705812194,0.28756328200959697,0.04519151204811169,0.17009492459714567,0.069582658165983,0.2665612897193662,0.042690655864131996,0.4330342958090226,0.19352108503021265
682,0.8345145145145145,6.318655114043258,6.2533710800577635,6.701976743233114,5.986203757613426,5.9270169979488925,6.187498722559157,5.471769576425724,5.486159875889385,5.302179239042032,4.873018651762653,4.853955462893638,3.536206991386094,0.2876922455708058,0.045292654059799896,0.16985017734813915,0.06975186278035432,0.26645570267445123,0.042784105540119924,0.43384970432194514,0.19386347372156593
683,0.835005005005005,6.321597840345226,6.256183238226706,6.7056271601441955,5.989650909463496,5.930306322087014,6.191853700119548,5.475679285063204,5.48996732589471,5.3062672307948455,4.876029667705874,4.856662280235772,3.5366599250731685,0.287822387795285,0.0453936097700474,0.16960608182093934,0.06992097752586202,0.2663523844736446,0.042878879586047684,0.43466536486515117,0.19420467148258355
684,0.8354954954954954,6.324534640478705,6.258989632599577,6.70927120272506,5.993090717657729,5.9335889550727146,6.196200272548731,5.4795805402791,5.4937668891658875,5.310333327059506,4.87902390812122,4.859352334627973,3.5371065626664437,0.2879537041571162,0.04549437605687753,0.16936261973318698,0.0700899896123573,0.2662513529352606,0.04297496944701381,0.4354812568768529,0.19454466690776975
685,0.835985985985986,6.327465485888279,6.261790294919132,6.7129088817258875,5.99652318924307,5.936864901187846,6.200538412323127,5.4834733026509,5.49755857472674,5.3143774360151275,4.882001344646553,4.862025623610891,3.5375469785459006,0.28808619490474285,0.04559494920559856,0.16911979544698016,0.07025889608665799,0.2661526234079594,0.043072362923923545,0.43629735635821676,0.19488344580575165
686,0.8364764764764765,6.330390329233593,6.264585257569429,6.7165401337637105,5.999948326862697,5.940134165133058,6.204868108754851,5.487357534360848,5.501342400781343,5.318399466371132,4.884961949086322,4.864682146412817,3.5379812163640785,0.2882198575552536,0.045695326467055965,0.16887759810564995,0.0704276868418179,0.26605621146267516,0.04317105048427686,0.4371136451282953,0.19522099869592643
687,0.8369669669669669,6.333309132135944,6.267374551968648,6.720164883061946,6.003366138383324,5.943396753493682,6.209189331615248,5.491233196280003,5.505118373092731,5.322399324871878,4.887905694379497,4.867321901833874,3.538409341349141,0.28835468851459917,0.045795504151213355,0.16863601801567177,0.07059634832282505,0.2659621331458568,0.04327101974402448,0.437930099505183,0.1955573130198526
688,0.8374574574574574,6.336221856973612,6.270158211217497,6.7237830912560765,6.006776635008222,5.946652670191734,6.213502074519976,5.495100248875563,5.508886506522339,5.326376921265367,4.890832553811185,4.869944887907515,3.538831379664427,0.28849068781986853,0.0458954800872574,0.16839504770334834,0.07076487321148285,0.2658704063597465,0.043372261483293956,0.43874670321655135,0.19589238190516764
689,0.8379479479479479,6.33912845703041,6.2729362682334875,6.7273946385101,6.010179822755764,5.949901921795473,6.217806314048624,5.498958655497629,5.512646815658623,5.33033216275597,4.893742501331946,4.872551102971487,3.5392473789572256,0.28862785030748067,0.04599525113889765,0.16815466939142848,0.07093324329733053,0.26578104616325804,0.04347476501962855,0.43956343674916315,0.19622619560789148
690,0.8384384384384385,6.342028897250127,6.275708756775804,6.730999508212222,6.013575716593481,5.95314451385938,6.22210201824559,5.502808378895041,5.5163993046369875,5.334264958333339,4.89663551182456,4.8751405452929975,3.5396573578239714,0.28876617718950526,0.04609481520337205,0.1679148821425266,0.07110145187605205,0.26569406887030383,0.04357851798238514,0.44038028332875234,0.1965587485426112
691,0.8389289289289289,6.344923135520584,6.278475710628909,6.734597616450768,6.016964328011677,5.9563804519890216,6.226389173431347,5.506649382098538,5.520143988999184,5.338175216199885,4.89951156058213,4.877713211848719,3.5400613665023535,0.2889056651711072,0.04619416928574285,0.1676756721090568,0.07126948556557774,0.2656094913664621,0.043683511035847084,0.4411972233060176,0.19689003073338823
692,0.8394194194194193,6.3478111323752975,6.281237163440903,6.738188841469256,6.020345673568308,5.959609743942986,6.23066774812443,5.510481627091598,5.5238808769285725,5.342062845385246,4.902370623393636,4.880269101197717,3.5404593973035334,0.2890463118048403,0.04629331176458535,0.16743702185989445,0.0714373247152147,0.2655273301026059,0.04378973220376131,0.44201424401943196,0.1972200406404578
693,0.8399099099099099,6.350692849629405,6.283993150983551,6.741773128490847,6.023719771899167,5.96283239517968,6.2349377148864935,5.514305078786992,5.527609979486352,5.345927755415709,4.9052126771005815,4.882808209579591,3.5408514777087023,0.2891881161916988,0.04639224029522477,0.16719892360006242,0.07160495814608658,0.26544760117015564,0.04389717049621829,0.4428313288120595,0.19754877171227497
694,0.8404004004004004,6.353568248053398,6.286743707295651,6.745350392051283,6.027086639260224,5.966048412788937,6.239199048989549,5.518119703066681,5.531331300258686,5.349769855223388,4.90803769863585,4.88533053521438,3.5412376211295915,0.2893310766315463,0.046490952854125564,0.16696136440600234,0.07177237122443848,0.26537032197238836,0.04400581514868645,0.4436484617359674,0.19787621958108825
695,0.8408908908908909,6.356437288578078,6.289488867374226,6.748920496707184,6.030446295693163,5.969257803813301,6.243451715534533,5.52192546298194,5.535044853105241,5.353589054152978,4.910845665920798,4.8878360742609255,3.5416178283394104,0.28947518969088853,0.0465894475829342,0.16672432521208164,0.07193954224740254,0.2652955078441739,0.04411565465313927,0.44446562996531486,0.19820238177526026
696,0.8413813813813813,6.359299936315464,6.292228667794707,6.752483413035785,6.033798761283058,5.97246057561132,6.247695689333186,5.525722326820974,5.538750640498224,5.357385262470931,4.913636557219971,4.890324823502271,3.5419921040008675,0.2896204568013289,0.04668772290786955,0.1664878016767053,0.07210646304014827,0.2652231763351347,0.04422667841433523,0.44528281921421153,0.1985272553212328
697,0.8418718718718718,6.362156157490902,6.294963143395124,6.756038998772461,6.037144063861652,5.975656735788129,6.251930939604831,5.529510259061238,5.542448671621038,5.3611583908087495,4.916410351562366,4.8927967801060275,3.542360443719467,0.289766874797639,0.04678577713800107,0.16625177268484495,0.07227311094018787,0.2651533448697209,0.04433887526695693,0.4461000168143238,0.19885083873983597
698,0.8423623623623624,6.365005910606926,6.297692331968096,6.759587138782102,6.040482222063962,5.978846291533143,6.256157427466849,5.5332892282326345,5.546138952038806,5.364908350108473,4.919167028116472,4.895251939235186,3.54272285448604,0.28991444080504913,0.04688360829828439,0.16601622292302043,0.07243946645986431,0.265086028200157,0.044452233666582755,0.44691720882693403,0.19917312885832855
699,0.8428528528528528,6.367849166240434,6.300416268701473,6.7631277437603625,6.0438132652774135,5.982029252030562,6.260375122592009,5.53705920332911,5.549821482953099,5.368635051529829,4.9219065670852515,4.897690297185357,3.543079300565132,0.29006315560501417,0.04698121578218269,0.16578113910413864,0.07260551322872749,0.26502124469552746,0.044566742556648234,0.4477343866518719,0.19949412883028567
700,0.8433433433433433,6.370685888948413,6.303134991074856,6.766660712994475,6.04713722181702,5.985205624643389,6.264583991381025,5.5408201514991795,5.5534962697671695,5.3723384063113935,4.924628948899939,4.900111850107479,3.5434297910330383,0.2902130172473268,0.04707859766924379,0.1655465066424317,0.0727712334661722,0.2649590114798312,0.04468239105386267,0.44855153554221583,0.1998138354910292
701,0.8438338338338338,6.373516053649497,6.305848537093356,6.770185912134499,6.050454122716956,5.988375417520062,6.268783999433797,5.544572044430027,5.557163315481,5.376018327596823,4.927334154478023,4.902516592818299,3.543774309224481,0.29036402392917604,0.04717575261556494,0.1653123072673186,0.07293660455862033,0.2648993454835587,0.0447991681749002,0.4493686451851899,0.20013224937475269
702,0.8443243243243244,6.376339624790742,6.308556942335865,6.773703258300634,6.053763990395784,5.991538639646697,6.272975109039298,5.548314852105909,5.560822620820716,5.379674726775204,4.930022164916769,4.904904520892122,3.544112819127247,0.2905161762448874,0.04727268006413591,0.16507852989741237,0.07310161087429755,0.26484226286162293,0.04491706303695703,0.45018570710338157,0.20044937393861648
703,0.8448148148148148,6.379156576441142,6.311260246094821,6.777212587429787,6.057066866759291,5.994695300280988,6.277157281599559,5.5520485464754525,5.564474187105929,5.383307520277287,4.932692962388097,4.907275629149365,3.5444453250256234,0.290669470241392,0.047369377984043774,0.16484515089736973,0.07326622550414118,0.26478778140077464,0.045036063870735936,0.45100270803957065,0.20076520689488475
704,0.8453053053053052,6.381966878694601,6.3139584853415505,6.780713850342218,6.060362780522737,5.997845408232467,6.281330483227372,5.555773101675173,5.5681180106353265,5.386916620142159,4.935346529049391,4.909629912831608,3.544771785108565,0.2908239086410792,0.04746584613461689,0.16461216364389597,0.0734304367785823,0.2647359186411976,0.04515616045821772,0.45181964030477123,0.20107975273528012
705,0.8457957957957958,6.384770515976337,6.316651698873837,6.784206855810669,6.063651765274617,6.000988972754544,6.285494672464017,5.559488487986158,5.571754094142112,5.390501941934292,4.937982847473895,4.91196736576544,3.5450921815483025,0.2909794875798206,0.047562082947166524,0.16437954361564772,0.07359421400142271,0.264686690913004,0.04527734161988533,0.4526364937664158,0.20139301249482514
706,0.8462862862862863,6.387567459968717,6.319339925612975,6.787691534876264,6.0669338566490945,6.004126002913932,6.289649812493684,5.563194683382477,5.575382426063853,5.3940634011502455,4.940601900619793,4.914287982455711,3.54540649159616,0.291136208313714,0.04765808753413954,0.16414728122336225,0.07375754248609538,0.2646401164532138,0.045399596583734894,0.4534532578847328,0.20170498799736433
707,0.8467767767767768,6.390357686337752,6.322023202794291,6.791167750667682,6.070209096526111,6.007256509499775,6.293795866315271,5.566891664390638,5.579003009949205,5.3976009150059365,4.943203671867877,4.9165917578577725,3.5457146915651867,0.2912940691420531,0.04775385891748104,0.16391535625237322,0.07392039887546324,0.2645962123986391,0.045522914957911546,0.45426992435628477,0.20201568146030577
708,0.8472672672672672,6.393141182879273,6.324701569739365,6.794635370860373,6.073477518204713,6.010380501441232,6.297932787755675,5.570579403988464,5.5826158358991815,5.401114401162677,4.94578814491621,4.918878684029233,3.546016737975244,0.2914530701063409,0.047849396394970746,0.1636837540434695,0.07408275928623036,0.2645549954428291,0.04564728526433889,0.4550864857205613,0.20232509768015008
709,0.8477577577577577,6.395917928517394,6.327375065810393,6.798094257226176,6.076739164842087,6.013497989402452,6.302060547548566,5.574257886187019,5.5862208986023525,5.404603777407083,4.9483553035475785,4.921148755885264,3.546312617147137,0.29161320937077007,0.04794469874480879,0.16345245367858935,0.07424460045534782,0.26451648412563505,0.04577269839553761,0.45590293205646415,0.20263323760196306
710,0.8482482482482483,6.398687910161095,6.330043729844336,6.801544362247712,6.079994071732035,6.01660898315987,6.30617909747461,5.577927085556366,5.589818189069825,5.408068963692671,4.950905132165061,4.9234019657515224,3.546602281055668,0.2917744906976524,0.04803976575462808,0.163221452461872,0.07440590882511411,0.26448069456173007,0.04589914299956133,0.45671925711466255,0.2029401069038442
711,0.8487387387387387,6.401451118440123,6.332707600814311,6.804985504558649,6.083242288385593,6.019713493213324,6.310288406799883,5.581586986158186,5.593407690485686,5.411509880313324,4.953437615055531,4.925638307447293,3.5468857181689577,0.2919369109995024,0.04813459586950585,0.16299072418503321,0.07456665508446808,0.2644476472696894,0.046026609469462396,0.45753544945372226,0.2032457062017945
712,0.8492292292292292,6.404207542130526,6.3353667182955515,6.808417586368786,6.086483851588042,6.022811530410969,6.314388426102772,5.585237568357234,5.59698940017824,5.414926448733158,4.9559527368562,4.927857773805285,3.54716288670057,0.2921004714878197,0.048229188620521536,0.16276025905462413,0.07472681919250825,0.2644173565891426,0.046155087147947686,0.45835150378591805,0.2035500405935419
713,0.8497197197197197,6.40695717098252,6.338021121652953,6.811840473689168,6.089718803988242,6.025903105554112,6.318479122014313,5.588878815163649,5.600563301502146,5.418318592688218,4.95845048236489,4.930060356801948,3.547433759493734,0.2922651716777338,0.04832354306556533,0.16253003898154997,0.0748863776735336,0.2643898413366733,0.04628456666354577,0.4591674114953317,0.20385311295967695
714,0.8502102102102103,6.409700008579666,6.340670850804707,6.8152540557934875,6.092947193699559,6.028988229215637,6.322560454101598,5.592510712740075,5.604129380083181,5.42168623423994,4.960930836574998,4.93224604935125,3.547698308125616,0.2924310126445032,0.048417658290486554,0.1623000515916171,0.07504530860971045,0.2643651195215309,0.046415038291121834,0.4599831645280189,0.2041549266123544
715,0.8507007007007007,6.412436046082278,6.343315945250971,6.818658229708025,6.096169063474241,6.032066912802593,6.326632385617934,5.596133246278717,5.607687621099084,5.425029300625208,4.963393784395873,4.934414843724703,3.5479565008161837,0.2925979953531816,0.048511533629778364,0.16207028389567849,0.07520359201662251,0.26434320848737775,0.046546492725439696,0.4607987559650897,0.20445548528021334
716,0.8511911911911911,6.415165282222267,6.345956444065259,6.822052856962633,6.0993844576931435,6.03513916722331,6.330694873639131,5.599746401782182,5.611238006236636,5.428347717535666,4.96583931103474,4.936566732345464,3.548208304681684,0.29276611955404813,0.04860516822972725,0.16184071953100607,0.07536120277660295,0.2643241254589069,0.046678920234550246,0.46161417837061186,0.20475479297485463
717,0.8516816816816817,6.417887725218186,6.348592387554138,6.825437868000252,6.1025934268713184,6.038205003567643,6.334747884017302,5.603350169721169,5.61478051557263,5.431641413191467,4.968267401595715,4.93870170613692,3.548453703203074,0.29293538795519236,0.04869856103751095,0.16161135147810443,0.0755181242013308,0.2643078890658135,0.04681231209516607,0.4624294229514522,0.2050528513131122
718,0.8521721721721722,6.420603382022602,6.3512238156281855,6.828813114471593,6.105796013452657,6.041264433896603,6.338791373886723,5.6069445405693425,5.618315131011242,5.4349103167410515,4.970678041345364,4.940819756434201,3.548692663202767,0.29310580020023397,0.048791711173442276,0.1613821633604053,0.07567432953332731,0.264294515248572,0.04694665911316199,0.46324448364227855,0.20534966443885547
719,0.8526626626626627,6.423312259306044,6.353850767890379,6.832178509411955,6.108992269176607,6.044317469316609,6.342825313023918,5.610529504141525,5.621841827087405,5.438154359433297,4.973071215461915,4.942920875549231,3.5489251459499997,0.29327735916524494,0.048884618229792065,0.16115314456468072,0.07582980036051674,0.26428402384340305,0.047081953141027345,0.4640593541949316,0.2056452373310587
720,0.8531531531531531,6.42601436353249,6.356473283244679,6.835533950612868,6.112182238766658,6.047364121417861,6.346849660201205,5.614105054243281,5.625360585601787,5.441373473664174,4.975446908850748,4.945005054153039,3.549151144328013,0.2934500653016491,0.04897728081951655,0.16092428467849726,0.07598451580674932,0.2642764303522747,0.047218185657054636,0.46487402585730003,0.20593957047227154
721,0.8536436436436436,6.428709721507325,6.359091402380236,6.838879338244759,6.115365968086577,6.050404402244403,6.350864386632251,5.617671187299927,5.628871375392081,5.444567594497814,4.977805106501393,4.947072283527188,3.5493706435002017,0.2936239207445217,0.04906969768740356,0.16069557480511312,0.07613845507918358,0.2642717534200779,0.047355349193346906,0.46568848978318855,0.20623266544032237
722,0.8541341341341341,6.4313983383543265,6.361705164467024,6.842214572016696,6.1185435102553765,6.053438323450639,6.354869446352753,5.621227896644973,5.632374176006097,5.4477366562138805,4.980145793276158,4.949122554056703,3.5495835897120256,0.29379892808773284,0.04916186880876221,0.16046700411520826,0.07629159705728582,0.26427000920953425,0.047493434759368486,0.4665027438978557,0.20652452951879488
723,0.8546246246246245,6.434080241069857,6.364314608611425,6.845539573257295,6.121714910143543,6.056465896963276,6.358864815211017,5.624775180717676,5.635868954071844,5.450880598412845,4.982468954143935,4.9511558568450384,3.549789988690728,0.2939750894285352,0.049253792497669084,0.1602385660633654,0.07644392404853646,0.26427121624732247,0.04763243578652423,0.4673167770353219,0.20681516141901543
724,0.8551151151151151,6.43675544677511,6.36691977496285,6.84885425471584,6.124880219220077,6.059487134524127,6.362850458598984,5.628313039302892,5.639355686011098,5.453999359716093,4.984774573145993,4.953172181107274,3.549989820563858,0.2941524071364786,0.049345467843484876,0.16001025216884648,0.07659541678880241,0.2642753910040226,0.04777234512560814,0.4681305836140522,0.20710456354882625
725,0.8556056056056056,6.439423988172268,6.369520702937888,6.852158531792697,6.1280394837312695,6.06250204831898,6.36682633826402,5.631841472952581,5.642834334879336,5.457092881812102,4.987062634926649,4.955171519043601,3.5501830687175198,0.29433088405979824,0.049436893666155675,0.1597820577035873,0.076746055506053,0.2642825501107293,0.04791315491051151,0.4689441556814344,0.2073927380122539
726,0.856096096096096,6.442085890238877,6.37211743124145,6.85545231420404,6.1311927542238776,6.065510650635157,6.370792436830394,5.63536048337681,5.646304876007953,5.460161107898471,4.989333123176342,4.95715385921183,3.5503697149248583,0.29451052285277135,0.04952806914097175,0.15955397223587556,0.07689582160272869,0.2642927116947908,0.048054860382033916,0.4697574883469746,0.2076796870199046
727,0.8565865865865865,6.44474118230943,6.374709999208061,6.858735547138494,6.134340073833931,6.0685129537493925,6.3747487166850005,5.6388700742505105,5.649767269426003,5.463203984165691,4.991586021832757,4.959119192157106,3.55054974945296,0.29469132721020724,0.049618993043294285,0.15932599519504603,0.07704469925324427,0.2643058913770823,0.048197454183669636,0.47057057366953486,0.2079654116231429
728,0.857077077077077,6.447389904274484,6.377298446026517,6.862008165751635,6.1374814979895715,6.071508969192315,6.378695151207654,5.6423702506828315,5.653221482903939,5.466221457640152,4.993821313825271,4.961067507963282,3.550723179662054,0.29487330034613085,0.04970966373782072,0.15909812280220717,0.07719267149295338,0.26432210659200744,0.0483409305259684,0.4713834028955524,0.2082499104803848
729,0.8575675675675676,6.450032085480363,6.3798828098312415,6.865270098312537,6.14061706987575,6.074498709852427,6.382631714731447,5.645861019296189,5.656667481850612,5.469213478584097,4.99603898224433,4.962998794913994,3.5508899725785272,0.2950564463162898,0.04980008080813463,0.1588703500402849,0.07733972139305768,0.26434137299053106,0.04848528413430541,0.47219597369330624,0.2085331879527408
730,0.858058058058058,6.452667774674514,6.382463129699088,6.868521303755136,6.143746836938508,6.077482187404386,6.386558380667976,5.649342389372258,5.660105223594826,5.472179998595018,4.998239009686317,4.964913044707292,3.5510501377180086,0.29524076950950234,0.049890242567524536,0.1586426789686945,0.077485834691094,0.2643637071227942,0.04863050955411671,0.47300827656592104,0.2088152425124081
731,0.8585485485485485,6.455297005405779,6.3850394437952245,6.871761741273958,6.146870848982973,6.080459414839842,6.390475130799637,5.652814370406781,5.663534677898194,5.475120973124975,5.000421377867322,4.9668102444550515,3.5512036814131793,0.2954262739373965,0.049980147694512374,0.15841510760840885,0.07763099844367036,0.26438912489407335,0.04877660271547839,0.4738203056574815,0.20909607285492576
732,0.859039039039039,6.457919828934791,6.387611790016733,6.8749913175966375,6.149989148326905,6.083430404009226,6.394381937190168,5.656276972039364,5.666955799353454,5.4780363580267215,5.002586068543664,4.9686903848501345,3.5513506001376856,0.2956129623075722,0.05006979469433445,0.15818763156631044,0.07777519202498531,0.2644176416706964,0.048923558441919625,0.47463205389800167,0.20937567927906625
733,0.8595295295295295,6.460536291652545,6.3901802072139136,6.878210057020714,6.15310178347953,6.086395167367934,6.398278784794691,5.659730209954071,5.670368545592952,5.480926113112318,5.0047330625186195,4.9705534542043655,3.5514908948310273,0.29580084231057396,0.05015918254702887,0.15796026005220606,0.0779184100895593,0.2644492737808725,0.04907137318845602,0.47544351594187695,0.20965406130871578
734,0.86002002002002,6.463146441418924,6.392744732433701,6.881417920592954,6.156208795347469,6.089353717329183,6.4021656505812015,5.663174096669797,5.673772880129673,5.483790199722429,5.006862340160664,4.97239944130053,3.5516245743673496,0.29598991824157145,0.05024830975916218,0.15773299533394525,0.07806063923992666,0.2644840346754675,0.049220043116170314,0.47625468590400283,0.2099312174268003
735,0.8605105105105104,6.465750332875035,6.39530540288816,6.884614865432548,6.159310234500412,6.092306066308185,6.406042525046537,5.666608649370832,5.677168756598069,5.486628583416034,5.008973881238631,4.97422833507681,3.5517516400614193,0.2961801952245992,0.050337175113770165,0.15750583675872892,0.07820186606280023,0.2645219413070242,0.049369565384471154,0.4770655589139026,0.21020714712364139
736,0.861001001001001,6.4683480171570125,6.397862256193272,6.88780086108691,6.162406138004294,6.095252226771859,6.409909384964629,5.67003388263305,5.680556130868338,5.489441230358726,5.011067664785192,4.976040124250501,3.5518721310668564,0.29637167679022447,0.05042577623118537,0.15727878895798114,0.0783420780936848,0.2645630066602414,0.04951993632700148,0.47787612479577835,0.21048184446987014
737,0.8614914914914915,6.470939559584186,6.400415328927308,6.8909759768573755,6.165496551241914,6.098192210551048,6.413766224469084,5.6734498188220535,5.683934959894674,5.492228110548271,5.013143669299451,4.977834797093368,3.5519860223650648,0.2965643743802202,0.05051411306240368,0.15705186928201087,0.07848127555712822,0.2646072455054289,0.04967115444109374,0.47868638464481783,0.21075531277581294
738,0.861981981981982,6.473525014354759,6.402964658037747,6.8941401179905,6.168581516439875,6.101126030775026,6.417613026525333,5.676856475406749,5.68730520008164,5.494989197505904,5.015201872146471,4.979612341888246,3.5520933599371247,0.29675828864916054,0.05060218293157232,0.1568250716609633,0.07861943839106811,0.26465467100556045,0.049823216770815984,0.47949632916215784,0.21102754505662505
739,0.8624724724724724,6.47610444166729,6.405510279401252,6.897293335680213,6.171661068359795,6.104053699773599,6.421449784178707,5.680253874880771,5.6906668076712075,5.49772446449076,5.017242250388822,4.981372747163367,3.5521941527253285,0.29695342837486355,0.05068998479256053,0.15659841160384155,0.07875656506656831,0.2647052959205,0.04997612243708283,0.4803059550850369,0.21129853977621563
740,0.8629629629629629,6.478677907207927,6.40805222954933,6.900435632158492,6.174735249034518,6.106975229424154,6.425276495581855,5.683642040672103,5.6940197255793485,5.500433892764468,5.019264779913499,4.983116000054321,3.55228841541216,0.2971498005739499,0.0507775172171977,0.15637189669440446,0.07889264803302372,0.26475913537198975,0.05012987009286286,0.48111525805610883,0.21156829420663403
741,0.8634534534534535,6.4812454756191125,6.410590544146247,6.9035670577053,6.177804099090525,6.109890632919793,6.429093150693826,5.687020996184894,5.697363914162852,5.503117462291929,5.021269435909984,4.984842089665183,3.5523761836306935,0.29734741294838485,0.05086477842038238,0.15614554239469955,0.07902768503852686,0.2648162009488582,0.05028445853514965,0.4819242328347723,0.2118368029871884
742,0.8639439439439439,6.4838072139045595,6.413125257705733,6.906687578388603,6.180867650832065,6.112799922064536,6.432899744012685,5.690390766931323,5.700699327711478,5.505775157975082,5.023256192755318,4.986551002826338,3.55245749154053,0.29754626970442055,0.05095176638106297,0.15591935289987782,0.07916166420289796,0.26487650334958185,0.05043988728171178,0.4827328749820813,0.21210406070620316
743,0.8644344344344344,6.486363190830443,6.415656406334459,6.909797275091439,6.183925937263119,6.115703109869339,6.4366962778780765,5.6937513800492825,5.704025913679653,5.5084069674808855,5.025225023574525,4.988242727622988,3.552532336500656,0.29774638195500575,0.05103848053560578,0.15569334810081462,0.07929458789683141,0.2649400550377324,0.0505961565255568,0.4835411850322281,0.21237006720869278
744,0.8649249249249249,6.488913481296653,6.418184024288892,6.912896210088974,6.186978997069259,6.118600208575965,6.440482748959689,5.6971028626296,5.707343625866129,5.51101288211802,5.027175900775462,4.989917250263754,3.552600774927439,0.297947757583958,0.051124918546979654,0.1554675459243904,0.07942645555119773,0.2650068669283989,0.050753265925031016,0.48434915678427093,0.21263481376532747
745,0.8654154154154154,6.4914581524522434,6.42070814565883,6.915984391154738,6.190026858540042,6.121491230577215,6.444259164541337,5.700445245795449,5.71065241515849,5.513592894877294,5.029108795810721,4.991574559068343,3.55266282846653,0.2981504031889037,0.05121107906720853,0.15524195520794895,0.07955726141496036,0.26507694958428996,0.050911216981920915,0.4851567893093432,0.21289829677261618
746,0.8659059059059059,6.493997273934724,6.423228804924897,6.919061871877712,6.193069549317453,6.124376188664882,6.448025533943192,5.7037785582446325,5.713952233588179,5.516147003725714,5.03102367896337,4.993214640739358,3.5527185322422388,0.29835432699030046,0.051296960502628684,0.15501659157931147,0.07968700530077674,0.265150313292061,0.051070011301853686,0.4859640806656086,0.21316051047778004
747,0.8663963963963963,6.496530922311297,6.425746035480731,6.922128755893862,6.196107105269324,6.127255095602642,6.451781855105226,5.707102829431654,5.717243033184415,5.518675209565195,5.032920519320101,4.9948374818494585,3.5527679265320287,0.2985595393701869,0.05138256117069453,0.1547914792178703,0.07981569177162014,0.26522696734356427,0.051229648918471156,0.48677102889133356,0.21342144832736512
748,0.8668868868868869,6.499059181281877,6.428259870831047,6.925185069599278,6.199139547951013,6.130127963653585,6.455528135152037,5.710418095505346,5.720524764606291,5.5211775167237604,5.034799285042883,4.9964430693377455,3.552811027689867,0.2987660485257867,0.05146787988484344,0.1545666329848464,0.07994331676867304,0.26530691894911557,0.051390131748430434,0.4875776368356217,0.2136811072210379
749,0.8673773773773774,6.5015821116379575,6.4307703447753415,6.928230929169929,6.202166905761976,6.132994805716525,6.459264395470827,5.713724385592461,5.723797381449211,5.52365393201116,5.036659943082264,4.998031388744182,3.552847898310564,0.29897386401445153,0.05155291468597022,0.15434207431723027,0.08006988903079487,0.26539017869877785,0.051551463043899654,0.4883839007992376,0.21393947724292986
750,0.8678678678678678,6.504099800143512,6.433277488708995,6.931266387129458,6.205189198212787,6.13585563462911,6.462990641920258,5.71702173702098,5.727060833402774,5.526104467905376,5.038502459206096,4.999602426955572,3.5528785724803176,0.29918299438509127,0.051637663977851675,0.1541178223929035,0.08019540759903855,0.2654767521965898,0.051713644519206875,0.48918982262861427,0.21419655257872094
751,0.8683583583583583,6.5066123218414536,6.435781335832904,6.934291554737136,6.2082064521944895,6.138710462916897,6.466706888277923,5.720310181632259,5.730315075262136,5.528529137511366,5.040326797839282,5.001156170575714,3.5529030650133926,0.29939345142783175,0.05172212706062541,0.15389390128754352,0.08031987946455611,0.265566647180625,0.05187667880893464,0.48999540723106216,0.21445233013255446
752,0.8688488488488488,6.509119758669194,6.438281918294334,6.937306539760966,6.211218681098809,6.141559304239914,6.470413157915493,5.7235897587796325,5.733560055490509,5.530927961022608,5.042132922446448,5.002692603553636,3.552921455318614,0.2996052442267241,0.05180630138957495,0.15367033581807685,0.0804433119543188,0.26565986979085227,0.052040569812269795,0.49080065188320043,0.21470679723394925
753,0.8693393393393394,6.511622173440565,6.440779267335763,6.940311463376159,6.214225908393684,6.1444021708363605,6.4741094623307935,5.726860500442625,5.736795729416383,5.533300958342733,5.043920794691034,5.004211712544437,3.552933749867547,0.29981838467154337,0.05189018664765461,0.153447150308984,0.08056571388162932,0.2657564258167526,0.05220532005141958,0.49160556417382373,0.21495995181686797
754,0.8698298298298298,6.514119657044026,6.443273415000519,6.9433063527410726,6.217228148685896,6.147239075875283,6.477795826629557,5.730122445054657,5.740022058020462,5.5356481565577305,5.045690375635349,5.00571348162047,3.5529400011648264,0.3000328797650563,0.05197378088589683,0.15322435883264865,0.08068708255204347,0.2658563190774316,0.05237093407792876,0.4924101482809637,0.21521178504553154
755,0.8703203203203203,6.51661228444301,6.445764391715339,6.946291408278608,6.2202254154541885,6.1500700328606985,6.481472267798727,5.733375630512827,5.743238990606645,5.537969583590654,5.047441624093944,5.007197896169917,3.5529402541350374,0.30024874367833404,0.052057082888447265,0.15300199929478067,0.08080743643146933,0.265959553748725,0.05253741515059492,0.49321440796803284,0.2154622890287124
756,0.8708108108108108,6.5191001270048154,6.448252229683279,6.949266713594613,6.2232177171948875,6.1528950556520146,6.4851388187282994,5.7366200937161675,5.746446479171559,5.540265274566133,5.049174498525628,5.008664940707425,3.552934551940482,0.3004659855944867,0.05214009130086124,0.15278009079427252,0.08092678123983428,0.2660661343509785,0.05270476830260934,0.4940183487193785,0.21571145599510486
757,0.8713013013013013,6.521583269184746,6.450736958177456,6.952232437888508,6.226205069838851,6.155714156597372,6.4887954987391545,5.739855872478456,5.749644487659586,5.542535263985268,5.050888955003645,5.010114598194984,3.5529229469733754,0.3006846183373877,0.052222804678129085,0.15255866739833548,0.08104513147421695,0.2661760625259149,0.052872997617840284,0.4948219770250701,0.21595927678448132
758,0.8717917917917918,6.524061782337151,6.453218607919442,6.955188673480951,6.229187479796173,6.158527350512164,6.492442335114008,5.743083005249088,5.752832970466077,5.544779594032603,5.0525849487265075,5.01154685321442,3.55290545033811,0.3009046526777494,0.05230522262922499,0.15233775022647558,0.08116249357575984,0.26628934022480655,0.053042107497791355,0.4956253050662803,0.21620574803054934
759,0.8722822822822822,6.526535741630774,6.455697209819318,6.9581356076529,6.23216495068588,6.161334650292363,6.496079360409578,5.746301531606912,5.7560118891111856,5.546998308339799,5.054262433322758,5.012961688404125,3.5528821169425036,0.3011261018021443,0.052387343855694046,0.15211737464301217,0.08127888580619207,0.26640596807608524,0.053212103660384716,0.49642834059602164,0.21645085996246852
760,0.8727727727727728,6.529005223541264,6.4581727926422765,6.96107333635144,6.2351374893624225,6.16413607033777,6.499706601960974,5.749511487940225,5.75918120364348,5.549191455656932,5.055921360781003,5.014359086765373,3.5528529723601032,0.3013489762100165,0.0524691675806719,0.15189756273885033,0.08139431495211892,0.26652594657230205,0.05338299056431132,0.4972310958648018,0.21669460684116867
761,0.8732632632632633,6.531470296086418,6.460645387793649,6.964002064759232,6.238105093903273,6.166931625278181,6.503324098452264,5.752712914064624,5.762340874231058,5.551359088384258,5.057561681674952,5.015739029798052,3.5528180720503717,0.30157328965729013,0.05255069264311163,0.15167835117053663,0.08150880222491735,0.2666492755697609,0.05355477434347542,0.49803358026074923,0.2169369784616914
762,0.8737537537537537,6.533931040952428,6.463115022370174,6.966921867945842,6.241067774098876,6.169721329009128,6.506931876705377,5.755905848628745,5.765490865757959,5.55350126150167,5.05918334516106,5.017101500309175,3.5527774588419945,0.3017990511074612,0.052631917759219285,0.15145975924167768,0.08162235167985904,0.26677595390966846,0.05372745947434171,0.4988358059036353,0.21717796646787715
763,0.8742442442442442,6.536387516298308,6.465581728005966,6.969832969482221,6.2440255180295265,6.172505196490744,6.5105299685169475,5.759090328743378,5.7686311399047145,5.555618035512953,5.060786298423681,5.018446479037907,3.5527311406829147,0.3020262766007594,0.05271284318562209,0.15124182727318913,0.08173498685821423,0.26690597805136007,0.05390105128192233,0.4996377906608623,0.2174175671187073
764,0.8747347347347347,6.538839799775198,6.468045532789619,6.972735518326468,6.246978325840157,6.175283242482805,6.514118417834443,5.762266392112385,5.771761667378409,5.557709473584347,5.0623704872998285,5.01977394594666,3.5526791712083168,0.30225497790750117,0.05279346773712466,0.15102458361663362,0.08184672231853535,0.26703934615270186,0.054075556428049454,0.5004395478714344,0.21765577008095266
765,0.8752252252252253,6.541287953741464,6.470506465938827,6.975629669208154,6.249926194359236,6.178055482798823,6.5176972573604335,5.765434076548858,5.774882415719212,5.559775642883026,5.063935856029263,5.021083881728915,3.5526215575951055,0.3024851682796118,0.0528737915721272,0.1508080573641074,0.08195757308853112,0.26717605427958147,0.054250979981933865,0.5012410978618232,0.21789257155728298
766,0.8757157157157157,6.54373204862917,6.472964557578522,6.978515588763657,6.252869110980483,6.180821932192759,6.521266531208306,5.768593419587711,5.777993354651367,5.561816615914621,5.065482347213692,5.022376265034305,3.5525583582120692,0.30271685972122253,0.0529538134368594,0.15059228049883727,0.08206755635194586,0.2673160975818385,0.0544273285777956,0.5020424551294532,0.21812796012243382
767,0.8762062062062062,6.546172140147393,6.475419835956373,6.981393486594281,6.255807067271685,6.183582606571029,6.524826270505377,5.771744455779447,5.781094453105157,5.563832466538202,5.067009901583693,5.023651075102102,3.552489580966595,0.3029500675528546,0.053033533654873656,0.15037728992956143,0.08217669408676467,0.2674594704515245,0.05460460694150128,0.5028436413112543,0.218361931473983
768,0.8766966966966967,6.548608296070937,6.477872329285736,6.984263504220221,6.258740056162231,6.186337522830423,6.528376519904381,5.77488722159862,5.784185689814758,5.565823275355037,5.068518458244839,5.0249082896796935,3.552415244990398,0.30318480427118605,0.05311295215212038,0.15016311215250588,0.08228500049039143,0.26760616690535194,0.054782821317445524,0.5036446795443116,0.2185944795177379
769,0.8771871871871871,6.551040570972501,6.480322067915788,6.9871258151537585,6.261668059171572,6.1890866958898165,6.531917316945073,5.7780217512732515,5.787267037173232,5.56778912261832,5.07000795479968,5.026147885279746,3.552335385448589,0.3034210825368464,0.05319206840529076,0.14994977966101522,0.08239249388507182,0.2677561792858123,0.05496197747365951,0.5044455897473898,0.2188255956337989
770,0.8776776776776776,6.553469024644795,6.482769080224716,6.989980625539699,6.264591065371548,6.191830144168436,6.535448708696905,5.781148078938837,5.790338469937167,5.569730096637255,5.071478326869335,5.027369838057944,3.552250003687364,0.3036589182875362,0.053270883069788263,0.1497373271632074,0.0824991967635438,0.26790950142002223,0.05514208126135017,0.5052463985685501,0.21905527578276662
771,0.8781681681681681,6.555893703054252,6.485213395439452,6.992828098362342,6.267509058203599,6.194567883952292,6.538970728706638,5.784266236719195,5.793399976360091,5.5716462871406165,5.0729295083524,5.028574123464422,3.5521591089169653,0.30389832429186275,0.05334939649568619,0.1495257843218953,0.08260512620861542,0.26806612218542303,0.055323137809172425,0.5060471337370832,0.2192835147669036
772,0.8786586586586587,6.558314668559313,6.487655042070768,6.99566840646002,6.270422015532784,6.197299933584416,6.542483428623768,5.7873762553216075,5.796451534125175,5.573537787368068,5.0743614315237675,5.029760716354463,3.552062734393832,0.30413931381303877,0.05342760831528044,0.14931518238456115,0.08271030120960063,0.26822603379764426,0.0555051536723878,0.5068478185953759,0.21951030362448898
773,0.8791491491491491,6.560731964186824,6.49009405104348,6.998501713876047,6.273329918876676,6.200026310172212,6.545986843669566,5.790478164552639,5.799493124518762,5.575404694626354,5.075774026708876,5.030929589589424,3.55196087426238,0.3043819005666325,0.0535055192581484,0.14910555090476027,0.08281473910332365,0.26838922546397476,0.055688133296278246,0.507648483698715,0.21973563870099075
774,0.8796396396396395,6.563145635568759,6.492530450813415,7.001328266085674,6.276232750298787,6.202747032295193,6.549481018655967,5.793571995561181,5.802524737458772,5.577247110854844,5.077167222362473,5.0320807157890455,3.5518535191568303,0.30462610201145296,0.05358313055937227,0.1488969295637033,0.08291846767938911,0.2685556859577258,0.05587208220560476,0.5084491625308388,0.21995951673864927
775,0.8801301301301301,6.5655557271541936,6.49496427147749,7.004148183595984,6.279130484116971,6.205462118709939,6.552966001336235,5.796657772793166,5.805546361604334,5.579065139187923,5.078540945353528,5.033214065920959,3.5517406823702236,0.30487192938644125,0.05366044237586912,0.14868934068779985,0.08302150010519455,0.26872540436192854,0.05605700616746434,0.5092498847844329,0.22018193093544638
776,0.8806206206206206,6.567962277617647,6.497395542978425,7.006961703563969,6.282023094036363,6.208171589141926,6.556441829012237,5.799735523569648,5.8085579856697995,5.580858887868376,5.079895120711376,5.034329609918719,3.5516223503497315,0.3051193997672866,0.05373745594550208,0.14848282409342245,0.08312386292017297,0.26889836713445414,0.05624290939909278,0.5100506856182606,0.2204028780801969
777,0.8811111111111111,6.57036531988558,6.499824294982421,7.00976896027973,6.2849105534645355,6.210875463067781,6.5599085465636895,5.802805269589419,5.811559603305034,5.582628467719409,5.081229671328535,5.035427316986478,3.551498521733534,0.3053685251699873,0.05381417196264383,0.14827740281538326,0.08322557124669817,0.26907456147694137,0.0564297968301764,0.5108515991153194,0.22062235298250374
778,0.8816016016016015,6.572764899306284,6.502250558960341,7.0125701403217215,6.28779284295373,6.2135737603836425,6.5633661953179265,5.805867033819661,5.814551213708737,5.584373993694108,5.082544518487227,5.036507154455458,3.551369166269879,0.30561932180479523,0.053890592024738275,0.14807310893673775,0.08332664525996686,0.2692539735870403,0.056617672636965106,0.5116526656298591,0.22084035435479069
779,0.882092092092092,6.575161035367527,6.504674365561558,7.0153654689786515,6.290669927851402,6.2162665018879455,6.566814823083341,5.8089208362611755,5.817532810838053,5.586095582558187,5.083839581339546,5.037569089046929,3.5512342812813467,0.3058718053051581,0.053966717199345246,0.14786997741407537,0.0834271118520916,0.2694365894559489,0.056806541740958554,0.5124539209951863,0.22105687665975526
780,0.8825825825825826,6.577553763135244,6.507095745657245,7.018155075202666,6.293541777989749,6.2189537088662314,6.570254462108691,5.811966693646792,5.820504391130622,5.587793354934717,5.085114777506255,5.038613085017531,3.551093824181168,0.30612598951593273,0.054042549166990986,0.147668033077858,0.08352698428959794,0.2696223930977156,0.0569964067028955,0.5132554078449636,0.2212719197234628
781,0.883073073073073,6.579943103057957,6.509514731790188,7.02093916241564,6.2964083660846075,6.221635402444016,6.573685158379331,5.815004623006268,5.823465966686115,5.589467435472398,5.086370022453012,5.039639106013049,3.5509477716700606,0.3063818901853847,0.05411808960750483,0.14746730728219026,0.0836262862956938,0.26981136801618216,0.05718727192449065,0.5140571693141824,0.22148548052331996
782,0.8835635635635635,6.582329077542918,6.51193135673129,7.023717865435067,6.299269659219953,6.224311605099043,6.577106955120177,5.818034635385593,5.826417534957845,5.591117949436507,5.087605229406777,5.040647114006241,3.550796104832866,0.306639520344597,0.054193339653526365,0.14726782278540723,0.08372503313892532,0.2700034995932941,0.05737914062005659,0.5148592455721908,0.22169755490372
783,0.884054054054054,6.584711709759052,6.51434565125631,7.0264914036499935,6.302125623898367,6.2269823393474315,6.580519891352238,5.8210567439758405,5.829359103564623,5.5927450272144,5.088820310630074,5.041637069450685,3.550638757328678,0.3068988984904332,0.0542683021043597,0.14706961509745542,0.08382324995952972,0.2701987700001727,0.0575720156005414,0.5156616865370917,0.2219081453587586
784,0.8845445445445446,6.587091009869284,6.516757650188689,7.029259912203083,6.304976230719563,6.2296476275003,6.583924001879492,5.824070955266126,5.832290687759272,5.5943487990511205,5.09001517552684,5.042608931072532,3.550475706959634,0.3071600373378522,0.05434297827633252,0.14687270628255347,0.08392095171744546,0.27039716124657853,0.05776589909242989,0.5164645365148491,0.22211724776942088
785,0.885035035035035,6.589466989278475,6.519167387668574,7.032023574114151,6.307821439458391,6.232307494138107,6.587319327438433,5.827077275455051,5.835212290280854,5.5959294000567015,5.0911897318974795,5.043562654497574,3.5503068915688116,0.3074229537220009,0.05441737067648036,0.14667712579643763,0.0840181596865282,0.27059865611188205,0.05796079318746565,0.5172678451277226,0.22232486315458527
786,0.8855255255255254,6.591839661701611,6.521574897779237,7.034782545284811,6.31066121946947,6.234961962951676,6.590705902299226,5.83007570775082,5.838123924159952,5.597486967431422,5.092343885423448,5.044498196989705,3.550132260147039,0.3076876628311363,0.05449148142808638,0.14648289917334575,0.08411489108644198,0.27080323633784253,0.05815669904256723,0.5180716618133187,0.22253099093762585
787,0.886016016016016,6.5942090335126755,6.523980215973752,7.037536981669305,6.313495534529078,6.237611058227704,6.59408376507815,5.833066250379885,5.841025612827335,5.599021640093502,5.093477540176383,5.04541551066109,3.5499517541657233,0.307954180104168,0.054565312949128794,0.14629005118283575,0.08421116382898367,0.27101088254100136,0.05835361851526058,0.5188760391097225,0.22273563117910944
788,0.8865065065065065,6.5965751073296355,6.526383376608138,7.040287011077706,6.316324349604162,6.240254805083503,6.597452943867685,5.836048903334571,5.843917367575353,5.600533556992721,5.094590597888554,5.046314546551445,3.5497652945089713,0.3082225206158363,0.05463886801949901,0.14609860304849093,0.08430699181197585,0.27122157560404675,0.058551551592235844,0.5196810315322343,0.2229387865102807
789,0.886996996996997,6.598937881023672,6.528784419766464,7.043032839557296,6.319147631024166,6.242893228394315,6.600813480230484,5.839023658057692,5.846799204800758,5.602022863466818,5.095682958365198,5.047195255015086,3.5495728196684753,0.3084927023986836,0.05471214921063081,0.1459085853497378,0.084402399087948,0.27143529809584993,0.05875049901178409,0.5204866918514076,0.2231404566749335
790,0.8874874874874874,6.601297357796198,6.531183380230306,7.045774575864435,6.321965336986427,6.245526355121854,6.604165394412531,5.841990507647608,5.849671149771692,5.6034897036498545,5.0967545196242305,5.048057582499283,3.549374270444712,0.30876473887712197,0.054785158613083626,0.14572001854681377,0.08449739666083157,0.27165202727450444,0.0589504596835692,0.5212930746775867,0.2233406408300661
791,0.887977977977978,6.603653526343162,6.533580297457128,7.0485123460790575,6.324777435462093,6.248154210705478,6.6075087231592615,5.844949437683723,5.852533224663449,5.604934224056935,5.0978051774127024,5.048901475664993,3.549169515245889,0.3090386475117805,0.05485790058360319,0.14553292060176276,0.08459199906908146,0.2718717451726888,0.05915143340331092,0.5221002442072542,0.223539348141699
792,0.8884684684684685,6.606006389456591,6.535975210082473,7.051246306790113,6.327583889792319,6.250776821909078,6.610843494373931,5.847900434270625,5.855385455472915,5.606356571161507,5.09883482557971,5.049726875407461,3.5489585292719448,0.3093144431215124,0.054930376312697385,0.1453473175734438,0.08468622322242017,0.27209443144129974,0.059353419109274455,0.5229082509098644,0.22373657201938882
793,0.8889589589589589,6.6083559292833005,6.5383681591299965,7.053976618720977,6.330384657691716,6.253394216910594,6.614169725923536,5.8508434769225675,5.858227865684729,5.607756895110869,5.099843355885446,5.050533723344879,3.548741168605645,0.3095921450166633,0.05500259036836291,0.14516323553896734,0.08478008656507345,0.27232006445440626,0.05955641387465174,0.5237171619107022,0.22393232258465318
794,0.8894494494494494,6.610702141981578,6.54075918380359,7.056703355664211,6.3331797115902475,6.256006422153654,6.61748744795408,5.853778546953064,5.861060479785454,5.609135346517698,5.100830658148255,5.051321958194303,3.5485173544576827,0.30987176696194785,0.05507454527568365,0.14498068609908368,0.08487359638250458,0.27254862576995964,0.05976041571851279,0.5245270360807965,0.22412660031108828
795,0.8899399399399399,6.613045005684296,6.543148327043477,7.059426669960108,6.335969008614237,6.258613465643809,6.620796687299669,5.856705613727176,5.863883328474629,5.610492075546943,5.101796619911125,5.052091515809996,3.5482869821202154,0.3101533267042074,0.05514624447363647,0.14479969262569947,0.0849667698996038,0.2727800953722583,0.059965422410847055,0.5253379358919809,0.2243194089415875
796,0.8904304304304305,6.615384511949468,6.545535630974336,7.062146658625884,6.338752511620801,6.261215375997758,6.624097453822074,5.8596246502526546,5.86669644697219,5.611827235073987,5.102741126971468,5.052842328869617,3.5480499306879154,0.3104368407411748,0.05521769152879928,0.14462027384621803,0.08505961566838972,0.2730144501325898,0.060171429530472054,0.5261499284475779,0.22451075419289526
797,0.8909209209209209,6.61772064308016,6.547921140314157,7.064863461291345,6.34153019165204,6.263812181597761,6.627389769188398,5.862535623569631,5.8694998512177285,5.613140976433756,5.103664062864771,5.053574329552779,3.5478061341869913,0.3107223255399282,0.05528888850444387,0.14444245083252072,0.08515214828231846,0.2732516736602194,0.06037843258007094,0.5269630694202806,0.2247006334406976
798,0.8914114114114113,6.620053375351829,6.550304899561642,7.06757714948151,6.344302011723105,6.266403910924705,6.630673656001754,5.865438496447216,5.872293588499352,5.614433453179197,5.104565308953744,5.054287445104653,3.5475554290452234,0.31100979836048176,0.05535984028853992,0.1442662349052209,0.08524437482234418,0.2734917443112108,0.06058642835834991,0.5277774338814373,0.22488905775153714
799,0.8919019019019019,6.622382692978259,6.552686954346702,7.070287844058086,6.347067929896187,6.268990593249394,6.633949114584753,5.868333228613531,5.875077683028376,5.615704817784527,5.1054447446559,5.054981602214273,3.5472976941457115,0.31129927727512063,0.05543055018103064,0.14409164966819418,0.08533630607462939,0.2737346405506311,0.06079541003498767,0.5285930871813667,0.2250760316196788
800,0.8923923923923924,6.624708579219315,6.555067351611432,7.072995662608453,6.349827920943492,6.271572257942506,6.6372161665038965,5.871219774687419,5.8778521734856195,5.616955223620566,5.106302247326382,5.055656721841356,3.5470328072977697,0.31159078101691146,0.05550102176290574,0.14391871279432403,0.08542795364736076,0.2739803448675681,0.0610053727742065,0.5294100974386232,0.22526155921170096
801,0.8928828828828829,6.627031004277781,6.557446139190867,7.075700643698476,6.352581948027537,6.274148933944344,6.640474818053465,5.874098088754247,5.88061708512214,5.618184821778306,5.107137691954568,5.056312725677352,3.5467606492529478,0.31188432414172,0.05557125812453752,0.14374743270987642,0.08551931942440887,0.27422883814867594,0.06121630987828968,0.530228530230956,0.22544564399007597
802,0.8933733733733733,6.629349947812737,6.559823365040878,7.078402907941623,6.355329978161612,6.276720650669405,6.643725075442856,5.876968118367741,5.88337245393288,5.619393766589948,5.107950951517601,5.05694953012585,3.546481070626092,0.3121799267639654,0.055641263365607256,0.14357783049134126,0.08561041443614653,0.27448010081542557,0.06142821423354724,0.5310484576346428,0.22562829314685873
803,0.8938638638638639,6.631665393174628,6.562199080534743,7.081102517762957,6.3580719809566535,6.2792874380851496,6.6469669464022285,5.879829807000748,5.886118315435691,5.62058220708538,5.108741896909197,5.057567050346911,3.5461939488813536,0.31247760596851093,0.055711040564202015,0.14340991914442403,0.08570124242727288,0.274734115392961,0.06164107887176865,0.5318699468933311,0.22580950983322678
804,0.8943543543543544,6.633977307945434,6.564573335264705,7.08379956194934,6.360807922715157,6.281849325319733,6.650200424753329,5.882683094901663,5.888854703458928,5.621750294886793,5.109510396728767,5.0581651962629275,3.545899114544596,0.31277738136076605,0.05578059412908564,0.1432437155644377,0.08579181014287424,0.27499086212862184,0.06185489484192058,0.5326930727999531,0.22598930320150826
805,0.8948448448448448,6.636285671527987,6.566946182031933,7.0864940859023955,6.363537775335411,6.284406342183255,6.653425522474078,5.885527919521999,5.891581648743027,5.622898179569983,5.110256317434565,5.058743876276233,3.545596418459517,0.3130792710598233,0.05584992776467647,0.14307922900465106,0.08588211969287698,0.27525032595507676,0.06206965471733913,0.533517906587991,0.2261676791696642
806,0.8953353353353353,6.638590462820608,6.569317674465386,7.089186213919436,6.366261511203328,6.286958517770536,6.656642226039792,5.888364211481478,5.894299190743243,5.6240260088472365,5.110979523288862,5.059302995792133,3.545285734816784,0.313383295464029,0.055919044460571096,0.14291648391128914,0.08597218046883644,0.275512488077333,0.062285348373104205,0.534344516865697,0.22634463998377827
807,0.8958258258258258,6.640891661410194,6.571687865967167,7.091875932949153,6.368979100121072,6.289505881257594,6.659850538950566,5.891191903537669,5.89700735855383,5.625133928533553,5.111679876322144,5.059842455775801,3.544966891650336,0.3136894716778649,0.05598794820683817,0.14275548281186196,0.08606198703241726,0.2757773332677883,0.06250196727817198,0.5351729784239697,0.2265201938919322
808,0.8963163163163164,6.643189236420851,6.574056811273248,7.094563357888726,6.371690516409883,6.292048461874067,6.663050452053537,5.894010915698523,5.899706178049444,5.626222084673128,5.112357236128303,5.060362156399217,3.544639734172193,0.31399782147120014,0.05605664264568312,0.14259624660450937,0.08615154834072325,0.276044847407705,0.06271950043160747,0.5360033617558844,0.22669434620000248
809,0.8968068068068068,6.6454831763665645,6.576424565869861,7.097248493943295,6.37439573736298,6.294586288399768,6.666241953153463,5.896821170448912,5.902395689458488,5.627290619101855,5.113011460620933,5.06086199164168,3.5443040876590897,0.3143083637421539,0.05612513161809754,0.1424387832987175,0.08624085913380998,0.27631501447576007,0.06293793740985944,0.5368357432074486,0.22686710477150213
810,0.8972972972972972,6.647773454588573,6.578791188208121,7.099931397444314,6.37709473155225,6.297119389449254,6.669425033622551,5.899622587961615,5.905075918394531,5.6283396721131815,5.1136424046629525,5.061341853572795,3.5439598044513003,0.3146211183094926,0.05619341825204296,0.14228310730801927,0.08632992121983674,0.27658782035432156,0.06315726769226505,0.5376701932511938,0.2270384730197583
811,0.8977877877877878,6.650060052527718,6.58115673534418,7.102612166139512,6.379787479864434,6.299647792729051,6.672599673921726,5.902415076644149,5.9077468942374,5.62936938280392,5.114249921215263,5.06180163127124,3.5436067047004784,0.31493610883257356,0.05626150648147623,0.1421292399404264,0.08641873988154289,0.2768632523287002,0.06337747878143742,0.5385067863965519,0.22720845847430543
812,0.8982782782782783,6.652342959670897,6.583521265977321,7.105290782677453,6.382473963745197,6.302171525988704,6.675765869291718,5.9051985489192775,5.910408644547293,5.630379884700316,5.1148338608675745,5.06224120905587,3.5432446379223124,0.3152533536988202,0.056329399142426864,0.14197718501755704,0.08650730749787959,0.2771413003995161,0.06359856021318722,0.5393455934458219,0.22737706408631467
813,0.8987687687687688,6.654622150696172,6.585884840068214,7.1079672621200904,6.3851541565970695,6.304690616170189,6.67892359550079,5.907972911062803,5.9130611959942705,5.63137131270911,5.11539407170127,5.062660469671309,3.542873406085765,0.3155728740290922,0.05639710032983039,0.14182695319235278,0.08659561957063172,0.2774219512860687,0.06382049911231055,0.5401866918565295,0.22754429909995216
814,0.8992592592592592,6.656897620053476,6.5882475178624995,7.110641720802009,6.387828046993987,6.307205089809637,6.682072826591266,5.910738062351767,5.915704570611528,5.632343793891945,5.115930399942475,5.063059291390069,3.5424928602187378,0.31589469482849336,0.05646461271528875,0.14167857079431798,0.08668368211480093,0.27770519641545804,0.06404328193565366,0.5410301500800491,0.2277101653185281
815,0.8997497497497497,6.659169355985091,6.590609360759427,7.113314092147652,6.390495612433525,6.309714973263647,6.685213550449635,5.913493903559821,5.918338797197587,5.6332974567773535,5.116442688609688,5.063437548424677,3.542102806381773,0.3162188351041124,0.056531939960445185,0.14153203656766247,0.08677148119012755,0.2779910261810843,0.06426689714298868,0.5418760455379332,0.2278746704400317
816,0.9002402402402402,6.661437339528412,6.592970430861647,7.115984478360393,6.393156836996385,6.312220291153277,6.688345737988835,5.916240329623618,5.9209638903798725,5.634232422618969,5.116930778627919,5.06379511110787,3.541703071491266,0.3165453204837365,0.056599085245616576,0.1413873745040758,0.0868590216240396,0.2782794331705522,0.06449133080666636,0.542724449547643,0.22803781863420164
817,0.9007307307307306,6.6637015784911915,6.5953307892583615,7.118652847543915,6.395811702842624,6.314721068043336,6.69146935952479,5.918977229974373,5.923579867424335,5.635148812647059,5.117394508719177,5.064131848790143,3.541293516783313,0.3168741705423131,0.056666050199720486,0.14124459328363548,0.08694629126572798,0.27857041001726546,0.06471656872238628,0.5435754285010542,0.2281996088542531
818,0.9012212212212212,6.665962062135818,6.597690499711842,7.121319243458985,6.3984602013830045,6.317217327670924,6.694584400017733,5.921704494321,5.926186744541239,5.636046740147557,5.117833714715024,5.064447625381962,3.540873899860157,0.317205412773961,0.05673283978337836,0.14110370690181837,0.08703328856818887,0.2788639539566478,0.06494259855477452,0.5444290637358546,0.22836005434752704
819,0.9017117117117117,6.668218792497206,6.600049626160146,7.123983694059086,6.40110232043198,6.319709092001044,6.6976908164866185,5.924422005865007,5.928784541200906,5.636926316494733,5.118248230053253,5.0647422995736155,3.540444061031112,0.3175390708798602,0.05679945613128146,0.14096473376229368,0.08712000745143134,0.279160058148896,0.06516940506502195,0.5452854249720456,0.22851915600318926
820,0.9022022022022022,6.670471767652205,6.602408232403518,7.126646204802703,6.403738043304858,6.32219638337901,6.700788585487113,5.927129649126044,5.931373263178264,5.637787650549801,5.118637885627089,5.065015729909937,3.5400038576487143,0.3178751672217674,0.056865900915452135,0.140827686187341,0.08720644107181694,0.2794587201417656,0.06539697475303831,0.5461445776961962,0.22867691191888484
821,0.9026926926926926,6.672720992093323,6.604766381800192,7.129306787224559,6.406367369394432,6.324679222079176,6.703877671419927,5.929827300122879,5.933952917643189,5.638630843696711,5.119002509846766,5.065267769038744,3.539553070003283,0.3182137286333858,0.05693217777285339,0.14069257797559745,0.08729258176205784,0.2797599398621884,0.06562529261781061,0.5470065976527709,0.22883333060891717
822,0.9031831831831831,6.674966483088686,6.607124140076096,7.131965452948273,6.408990284870672,6.327157627611599,6.706958041744014,5.932514833733332,5.936523509323391,5.639455995436468,5.119341928024605,5.065498265995558,3.5390915488527095,0.31855477976191554,0.05699828814269377,0.14055942671290472,0.08737842174869875,0.28006371644627226,0.06585434435978699,0.5478715505651175,0.2289884100243352
823,0.9036736736736737,6.677208252974921,6.6094815713279695,7.134622189551366,6.411606789015009,6.329631618593187,6.710029663896204,5.935192125792563,5.939085044773768,5.6402631975150985,5.1196559635375865,5.065707067490369,3.5386190784903024,0.318898347245401,0.05706423536267559,0.14042824378873958,0.087463950496919,0.28037005151525135,0.06608411600231268,0.548739511675595,0.22914215744484986
824,0.9041641641641641,6.679446305523541,6.61183873873023,7.137277050906558,6.414216866343996,6.332101211797658,6.713092492907797,5.937859042933786,5.941637524520275,5.641052540707211,5.119944436370592,5.065894015848781,3.5381355013130844,0.31924445781786975,0.05713002102829928,0.14029905301649362,0.08754916523323315,0.2806789448357343,0.06631459211313852,0.5496105465954263,0.22929457109604579
825,0.9046546546546546,6.681680675416072,6.614195709278968,7.139930004332133,6.41682051809768,6.334566423900896,6.71614650534286,5.940515452778485,5.944180938877764,5.641824107702591,5.120207164025956,5.066058948951478,3.5376406466564165,0.31959313763378694,0.057195646737969286,0.14017186518344815,0.08763405261982402,0.28099040420386845,0.06654575918328343,0.5504847213240172,0.22944565060112213
826,0.9051451451451451,6.683911369912052,6.616552545957667,7.14258107708367,6.419417745679708,6.337027268952003,6.719191646429222,5.943161220480838,5.946715283115199,5.6425779781156,5.120443961442792,5.066201702427495,3.5371343040256056,0.3199444155436031,0.05726111530649732,0.14004670009604117,0.08771860554600437,0.28130443260804483,0.06677760080492931,0.5513621082385761,0.2295954009536083
827,0.9056356356356356,6.686138435660065,6.618909312997308,7.145230234101447,6.422008539585998,6.339483759919206,6.7222278871651,5.9457962095133405,5.949240552261737,5.6433142250261294,5.120654640327134,5.066322108109366,3.536616334786006,0.3202983169626449,0.057326427193064876,0.13992357242727033,0.08780281009766942,0.28162103625589774,0.06701010418564844,0.5522427691070158,0.22974381653179124
828,0.9061261261261261,6.68836187831775,6.62126607374476,7.147877523601226,6.424592903388511,6.341935909127469,6.72525518488642,5.94842027844348,5.951756723587493,5.644032917115772,5.120839009876071,5.0664199934865115,3.5360865480359283,0.3206548720457156,0.057391584528788515,0.13980250302144975,0.08788666273449124,0.2819402250947477,0.06724325387095693,0.5531267703379384,0.22989089840268462
829,0.9066166166166165,6.690581756861033,6.6236228912387904,7.15052288819962,6.427170844482355,6.344383727397302,6.728273497932091,5.951033285300202,5.954263784179362,5.644734116171357,5.120996876386368,5.066495183435604,3.5355447596727863,0.32101410862143875,0.05745658865070414,0.13968350462899928,0.08797014510773561,0.2822620092077338,0.06747703547692012,0.5540141784988182,0.23003664653500683
830,0.9071071071071071,6.692798090565401,6.625979827696567,7.153166389960618,6.429742350350989,6.346827222891037,6.7312827866942415,5.953635087954313,5.9567617146560226,5.645417882530606,5.121128042983161,5.066547498015052,3.5349908077070546,0.32137605715265666,0.05752144072445866,0.13956660439603447,0.08805325567603173,0.2825863968769549,0.0677114354047274,0.5549050569435476,0.23018105708494543
831,0.9075975975975976,6.695010932330827,6.628336944795577,7.15580797850238,6.4323074347749944,6.349266404091528,6.734283006035715,5.956225541024359,5.959250488938401,5.646084265869219,5.12123231014381,5.0665767555721075,3.534424526545411,0.3217407456050977,0.0575861413960719,0.13945181492713346,0.08813597700672368,0.2829134024212603,0.06794643897891521,0.5557994671948451,0.23032412651022666
832,0.908088088088088,6.697220321867888,6.630694303071861,7.158447658916521,6.434866095149541,6.351701276001022,6.737274120691862,5.9588044955578505,5.961730086035314,5.646733312343446,5.121309475079244,5.066582769243179,3.533845721949601,0.32210820522780853,0.05765069236942643,0.13933915622958673,0.08821830032767503,0.2832430390026957,0.06818203368419458,0.5566974758595138,0.23046585480723114
833,0.9085785785785785,6.699426306910974,6.633051962920231,7.1610854258978005,6.43741834094269,6.354131844395328,6.7402560806854455,5.961371803625983,5.964200467257434,5.647365065025425,5.121359331757607,5.066565350545298,3.533254253033576,0.32247846531376523,0.05771509347965223,0.13922864821685715,0.08830021373493992,0.28357532237350236,0.06841820435672351,0.5575991396643569,0.23060623384451215
834,0.909069069069069,6.701628936134124,6.635409981261224,7.163721274586193,6.4399641741293365,6.356558112050208,6.743228844730542,5.963927315988062,5.966661598218855,5.6479795594122395,5.121381671874063,5.066524307465051,3.532649939744992,0.32285155705848084,0.05777934573633016,0.1391203107607861,0.0883817066643856,0.28391026868860236,0.0686549379963005,0.5585045211826803,0.2307452608483091
835,0.9095595595595596,6.703828271436946,6.637768414608813,7.166355172579612,6.442503599999177,6.358980079699636,6.746192374690412,5.9664708823455035,5.969113448476594,5.648576822721444,5.121376283404211,5.066459442428591,3.5320326067975474,0.3232275113562038,0.057843449852746406,0.13901416096165534,0.08846276502571766,0.2842478955240304,0.068892222814009,0.5594136828603168,0.2308829319496254
836,0.91005005005005,6.70602436393326,6.640127318526435,7.1689871598110395,6.445036626841978,6.3613977486883,6.749146627653791,5.969002350615128,5.971555969134355,5.649156879941329,5.121342951339108,5.06637055638214,3.531402122529174,0.3236063603406643,0.057907405332891154,0.13891022486078236,0.08854338330538765,0.284588223539808,0.0691300455041539,0.5603266782216879,0.23101923649715128
837,0.9105405405405405,6.708217278390794,6.642486746823565,7.171617122174044,6.447563266393086,6.363811117358842,6.752091560077464,5.971521567367244,5.973989120870603,5.64971975055247,5.12128145723769,5.066257448227645,3.5307582942440847,0.3239881328189406,0.05797121300372583,0.13880850794996596,0.08862353742947711,0.28493127297484344,0.06936839364521265,0.5612435708133781,0.23115417233561228
838,0.911031031031031,6.71040706668781,6.6448467512724765,7.174245121570657,6.450083517351793,6.366220183090173,6.755027127151325,5.974028382161061,5.976412853094908,5.650265446369773,5.121191580320181,5.0661199110795625,3.530100996694477,0.3243728620273212,0.05803487213395082,0.13870904125005998,0.08870322503621021,0.28527706416633825,0.06960725543862631,0.5621644132858927,0.2312877272478449
839,0.9115215215215215,6.712593796280654,6.6472073796806885,7.176871064983696,6.452597394813566,6.368624941358853,6.7579532990509925,5.976522640120812,5.978827117680995,5.650793974681412,5.1210730953833705,5.065957737734458,3.529430061085731,0.3247605775963484,0.058098382926745136,0.13861183076866548,0.08878242604887684,0.2856256226597131,0.06984662050757318,0.5630892643395449,0.23141989490605722
840,0.912012012012012,6.714777543147146,6.649568680535226,7.179495000110656,6.455104906304381,6.37102538837261,6.760870012410041,5.979004190865267,5.981231863287963,5.651305338338526,5.120925774972239,5.065770715579811,3.5287453110383735,0.3251513157905716,0.05816174567511702,0.13851691006155423,0.08886113387029576,0.2859769686117719,0.07008647559436383,0.5640181844246552,0.23155066963913282
841,0.9125025025025024,6.716958359304223,6.651930699306009,7.182116833916269,6.457606058220471,6.373421515839639,6.763777254009119,5.981472876054391,5.983627026139907,5.651799532936506,5.120749388087079,5.065558632086433,3.528046642062264,0.32554510366389533,0.058224958811952957,0.1384242819612696,0.08893933113847655,0.28633113262661364,0.07032681265660659,0.5649512200828966,0.23168003521720512
842,0.912992992992993,6.71913632530479,6.654293475857477,7.1847365511757735,6.460100861833733,6.375813317715514,6.766674971439276,5.983928548010289,5.986012547849602,5.6522765512756985,5.120543700124223,5.065321268126466,3.5273338900003455,0.3259419750236375,0.05828802218923448,0.13833396852621604,0.08901700521300675,0.2866881387472579,0.07056762024003245,0.5658884298895649,0.23180798344375114
843,0.9134834834834835,6.721311499239039,6.656657052776874,7.187354096109714,6.462589325625489,6.378200784288244,6.769563120527954,5.986371050424573,5.988388370566982,5.652736377383061,5.120308473500782,5.065058405504309,3.526606873465559,0.3263419621656562,0.05835093618536069,0.1382459828288323,0.0890941405286513,0.2870480137158603,0.07080888851242649,0.5668298727688744,0.23193450851907496
844,0.913973973973974,6.723483958363247,6.659021464547424,7.189969444292733,6.465071463022661,6.380583906226266,6.772441674720763,5.988800233907447,5.990754417564476,5.653178992585851,5.120043467640067,5.064769820334919,3.5258654761920405,0.32674509732120777,0.05841369937262721,0.1381603407604129,0.08917072616627754,0.28741078971814155,0.07105060887583023,0.5677755973527576,0.23205959469816348
845,0.9144644644644644,6.7256537677126325,6.6613867443326455,7.192582538945331,6.467547279769936,6.382962672957365,6.775310588065066,5.991215945636612,5.99311063734079,5.653604373901774,5.1197484375846924,5.06445528850628,3.525109582423068,0.32715141024325417,0.058476310312862774,0.1380770556681888,0.08924674676917042,0.28777649230881686,0.07129277252970233,0.5687256553975694,0.2321832262736647
846,0.9149549549549549,6.727821002316441,6.663752925187732,7.195193218204125,6.470016783246324,6.385337074176701,6.778169831598547,5.9936180360412195,5.995456949852368,5.6540124923182455,5.11942313643412,5.064114582010505,3.524339025956979,0.3275609297216439,0.058538768600906524,0.13799612438314224,0.08932217555079233,0.28814515431169574,0.07153537163054906,0.5696801022734096,0.23230539405124565
847,0.9154454454454455,6.729985721242673,6.666120030538223,7.197801574882048,6.4724799858986675,6.387707096567881,6.7810193645023835,5.996006356484446,5.997793282619815,5.6544033140557,5.119067313178301,5.063747472255293,3.523553645641936,0.32797369428393436,0.05860107440397598,0.13791757831849444,0.08939701606574642,0.2885168065917126,0.07177839800852129,0.5706389938390034,0.2324260880395257
848,0.9159359359359359,6.732148000983295,6.668488086131746,7.200407399629368,6.47493689785093,6.390072729428938,6.783859154068378,5.998380758213704,6.000119563783361,5.6547768001540275,5.1186807131362775,5.063353725536077,3.5227533710914227,0.32838972682138223,0.05866322457073535,0.13784140678713602,0.08947123606529979,0.2888914819071595,0.07202184472030969,0.5716023734079254,0.23254528496216434
849,0.9164264264264264,6.734307895032834,6.670857110840408,7.203010640764977,6.477387529658969,6.392433959862548,6.786689166549963,6.000741094868596,6.002435712749548,5.655132909360251,5.118263079259505,5.062933108059849,3.5219380143734353,0.3288090610713731,0.05872521976929417,0.1377676180078815,0.08954482337878188,0.2892692138606744,0.07226570472164644,0.5725703004157964,0.2326629779476865
850,0.9169169169169169,6.736465475287983,6.6732271208708624,7.205611204878367,6.479831886486965,6.394790775256445,6.789509368952063,6.003087220755363,6.00474165750892,5.655471595212956,5.117814150776354,5.06248538221431,3.5211074628182017,0.329231726579845,0.05878705838713604,0.13769621706718818,0.08961776045501575,0.2896500348392566,0.0725099721522466,0.5735428250799529,0.23277914926043092
851,0.9174074074074074,6.738620794771643,6.675598127285257,7.208208991975929,6.482269975173226,6.397143164020279,6.792319732429733,6.005418994242497,6.007037317348081,5.655792806711237,5.1173336636996165,5.062010311437164,3.5202615932715857,0.32965775234513345,0.05884873929365279,0.1376272036304211,0.0896900304726058,0.29003397955010335,0.07275464163486835,0.5745199981198857,0.23289378255344984
852,0.9178978978978979,6.7407739190729,6.677970138296869,7.2108038388699995,6.484701809623382,6.399491112830126,6.795120225839898,6.007736274607731,6.009322608633373,5.656096492904645,5.116821350379077,5.061507654795544,3.519400262051187,0.3300871663558611,0.05891026168611783,0.13756056918194437,0.08976160854218632,0.2904210834236829,0.07299970731013053,0.5755018741060153,0.23300686378885038
853,0.9183883883883883,6.742924889767797,6.680343157708207,7.213395622569444,6.4871273896648525,6.401834611630085,6.79791081979551,6.010038920738736,6.011597448908446,5.656382592394844,5.116276940891788,5.060977169536629,3.518523366736812,0.33051999550646105,0.0589716238952027,0.1374963082211206,0.08983247626762482,0.2908113819782609,0.07324516479578509,0.5764885008294016,0.2331183731661723
854,0.9188788788788789,6.74507376768545,6.682717182457168,7.215984223329256,6.4895467339401955,6.404173648705991,6.800691483619963,6.0123267982608155,6.013861755453414,5.656651045222157,5.115700161453393,5.060418611323359,3.5176307683589023,0.33095626930934224,0.05903282528641035,0.13743441521362254,0.08990261469188848,0.2912049118836432,0.07349100924617956,0.5774799333059939,0.23322829572719983
855,0.9193693693693694,6.747220587805798,6.685092209074461,7.218569465730741,6.491959837210849,6.406508215387609,6.803462187843073,6.014599770445937,6.016115451732285,5.656901788423784,5.115090735310048,5.059831735279943,3.5167223398968606,0.3313960130559971,0.05909386496866762,0.13737487560637762,0.08997200016145529,0.2916017068480075,0.07373723698508726,0.5784762254496028,0.23333661474806508
856,0.9198598598598599,6.749365402011619,6.68746822606405,7.221151124980207,6.494366713100571,6.408838303003753,6.806222908931791,6.016857704848828,6.01835844229416,5.6571347567394605,5.114448382673541,5.059216294248892,3.515797975839523,0.3318392501798804,0.05915474126330137,0.1373176653935447,0.09004060299785104,0.29200180662029546,0.07398384379330764,0.579477426378996,0.23344330995207402
857,0.9203503503503503,6.751508222270524,6.689845217857136,7.223729089034477,6.496767363200822,6.411163903910524,6.8089736203073,6.019100472659954,6.020590648111412,5.657349878364316,5.113772821115397,5.058572039017764,3.514857522056529,0.33228600901713656,0.05921545455456824,0.1372627725577456,0.09010840891589503,0.29240524695897924,0.0742308271425283,0.5804835948874039,0.23354836814922533
858,0.9208408408408408,6.753649102191176,6.6922231650227815,7.22630312465702,6.4991617928420675,6.413485013720503,6.811714293482987,6.021327947064017,6.022811981099021,5.657547083131087,5.113063764680646,5.0578987191261815,3.513900878561865,0.3327363122893533,0.05927600310646619,0.13721017226960625,0.09017538729620528,0.2928120651444785,0.07447818343582881,0.5814947818356,0.23365176803115117
859,0.9213313313313314,6.755788046461662,6.6946020428392785,7.228872956278011,6.5015500079505735,6.415801629429494,6.814444907362887,6.023540004272038,6.025022355716719,5.657726296992945,5.112320925014108,5.057196083533147,3.5129279646658516,0.3331901779278175,0.05933638513674429,0.13715982436708543,0.090241505793115,0.2932222995687411,0.07472591038324962,0.5825110359673181,0.2337534856072851
860,0.9218218218218218,6.757925074377728,6.696981820254226,7.231438388838648,6.503932018856617,6.418113749912524,6.817165433602493,6.025736520742014,6.027221692060157,5.657887444634413,5.111544010971993,5.056463880533559,3.511938566826707,0.33364763355870014,0.05939660269836869,0.13711170168126305,0.09030674040636089,0.2936359878159916,0.07497400513972088,0.5835324264264151,0.23385351553531608
861,0.9223123123123123,6.760060191549473,6.699362462801417,7.233999114416053,6.5063078160538526,6.420421376864753,6.819875848955328,6.027917378683988,6.029409899651617,5.658030449588058,5.110732728893416,5.055701854332595,3.5109326785734587,0.33410869237182156,0.05945665192395437,0.13706575995444417,0.0903710556168802,0.29405316660980163,0.07522246568144919,0.5845589924718922,0.23395182283227972
862,0.9228028028028028,6.762193407006919,6.701743929956236,7.236554912907622,6.5086774101106535,6.422724516334465,6.822576131582769,6.030082462237251,6.031586896121001,5.658155231557983,5.1098867822381395,5.054909753346799,3.5099100965967516,0.3345733800312685,0.059516534859104214,0.13702196352016097,0.09043442577975308,0.29447387551508425,0.07547129011513802,0.585590802563955,0.23404840065334606
863,0.9232932932932932,6.7643247072957084,6.704126175273693,7.239105475293485,6.511040800800449,6.425023176107221,6.825266256355486,6.032231658167975,6.033752591396844,5.658261713517692,5.109005871934549,5.05408731813587,3.5088707164871114,0.33504171310925446,0.059576250732420837,0.136980261515454,0.09049681625860984,0.2948981525704558,0.07572047585840017,0.5866279120881199,0.2341432273601685
864,0.9237837837837837,6.766454077242655,6.706509149887203,7.24165044472241,6.513397990469043,6.427317367537757,6.827946197783466,6.034364859212239,6.035906910550675,5.65834981151031,5.108089697352064,5.053234293687,3.507814456380415,0.3355137046955503,0.059635798336743366,0.13694059471681064,0.09055818678451973,0.2953260345982674,0.0759700218068593,0.5876703748040003,0.23423627896044427
865,0.9242742742742742,6.768581492592967,6.7088927948501995,7.244189513684561,6.515748980585595,6.429607106222496,6.830615934508587,6.0364819550145885,6.038049765695688,5.6584194470439115,5.107137954949679,5.052350420382003,3.5067411535970847,0.3359893732885582,0.05969517889795297,0.13690290718440115,0.09061850412268486,0.2957575610384871,0.07621992563113586,0.5887182557261431,0.23432754191535807
866,0.9247647647647648,6.770706924652978,6.711277050164019,7.246722324692335,6.518093770421207,6.431892412036267,6.8332754436440215,6.038582845979242,6.040181072154209,5.658470537634619,5.106150339614842,5.051435441135739,3.505650707205809,0.33646873211780953,0.059754392025832194,0.13686713486861515,0.09067772917991593,0.29619276996664384,0.07647018579797699,0.5897716122352248,0.23441699447131625
867,0.9252552552552552,6.772830335170619,6.713661848886539,7.249248466167041,6.520432357611758,6.434173309670951,6.835924700439208,6.040667427108608,6.042300752503964,5.658503000274455,5.105126544125394,5.050489096479595,3.50454297414299,0.3369517933717719,0.059813438573049486,0.13683320330965157,0.09073581710519821,0.2966316994566173,0.07672080051086598,0.5908305086540981,0.2345046205970085
868,0.9257457457457456,6.774951670923756,6.716047119145309,7.251767598869341,6.522764742906457,6.436449828031279,6.8385636741175135,6.042735603842631,6.0444087213528395,5.658516754990387,5.1040662594162525,5.049511126353928,3.50341790187065,0.33743856762969726,0.059872317201264305,0.13680104545081714,0.09079273175287143,0.2970743869739075,0.0769717668510744,0.5918949973496304,0.23459039135548362
869,0.9262362362362362,6.777070876004384,6.718432782507598,7.254279287404942,6.525090926384125,6.438722001097692,6.84119235243161,6.044787280122757,6.046504899234661,5.658511716662827,5.102969175573166,5.048501268544822,3.50227528211953,0.33792906812951046,0.059931031069485656,0.13677057565691753,0.0908484275965083,0.29752087340824523,0.07722308421291633,0.5929651535637903,0.2346742998139803
870,0.9267267267267267,6.779187892644759,6.7208187577634,7.256783062638592,6.527410905193431,6.4409898685932445,6.843810690903042,6.046822365667216,6.048589212150964,5.658487804514333,5.101834980231209,5.047459263681815,3.501115051579037,0.33842329947835037,0.05998957913517011,0.13674170699576635,0.09090285254212739,0.2979711931341751,0.07747474874053269,0.594041033753168,0.23475631878304642
871,0.9272172172172172,6.781302635806054,6.723204956836743,7.259278497597351,6.5297246760326475,6.4432534757551965,6.846418686659125,6.048840770982589,6.050661572913572,5.6584449374249814,5.100663361268781,5.0463848462486975,3.499937061532809,0.33892127145745043,0.060047963426637534,0.1367143469408395,0.0909559643720424,0.2984253891272163,0.07772675971538391,0.5951227057477069,0.23483643254865944
872,0.9277077077077076,6.783415024346992,6.725591287102564,7.261765106199257,6.5320322345358335,6.445512874558652,6.849016290832419,6.050842412871133,6.052721908304274,5.658383031990679,5.0994540041246506,5.04527775568149,3.4987411682959206,0.33942299008102583,0.06010618555590796,0.13668840015146538,0.09100770993485095,0.298883495922722,0.07797911290344875,0.5962102388883245,0.2349146253388572
873,0.9281981981981982,6.785524979671198,6.727977651365695,7.264242435948531,6.534333580241536,6.447768121405058,6.851603479591994,6.052827204693292,6.0547701439381445,5.658302009490492,5.098206594342973,5.044137727161332,3.4975272673399487,0.3399284616955941,0.06016424640081779,0.13666377102547572,0.09105804192695778,0.299345552875659,0.0782318054282335,0.5973036974589591,0.23499087543763944
874,0.9286886886886887,6.787632391171757,6.7303639464303675,7.266709947117134,6.536628715391913,6.450019281171174,6.854180233096374,6.054795070457953,6.056806207110324,5.658201788838927,5.0969208169704565,5.042964497655998,3.4962952087758774,0.34043768919775963,0.06022214850135306,0.1366403436340146,0.09110690461183511,0.2998116000944122,0.07848483512596288,0.5984031535659677,0.2350651679522707
875,0.9291791791791791,6.7897371612217965,6.732750066674079,7.269167169105599,6.538917623504152,6.452266424440316,6.856746511258961,6.056745928206353,6.058830010314374,5.658082289041192,5.095596356094821,5.0417578001288925,3.495044862742284,0.3409506781082487,0.06027989350215716,0.13661801839875035,0.09115424837498912,0.3002816758654999,0.07873819704665394,0.5995086741414122,0.2351374845445926
876,0.9296696696696696,6.791839174587002,6.735135900226087,7.271613456826467,6.541200303916809,6.454509629301557,6.85930228009223,6.058679708730886,6.0608414871455585,5.657943434095501,5.094232896664229,5.040517370999578,3.4937761319081657,0.34146742359722204,0.06033748256035162,0.1365966627682845,0.09120000418466895,0.3007558171118041,0.0789918872084704,0.6006203264067168,0.2352078031095452
877,0.9301601601601601,6.793938316311197,6.737521330328362,7.274048387197531,6.543476757731072,6.4567489790980925,6.861847513248618,6.060596336844648,6.062840559213846,5.6577851429899,5.092830122540585,5.039242944283124,3.49248884501159,0.3419879341833854,0.06039491931351932,0.13657617354075172,0.0912441295613792,0.3012340662039208,0.07924590163492314,0.6017381854653054,0.23527611160828105
878,0.9306506506506507,6.796034465016914,6.739906238558893,7.2764712447481115,6.54574697900492,6.4589845670649355,6.864382165449453,6.062495744685236,6.064827150689333,5.6576073393380595,5.091387719106036,5.037934252965683,3.491182871331977,0.3425122031111336,0.06045220580428104,0.13655640634443642,0.09128654638581704,0.3017164610836918,0.07950023423851843,0.6028623225810865,0.23534239244848026
879,0.9311411411411411,6.798127482498769,6.742290499341038,7.278881699555681,6.54801095995681,6.461216492462206,6.866906207660965,6.064377861229847,6.066801200065407,5.657409944652463,5.089905372121685,5.036591027468428,3.4898580526379073,0.3430402407817543,0.06050934607675086,0.13653726619198986,0.0913272239332304,0.3022030413387583,0.07975488108942462,0.603992814628847,0.23540663211183369
880,0.9316316316316315,6.800217249459326,6.744673986998329,7.2812789300354535,6.55026869265811,6.463444862705589,6.8694195938440945,6.066242624299254,6.068762617130118,5.657192881248946,5.088382767769537,5.03521300086567,3.48851429555734,0.3435720342560869,0.060566341105064904,0.13651859094583793,0.0913660713186847,0.30269384801332694,0.0800098350578422,0.6051297258900159,0.23546880789050217
881,0.9321221221221221,6.802303612624934,6.74705656907728,7.28366250660158,6.5525201778343165,6.465669791147002,6.871922282476965,6.068089970573465,6.070711337009501,5.65695607352331,5.086819593820744,5.033799905883715,3.4871513976577826,0.34410759042811967,0.06062319633495577,0.13650026655032993,0.09140304536237852,0.3031889211136925,0.08026509000806456,0.6062731400584791,0.2355289128961914
882,0.9326126126126126,6.804386442322647,6.74943811159269,7.286031759296309,6.554765405657873,6.467891401539905,6.874414235014973,6.069919836430054,6.07264727701004,5.6566994455531106,5.085215539581665,5.032351472580274,3.485769258064837,0.34464690265753295,0.06067991372243876,0.13648214693816071,0.09143807374284232,0.30368830372471745,0.08052063891633122,0.6074231236206592,0.23558692571568932
883,0.9331031031031031,6.806465604962584,6.751818477449807,7.288386141493987,6.557004374889852,6.470109823444178,6.87689540459984,6.071732165455551,6.0745703646345035,5.656422919435042,5.083570295503646,5.030867427999322,3.4843676903494356,0.3451899730165927,0.06073649807737342,0.13646410199861783,0.0914710977053526,0.3041920375787254,0.08077647462476438,0.6085797579517241,0.23564283727317617
884,0.9335935935935935,6.808540944945528,6.754197526886996,7.290725096556899,6.559237071309999,6.472325193632339,6.879365744849956,6.073526895413791,6.076480524248586,5.656126418514649,5.081883554625085,5.029347505261253,3.4829465587088793,0.34573679953116426,0.06079295302630629,0.13644599736544394,0.09150205858182403,0.3047001647582124,0.08103258948010428,0.6097431147274871,0.2356966318764101
885,0.934084084084084,6.810612329393128,6.756575117075804,7.293047988315889,6.561463491592933,6.474537657475395,6.881825203013791,6.07530397294852,6.078377670252668,5.6558098653600295,5.0801550123593096,5.027791427951982,3.481505706055059,0.3462873790789683,0.060849282533151826,0.13642768810442965,0.09153088623530678,0.30521272951516115,0.08128897451509194,0.6109132694719163,0.23574829644284787
886,0.9345745745745746,6.812679615188054,6.758951104584207,7.295354329914777,6.563683633117533,6.47674736731328,6.884273733833493,6.0770633410713915,6.080261736462944,5.655473183286452,5.078384365950705,5.026198925829829,3.480044992459773,0.3468417134388421,0.060905490808426395,0.1364090471313828,0.09155752871989509,0.30572977590409217,0.08154562194956244,0.6120902964593015,0.23579781639472924
887,0.935065065065065,6.814742676799137,6.761325342556191,7.297643461081849,6.565897487823453,6.478954482796892,6.886711288263009,6.0788049431853866,6.0821326319761315,5.655116290211882,5.076571315919821,5.024569725277987,3.47856419084662,0.34739980166501006,0.06096158388895149,0.13638992458526242,0.09158191266663883,0.3062513520052895,0.08180252276133963,0.6132742782910515,0.23584518917737338
888,0.9355555555555555,6.816801370229041,6.763697684015042,7.299914919056071,6.568105045733978,6.481159170384757,6.889137798570609,6.080528729046586,6.083990272938076,5.654739106024901,5.074715566021586,5.022903550287949,3.4770632253907956,0.34796164355464865,0.061017564186318436,0.13637019850384982,0.09160398678438136,0.30677750167664286,0.08205966649789871,0.6144652777761219,0.23589039144648258
889,0.936046046046046,6.818855566965474,6.766067979805771,7.302168131404324,6.570306297722276,6.483361602408779,6.89155322070622,6.082234644309673,6.085834574771095,5.654341548844475,5.07281682274247,5.021200126591407,3.475541857579527,0.34852724212670805,0.06107343863294729,0.13634972857305389,0.09162368801488728,0.30730827413226336,0.08231704463388467,0.615663379672955,0.2359334229653604
890,0.9365365365365366,6.820905153578304,6.768436082141955,7.304402641512378,6.572501244679619,6.4855619585923066,6.893957492085414,6.083922635952139,6.087665451220895,5.653923531342809,5.070874797406722,5.01945917735434,3.4739999353208164,0.34909660236034157,0.06112921180468708,0.13632839378960473,0.09164096375286257,0.3078437192631467,0.08257464691448864,0.6168686550606715,0.2359742718982503
891,0.937027027027027,6.822950011727759,6.770801840301359,7.30661799601836,6.574689864067202,6.487760424500188,6.896350554067088,6.08559265174773,6.089482800849391,5.653484966899055,5.068889203784431,5.0176804255716485,3.472437294136072,0.3496697294748902,0.06118488864582533,0.13630607446066634,0.09165576284819595,0.3083838869654045,0.082832463104199,0.6180811745017616,0.23601292809211963
892,0.9375175175175174,6.824990040001235,6.773165104953104,7.308813724747931,6.57687216022938,6.4899571908656934,6.8987323506822555,6.0872446406127425,6.091286545390157,5.653025767567378,5.066859761416518,5.015863592170116,3.470853748009181,0.3502466296995317,0.06124047499271301,0.13628264608465657,0.09166803048334092,0.30892882883388695,0.0830904837862699,0.6193010144685998,0.2360493852974985
893,0.938008008008008,6.827025148926289,6.775525728044009,7.310989380646515,6.579048113157117,6.4921524528861765,6.901102810295379,6.088878551119888,6.093076578962214,5.652545834594217,5.064786192655603,5.01400839973447,3.4692491482402383,0.35082730907330006,0.061295975209720854,0.13625799456764098,0.09167771296145494,0.30947859692814145,0.08334869838966162,0.6205282397725039,0.2360836323425664
894,0.9384984984984985,6.829055251127368,6.777883560259873,7.313144662482543,6.581217714619358,6.494346409692126,6.903461889810573,6.090494331026309,6.094852797176597,5.6520450701110985,5.062668225672906,5.012114564762952,3.4676232823434643,0.35141178340435264,0.06135139608031875,0.13623202064077655,0.09168477540811293,0.3100332494876142,0.08360709853141739,0.6217629247235799,0.23611566704255713
895,0.938988988988989,6.831080287801511,6.780238455301868,7.315279232545481,6.5833809566060735,6.496539265244499,6.905809513250379,6.092091927803947,6.09661510594418,5.651523370231081,5.060505593384611,5.010181808898386,3.465975921280648,0.35200006811706663,0.06140674444536755,0.13620462835599273,0.09168917405383083,0.3105928401444301,0.08386567394796537,0.6230051451749893,0.2361454907276553
896,0.9394794794794794,6.833100197617055,6.782590269466705,7.317392822863741,6.585537822954529,6.498731226854527,6.908145615389817,6.093671289551417,6.098363389484278,5.650980629106372,5.058298033470273,5.008209848668245,3.4643069260821426,0.35259217819057187,0.06146202475572426,0.1361757310092832,0.09169087412647335,0.3111574267253895,0.08412441466809739,0.6242549606587701,0.23617309194251776
897,0.93996996996997,6.835114952839886,6.784938856902331,7.319485167121122,6.587688305279122,6.5009225029248965,6.910470142337144,6.0952323645162,6.100097526822742,5.650416729310156,5.05604528948776,5.006198403988496,3.462616143124648,0.3531881308087443,0.0615172418318398,0.1361452437644481,0.0916898401934293,0.3117270723883202,0.08438331268865358,0.6255124290802726,0.23619846238486986
898,0.9404604604604605,6.8371245194476495,6.787284078314088,7.321556182011065,6.589832376828564,6.503113301283844,6.912783028370286,6.0967750942172545,6.101817427198402,5.649831552852254,5.053747110215262,5.004147188197871,3.4609032831504716,0.35378795628734916,0.06157240463874741,0.1361131127720919,0.09168605752929311,0.31230183251840177,0.08464236114199486,0.6267776314945364,0.23622161317497434
899,0.9409509509509509,6.839128908741755,6.7896257964011495,7.323605675552729,6.591970034234641,6.505303833785834,6.915084206642726,6.098299429286841,6.103522948060116,5.649224971331,5.051403250191985,5.002055917671166,3.459168128539189,0.35439167993328724,0.06162751938207809,0.13607927149540583,0.09167949539551115,0.3128817739912344,0.08490155110779311,0.628050629627239,0.23624254572142997
900,0.9414414414414414,6.841128134223368,6.791963875375964,7.325633689607503,6.5941012502608505,6.507494310950957,6.917373624478729,6.0998053134279,6.105213976945984,5.6485968497048,5.049013469956417,4.999924310282157,3.4574105755076427,0.35499933170196374,0.0616825898692104,0.1360436893842558,0.09167015194368516,0.313466959693876,0.08516087804342598,0.6293314700304554,0.23626124698432954
901,0.9419319319319319,6.843122231155176,6.7942981843458705,7.327640284261683,6.596226010965662,6.509684939355806,6.919651204124476,6.101292688807744,6.106890380941306,5.647947047119116,5.046577536774107,4.997752079861907,3.455630357915867,0.3556109506072421,0.06173762382292459,0.1360063446624041,0.09165802376029146,0.31405745426138576,0.08542033465658051,0.6306202183465552,0.23627772662073707
902,0.9424224224224225,6.845111268354344,6.796628596879586,7.329625455552057,6.59834428939804,6.511875925450723,6.921916917144262,6.10276149889864,6.108552037780332,5.647275413181892,5.044095223389826,4.995538940538314,3.453827245364178,0.3562265732181391,0.061792628224593624,0.135967206546923,0.0916431024609567,0.31465332721694733,0.08567992048645663,0.6319169345576109,0.2362919904680827
903,0.9429129129129129,6.847095323350426,6.798954990986441,7.3315894572490405,6.600456065671274,6.514067470598409,6.924170682419569,6.10421168700836,6.110198800571805,5.646581783858442,5.041566308778862,4.99328460717249,3.4520010510336463,0.35684624549533234,0.06184760846286062,0.13592629081020505,0.09162540455105987,0.3152546463069741,0.0859396308127359,0.6332216657649373,0.23630403896821703
904,0.9434034034034033,6.849074504532622,6.801277249132921,7.333532609418371,6.6025613080127705,6.516259771728998,6.926412444688681,6.105643188974538,6.111830544698755,5.645865995288316,5.038990579352744,4.990988797081722,3.450151536042847,0.3574700195651285,0.06190257159931498,0.13588362655368647,0.09160495508783421,0.31586147849035323,0.08619946496708353,0.6345344673429377,0.23631388092107955
905,0.9438938938938939,6.851048933419366,6.803595257014285,7.335455179984865,6.604659994537191,6.518453018673731,6.928642167405458,6.107055949449944,6.113447119703257,5.645127868596077,5.036367827271557,4.988651223854889,3.448278396378639,0.3580979495158425,0.06195752634983909,0.1358392345856817,0.09158177383099358,0.31647389847736895,0.08645942504939816,0.6358553991639678,0.236321534701731
906,0.9443843843843844,6.853018763999574,6.805908908447508,7.337357696822372,6.606752088466676,6.520647394016167,6.930859789701269,6.108449904453906,6.1150483825431525,5.644367210772304,5.033697852021076,4.986271604245115,3.446381497131967,0.35873009423808117,0.06201247658345784,0.1357931859484695,0.09155590730657381,0.31709197647452053,0.08671951366086325,0.6371844928791066,0.23632699665047804
907,0.9448748748748749,6.8549841798540125,6.8082181024350685,7.339240631125595,6.608837554047439,6.522843074638473,6.933065274170294,6.109824987566916,6.116634196276764,5.64358382691043,5.030980458863606,4.98384965497109,3.444460557276953,0.3593665180140695,0.062067430104259566,0.13574554579423956,0.09152739580441042,0.3177157851523494,0.08697973650298425,0.6385218007161928,0.23633028408967646
908,0.9453653653653653,6.856945369330265,6.810522743537164,7.341104565726718,6.610916363013981,6.5250402216580925,6.935258571913422,6.111181138381962,6.118204396664619,5.642777504524983,5.02821546029693,4.981385097005363,3.442515355795277,0.36000728759412637,0.06212239286969237,0.1356963997929545,0.09149629162047279,0.31834539994560485,0.08724009999203085,0.6398673589266601,0.2363314072326037
909,0.9458558558558559,6.85890257666306,6.812822744122876,7.342950316637248,6.612988472509542,6.52723899053229,6.937439642807323,6.1125182913811145,6.119758845720406,5.641948023043107,5.025402676275437,4.978877649616433,3.440545581859595,0.3606524859171131,0.06217737331771758,0.13564587825295657,0.09146267218782836,0.31898089273788044,0.08750061449366896,0.6412212178202464,0.2363303900970113
910,0.9463463463463463,6.860856025797779,6.815118021677759,7.344778696752222,6.6150538254148525,6.529439519490992,6.939608459342622,6.113836377031569,6.12129739722757,5.641095149235212,5.022541932260274,4.9763270341095645,3.438551040915338,0.36130218983755646,0.06223237678002666,0.1355941115675003,0.09142661757294343,0.3196223362851165,0.08776129391431328,0.6425834061775327,0.23632724154992002
911,0.9468368368368367,6.862806005283596,6.81740849934906,7.3465905733284895,6.617112396524582,6.5316419356088335,6.941764991502367,6.115135326200717,6.122819883564341,5.640218640225841,5.019633061258342,4.973732977465533,3.4365314124806625,0.3619564872251661,0.06228741137292641,0.1355412455293763,0.09138820997860658,0.3202698104225365,0.0880221518101015,0.6439539646577952,0.23632198892344072
912,0.9473273273273273,6.864752800318688,6.819694112638554,7.3483869739434216,6.619164119115997,6.533846347609065,6.943909218855659,6.116415070299189,6.124326166463052,5.6393182400481034,5.0166759019762015,4.971095207494271,3.434486494760005,0.3626154668940713,0.06234248231539644,0.1354874577227135,0.09134755245039834,0.32092338527328845,0.08828320832062438,0.645332918226473,0.2363146449502407
913,0.9478178178178178,6.866696716163031,6.821974798732923,7.350169032325099,6.621208951844563,6.536052849749373,6.9460411073598864,6.117675546459023,6.125816107531975,5.638393678800349,5.013670300772478,4.968413456270074,3.432415920330253,0.36327922997012874,0.062397599260973484,0.13543294463741964,0.09130475809576132,0.32158313177675335,0.08854448467691575,0.6467203128940049,0.23630524699566444
914,0.9483083083083083,6.868638095947543,6.8242505061066705,7.351937891960902,6.62324682834593,6.53826151620978,6.948160661949669,6.1189166699644115,6.127289533872441,5.637444682315907,5.010616109569027,4.965687458572732,3.4303194791259437,0.36394787373387305,0.06245276683485292,0.13537791217866266,0.0912599434936588,0.32224912876193046,0.08880600487454494,0.6481161619183403,0.2362938103883857
915,0.9487987987987987,6.87057728126888,6.8265211890563915,7.353694932035752,6.625277684694338,6.540472404915046,6.950267855715179,6.120138378181269,6.128746322656893,5.636470957700564,5.007513187684486,4.962916956089761,3.42819692297405,0.3646215054876027,0.06250799131788591,0.13532260760317502,0.09121325032499958,0.32292144071359274,0.08906779754946302,0.6495204897373771,0.23628035927804075
916,0.9492892892892892,6.87251464618877,6.828786812411873,7.355441511014949,6.627301470381786,6.542685547671594,6.952362709368215,6.121340595560707,6.130186324468661,5.63547220635988,5.004361399940208,4.960101692569732,3.426047793033858,0.3653002434817868,0.0625632843223732,0.13526727633751393,0.09116482054016498,0.32360014371582185,0.08932989519204514,0.6509333436473463,0.23626494702523237
917,0.9497797797797798,6.874450558368861,6.831047344912831,7.357179031274286,6.629318099094549,6.544900960917952,6.954445210688667,6.12252324620062,6.13160939306424,5.634448115783332,5.001160617100507,4.957241420929115,3.4238719858877524,0.36598419061675275,0.06261864739201398,0.13521218197996687,0.09111480021530197,0.32428530328350813,0.08959233130079808,0.6523547156978649,0.23624757980934966
918,0.9502702702702702,6.876385418810204,6.833302767604377,7.358909157773114,6.631327523135008,6.547118632593589,6.956515369984775,6.123686260016769,6.133015416689213,5.633398365212012,4.997910716644058,4.954335899011217,3.421669102543543,0.3666734755185805,0.0626740906380728,0.13515762802354164,0.09106336574131817,0.3249769850164929,0.08985514538221058,0.6537846436830692,0.2362283069004553
919,0.9507607607607607,6.878319622235537,6.8355530674077585,7.360633414012714,6.633329651713509,6.549338528653346,6.958573201261115,6.124829555589691,6.134404241168606,5.632322625007224,4.994611581538455,4.951384892259961,3.4194387652646987,0.3673682191790159,0.06272962265441619,0.1351039063105834,0.09101067967354293,0.32567525469633335,0.09011837778001466,0.6552231513576917,0.23620717492634322
920,0.9512512512512512,6.880253576513978,6.837798238432449,7.362353565708366,6.635324411907268,6.5515605892944215,6.960618731760796,6.125953062341167,6.1357757759123155,5.631220556997913,4.99126310015573,4.948388172851929,3.417180791643584,0.3680685441055198,0.06278524764880437,0.13505134591707352,0.09095693352184135,0.32638016933965586,0.09038207645950784,0.6566702419817849,0.2361842066931194
921,0.9517417417417418,6.882187687723245,6.8400382865792695,7.364071352566031,6.637311714684611,6.553784732269731,6.9626519764250645,6.12705670027278,6.137129888408881,5.630091809127322,4.9878651673739824,4.945345520177326,3.414894760658143,0.3687745820853881,0.06284097532144912,0.1350002809634203,0.09090231569597977,0.32709178804367817,0.09064628879049555,0.6581259419296356,0.23615945854905138
922,0.9522322322322322,6.884122357146211,6.842273223064452,7.365788653491724,6.639291491692223,6.556010844898506,6.964672984961906,6.128140396138904,6.138466474868269,5.628936034642976,4.984417682855879,4.942256726873479,3.4125804287833676,0.3694864622539486,0.06289681134269716,0.13495106217589012,0.09084703467072434,0.3278101676230998,0.09091106783662277,0.6595902551731387,0.23613296441453557
923,0.9527227227227226,6.886057985503565,6.844503067257124,7.367507245399116,6.641263657369375,6.558238789480134,6.9666817837416195,6.129204068961418,6.139785437748546,5.627752866193745,4.9809205509672125,4.939121594947588,3.4102373898962877,0.37020431546761084,0.06295276513756563,0.13490403610621104,0.09079128646832503,0.3285353585979706,0.09117646899457457,0.6610632039885309,0.23610478270865812
924,0.9532132132132132,6.887994969399907,6.8467278491423915,7.369229099489449,6.64322810999648,6.560468401373709,6.9686784070993495,6.130247645269817,6.141086696053699,5.626541948155078,4.977373683559119,4.93593993116551,3.4078653564043067,0.3709282745968228,0.06300884315526564,0.13485958345928525,0.09073529178285628,0.3292674012224264,0.09144255043304463,0.6625447969002222,0.2360749566703778
925,0.9537037037037037,6.889933690224942,6.848947602123233,7.3709560848278235,6.6451847754047835,6.5626994871450846,6.970662912352827,6.131271042837069,6.142370166770226,5.625302905784812,4.973776994684812,4.932711559097778,3.4054639705538925,0.3716584705330226,0.06306505378623138,0.13481806529928636,0.09067926282537904,0.330006343225073,0.09170937476108737,0.6640350455106918,0.23604354135631814
926,0.9541941941941942,6.891874512705302,6.851162372214996,7.372690118405187,6.647133558958026,6.564931826980719,6.972635340054109,6.1322741871625155,6.143635785721494,5.624035372429229,4.970130405617116,4.92943631420855,3.40303294533249,0.3723950307482821,0.06312140346634955,0.1347798582508295,0.09062341806278566,0.330752218109307,0.09197700586734524,0.6655339534310348,0.23601058392777097
927,0.9546846846846846,6.893817763844681,6.85337220977929,7.374433162906706,6.6490743768298,6.567165175031847,6.974595743326629,6.133256996290671,6.1448834694533385,5.622738978504454,4.96643384198346,4.926114043553211,3.4005718874745936,0.3731380875625937,0.06317790152888296,0.13474534110588152,0.09056798518552196,0.3315050632884087,0.09224550859002037,0.6670415330515526,0.23597614702032216
928,0.9551751751751751,6.895763777606147,6.85557717300816,7.376187087001708,6.651007133857128,6.569399255284537,6.976544191512521,6.134219390632955,6.14611319536368,5.621413354335396,4.962687234346006,4.922744605281465,3.398080414992248,0.3738877673894191,0.06323455738671871,0.13471488484736102,0.090513183611474,0.33226490337688336,0.09251495489082369,0.6685578019481914,0.23594029457359186
929,0.9556656656656657,6.897712840140923,6.8577773310294425,7.377953838586418,6.652931750262981,6.571633769653991,6.978480719008083,6.135161292148273,6.147324897014781,5.620058134567364,4.958890518394842,4.9193278715189965,3.39555823155406,0.3746441938787771,0.06329137762460404,0.1346888726157688,0.09045924162958774,0.3330317624589646,0.09278541147564365,0.6700827570348687,0.23590307914940536
930,0.9561561561561561,6.899665186686635,6.859972751735451,7.379735166439529,6.654848128661244,6.573868392444601,6.980405396660653,6.136082618443385,6.148518550667707,5.618672965162777,4.955043636088095,4.9158637366956475,3.393005114746725,0.3754074744713193,0.06334836771202298,0.13466765244645287,0.09040637242633187,0.3338056561598976,0.09305695100057243,0.6716163875780812,0.23586454579693525
931,0.9566466466466466,6.901621037967131,6.8621635174236,7.381532848656991,6.656756196163807,6.576102776207826,6.98231826925177,6.136983284752228,6.149694139238706,5.6172574756715505,4.951146532750319,4.912352094890744,3.390420582411423,0.3761777288638344,0.06340553978063075,0.1346515799791589,0.09035479089279667,0.3345865984849251,0.09332964656460428,0.6731587182537221,0.23582477656471962
932,0.9571371371371371,6.903580566409759,6.864349713741334,7.383348578992428,6.658655880686585,6.57833654804814,6.984219391624411,6.1378632112894795,6.150851614848803,5.615811334146294,4.947199161016205,4.908792870870922,3.3878043083644527,0.37695506231927883,0.06346290183320209,0.13464099424805204,0.09030470686381074,0.3353745994915915,0.09360356717218744,0.6747097474940887,0.23578383251410037
933,0.9576276276276277,6.905543888627174,6.866531433065424,7.385183931760772,6.660547091561207,6.580569317243247,6.986108833521078,6.138722306998149,6.151990985830714,5.614334200999649,4.943201479241065,4.90518599544165,3.385156003998106,0.37773956978770595,0.06352046160863643,0.1346362130050559,0.09025632177865774,0.33616966072359117,0.09387878802822676,0.6762694719891756,0.2357417721171997
934,0.9581181181181181,6.907511076534452,6.8687087747033555,7.387040378505537,6.662429771562339,6.582800673289043,6.987986627984136,6.139560484730278,6.15311221934197,5.6128257498130685,4.939153451554507,4.901531420450871,3.382475405009538,0.3785313379108072,0.06357822570136508,0.13463753699231645,0.09020982430727488,0.3369717838778437,0.09415537740817964,0.6778378775399158,0.23569865108042537
935,0.9586086086086085,6.909482146608029,6.870881838567514,7.38891921858316,6.664303851291201,6.585030188498394,6.989852821075371,6.140377655437451,6.154215325369889,5.611285676760318,4.935055049755598,4.897829106392332,3.3797621343600133,0.3793304465023066,0.06363620449779007,0.13464523645238152,0.0901653886540705,0.3377809590905375,0.09443340551658477,0.6794149731012569,0.23565454185541565
936,0.9590990990990991,6.911457062935283,6.873050734401295,7.390821599976001,6.666169281633866,6.587257423032108,6.991707452463626,6.141173722807152,6.155300278805924,5.609713684988015,4.9309062512025905,4.894079034688675,3.3770159649847162,0.38013695982738377,0.06369440412582712,0.1346595533013795,0.09012317337400576,0.33859718187253945,0.09471293845162718,0.6810007369598471,0.23560949705877138
937,0.9595895895895896,6.913435689931449,6.875215577596558,7.39274860523676,6.668026018928986,6.589481924753171,6.993550540974103,6.1419485844412405,6.156367049971062,5.608109504429453,4.926707043573316,4.890281209860824,3.374236545377184,0.3809509385450088,0.06375283449472646,0.1346807103805788,0.09008333324762113,0.3394204413911994,0.09499403700789313,0.6825951629145176,0.2355635872686943
938,0.9600800800800801,6.9154178967369555,6.87737648377092,7.39470102001549,6.669874030470851,6.591703235173788,6.995382127766286,6.142702139375609,6.157415647547205,5.606472880005228,4.922457421697828,4.886435635980136,3.3714236586643986,0.38177242409363144,0.06381150228647511,0.13470888436707282,0.09004599062001607,0.34025072278316326,0.09527676416333095,0.6841982322341476,0.23551686564425123
939,0.9605705705705705,6.917403414720273,6.8795335750334,7.396679284048009,6.671713288923632,6.5939208898839015,6.9972022115822545,6.143434274424357,6.158446006522453,5.604803574610115,4.9181573894461765,4.882542344014942,3.3685769117585522,0.3826014436410848,0.06387041851507531,0.1347441890774459,0.09001123124655773,0.34108801480009066,0.09556117187415525,0.6858099366593825,0.23546940899984362
940,0.961061061061061,6.9193919689399825,6.881686976801068,7.398683963227286,6.673543784124814,6.5961344251887715,6.999010784861608,6.144144876029065,6.159458106435258,5.603101380610986,4.913806963507506,4.878601375230948,3.365696261930218,0.3834380125854973,0.06392958545339374,0.1347867544795734,0.08997915484602392,0.3419322972089894,0.09584730994671124,0.6874302245267649,0.23542124780488105
941,0.9615515515515516,6.921383163717143,6.883836821001646,7.400715279242095,6.675365526873753,6.598343378652664,7.00080784276949,6.144833813422582,6.160451851853408,5.601366121755787,4.909406169927558,4.874612787531869,3.362781500800221,0.3842821337220173,0.06398900973451366,0.1348366405652724,0.0899498268342186,0.3427835621896895,0.0961352179478169,0.6890590555885323,0.235372433207631
942,0.962042042042042,6.923376567255881,6.885983235589404,7.402772851470185,6.677178507437,6.6005472980662665,7.002593349394893,6.1455009583134395,6.161427153962285,5.599597627783577,4.904955047574178,4.870576647709909,3.359832218275324,0.3851337889466631,0.06404870314486559,0.13489382031996575,0.08992324248366067,0.3436417937475975,0.09642493240723027,0.6906964178387811,0.2353230453189312
943,0.9625325325325325,6.925371665660254,6.888126359406557,7.404856547509102,6.678982786805389,6.60274574046514,7.004367259763664,6.146146160439001,6.162383931720691,5.5977957721322715,4.9004536506435805,4.866493038021414,3.3568484202624713,0.385992949038236,0.06410866729931612,0.13495828208886518,0.08989942627424923,0.344506981882093,0.09671648030403222,0.6923422388624639,0.2352731073069766
944,0.963023023023023,6.927367898861099,6.890266326753312,7.406965692784051,6.6807783985662335,6.604938279209733,7.006129505151324,6.146769263532933,6.163322006037935,5.595960454344004,4.895902047929394,4.862362049362455,3.353829925494739,0.38685956677066513,0.06416890757935924,0.135029933429925,0.08987834047498465,0.3453791228348159,0.09700987655762261,0.6939964586925373,0.23522266548541643
945,0.9635135135135136,6.929364606783839,6.892403279993702,7.409099231589527,6.682565432599159,6.60712450963212,7.0078800350495465,6.147370104708548,6.1642412012042795,5.594091594756409,4.891300323151517,4.8581837843453615,3.350776586626024,0.3877335728849196,0.06422942959364475,0.13510859944994533,0.089859906529878,0.34625822427282527,0.09730513173438288,0.6956590111360199,0.2351717622212533
946,0.964004004004004,6.9313611130221755,6.894537360121045,7.411256093070123,6.684343947399758,6.609304052292671,7.009618708271673,6.147948495870968,6.165141290321909,5.5921891574371285,4.886648581152577,4.853958352816854,3.3476883350987205,0.38861489111301056,0.06429023532524852,0.13519411451803054,0.0898440369557018,0.347144284573938,0.09760223843468595,0.6973298097600875,0.2351204269295626
947,0.9644944944944944,6.933356623211136,6.896668708450197,7.413434776400176,6.686114061251232,6.611476556699013,7.011345436311219,6.148504230047089,6.166021988767187,5.590253114713425,4.881946942987058,4.849685869022814,3.3445650666108846,0.3895034250984733,0.06435132862859652,0.1352862132570724,0.08983060151659679,0.3480373324817636,0.09790118410972404,0.6990087604288204,0.2350686927697922
948,0.964984984984985,6.9353503924604,6.898797471873999,7.415633467689483,6.687875885912102,6.613641706146917,7.0130600612702985,6.149037094249855,6.166882988418133,5.588283471585887,4.877195554764528,4.845366455381376,3.341406816306143,0.39039905912481426,0.06441270821483061,0.13538459903755695,0.08981942305974078,0.3489373901836622,0.09820194302901811,0.7006957444669407,0.2350165736603507
949,0.9654754754754755,6.937341516084106,6.900923792647877,7.417850018050723,6.689629575957937,6.615799227809537,7.014762434496506,6.149546851265905,6.16772388065919,5.5862802761913475,4.872394582319891,4.841000234739497,3.3382134249800277,0.39130166592063076,0.06447437836184804,0.13548888904133774,0.08981029102041309,0.34984450556616026,0.09850447336291061,0.7023906566058843,0.23496410555930353
950,0.965965965965966,6.939329146226723,6.90304782142011,7.420082330982971,6.691375289560443,6.617948888729669,7.016452364077577,6.1500332408859615,6.168544227523237,5.58424358740401,4.867544215557929,4.836587325544255,3.3349850996709955,0.39221110716760255,0.06453633233122562,0.13559871744618832,0.08980299131623473,0.35075873256927326,0.09880872290535442,0.7040933296867891,0.23491127393924496
951,0.9664564564564564,6.941312357213734,6.905169701542745,7.422327617589678,6.693113214558986,6.620090505293982,7.01812962879752,6.150495975510525,6.169343500980705,5.582173480627903,4.862644672142807,4.832127848187329,3.3317217626889213,0.3931272240367229,0.06459857018330363,0.1357135986777179,0.08979722748760192,0.35168014693903826,0.09911462420251087,0.7058036188593073,0.23485810056503667
952,0.9669469469469469,6.943290226321783,6.907289582488178,7.424583028592443,6.694843536480764,6.6222239460437375,7.0197940222936195,6.150934752957363,6.170121137022249,5.580070076684284,4.857696196190485,4.827621925128495,3.3284235357373135,0.39404984658349756,0.06466108648713946,0.13583303036794064,0.08979269362682711,0.3526088345320094,0.09942209933879241,0.7075213455343717,0.23480457801550592
953,0.9674374374374375,6.9452618016910765,6.909407608106592,7.426845551900395,6.696566483347912,6.62434913299402,7.021445277019793,6.1513492277551505,6.170876464319802,5.577933482741538,4.852699059459115,4.82306966116636,3.325090429051087,0.39497880357206405,0.06472387712577675,0.13595647651182047,0.08978905703754887,0.3535449100196113,0.09973105386792738,0.7092463220355779,0.23475071085671328
954,0.9679279279279279,6.947226157212467,6.911523928780344,7.429111802369755,6.698282304999366,6.626466049977935,7.023083139358513,6.151739039095505,6.171608761801844,5.575763848612271,4.847653564579943,4.818471156653197,3.321722621800415,0.39591390221981193,0.06478693291879656,0.13608333764905262,0.08978593652137995,0.3544885054450012,0.100041381158684,0.7109783291569853,0.23469647806474492
955,0.9684184184184184,6.949182397022659,6.913638686467016,7.431378336210064,6.69999123596304,6.628574737412178,7.024707301602705,6.152103794792128,6.17231717366111,5.573561315073096,4.842560042802773,4.813826505929335,3.3183203375344474,0.3968549475856734,0.06485024115305535,0.13621301084372842,0.08978293535072843,0.35543977635139645,0.10035295842788985,0.7127171126399875,0.23464184949456562
956,0.9689089089089089,6.951129631844333,6.9157520303204905,7.4336415025201,6.701693557440536,6.6306753041870845,7.026317456756121,6.152443061992913,6.173000848194562,5.5713260326113305,4.837418859397977,4.80913578023197,3.3148835751740346,0.3978017476797012,0.06491379491386554,0.1363448484005882,0.08977962629184658,0.356398898941264,0.10066565483962506,0.7144624452767308,0.234586823916886
957,0.9693993993993993,6.95306701994977,6.917864103238812,7.435897508734853,6.7033895326109825,6.632767914073379,7.027913277293868,6.15275637270974,6.173658816881025,5.5690581578685565,4.832230407592167,4.804399045711638,3.3114125489312927,0.3987540981567994,0.06497757953337341,0.1364781857304189,0.08977555880442425,0.35736607288766875,0.10097932528211348,0.716214044275354,0.23453136732721766
958,0.9698898898898898,6.954993750120768,6.919975047695842,7.438142758602173,6.705079450982586,6.634852802965705,7.029494429296122,6.153043233065183,6.174290020705977,5.566757836350912,4.826995113364288,4.799616344164333,3.307907460123731,0.39971180787820487,0.06504157951367351,0.13661237769173304,0.08977029797095575,0.35834152965058186,0.10129381382056159,0.7179716090348408,0.23447544458843175
959,0.9703803803803803,6.956909169559286,6.922085005851291,7.440373028794902,6.706763621055781,6.636930265669795,7.031060545912079,6.153303105464399,6.174893366631985,5.5644252029081125,4.821713433454465,4.7947877028946815,3.3043683626332734,0.4006746729652626,0.06510578077519173,0.1367467047424143,0.08976332029888019,0.3593255199971275,0.1016089551930062,0.7197348451456241,0.23441903905147163
960,0.9708708708708709,6.95881266493737,6.924194114909908,7.4425846569346685,6.708442332268736,6.639000655450872,7.03261126957732,6.153535409212403,6.175467695266384,5.562060364672212,4.816385854302428,4.789913124040029,3.3007954134551327,0.40164251341554724,0.06517016545396807,0.13688052649490287,0.08975416375514292,0.3603183215999341,0.101924579095679,0.721503422757009,0.2343621180112153
961,0.9713613613613613,6.960703667368154,6.926302508101169,7.444773760558715,6.71011587436612,6.641064380928977,7.034146224235206,6.15373953059979,6.1760117964793375,5.5596634149859625,4.811012886069901,4.784992605138169,3.2971889530894285,0.4026151345760313,0.06523470963641297,0.13701317117840855,0.08974233347692526,0.36132023163290017,0.1022405077032905,0.7232769685644956,0.2343046227974248
962,0.9718518518518517,6.962581808610281,6.9284103249556,7.446936913736227,6.711784547191922,6.643121909969396,7.035665036548723,6.153914810381794,6.176524434187079,5.557234419788772,4.805595069631755,4.780026105503778,3.293548783360727,0.4035923968035816,0.0652994012149016,0.13714405263813303,0.08972737338297956,0.36233157201845756,0.10255655944411105,0.7250551740158623,0.23424656509950142
963,0.9723423423423423,6.964446843097548,6.930517686125627,7.4490703810473295,6.713448627973566,6.645173745102598,7.037167314666614,6.154060559612206,6.177004340451984,5.554773389811525,4.800132961754964,4.775013580358661,3.2898752311602806,0.4045741298029144,0.06536421262223399,0.1372725558783042,0.08970878277868939,0.3633526806463397,0.10287255353785647,0.7268376359362907,0.23418788706130808
964,0.9728328328328328,6.966298619711784,6.932624722736284,7.451171061720074,6.715108387287351,6.6472204352478705,7.038652697418047,6.154176030185772,6.177450224896005,5.552280278335891,4.794627138911468,4.769954961094779,3.286168188088576,0.4055602175137219,0.06542912641050957,0.1373981627725998,0.08968612955047134,0.3643839257297045,0.1031883118733571,0.7286239946335337,0.2341285887975613
965,0.9733233233233233,6.968137155460661,6.934731546470538,7.453235888163143,6.716764043024024,6.649262556255509,7.040120823544881,6.154260442892958,6.177860880506462,5.549755018251535,4.78907818728505,4.76485016131038,3.2824276307817914,0.4065505475964539,0.06549412210482075,0.13752038526325805,0.08965897769477071,0.36542566712719643,0.10350366293010772,0.7304138838886596,0.23406866003530105
966,0.9738138138138137,6.969962642075251,6.936838273447911,7.455262368684216,6.718415850188501,6.6513006964457615,7.041571348171006,6.154312984771817,6.17823507572122,5.547197448962555,4.7834867004650645,4.7596990935273,3.27865360457775,0.4075450403971132,0.0655591757123577,0.13763883504891727,0.08962694856115538,0.36647829622052014,0.10381844325009562,0.7322069046474333,0.23400808416492852
967,0.9743043043043043,6.971775434697681,6.9389450088556055,7.4572484088346185,6.7200639647215406,6.653335453198566,7.043003912036006,6.154332796626963,6.178571679144934,5.544607337756933,4.777853267034388,4.754501659177429,3.2748456969846163,0.4085436594702312,0.06562427394682556,0.13775321852050404,0.0895897032725987,0.3675421919117829,0.10413250382339503,0.7340027238312227,0.233946909357776
968,0.9747947947947948,6.9735761109774765,6.941051843620884,7.4591923358868035,6.72170853890269,6.655367410568881,7.044418214934929,6.1543189812901025,6.17886973837826,5.5419843931320525,4.77217846395364,4.749257758633671,3.2710039280072185,0.40954637691575274,0.06568939266758231,0.13786332717608812,0.08954694720919264,0.36861772728886955,0.10444571807864943,0.7358009594912618,0.23388513163183655
969,0.9752852852852852,6.975365280122898,6.943158868752248,7.461092948703771,6.7233496679658895,6.657397130823819,7.045813975135321,6.15427061841363,6.179128365144423,5.539328244538964,4.766462850675416,4.743967299692881,3.2671279332541054,0.410553203498495,0.06575451785708722,0.1379690341019612,0.08949844376564069,0.3697052722175071,0.1047579765875838,0.7376012812696792,0.23382280249799173
970,0.9757757757757757,6.977143826887695,6.945266160102729,7.462950208511044,6.72498740308981,6.659425126483902,7.047190930062827,6.1541867467788345,6.1793468214531515,5.536638407179063,4.760706948552242,4.738630206909939,3.2632169896020438,0.4115642272684331,0.06581964360998004,0.1380704291547319,0.08944408482075492,0.3708051864574624,0.10506919720196459,0.7394034131300952,0.23376002877818397
971,0.9762662662662662,6.978912831717297,6.9473737771430235,7.464763949993588,6.726621708822274,6.66145185695079,7.048548876425589,6.154066379444743,6.179524654117675,5.533914337281181,4.7549112377214655,4.733246422035104,3.259270771586769,0.41257951827856676,0.06588475507270951,0.13816762147889683,0.08938374843289575,0.371917789150981,0.10537933212048252,0.7412070539150177,0.23369687307650347
972,0.9767567567567568,6.980673381431165,6.949481771591307,7.46653530042324,6.728252507178223,6.663477690609413,7.049887615861248,6.153908520147398,6.179661682127495,5.531155369392986,4.749076138986026,4.727815944747275,3.255288427242557,0.41359922167944024,0.0659498537095796,0.13826092576017823,0.08931747136381578,0.3730433603838833,0.10568837271476064,0.743011999326112,0.23363348229374684
973,0.9772472472472472,6.982426805469226,6.95159017924491,7.468266154401267,6.729879665692736,6.66550290128138,7.051207000718162,6.153712147364534,6.17975792121729,5.528360787161767,4.74320199827993,4.722338794367457,3.251269497402962,0.4146235079619693,0.06601493050040112,0.13835081481982472,0.08924537976420033,0.3741821485502239,0.105996338398692,0.7448180136531076,0.23356995518583656
974,0.9777377377377376,6.984174479093588,6.953699021696728,7.469958842043149,6.731502907156538,6.667527637685546,7.052506975187107,6.153476235897447,6.1798138450983995,5.525529746545699,4.737289074362236,4.716815078138071,3.247212662297653,0.4156525979424237,0.06608000343800874,0.13843785487218144,0.0891676682806576,0.3753343289934391,0.10630331158428702,0.7466250329446452,0.2335065258634409
975,0.9782282282282282,6.985917912898134,6.955808293495281,7.471617061415231,6.7331219396543505,6.669551901076981,7.053787459062197,6.153199746679788,6.179830286406902,5.522661338119546,4.731337519223652,4.711244956056908,3.243116837660106,0.4166867619177229,0.06614508630670148,0.1385228528472298,0.08908469353542443,0.37650000956179197,0.10660941222081376,0.7484330074627907,0.23344340784894255
976,0.9787187187187187,6.9876585910890325,6.957917981415638,7.473244851694512,6.7347363497555195,6.671575540409362,7.05504845222638,6.152881674851708,6.179808400659374,5.519754573430321,4.72534736655688,4.705628704734314,3.238981111176629,0.4177262692909964,0.06621019242644018,0.13860668815543253,0.0889968728827553,0.3776792298053568,0.10691481018189011,0.7502419030740796,0.23338080737002373
977,0.9792092092092092,6.989398055656189,6.960028051583701,7.474847272505472,6.736345646032677,6.673598219934973,7.056290025913039,6.152521010000706,6.179749846260519,5.516808430144278,4.719318509629259,4.699966675837387,3.2348037829571985,0.4187714629592706,0.06627536005883028,0.13869042100834836,0.08890476046077721,0.37887193448185197,0.10721972895139241,0.7520518762134178,0.2333190486248683
978,0.9796996996996996,6.99113776851863,6.96213844694602,7.476430663117595,6.737949195389591,6.675619410610914,7.05751229347593,6.152116784064372,6.179656634043369,5.513821786256989,4.713250690317894,4.694259367645093,3.2305836421322915,0.41982270736791105,0.06634061910213511,0.13877532431158512,0.08880908542189293,0.3800779832343124,0.10752444661320763,0.7538630559357021,0.23325840921510838
979,0.9801901901901902,6.992879065993835,6.964249094416214,7.478001450833959,6.739546380536533,6.677638382468148,7.058715388269831,6.151668058456329,6.179531326788699,5.510793532287707,4.707143485480531,4.688507389282924,3.2263191249418943,0.4208803713243551,0.06640601554522584,0.1388626871145962,0.08871060738188155,0.38129712581970415,0.10782928917475454,0.7556757162069818,0.2331992282714792
980,0.9806806806806807,6.994623241842923,6.966359907663999,7.479567088409288,6.741136434252505,6.679654196948495,7.059899467846,6.15117395594007,6.179376868457842,5.507722551545823,4.700996293452471,4.682711510480321,3.222008684566796,0.4219448546481796,0.06647159877042962,0.13895398723659572,0.08861022819020542,0.38252900057754047,0.10813462823676756,0.757490194153949,0.23314185685997957
981,0.9811711711711711,6.996371319484625,6.968470775359345,7.481135569291029,6.742718471230235,6.681665711127341,7.061064818267046,6.150633664478245,6.179196430699225,5.504607720562385,4.694808327028815,4.676872638011069,3.2176505257535735,0.4230165737604868,0.06653742990635263,0.13905076609082062,0.08850895542415523,0.38377317635308533,0.10844087676157368,0.7593069113066881,0.23308668665724183
982,0.9816616616616616,6.998124033244927,6.970581581041711,7.482715806853727,6.744291595960138,6.683671592194108,7.062211638612731,6.150046447637383,6.178993622540824,5.501448009646946,4.688578614951542,4.670991833337751,3.213242857941063,0.42409596038828645,0.06660357610571642,0.1391546972282185,0.08840792531415269,0.385029092596015,0.10874847310990601,0.7611263806047165,0.2330341189266663
983,0.9821521521521521,6.999881828590901,6.972692200588652,7.484316388738871,6.745854838396591,6.685670337522044,7.063340204639121,6.149411671479747,6.1787720491556986,5.498242451236343,4.682306000556872,4.66507030013745,3.20878427915482,0.4251833994793979,0.0666700974740314,0.13926738839283595,0.08830827049986542,0.38629614120886524,0.10905786848968159,0.7629490882600032,0.23298450196164638
984,0.9826426426426427,7.001644710793394,6.974802505008412,7.485946540840955,6.747407196805409,6.687660319269211,7.06445079541974,6.148728804300394,6.178535308366988,5.49499020649185,4.675989156570912,4.659109377071678,3.2042731152081636,0.4262792922804599,0.06673706465231836,0.13939049752936264,0.0882112324832614,0.3875736594898055,0.10936951009315891,0.764775597419096,0.2329382148009494
985,0.9831331331331331,7.003412443833811,6.976912383193605,7.4876155853421835,6.748947592928298,6.689639842433915,7.065543682716786,6.147997451439631,6.178286703882737,5.491690668362561,4.669626619323317,4.653110504213493,3.1997081531948948,0.4273840127361597,0.06680453491093379,0.13952568603915835,0.08811808321702279,0.38886095206167737,0.10968380816405764,0.7666064203324708,0.2328955562275637
986,0.9836236236236235,7.005183997902468,6.979021739812698,7.489332034565367,6.750475077882052,6.691607221137502,7.066619107975924,6.147217348971629,6.178028787875376,5.488343366754267,4.6632168097815025,4.647075165293649,3.195087391750269,0.428497911757538,0.06687258472241091,0.13967436979429637,0.08803003630324374,0.3901574092519581,0.11000110634716047,0.7684421237282193,0.23285689734904272
987,0.9841141141141141,7.006958240662766,6.9811305217204955,7.491104555169939,6.7519886353658,6.693560882404979,7.067677270449495,6.146388402736761,6.177763242254501,5.484948172852713,4.6567581060378895,4.6410048667633035,3.190410672962183,0.4296212704008637,0.06694123428672889,0.1398379777975087,0.08794832181581401,0.39146247386672833,0.11032164891948144,0.7702829583830656,0.2328223232540941
988,0.9846046046046046,7.008733311160049,6.983238733988416,7.492940194736188,6.753487393584626,6.69549950657817,7.068718266698528,6.145510666226132,6.177489910471785,5.481505279670794,4.650248921274005,4.634900982433149,3.185677017443744,0.4307543342948068,0.06701051018151334,0.14001756489060907,0.08787399114625839,0.3927758296168833,0.11064549972089133,0.7721291099362358,0.23279194665596425
989,0.9850950950950951,7.010506907861235,6.9853464515207975,7.4948458944264935,6.754970598166499,6.697422205691281,7.069742203996335,6.144584397035157,6.177206403497395,5.478015248747456,4.643687798171926,4.628764702290803,3.180886443602962,0.43189731950374977,0.06708039348525388,0.14021403579559494,0.08780808109171127,0.3940974815447206,0.1109725119139879,0.7739803871572768,0.23276565583536893
990,0.9855855855855855,7.012276461057397,6.987453886939093,7.496826199387385,6.756437687781141,6.699328727128481,7.070749011892605,6.143610037310699,6.176907216029598,5.474479048149332,4.637073557466633,4.622596860681784,3.1760389960738995,0.43305038057464507,0.06715083088636734,0.1404278352959521,0.08775130091720988,0.39542789444548637,0.1113022368774459,0.7758362406922159,0.23274320664142034
991,0.9860760760760761,7.014039137193896,6.9895613848488845,7.498884068692246,6.7578884135459285,6.701219730731786,7.071738530916609,6.142588229650678,6.17658257720506,5.470898146234659,4.630405476728397,4.616397660178836,3.1711356554938597,0.43421363244248323,0.06722169963130582,0.14065899504243498,0.08770411807986891,0.3967682136110332,0.11163382304435512,0.7776954949511315,0.2327240505577984
992,0.9865665665665666,7.015791926846104,6.99166950008286,7.5010205792859885,6.759322778389659,6.703097120772276,7.072710432722871,6.141519834111363,6.176217268167241,5.46727455694821,4.623683508464064,4.610166527142845,3.1661776661974144,0.4353871897778279,0.06729280870655906,0.14090708703762472,0.08766669203802434,0.3981204547048205,0.11196590914952097,0.7795562726153741,0.23270738168147348
993,0.987057057057057,7.017532250209303,6.993779040245445,7.503233908308612,6.760741295256992,6.704964435980975,7.073664244357678,6.140405876046511,6.175789126447609,5.463610749026536,4.616908565366724,4.603901725380894,3.1611675810355933,0.4365711434041875,0.06736385014219459,0.14117107277017035,0.08763869174899337,0.39948783832446555,0.11229650535941758,0.7814156208111673,0.23269194250837713
994,0.9875475475475475,7.019257935283697,6.99589112865202,7.505519584045582,6.762144994784858,6.7068273125406,7.074599360969766,6.139247622209429,6.175267074477323,5.459909817715665,4.6100828677733645,4.597599947069926,3.1561085645284552,0.43776563787270306,0.0674343938998027,0.14144927552066536,0.0876192999618355,0.4008751095045806,0.11262281704719815,0.7832693713822374,0.23267603014084956
995,0.988038038038038,7.020967950343508,6.9980073085194645,7.507870217319634,6.763535496769842,6.708694079741973,7.075514863391053,6.138046484554288,6.174608991947462,5.456175326565215,4.603210362743948,4.5912558442639195,3.1510040874163794,0.43897095304422984,0.06750386048283163,0.14173939242734848,0.08760708714763424,0.40228895272117676,0.11294107141989158,0.7851118474251817,0.23265746086190733
996,0.9885285285285286,7.022662949231594,7.000129611550014,7.5102744668080605,6.764915284912764,6.7105763975514146,7.076409785134512,6.136804059701157,6.173758943497029,5.4524113105936225,4.596297259770365,4.584861435453811,3.1458587042470567,0.44018751113954785,0.06757146806106917,0.14203826284586524,0.08759983474621157,0.40373855777615697,0.11324631057385473,0.7869353639177512,0.232633364811156
997,0.989019019019019,7.024346100549924,7.002260677060445,7.512718005519357,6.766287705917122,6.71249007525052,7.077282980442989,6.1355220369397,6.172644147315491,5.448622226444218,4.589352634507952,4.578405305948755,3.1406777611942274,0.4414160369595579,0.06763619322658286,0.14234204626658095,0.0875945448035707,0.4052361784483623,0.11353214471133924,0.7887298390007952,0.23260010338495113
998,0.9895095095095094,7.02602421247367,7.004403893315798,7.51518275913868,6.767657206458483,6.714455976558283,7.078133092528112,6.1342022069677515,6.171171007466513,5.444812763973638,4.58238919088441,4.571871808678105,3.135466727929999,0.4426576865350321,0.06769673228134186,0.1426461346106727,0.08758722265462661,0.406797893620667,0.1137904716442321,0.7904822956785451,0.23255322981996096
999,0.99,7.02770876872802,7.006563555716293,7.517648213082835,6.769029479121375,6.716501096256714,7.0789587097759465,6.132846340092528,6.169220244762264,5.440987583542702,4.575424171505683,4.565239896566909,3.130231786997066,0.4439142373417644,0.06775142189904293,0.14294531472148683,0.08757292063326531,0.40844456741847446,0.11401116119665336,0.792176053193095,0.23248725192965047
