,Ewe_SHE,Logj1000a,Logj1000b,Logj1000c,Logj500a,Logj500b,Logj500c,Logj250a,Logj250b,Logj250c,OH_Order_overall,OH_Order_overall_std,OH_Order1000x500,OH_Order1000x500_std,OH_Order500x250,OH_Order500x250_std
0,-0.25,2.0684547111010523,2.2738312740334528,2.346310469755332,1.6029595456109145,1.7251316633627387,1.383750296788685,1.1078662592666475,1.0704032864336994,-1.2251404860395811,1.365825319528851,0.4373650533432486,0.9083416195005346,0.1791966828351057,1.8769479784151386,1.1654111427690312
1,-0.2495995995995996,2.07457130470983,2.279767086415825,2.3523899540042605,1.6098433086690043,1.7313229210966368,1.3910539795782055,1.114665853416,1.0777715447961433,-1.205615618785197,1.362140363460006,0.43504141750645975,0.9073091829457807,0.17884728393224852,1.8702995007460563,1.1591877746170236
2,-0.2491991991991992,2.080680508501246,2.2857005871805645,2.3584666760052047,1.6167478390016112,1.7374965694932913,1.3983404705645992,1.1213645725582415,1.0851331723618725,-1.1866465284477847,1.358608915431226,0.43281333118338805,0.9062774679081051,0.17850178813061757,1.8639752315242157,1.1532129460189056
3,-0.2487987987987988,2.0867825565850935,2.2916319982629068,2.3645409561539434,1.623672323431264,1.74365560219171,1.4056093989073886,1.1279768190850792,1.0924889335002794,-1.1682811167369997,1.3552388723590523,0.4306909329143164,0.9052459996293069,0.178161145537706,1.8579924209013718,1.1475143809810942
4,-0.2483983983983984,2.0928776953540136,2.297561529418867,2.37061309215011,1.6306156460556231,1.7498030072163093,1.412860504261462,1.1345185202751602,1.0998394700082064,-1.1505536964790213,1.3520345912734317,0.42868192894912505,0.9042143838812987,0.17782623789148708,1.8523607342400734,1.1421134215039674
5,-0.247997997997998,2.0989661839651355,2.303489381809851,2.3766833581174387,1.637576428308559,1.7559417693693873,1.4200936327213827,1.1410068381806315,1.107185260791225,-1.1334844699098365,1.3489968447232683,0.4267914726639484,0.9031822907860813,0.17749788119485527,1.84708217577326,1.1370246850565646
6,-0.24759759759759759,2.105048297374858,2.309415744866014,2.382752003781234,1.6445530614194266,1.7620748444818408,1.427308747220756,1.1474599204852325,1.1145266392611037,-1.1170811491400259,1.3461232572880524,0.4250224482856424,0.9021494465290267,0.1771768143323139,1.8421520220658676,1.1322568045601247
7,-0.2471971971971972,2.1111243159253146,2.315340796042751,2.3888192555422,1.6515437475819472,1.768205130348556,1.4345059129573605,1.1538966286154726,1.1218637952551254,-1.1013389347426077,1.3434083618935033,0.4233754465302262,0.9011156300905504,0.17686370020682865,1.837558944900531,1.1278123474684194
8,-0.2467967967967968,2.117194528146792,2.321264701032185,2.394885313386127,1.6585465373678272,1.7743353998683749,1.4416852964136189,1.1603360593196188,1.1291967671247196,-1.0862419064284237,1.3408440426925978,0.42184898469109033,0.9000806871920716,0.17655910770383187,1.833285933385374,1.1236883769837973
9,-0.2463963963963964,2.1232592265293615,2.3271876108630054,2.400950350885146,1.6655593634345032,1.780468339123857,1.448847163401747,1.1667974130984209,1.1365254629837926,-1.0717638917338368,1.338419763776787,0.42043966246564335,0.8990444949320386,0.17626352473119195,1.8293108177026538,1.1198768554150416
10,-0.245995995995996,2.1293187078996128,2.3331096619165432,2.407014515285509,1.6725800782950133,1.7866064447406822,1.4559918703660861,1.1732995511150917,1.1438496778121,-1.057869652333874,1.3361229500457712,0.4191423472473834,0.89800699581229,0.1759773351988977,1.8256070374885796,1.116365119148684
11,-0.2455955955955956,2.135373268758192,2.3390309771179236,2.4130779280342947,1.679606481464597,1.7927520895401294,1.4631198503508445,1.179860798266492,1.151169077974404,-1.0445159851917907,1.3339392957784952,0.41795036694928894,0.8969681601907155,0.1757008442157051,1.822144337104256,1.1131363751334227
12,-0.2451951951951952,2.1414232025529887,2.3449516621916615,2.4191406826520097,1.6866363596555352,1.7989074281959827,1.470231628539643,1.186498616346433,1.1584832486783456,-1.031653255152401,1.3318531901630917,0.4168557717439066,0.895928000071237,0.17543425043243305,1.8188896511811956,1.1101703845770041
13,-0.2447947947947948,2.147468801608498,2.3508718082468887,2.4252028461046957,1.6936674998280454,1.8050744201469318,1.4773277879600817,1.193229346791484,1.1657916818390464,-1.0192262479269292,1.3298479834286352,0.41584947441217446,0.8948865710424125,0.17517766464770274,1.8158076659222855,1.1074438226224095
14,-0.2443943943943944,2.1535103511046434,2.356791489859621,2.4312644608710947,1.7006977348494718,1.8112548154855386,1.48440898505236,1.2000680365796283,1.1730938181574477,-1.0071759419774513,1.32790643415149,0.4149215718383187,0.8938439479286016,0.17493110656758745,1.8128617933638576,1.1049311232045198
15,-0.243993993993994,2.159548128445198,2.362710764610963,2.4373255414499115,1.7077249502632985,1.8174501336539708,1.4914759245145353,1.20702818128223,1.180389029968453,-0.995440180936642,1.3260109316457784,0.4140614499162295,0.8928002409206016,0.17469450826195487,1.8100146242094963,1.1026047464625899
16,-0.2435935935935936,2.1655824050868038,2.3686296744625968,2.4433860783764367,1.7147471163532437,1.8236616515755728,1.4985293612724109,1.2141215428142058,1.1876766763757867,-0.98395585275234,1.3241440415057626,0.4132581808233578,0.8917555887085165,0.17446771408724196,1.8072290905507384,1.1004362279078654
17,-0.24319319319319319,2.1716134385240493,2.3745482431988365,2.449446037203436,1.721762301019651,1.8298904248769645,1.5055700895413888,1.2213581059684628,1.1949560918416442,-0.9726589559191408,1.3222885312051402,0.41250053402556425,0.8907101425126627,0.17425049398095868,1.80446853790856,1.0983962025821496
18,-0.24279279279279278,2.177641475731276,2.380466478863911,2.4555053601362857,1.7287686897196266,1.8361372569701955,1.5125989339277028,1.228745837958428,1.202226611059264,-0.9614868847034747,1.3204279618743793,0.4117773854752387,0.8896640786699134,0.17404254055870594,1.80169796411057,1.096455484208662
19,-0.24239239239239238,2.1836667505577005,2.3863843723838682,2.461563966005898,1.735764596548373,1.8424027182911644,1.519616741090385,1.236290726083647,1.2094875830764114,-0.9503788703552383,1.3185467790291947,0.41107780579928765,0.8886175866901803,0.17384347981776116,1.7988842247295542,1.0945853008411506
20,-0.241991991991992,2.1896894814596197,2.3923018986179723,2.467621751894351,1.7427484760665546,1.8486871334652986,1.5266243784616182,1.2439967014945221,1.2167383908794625,-0.9392773766111732,1.3166306551799718,0.410391316309947,0.8875708704951826,0.1736528716239086,1.795996757088506,1.092757973036565
21,-0.2415915915915916,2.195709871219478,2.3982190163614345,2.4736785950862394,1.7497189365315478,1.854990617214856,1.5336227134953682,1.2518656165185822,1.2239784478971067,-0.9281288873541991,1.314666681993487,0.4097080359929572,0.8865241361430387,0.17347022876015933,1.793008000829284,1.090947301868752
22,-0.2411911911911912,2.2017281063776704,2.4041356676066306,2.4797343522484088,1.7566747371453801,1.8613130460864589,1.540612615680879,1.2598973170569028,1.2312072280208688,-0.9168849225537985,1.3126435854265863,0.409018877058181,0.8854776041816772,0.17329501007561063,1.7898938396020985,1.089129096529037
23,-0.2407907907907908,2.2077443557744796,2.410051780035996,2.485788863061255,1.7636148007964687,1.8676540878596408,1.5475949500592578,1.2680896665991925,1.238424262440282,-0.905502293208067,1.3105517818325532,0.40831559544074975,0.8844314954036392,0.17312663384104662,1.786633735772009,1.0872813075582761
24,-0.2403903903903904,2.213758769673912,2.4159672655760276,2.491841949130874,1.770538212317935,1.8740132185913665,1.5545705652156263,1.2764386268326045,1.2456291531136017,-0.8939444296481683,1.3083836682080952,0.4075910450074653,0.8833860277650564,0.17296448705337913,1.7832113483859877,1.0853847084647101
25,-0.23998998998999,2.2197714794902224,2.4218820226890636,2.497893417103527,1.7774442238510428,1.880389730301712,1.561540288698082,1.28493842424096,1.2528215742174469,-0.8821810791595907,1.3061335124300513,0.40683913349911555,0.8823414148530353,0.17280793122118096,1.7796143024891373,1.083422787144757
26,-0.2395895895895896,2.2257825982264077,2.4277959353153515,2.5039430606661486,1.7843322436149165,1.8867827331221063,1.5685049231104544,1.293581615136232,1.2600012815698156,-0.8701890197231181,1.303797604453986,0.4060549593159961,0.8812978724890034,0.1726563045022902,1.7758345018720127,1.081382115356305
27,-0.2391891891891892,2.2317922189856403,2.4337088749287275,2.509990659477683,1.7912018412327888,1.8931912011556815,1.5754652353739138,1.3023592744118562,1.2671681143690652,-0.8579519344059926,1.3013741813711572,0.405234802973045,0.8802555999118219,0.1725089384252104,1.7718679914207707,1.0792523341433382
28,-0.23878878878878879,2.2378004148740063,2.439620700355336,2.516035982671414,1.7980527429577213,1.8996139549547315,1.5824219621067035,1.3112611414706303,1.2743219924252864,-0.8454605580717351,1.2988634291397154,0.40437616248278974,0.8792147890327513,0.17236515255601034,1.7677149504424634,1.0770262574685152
29,-0.23838838838838838,2.2438072394649566,2.445531259630604,2.5220787905592275,1.8048848206693084,1.9060497130315035,1.589375792068547,1.3202758279951086,1.2814629223423217,-0.832712189376298,1.296267317850267,0.403477678443657,0.8781756157386376,0.1722242734089741,1.7633793535979077,1.0746996838081824
30,-0.23798798798798798,2.2498127275936737,2.451440389359279,2.528118834568542,1.8116980894556778,1.9124970904835528,1.5963273710369614,1.3293909470616903,1.2885909945778866,-0.8197108036191852,1.2935895985985493,0.40253916227026576,0.8771382394359244,0.17208563219212664,1.7588689647898121,1.0722714790527406
31,-0.23758758758758758,2.255816892865909,2.457347917184876,2.534155859963129,1.8184926969029385,1.9189546154326007,1.6032772928511407,1.3385933508935466,1.2957063758123801,-0.8064661612535369,1.290835539625796,0.40156144611142497,0.8761028057741385,0.17194857274822092,1.7541947754637444,1.0697431903109849
32,-0.23718718718718718,2.2618197326139873,2.4632536617673777,2.5401896074089176,1.8252689161337727,1.9254207662230198,1.6102261037577057,1.347869296794579,1.302809308618268,-0.7929936243591224,1.288011845322141,0.4005463603715751,0.8750694337412813,0.17181245795891936,1.749370847535904,1.067118994185151
33,-0.23678678678678677,2.2678212230225276,2.46915743397543,2.546219813805951,1.8320271365499123,1.9318939677115512,1.617174294059408,1.357204604213794,1.3099001111639184,-0.779313227142466,1.2851263994771722,0.39949657049632625,0.8740382241505371,0.17167667238984213,1.7444137603091676,1.0644052726213546
34,-0.23638638638638637,2.2738213235752123,2.475059037814507,2.5522462141773845,1.8387678509541967,1.938372630965996,1.6241222967467492,1.3665848903175242,1.316979160954835,-0.7654492467481606,1.2821881139214468,0.39841551331732594,0.8730092512824764,0.17154063087336602,1.7393422993474026,1.0616104548366192
35,-0.235985985985986,2.2798199763963796,2.480958271450072,2.5582685430952674,1.8454916457061568,1.9448551590953649,1.6310704889814969,1.3759956871432333,1.3240468972359491,-0.7514293610680836,1.2792067021465199,0.39730724806042395,0.8719825648707367,0.17140377907186002,1.7341769749544682,1.0587446279381396
36,-0.2355855855855856,2.285817106046024,2.486854928612091,2.564286535716832,1.852199194028381,1.9513399637311695,1.638019189071989,1.3854226200723443,1.3311038117913927,-0.7372839561847135,1.2761924765372292,0.3961763398884402,0.8709581880217404,0.1712655982267299,1.7289395951889084,1.0558192360908547
37,-0.2351851851851852,2.2918126228477003,2.4927487986144903,2.5702999298841864,1.8588912399886626,1.9578254890330213,1.644968656972787,1.394851575946869,1.3381504361603918,-0.7230452379472116,1.273156103463143,0.3950277063768891,0.8699361158176226,0.17112560906858304,1.7236527488927351,1.0528466801625271
38,-0.2347847847847848,2.297806420022856,2.4986396686161854,2.5763084665806417,1.86556858939275,1.9643102182963537,1.651919095958409,1.4042688118690307,1.3451873428588492,-0.7087467503315722,1.2701084637030229,0.39386653607689415,0.868916315627541,0.17098337304085656,1.7183395098276153,1.0498401068510672
39,-0.2343843843843844,2.3037983786878784,2.504527323435668,2.582311892117155,1.8722320986704724,1.9707927004979275,1.6588706509622329,1.4136610935867737,1.352215129121575,-0.6944225543981986,1.2670604316009357,0.3926981460146615,0.867898723995655,0.17083849740639817,1.7130229725705346,1.0468130352958944
40,-0.23398398398398398,2.3097883656015594,2.5104115475397464,2.5883099581786997,1.8788826648265728,1.9772715490044142,1.665823411549742,1.4230158027501654,1.3592344117230322,-0.6801065980751092,1.2640227023552346,0.3915278725452573,0.8668832503861039,0.17069063370703697,1.7077258826577042,1.0437790719967526
41,-0.23358358358358358,2.3157762366367427,2.516292125502276,2.5943024238916697,1.8855212141714894,1.9837454739569347,1.6727774107884015,1.43232103158273,1.3662458223330434,-0.6658320448327402,1.2610056137732497,0.39036095521438063,0.8658697707556294,0.17053948467265947,1.702470266376042,1.0407516049445666
42,-0.23318318318318318,2.321761835449206,2.5221688426408204,2.600289056976723,1.8921486922397195,1.9902132614988997,1.6797326317093573,1.4415656601489637,1.373249992118652,-0.6516309732988925,1.2580190611052584,0.3892024857552183,0.8648581389726591,0.17038479653769611,1.6972772376876384,1.0377436719121136
43,-0.23278278278278278,2.327744997118516,2.5280414871288004,2.6062696333142905,1.898766053904894,1.9966738245283244,1.686689005078933,1.4507394298171892,1.3802475516162562,-0.6375336374193122,1.2550723062884492,0.3880572793301436,0.863848171506211,0.17022637063660176,1.6921666114582465,1.0347676185809582
44,-0.23238238238238237,2.3337255478013526,2.5339098495781904,2.6122439400462953,1.9053742540889513,2.003126173576668,1.693646415493884,1.4598329887179828,1.3872391184170811,-0.6235682741267284,1.2521739255489808,0.3869298415412895,0.862839663350022,0.1700640539114994,1.6871567747266571,1.031835013504645
45,-0.23198198198198197,2.3397033053032605,2.5397737243962277,2.6182117745734335,1.911974239242241,2.009569446915634,1.7006047015330759,1.468837938659571,1.394225291971573,-0.6097606479711575,1.249331692242355,0.3858242898040202,0.8618323784588092,0.16989774539039312,1.682264449333807,1.0289564386301235
46,-0.23158158158158157,2.3456780827339663,2.545632911108523,2.62417294613267,1.9185669382222768,2.0160029062972464,1.707563658856352,1.4777468551239712,1.4012066507603829,-0.5961338741739102,1.246552532729061,0.38474432306599604,0.8608260574856279,0.16972739264655531,1.6775045898560272,1.0261414094685926
47,-0.2311811811811812,2.35164968660878,2.551487214291787,2.6301272764815464,1.925153256974512,2.0224259410774894,1.7145230468710986,1.486553312426124,1.4081837353322924,-0.5827081546431004,1.2438424618327253,0.3836931755043319,0.8598204146789992,0.16955299087414835,1.672890250420643,1.023398250591573
48,-0.2307807807807808,2.3576179201220238,2.5573364449541174,2.6360746003595543,1.9317340683264645,2.0288380782000517,1.7214825886279526,1.495251870784211,1.4151570602848031,-0.5695006835793284,1.2412065620432442,0.38267360061252803,0.8588151403833499,0.16937458382914586,1.6684325378802303,1.020734052463126
49,-0.2303803803803804,2.363582584176636,2.563180421012883,2.642014766076629,1.9383102083396127,2.035238973051907,1.7284419755325686,1.503838091372219,1.4221270930025383,-0.5565254761334378,1.2386489451313887,0.38168784034860953,0.8578099057153373,0.16919225949236774,1.6641405253166137,1.0181545884739727
50,-0.22997997997998,2.3695434768716743,2.5690189679631943,2.6479476359104446,1.9448824693531686,2.0416284206705506,1.7354008708595445,1.512308503749051,1.4290942604020571,-0.5437934252164629,1.2361727717214672,0.38073763547962525,0.8568043592500085,0.1690061514655635,1.6600212971834227,1.015664339704241
51,-0.22957957957957958,2.3755003969718587,2.574851919284572,2.653873086485554,1.9514515962649226,2.0480063439709495,1.7423589142989941,1.5206605948636787,1.4360589426904913,-0.5313122809012039,1.233780251602695,0.3798242212393367,0.8557981340058253,0.1688164332665164,1.6560799421613386,1.0132664825375362
52,-0.22917917917917918,2.381453142996535,2.5806791173748036,2.6597910090366406,1.9580182808526354,2.0543727999292707,1.7493157241450883,1.5288927737745253,1.4430214663177412,-0.5190866649463731,1.2314726571895642,0.37894832816737867,0.8547908463383498,0.16862331909514225,1.6523195828930535,1.0109628877341652
53,-0.22877877877877878,2.3874015156021158,2.5865004138447096,2.6657013100376337,1.9645831586974078,2.0607279706085366,1.7562709029062717,1.5370043309636245,1.449982111033222,-0.5071181859961209,1.2292503594679127,0.37811020131359696,0.8537821004191407,0.16842705891540094,1.648741447085975,1.0087541697790379
54,-0.22837837837837838,2.393345317718977,2.5923156696654184,2.671603910329925,1.9711468071897957,2.0670721632552245,1.7632240407062916,1.5449953963204064,1.456941101902745,-0.4954055544752616,1.227112866733357,0.37730961849688055,0.8527714872747504,0.1682279369294895,1.6453449506047628,1.0066397323884027
55,-0.22797797797797797,2.399284356090293,2.5981247560244203,2.677498746488462,1.9777097428027026,2.0734058015908277,1.7701747164770523,1.5528669021134658,1.4638986089719033,-0.4839447771032788,1.2250588802604472,0.37654592360699296,0.8517585912215748,0.16802626862701073,1.6421278081474044,1.0046178557170462
56,-0.22757757757757757,2.405218442136747,2.603927554550432,2.6833857696720793,1.9842724194850725,2.0797294203441417,1.7771225045502004,1.560620512547878,1.4708547521456066,-0.4727292522852541,1.2230863322527972,0.3758180391829954,0.8507429900599237,0.167822396579766,1.63908611337822,1.0026857263193771
57,-0.22717717717717717,2.411147392568659,2.6097239571914357,2.689264946067073,1.9908352271257692,2.086043660012584,1.7840669770301798,1.5682585912286457,1.4778095959725437,-0.46174999345489004,1.2211924476787357,0.37512450487331156,0.8497242575257404,0.16761668805661054,1.6362144671100818,1.000839537900202
58,-0.22677677677677677,2.41707103027474,2.615513866863285,2.6951362570635875,1.9973984927305761,2.0923492561829606,1.7910077074939856,1.5757841196726068,1.4847631543885842,-0.45099586672564446,1.2193738188765062,0.3744635149671587,0.8487019667443921,0.16740953095296113,1.6335061314033656,0.9990745878119988
59,-0.22637637637637636,2.4229891852039516,2.6212971973456263,2.7009996982398223,2.0039624790167836,2.0986470340403627,1.797944273597506,1.5832006580817721,1.4917153911224181,-0.4404538010680502,1.2176264642519896,0.37383295388041377,0.8476756920926853,0.16720133086486313,1.630953151763249,0.9973853700595249
60,-0.22597597597597596,2.428901695346973,2.627073873641636,2.706855279838403,2.0105273863859408,2.10493789743686,1.8048762595680405,1.5905122761214832,1.4986662230305647,-0.4301090246162235,1.2159459000354889,0.37323043401724276,0.8466450130052819,0.166992507417471,1.6285465048138896,0.9957656734705796
61,-0.22557557557557556,2.434808406377361,2.6328438315963325,2.7127030257499225,2.017093353277096,2.1112228198613527,1.8118032607477939,1.5977234856664608,1.5056155191017133,-0.419945281415219,1.2143272071004758,0.3726533298250785,0.8456095150666931,0.16678349031701256,1.6262762385502458,0.9942086694151795
62,-0.22517517517517519,2.440709173491915,2.638607018411821,2.718542973875658,2.0236604583642763,2.1175028370034488,1.8187248853409346,1.6048391939396118,1.512563108421455,-0.40994512970041713,1.2127651111698088,0.37209882916754483,0.8445687928648066,0.16657471654999928,1.6241316389664187,0.9927070473996312
63,-0.22477477477477478,2.446603861229507,2.6443633920758916,2.7243751750510956,2.0302287225087916,2.123779034795251,1.8256407566244315,1.6118646292020316,1.5195087786974766,-0.4000902034488709,1.2112540619856258,0.37156397485642195,0.8435224527323419,0.16636662650263637,1.6221013946150462,0.9912531226894014
64,-0.22437437437437438,2.452492344071337,2.650112921639847,2.730199692786069,2.036798111149032,2.130052538403229,1.83255051559981,1.6188052890476219,1.5264522821016866,-0.39036140359174165,1.2097882894138043,0.37104569544273125,0.8424701157726419,0.16615966023947762,1.6201737120137905,0.9898389167704009
65,-0.22397397397397398,2.4583745063785876,2.655855586859449,2.736016602910869,2.043368537180468,2.1363245049289965,1.83945382308586,1.625666877580497,1.5333933398631188,-0.38073920999624367,1.2083618905869165,0.37054085760598443,0.8414114185724758,0.1659542550688282,1.6183364993521905,0.9884562945126575
66,-0.22357357357357358,2.464250243585795,2.661591378051038,2.741825992550751,2.049939863217444,2.1425961108513203,1.8463503610946022,1.6324552452325611,1.5403316414725658,-0.371203919765207,1.2069689005546218,0.37004630445833914,0.8403460173120192,0.16575084149349895,1.6165775114841856,0.9870970641653869
67,-0.22317317317317317,2.4701194620892317,2.667320295899599,2.747627960016368,2.0565119061247152,2.148868542858743,1.8532398346541161,1.6391763421917198,1.547266854482565,-0.3617358785344402,1.2056033554270575,0.36955889464464403,0.8392735888676297,0.16554984064753234,1.6148844823862436,0.9857530801658025
68,-0.22277277277277277,2.4759820788608256,2.673042350964997,2.75342261383347,2.0630844400600545,2.155142988907603,1.8601219737176684,1.645836162744146,1.5541986246105595,-0.352315703993227,1.204259357773351,0.36907553863069537,0.8381938317952474,0.16535166154981348,1.613245262523519,0.9844163375508586
69,-0.22237237237237237,2.481838022466677,2.678757563643081,2.7592100722146955,2.069657199113588,2.1614206276223404,1.8669965330183123,1.6524406895420574,1.5611265798007776,-0.3429245546439776,1.2029311523591724,0.3685932435694539,0.8371064702625158,0.1651566983118842,1.611647974811864,0.9830790897946615
70,-0.22197197197197197,2.487687232665062,2.6844659636292234,2.764990462218105,2.076229882614189,2.1677026177038368,1.8738632944657536,1.6589958520232433,1.5680503366655716,-0.33354429751332365,1.2016131735771167,0.3681091409187821,0.8360112545581362,0.16496532708210523,1.6100811144706262,0.9817339209800914
71,-0.22157157157157156,2.4935296603688633,2.6901675894618196,2.7707639190846884,2.0828021578835476,2.1739900910195646,1.8807220667007234,1.665507483012104,1.5749695011433102,-0.3241577115480075,1.2003001032488954,0.36762052026365777,0.8349079626748166,0.16477790459034616,1.608533669635666,0.9803738342718907
72,-0.22117117117117116,2.4993652678598233,2.695862488364154,2.776530585616958,2.08937366454995,2.180284143064075,1.8875726857940516,1.6719812764090463,1.581883675562856,-0.3147486561716647,1.1989869185857929,0.36712485719636534,0.833796402129567,0.16459476577409887,1.606995220869807,0.978992324884079
73,-0.22077077077077076,2.505194028556305,2.7015507155177656,2.7822906112003714,2.095944018229421,2.1865858247404053,1.8944150157725863,1.6784227486669796,1.5887924591173577,-0.3053022594304687,1.1976689450943123,0.366619844800446,0.8326764109167616,0.16441622178116824,1.6054560521123908,0.9775834624258113
74,-0.22037037037037038,2.5110159267520173,2.707232333709946,2.7880441511604754,2.1025128149491974,2.192896134994278,1.9012489487239768,1.6848372099057245,1.5956954545863116,-0.2958050051203069,1.1963418820668141,0.3661034077130517,0.8315478582345882,0.16424255850835676,1.6039072038376538,0.9761419274780059
75,-0.21996996996996998,2.516830957499295,2.7129074129053663,2.7937913660900597,2.109079634254787,2.199216013522497,1.908074404154013,1.691229729112936,1.6025922687881315,-0.28624489407644205,1.195001848459557,0.36557372905084273,0.8304106461435447,0.1640740352676049,1.6023405683369525,0.9746630819850164
76,-0.21956956956956958,2.5226391264993424,2.7185760295592973,2.7995324208235224,2.115644043178095,2.2055463343694024,1.9148913295588115,1.6976051127678464,1.609482517536179,-0.27661151603366807,1.1936454032844022,0.36502926223979826,0.8292647095853098,0.16391088326259046,1.6007489328719742,0.9731430000758357
77,-0.21916916916916918,2.528440449457046,2.724238266142611,2.805267483817567,2.1222056003353575,2.2118878998136124,1.9216996985449146,1.7039678782411938,1.6163658278483721,-0.26689608527322817,1.1922695593728285,0.36446873558867177,0.8281100173733287,0.16375330520879847,1.5991260077098426,0.9715784792063218
78,-0.21876876876876877,2.53423495220782,2.7298942108660875,2.8109967262582103,2.1287638592867912,2.2182414364293246,1.9284995116004606,1.710322241258116,1.6232418414053058,-0.25709153262441176,1.1908718069621975,0.3638911685925945,0.8269465716257917,0.16360147431995056,1.59746647669458,0.9699670831612742
79,-0.21836836836836837,2.5400226698022483,2.7355439567170197,2.8167203216005383,2.1353183715331814,2.224607589449199,1.9352907945746076,1.7166720945082892,1.630110216319455,-0.24719252463838443,1.1894501223059657,0.3632958738818996,0.8257744086029162,0.16345553394802614,1.5957660145416135,0.9683071464009145
80,-0.21796796796796797,2.5458036464572653,2.741187601175017,2.822438444370635,2.1418686903281894,2.2309869174479946,1.9420735972186343,1.7230210011965166,1.6369706293121797,-0.2371954182865724,1.188002957645195,0.3626824484444986,0.8245935993649054,0.1633155969561963,1.594021264869876,0.9665977505992817
81,-0.21756756756756757,2.5515779350249974,2.746825245525669,2.828151269751407,2.148414373467898,2.237379893009008,1.9488479935880065,1.7293721867829912,1.6438227781881032,-0.22709826715568895,1.1865292436129549,0.36205077451584355,0.8234042472493589,0.16318174618501713,1.5922298481108785,0.9648387264019147
82,-0.21716716716716716,2.5573455964777465,2.752456994406517,2.8338589726060723,2.1549549863167186,2.243786896465244,1.955614079340392,1.7357285323840892,1.6506663834793132,-0.21690077892157203,1.1850283799406205,0.3614010112157384,0.8222064897044252,0.16305403409388805,1.5903903397835486,0.9630306311809292
83,-0.21676676676676676,2.5631066993341216,2.7580829551720734,2.839561727010416,2.1614901043217194,2.250208217472916,1.962371971183149,1.742092577327293,1.6575011893871805,-0.20660423863823624,1.183500216110681,0.3607335808339981,0.8210004958938688,0.16293248370710484,1.5885022322071758,0.9611747123488705
84,-0.21636636636636636,2.5688613192701677,2.763703237338895,2.8452597053808693,2.168019315918254,2.2566440497852582,1.9691218054509587,1.7484665179629655,1.664326965877132,-0.19621143224075907,1.1819450326853813,0.360049154642153,0.8197864675826454,0.16281708803789227,1.586565893980102,0.959272869749062
85,-0.21596596596596596,2.5746095384696503,2.7693179521253852,2.850953077848594,2.174542224371668,2.2630944954130627,1.9758637366126683,1.7548522149862729,1.6711435084599409,-0.18572654976102143,1.180363516353768,0.3593486358106518,0.8185646362672901,0.16270781186941385,1.5845825203542065,0.9573276101282113
86,-0.21556556556556555,2.5803514450774694,2.774927211797279,2.856642011713603,2.18105845019617,2.269559561391085,1.9825979353876497,1.7612511990092996,1.6779506400653974,-0.17515507240066724,1.1787567311356657,0.35863313902629745,0.8173352636130907,0.1626045918414811,1.5825540717781594,0.9553419932718465
87,-0.21516516516516515,2.5860871326819916,2.780531129190086,2.8623266706467856,2.187567632794918,2.276039161451397,1.9893245878250512,1.7676646840787875,1.6847482110319563,-0.16450365594046035,1.1771260872470002,0.3579039700929754,0.8160986395306211,0.16250733729175593,1.5804832101265787,0.9533195781074524
88,-0.21476476476476475,2.5918166995382537,2.786129817247706,2.868007214212445,2.1940694322412844,2.28253311904694,1.9960438930508049,1.7740935741027366,1.69153609910922,-0.15377998336596174,1.1754733043918817,0.35716259931103944,0.8148550802147925,0.16241593197975593,1.5783732231711434,0.9512643518230101
89,-0.21436436436436435,2.5975402482607333,2.7917233884407326,2.873683797361788,2.2005635307562996,2.289041167172718,2.002756062147239,1.7805384822465964,1.6983142094772414,-0.14299266568277436,1.1738003834508328,0.3564106446525893,0.8136049274217249,0.16233023446081454,1.5762279654454725,0.9491806859635663
90,-0.21396396396396397,2.603257884976384,2.79731195432963,2.8793565697498296,2.2070496337176824,2.295562951896127,2.0094613162375343,1.7869997441496384,1.7050824751489613,-0.13215105285479173,1.1721095581836547,0.35564983794772764,0.8123485463592698,0.16225007968425478,1.5740517583449263,0.9470732467254264
91,-0.21356356356356357,2.608969718799022,2.8028956251259354,2.8850256753874994,2.213527470937876,2.3020980353746134,2.0161598848390176,1.793477434460481,1.7118408562788516,-0.12126512620439579,1.1704032657790326,0.35488200633055156,0.8110863238667493,0.16217528034946174,1.5718493298065126,0.944946946088733
92,-0.21316316316316317,2.6146758613722105,2.8084745091954724,2.8906912521853867,2.219996797240176,2.3086458993754055,2.0228520041404936,1.7999713872838798,1.7185893393197293,-0.11034534035146036,1.1686841045941458,0.35410904461888026,0.8098186666764638,0.16210562827828223,1.5696257267754918,0.942806868983993
93,-0.21276276276276276,2.6203764258944977,2.8140487126663247,2.896353431409448,2.2264573931356963,2.315205949042716,2.0295379157641062,1.8064812133126873,1.7253279364496041,-0.09940248076236495,1.1669547961670879,0.3533328903691618,0.8085459990623233,0.1620408958203915,1.5673862374033205,0.9406582073327373
94,-0.21236236236236236,2.6260715270414354,2.8196183390622633,2.902012337389717,2.2329090654142942,2.32177751698332,2.036217864681387,1.8130063210340117,1.732056684996532,-0.0884475418823862,1.1652181514125297,0.3525555030482979,0.8072687613104081,0.1619808373574529,1.565136321184255,0.9385062053974323
95,-0.21196196196196196,2.631761280069098,2.8251834888860294,2.9076680871491853,2.239351647007626,2.328359868477919,2.0428920977885663,1.8195459357017811,1.7387756463191415,-0.07749156569631233,1.1634770279024553,0.3517788357120497,0.805987407267915,0.16192519102929986,1.562881521246517,0.9363560848513313
96,-0.21156156156156156,2.6374458002734213,2.830744259298558,2.9133207901554194,2.245784997438781,2.3349522054287806,2.0495608627563917,1.8260991223116831,1.7454849040728586,-0.06654555152351804,1.1617343032906382,0.3510048201205046,0.8047024023411034,0.16187368001508143,1.5606274103221163,0.9342130059169214
97,-0.21116116116116115,2.643125202447844,2.8363007437861474,2.9189705479484926,2.2522090022218437,2.341553672376503,2.05622440606473,1.8326648035810458,1.7521845640073526,-0.05562030508776767,1.1599928351971653,0.3502353403665225,0.8034142213364274,0.16182601445770883,1.5583795082244367,0.9320819976685328
98,-0.21076076076076075,2.648799600575664,2.8418530318502713,2.9246174539413987,2.2586235732529394,2.348163362394945,2.0628829717838415,1.8392417820312916,1.7588747515774044,-0.044726344416135246,1.1582554341379,0.34947221724185734,0.8021233457564615,0.16178189315294086,1.5561432275543214,0.929967916988426
99,-0.21036036036036035,2.654469107000007,2.847401208785153,2.9302615933089124,2.265028647728581,2.354780321356658,2.0695368003089483,1.8458287591976648,1.7655556112311102,-0.03387380968381288,1.1565248376034551,0.34871719313641825,0.8008302623837132,0.1617410049321007,1.5539238204010721,0.9278754090264923
100,-0.20995995995995997,2.660133832061304,2.8529453554374915,2.935903042683253,2.2714241880430923,2.3614035534305815,2.0761861270434836,1.8524243559105857,1.7722273047358668,-0.02307234673868709,1.1548036779525341,0.34797191215507667,0.799535460989727,0.1617030302372892,1.5517263129241867,0.9258088548129211
101,-0.20955955955955957,2.665793883800377,2.8584855479039786,2.9415418701646794,2.2778101807082205,2.368032028801907,2.0828311810955613,1.8590271303562746,1.7788900098143623,-0.012331041455611027,1.15309446281311,0.3472379095767123,0.7982394316125951,0.1616676432193421,1.5495554668995009,0.9237723436150332
102,-0.20915915915915917,2.671449367221633,2.8640218574734844,2.9471781351806254,2.284186636173331,2.3746646876998923,2.089472184410706,1.8656355980041122,1.7855439174997116,-0.0016583461151587705,1.1513995533959172,0.3465165997928116,0.7969426627574072,0.16163451297888887,1.547415735814017,0.9217696413762322
103,-0.20875875875875877,2.6771003840562546,2.8695543503711107,2.9528118884273615,2.2905535872155793,2.3813004465097922,2.0961093505450252,1.872248246385064,1.792189232505171,0.008937974958073714,1.1497211479450173,0.34580926765342934,0.7956456396379901,0.16160330519222635,1.5453112317910644,0.9198041681552701
104,-0.20835835835835836,2.6827470323544493,2.8750830876788993,2.9584431719120308,2.2969110884052673,2.3879382039855046,2.102742883649327,1.8788635527012914,1.7988261700320376,0.0194509087931711,1.148061263246049,0.34511705817487953,0.7943488418301238,0.1615736838699667,1.5432456890606183,0.9178789710605987
105,-0.20795795795795796,2.6883894061445215,2.880608125229224,2.964072018873587,2.303259214946117,2.3945768468437487,2.109372977937137,1.885480000093242,1.805454954368849,0.029874226905857643,1.1464217231519134,0.34444097183424094,0.7930527412363354,0.1615453127332454,1.5412224419391651,0.9159967121639442
106,-0.20755755755755756,2.6940275949567196,2.8861295135173006,2.9696984540019002,2.30959806143087,2.4012152554350212,2.115999816705462,1.8920960895678403,1.8120758180601726,0.04020251677083495,1.144804148436287,0.3437818598818641,0.7917578003434969,0.16151785687293102,1.539244405293769,0.9141596562823525
107,-0.20715715715715716,2.699661683763,2.891647297641517,2.9753224933822,2.315927740746128,2.4078523088045585,2.122623571690998,1.8987103546150708,1.8186889995295108,0.05043120585541754,1.143209948173937,0.3431404211109799,0.7904644706156949,0.1614909839927781,1.5373140580876286,0.9123696627626122
108,-0.20675675675675675,2.705291752428493,2.8971615172970364,2.9809441446527822,2.3222483828000486,2.4144868898463936,2.129244402397098,1.905321371661801,1.8252947419316794,0.06055657400930124,1.1416403145060852,0.3425172005605202,0.78917319083726,0.16146436589574747,1.5354334341482947,0.9106281822336222
109,-0.20635635635635635,2.710917875708677,2.902672206778547,2.9865634072332563,2.3285601331331836,2.4211178915606704,2.1358624559437396,1.9119277714718141,1.8318932915703117,0.07057575392467982,1.1400962202404508,0.34191259050391287,0.7878843850495806,0.16143767994343797,1.533604119391467,0.9089362594428396
110,-0.20595595595595595,2.716540122875578,2.9081793949729273,2.992180272374571,2.33486315180991,2.427744221005531,2.142477866423022,1.9185282487245416,1.8384848961499503,0.08048673584285637,1.1385784157994088,0.34132683041980233,0.7865984613885765,0.16141061021340591,1.531827246658308,0.907294533407843
111,-0.20555555555555555,2.722158557603448,2.9136831054668573,2.9977947235068942,2.341157611806907,2.434364804141789,2.1490907545378493,1.925121568291775,1.8450698036941466,0.09028835529206407,1.137087430950542,0.34076000990680394,0.7853158109218275,0.16138284877564643,1.5301035006786758,0.9057032452680124
112,-0.20515515515515514,2.727773237821827,2.9191833565381358,3.0034067363584804,2.347443697918792,2.4409785905861776,2.155701227622998,1.9317065742860384,1.8516482613459342,0.09998026922878203,1.1356235785493178,0.3402120739692525,0.7840368059407049,0.16135409683141536,1.5284331279034034,0.9041622525534834
113,-0.20475475475475474,2.7333842155836177,2.9246801613286673,3.009016279281422,2.3537216051398473,2.44758455714788,2.162309379365045,1.938282194380095,1.8582205132001641,0.10956294095914698,1.1341869576659884,0.3396828261674765,0.7827617993761627,0.16132406568936,1.526815943777433,0.9026710375973497
114,-0.20435435435435434,2.7389915369463504,2.9301735278709606,3.0146233134838862,2.3599915375662928,2.4541817128304655,2.168915289850362,1.9448474446997834,1.8647868002958963,0.11903760561855278,1.132777460582897,0.3391719356358196,0.7814911230469863,0.16129247802043342,1.5252513495119826,0.901228726264991
115,-0.20395395395395394,2.7445952419081596,2.9356634592925848,3.02022779338464,2.3662537068572065,2.460769101035403,2.1755190255034242,1.9514014327230442,1.871347358319849,0.12840623790112948,1.1313947803795037,0.3386789432321111,0.7802250876102618,0.16125906846881466,1.523738348199266,0.8998341043686683
116,-0.20355355355355353,2.7501953644432193,2.9411499538970576,3.0258296668898987,2.372508330979605,2.467345804283667,2.182120639372689,1.9579433608865544,1.8779024173026104,0.13767151367218186,1.1300384192776933,0.3382032691200655,0.7789639810176995,0.16122358475821516,1.522275564206247,0.8984856378561937
117,-0.20315315315315316,2.755791932420908,2.9466330053767122,3.0314288757462298,2.3787556329863517,2.4739109462237177,2.188720171134585,1.9644725269916814,1.8844522001381994,0.14683676274344074,1.1287077001456494,0.3377442215377217,0.7777080683755072,0.16118578829328573,1.5208612676877467,0.8971814961178759
118,-0.20275275275275276,2.76138496768948,2.9521126029770186,3.0370253558977787,2.384995839589015,2.480463694578053,2.1953176475601928,1.9709883247644968,1.890996921946789,0.15590592707882622,1.1274017765069662,0.3373010046537651,0.776457591309865,0.16114545479866096,1.5194933964871342,0.89591957284951
119,-0.20235235235235235,2.766974486010871,2.9575887316534906,3.0426190378476687,2.3912291800014294,2.4870032640089663,2.2019130827080398,1.9774902438571964,1.897536789294732,0.16488350707063795,1.1261196454924622,0.3368727285826761,0.7752127673010922,0.16110237509928335,1.5181695843024308,0.8946975126341092
120,-0.20195195195195195,2.7725604973084503,2.963061372335804,3.0482098470253822,2.3974558848284833,2.4935289171852277,2.2085064783228097,1.983977868032968,1.904071998928992,0.17377450804356337,1.1248601613948186,0.33645841908816604,0.7739737899249236,0.16105635531426662,1.5168871891152675,0.8935127366979235
121,-0.20155155155155155,2.778143005626468,2.9685305020867214,3.0537977042308198,2.4036761847193127,2.5000399678127097,2.2150978243194697,1.9904508735551518,1.910602737709998,0.18258438902172344,1.123622048269796,0.3360570270486907,0.7727408281147574,0.16100721760699352,1.5156433206950377,0.8923624679595134
122,-0.20115115115115115,2.7837220092734904,2.973996094346855,3.0593825259301086,2.4098903094768898,2.506535781293874,2.2216870992948636,1.9969090265609948,1.9171291815520044,0.19131900260599838,1.122403915149674,0.33566743931973253,0.7715140263469937,0.1609548002840979,1.5144348726024508,0.8912437598385818
123,-0.20075075075075074,2.7892975010258314,2.9794581191925293,3.0649642247710367,2.41609848685364,2.5130157758332934,2.2282742710327796,2.003352179836076,1.9236514952442774,0.19998453812821973,1.1212042704875869,0.33528848900580605,0.7702935049031963,0.16089895802684606,1.5132585524788682,0.8901535234966341
124,-0.20035035035035034,2.7948694682224184,2.9849165435216523,3.070542709928076,2.4223009416619132,2.519479423658882,2.2348592971684353,2.0097802689322006,1.9301698318178095,0.20858746041424384,1.120021537810538,0.334918966477358,0.7690793596998753,0.1608395621114415,1.5121109153777919,0.8890885569558575
125,-0.19994994994994994,2.8004378930010523,2.990371331346261,3.0761178875228365,2.428497894749595,2.525926251526513,2.241442125670564,2.0161933079089565,1.936684332340858,0.21713445344798343,1.1188540702894252,0.3345576294353129,0.7678716627420028,0.160776500480955,1.5109883941065254,0.8880455717564923
126,-0.19954954954954954,2.8060027524590594,2.995822444020813,3.0816896610657176,2.4346895622348628,2.5323558407449798,2.2480226956603895,2.0225913848043984,1.9431951254575643,0.2256323592422408,1.1177001665344888,0.3342032138123549,0.7666704624685179,0.1607096776302918,1.5098873322830395,0.8870212217960628
127,-0.19914914914914916,2.811564018877908,3.001269840494492,3.087257931851126,2.440876154537417,2.5387678274744307,2.254600937973131,2.0289746565632174,1.949702327330614,0.23408811754664283,1.1165580862373055,0.33385444450445934,0.7654757842030946,0.16063901459564367,1.508804016950329,0.8860121317247748
128,-0.19874874874874876,2.8171216600086235,3.0067134775708753,3.092822599361044,2.4470578757868884,2.545161902574975,2.261176775986796,2.0353433438361566,1.9562060414877802,0.2425087114448697,1.1154260644940723,0.3335100449842842,0.7642876305506292,0.16056444875023396,1.5077347084593775,0.885014922330746
129,-0.19834834834834836,2.8226756392137675,3.0121533101527733,3.0983835617218345,2.4532349230391817,2.5515378106768867,2.267750126126312,2.0416977257179507,1.962706358788836,0.25090110547738165,1.1143023278609976,0.3331687482655485,0.7631059823405912,0.1604859335435485,1.5066756734084492,0.8840262396001244
130,-0.19794794794794796,2.828225915846937,3.017589291516201,3.1039407160532857,2.4594074856184105,2.5578953498856007,2.274320898833255,2.0480381336945626,1.9692033574364294,0.2592721948738102,1.113185107995974,0.3328293057750907,0.7619307990800349,0.1604034381604865,1.5056232130197542,0.8830427780908918
131,-0.19754754754754755,2.8337724454072735,3.023021373549154,3.109493958912889,2.4655757446575013,2.56423437051577,2.2808889992022707,2.054364946696695,1.975697102938821,0.2676287493154155,1.112072656308109,0.3324904972926546,0.7607620198388407,0.16031694713263234,1.5045736931671103,0.8820613072585778
132,-0.19714714714714715,2.83931517989804,3.02844950699956,3.1150431866834123,2.4717398725304376,2.570554774274378,2.2874543276770027,2.060678584695116,1.982187648537695,0.2759773629618317,1.1109632573993444,0.33215113965759124,0.7595995640229884,0.16022645995417534,1.5035235719712372,0.8810786944271976
133,-0.19674674674674675,2.8448540680960184,3.033873641725494,3.1205882959439055,2.4779000324133333,2.5768565126280976,2.294016780894889,2.0669795031492133,1.9886750350551607,0.2843244067986016,1.109855241872927,0.3318100950464137,0.7584433323475214,0.1601319904690268,1.5024694258314273,0.8800919266522772
134,-0.19634634634634635,2.8503890558043383,3.039293726947477,3.1261291838424943,2.4840563778892215,2.5831395854162245,2.300576252360398,2.0732681876878445,1.995159291401144,0.2926759819102724,1.1087469987091851,0.3314662791550263,0.7572932077495795,0.16003356637172686,1.5014079746080429,0.8790981323657769
135,-0.19594594594594594,2.85592008620716,3.0447097114589705,3.131665748512725,2.490209052717994,2.589404038994066,2.30713263314419,2.0795451482613085,2.00164043481313,0.3010378795366544,1.107636986256304,0.3311186680484577,0.7561490564769963,0.1599312285586761,1.5003361036764808,0.8780945994456003
136,-0.19554554554554554,2.861447100111802,3.0501215438879736,3.1371978893458468,2.4963581904558922,2.5956499647689406,2.313685812655613,2.085810913570709,2.0081184711386864,0.3094155414613559,1.1065237430152959,0.33076630499116433,0.7550107289374864,0.15982503054170716,1.4992508858128695,0.8770787932209654
137,-0.19514514514514514,2.866970036307328,3.055529172884411,3.142725507405894,2.5025039143299,2.601877496635596,2.3202356793750814,2.092066026356492,2.0145933953833026,0.3178140250864715,1.1054058971052507,0.33040830645227964,0.7538780610398983,0.15971503759576253,1.4981495997358463,0.8760483723995395
138,-0.19474474474474474,2.872488831816647,3.060932547373355,3.1482485057296636,2.5086463371004526,2.608086809373997,2.326782121378251,2.0983110376844363,2.0210651919178324,0.32623797504129737,1.1042821744615694,0.3300438668457798,0.7527508751227162,0.159601326213045,1.497029746426876,0.8750012014931836
139,-0.19434434434434433,2.8780034222337085,3.066331616721349,3.1537667896270816,2.5147855609005028,2.6142781161457793,2.3333250271404347,2.1045465027113326,2.027533835176834,0.3346915936077495,1.1031514068524397,0.32967226359728524,0.7516289811781753,0.15948398320297683,1.4958890647354774,0.8739353642673758
140,-0.19394394394394393,2.883513742017689,3.071726330963811,3.1592802669888624,2.5209216772499836,2.6204516665008746,2.339864286112943,2.110772975601236,2.033999290039133,0.343178621614147,1.102012537704724,0.3292928602146403,0.7505121778778086,0.1593631050117666,1.4947255425682835,0.8728491717706638
141,-0.19354354354354353,2.889019724757341,3.0771166409655963,3.1647888485886826,2.5270547670431482,2.6266077434211907,2.346399789273801,2.1169910056674635,2.040461512385356,0.35170231850202155,1.1008646277760146,0.3289051095778824,0.7494002540177729,0.15923879680225272,1.4935374272834017,0.8717411710891564
142,-0.19314314314314313,2.8945213035115396,3.082502498621898,3.170292448323155,2.5331849005978877,2.6327466616088633,2.3529314298378052,2.1232011330638927,2.046920449645585,0.3602654501803927,1.0997068591020842,0.32850855580656063,0.7482929893155438,0.15911117176002113,1.4923232331580312,0.8706101501941691
143,-0.19274274274274272,2.9000184110607115,3.0878838569957408,3.1757909834599833,2.5393121377293757,2.638868764421608,2.3594591036061394,2.1294038852038737,2.0533760413494,0.3688702797456611,1.098538538072485,0.3281028355970385,0.747190155916412,0.1589803501900697,1.491081746217151,0.8694551415202625
144,-0.19234234234234235,2.9055109802005785,3.0932606705019303,3.18128437488334,2.5454365279621824,2.644974421676266,2.36598270963902,2.1355997735919963,2.059828219775743,0.37751856166612335,1.0973590975801366,0.3276876789991978,0.7460915193284785,0.1588464587256558,1.4898120277401,0.8682754239937561
145,-0.19194194194194195,2.910998944007168,3.098632895016186,3.186772547303268,2.551558110597242,2.6510640269020103,2.372502150590804,2.141789290269735,2.0662769105137007,0.38621154373625394,1.0961680974234789,0.32726290869005437,0.7449968397682265,0.1587096294853854,1.4885134136086986,0.8670705210937366
146,-0.19154154154154154,2.9164822361118783,3.1040004880310086,3.1922554294399355,2.5576769150114433,2.657137994889634,2.3790173332507147,2.1479729054562022,2.0727220330827327,0.39494996735941995,1.0949652248097854,0.32682843967356606,0.7439058731832027,0.15856999924557452,1.4871855142303019,0.8658402000745571
147,-0.19114114114114114,2.921960790946219,3.109363408758964,3.197732954209758,2.563792960850153,2.6631967591200048,2.385528168878429,2.1541510650424427,2.0791635015716157,0.4037340783564457,1.0937502923892728,0.3263842770134271,0.7428183724364451,0.15842770864330313,1.48582820905222,0.8645844659613416
148,-0.19074074074074074,2.9274345439866005,3.114721618248624,3.2032050588770975,2.5699062583256325,2.6692407691913083,2.3920345735403945,2.16032418869426,2.0856012252071086,0.41256363681864433,1.0925232363816586,0.32593051378758137,0.741734088432493,0.15828290137581535,1.4844416413371468,0.8633035561637563
149,-0.19034034034034034,2.9329034319840988,3.1200750794707837,3.2086716851979937,2.5760168085233786,2.6752704883322083,2.39853646850963,2.166492667622866,2.0920351090560088,0.42143793230931453,1.0912841134743319,0.32546732803980793,0.740652771146884,0.1581357234030068,1.483026210445613,0.8619979323921685
150,-0.18993993993993993,2.9383673932014234,3.1254237574025816,3.2141327795197316,2.582124603698516,2.681286390939989,2.405033780438411,2.172656863684803,2.098465054600057,0.43035580224274916,1.0900330966795038,0.32499497923701864,0.7395741707351537,0.1579863222119024,1.4815825618255214,0.8606682713411026
151,-0.18953953953953953,2.9438263676043643,3.1307676190938007,3.219588292906469,2.588229627665836,2.6872889601254863,2.4115264416938005,2.1788171078769665,2.1048909603416885,0.4393156527503715,1.0887704707293724,0.32451380422564374,0.7384980385037272,0.15783484605858675,1.4801115761778447,0.8593154539825965
152,-0.18913913913913913,2.9492802970550853,3.136106633729438,3.2250381812107367,2.594331856124366,2.6932786853635013,2.418014390483428,2.184973699843606,2.1113127224426607,0.4483154835922414,1.0874966262582855,0.3240242125211285,0.7374241279330658,0.15768144328455974,1.4786143559957092,0.8579405531534148
153,-0.18873873873873873,2.9547291255210317,3.141440772669741,3.2304824051201466,2.600431257085528,2.6992560600567193,2.4244975710659444,2.1911269069386377,2.117730235317419,0.457352913833313,1.0862120539117257,0.32352668141634805,0.7363521956394825,0.15752626158106142,1.4770922120170746,0.8565448206273925
154,-0.18833833833833835,2.960172799203243,3.146770009483827,3.235920930237124,2.606527791255831,2.7052215795836747,2.430975933846227,2.1972769644294936,2.1241433922146706,0.4664252110106758,1.0849173373502499,0.3230217505543312,0.7352820021635703,0.15736944744260498,1.4755466475314714,0.8551296727934031
155,-0.18793793793793795,2.9656112667384646,3.152094319973541,3.2413537270560466,2.6126214124494105,2.7111757388279396,2.4374494354686083,2.203424075119153,2.130552085749147,0.4755293204730259,1.083613146355685,0.32251001639434335,0.7342133129664942,0.15721114544734432,1.473979342670997,0.8536966760551326
156,-0.18753753753753755,2.9710444792952413,3.1574136821818173,3.2467807710197696,2.618712068005518,2.717119030300668,2.4439180388727455,2.209568409767014,2.136956208524139,0.48466189868080006,1.082300228779437,0.3219921260436919,0.7331458991491614,0.15705149775247626,1.4723921365594081,0.8522475305391003
157,-0.18713713713713714,2.9764723907273902,3.162728076391524,3.2522020424687597,2.624799699230789,2.7230519421226083,2.4503817133034973,2.2157101076452825,2.1433556536397456,0.49381934521461723,1.080979402777081,0.3214687713229305,0.7320795382183627,0.15689064352875381,1.470787010014846,0.8507840544448588
158,-0.18673673673673674,2.981894957678555,3.1680374851125395,3.2576175266491436,2.6308842418533502,2.7289749561578893,2.456840434285902,2.2218492769996274,2.1497503151907056,0.5029978360451369,1.0796515487691933,0.3209406825986291,0.7310140147929528,0.15672871847700637,1.4691660677399563,0.8493081677542164
159,-0.18633633633633634,2.987312139680405,3.1733418930664627,3.2630272136444445,2.6369656264052774,2.7348885461891355,2.4632941835837405,2.227985996252396,2.1561400887731024,0.5121933593436434,1.0783176006054138,0.3204086222036833,0.7299491212924331,0.1565658543436383,1.4675315188446916,0.8478218748841959
160,-0.18593593593593594,2.9927238992218914,3.1786412871426855,3.2684310983195943,2.6430437787360566,2.740793176322856,2.469742949108428,2.2341203147635773,2.1625248719440306,0.5214017480689637,1.0769785375911645,0.3198733784325384,0.7288846584615291,0.1564021785296949,1.4658856593788232,0.8463272488220569
161,-0.18553553553553553,2.9981302018334985,3.1839356563650236,3.2738291802583372,2.6491186204102246,2.746689299393928,2.4761867247890885,2.240252254315415,2.1689045647060987,0.5306187157023686,1.0756353756010013,0.31933575900769795,0.7278204359749486,0.15623781370411577,1.4642308528410382,0.8448264139015521
162,-0.18513513513513513,3.003531016130968,3.189224991843197,3.2792214636565316,2.655190069152469,2.7525773555641364,2.4826255104597306,2.2463818103101927,2.175279069870931,0.5398398902528067,1.0742891586701924,0.3187965848481368,0.7267562728774511,0.15607287746766138,1.4625695118845596,0.8433215293397959
163,-0.18473473473473473,3.0089263138601097,3.1945092867074307,3.2846079572336446,2.6612580392959044,2.7584577709663574,2.4890593116725794,2.252508953359497,2.181648293533135,0.5490608464620084,1.0729409508932257,0.31825668421139686,0.7256919980365186,0.15590748205769653,1.4609040806585343,0.8418147737989372
164,-0.18433433433433433,3.014316069901057,3.199788536041398,3.289988674097834,2.667322442205746,2.7643309565197773,2.4954881395157376,2.2586336308347605,2.1880121453305637,0.5582771397762059,1.0715918279426992,0.31771688650041385,0.7246274504850266,0.1557417340980063,1.459237016468573,0.8403083290237804
165,-0.18393393393393392,3.019700262307228,3.2050627368118363,3.2953636316272656,2.6733831867026554,2.7701973068442394,2.5019120103682564,2.264755768517386,2.1943705388768526,0.5674843371448786,1.0702428692837582,0.31717801668074186,0.7235624797691552,0.15557573438862238,1.4575707729040834,0.8388043651224012
166,-0.18353353353353352,3.0250788722786854,3.210331887784477,3.3007328513147334,2.6794401794903244,2.7760571992869405,2.5083309457071055,2.2708752724775683,2.2007233920534026,0.5766780477973117,1.068895150343731,0.31664088971874216,0.7224969461655791,0.15540957772224098,1.455907783016793,0.8373050258879265
167,-0.18313313313313312,3.0304518841517294,3.2155959894350907,3.3060963586268386,2.6854933255415627,2.781910993082919,2.5147449718110284,2.2769920306859612,2.2070706272535943,0.5858539519978505,1.06754973523913,0.31610630537483436,0.7214307209155391,0.15524335276393578,1.45425044366049,0.8358124150512554
168,-0.18273273273273272,3.0358192853752715,3.2208550438548205,3.3114541828208868,2.691542528512086,2.787759028649127,2.521154119509563,2.283105915077812,2.213412171675562,0.5950078287704523,1.0662076696113632,0.3155750432339107,0.7203636863359146,0.15507714194796743,1.452601100198356,0.8343285831777307
169,-0.18233233233233231,3.041181066457845,3.226109054654838,3.3168063567802086,2.69758769113217,2.793601626923777,2.5275584238818287,2.2892167831873316,2.2197479575426766,0.6041355816239149,1.0648699740497691,0.31504785807088076,0.7192957359374115,0.1549110214159137,1.4509620324458572,0.8328555154275402
170,-0.1819319319319319,3.0465372209182333,3.2313580268544824,3.3221529168236286,2.703628715557252,2.799439088911402,2.5339579239713625,2.295324480151803,2.226077922308096,0.6132332626572613,1.063537637802654,0.31452547555223104,0.7182267744419022,0.1547450609923518,1.4493354413360748,0.8313951202195947
171,-0.1815315315315315,3.0518877452236075,3.236601966779712,3.327493902508514,2.709665503750868,2.8052716952637047,2.5403526624449553,2.301428840566379,2.2324020087783456,0.6222970953005039,1.06221161286233,0.31400858817654276,0.7171567177902446,0.15457932419240555,1.4477234363875324,0.8299492185176248
172,-0.18113113113113113,3.057232638697914,3.241840881948192,3.3328293564335105,2.715697957819139,2.8110997060684415,2.546742685300237,2.307529690226515,2.238720165319827,0.6313234943961247,1.060892808672381,0.3134978517138116,0.7160854930344146,0.15441386827348566,1.4461280246186807,0.8285195344274434
173,-0.18073073073073073,3.0625719034539505,3.2470747809537053,3.338159324029054,2.7217259803484124,2.816923360608726,2.553128041519868,2.313626847975823,2.2450323459356967,0.640309085138617,1.0595820871131165,0.3129938818536351,0.7150130382712729,0.15424874428627963,1.4445511000048572,0.8271076863579266
174,-0.18033033033033033,3.0679055442801593,3.2523036733472193,3.3434838533325273,2.727749474720986,2.8227428773162675,2.559508782740887,2.3197201274937367,2.251338510321655,0.6492507195825502,1.0582802580629098,0.3124972513073008,0.7139393024609242,0.15408399717875895,1.4429944342834793,0.8257151793718008
175,-0.17992992992992993,3.0732335685396266,3.257527569521366,3.3488029947822646,2.733768345419354,2.8285584538639537,2.565884962907404,2.325809338959268,2.257638624007693,0.6581454916319214,1.0569880753343017,0.3120084871927021,0.7128642452098081,0.15391966594020046,1.4414596685921104,0.8243433982824132
176,-0.17952952952952952,3.0785559860612177,3.2627464805867965,3.3541168009770854,2.739782498316627,2.834370267222785,2.572256637952621,2.3318942906422526,2.2639326582846606,0.6669907496571001,1.0557062332253921,0.3115280688365369,0.7117878365398649,0.15375578372037244,1.4399483064247982,0.8229936018495116
177,-0.17912912912912912,3.08387280900005,3.2679604182481174,3.3594253264603937,2.7457918409419118,2.8401784739165103,2.578623865427836,2.3379747905622663,2.2702205903041004,0.6757841078539956,1.0544353633086874,0.3110564258350499,0.7107100565997267,0.15359237802716738,1.4384617071559422,0.8216669176677552
178,-0.17872872872872872,3.0891840517257774,3.273169394687465,3.364728627478548,2.7517962827369327,2.8459832103262155,2.5849867041903085,2.344050647860025,2.2765024029821808,0.6845234552024428,1.0531760319018861,0.31059393652445577,0.7096308953343995,0.15342947090323925,1.4370010810543652,0.8203643381188088
179,-0.17832832832832834,3.094489730670528,3.278373422437017,3.3700267617534436,2.7577957352980373,2.851784593090745,2.591345214047029,2.3501216742942295,2.2827780850126183,0.693206962496012,1.0519287379289677,0.3101409268300423,0.7085503521207939,0.15326707915307705,1.4355674851619116,0.8190867173417309
180,-0.17792792792792794,3.0997898641971395,3.283572514261069,3.3753197882390795,2.7637901125966073,2.857582719516084,2.5976994554447916,2.3561876854643433,2.289047630751557,0.7018330880970429,1.0506939111799163,0.30969766931989967,0.7074684353941496,0.15310521454656884,1.4341618200262278,0.8178347687280354
181,-0.17752752752752754,3.105084472441293,3.288766683034427,3.380607766896171,2.7697793311845595,2.863377668171187,2.6040494891219597,2.36224850208209,2.295311040175006,0.7104005817268719,1.0494719110015138,0.30926438263900574,0.7063851622078418,0.15294388408984533,1.432784827420655,0.8166090634286676
182,-0.17712712712712714,3.1103735771638594,3.293955941625944,3.385890758442798,2.7757633103864476,2.8691694994689207,2.610395375812873,2.3683039510217667,2.3015683187220306,0.7189084864788646,1.0482630254841587,0.30884123124525503,0.705300557778044,0.15278309026574413,1.4314370891312382,0.8154100296492198
183,-0.17672672672672673,3.1156572015977284,3.299140302779945,3.39116882413205,2.781741972471403,2.874958256293216,2.6167371759334817,2.374353866392237,2.307819477196526,0.7273561391504012,1.0470674710308756,0.3084283254629879,0.7042146550339429,0.152622831296784,1.4301190265467476,0.8142379527974641
184,-0.17632632632632633,3.1209353702758413,3.304319779004415,3.3964420255100696,2.7877152428115415,2.8807439647466704,2.62307494927405,2.3803980903867226,2.3140645315881283,0.7357431693484571,1.0458853922786358,0.30802572174558807,0.7031274941010435,0.1524631014342313,1.428830901069359,0.8130929761645428
185,-0.17592592592592593,3.1262081088808737,3.309494382458806,3.4017104241887868,2.7936830500256664,2.886526634885841,2.629408754722489,2.3864364741507265,2.320303502931816,0.7440694968277103,1.0447168624318295,0.307633423266499,0.7020391217993324,0.15230389122925744,1.4275728153813796,0.8119751024892532
186,-0.17552552552552553,3.1314754440749266,3.3146641248491537,3.406974081612914,2.7996453261043506,2.8923062615344257,2.6357386499932827,2.3924688783996104,2.3265364171044984,0.7523353276066764,1.0435618839529595,0.3072513807155171,0.7009495911031771,0.15214518782370812,1.4263447155110434,0.8108841960482644
187,-0.17512512512512513,3.136737403331585,3.3198290173211333,3.412233058843016,2.8056020065221605,2.898082825119203,2.642064691357574,2.3984951741052236,2.332763304619494,0.7605411485520495,1.0424203896027195,0.30687949338335546,0.6998589606036639,0.15198697524643281,1.425146393635313,0.8098199855206845
188,-0.17472472472472472,3.1419940147772527,3.324989070361951,3.4174874163273596,2.811553030328482,2.9038562925426596,2.648386933402677,2.4045152429241106,2.3389842004178054,0.768687720813199,1.0412922438143482,0.30651761043854714,0.6987672939535607,0.15182923470136261,1.4239774916098469,0.8087820673509193
189,-0.17432432432432432,3.1472453070153152,3.330144293707145,3.42273721368951,2.817498340237161,2.9096266180651815,2.654705428794939,2.410528977648724,2.3451991436415685,0.7767760722097562,1.0401772443144461,0.30616553239882954,0.6976746593084904,0.15167194486438754,1.4228375050250137,0.8077699096298933
190,-0.17392392392392392,3.1524913089714888,3.335294696245011,3.4279825095179177,2.823437882686922,2.915393744241893,2.661020228076873,2.4165362824722862,2.3514081773847724,0.7848074881379942,1.039075124147099,0.3058230128609029,0.6965811287502293,0.15151508217338233,1.4217257881357845,0.8067828566534297
191,-0.17352352352352352,3.1577320497164925,3.340440285934893,3.4332233611614544,2.8293716079040143,2.9211576028369772,2.6673313794474516,2.4225370732108953,2.3576113484425716,0.7927835019414917,1.0379855538343201,0.3054897603248999,0.695486777725753,0.15135862112513665,1.4206415590626476,0.8058201337327013
192,-0.1731231231231231,3.1629675583159322,3.3455810697258106,3.4384598245317055,2.8352994699282075,2.9269181157815933,2.6736389285953535,2.4285312774210817,2.363808707053295,0.8007058837388403,1.0369081439347063,0.30516544029530346,0.6943916844745233,0.15120253455645224,1.419583905848781,0.804880852735759
193,-0.1727227227227227,3.1681978636638832,3.350717053478568,3.4436919539110926,2.841221426650285,2.932675196103614,2.6799429185270554,2.4345188344278452,2.3700003066308946,0.8085766288423146,1.035842447720382,0.30484967744915864,0.6932959294625939,0.15104679392522788,1.4185517927600502,0.8039640178036886
194,-0.1723223223223223,3.1734229943257177,3.3558482419002242,3.4489198017694975,2.8471374398257487,2.938428748893799,2.6862433894139075,2.4404996953079405,2.3761862034731718,0.8163979452637598,1.0347879640925894,0.30454205796833833,0.6921995948160189,0.15089136959150298,1.4175440670910566,0.8030685315003723
195,-0.1719219219219219,3.1786429783857018,3.36097463847604,3.4541434185900783,2.8530474750679597,2.944178672233273,2.692540378465014,2.4464738226983145,2.3823664564978944,0.8241722402161952,1.0337441407717918,0.3042421320434344,0.6911027637748899,0.15073623107930245,1.4165594665293548,0.802193201414858
196,-0.1715215215215215,3.18385784330156,3.366096245412356,3.4593628527010787,2.8589515018514757,2.94992485814025,2.6988339198133784,2.452441190675859,2.3885411269405497,0.8319021063224886,1.032710377554608,0.30394941643555834,0.6900055201387252,0.15058134733776346,1.415596626670828,0.8013367469182893
197,-0.1711211211211211,3.18906761574956,3.37121306358612,3.4645781501159156,2.864849493483269,2.9556671934891052,2.705124044415615,2.4584017844166923,2.3947102780784957,0.8395903069964818,1.0316860298133252,0.3036633971743061,0.6889079477355959,0.15042668699378176,1.4146540890221377,0.8004978062754179
198,-0.1707207207207207,3.1942723214943776,3.3763250924954162,3.4697893543830056,2.8707414270699823,2.9614055609195766,2.7114107799778853,2.4643555999325675,2.4008739749279004,0.8472397613426608,1.0306704121057215,0.3033835323477376,0.687810129901879,0.15027221858731793,1.4137303092248628,0.7996749440058406
199,-0.17032032032032032,3.199471985249002,3.381432330221356,3.4749965064475723,2.8766272834825912,2.967139839724915,2.717694150891332,2.4703026436506272,2.4070322839521214,0.8548535287204352,1.0296628019015828,0.30310925494282825,0.6867121489746604,0.15011791080404138,1.4128236655125634,0.7988666583711354
200,-0.16991991991991992,3.2046666305463125,3.386534773392826,3.4801996445176884,2.8825070473028767,2.9728699067142412,2.723974178184367,2.476242931976305,2.4131852727772407,0.8624347928288136,1.0286624434293468,0.30283997577218824,0.6856140858052302,0.14996373269192428,1.4119324673986369,0.7980713890941677
201,-0.16951951951951952,3.2098562796155683,3.391632417158846,3.485398803943179,2.8883807067616454,2.978595637051036,2.7302508795048945,2.4821764908439903,2.4193330098905563,0.8699868456238676,1.0276685515752664,0.30257508642884146,0.6845160192852378,0.14980965386379486,1.4110549644612027,0.7972875251512761
202,-0.16911911911911912,3.2150409532677435,3.3967252551661207,3.4905940171062397,2.8942482536685974,2.984316905054387,2.736524269097646,2.488103355143661,2.425475564357651,0.877513070745386,1.0266803159297777,0.3023139623219673,0.6834180259078857,0.14965564469105205,1.4101893554005298,0.7965134127780251
203,-0.1687187187187187,3.220220670782409,3.4018132795448284,3.4957853133157,2.90010968334125,2.990033584994124,2.7427943578192857,2.4940235682152436,2.431613005536234,0.885016927253132,1.0256969047486906,0.30205596566084597,0.6823201793211815,0.14950167648462478,1.4093337969249844,0.7957473633371636
204,-0.1683183183183183,3.225395449806865,3.406896480895874,3.5009727187206163,2.905964994512093,2.995745551815531,2.74906115315346,2.499937181237273,2.437745402796926,0.8925019328252877,1.0247174690731387,0.3018004485273519,0.6812225499387545,0.14934772165802884,1.4084864129087982,0.7949876614236314
205,-0.1679179179179179,3.230565306259162,3.4119748482890935,3.5061562562235733,2.911814189244331,3.0014526818501297,2.755324659248069,2.505844252614158,2.443872825245556,0.8999716471451144,1.0237411468085262,0.30154675591404506,0.6801252045496103,0.14919375387934497,1.4076453034642127,0.7942325728757869
206,-0.16751751751751753,3.2357302542399986,3.4170483692650055,3.5113359454146678,2.917657272826009,3.0071548534868393,2.761584876966292,2.511744847357092,2.449995341458136,0.9074296555323257,1.0227670667526094,0.30129422871568606,0.6790282059649128,0.1490397482104925,1.4068085538645576,0.793480352665191
207,-0.16711711711711713,3.240890305951013,3.4221170298417376,3.516511802508849,2.923494253672191,3.0128519478024867,2.767841803951893,2.5176390364321364,2.4561130192170046,0.9148795523108109,1.0217943526969697,0.30104220676636834,0.6779316126800433,0.1488856812313127,1.4059742436056446,0.7927292529070514
208,-0.16671671671671673,3.2460454716235474,3.4271808145287856,3.521683840296681,2.929325143208215,3.018543849133395,2.774095434704238,2.5235268961024815,2.4622259252610417,0.9223249248338773,1.020822127379362,0.3007900317529198,0.6768354785820871,0.14873153114567522,1.4051404551006863,0.7919775305450562
209,-0.16631631631631633,3.2511957594508964,3.4322397063463455,3.526852068104051,2.93514995575735,3.024230445637899,2.780345760672391,2.529408507287524,2.468334125036621,0.9297693373823915,1.0198495164661725,0.3005370501539406,0.6757398526589714,0.14857727788100727,1.4043052824371056,0.7912234551037464
210,-0.16591591591591592,3.2563411755319,3.4372936868481494,3.5320164917640833,2.9409687084200806,3.0299116297908024,2.78659277035274,2.535283954891444,2.474437682467319,0.9372163157586583,1.0188756523805989,0.3002826160463269,0.6746447787545352,0.14842290316934575,1.40346683975539,0.7904653160911483
211,-0.16551551551551552,3.2614817238212463,3.4423427361521064,3.5371771135972296,2.946781420946367,3.03558729883467,2.7928364494030444,2.54115332712841,2.4805366597290064,0.9446693319835231,1.0178996781117309,0.3000260938914745,0.6735502953495416,0.1482683906130621,1.402623269558526,0.7897014303491925
212,-0.16511511511511512,3.266617406089374,3.4473868329732533,3.5423339324025536,2.952588115610795,3.0412573552110858,2.7990767807701857,2.547016714915571,2.486631117036163,0.9521317896791163,1.0169207508489184,0.2997668612004172,0.6724564353548871,0.14811372574157677,1.4017727506378865,0.788930149085383
213,-0.16471471471471472,3.271748221886911,3.4524259546636094,3.54748694346018,2.9583888170766213,3.0469217069065366,2.805313744817065,2.5528742112093163,2.4927211124412487,0.9596070099685888,1.0159380455106255,0.29950431109636805,0.671363225959926,0.14795889604911902,1.4009135057141582,0.7881498646342796
214,-0.1643143143143143,3.276874168522247,3.4574600772547504,3.552636138540273,2.9641835522611277,3.0525802677969285,2.8115473194645952,2.558725910386574,2.498806701642119,0.9670982177838394,1.0149507581698707,0.29923785480616605,0.670270688484166,0.14780389102527236,1.4000438088555316,0.7873590170316616
215,-0.1639139139139139,3.281995241041737,3.462489175506413,3.5577815059261244,2.9699723501989004,3.058232957921185,2.8177774803463507,2.564571907640802,2.504887937809049,0.9746085291104979,1.0139581092564425,0.29896692397817015,0.6691788382671578,0.1476487021681437,1.399161992380609,0.786556100130789
216,-0.1635135135135135,3.2871114322213875,3.4675132229576193,3.562923030442552,2.975755241901248,3.0638797037213674,2.8240042009550264,2.5704122984056212,2.5109648714159003,0.9821409386495209,1.0129593466583426,0.29869097292399804,0.6680876845881758,0.14749332298946236,1.3982664535146658,0.7857396675212032
217,-0.1631131131131131,3.2922227325656888,3.4725321919825176,3.568060693495448,2.9815322602110323,3.0695204382288743,2.830227452810341,2.576247177786006,2.5170375500925566,0.9896983084855728,1.0119537485848056,0.2984094806737832,0.666997230613508,0.14733774900161437,1.3973556605102617,0.7849083379538957
218,-0.1627127127127127,3.297329130312831,3.477546053849011,3.5731944731221015,2.987303439663846,3.0751551012288942,2.836447205624837,2.5820766400276214,2.5231060184832943,0.9972833573446517,1.0109406262848954,0.29812195292515853,0.6659074733609516,0.14718197770143435,1.3964281584428486,0.7840608004869336
219,-0.1623123123123123,3.3024306114488424,3.4825547787817253,3.5783243440456944,2.9930688163382313,3.0807836393700803,2.8426634274718,2.587900778011574,2.5291703181240353,1.0048986508019455,1.009919326536192,0.2978279238167328,0.6648184037015553,0.14702600853860498,1.3954825744779946,0.7831958191703914
220,-0.1619119119119119,3.307527159729701,3.487558336027523,3.5834502777428208,2.9988284277132964,3.086406006221953,2.848876084964791,2.593719682774285,2.5352304873336378,1.0125465923661843,1.0088892339234448,0.29752695754011893,0.6637300063874612,0.1468698428701151,1.394517622664747,0.7823122373054537
221,-0.1615115115115115,3.3126187567079763,3.4925566939230706,3.5885722425156086,3.0045823125225,3.0920221623293216,2.8550851434290383,2.5995334430636428,2.5412865611131727,1.0202294153755023,1.0078497729182012,0.2972186498047272,0.6626422600917611,0.14671348391626018,1.3935321082941958,0.7814089813148594
222,-0.1611111111111111,3.3177053817684277,3.4975498199658395,3.5936902035752785,3.010330510606463,3.09763207518694,2.8612905670841897,2.605342144916688,2.5473385710654473,1.0279491759260433,1.0068004097112426,0.2969026291105195,0.6615551374911797,0.14655693669545908,1.3925249316868151,0.7804850641089439
223,-0.1607107107107107,3.322787012171276,3.502537680886929,3.598804123128165,3.0160730627685015,3.1032357192078495,2.867492319220024,2.61114587129986,2.5533865453255085,1.035707746703077,1.005740653817787,0.29657855785856335,0.6604686053591388,0.14640020795836983,1.3914950914870985,0.77953958802509
224,-0.1603103103103103,3.3278636230996597,3.5075202427263164,3.60391396047425,3.0218100106273518,3.1088330756443425,2.873690362379497,2.6169447017325975,2.5594305085069546,1.0435068117372697,1.0046700594696072,0.2962461332876677,0.6593826246873002,0.14624330611141886,1.3904416874752263,0.7785717473065857
225,-0.1599099099099099,3.3329351877148543,3.5124974709081673,3.6090196721083667,3.027541396476126,3.1144241324862216,2.879884658535221,2.6227387120021226,2.565470481658545,1.0513478622116927,1.0035882267380933,0.29590508822266315,0.6582971508225183,0.1460862411358906,1.3893639227918577,0.777580830087713
226,-0.1595095095095095,3.338001677217213,3.517469330319808,3.6141212118299624,3.033267263136337,3.12000888430682,2.8860751692681172,2.6285279738726786,2.571506482237225,1.0592321931976776,1.0024948024403961,0.295555191648342,0.6572121336373089,0.14592902449533385,1.3882611056662024,0.7765662199191978
227,-0.1591091091091091,3.3430630609126233,3.5224357853899564,3.619218530857293,3.0389876538179705,3.1255873321046486,2.8922618559418005,2.6343125548389357,2.5775385240949245,1.0671609013426495,1.0013894808096264,0.2951962491107823,0.6561275177057401,0.14577166904346497,1.3871326506384856,0.7755273968377667
228,-0.1587087087087087,3.348119306284738,3.527396800168768,3.624311577948938,3.044702611978492,3.131159483105648,2.8984446798749186,2.640092517934759,2.5835666174765035,1.0751348835724723,1.0002720039139892,0.2948281029332474,0.6550432425057066,0.14561418892440164,1.3859780792213698,0.7744639379490252
229,-0.1583083083083083,3.3531703790713463,3.5323523384078963,3.6294002995285344,3.050412181186299,3.136725350531756,2.9046236025108554,2.6458679215417638,2.5895907690320112,1.0831548367070574,0.9991421618591946,0.2944506322618391,0.6539592426392385,0.14545659946637643,1.38479702008237,0.7733755175602192
230,-0.1579079079079079,3.35821624334738,3.5373023636412886,3.634484639816145,3.0561164049837672,3.1422849533672847,2.910798585581466,2.651638819261919,2.595610981840382,1.0912212580524945,0.9979997927462048,0.2940637529349833,0.6528754480631825,0.14529891707713458,1.3835892086966641,0.772261906849336
231,-0.1575075075075075,3.363256861610468,3.542246839265477,3.6395645409621142,3.0618153267554753,3.147838316080733,2.9169695912680047,2.6574052598073297,2.6016272554487823,1.0993344467798645,0.996844782437073,0.2936674172069913,0.6517917843413518,0.14514115913078865,1.3823544865695998,0.7711229731507845
232,-0.1571071071071071,3.3682921948713296,3.547185728620329,3.644639943186813,3.0675089895957206,3.1533854683429037,2.923136582354865,2.663167286921216,2.6076395859168167,1.1074945063681512,0.9956770640640964,0.2932616132762374,0.6507081729071429,0.14498334385682093,1.3810927999040457,0.7699586787237296
233,-0.15670670670670672,3.373322202748991,3.552118995068453,3.6497107849217194,3.0731974361837384,3.1589264447201257,2.9292995223793317,2.6689249393474155,2.6136479658803786,1.1157013477074331,0.9944966173684721,0.292846364694267,0.6496245313381014,0.14482549022452312,1.379804197893402,0.7687690792095608
234,-0.15630630630630632,3.3783468435667796,3.557046602074879,3.6547770029556075,3.0788807086567953,3.1644612843538504,2.935458375772341,2.6746782507975335,2.619652384622048,1.1239546931274809,0.9933034678213607,0.2924217296024,0.6485407736446817,0.14466761782893353,1.378488830538059,0.7675543216316801
235,-0.15590590590590592,3.383366074454504,3.5619685132848242,3.6598385325817517,3.0845588484917945,3.169990030627811,2.9416131079971914,2.680427249990242,2.6256528281488456,1.1322540811375112,0.9920976855597916,0.2919877998413675,0.6474568105641869,0.14450974677410888,1.3771469460640384,0.7663146420629118
236,-0.15550550550550551,3.3883798514513583,3.566884692600918,3.664895307748594,3.0902318963857227,3.175512730818742,2.9477636856748415,2.68617196067535,2.631649279288444,1.1405988718535702,0.9908793841607164,0.2915446999321621,0.6463725498706322,0.1443518975580879,1.3757788879811725,0.7650503629523111
237,-0.1551051051051051,3.393388129611868,3.571795104258779,3.6699472612112105,3.0958998921428686,3.1810294357458844,2.953910076707592,2.691912401711607,2.6376417177867255,1.148988253184763,0.9896487192236016,0.2910925859199312,0.6452878966838035,0.1441940909586406,1.3743850917367995,0.7637618900902081
238,-0.1547047047047047,3.3983908631134407,3.576699712900756,3.6749943246855112,3.101562874565576,3.186540199404248,2.9600522503905,2.6976485871629228,2.643630120418379,1.157421247511872,0.9884058868302442,0.29063164412759096,0.6442027537909452,0.1440363479201231,1.372966081095412,0.762449709336668
239,-0.1543043043043043,3.4033880053663106,3.5815984836484596,3.6800364290013317,3.1072208813473012,3.1920450785985643,2.966190177517702,2.7033805264047017,2.6496144611047168,1.165896719022264,0.9871511218457426,0.29016208978858316,0.6431170219694449,0.1438786894420654,1.3715224641808683,0.7611143830291396
240,-0.1539039039039039,3.4083795091237175,3.586491382172606,3.685073504258463,3.1128739489719837,3.197544132567765,2.9723238304786754,2.7091082242723643,2.6555947110383227,1.17441338150282,0.9858846961000841,0.2896841655976543,0.6420306003158163,0.14372113647042586,1.3700549292588104,0.7597565461754717
241,-0.1535035035035035,3.4133653265945103,3.5913783747610353,3.6901054799811743,3.118522112616048,3.2030374226143112,2.978453183345783,2.7148316812085813,2.6615708388160324,1.1829698065989038,0.9846069164579447,0.28919814017548945,0.6409433865748326,0.1435637097923737,1.3685642402822276,0.7583769024179645
242,-0.1531031031031031,3.418345409554441,3.596259428384409,3.6951322852735884,3.1241654060572404,3.2085250117276614,2.9845782119531217,2.7205508934464495,2.6675428105793593,1.1915644324210786,0.9833181227956159,0.28870430647169926,0.6398552774709351,0.14340642993417388,1.367051232237842,0.7569762198359872
243,-0.1527027027027027,3.423319709459681,3.6011345107590564,3.7001538489730907,3.1298038615844015,3.2140069642087794,2.9906988939691117,2.7262658531908133,2.673510590156058,1.2001955725804132,0.9820186858764125,0.2882029800880083,0.6387661690404107,0.14324931706087354,1.3655168062766976,0.7555553265359879
244,-0.1523023023023023,3.4282881775592067,3.6060035904074477,3.7051700998047874,3.1354375099151994,3.2194833453034692,2.996815208955414,2.7319765488286634,2.679474139213183,1.2088614253639662,0.9807090051828379,0.2876944975787607,0.6376759569610178,0.14309239088378398,1.3639619247560428,0.7541151061830489
245,-0.1519019019019019,3.4332507650065924,3.610866636715783,3.710180966532696,3.141066380117512,3.2249542208354303,3.002927138420366,2.737682965145071,2.685433417409583,1.2175600832562634,0.9793895066643501,0.2871792146876213,0.6365845368794779,0.1429356705698942,1.362387606104903,0.7526564933621938
246,-0.1515015015015015,3.4382074229715736,3.615723619988562,3.7151863781104946,3.146690499535368,3.2304196568464913,3.0090346658622478,2.743385083549199,2.691388382555211,1.2262895425272275,0.9780606404645642,0.28665750457345135,0.6354918047365529,0.1427791746568313,1.3607949196488134,0.7511804689114163
247,-0.1511011011011011,3.4431581027504103,3.6205745115001315,3.7201862638295573,3.1523098937196377,3.23587971924503,3.015137776802857,2.7490828823099527,2.6973389907719207,1.2350477129817128,0.9767228786060157,0.2861297560075024,0.6343976570874454,0.14262292097312676,1.3591849803499227,0.7496880551780303
248,-0.15070070070070068,3.448102755875246,3.625419283542991,3.7251805534651736,3.157924586364982,3.241334473462321,3.0212364588131178,2.754776336799663,2.703285196659169,1.2438324277505282,0.9753767126605721,0.28559637156438666,0.6333019914165525,0.1424669265634648,1.35755894352302,0.7481803112581124
249,-0.15030030030030028,3.4530413342212287,3.6302579094731313,3.7301691774192594,3.1635345992506134,3.2467839841216857,3.027330701529551,2.760465419744541,2.7092269534586535,1.2526414530637924,0.974022651420506,0.28505776581751574,0.6322047064447844,0.14231120762013738,1.3559179995612671,0.7466583282469285
250,-0.14989989989989988,3.4579737901119767,3.635090363751588,3.7351520668612643,3.1691399521865473,3.2522283147154267,3.033420496660943,2.766150101474299,2.715164213223111,1.261472498026029,0.9726612185665928,0.2845143635350657,0.6311057024319543,0.1421557794199961,1.3542633686611405,0.7451232244898208
251,-0.14949949949949948,3.462900076423149,3.6399166219829815,3.740129153864505,3.1747406629657084,3.2576675272968445,3.039505837987801,2.771830350180136,2.721096926984281,1.2703232242375744,0.9712929503682891,0.2839665979059997,0.6300048814685071,0.14200065626717268,1.352596295627204,0.7435761409119814
252,-0.14909909909909907,3.467820146682875,3.644736660950447,3.745100371540155,3.180336747320029,3.263101682184127,3.045586721352225,2.7775061321677277,2.727025044922046,1.2791912553524651,0.9699183933975476,0.2834149087784912,0.6289021477601812,0.14184585144234066,1.350918044713652,0.7420182363794722
253,-0.1486986986986987,3.472733955170386,3.6495504586467864,3.750065654166031,3.185928218882415,3.268530837680998,3.0516631446403166,2.7831774121147133,2.732948516532224,1.2880741863979444,0.9685381022953968,0.28285974094392685,0.6277974079007526,0.1416913771578047,1.3492298945908827,0.740450683180115
254,-0.1482982982982983,3.477641457010813,3.6543579943026017,3.7550249373127835,3.1915150891542066,3.2739550498071153,3.0577351077555868,2.788844153324303,2.738867290793749,1.2969695929429075,0.9671526375728763,0.2823015424495374,0.6266905711375615,0.14153724451862945,1.347533133392873,0.7388746625787838
255,-0.1478978978978979,3.4825426082674067,3.65915924841038,3.7599781579646887,3.197097367477268,3.279374372052282,3.0638026125854387,2.794506317972456,2.7447813163353274,1.3058750399747139,0.965762563479337,0.2817407629661024,0.6255815496216341,0.14138346349103073,1.345829053924395,0.7372913605166731
256,-0.1474974974974975,3.4874373660300364,3.6639542027452023,3.7649252546361014,3.2026750610114934,3.2847888551413162,3.069865662960115,2.80016386735614,2.7506905415980154,1.3147880905224807,0.9643684459284103,0.28117785220348585,0.6244702586486214,0.14123004287592775,1.3441189490005894,0.7357019634362025
257,-0.1470970970970971,3.4923256885007468,3.668742840381777,3.769866167483487,3.2082481747175113,3.2901985468175745,3.075924264603298,2.805816762131575,2.7565949149976396,1.3237063139840237,0.9629708504934948,0.2806132583817131,0.6233566168875389,0.14107699028926482,1.3424041069473547,0.7341076542512802
258,-0.1466966966966967,3.497207535074087,3.6735251457078895,3.7748008384120957,3.2138167113445335,3.2956034916442563,3.081978425077278,2.8114649625494117,2.76249438508188,1.3326272941075104,0.9615703404831083,0.28004742676690375,0.6222405465949623,0.14092431214858103,1.3406858072870833,0.7325096084875572
259,-0.14629629629629629,3.502082866415499,3.6783011044343654,3.779729211177828,3.2193806714232047,3.3010037308245495,3.088028153720882,2.8171084286785573,2.7683889006856055,1.3415486366444318,0.9601674750942588,0.27948079826851807,0.6211219738168857,0.140772013665492,1.3389653166033633,0.7309089905833261
260,-0.1458958958958959,3.5069516445339506,3.6830707036012433,3.7846512314835903,3.2249400532638792,3.3063993020385927,3.0940734615804324,2.82274712062524,2.7742784110814505,1.350467976620408,0.9587628076544455,0.27891380810818306,0.6200008285766463,0.14062009884457402,1.3372438846088994,0.729306950378458
261,-0.1454954954954955,3.511813832851289,3.6878339315808013,3.7895668470701196,3.2304948529590414,3.311790239300137,3.1001143613371247,2.8283809987419772,2.780162866125841,1.359382985237515,0.9573568839509857,0.27834688455720036,0.6188770450480424,0.14046857048748004,1.3355227404148693,0.7277046197832168
262,-0.1450950950950951,3.5166693962667224,3.6925907780765996,3.7944760078016793,3.2360450643917855,3.3171765728308276,3.1061508672256286,2.8340100238205608,2.7860422164011776,1.368291376367681,0.9559502406579756,0.2777804477498198,0.6177505617151774,0.1403174302037549,1.3338030890218235,0.7261031096458526
263,-0.1446946946946947,3.521518301217089,3.6973412341196887,3.799378665745424,3.2415906792481852,3.322558328953903,3.1121829949509197,2.8396341572864823,2.791916413351386,1.377190912661631,0.954543403851764,0.2772149085688741,0.6166213215162616,0.14016667842628222,1.3320861080159172,0.7245035068103971
264,-0.1442942942942943,3.5263605157322018,3.7020852920608425,3.804274775245607,3.2471316870350564,3.3279355300056213,3.118210761598293,2.8452533613718467,2.797785409413638,1.3860794112342814,0.9531368876287827,0.2766506676094518,0.615489271973461,0.14001631443277485,1.3303729444974344,0.7229068713789495
265,-0.1438938938938939,3.5311960094863473,3.7068229455600474,3.809164292991321,3.252668075101636,3.333308194266815,3.1242341855394717,2.85086759927943,2.8036491581428855,1.3949547489399128,0.9517311928206103,0.2760881142188668,0.6143543653074927,0.13986633637227844,1.3286647122322341,0.7213142341742953
266,-0.1434934934934935,3.536024753844149,3.711554189572337,3.8140471780787646,3.258199828667129,3.338676335911026,3.1302532863358485,2.856476835339388,2.8095076143314257,1.4038148672298087,0.950326805806712,0.27552762561450267,0.6132165585364406,0.13971674129647854,1.3269624890276221,0.7197265944071781
267,-0.1430930930930931,3.540846721901759,3.7162790203308407,3.818923392067256,3.263726930851136,3.3440399649720995,3.136268084637218,2.862081035146831,2.815360734121294,1.41265777659666,0.948924197427401,0.2749695660776721,0.6120758135600741,0.13956752519617263,1.3252673143366156,0.7181449175427232
268,-0.1426926926926927,3.545661888523783,3.720997435326506,3.8237928990290877,3.269249362709685,3.349399087328016,3.1422786020777336,2.867680165692248,2.821208475110076,1.4214815606012428,0.9475238219950999,0.27441428622515257,0.6109320972290891,0.13941868304163912,1.3235801870871813,0.7165701333712589
269,-0.1422922922922923,3.55047023037484,3.7257094332850285,3.828655665593589,3.274767103274561,3.3547537047043057,3.148284861169842,2.873274195477336,2.8270507964507448,1.4302843794877154,0.9461261164039597,0.27386212235682084,0.6097853813983518,0.1392702088277959,1.3219020637375893,0.7150031342786922
270,-0.14189189189189189,3.555271725946444,3.7304150141408896,3.8335116609849584,3.2802801295976476,3.360103814692326,3.154286885195245,2.878863094617149,2.8328876589437773,1.4390644733988933,0.944731499335413,0.273313395877001,0.6086356429660379,0.13912209562298064,1.3202338565506446,0.7134447737104793
271,-0.14149149149149148,3.5600663555787064,3.7351141790086912,3.8383608570537877,3.2857884167983205,3.3654494107856436,3.1602846980947272,2.8844468349340096,2.8387190251222174,1.447820165189143,0.943340370558663,0.27276841279049424,0.6074828638970459,0.13897433562161732,1.3185764320864934,0.7118958648319511
272,-0.14109109109109108,3.5648541014776516,3.73980693015184,3.84320322830297,3.291291938115161,3.3707904824305266,3.1662783243564383,2.890025390032513,2.8445448593296874,1.4565498628495677,0.9419531103255583,0.2722274632695846,0.6063270312328416,0.1388269201999077,1.3169306099104192,0.7103571793747924
273,-0.14069069069069068,3.569634947727084,3.7444932709487255,3.8480387519071417,3.296790664961143,3.3761270150945233,3.172267788903261,2.895598735368742,2.8503651277911697,1.4652520615532023,0.9405700788545247,0.2716908212917083,0.6051681370851868,0.13867983997529118,1.3152971615072109,0.7088294466693563
274,-0.14029029029029028,3.5744088802963185,3.749173205856513,3.8528674077262353,3.302284566982396,3.3814589903463546,3.1782531169795223,2.901166848302304,2.8561797986759325,1.473925345334579,0.9391916159035338,0.2711587443438588,0.6040061786176254,0.13853308486779797,1.3136768093977116,0.7073133528522404
275,-0.13988988988988987,3.5791758870423545,3.7538467403727216,3.857689178313127,3.307773612120159,3.38678638595315,3.1842343340381465,2.906729708140251,2.861988842153291,1.4825683884014027,0.9378180404299894,0.27063147319516007,0.6028411580110453,0.13838664416475324,1.3120702264571906,0.7058095402529776
276,-0.13948948948948947,3.583935957707985,3.7585138809946583,3.8625040489153357,3.313257766676218,3.392109175988546,3.190211465627684,2.9122872961653905,2.8677922304408825,1.4911799561180792,0.9364496503304095,0.2701092317292935,0.6016730824171209,0.1382405065870036,1.310478035416205,0.7043186069378431
277,-0.13908908908908907,3.58868908391492,3.7631746351768527,3.867312007471029,3.3187369953807613,3.397427330954398,3.1961845372796263,2.917839595658924,2.8735899378453387,1.4997589056403318,0.9350867222623546,0.2695922268414418,0.6005019638984301,0.13809466035746767,1.3089008085504779,0.7028411064237067
278,-0.13868868868868867,3.593435259152391,3.7678290112866195,3.87211304459897,3.3242112614636583,3.4027408179148204,3.202153574397854,2.923386591906136,2.879381940795651,1.508304186241405,0.933729511541674,0.2690806483913958,0.5993278193546306,0.1379490932710013,1.3073390675458245,0.7013775475388415
279,-0.13828828828828826,3.5981744787612797,3.772477018557998,3.8769071535831854,3.3296805267280227,3.408049600639436,3.2081186021488115,2.928928272196996,2.8851682178688614,1.5168148393308485,0.9323782521124327,0.268574669213259,0.5981506704377977,0.1378037927653991,1.30579328352907,0.6999283944330974
280,-0.1378878878878879,3.602906739913883,3.7771186670440042,3.881694330351969,3.3351447516261983,3.413353639759374,3.2140796453531526,2.93446462581235,2.890948749808888,1.525289998180591,0.9310331565879378,0.2680744451785473,0.596970543454725,0.13765874599391412,1.3042638772640631,0.6984940667280484
281,-0.1374874874874875,3.607632041589435,3.7817539675675125,3.8864745734513395,3.340603895338359,3.41865289292991,3.2200367283803244,2.939995644005366,2.8967235195374847,1.5337288873820016,0.9296944163554028,0.2675801153086453,0.5957874692584987,0.13751393989760433,1.3027512194944195,0.6970749397972588
282,-0.13708708708708708,3.612350384545354,3.78638293167086,3.8912478840134854,3.3460579158526205,3.4239473150037543,3.225989875045125,2.94552131996931,2.90249251215868,1.5421308220330308,0.9283622017463796,0.26709180193635157,0.5946014831287202,0.13736936127870208,1.3012556314381853,0.6956713451753521
283,-0.13668668668668668,3.6170617712845794,3.7910055715642605,3.8960142657198875,3.3515067700475334,3.4292368582106905,3.2319391085068703,2.9510416488008255,2.9082557149560273,1.5504952066850353,0.9270366622640219,0.2666096109114583,0.5934126246417285,0.13722499687371745,1.2997773854140062,0.6942835710831995
284,-0.13628628628628628,3.62176620601903,3.79562190007327,3.9007737247595005,3.3569504137759676,3.434521472344638,3.237884451171925,2.956556627453724,2.9140131173827433,1.5588215340551619,0.9257179268671089,0.2661336318489315,0.5922209375307377,0.13708083342636956,1.2983167055987384,0.692911863065034
285,-0.13588588588588588,3.62646369462907,3.800231930585294,3.905526269782007,3.3623888019507486,3.439801104956079,3.2438259245995074,2.9620662546853116,2.919764711045699,1.567109383522,0.9244061043059346,0.26566393841653146,0.5910264695366605,0.13693685775996634,1.2968737689052714,0.6915564247293808
286,-0.13548548548548547,3.631154244619758,3.8048356769955514,3.9102719118465634,3.3678218886311235,3.4450757015501274,3.2497635494107135,2.9675705309970946,2.9255104896825204,1.5753584194196826,0.9231012835066099,0.2652005886590925,0.5898292722506799,0.13679305684912202,1.2954487059720834,0.6902174185865882
287,-0.1350850850850851,3.6358378650733223,3.809433153652296,3.915010664365934,3.373249627110913,3.450345205788312,3.255697345202148,2.9730694585693596,2.9312504491328175,1.5835683891391061,0.9218035340014112,0.2647436253578573,0.5886294009480273,0.13664941789023508,1.2940416022601031,0.6888949669786154
288,-0.1346846846846847,3.6405145665984655,3.814024375301684,3.9197425430462385,3.378671970007035,3.455609559693727,3.26162733046253,2.9785630411890374,2.936984587303053,1.5917391210627516,0.9205129063994939,0.26429307641978317,0.5874269144150404,0.13650592837086323,1.2926524992425457,0.6875891530877524
289,-0.1342842842842843,3.6451843612766055,3.8186093570323343,3.924467565822673,3.384088869349044,3.46086870385861,3.2675535224946315,2.984051284174821,2.9427129041256532,1.5998705223301215,0.9192294328977093,0.26384895529770014,0.5862218747687904,0.1363625761373129,1.2912813956879627,0.6863000220267553
290,-0.1338838838838839,3.6498472626050606,3.8231881142197546,3.9291857527911227,3.3895002766690876,3.4661225776538784,3.2734759373408733,2.989534194297078,2.9484354015130334,1.6079625764625434,0.9179531278252074,0.263411261435804,0.5850143472705821,0.13621934946069478,1.289928249021668,0.685027581995748
291,-0.1334834834834835,3.654503285437553,3.8277606624707072,3.933897126136145,3.394906143092087,3.471371119439117,3.279394589714077,2.995011779693546,2.9541520833055013,1.6160153408524647,0.9166839882208574,0.26297998073947115,0.583804400133846,0.13607623710077918,1.2885929767629065,0.6837718055032131
292,-0.1330830830830831,3.6591524459220732,3.832327017567729,3.938601710055307,3.400306419426184,3.47661426677246,3.285309492932732,3.0004840497832714,2.959862955214929,1.62402894413147,0.9154219944391633,0.26255508606703337,0.5825921043270669,0.13593322836767177,1.287275458027912,0.682532630645119
293,-0.13268268268268268,3.6637947614362956,3.836887195413856,3.9432995306800827,3.4057010562528767,3.4818519566203148,3.2912206588612047,3.005951015177445,2.9655680247633183,1.63200358343128,0.9141671107819501,0.26213653774070306,0.5813775333720441,0.13579031318117857,1.2859755350927329,0.6813099624345524
294,-0.13228228228228228,3.6684302505208466,3.841441211977734,3.9479906159937754,3.411090004017134,3.487084125564711,3.2971280978550257,3.01141268758843,2.9712673012168658,1.6399395215488175,0.9129192861529974,0.26172428407463594,0.5801607631387413,0.13564748212741803,1.2846930150084586,0.6801036741767376
295,-0.13188188188188188,3.673058932810541,3.845989083239237,3.952674995746222,3.4164732131168436,3.4923107100090505,3.3030318187114203,3.0168690797378352,2.9769607955159896,1.6478370840292458,0.9116784547320278,0.2613182619176711,0.5789418716365918,0.13550472651267884,1.283427671261383,0.6789136088829191
296,-0.13148148148148148,3.6776808289636818,3.850530825135683,3.9573527013659895,3.421850633991754,3.4975316463804837,3.3089318286247487,3.022320205263676,2.9826485202015176,1.6556966561723172,0.9104445366669621,0.2609183972097059,0.5777209388035608,0.1353620384144352,1.2821792454743521,0.6777395807204804
297,-0.13108108108108107,3.6822959605897605,3.855066453508754,3.9620237658698616,3.4272222172114835,3.502746871328985,3.3148281331476124,3.027766078626364,2.9883304893372538,1.663518679985276,0.9092174387790307,0.26052460554739654,0.5764980462928939,0.13521941072917226,1.28094744913791,0.6765813764877315
298,-0.13068068068068067,3.686904350175763,3.8595959840523224,3.966688223770113,3.432587913562573,3.50795632192168,3.320720736157077,3.0332067150168567,2.9940067184291994,1.6713036510782524,0.9079970552810709,0.26013679276012613,0.5752732772588942,0.13507683721695926,1.2797319653704566,0.6754387571162929
299,-0.13028028028028027,3.6915060210110635,3.8641194322611643,3.9713461109796437,3.4379476741343136,3.5131599358326944,3.326609639826105,3.038642130263312,2.9996772243421272,1.6790521155261027,0.906783268504078,0.2597548554916111,0.5740467161417027,0.1349343125428338,1.278532450696989,0.6743114591884466
300,-0.12987987987987987,3.6961009971113463,3.868636813380767,3.975997464715164,3.443301450403302,3.518357651527296,3.3324948446006846,3.0440723407408745,3.0053420252131926,1.686764666697854,0.9055759496309193,0.2593786817871873,0.5728184484518256,0.13479183231456143,1.2773485368432898,0.6731991964699418
301,-0.12947947947947946,3.700689303141606,3.873148142358264,3.980642323398844,3.448649194316352,3.523549408439864,3.3383763491820666,3.0494973632811884,3.0110011403634624,1.6944419420683081,0.9043749594345077,0.25900815168387054,0.571588560555301,0.13464939311693,1.276179832538849,0.6721016614503924
302,-0.12907907907907906,3.7052709643384985,3.877653433794632,3.9852807265584063,3.4539908583718044,3.5287351471457025,3.344254150514388,3.0549172150853616,3.0166545902073536,1.7020846200175264,0.9031801490183007,0.2586431378024098,0.570357139459515,0.134506992542449,1.275025925323977,0.6710185268894112
303,-0.12867867867867866,3.709846006432006,3.8821527018982356,3.989912714725986,3.4593263956990365,3.5339148095254975,3.350128243777633,3.060331913638256,3.0223023961603843,1.7096934166320257,0.9019913605563646,0.2582835059386036,0.5691242726005141,0.13436462921834938,1.2738863833543332,0.6699494473611265
304,-0.12827827827827826,3.7144144555671454,3.8866459604397643,3.994538329336059,3.4646557601358654,3.5390883389223475,3.3559986223856817,3.065741476625597,3.027944580545576,1.7172690825118948,0.9008084280318525,0.25792911565319865,0.5678900476325914,0.13422230282978623,1.2727607571995458,0.668894060795505
305,-0.12787787787787785,3.7189763382251253,3.8911332227087034,3.999157612622462,3.4699789063039446,3.544255680290949,3.3618652779897213,3.0711459218543733,3.0335811664987555,1.724812399593496,0.8996311779713314,0.2575798208586636,0.5666545522199679,0.1340800141393533,1.2716485816307121,0.6678519900118527
306,-0.12747747747747745,3.7235316811448396,3.8956145014713752,4.003770607514893,3.475295789681778,3.5494167803387775,3.3677282004865465,3.0765452671761055,3.0392121778731327,1.7323241779981864,0.8984594301728461,0.25723547040085215,0.5654178738316393,0.13393776500281102,1.2705493773910934,0.6668228442393452
307,-0.12707707707707708,3.728080511244433,3.9000898089306006,4.008377357535004,3.4806063666754232,3.554571587658228,3.373587378031951,3.081939530413214,3.0448376391432688,1.7398052529104113,0.897292998426815,0.2568959086349455,0.5641800995396907,0.13379555838093993,1.2694626529477675,0.665806220622976
308,-0.12667667667667667,3.7326228555434144,3.904559156687123,4.0129779066923135,3.48591059468663,3.5597200528503508,3.379442797058889,3.08732872929013,3.050457575309106,1.7472564814958587,0.896131691226906,0.2565609759938681,0.5629413158214363,0.13365339834766066,1.2683879062177852,0.6648017057102769
309,-0.12627627627627627,3.73715874108517,3.909022555702758,4.0175722993802,3.491208432178303,3.564862128639195,3.385294442300364,3.092712881366854,3.056072011799856,1.7546787398649832,0.8949753124702506,0.25623050954798837,0.5617016083659455,0.1335112900943939,1.2673246262668532,0.6638088769155148
310,-0.12587587587587587,3.7416881948603593,3.913480016265378,4.02216058027207,3.4964998387372623,3.569997769977067,3.3911422968170726,3.098092003977518,3.061680974378408,1.7620729200887073,0.8938236621447974,0.25590434355507924,0.5604610618851347,0.13336923993062183,1.2662722949756915,0.6628273039588466
311,-0.12547547547547547,3.74621124373116,3.9179315479557983,4.026742794218018,3.501784775134102,3.5751269341399574,3.3969863420292086,3.103466114172843,3.0672844890463833,1.7694399272732326,0.8926765370024934,0.25558230999914866,0.559219759930283,0.13322725528078558,1.2652303886703251,0.6618565502767495
312,-0.12507507507507507,3.7507279143565526,3.9223771596165347,4.031318986142059,3.50706320338008,3.580249580813705,3.402826557752787,3.1088352286664467,3.0728825819500334,1.7767806766981564,0.8915337312173277,0.2552642391174064,0.5579777847136943,0.1330853446775466,1.2641983797145673,0.6608961744017177
313,-0.12467467467467466,3.7552382331188574,3.9268168593225483,4.035889200940263,3.5123350867809915,3.585365672170111,3.4086629222399534,3.1141993637857714,3.0784752792874546,1.7840960910254897,0.8903950370263125,0.25494995991400715,0.5567352169364354,0.13294351775145602,1.2631757380596007,0.659945731307776
314,-0.12427427427427426,3.759742226051655,3.9312506543539656,4.0404534833798005,3.517600389987847,3.5904751729334463,3.414495412223222,3.119558535427477,3.084062607217018,1.7913870975833937,0.8892602453526022,0.2546393006598592,0.5554921356221143,0.1328017852171291,1.2621619327489786,0.6590047737198971
315,-0.12387387387387386,3.7642399187691242,3.935678551170786,4.045011877999255,3.522859079044399,3.595578050436926,3.4203240029635213,3.1249127590166563,3.0896445917676525,1.798654625729724,0.8881291464096376,0.25433208937754787,0.554248617957113,0.13266015885601573,1.2611564333762555,0.658072853384792
316,-0.12347347347347346,3.7687313363971064,3.940100555389688,4.049564429010254,3.5281111214313245,3.6006742746694216,3.4261486683017055,3.130262049471016,3.0952212587508754,1.805899604299821,0.8870015302851552,0.254028154310617,0.5530047391376121,0.13251865149585773,1.260158711492385,0.6571495223011844
317,-0.12307307307307308,3.7732165035059277,3.944516671762801,4.054111180200673,3.533356486107121,3.6057638183124694,3.4319693807134284,3.13560642116896,3.1007926336749603,1.8131229591430935,0.8858771875041762,0.25372732437632967,0.5517605722234779,0.13237727698697788,1.2591682419609511,0.6562343339071613
318,-0.12267267267267268,3.777695444045072,3.9489269041586152,4.0586521748394775,3.538595143545532,3.610846656767182,3.43778611136715,3.1409458879220695,3.1063587416614027,1.8203256107526786,0.8847559095698939,0.25342942960113646,0.5505161879995263,0.1322360501754202,1.2581845042583701,0.6553268442226444
319,-0.12227227227227228,3.7821681812799217,3.953331255544904,4.063187455583505,3.5438270657696185,3.6159227681718846,3.443598830185052,3.146280462951906,3.111919607363852,1.8275084719888448,0.883637489482381,0.25313430153876454,0.5492716548440201,0.1320949868732194,1.2572069837190358,0.6544266129467381
320,-0.12187187187187187,3.7866347377305747,3.957729727973761,4.067717064386188,3.5490522263822566,3.620992133409913,3.449407505906634,3.1516101588707532,3.1174752548897415,1.8346724459036778,0.8825217222333953,0.2528417736694922,0.5480270386049158,0.13195410382579426,1.256235172721213,0.653533204506166
321,-0.12147147147147147,3.7910951351129043,3.962122322568657,4.072241042408478,3.554270600593163,3.6260547361082,3.4552121061548107,3.156934987666311,3.1230257077247052,1.8418184236658948,0.8814084052776201,0.25255168178085374,0.5467824024837605,0.13181341867669508,1.2552685718144858,0.652646189055443
322,-0.12107107107107107,3.7955493942819807,3.966509039513605,4.076759429932059,3.5594821652424167,3.6311105626265388,3.4610125975042028,3.1622549606904715,3.128570988660038,1.8489472825904412,0.8802973389792184,0.2522638643289225,0.5455378069275796,0.13167294992980427,1.2543066907860085,0.6517651434265856
323,-0.12067067067067067,3.7999975351778397,3.9708898780443103,4.081272266274964,3.564686898820347,3.636159602037904,3.466808945551451,3.1675700886516758,3.1341111197232556,1.8560598842740315,0.8791883270335239,0.2519781627799468,0.5442933095287078,0.13153271690918142,1.2533490496652515,0.650889652027702
324,-0.12027027027027026,3.8044395767737997,3.9752648364414216,4.085779589709809,3.5698847814839145,3.641201846100007,3.4726011149873535,3.172880381610799,3.1396461221119303,1.86315707283887,0.8780811768634519,0.25169442193192326,0.5430489649327631,0.13139273971669763,1.2523951796661057,0.6500193076894091
325,-0.11986986986986986,3.808875537027325,3.979633912025707,4.090281437384644,3.5750757950695173,3.6462372892182704,3.4783890696704884,3.178185848980578,3.145176016130888,1.8702396732855358,0.8769756999903172,0.2514124902159447,0.5418048247547811,0.13125303918761186,1.2514446240657051,0.6491537124586336
326,-0.11946946946946946,3.813305432833569,3.9839971011552757,4.094777845246647,3.58025992310224,3.651265928400613,3.484172772702206,3.183486499528006,3.1507008211329617,1.8773084899564885,0.8758717123789294,0.251132219977027,0.5405609375035914,0.1311136368442735,1.2504969390195633,0.6482924783390097
327,-0.11906906906906906,3.8177292799815405,3.9883543992247135,4.09926884796866,3.5854371508015577,3.656287763204278,3.489952186502674,3.188782341379948,3.1562205554632383,1.8843643051107075,0.8747690347567546,0.2508534677343463,0.5393173485143913,0.1309745548481424,1.249551694312653,0.6474352279776858
328,-0.11866866866866865,3.8221470931131276,3.9927058006661396,4.103754478878787,3.590607465083501,3.661302795674998,3.495727272887767,3.194073382031457,3.161735236407054,1.8914078776099648,0.873667492907193,0.2505760944207714,0.5380740998896794,0.13083581595025526,1.248608474046336,0.6465815952982524
329,-0.11826826826826825,3.8265588856848596,3.9970512989521496,4.108234769892995,3.5957708545593574,3.666311030278884,3.5014979931466503,3.1993596283566945,3.167244880141678,1.8984399417167679,0.8725669179369533,0.2502999656016934,0.5368312304483108,0.13069744344033812,1.2476668772613817,0.6457312260797519
330,-0.11786786786786785,3.830964669932512,4.001390886600579,4.112709751450973,3.600927309530883,3.6713124738274128,3.507264308119641,3.204641086622208,3.1727495016917966,1.905461206003917,0.8714671465176361,0.2500249516731585,0.5355887756828387,0.13055946109480693,1.2467265184971188,0.644883778481797
331,-0.11746746746746747,3.83536445683864,4.005724555181078,4.117179452455163,3.6060768219821138,3.676307135395705,3.513026178276368,3.2099177625024504,3.1782491148888496,1.9124723523747693,0.8703680211017543,0.24975092803946988,0.5343467677249997,0.13042189312368926,1.2457870282873635,0.6440389235162363
332,-0.11706706706706707,3.839758256102946,4.010052295323409,4.121643900213136,3.6112193855677943,3.681295026234726,3.518783563793822,3.2151896610969803,3.183743732334216,1.91947403519427,0.8692693901133041,0.24947777527023213,0.5331052353192297,0.1302847641168094,1.244848053593497,0.6431963454652316
333,-0.11666666666666667,3.84414607611562,4.014374096727452,4.126103120383337,3.616354995598489,3.686276159677555,3.524536424634114,3.220456786949675,3.1892333653663196,1.926466880528207,0.8681711081134246,0.24920537923733577,0.531864203804261,0.13014809898930846,1.2439092581757685,0.6423557422471288
334,-0.11626626626626627,3.848527923933584,4.018689948174836,4.130557136924259,3.6214836490224296,3.6912505510403344,3.5302847206218666,3.2257191440691635,3.194718024031601,1.9334514854905258,0.8670730359413651,0.24893363123187662,0.5306236951024903,0.13001192292672253,1.2429703229036337,0.6415168257299978
335,-0.11586586586586586,3.8529038052596793,4.02299983754216,4.135005972047078,3.6266053444042,3.696218217518126,3.53602841152083,3.230976735950579,3.2001977170594333,1.9404284176966689,0.865975040831198,0.2486624280614037,0.5293837277171676,0.12987626132978614,1.2420309460060082,0.6406793219939333
336,-0.11546546546546546,3.8572737244247803,4.027303751815735,4.139449646171815,3.6317200819002555,3.7011791780761762,3.5417674571096205,3.236229565598313,3.205672451840876,1.9473982148205151,0.8648769965049489,0.24839167212793342,0.5281443167372205,0.12974113975914892,1.2410908432630583,0.6398429715432167
337,-0.11506506506506506,3.8616376843728437,4.031601677107785,4.143888177887015,3.636827863231444,3.7061334533370665,3.5475018172564763,3.24147763554956,3.2111422344113376,1.9543613842533096,0.8637787832425379,0.24812127148703428,0.5269054738494322,0.12960658388014568,1.240149748140674,0.6390075294691293
338,-0.11466466466466466,3.8659956866488545,4.035893598674039,4.148321583913018,3.641928691652532,3.7110810654639934,3.5532314519926653,3.24672094789833,3.2166070694370497,1.9613184028619606,0.8626802879292352,0.24785113988844834,0.5256672073580119,0.12947261940782173,1.2392074118690832,0.6381727655646213
339,-0.11426426426426425,3.870347731389667,4.040179500932671,4.15274987906879,3.647022571918882,3.7160220380408497,3.5589563215844673,3.2519595043199754,3.2220669602053302,1.968269716843827,0.8615814040812927,0.24758119679880758,0.5244295222111917,0.12933927205237805,1.2382636034674024,0.6373384643923009
340,-0.11386386386386385,3.8746938173176804,4.044459367484491,4.157173076242349,3.6521095102503427,3.7209563959493126,3.5646763866035673,3.2571933060956555,3.2275219086185847,1.975215741675251,0.8604820318505025,0.24731136740692222,0.5231924200347297,0.12920656746517134,1.237318109715858,0.6365044253069463
341,-0.11346346346346345,3.8790339417373865,4.048733181134332,4.16159118636478,3.6571895142924533,3.7258841652434866,3.570391607995637,3.2624223541368793,3.2329719151919996,1.9821568621508907,0.8593820780083599,0.24704158261220838,0.5219558991721314,0.12907453118543938,1.2363707350773177,0.6356704624340537
342,-0.11306306306306305,3.8833681005346405,4.053000923913577,4.166004218387845,3.662262593075077,3.7308053730224935,3.57610194714702,3.2676466490096714,3.2384169790548007,1.9890934325102543,0.8582814559107531,0.2467717789969074,0.5207199547312853,0.1289431885879096,1.2354213015704278,0.6348364046060675
343,-0.11266266266266264,3.8876962881787107,4.057262577103723,4.170412179265147,3.667328756968554,3.735720047301561,3.5818073659492407,3.272866190958362,3.243857097955081,1.9960257766483598,0.8571800854438939,0.24650189878267928,0.5194845786373239,0.12881256483145792,1.2344696485960733,0.6340020952578479
344,-0.11226226226226227,3.8920184977270003,4.06151812126094,4.17481507393687,3.6723880176374846,3.7406282168816984,3.587507826861388,3.278080979928666,3.2492922682680443,2.0029541884064637,0.8560778929525122,0.24623188977230412,0.5182497596915189,0.12868268480887357,1.2335156327195511,0.6331673922832534
345,-0.11186186186186187,3.8963347208323977,4.065767536241537,4.179212905318026,3.677440387992278,3.745529911218824,3.593203292970052,3.283291015590052,3.254722485007585,2.0098789319396295,0.8549748111510596,0.24596170527711467,0.5170154836358216,0.12855357309797963,1.2325591274104544,0.6323321678544658
346,-0.11146146146146146,3.9006449477531993,4.070010801228257,4.183605674290217,3.682485882138542,3.750425160292365,3.5988937280467908,3.2884962973570353,3.2601477418411386,2.016800242156798,0.8538707790190005,0.24569130403094078,0.5157817332229514,0.12842525391414264,1.2316000227426753,0.6314963082060867
347,-0.11106106106106106,3.9049491673655323,4.0742478947573515,4.187993379696839,3.6875245153244816,3.7553139944740246,3.6045790966030182,3.293696824409477,3.265568031107657,2.0237183252298285,0.8527657416809954,0.24542065009124772,0.5145484882915893,0.1282977510643451,1.2306382250567098,0.6306597133857729
348,-0.11066066066066066,3.909247367178203,4.0784787947463235,4.192376018341719,3.6925563038863785,3.760196444396877,3.610259363942136,3.29889259571154,3.2709833438385885,2.03063335916698,0.8516596502731036,0.24514971272828515,0.5133157258465749,0.1281710879029104,1.2296736565867805,0.6298222969735368
349,-0.11026026026026026,3.9135395333499066,4.082703478522305,4.196753584991086,3.697581265192326,3.7650725408254035,3.615934496208884,3.3040836100293443,3.2763936697817946,2.037545494447097,0.850552461795845,0.24487846630296803,0.512083420143659,0.12804528728899803,1.2287062550550378,0.6289839857715847
350,-0.10985985985985985,3.91782565070872,4.086921922850954,4.201126072378885,3.702599417584301,3.7699423145266295,3.62160446043578,3.309269865947135,3.281798997428224,2.0444548547102395,0.8494441389551581,0.2446068901342647,0.5108515427786711,0.12792037154595157,1.2277359732352102,0.6281447194667111
351,-0.10945945945945945,3.9221057027737665,4.091134103965841,4.205493471215301,3.7076107803187415,3.7748057961429313,3.627269224586581,3.3144513618818228,3.2871993140412483,2.0513615375001617,0.8483346499923313,0.24433496835695745,0.5096200627806783,0.12779636242262157,1.2267627784884407,0.627304450267491
352,-0.10905905905905905,3.9263796717790154,4.095339997598212,4.209855770198496,3.712615373505718,3.7796630160666873,3.6329287575966984,3.319628096095908,3.2925946056885067,2.0582656150550207,0.847223968503753,0.24406268977044795,0.5083889467089688,0.127673281056704,1.2257866522733032,0.6264631425180303
353,-0.10865865865865865,3.9306475386990805,4.099539579007079,4.214212956029422,3.7176132180468766,3.7845140043172725,3.638583029410499,3.324800066708669,3.297984857276153,2.0651671351414507,0.8461120732515979,0.24379004767952606,0.5071581587534391,0.127551147940209,1.224807589632817,0.6256207722906487
354,-0.10825825825825824,3.934909283276943,4.103732823009565,4.218565013429684,3.7226043355722465,3.7893587904206147,3.6442320110154545,3.329967271705519,3.303370052585319,2.0720661219281373,0.8449989479663891,0.24351703972780708,0.5059276608381782,0.12742998288710733,1.2238255986606974,0.6247773269593416
355,-0.10785785785785784,3.9391648840535183,4.107919704011416,4.222911925162345,3.7275887483760646,3.79419740329167,3.649875674473073,3.335129708945522,3.3087501743107004,2.0789625768944706,0.8438845811424257,0.24324366772467906,0.5046974127279094,0.1273098050032113,1.2228406999492984,0.6239328047562026
356,-0.10745745745745744,3.9434143183989327,4.112100196037635,4.227253672055597,3.732566479351766,3.79902987112015,3.655513992946607,3.3402873761670633,3.3141252041010905,2.0858564797701566,0.8427689658270338,0.24296993746653114,0.5034673721369713,0.12719063265836528,1.2218529260216482,0.6230872143128117
357,-0.10705705705705704,3.947657562545456,4.116274272763149,4.231590233029203,3.7375375519262195,3.8038562212597182,3.6611469407255,3.3454402709915505,3.3194951226017206,2.092747789501639,0.8416520994046127,0.24269585855302778,0.5022374948405918,0.12707248346095312,1.2208623207499028,0.6222405741885838
358,-0.10665665665665666,3.9518945916219357,4.120441907543447,4.235921585123616,3.742501989993422,3.8086764801209734,3.666774493246542,3.3505883909252785,3.3248599094982745,2.099636445241218,0.8405339833763775,0.2424214441992185,0.5010077347880935,0.12695537423479641,1.2198689387625232,0.6213929123881288
359,-0.10625625625625626,3.9561253796896794,4.124603073445133,4.240247703531687,3.747459817847712,3.813490673068488,3.67239662711176,3.355731733359295,3.3302195435624053,2.106522367354856,0.8394146231367633,0.24214671104421853,0.49977804421777117,0.1268393209984479,1.2188728448425261,0.6205442658695326
360,-0.10585585585585586,3.960349899779642,4.128757743276316,4.244568561632856,3.7524110601166822,3.8182988243220692,3.6780133201030187,3.360870295567439,3.3355740026986265,2.113405458444833,0.8382940277473114,0.2418716789571938,0.4985483737731445,0.1267243389469067,1.2178741133188593,0.6196946800454765
361,-0.10545545545545545,3.9645681239308312,4.132905889616785,4.248884131029705,3.7573557416939023,3.8231009568625476,3.683624551193341,3.3660040747024627,3.3409232639924165,2.120285604383288,0.8371722097089636,0.24159637084138666,0.49731867262027557,0.12661044243577407,1.2168728274532195,0.6188442082791059
362,-0.10505505505505505,3.9687800232298263,4.137047484847896,4.253194381586804,3.762293887671587,3.8278970923422384,3.689230300554992,3.3711330677903355,3.3462673037593946,2.127162675353074,0.8360491847335508,0.24132081243686104,0.496088888565878,0.12649764496784635,1.215869078824281,0.6179929113764111
363,-0.10465465465465465,3.9729855678512784,4.141182501182133,4.257499281471708,3.7672255232733494,3.8326872510002743,3.6948305495643323,3.376257271722746,3.3516060975954134,2.1340365268922614,0.8349249715153034,0.24104503212265146,0.4948589681759255,0.126385959182152,1.2148629667114106,0.6171408570769056
364,-0.10425425425425425,3.9771847270993166,4.1453109106922605,4.261798797198007,3.7721506737871437,3.8374714515830197,3.700425280803458,3.3813766832478978,3.356939620427432,2.140907000938817,0.83379959150314,0.24076906071897478,0.493628856894488,0.12627539684542408,1.213854597479777,0.6162881195443225
365,-0.10385385385385384,3.9813774694497295,4.1494326853400345,4.266092893670308,3.7770693644985567,3.842249711269628,3.7060144780587163,3.3864912989595988,3.3622678465650195,2.147773926872165,0.8326730686744813,0.24049293129011998,0.4923984991625201,0.12616596884598028,1.2128440839687429,0.6154347788589163
366,-0.10345345345345344,3.9855637625928235,4.153547797004404,4.270381534231048,3.78198162062454,3.8470220456029662,3.711598126316107,3.3916011152848284,3.367590749752336,2.1546371225484093,0.8315454293112712,0.24021667894863183,0.49116783853632917,0.12605768519000302,1.2118315448852877,0.6145809205129887
367,-0.10305305305305304,3.989743573476837,4.1576562175091665,4.2746646807090105,3.786887467247726,3.8517884684259864,3.7171762117536242,3.396706128469734,3.372908303220475,2.1614963953261648,0.8304167017788926,0.23994034066135597,0.48993681780546533,0.1259505550001945,1.210817104204205,0.6137266349111001
368,-0.10265265265265264,3.9939168683518287,4.161757918650009,4.27894229346942,3.791786929251445,3.8565489918236024,3.722748721730629,3.4018063345642857,3.3782204797400017,2.1683515430801124,0.8292869163085783,0.23966395505789753,0.4887053791097889,0.12584458651674776,1.2098008905766218,0.6128720168764219
369,-0.10225225225225223,3.998083612813907,4.165852872220918,4.283214331465516,3.796680031255543,3.8613036260702263,3.7283156447743004,3.4069017294055977,3.383527251673571,2.1752023551996054,0.8281561047839069,0.2393875622419953,0.4874734640554499,0.12573978710062114,1.2087830367483738,0.6120171651645198
370,-0.10185185185185183,4.00224377184971,4.169941050039888,4.287480752291468,3.8015667975531393,3.8660523795829564,3.7338769705632315,3.4119923086000603,3.388828591028482,2.182048613569577,0.8270243005319601,0.23911120360633253,0.48624101382956986,0.12563616323905522,1.2077636789897115,0.6111621819859373
371,-0.10145145145145146,4.006397309881032,4.174022423973899,4.291741512236518,3.8064472520484145,3.8707952588805075,3.7394326899082837,3.417078067504412,3.394124469509052,2.1888900935315383,0.8258915381195958,0.2388349216512044,0.48500796931335577,0.12553372055328046,1.20674295653758,0.6103071725386696
372,-0.10105105105105106,4.0105441908094805,4.178096965963129,4.295996566340235,3.8113214181955453,3.8755322685478952,3.7449827947307477,3.4221590012058365,3.3994148585686674,2.1957265648222957,0.8247578531553489,0.23855875980749203,0.483774271193465,0.12543246380836828,1.2057210110517742,0.60945224455169
373,-0.10065065065065065,4.01468437806109,4.1821646480443535,4.300245868448747,3.816189318938888,3.880263411206865,3.750527278037921,3.4272351045012535,3.4046997294614085,2.202557792488283,0.8236232820973725,0.2382827622643398,0.48253986007139216,0.12533239692515222,1.2046979860860876,0.608597507840584
374,-0.10025025025025025,4.01881783463076,4.186225442373512,4.304489371271843,3.8210509766545093,3.8849886874920885,3.7560661338962005,3.4323063718759017,3.40997905329312,2.2093835377736686,0.8224878620677976,0.23800697380188926,0.48130467657066656,0.12523352299416088,1.2036740265755015,0.6077430738761891
375,-0.09984984984984985,4.0229445231264505,4.190279321247403,4.30872702644082,3.8259064130931657,3.8897080960330936,3.761599357401782,3.437372797481357,3.415252801071813,2.2162035589804683,0.8213516306738647,0.23773143962940335,0.4800686614416812,0.1251358442914906,1.2026492783403577,0.6068890553671209
376,-0.09944944944944945,4.027064405813018,4.194326257124479,4.312958784566957,3.830755649324814,3.8944216334418806,3.7671269446490703,3.4424343751131476,3.4205209437573036,2.2230176122989644,0.82021462583615,0.23745620522910763,0.4788317556639648,0.12503936229654428,1.2016238876084038,0.6060355658570389
377,-0.09904904904904904,4.031177444655615,4.198366222644714,4.317184595300491,3.835598705684754,3.8991292943061735,3.772648892696917,3.447491098188074,3.4257834523099664,2.229825452607197,0.819076885624119,0.23718131620598043,0.4775939005457167,0.1249440777115556,1.2005980005554178,0.6051827193372508
378,-0.09864864864864864,4.03528360136256,4.202399190648534,4.321404407389982,3.8404356017214742,3.9038310711882547,3.7781651995327854,3.4525429597213866,3.4310402977385173,2.236626834238017,0.8179384480992987,0.2369068181437823,0.4763550378204527,0.12484999048282014,1.1995717628651863,0.6043306298754145
379,-0.09824824824824824,4.039382837427584,4.206425134194769,4.325618168741961,3.8452663561462934,3.908526954629261,3.7836758640349633,3.4575899523039797,3.4362914511467246,2.243421511712865,0.8167993511661923,0.2366327564674848,0.4751151097406044,0.12475709982354785,1.1985453193092772,0.6034794112607588
380,-0.09784784784784784,4.043475114171375,4.210444026577629,4.329825826480719,3.8500909867848567,3.913216933158882,3.7891808859329488,3.4626320680797256,3.441536883778964,2.250209240441072,0.8156596324311539,0.23635917631232922,0.473874059167919,0.12466540423825108,1.1975188133472512,0.6026291766664155
381,-0.09744744744744743,4.0475603927823505,4.214455841342669,4.33402732700816,3.8549095105305766,3.9179009933103277,3.7946802657661074,3.4676692987231093,3.446776567064528,2.256989777384043,0.8145193290693197,0.23608612239963606,0.47263182966054906,0.12457490154857855,1.196492386747612,0.6017800383291957
382,-0.09704704704704703,4.051638634356552,4.218460552301755,4.338222616063573,3.859721943300067,3.9225791196404383,3.800174004840746,3.4727016354172857,3.4520104726606187,2.2637628816836135,0.8133784776996832,0.23581363891950538,0.471388365556688,0.12448558892050099,1.1954661792298746,0.6009321072471542
383,-0.09664664664664663,4.0557097999366265,4.222458133546988,4.3424116387832346,3.8645282999906403,3.927251294754816,3.805662105185712,3.477729068832717,3.4572385724939387,2.270528315254034,0.8122371142683958,0.23554176942050897,0.4701436120546578,0.12439746289275623,1.1944403281280043,0.6000854928952258
384,-0.09624624624624623,4.059773850549782,4.226448559463615,4.346594339759734,3.869328594439925,3.931917499337811,3.8111445695066446,3.482751589106538,3.4624608388008293,2.277285843337283,0.8110952739402836,0.2352705567064376,0.4688975152893369,0.12431051940646504,1.19341496807534,0.5992403029590903
385,-0.09584584584584585,4.063830747244685,4.2304318047418885,4.350770663100901,3.8741228393876512,3.9365777121872165,3.8166214011390065,3.48776918582275,3.467677244165871,2.284035235021428,0.8099529909986052,0.23500004274015288,0.46765002240484843,0.12422475383580779,1.192390230711148,0.5983966430873988
386,-0.09544544544544545,4.06788045112722,4.234407844387895,4.354940552488256,3.8789110464396517,3.9412319102534954,3.822092604000031,3.492781847993417,3.4728877615589133,2.29077626372188,0.8088102987530125,0.23473026855458007,0.4664010816234188,0.12414016101967684,1.191366244408819,0.597554616662456
387,-0.09504504504504505,4.07192292339504,4.238376653733338,4.359103951234861,3.88369322603412,3.9458800686833575,3.827558182539687,3.4977895640409673,3.478092364370457,2.2975087076256644,0.807667229455637,0.23446127417081453,0.46515064231035036,0.12405673529420064,1.190343134025613,0.5967143245892962
388,-0.09464464464464464,4.075958125370883,4.24233820844429,4.363260802342499,3.8884693874101677,3.9505221608675076,3.8330181416908213,3.5027923217817256,3.483291026445363,2.3042323500987125,0.8065238142252469,0.2341930985233458,0.46389865503503963,0.12397447052604336,1.1893210206739067,0.5958758651031528
389,-0.09424424424424424,4.079986018534566,4.246292484528899,4.367411048558066,3.8932395385787024,3.955158158492354,3.838472486818575,3.507790108410822,3.4884837221148315,2.310946980056517,0.8053800829793339,0.23392577939233283,0.4626450716280013,0.1238933601463783,1.1883000215136945,0.5950393335951678
390,-0.09384384384384384,4.084006564553634,4.250239458344077,4.3715546324291,3.8980036862956635,3.959788031595491,3.8439212236692213,3.512782910488556,3.4936704262266223,2.3176523922984402,0.8042360643740176,0.23365935334287863,0.46138984523385446,0.1238133971854387,1.1872802495661552,0.5942048224561883
391,-0.09344344344344344,4.088019725312608,4.254179106601164,4.3756914963583515,3.902761836037632,3.964411748624722,3.849364358318544,3.5177707139283387,3.498851114173485,2.3243483878061153,0.8030917857516174,0.23339385567121496,0.46013293036024616,0.12373457430754532,1.1862618135479852,0.5933724209384416
392,-0.09304304304304303,4.092025462940792,4.258111406370581,4.379821582657319,3.907513991979831,3.969029276500423,3.8548018971198728,3.5227535039863365,3.504025761919768,2.331034774006536,0.8019472730956964,0.23312932035769418,0.458874282922697,0.12365688384651677,1.1852448177261143,0.5925422150348012
393,-0.09264264264264263,4.096023739838598,4.262036335085495,4.383944833598658,3.9122601569765356,3.9736405806810193,3.8602338466519135,3.527731265252874,3.5091943460261885,2.3377113650004033,0.8008025509934132,0.2328657800264693,0.4576138602853551,0.1235803178413588,1.1842293617924622,0.5917142873753561
394,-0.09224224224224223,4.1000145187023715,4.265953870544485,4.388061191467408,3.9170003325438896,3.978245625231342,3.8656602136664824,3.532703981645709,3.5143568436727506,2.344377981756469,0.799657642604961,0.23260326591172742,0.45635162129766665,0.12350486807214238,1.1832155407582627,0.5908887171409215
395,-0.09184184184184183,4.103997762547663,4.269863990913268,4.39217059861093,3.9217345188451382,3.9828443728936396,3.8710810050362694,3.537671636405262,3.519513232679792,2.351034452272663,0.7985125696398697,0.2323418078303253,0.45508752632696964,0.12343052609597284,1.1822034448674743,0.5900655799931056
396,-0.09144144144144142,4.107973434730944,4.2737666747254455,4.396272997487522,3.9264627146782782,3.9874367851610066,3.8764962277027473,3.5426342120918632,3.5246634915271606,2.3576806117048306,0.7973673523399449,0.23208143416066646,0.4538215372870252,0.12335728328295442,1.181193159528783,0.5892449480205166
397,-0.09104104104104102,4.111941498969737,4.277661900882354,4.400368330713623,3.9311849174661018,3.9920228223529914,3.8819058886243414,3.547591690585085,3.5298075993715137,2.3643163024640543,0.7962220094685907,0.23182217182763565,0.45255361766253727,0.1232851308520629,1.1801847652655988,0.58842688970063
398,-0.09064064064064065,4.1159019193611375,4.281549648651985,4.404456541109545,3.9359011232486494,3.996602443693146,3.8873099947249696,3.5525440530852195,3.534945536061746,2.370941374283471,0.7950765583062585,0.23156404629341285,0.45128373252966164,0.12321405990682897,1.1791783376835079,0.5876114698768617
399,-0.09024024024024024,4.119854660398718,4.285429897667035,4.408537571743691,3.940611326678027,4.001175607388279,3.8927085528430694,3.557491280116965,3.5400772821525504,2.377555684255672,0.7939310146517548,0.23130708155396162,0.45001184857258414,0.12314406147075405,1.1781739474545188,0.5867987497503078
400,-0.08983983983983984,4.123799686987813,4.289302627922094,4.412611365975177,3.94531552101559,4.0057422707091614,3.898101569681205,3.5624333515353284,3.5452028189161218,2.3841590968417172,0.7927853928291383,0.23105130014098768,0.4487379340962006,0.12307512652235969,1.1771716603174984,0.5859887868856298
401,-0.08943943943943944,4.127736964459163,4.293167819770003,4.4166778674948395,3.950013698131454,4.010302390072458,3.9034890517563765,3.567370246533813,3.5503221283520237,2.3907514838529247,0.791639705699915,0.2307967231291491,0.4474619590349661,0.12300724602979947,1.176171537094107,0.5851816352305123
402,-0.08903903903903904,4.131666458580928,4.297025453917403,4.420737020364556,3.9547058485063142,4.014855921123637,3.9088710053511084,3.572301943654889,3.555435193195234,2.397332724406556,0.7904939646802556,0.23054337014829734,0.44618389495798255,0.12294041098494332,1.1751736337195642,0.5843773451481299
403,-0.08863863863863863,4.135588135569074,4.300875511419512,4.424788769054846,3.959391961235532,4.019402818820613,3.9142474364654367,3.577228420802781,3.560541996922389,2.403902704856605,0.7893481797629341,0.23029125940051934,0.4449037150703944,0.12287461243685469,1.174178001287543,0.5835759634620148
404,-0.08823823823823823,4.139501962096121,4.304717973674154,4.428833058480718,3.964072024035458,4.023943037517908,3.9196183507698663,3.5821496552585637,3.5656425237562557,2.4104613187008823,0.7882023595437073,0.2300404076817459,0.44362139421118013,0.12280984152459593,1.1731846861084865,0.5827775335127313
405,-0.08783783783783783,4.143407905298286,4.3085528224150735,4.432869834035719,3.9687460232519474,4.028476531051068,3.9249837535593985,3.587065623697571,3.5707367586684673,2.4170084664656577,0.7870565112518249,0.22979083040768492,0.4423369088474248,0.12274608950927411,1.172193729780605,0.581982095225721
406,-0.08743743743743743,4.147305932781008,4.312380039704565,4.436899041624157,3.973413943871022,4.033003252821135,3.930343649708713,3.5919763022091087,3.575824687380539,2.423544055569086,0.7859106407843856,0.22954254164384033,0.44105023706516366,0.12268334780526728,1.1712051692728476,0.5811896851897004
407,-0.08703703703703702,4.151196012622898,4.316199607925455,4.44092062769148,3.9780757695316384,4.03752315587891,3.935698043628577,3.59688166631845,3.58090629636322,2.43006800016468,0.7847647527442455,0.22929555413936875,0.4397613585569104,0.12262160801055993,1.1702190370190948,0.5804003367449776
408,-0.08663663663663662,4.1550781133781065,4.320011509772458,4.444934539252777,3.9827314825404976,4.042036193008841,3.9410469392235625,3.60178169101108,3.5859815728342053,2.436580220966124,0.783618850481173,0.22904987936452806,0.43847025460595,0.12256086193612808,1.1692353610228452,0.5796140800810319
409,-0.08623623623623622,4.158952204077152,4.3238157282429635,4.448940723919375,3.9873810638888565,4.046542316812247,3.946390339851145,3.6066763507591615,3.591050504754253,2.4430806450546747,0.7824729361359709,0.22880552755146644,0.43717690806753406,0.12250110163430615,1.168254164971642,0.5788309423427284
410,-0.08583583583583582,4.162818254226228,4.327612246627264,4.4529391299235455,3.992024493271272,4.051041479789731,3.9517282482822416,3.611565619550174,3.5961130808217585,2.4495692056704375,0.7813270106872763,0.2285625077381088,0.4358813033470744,0.12244231942608805,1.167275468360521,0.5780509477445152
411,-0.08543543543543544,4.166676233805014,4.331401048498273,4.456929706141277,3.9966617491062215,4.055533634422535,3.9570606666632595,3.6164494709176687,3.601169290465819,2.4560458419887894,0.7801810740007445,0.2283208278148869,0.4345834263754565,0.12238450792730385,1.1662992866237296,0.5772741176919591
412,-0.08503503503503504,4.170526113263031,4.335182117700767,4.460912402113124,4.001292808558538,4.060018733252652,3.962387596479709,3.621327877974086,3.6062191238378496,2.462510498883208,0.7790351248803518,0.22808049457406815,0.4332832645816019,0.12232766007362357,1.1653256312739972,0.5765004709099826
413,-0.08463463463463464,4.174367863514568,4.338955438340192,4.46488716806312,4.00591764756359,4.064496728961501,3.967709038521429,3.6262008134455614,3.6112625718017917,2.4689631266757535,0.7778891611215333,0.22784151376143882,0.4319808068623999,0.12227176914434001,1.1643545100486419,0.5757300235771625
414,-0.08423423423423423,4.178201455932223,4.342720994771056,4.468853954915766,4.010536240853139,4.06896757444697,3.973024992849482,3.631068249708648,3.616299625922971,2.4754036808764566,0.7767431795658942,0.2276038901300956,0.43067604355013983,0.1222168287848956,1.1633859270617861,0.574962789465461
415,-0.08383383383383383,4.182026862339102,4.346478771584961,4.472812714311076,4.015148561982808,4.073431222898662,3.9783354587647546,3.6359301588288706,3.6213302784556607,2.4818321219128197,0.7755971761572277,0.2273676274961099,0.42936896637757077,0.12216283302810285,1.1624198829620032,0.5741987800847709
416,-0.08343343343343343,4.1858440549996985,4.350228753598306,4.4767633986177175,4.019754583361079,4.077887627871161,3.9836404347783034,3.6407865126010215,3.626354522329401,2.4882484148506374,0.7744511459985967,0.2271327287958242,0.428059568440734,0.12210977631403977,1.1614563750946971,0.5734380048316539
417,-0.08303303303303303,4.189653006609528,4.353970925839694,4.48070596094422,4.024354276279755,4.08233674335515,3.98893991858348,3.6456372825911054,3.631372351134132,2.494652529107319,0.773305083410223,0.22689919614454937,0.42674784415969386,0.12205765350857264,1.1604953976685404,0.5726804711416783
418,-0.08263263263263262,4.193453690283547,4.357705273537084,4.4846403551483,4.028947610945805,4.0867785238462435,3.994233907029867,3.6504824401798257,3.636383759104202,2.501044438158865,0.7721589819879565,0.22666703089643733,0.4254337892373131,0.12200645992048967,1.159536941925327,0.571926184644756
419,-0.08223223223223222,4.197246079543402,4.3614317821047175,4.4885665358442965,4.033534556514509,4.091212924411371,3.999522396099041,3.655321956607509,3.641388741101308,2.5074241192416196,0.7710128346620877,0.22643623370530297,0.4241174006162054,0.12195619131722198,1.1585809963125893,0.5711751493229116
420,-0.08183183183183182,4.201030148303578,4.365150437129877,4.492484458408748,4.038115081123835,4.095639900752581,4.00480538088219,3.6601558030203547,3.646387292596422,2.513791553049911,0.7698666337562954,0.22620680458617923,0.4227986764340161,0.12190684393912932,1.157627546658363,0.5704273676699089
421,-0.08143143143143142,4.204805870856479,4.368861224359478,4.496394078984126,4.042689151929967,4.100059409268131,4.010082855559595,3.664983950517883,3.651379409650773,2.5201467234306314,0.7687203710465075,0.2259787429773946,0.4214776159771565,0.12185841451233533,1.1566765763475066,0.5696828408521938
422,-0.08103103103103101,4.208573221856514,4.3725641296865705,4.500295354480762,4.047256735143876,4.104471407110749,4.015354813381987,3.669806370201471,3.656365088895941,2.5264896170758013,0.7675740378194889,0.2257520478029659,0.42015421963315913,0.12181090026010372,1.155728066498972,0.5689415688706178
423,-0.08063063063063061,4.212332176303233,4.376259139136744,4.5041882425769835,4.051817796068904,4.10887585224295,4.02062124665378,3.674623033223843,3.661344327513118,2.5328202232141113,0.7664276249309558,0.22552671753510897,0.4188284888417653,0.12176429891274423,1.1547819961434964,0.5682035507224293
424,-0.08023023023023021,4.216082709523575,4.3799462388545125,4.508072701717514,4.0563722991392135,4.113272703489312,4.025882146718193,3.6794339108393768,3.6663171232116096,2.5391385333024097,0.7652811228630451,0.22530275025667457,0.41750042604491716,0.12171860871604981,1.1538383424011502,0.5674687845630292
425,-0.07982982982982983,4.219824797153285,4.383625415089684,4.511948691110136,4.060920207959081,4.117661920585611,4.031137503944236,3.6842389744551074,3.671283474206623,2.5454445407180617,0.7641345217809645,0.22508014372332416,0.416170034635774,0.12167382843825678,1.1528970806582417,0.566737267867016
426,-0.07942942942942943,4.223558415117574,4.387296654183752,4.515816170720694,4.065461485342905,4.122043464224738,4.036387307715578,3.68903819568228,3.6762433791964186,2.5517382404530675,0.7629878115886678,0.22485889542526813,0.4148373189069038,0.12162995737553657,1.151958184743077,0.5660089975880593
427,-0.07902902902902903,4.227283539611056,4.390959942556364,4.519675101266446,4.069996093355868,4.12641729609932,4.041631546421256,3.693831546388311,3.681196837338866,2.5580196288107855,0.7618409819834107,0.22463900264839629,0.4135022839977932,0.12158699535602904,1.151021627100113,0.5652839703171578
428,-0.07862862862862863,4.23100014707706,4.394615266691873,4.523525444207831,4.074523993355158,4.13078337894099,4.046870207448241,3.6986189987490223,3.686143848227487,2.564288703106075,0.7606940225090432,0.22442046253463918,0.4121649358418038,0.1215449427424188,1.1500873789620543,0.564562182438864
429,-0.07822822822822822,4.234708214186341,4.398262613126013,4.527367161738665,4.079045146031683,4.135141676556235,4.052103277175797,3.7034005253010007,3.691084411867024,2.570545461369622,0.7595469226079161,0.22420327214140354,0.4108252811127199,0.12150380043307718,1.14915541051947,0.5638436302850729
430,-0.07782782782782782,4.2384077178152975,4.401901968432741,4.531200216774862,4.083559511452162,4.1394921538588,4.057330740971655,3.70817609899394,3.6960185286486094,2.576789902057177,0.7583996716712895,0.22398742849993772,0.40948332717102914,0.12146356986178365,1.1482256910875406,0.5631283102859972
431,-0.07742742742742742,4.242098635023717,4.405533319211255,4.535024572941667,4.088067049101551,4.143834776898588,4.062552583189944,3.7129456932428164,3.7009461993245796,2.583022023764385,0.75725225908813,0.2237729286724874,0.4081390820100465,0.12142425299604381,1.1472981892695648,0.5624162191179685
432,-0.07702702702702702,4.245780943032148,4.409156652073235,4.538840194559514,4.092567717925689,4.148169512887047,4.067768787170846,3.7177092819797553,3.7058674249830035,2.589241824947858,0.7561046742922105,0.22355976980811004,0.4067925542020471,0.12138585233403693,1.1463728731168665,0.5617073538477261
433,-0.07662662662662661,4.249454619198943,4.412771953630319,4.542647046628508,4.0970614763740985,4.1524963302190185,4.07297933524196,3.7224668397054437,3.71078220702197,2.5954493036530826,0.7549569068074206,0.22334794919703116,0.40544375284450124,0.12134837090020918,1.1454497102847951,0.561001712072881
434,-0.07622622622622621,4.253119640997043,4.416379210481863,4.5464450948116255,4.1015482824428595,4.156815198491048,4.078184208721315,3.7272183415399396,3.715690547123702,2.601644457249721,0.7538089462912221,0.22313746432342188,0.40409268750655974,0.12131181223954934,1.1445286681845215,0.5602992920582611
435,-0.07582582582582581,4.25677598599058,4.419978409202978,4.550234305416671,4.106028093717469,4.161126088516146,4.083383387921997,3.7319637632727387,3.7205924472285363,2.6078272821748256,0.7526607825761783,0.22292831291649753,0.4027393681759147,0.12127618041057663,1.1436097141303359,0.5596000928678575
436,-0.07542542542542541,4.260423631811338,4.423569536332905,4.5540146453770465,4.110500867415626,4.165428972335019,4.088576852158349,3.7367030814119535,3.725487909508835,2.6139977736844378,0.7515124057095074,0.22272049299983943,0.40138380520613026,0.1212414799770776,1.1426928154822353,0.5589041144921315
437,-0.075025025025025,4.264062556135162,4.427152578363727,4.557786082231398,4.114966560429839,4.169723823223791,4.093764579753688,3.7414362732324613,3.73037693634287,2.6201559256139975,0.7503638059906151,0.2225140029388484,0.4000260092645937,0.12120771599862601,1.1417779397835441,0.5582113579704434
438,-0.07462462462462463,4.267692736658363,4.430727521729447,4.561548584102202,4.119425129369813,4.174010615698228,4.098946548049493,3.7461633168228907,3.7352595302887357,2.6263017301479605,0.7492149740065714,0.22230884148625343,0.39866599128117225,0.12117489401993081,1.1408650548933856,0.5575218255084019
439,-0.07422422422422423,4.27131415107419,4.434294352795457,4.565302119673346,4.1238765306045115,4.178289325514524,4.104122733416005,3.7508841911313024,3.7401356940583357,2.6324351775989685,0.7480659006655058,0.22210500782559953,0.3973037623977004,0.12114302005904891,1.1399541291138269,0.5568355205899415
440,-0.07382382382382383,4.274926777049424,4.437853057848413,4.569046658166769,4.1283207203038454,4.182559929666669,4.109293111264193,3.7555988760094317,3.7450054304914904,2.6385562561968774,0.7469165772279048,0.221902501612654,0.39593933391839353,0.12111210059451441,1.1390451313115435,0.5561524480839639
441,-0.07342342342342342,4.278530592201167,4.441403623086539,4.572782169318229,4.1327576544799065,4.18682240638046,4.1144576560590105,3.7603073522553725,3.74986874253021,2.6446649518879193,0.7457669953358058,0.22170132301466944,0.3945727172613047,0.1210821425514218,1.1381380310338611,0.555472614345399
442,-0.07302302302302302,4.282125574073881,4.444946034610373,4.576508623352252,4.1371872890276835,4.191076735104222,4.1196163413339,3.7650096016545658,3.7547256331931784,2.6507612481442195,0.7446171470398804,0.22150147274746296,0.39320392391089853,0.12105315328651699,1.1372327986190902,0.5547960273105578
443,-0.07262262262262262,4.285711700116727,4.448480278413977,4.580225990956341,4.141609579765192,4.195322896496286,4.124769139706475,3.7697056070189756,3.7595761055504835,2.6568451257838634,0.7434670248244294,0.22130295211026155,0.39183296537185724,0.12102514057234658,1.1363294053010518,0.5541226965866736
444,-0.07222222222222222,4.289288947661288,4.4520063403766175,4.583934243254495,4.146024482472958,4.199560872409319,4.129916022895307,3.7743953522243388,3.764420162698645,2.6629165628016693,0.742316621630287,0.22110576301828763,0.39045985312419434,0.12099811258051067,1.1354278233077224,0.5534526335355456
445,-0.07182182182182181,4.292857293899703,4.455524206254936,4.587633351780115,4.15043195293279,4.203790645871563,4.135056961737769,3.7790788222453684,3.7692578077359595,2.668975534210778,0.7411659308756772,0.22090990803305452,0.3890845985797672,0.12097207786407747,1.1345280259539787,0.5527858513512153
446,-0.07142142142142141,4.2964167158632955,4.4590338616756275,4.591323288448357,4.154831946965783,4.208012201065091,4.14019192620886,3.7837560031888122,3.774089043738222,2.6750220118951464,0.7400149464750355,0.22071539039035568,0.387707213040264,0.12094704533920997,1.133629987728387,0.552122365131634
447,-0.07102102102102101,4.299967190401725,4.462535292128618,4.595004025528006,4.159224420469498,4.212225523301152,4.145320885440935,3.788426882324253,3.778913873734834,2.6810559644729937,0.7388636628558455,0.22052221402593233,0.3863277076567445,0.12092302426606133,1.1327336843740514,0.5514621919442828
448,-0.0706206206206206,4.303508694162741,4.466028482960775,4.598675535612923,4.1636093294542675,4.216430598992721,4.150443807744286,3.79309144811257,3.783732300685352,2.687077357171206,0.7377120749735249,0.2203303835988197,0.3849460933908001,0.1209000242289915,1.1318390929635276,0.5508053508857421
449,-0.0702202202202202,4.30704120357257,4.469513419370143,4.6023377915931425,4.167986630078561,4.220627415624349,4.155560660628493,3.797749690231951,3.7885443274564885,2.693086151710694,0.7365601783244163,0.22013990451236784,0.3835623809774028,0.12087805511616177,1.1309461919678327,0.5501518631352069
450,-0.0698198198198198,4.310564694816997,4.4729900864007135,4.605990766625687,4.172356278683381,4.224815961719413,4.160671410824481,3.8024015996013905,3.7933499567996103,2.6990823062026505,0.7354079689569311,0.21995078293294737,0.382176580889505,0.12085712709856514,1.1300549613195916,0.5495017520019716
451,-0.0694194194194194,4.314079143823179,4.476458468937739,4.609634434105153,4.176718231825629,4.228996226804903,4.165776024307205,3.8070471684015783,3.798149191328746,2.705065775055628,0.7342554434809093,0.21976302580635537,0.3807887033044421,0.12083725060854819,1.1291653824703898,0.5488550429669251
452,-0.06901901901901902,4.317584526242247,4.479918551703595,4.613268767634153,4.181072446310408,4.233168201373841,4.170874466318904,3.8116863900931226,3.8029420334991384,2.7110365088933346,0.7331025990752588,0.21957664087193832,0.3793987580721898,0.12081843631788083,1.1282774384424126,0.5482117637181017
453,-0.06861861861861862,4.3210808174327395,4.483370319254189,4.616893740993651,4.185418879222207,4.237331876845464,4.175966701392834,3.8163192594320274,3.8077284855863613,2.716994454483017,0.7319494334939416,0.21939163667445816,0.37800675468553135,0.12080069511542825,1.1273911138744497,0.547571944180358
454,-0.06821821821821822,4.324567992444893,4.486813755975917,4.6205093281132825,4.189757487954951,4.241487245523296,4.181052693377436,3.820945772482378,3.812508549666016,2.722939554674275,0.7307959450703767,0.21920802257373323,0.37661270225216126,0.1207840380844866,1.1265063950623846,0.5469356165392516
455,-0.06781781781781782,4.3280460260058575,4.490248846083178,4.624115503041709,4.194088230240856,4.2456343005512425,4.186132405460832,3.825565926626174,3.817282227594036,2.7288717483481215,0.7296421327203397,0.21902580875208733,0.37521660946877633,0.12076847647983324,1.1256232699942792,0.5463028152592205
456,-0.06741741741741741,4.331514892505841,4.493675573616431,4.627712239917071,4.198411064178081,4.249773035867833,4.191205800195616,3.8301797205702766,3.822049520987613,2.7347909703760904,0.7284879959434294,0.2188450062196507,0.37381848459717626,0.12075402170455272,1.124741728380184,0.5456735770961649
457,-0.06701701701701701,4.334974565985251,4.497093922440809,4.631299512937594,4.202725948257122,4.253903446158749,4.196272839523846,3.834787154350418,3.826810431206755,2.740697151589168,0.7273335348231914,0.2186656268175531,0.3724183354424067,0.12074068528668518,1.123861761676815,0.5450479411045459
458,-0.06661661661661661,4.338425020122841,4.500503876245263,4.6348772963324345,4.2070328413859555,4.258025526807779,4.201333484802172,3.8393882293322603,3.831564959336498,2.7465902187563054,0.726178750025973,0.21848768321906187,0.3710161693329632,0.12072847885576313,1.1229833631072492,0.5444259486391336
459,-0.0662162162162162,4.341866228224905,4.5039054185422644,4.6384455643327875,4.211331702913869,4.262139273846333,4.206387696827036,3.843982948209464,3.8363131061697806,2.7524700945722462,0.7250236427986004,0.21831118892871543,0.3696119931030763,0.12071741411927482,1.1221065276757967,0.5438076433515414
460,-0.0658158158158158,4.345298163215545,4.507298532668023,4.642004291143348,4.215622492653983,4.2662446839016654,4.211435435859881,3.8485713149987677,3.841054872190987,2.758336697654399,0.7238682149649562,0.2181361582795116,0.3682058130770899,0.12070750283912178,1.121231252178211,0.5431930711816894
461,-0.0654154154154154,4.348720797628034,4.510683201783244,4.645553450914161,4.219905170904444,4.270341754143946,4.216476661652287,3.8531533350320597,3.845790257560174,2.7641899425484584,0.7227124689215539,0.2179626064282057,0.3667976350559367,0.12069875680811051,1.120357535207425,0.5425822803443596
462,-0.065015015015015,4.352134103597311,4.5140594088744,4.649093017712928,4.2241796984682605,4.274430482232317,4.221511333470985,3.857729014945443,3.8505192620979845,2.77002973974247,0.7215564076321896,0.2177905493487861,0.3653874643057235,0.12069118782653065,1.1194853771549829,0.5419753213110008
463,-0.0646146146146146,4.3555380528536025,4.517427136755511,4.652622965497822,4.228446036671782,4.27851086626009,4.226539410122682,3.862298362665308,3.855241885271252,2.775855995689021,0.720400034621758,0.21762000382419214,0.36397530554841456,0.1206848076788732,1.1186147802083566,0.5413722467869575
464,-0.0642142142142142,4.358932616717221,4.520786368070431,4.6561432680908625,4.232704147381812,4.282582904699224,4.231560849978629,3.866861387391416,3.859958126179306,2.7816686128352286,0.719243353969327,0.21745098743633923,0.3625611629546154,0.12067962811072833,1.1177457483443438,0.540773111684301
465,-0.06381381381381382,4.362317766094527,4.524137085295611,4.659653899151897,4.236953993021328,4.2866465963442195,4.236575610998877,3.871418099577027,3.864667983540971,2.7874674896601865,0.718086370300552,0.21728351855452566,0.36114504013844334,0.1206756608059117,1.1168782873187377,0.54017797309044
466,-0.06341341341341342,4.365693471475097,4.527479270743348,4.663154832153253,4.241195536583842,4.290701940255594,4.241583650756164,3.875968510906093,3.8693714556822725,2.793252520719533,0.7169290887795131,0.2171176163222912,0.3597269401544703,0.12067291736386171,1.1160124046524633,0.5395868902327075
467,-0.06301301301301301,4.369059702930069,4.530812906565496,4.666646040355092,4.245428741646354,4.294748935703056,4.246584926459374,3.8805126342675527,3.87406854052483,2.7990235966967694,0.7157715151000744,0.21695330064280233,0.35830686549672325,0.12067140927735151,1.1151481096143945,0.5389999244391097
468,-0.06261261261261261,4.372416430111721,4.534137974757621,4.670127496781522,4.249653572380938,4.298787582108541,4.251579394976514,3.8850504837267783,3.87875923557496,2.8047806044609964,0.7146136554768298,0.21679059216283922,0.3568848180997158,0.12067114791055343,1.1142854132010356,0.5384171390954353
469,-0.06221221221221221,4.375763622254247,4.537454457163595,4.673599174197511,4.253869993564946,4.3028178789892415,4.25656701285716,3.8895820744942156,3.8834435379134638,2.810523427130689,0.7134555166357329,0.21662951225546054,0.3554607993414842,0.120672144477493,1.1134243281132903,0.5378385995989224
470,-0.061811811811811807,4.379101248175759,4.540762335480609,4.6770610450866466,4.258077970589836,4.306839825900769,4.261547736354313,3.8941074228912815,3.8881214441861087,2.8162519441431537,0.7122971058044839,0.21647008300142503,0.3540348100486053,0.12067441002093389,1.1125648687304979,0.5372643733086897
471,-0.061411411411411404,4.3824292762815,4.54406159126458,4.680513081629769,4.262277469468641,4.310853422380589,4.266521521445632,3.8986265463135763,3.8927929505947905,2.821966031329306,0.7111384307027488,0.21631232716944696,0.35260685050314833,0.1206779553917205,1.1117070510819649,0.5366945294931262
472,-0.061011011011011,4.38574767456828,4.547352205935954,4.683955255684539,4.266468456842079,4.314858667891861,4.271488323853986,3.9031394631914873,3.8974580528893754,2.827665560993395,0.7099794995322958,0.21615626819536285,0.3511769204515399,0.12068279122861644,1.1108508928161702,0.5361291392744497
473,-0.0606106106106106,4.389056410630117,4.55063416078587,4.687387538765955,4.270650899983338,4.3188555617678235,4.276448099067289,3.9076461929482553,3.9021167463602064,2.8333504019973232,0.7088203209671085,0.21600193016029087,0.3497450191152833,0.12068892793866527,1.1099964131678601,0.5355682755706356
474,-0.0602102102102102,4.392355451665088,4.553907436982669,4.690809902027865,4.274824766801516,4.3228441031568385,4.281400802357575,3.9121467559555874,3.906769025831275,2.8390204198491893,0.7076609041435544,0.21584933776785872,0.3483111452035065,0.12069637567810253,1.1091436329232136,0.535012013034919
475,-0.059809809809809794,4.395644764483371,4.557172015578745,4.694222316245511,4.27899002584378,4.326824290968243,4.286346388799271,3.916641173486907,3.9114148856540396,2.8446754767956994,0.7065012586506749,0.21569851632057954,0.34687529692727637,0.1207051443338453,1.1082925743832885,0.5344604279930757
476,-0.05940940940940939,4.398924315516468,4.560427877517688,4.697624751799124,4.28314664629622,4.3307961238191055,4.291284813286651,3.9211294676683317,3.9160543197018844,2.850315431918098,0.7053413945206518,0.2155494916954539,0.34543747201563707,0.12071524350558407,1.1074432613259197,0.5339135983786808
477,-0.05900900900900899,4.4021940708276075,4.563675003641731,4.701017178658599,4.287294597983463,4.33475959998204,4.296216030550408,3.925611661427483,3.9206873213652083,2.8559401412312577,0.7041813222195178,0.21540229031887406,0.3439976677333118,0.12072668248849082,1.1065957189662747,0.5333716036665455
478,-0.05860860860860859,4.405453996123283,4.56691337469946,4.704399566369295,4.291433851367025,4.338714717334157,4.301139995173348,3.930087778440226,3.9253138835471244,2.8615494577855975,0.7030210526381637,0.21525693914090802,0.34255588090002237,0.12073947025657801,1.1057499739162266,0.5328345248045306
479,-0.05820820820820821,4.408704056765941,4.570142971353773,4.707771884038947,4.2955643775424734,4.342661473307293,4.306056661605153,3.9345578430754555,3.929933998659772,2.867143231771486,0.7018605970836924,0.21511346560903524,0.34111210791135943,0.12075361544670678,1.1049060541427331,0.5323024441439288
480,-0.05780780780780781,4.411944217787774,4.573363774190064,4.711134100325757,4.299686148235397,4.346599864839611,4.3109659841762,3.9390218803380392,3.9345476586212094,2.8727213106258014,0.7006999672711719,0.21497189764141275,0.3396663447611444,0.12076912634327516,1.1040639889253892,0.5317754453686095
481,-0.05740740740740741,4.415174443905601,4.576575763724614,4.714486183427643,4.303799135796222,4.35052988832868,4.315867917110414,3.9434799158100367,3.9391548548528874,2.8782835391403303,0.6995391753158248,0.21483226359973956,0.3382185870652234,0.12078601086359343,1.1032238088133106,0.5312536134231113
482,-0.057007007007007005,4.418394699536819,4.579778920413165,4.7178281010726835,4.307903313193916,4.3544515395861305,4.320762414537142,3.947931975590318,3.9437555782776803,2.8838297595716957,0.6983782337257003,0.2146945922617931,0.3367688300866181,0.12080427654395172,1.1023855455815157,0.5307370344398646
483,-0.0566066066066066,4.421604948816386,4.582973224659654,4.721159820510775,4.311998654008597,4.358364813793986,4.32564943050201,3.952378086232709,3.9483498193184667,2.88935981175251,0.697217155394862,0.21455891279370393,0.3353170687619814,0.12082393052640224,1.1015492321869451,0.5302257956657275
484,-0.0562062062062062,4.424805155614815,4.586158656825084,4.724481308506502,4.316085132423096,4.362269705462747,4.330528918976787,3.9568182746827927,3.952937567897239,2.8948735332034627,0.6960559535971198,0.2144252547220404,0.33386329772927426,0.12084497954625015,1.1007149027242704,0.5297199853880015
485,-0.0558058058058058,4.4279952835571414,4.589335197236514,4.727792531333236,4.320162723213502,4.366166208391331,4.335400833868203,3.9612525682134994,3.9575188134347274,2.9003707592460666,0.6948946419803367,0.21429364790576277,0.33240751135659957,0.12086742992026686,1.0998825923816242,0.5292196928601046
486,-0.055405405405405395,4.4311752960428334,4.592502826196143,4.731093454768473,4.32423140173873,4.370054315628922,4.340265129025751,3.9656809943596203,3.9620935448505223,2.9058513231157876,0.6937332345613332,0.21416412250811537,0.3309497037721219,0.12089128753562312,1.099052337396384,0.5287250082270549
487,-0.05500500500500499,4.434345156266618,4.595661523990461,4.734384044090418,4.328291143929152,4.373934019438831,4.345121758248446,3.970103580851391,3.966661750563682,2.911315056075307,0.6925717457214061,0.214036708968513,0.32948986889499854,0.1209165578395486,1.0982241750111277,0.528236022450929
488,-0.05460460460460459,4.437504827240165,4.598811270899451,4.737664264075807,4.332341926274326,4.377805311264419,4.349970675290548,3.974520355547275,3.971223418493804,2.9167617875276695,0.6914101902024735,0.21391143797448578,0.32802800046724073,0.12094324582971513,1.0973981434298723,0.5277528272364475
489,-0.05420420420420419,4.440654271814618,4.601952047205822,4.7409340789989844,4.336383725809878,4.381668181697135,4.3548118338662425,3.9789313463660942,3.975778536062544,2.9221913451290833,0.6902485831038635,0.2137883404337311,0.3265640920864444,0.12097135604533858,1.096574281774709,0.5272755149568217
490,-0.053803803803803785,4.443793452703912,4.6050838332042385,4.74419345263222,4.340416520103554,4.385522620446761,4.359645187653292,3.9833365812186616,3.980327090195575,2.927603554901155,0.689086939879742,0.21366744744633517,0.32509813723929903,0.1210008925590019,1.095752630042919,0.5268041785800175
491,-0.05340340340340338,4.44692233250884,4.608206609210533,4.747442348247277,4.344440287240522,4.389368616313877,4.364470690295659,3.9877360879390356,3.984869067324954,2.93299824134235,0.6879252763371924,0.21354879027720855,0.323630129335804,0.12103185896919176,1.0949332290646785,0.5263389115955527
492,-0.05300300300300301,4.450040873741838,4.611320355570883,4.750680728618209,4.348455005807925,4.3932061571646175,4.369288295405109,3.992129894215576,3.989404453391893,2.938375227538489,0.6867636086349332,0.21343240032878785,0.32216006174411665,0.1210642583935363,1.0941161204614098,0.5258798079419623
493,-0.052602602602602605,4.4531490388524295,4.614425052670923,4.753908556025396,4.352460654878772,4.397035229907749,4.374097956561806,3.9965180275219176,3.9939332338499147,2.9437343352720937,0.6856019532826761,0.21331830911404942,0.320687927825949,0.12109809346274754,1.0933013466048775,0.5254269619350471
494,-0.0522022022022022,4.456246790253284,4.617520680944777,4.757125792260794,4.356457213995177,4.400855820474101,4.378899627313909,4.000900515048031,3.998455393668369,2.949075385130421,0.6844403271411096,0.2132065482298772,0.3192137209724436,0.12113336631524971,1.0924889505770676,0.5249804681970185
495,-0.0518018018018018,4.459334090346869,4.620607220883974,4.760332398634398,4.360444663151018,4.40466791379839,4.383693261176204,4.005277383631504,4.002970917336303,2.9543981966120274,0.6832787474224946,0.2130971493308271,0.3177374346404389,0.12117007859248229,1.0916789761309356,0.5245404215866429
496,-0.0514014014014014,4.4624109015526,4.623684653046259,4.763528335981897,4.3644229827740455,4.408471493803445,4.388478811627759,4.009648659689198,4.007479788866669,2.9597025882317265,0.6821172316918528,0.21299014410332473,0.31625906238905477,0.12120823143487612,1.0908714676520437,0.5241069171304832
497,-0.051001001001000995,4.465477186334494,4.62675295806424,4.766713564673516,4.368392153707495,4.412266543386863,4.393256232108654,4.014014369149421,4.0119819918008375,2.964988377623805,0.6809557978687314,0.21288556424033342,0.3147785979165218,0.12124782547847822,1.0900664701211513,0.523680049955333
498,-0.05060060060060059,4.468532907229239,4.629812116653884,4.769888044624008,4.3723521571912505,4.416053044410102,4.398025476015795,4.018374537384762,4.01647750921343,2.9702553816433923,0.679794464229511,0.21278344141652372,0.3132960350971655,0.12128886085221588,1.0892640290777824,0.5232599152219191
499,-0.05020020020020019,4.471578026874636,4.632862109622817,4.7730517353038024,4.376302974842604,4.419830977690009,4.402786496697829,4.022729189145733,4.020966323717423,2.975503416465878,0.6786332494102354,0.21268380726397415,0.3118113680184838,0.12133133717578905,1.0884641905847894,0.5228466080599529
500,-0.04979979979979979,4.474612508038383,4.635902917878427,4.7762045957512616,4.380244588636654,4.423600322992805,4.407539247449206,4.027078348495357,4.025448417469534,2.9807322976842805,0.677472172409929,0.21258669334843422,0.31032459101822946,0.12137525355816658,1.0876670011939484,0.5224402235046046
501,-0.049399399399399385,4.477636313647129,4.638934522435747,4.779346584586046,4.384176980886405,4.427361059030489,4.412283681503404,4.031422038744841,4.029923772175858,2.9859418404045077,0.6763112525943692,0.21249213114616752,0.30883569872143135,0.12142060859667722,1.0868725079125832,0.5220408564344532
502,-0.04899899899899898,4.480649406815743,4.641956904425093,4.782477660023545,4.388100134222591,4.431113163459686,4.417019752025354,4.035760282390468,4.034392369097744,2.9911318593384273,0.6751505097002728,0.21240015202140522,0.3073446860772716,0.12146740037667718,1.0860807581712304,0.5216486015109766
503,-0.04859859859859858,4.48365175087677,4.644970045099447,4.785597779890361,4.392014031573293,4.434856612882886,4.421747412103095,4.040093101051857,4.038854189057913,2.9963021688947116,0.6739899638398595,0.2123107872044209,0.3058515483957529,0.12151562647177183,1.0852917997923308,0.521263553119628
504,-0.04819819819819818,4.486643309409995,4.647973925841572,4.788706901640802,4.3959186561433885,4.438591382852089,4.426466614738694,4.044420515411695,4.043309212446775,3.0014525832673984,0.6728296355057541,0.21222406777025235,0.30435628138407916,0.12156528394457619,1.0845056809599676,0.5208858053125397
505,-0.047797797797797775,4.489624046272083,4.6509685281708295,4.791804982374374,4.399813991393869,4.4423174478748,4.431177312838476,4.048742545157098,4.047757419228949,3.0065829165221603,0.6716695455761738,0.2121400246180756,0.30285888118268056,0.12161636934799824,1.0837224501905949,0.52051545175289
506,-0.0473973973973974,4.492593925626219,4.653953833749704,4.794891978854216,4.403700021021091,4.446034781422351,4.435879459202586,4.053059208922698,4.052198788949984,3.0116929826802434,0.6705097153203625,0.2120586884512515,0.30135934440081086,0.12166887872701959,1.0829421563047772,0.5201525856609678
507,-0.046996996996997,4.495552911971724,4.656929824389997,4.797967847526477,4.407576728935985,4.4497433559405195,4.4405730065139375,4.0573705242356,4.056633300743242,3.016782595800087,0.6693501664042197,0.21198008975804775,0.2998576681516574,0.12172280762095822,1.0821648483998776,0.5197972997619497
508,-0.046596596596596596,4.498500970173568,4.659896482058698,4.801032544540569,4.411444099243284,4.4534431428623975,4.445257907326581,4.061676507462308,4.061060933336942,3.0218515700566115,0.6681909208960769,0.21190425879304792,0.29835385008688464,0.12177815106619434,1.0813905758236952,0.5194496862354138
509,-0.04619619619619619,4.501438065491741,4.662853788883503,4.804086025770274,4.415302116220809,4.457134112623462,4.449934114053533,4.065977173757736,4.0654816650613785,3.0268997198181995,0.6670320012725619,0.21183122555925002,0.29684788843055193,0.121834903599332,1.0806193881489863,0.5191098366666013
510,-0.04579579579579579,4.5043641636104255,4.665801727157987,4.807128246835677,4.419150764298844,4.460816234678792,4.454601578954121,4.0702725370164154,4.06989547385625,3.031926859721386,0.6658734304245141,0.21176101979085796,0.29533978201235206,0.1218930592607882,1.079851335148854,0.5187778419994223
511,-0.04539539539539539,4.507279230666922,4.668740279346398,4.810159163125875,4.422990028039666,4.464489477522396,4.459260254120868,4.074562609825995,4.074302337278139,3.03693280474329,0.6647152316628807,0.21169367093676633,0.29382953030009723,0.12195261159877749,1.0790864667729356,0.5184537924912208
512,-0.044994994994994986,4.510183233280265,4.671669428088074,4.813178729822422,4.426819892117251,4.4681538087085615,4.463910091465981,4.078847403423137,4.078702232508109,3.0419173702718325,0.6635574287245455,0.21162920814473743,0.2923171334313903,0.12201355367367969,1.0783248331243591,0.5181377776692793
513,-0.04459459459459458,4.513076138579497,4.674589156201471,4.816186901923477,4.4306403412972015,4.4718091948751875,4.46855104270748,4.083126927651887,4.083095136359401,3.046880372173778,0.6624000457780403,0.21156766024626616,0.29080259224444344,0.12207587806276687,1.0775664844374058,0.5178298862890617
514,-0.04419419419419418,4.515957914231525,4.677499446687804,4.819183634268615,4.434451360416941,4.475455601769025,4.47318305935502,4.087401190924623,4.087481025285249,3.0518216268606664,0.6612431074290741,0.21150905574212892,0.28928590830796663,0.12213957686527234,1.07681147105582,0.5175302062941768
515,-0.04379379379379378,4.5188285284685366,4.680400282734262,4.822168881564243,4.4382529343662105,4.479092994272742,4.477806092695443,4.091670200185648,4.091859875386768,3.056740951352692,0.6600866387258296,0.21145342278860665,0.2877670839500908,0.12220464170777548,1.076059843411713,0.51723882477804
516,-0.043393393393393376,4.5216879501149,4.683291647716832,4.825142598409609,4.442045048067899,4.482721336433765,4.482420093778117,4.095933960877513,4.096231662420941,3.0616381633405987,0.6589306651639708,0.21140078918437633,0.2862461222862655,0.12227106374989509,1.0753116520049946,0.5169558279472127
517,-0.04299299299299297,4.524536148613522,4.686173525202689,4.828104739323315,4.445827686459252,4.48634059149479,4.4870250134001175,4.100192476910119,4.100596361808676,3.0665130812456667,0.6577752126913037,0.2113511823580582,0.2847230272460826,0.1223388336902555,1.074566947383271,0.516681301086388
518,-0.04259259259259257,4.5273730940515975,4.689045898952167,4.831055258770345,4.449600834473487,4.489950721925906,4.491620802091275,4.104445750632693,4.104953948642931,3.071365524277874,0.6566203077120318,0.21130462935640817,0.2831978035989827,0.12240794177272289,1.073825780122138,0.5164153285249925
519,-0.042192192192192196,4.530198757185723,4.691908752920309,4.83399411118951,4.453364477021854,4.493551689458229,4.496207410099168,4.108693782808656,4.109304397696909,3.076195312492317,0.655465977090564,0.21126115683313867,0.2816704569788101,0.12247837779288018,1.0730882008058058,0.5161579936053647
520,-0.041791791791791794,4.5330131094663075,4.694762071257968,4.836921251021302,4.457118598976168,4.497143455118984,4.500784787374083,4.112936572593466,4.113647683432294,3.0810022668439783,0.6543122481547993,0.21122079103835936,0.280140993907148,0.12255013110473051,1.0723542600079845,0.5159093786524761
521,-0.04139139139139139,4.5358161230612515,4.697605838312489,4.839836632736088,4.460863185151847,4.50072597926791,4.505352883554017,4.11717411751546,4.11798378000755,3.085786209240938,0.6531591486988562,0.21118355780861378,0.2786094218154259,0.12262319062760602,1.0716240082729613,0.5156695649451447
522,-0.04099099099099099,4.538607770878852,4.700440038627947,4.842740210862622,4.46459822029149,4.504299221634947,4.5099116479497425,4.121406413459729,4.122312661286255,3.0905469625961284,0.6520067069851833,0.2111494825575015,0.2770757490657502,0.1226975448532703,1.0708974960967987,0.5154386326887005
523,-0.040590590590590586,4.541388026589874,4.7032646569449446,4.845631940016791,4.468323689049001,4.5078631413590555,4.514461029530014,4.12563345465508,4.126634300845482,3.0952843508777295,0.6508549517459936,0.21111859026686366,0.2755399849704134,0.1227731818531934,1.070174773908574,0.5152166609890556
524,-0.040190190190190184,4.5441568646487704,4.706079678199984,4.848511774930591,4.472039575974327,4.511417697028129,4.5190009769069315,4.1298552336640775,4.130948671984202,3.0999981991583105,0.649703912183993,0.21109090547851253,0.27400213981007,0.1228500892859819,1.0694558920516126,0.51500372782812
525,-0.03978978978978978,4.546914260313996,4.708885087524388,4.851379670481257,4.475745865498788,4.5149628467198655,4.523531438321546,4.134071741376204,4.135255747731724,3.1046883336628244,0.6485536179723311,0.21106645228648815,0.27246222485053845,0.12292825440495538,1.068740900764615,0.51479991004052
526,-0.03938938938938938,4.549660189667382,4.711680870242795,4.854235581720504,4.479442541921053,4.518498548043516,4.528052361629715,4.138282967004138,4.139555500856165,3.1093545818155586,0.6474040992537433,0.2110452543298166,0.2709202523582046,0.12300766406584658,1.068029850162628,0.5146052832915565
527,-0.038988988988988976,4.552394629632533,4.714467011871216,4.857079463903842,4.4831295893937675,4.522024758182411,4.532563694288289,4.142488898083167,4.143847903872922,3.113996772286158,0.6462553866388331,0.21102733478575217,0.2693762356140083,0.12308830473461446,1.0673227902177844,0.5144199220563501
528,-0.038588588588588574,4.555117557992223,4.717243498114672,4.859911272519912,4.486806991910871,4.525541433937174,4.537065383341652,4.146689520473701,4.148132929053183,3.118614735034817,0.6451075112034552,0.2110127163634782,0.2678301889259822,0.12317016249535769,1.066619770739751,0.5142438996001126
529,-0.03818818818818817,4.557828953404734,4.720010314864397,4.862730963319791,4.490474733295599,4.529048531769495,4.541557375408671,4.150884818366924,4.1524105484324405,3.1232083013567657,0.6439605044851524,0.2110014212982467,0.26628212764034076,0.12325322305831266,1.0659208413557966,0.5140772879594874
530,-0.03778778778778777,4.560528795419129,4.722767448194625,4.86553849234623,4.494132797189205,4.532546007846407,4.546039616670101,4.155074774293519,4.156680733819017,3.1277773039261443,0.6428143984786148,0.21099347134593083,0.2647320681510791,0.12333747176792469,1.0652260514904537,0.5139201579248953
531,-0.037387387387387366,4.563217064489425,4.725514884358963,4.868333815962766,4.4977811670404035,4.536033818084924,4.550512052856481,4.159259369135483,4.160943456802602,3.132321576839386,0.6416692256301186,0.21098888777796773,0.2631800279080959,0.12342289361098026,1.0645354503446687,0.5137725790238272
532,-0.036986986986986964,4.565893741987621,4.728252609786367,4.8711168908826705,4.501419826095568,4.53951191819697,4.554974629236566,4.163438582140969,4.165198688762794,3.1368409556582084,0.6405250188309194,0.210987691376669,0.2616260254238116,0.12350947322479092,1.0638490868744184,0.5136346195050188
533,-0.03658658658658659,4.568558810215574,4.7309806110766965,4.873887674197691,4.505048757389666,4.542980263734485,4.559427290606339,4.167612390942152,4.169446400877647,3.141335277452321,0.6393818114095546,0.21098990243087415,0.26007008027827466,0.12359719490541782,1.0631670097687096,0.5135063463234473
534,-0.03618618618618619,4.571212252415699,4.7336988749959055,4.87664612340653,4.5086679437379695,4.546438810134614,4.563869981278649,4.171780771576045,4.17368656413222,3.14580438084196,0.6382396371230412,0.21099554073192095,0.2585122131227608,0.123686042615926,1.06248926742692,0.5133878251260865
535,-0.035785785785785784,4.5738540527804545,4.736407388470833,4.879392196443023,4.512277367728535,4.549887512764877,4.568302645073488,4.175943698508244,4.177919149327118,3.1502481060403413,0.6370985301469361,0.21100462556991198,0.2569524456818541,0.12377599999465967,1.0618159079354281,0.5132791202383552
536,-0.03538538538538538,4.576484196460603,4.739106138583626,4.882125851703967,4.515877011715455,4.55332632696823,4.572725225308982,4.180101144659534,4.182144127087047,3.1546662948961415,0.6359585250642269,0.21101717573025225,0.2553908007540027,0.1238670503635343,1.061146979043473,0.5131802946512037
537,-0.03498498498498498,4.579102669572238,4.741795112565807,4.884847048076572,4.519466857812902,4.556755208107914,4.5771376647930975,4.184253081435287,4.18636146786935,3.1590587909360934,0.6348196568530565,0.21103320949043208,0.25382730221057387,0.1239591767363324,1.0604825281382186,0.5130914100087685
538,-0.03458458458458458,4.58170945920254,4.744474297791989,4.887555744965463,4.523046887889957,4.5601741116120005,4.581539905816117,4.188399478757617,4.1905711419725495,3.1634254394078063,0.6336819608732366,0.21105274461703347,0.25226197499338476,0.12405236182700045,1.059822602218957,0.5130125265965384
539,-0.034184184184184174,4.584304553414261,4.7471436817732435,4.890251902319219,4.526617083566223,4.563582993017538,4.585931890143913,4.192540305100184,4.1947731195448785,3.167766087322879,0.6325454728515505,0.21107579836293786,0.25069484511072915,0.12414658805793852,1.059167247870433,0.5129437033299725
540,-0.03378378378378377,4.586887941248924,4.749803252150162,4.89293548065639,4.530177426208231,4.566981808014208,4.590313559012051,4.196675527525595,4.198967370592803,3.1720805835004153,0.6314102288658378,0.21110238746470764,0.2491259396319193,0.12424183756828168,1.0585165112352435,0.5128849977435056
541,-0.03338338338338337,4.589459612728726,4.752452996685585,4.895606441090962,4.533727896926632,4.570370512487407,4.594684853120743,4.2008051117253125,4.2031538649895435,3.1763687786110038,0.6302762653278347,0.2111325281401251,0.24755528668032642,0.12433809222216105,1.0578704379852828,0.5128364659798919
542,-0.03298298298298297,4.59201955885713,4.755092903257047,4.8982647453572215,4.537268476574181,4.5737490625606565,4.599045712630692,4.2049290220619815,4.207332572483574,3.180630525221258,0.6291436189647864,0.21116623608585947,0.24598291542496317,0.12443533361694847,1.0572290732922147,0.5127981627798178
543,-0.032582582582582564,4.59456777161815,4.757722959848932,4.90091035583399,4.54079914574448,4.577117414637267,4.603396077159845,4.209047221614087,4.211503462707126,3.1848656778389763,0.6280123267998106,0.21120352647524743,0.24440885607060325,0.1245335430914779,1.0565924617969364,0.5127701414717413
544,-0.03218218218218216,4.597104243974317,4.760343154544358,4.903543235568182,4.544319884771523,4.580475525441154,4.607735885781086,4.213159672222843,4.215666505184666,3.189074092959003,0.6268824261310207,0.2112444139561606,0.2428331398464608,0.1246327017342405,1.0559606475780254,0.5127524539618947
545,-0.03178178178178176,4.5996289698633275,4.762953475516812,4.906163348297659,4.547830673729983,4.583823352056759,4.612065077020877,4.217266334541214,4.219821669341365,3.1932556291098417,0.6257539545094177,0.21128891264894217,0.24125579899345742,0.12473279039155483,1.0553336741191581,0.5127451507244012
546,-0.031381381381381385,4.602141944193377,4.765553911021543,4.90877065847334,4.5513314924362716,4.587160851967951,4.616383588858887,4.221367168084966,4.223968924511559,3.1974101469010967,0.6246269497155441,0.21133703614439237,0.2396768667500866,0.12483378967570453,1.0547115842754704,0.51274828079146
547,-0.030980980980980982,4.604643162837171,4.768144449386739,4.911365131280533,4.554822320450334,4.590487983095884,4.620691358728607,4.225462131285634,4.228108239947185,3.201537509071778,0.6235014497349229,0.2113887975017834,0.23809637733690914,0.12493567997305458,1.0540944202388816,0.512761891743542
548,-0.03058058058058058,4.60713262262463,4.77072507900449,4.913946732659454,4.5583031370781875,4.593804703835699,4.624988323518984,4.229551181545297,4.232239584826207,3.205637580539535,0.622377492732286,0.2114442092468853,0.23651436593969688,0.12503844145212906,1.0534822235023602,0.5127860296995614
549,-0.030180180180180177,4.609610321334286,4.773295788321571,4.916515429324911,4.561773921375171,4.597110973092015,4.629274419577086,4.233634275293046,4.236362928261015,3.2097102284508487,0.6212551170246109,0.21150328336998603,0.23493086869125643,0.1251420540716698,1.0528750348231433,0.5128207393069681
550,-0.029779779779779775,4.612076257683386,4.775856565830053,4.9190711887851135,4.565234652149913,4.600406750313153,4.633549582711789,4.237711368043019,4.240478239306813,3.2137553222322315,0.6201343610529894,0.21156603132388718,0.2333459226519717,0.12524649758866147,1.0522728941849158,0.5128660637317268
551,-0.029379379379379372,4.614530431316698,4.77840740005776,4.921613979359579,4.5686853079689795,4.603691995524021,4.637813748198541,4.241782414453903,4.244585486969981,3.2177727336424566,0.6190152633533351,0.21163246402186317,0.23175956578906756,0.12535175156633518,1.0516758407589584,0.5129220446481435
552,-0.02897897897897897,4.616972842794061,4.78094827955859,4.924143770196112,4.572125867162197,4.606966669357589,4.642066850785152,4.24584736838974,4.248684640216413,3.221762336825848,0.6178978625259761,0.21170259183556284,0.23017183695466892,0.12545779538214386,1.0510839128642786,0.5129887222284963
553,-0.028578578578578567,4.619403493576658,4.783479192902722,4.926660531286838,4.575556307828636,4.610230733084926,4.64630882469868,4.249906182981956,4.252775667979833,3.22572400836665,0.6167821972041424,0.21177642459284643,0.22858277586264988,0.12556460823572219,1.0504971479267593,0.513066135132443
554,-0.028178178178178165,4.621822386012054,4.786000128666726,4.929164233483241,4.578976607843224,4.613484148643726,4.650539603653366,4.253958810692447,4.256858539170078,3.2296576273444932,0.6156683060213841,0.21185397157553906,0.22699242306432887,0.125672169156824,1.0499155824373285,0.5131543204961693
555,-0.027777777777777762,4.6242295233180135,4.788511075423589,4.931654848510219,4.582386744863971,4.616726878665281,4.654759120859641,4.258005203377623,4.260933222681356,3.2335630753909577,0.6145562275779595,0.2119352415170914,0.22540081992305375,0.1257804570132454,1.0493392519091889,0.5132533139212517
556,-0.02737737737737736,4.626624909565104,4.79101202173269,4.934132348979104,4.585786696339796,4.619958886499851,4.658967309034216,4.262045312353246,4.264999687400476,3.2374402367472452,0.6134460004062193,0.21202024260013558,0.22380800858769417,0.1258894505187379,1.0487681908341433,0.5133631494632066
557,-0.026976976976976957,4.629008549658128,4.793502956129721,4.936596708399642,4.5891764395189165,4.6231801362404035,4.663164100411233,4.266079088459963,4.269057902215033,3.24128899832295,0.6123376629350329,0.21210898245392606,0.22221403196509693,0.12599912824091294,1.04820243263805,0.5134838596197017
558,-0.026576576576576555,4.631380449316392,4.795983867116599,4.939047901190909,4.592555951457784,4.626390592744675,4.667349426754482,4.270106482129372,4.273107836021566,3.2451092497559206,0.6112312534532905,0.21220146815165683,0.2206189336915401,0.12610946860914224,1.0476420096354429,0.5136154753184096
559,-0.026176176176176152,4.633740615052846,4.79845474315136,4.941485902691155,4.595925209030545,4.629590221655522,4.671523219370681,4.274127443450509,4.277149457733673,3.248900883473197,0.6101268100725322,0.21229770620764557,0.21902275810322674,0.12622044992246156,1.0470869529833697,0.513758025904487
560,-0.025775775775775778,4.636089054152127,4.800915572638085,4.943910689166548,4.599284188938999,4.6327789894195295,4.6756854091238065,4.2781419222366015,4.281182736290082,3.2526637947530035,0.6090243706887452,0.21239770257437823,0.2174255502058733,0.12633205035747602,1.0465372926344896,0.5139115391276611
561,-0.025375375375375375,4.638425774647516,4.803366343916851,4.946322237818807,4.602632867723019,4.635956863303868,4.6798359264504645,4.282149868091971,4.285207640662678,3.256397881787766,0.607923972943374,0.21250146263940842,0.2158273556434112,0.12644424797627835,1.045993057289486,0.5140760411289103
562,-0.024974974974974973,4.640750785296866,4.805807045253734,4.948720526791727,4.605971221771426,4.639123811411357,4.6839747013762985,4.286151230478945,4.2892241398644835,3.2601030457481275,0.6068256541836017,0.21260899122210528,0.21422822066587535,0.1265570207343818,1.0454542743488497,0.5142515564267355
563,-0.02457457457457457,4.6430640955575235,4.80823766483089,4.95110553517656,4.6092992273332705,4.642279802693732,4.688101663533404,4.290145958784628,4.2932322029575785,3.263779190847911,0.6057294514219472,0.21272029257024627,0.21262819209650954,0.12667034648866932,1.0449209698640889,0.5144381079030046
564,-0.024174174174174168,4.645365715560262,4.81065819073673,4.953477243016264,4.612616860529504,4.645424806963092,4.692216742178754,4.294134002387434,4.297231799060974,3.2674262244100016,0.6046354012952351,0.21283537035645253,0.21102731729813679,0.12678420300537274,1.0443931684884304,0.5146357167883776
565,-0.023773773773773765,4.647655656082299,4.813068610956193,4.955835631308606,4.615924097365012,4.648558794901533,4.696319866213604,4.298115310723209,4.301222897358417,3.2710440569330856,0.6035435400229957,0.21295422767446343,0.2094256441388451,0.12689856796807375,1.0438708934270784,0.5148444026473012
566,-0.023373373373373363,4.649933928519403,4.815468913361163,4.9581806820081065,4.619220913740974,4.651681738068939,4.7004109642038605,4.302089833350843,4.305205467106139,3.274632602159195,0.6024539033653479,0.21307686703524992,0.207823220957038,0.12701341898574559,1.0433541663870916,0.5150641833625799
567,-0.02297297297297296,4.652200544857145,4.817859085701022,4.960512378026836,4.622507285467521,4.654793608908963,4.704489964401393,4.306057520017221,4.309179477640528,3.2781917771419975,0.6013665265804314,0.21320329036296642,0.20622009652589637,0.12712873360082652,1.0428430075269592,0.5152950751195265
568,-0.022572572572572558,4.654455517641336,4.8202391155933695,4.962830703234049,4.625783188276672,4.657894380753157,4.708556794766272,4.310018320721401,4.3131448983857394,3.2817215023157686,0.6002814443814409,0.2133334989907433,0.2046163200172962,0.12724448929734186,1.0423374354059467,0.5155370923896969
569,-0.022172172172172155,4.656698859947683,4.822608990514927,4.9651356424546575,4.629048597835495,4.660984027823306,4.712611382989895,4.313972185777885,4.317101698861211,3.285221701564972,0.5991986908933296,0.21346749365631945,0.20301194096523867,0.12736066350906802,1.041837466933281,0.5157902479142206
570,-0.021771771771771753,4.658930585350726,4.824968697792639,4.9674271814665465,4.6323034897594955,4.664062525231937,4.716653656518986,4.317919065878859,4.321049848689118,3.2886923022943697,0.5981182996092445,0.2136052744975206,0.20140700922884083,0.12747723362774763,1.0413431173172658,0.5160545526867387
571,-0.02137137137137135,4.661150707892076,4.827318224594991,4.969705306996744,4.635547839626166,4.6671298489810376,4.720683542580443,4.321858912155288,4.324989317601722,3.292133235499593,0.5970403033467574,0.2137468410475855,0.1998015749549351,0.12759417701136325,1.040854400014395,0.5163300159359634
572,-0.020970970970970948,4.663359242048022,4.829657557923561,4.971970006716424,4.638781622988697,4.6701859759590025,4.724700968206986,4.325791676236742,4.328920075448645,3.295544435838077,0.5959647342039556,0.2138921922303453,0.1981956885403234,0.12771147099246186,1.0403713266785564,0.5166166451078762
573,-0.020570570570570573,4.665556202696548,4.8319866846048205,4.974221269234776,4.642004815389793,4.673230883935818,4.728705860263601,4.32971731030984,4.3328420922040305,3.2989258417002776,0.5948916235154611,0.2140413263552619,0.19658940059374838,0.1278290928865446,1.0398939071104036,0.5169144458475858
574,-0.02017017017017017,4.6677416050837985,4.834305591282199,4.976459084091739,4.645217392375586,4.676264551556528,4.732698145474723,4.333635767175199,4.336755337973615,3.3022773952810742,0.5938210018084475,0.2141942411123314,0.19498276189761904,0.12794702000051736,1.0394221492069924,0.5172234219808645
575,-0.01976976976976977,4.669915464790057,4.836614264408426,4.978683441749597,4.648419329509593,4.679286958332989,4.736677750452141,4.337547000302785,4.340659783001685,3.305599042651263,0.5927528987587137,0.21435093356686172,0.19337582336954628,0.12806522964120626,1.0389560589117541,0.5175435754953923
576,-0.019369369369369366,4.672077797695274,4.838912690238172,4.980894333583467,4.651610602386702,4.68229808463397,4.740644601723585,4.34145096388555,4.344555397677925,3.3088907338290388,0.5916873431468945,0.2145114001541304,0.19176863602373803,0.1281836991239414,1.0384956401649128,0.5178749065217303
577,-0.018968968968968963,4.674228619944214,4.841200854820995,4.983091751870674,4.654791186647159,4.685297911673614,4.744598625761958,4.345347612891265,4.348442152544144,3.312152422851362,0.5906243628148673,0.21467563667393394,0.19016125093230404,0.12830240578120347,1.0380408948544197,0.518217413314056
578,-0.01856856856856856,4.676367947911248,4.84347874399461,4.985275689779046,4.657961057990503,4.688286421498314,4.748539749015168,4.349236903112448,4.3523200183008806,3.315384067845101,0.589563984622431,0.21484363828503703,0.18855371918652275,0.128421326971343,1.037591822767507,0.5185710922306909
579,-0.01816816816816816,4.678495798164867,4.845746343378495,4.987446141354123,4.661120192189446,4.691263596972036,4.752467897936551,4.353118791214288,4.356188965813876,3.3185856310978394,0.5885062344043216,0.21501539949953402,0.1869460918581077,0.128540440087368,1.0371484215429525,0.5189359377144506
580,-0.017767767767767756,4.68061218743196,4.848003638367839,4.989603101505314,4.6642685651036535,4.6942294217601495,4.756382999015797,4.3569932347804885,4.360048966120418,3.3217570791282367,0.587451136927636,0.21519091417713299,0.18533841996053704,0.12865972256579286,1.0367106866241411,0.519311942272858
581,-0.017367367367367353,4.682717132561905,4.850250614127858,4.99174656599101,4.667406152693399,4.697183880311793,4.760284978810387,4.360860192356935,4.363899990435534,3.324898382755821,0.5863987158497318,0.2153701755193756,0.18373075441048295,0.12877915189555897,1.036278611213022,0.5196990964582513
582,-0.01696696696696695,4.68481065049054,4.852487255588473,4.99387653140268,4.670532931033063,4.7001269578408476,4.76417376397747,4.364719623493107,4.367742010158046,3.3280095171700985,0.5853489936766766,0.21555317606380417,0.18212314598939738,0.12889870562701852,1.0358521862250503,0.5200973888478279
583,-0.01656656656656655,4.686892758204059,4.854713547439377,4.995992995147969,4.6736488763244495,4.703058640305562,4.76804928130615,4.36857148878117,4.37157499687647,3.331090461998856,0.5843019917223087,0.21573990767809254,0.18051564530528919,0.12901836138097683,1.0354314002452176,0.520506806023665
584,-0.016166166166166146,4.688963472702887,4.856929474125481,4.998095955432815,4.676753964909892,4.705978914386884,4.7719114577501305,4.372415749892669,4.375398922374759,3.334141201375534,0.583257730067983,0.21593036155415155,0.17890830275475697,0.1291380968577962,1.0350162394852391,0.5209273325527609
585,-0.015765765765765744,4.691022810965595,4.8591350198427765,5.00018541124262,4.679848173285125,4.70888776746557,4.775760220460686,4.376252369612753,4.3792137586378805,3.3371617240055413,0.5822162275230668,0.21612452820222683,0.17730116848530017,0.129257889846552,1.0346066877420232,0.5213589509671365
586,-0.015365365365365341,4.69307078991291,4.861330168534587,5.002261362322491,4.682931478111881,4.711785187598118,4.779595496819908,4.3800813118718835,4.383019477857225,3.340152023231391,0.5811775015862557,0.2163223974450034,0.1756942923579748,0.12937771823424002,1.0342027263574889,0.5218016417440454
587,-0.014964964964964966,4.695107426371862,4.86351490388825,5.004323809156587,4.686003856230208,4.71467116349161,4.783417214474178,4.383902541774963,4.386816052435843,3.3431120970965202,0.5801415684077725,0.2165239584117325,0.1740877239104261,0.1294975600150272,1.0338043341798349,0.5222553832863395
588,-0.014564564564564564,4.697132737040149,4.865689209332215,5.006372752946585,4.689065284670467,4.717545684477504,4.787225301367832,4.3877160256278325,4.3906034549935,3.3460419484076733,0.5791084427525162,0.2167291995323984,0.17248151232033865,0.1296173932995395,1.033411487526351,0.5227201519030377
589,-0.014164164164164161,4.699146738450739,4.867853068033572,5.008408195589309,4.69211574066499,4.720408740484474,4.791019685776962,4.391521730961102,4.394381658371544,3.3489415847957087,0.5780781379642261,0.21693810853194173,0.17087570636935634,0.12973719632418326,1.0330241601478554,0.5231959217901451
590,-0.013763763763763759,4.7011494469368,4.870006462896007,5.010430139653553,4.695155201659371,4.723260322010335,4.794800296343309,4.395319626551265,4.398150635637589,3.351811018774705,0.5770506659307221,0.21715067242455652,0.1692703544075052,0.12985694746049004,1.032642323194848,0.5236826650117776
591,-0.013363363363363356,4.703140878596985,4.872149376558209,5.012438588356111,4.698183645323377,4.726100420093159,4.7985670621082175,4.3991096824390645,4.401910360089997,3.354650267799234,0.5760260370502862,0.21736687750807968,0.16766550431815944,0.12997662522447695,1.0322659451854748,0.5241803514816373
592,-0.012962962962962954,4.705121049261142,4.874281791392707,5.01443354553707,4.701201049561452,4.728929026281631,4.802319912546571,4.402891869945093,4.405660805262161,3.357459354319661,0.5750042601992453,0.21758670935849064,0.1660612034835949,0.1300962082860133,1.0318949919753748,0.5246889489448965
593,-0.012562562562562551,4.707089974456493,4.876403689505158,5.016415015634383,4.7042073925227825,4.731746132604728,4.806058777600706,4.406666161682591,4.409401944926588,3.3602383058353547,0.5739853427008101,0.21781015282453942,0.1644574987511609,0.13021567547818433,1.0315294267295025,0.5252084229605405
594,-0.012162162162162149,4.7090476693743355,4.878515052734077,5.018383003657765,4.707202652610924,4.734551731540798,4.809783587714214,4.410432531567428,4.413133753098768,3.3629871549456563,0.5729692902952355,0.2180371920225243,0.16285443640011252,0.13033500580664556,1.031169209896003,0.5257387368842251
595,-0.011761761761761746,4.710994148837326,4.880615862651024,5.020337515161944,4.710186808492959,4.737345815986118,4.813494273865623,4.414190954825265,4.416856204040832,3.3657059393984996,0.5719561071113511,0.21826781033123452,0.16125206210913534,0.13045417845894766,1.0308142991822216,0.5262798518516998
596,-0.011361361361361344,4.712929427267388,4.882706100561229,5.022278556219307,4.713159839108167,4.7401283792230045,4.817190767601891,4.417941407995876,4.420569272264986,3.368394702136528,0.5709457956395247,0.2185019903870821,0.15965042092459464,0.13057317281383102,1.0304646495329308,0.5268317267628563
597,-0.010960960960960942,4.7148535186542935,4.884785747504676,5.024206133391973,4.716121723676192,4.742899414887553,4.820873001071658,4.421683868934647,4.424272932536738,3.371053491340598,0.5699383567061004,0.218739714079438,0.15804955722955383,0.13069196845047065,1.0301202131108258,0.5273943182664548
598,-0.010560560560560539,4.716766436524984,4.886854784257619,5.026120253703336,4.719072441704699,4.7456589169371,4.824540907058248,4.4254183168112355,4.427967159877884,3.373682360470531,0.5689337894493712,0.21898096254619664,0.15644951471356905,0.1308105451576596,1.0297809392793988,0.5279675807455864
599,-0.010160160160160137,4.718668193913651,4.888913191334564,5.028020924609113,4.72201197299649,4.748406879617467,4.828194419012323,4.429144732105422,4.43165192956928,3.37628136830299,0.5679320912971327,0.21922571616958486,0.15485033634332132,0.13092888294292188,1.0294467745882254,0.528551466303923
600,-0.009759759759759762,4.720558803332652,4.890960948990672,5.029908153967944,4.724940297656079,4.75114329743008,4.831833471084192,4.4328630966001485,4.435327217153372,3.3788505789663548,0.566933257945861,0.21947395457223923,0.15325206433409022,0.13104696204153576,1.0291176627607508,0.5291459247528182
601,-0.00935935935935936,4.722438276744285,4.892998037224612,5.03178195001157,4.727857396095709,4.753868165099042,4.835457998155699,4.436573393371793,4.438992998436501,3.381390061972478,0.5659372833415596,0.2197256566135692,0.1516547401221022,0.13116476292545737,1.028793544684632,0.5297509035993083
602,-0.008958958958958957,4.724306625533482,4.895024435781852,5.03364232131465,4.7307632490408045,4.756581477538239,4.839067935871665,4.4402756067776705,4.442649249490969,3.383899892245193,0.5649441596623261,0.2199808003864264,0.15005840433779138,0.13128226631212514,1.0284743584046991,0.5303663480350752
603,-0.008558558558558554,4.726163860481458,4.897040124158363,5.035489276764236,4.733657837534833,4.759283229818549,4.842663220670822,4.443969722440824,4.446295946656865,3.3863801501454622,0.5639538773026649,0.22023936321410278,0.14846309677998043,0.1313994531731373,1.0281600391185906,0.5309922009264225
604,-0.008158158158158152,4.728009991740355,4.8990450816047595,5.037322825528962,4.736541142943589,4.761973417135254,4.8462437898162225,4.447655727232124,4.449933066543657,3.388830921493049,0.5629664248595925,0.22050132164767422,0.14686885639101022,0.13151630474277695,1.0278505191751204,0.5316284028053248
605,-0.0077577577577577495,4.729845028808923,4.90103928713085,5.039142977027995,4.739413146958886,4.7646520347757075,4.84980958142505,4.451333609249736,4.453560586031543,3.3912522975845962,0.5619817891205693,0.22076665146371272,0.14527572123285015,0.13163280252638027,1.0275457280754159,0.532274891861604
606,-0.007357357357357347,4.731668980509289,4.903022719510594,5.040949740899765,4.742273831601635,4.767319078087358,4.853360534497823,4.455003357795972,4.457178482272552,3.39364437520801,0.5609999550532885,0.2210353276623844,0.14368372846418953,0.13174892830852009,1.027245592476895,0.532931603936285
607,-0.0069569569569569445,4.733481854964822,4.904995357287464,5.042743126970542,4.745123179224327,4.769974542446197,4.856896588946923,4.458664963351618,4.460786732691418,3.3960072566530357,0.5600209057973516,0.22130732446595497,0.14209291431854343,0.1318646641609979,1.0269500362001007,0.5335984725161882
608,-0.006556556556556542,4.735283659579164,4.906957178780188,5.044523145222899,4.7479611725129045,4.772618423225693,4.860417685624432,4.462318417547766,4.464385314986203,3.3983410497179256,0.5590446226578589,0.22158261531772236,0.1405033140833844,0.13197999245062483,1.0266589802384463,0.5342754287298142
609,-0.0061561561561561395,4.737074401016433,4.908908162088879,5.046289805764085,4.75078779448801,4.77525071576632,4.863923766349214,4.4659637131352214,4.467974207128677,3.4006458677121008,0.5580710851009404,0.22186117288139282,0.13891496208031437,0.13209489584676898,1.026372342770906,0.5349624013445662
610,-0.005755755755755737,4.738854085182648,4.910848285101533,5.048043118794378,4.753603028505637,4.777871415345711,4.867414773933241,4.4696008439515555,4.471553387364465,3.4029218294547143,0.5571002707512471,0.22214296904092376,0.13732789164629378,0.13220935732866615,1.0260900391776764,0.5356593167653708
611,-0.005355355355355335,4.740622717208392,4.912777525500883,5.04978309457544,4.756406858257151,4.78048051714955,4.870890652207083,4.473229804885868,4.475122834212949,3.4051690592690185,0.5561321553914218,0.22242797490084845,0.13574213511593122,0.13232336019245916,1.0258119820588403,0.5363660990347412
612,-0.004954954954954932,4.742380301432755,4.914695860771597,5.0515097433987295,4.759199267768709,4.783078016243233,4.874351346044561,4.4768505918413375,4.478682526466936,3.407387686972458,0.5551667129635689,0.22271616078710182,0.13415772380486296,0.13243688805796477,1.025538081256049,0.5370826698343375
613,-0.00455455455455453,4.744126841388563,4.916603268207811,5.05322307555401,4.761980241400059,4.785663907544407,4.877796801386517,4.480463201695641,4.4822324431920855,3.409577847862406,0.5542039155727274,0.22300749624836705,0.13257468799420188,0.13254992487514614,1.0252682438772518,0.5378089484880687
614,-0.004154154154154155,4.745862339788945,4.91849972492098,5.0549231012979945,4.764749763842743,4.788238185796409,4.881226965263667,4.484067632259326,4.485772563726107,3.4117396826974615,0.5532437334923723,0.2233019500579573,0.13099305691609503,0.13266245493026718,1.0250023743244763,0.5385448519667857
615,-0.0037537537537537524,4.747586798515228,4.920385207848033,5.056609830823173,4.76750782011768,4.790800845542708,4.884641785818503,4.487663882232216,4.4893028676777345,3.413873337674245,0.5522861351719329,0.22359949021625167,0.12941285874037264,0.13277446285172648,1.024740374324665,0.5392902948946131
616,-0.00335335335335335,4.749300218606207,4.922259693759819,5.0582832742268655,4.770254395572174,4.793351881102388,4.888041212326231,4.491251951157948,4.492823334925453,3.4159789643996206,0.5513310872463533,0.2239000839537006,0.12783412056230015,0.13288593361554088,1.0244821429636009,0.5400451895569579
617,-0.0029529529529529475,4.751002600248783,4.9241231592698265,5.0599434414805415,4.772989475876315,4.79589128654674,4.891425195214689,4.494831839376737,4.496333945616027,3.418056719858286,0.5503785545476761,0.22420369773441745,0.12625686839144068,0.13299685255047416,1.0242275767228763,0.5408094459102452
618,-0.002552552552552545,4.7526939427700094,4.925975580843161,5.061590342399439,4.775713047018808,4.79841905567702,4.894793686083244,4.498403547976454,4.4998346801627935,3.420106766375677,0.549428500118664,0.2245102972603705,0.12468112714162108,0.13310720534278536,1.0239765695199432,0.5415829715934148
619,-0.0021521521521521425,4.754374244630535,4.927816934805766,5.063223986612547,4.7784250953022225,4.800935182003419,4.898146637720631,4.5019670787421395,4.50332551924375,3.4221292715761376,0.5484808852284427,0.22481984747619052,0.12310692062200872,0.13321697804059424,1.0237290127512035,0.5423656719412253
620,-0.00175175175175174,4.756043503419469,4.929647197353864,5.064844383532955,4.78112560733769,4.803439658725315,4.901484004121697,4.50552243410403,4.506806443799423,3.424124408336312,0.5475356693901654,0.2251323125746069,0.1215342715292846,0.13332615705783202,1.0234847953381527,0.5431574499993912
621,-0.0013513513513513375,4.757701715850674,4.931466344563609,5.066451542328653,4.783814570039041,4.805932478712831,4.904805740503063,4.509069617084229,4.510277435030546,3.4260923547337176,0.5465928103806862,0.2254476560025269,0.11996320144092866,0.1334347291777843,1.0232438037765352,0.5439582065416032
622,-0.0009509509509509351,4.7593488777604875,4.933274352400931,5.0680454718937815,4.786491970616416,4.808413634489764,4.90811180331764,4.5126086312421165,4.513738474395531,3.4280332939904845,0.5456522642622211,0.22576584046776837,0.11839373080959477,0.13354268155619162,1.0230059221884924,0.5447678400884494
623,-0.0005505505505505326,4.760984984106878,4.935071196731534,5.069626180820397,4.789157796569339,4.810883118217925,4.91140215026801,4.516139480618614,4.51718954360775,3.429947414412216,0.5447139854059913,0.2260868279464594,0.11682587895857453,0.13365000172391395,1.0227710323776873,0.5455862469282786
624,-0.0001501501501501301,4.762610028970037,4.936856853331071,5.071193677370777,4.791812035679295,4.813340921682916,4.9146767403186455,4.519662169679421,4.520630624632636,3.431834909321972,0.5437779265178214,0.2264105796911137,0.11525966407834723,0.13375667758913268,1.022539013887358,0.5464133211400279
625,0.00025025025025027237,4.764224005554406,4.9386312978954265,5.0727479694503055,4.794454676001808,4.8157870362813995,4.917935533706941,4.523176703257329,4.524061699684603,3.433695976989359,0.5428440386656705,0.2267370562393925,0.11369510322420188,0.13386269743908477,1.022309744061264,0.5472489546180408
626,0.0006506506506506748,4.765826906192133,4.940394506051124,5.074289064580968,4.79708570585804,4.818221453009877,4.921178491953062,4.5266830864937475,4.5274827512238,3.435530820554717,0.5419122713090685,0.2270662174235616,0.11213221231491581,0.13396804994132042,1.0220830981074875,0.5480930370989024
627,0.0010510510510510773,4.767418722347947,4.942146453365823,5.0758169698755085,4.799705113825937,4.820644162455016,4.924405577868578,4.530181324779546,4.530893761952696,3.437339647948424,0.5409825723304328,0.22739802238065132,0.11057100613249055,0.13407272414446791,1.0218589491650316,0.5489454561903069
628,0.0014514514514514798,4.768999444625454,4.943887115358886,5.077331692012257,4.80231288873093,4.823055154785555,4.927616755563885,4.533671423695336,4.534294714812529,3.439122671805313,0.5400548880682277,0.22773242956332615,0.10901149832291662,0.13417670947850527,1.0216371683731755,0.5498060974019776
629,0.0018518518518518823,4.770569062774828,4.945616467511996,5.078833237210683,4.8049090196362165,4.825454419745791,4.9308119904543934,4.537153388951318,4.537685592979584,3.4408801093742323,0.5391291633519364,0.2280693967514686,0.10745370139796663,0.13427999575452132,1.0214176249435132,0.5506748441786526
630,0.0022522522522522848,4.772127565701898,4.9473344852798045,5.080321611207685,4.807493495832637,4.82784194665069,4.93399124926549,4.5406272263268175,4.541066379861364,3.4426121824227707,0.5382053415388011,0.22840888106448495,0.10589762673798829,0.1343825731639661,1.0212001862346216,0.5515515779351506
631,0.0026526526526526872,4.773674941478598,4.949041144100588,5.081796819234673,4.810066306828181,4.830217724382628,4.9371545000362485,4.544092941609621,4.544437059092616,3.444319117137184,0.5372833645522939,0.22875083897433365,0.1043432845956842,0.1344844322773813,1.02098471782929,0.5524361780935202
632,0.0030530530530530897,4.775211177354776,4.950736419406893,5.083258865995438,4.812627442337117,4.83258174138977,4.940301712121903,4.547550540535249,4.547797614531246,3.446001144017564,0.5363631729222775,0.22909522631927898,0.10279068410086734,0.13458556404260577,1.0207710836142374,0.5533285221222809
633,0.003453453453453492,4.776736259771333,4.952420286636142,5.084707755644872,4.8151768922688065,4.834933985686098,4.943432856195069,4.551000028726279,4.551148030254134,3.447658497768302,0.5354447058267963,0.22944199831837303,0.1012398332661577,0.13468595978245296,1.0205591458622298,0.5542284855777597
634,0.003853853853853839,4.778250174374672,4.95409272124119,5.086143491768532,4.817714646716185,4.837274444853095,4.946547904245719,4.554441411631851,4.554488290552842,3.4492914171839018,0.534527901135464,0.229791109586664,0.09969073899361192,0.1347856111918533,1.0203487653165357,0.5551359421475173
635,0.004254254254254242,4.779752906032425,4.9557536987007955,5.087566077363108,4.820240695943969,4.83960310604309,4.949646829579907,4.557874694467465,4.55781837992925,3.4509001450302144,0.5336126954543836,0.23014251415113066,0.09814340708225655,0.13488451033446786,1.0201398012776166,0.5560507636958597
636,0.004654654654654644,4.781244438850436,4.957403194530005,5.088975514817772,4.822755030376587,4.841919955984248,4.9527296068172495,4.561299882155206,4.561138283091104,3.4524849279211547,0.5326990241725487,0.23049616546734045,0.09659784223650329,0.13498264963876105,1.0199321116919666,0.5569728203114355
637,0.005055055055055047,4.782724756190964,4.959041184290399,5.090371805896479,4.825257640585869,4.844224980987212,4.955796211887164,4.564716979264514,4.564447984947515,3.4540460161910045,0.5317868215096615,0.23085201643682635,0.09505404807541984,0.13508002189354157,1.0197255532430003,0.5579019803568904
638,0.005455455455455449,4.784193840692084,4.9606676436002095,5.091754951721206,4.827748517278527,4.846518166953378,4.958846622023881,4.568125989953608,4.56774747060439,3.4555836637623667,0.5308760205653245,0.2312100194251788,0.09351202714283742,0.13517662024296845,1.0195199814439075,0.5588381105205795
639,0.0058558558558558516,4.78565167428823,4.96228254814427,5.09312495275616,4.8302276512834394,4.848799499384793,4.961880815760214,4.571526917911702,4.57103672535984,3.45709812800989,0.5299665533695167,0.23157012628084497,0.09197178091826075,0.13527243818102563,1.0193152507323375,0.5597810758703099
640,0.006256256256256254,4.787098238231867,4.963885873683772,5.094481808792968,4.8326950335387675,4.851068963395662,4.964898772920133,4.5749197663021155,4.574315734699544,3.458589669619857,0.5290583509343099,0.23193228835462876,0.09043330982855227,0.13536746954546755,1.0191112145668395,0.5607307399090908
641,0.0066566566566566565,4.7885335131162305,4.965477596065824,5.095825518936872,4.835150655078941,4.853326543725434,4.967900474610113,4.578304537706401,4.577584484292105,3.4600585524457568,0.5281513433067456,0.2322964565198806,0.08889661326037043,0.13546170851124342,1.0189077255249206,0.5616869646328669
642,0.007057057057057059,4.789957478899112,4.967057691232778,5.097156081593933,4.837594507021523,4.85557222475345,4.970885903209305,4.581681234069598,4.580842959984396,3.461505043359961,0.5272454596228102,0.23266258119336802,0.08736168957332846,0.13555514958340095,1.0187046354026221,0.5626496105902031
643,0.0074574574574574615,4.791370114927624,4.968626135231305,5.09847349445926,4.840026580553993,4.8578059905151205,4.973855042358515,4.58504985664673,4.584091147796913,3.4629294121016354,0.5263406281624224,0.23303061235681416,0.0858285361138364,0.13564778758948146,1.018501795315477,0.5636185369438852
644,0.007857857857857864,4.792771399963929,4.970182904221199,5.099777754506269,4.842446866920475,4.8600278247196,4.976807876948041,4.588410405950649,4.587329033919153,3.464331931121026,0.5254367764053742,0.2334004995790909,0.08429714922960488,0.1357396176714109,1.0182990558007459,0.5645936015343994
645,0.008258258258258266,4.794161312211843,4.971727974483892,5.101068857976998,4.844855357408421,4.862237710768928,4.979744393104348,4.591762881701338,4.590556604705013,3.465712875420261,0.5245338310881343,0.23377219203905233,0.08276752428477356,0.13583063527690045,1.0180962669207838,0.5655746609452493
646,0.008658658658658669,4.795539829344314,4.973261322430665,5.102346800373452,4.847252043335302,4.864435631778595,4.982664578175627,4.5951072827767705,4.593773846668233,3.4670725223908296,0.5236317182614472,0.23414563854899006,0.08123965567563653,0.13592083615035785,1.017893278367419,0.5665615705700592
647,0.009059059059059071,4.796906928531683,4.974782924610509,5.103611576450019,4.849636916035314,4.86662157059949,4.985568420716256,4.598443607165431,4.596980746477903,3.4684111516478917,0.5227303633486369,0.2345207875786959,0.07971353684692173,0.13601021632333318,1.0176899395672125,0.56755418468142
648,0.009459459459459474,4.79826258647069,4.976292757717652,5.104863180206931,4.852009966846131,4.868795509841184,4.988455910470171,4.601771851920595,4.600177290954025,3.4697290448615936,0.5218296912045362,0.2348975872801103,0.07818916030859886,0.13609877210450436,1.017486099787443,0.5685523565014184
649,0.009859859859859876,4.799606779414177,4.9777907985987095,5.106101604884781,4.854371187095743,4.870957431896501,4.991327038353194,4.605092013116454,4.603363467063158,3.4710264855855617,0.520929626174961,0.23527598551253634,0.07666651765317826,0.13618650006921365,1.017281608242706,0.5695559382737935
650,0.010260260260260279,4.8009394832014225,4.979277024259447,5.1073268429601075,4.856720568089381,4.873107318967337,4.994181796434315,4.608404085806192,4.606539261914155,3.472303759082756,0.5200300921566416,0.23565592986839828,0.07514559957346785,0.13627339704857805,1.01707631420196,0.5705647813376589
651,0.010660660660660681,4.802260673289049,4.980751411871129,5.108538886142017,4.859058101096585,4.87524515309164,4.997020177915992,4.611708063982083,4.609704662753999,3.473561152148881,0.5191310126575162,0.23603736769952038,0.07362639588074121,0.1363594601181844,1.0168700670958866,0.5715787362027233
652,0.011061061061061084,4.803570324782455,4.982213938776458,5.109737725369861,4.861383777338418,4.877370916171542,4.999842177113459,4.615003940537702,4.612859656963753,3.4747989529335412,0.5182323108573138,0.23642024614390114,0.07210889552329908,0.13644468658638215,1.0166627166244246,0.5725976526259402
653,0.011461461461461486,4.804868412467695,4.983664582495054,5.110923350811956,4.863697587974856,4.879484590002532,5.002647789433097,4.618291707232326,4.616004232054631,3.4760174507593513,0.5173339096683225,0.2368045121529568,0.07059308660537313,0.136529073982203,1.016454112864304,0.5736213796895145
654,0.011861861861861889,4.806154910843761,4.985103320728484,5.112095751865329,4.865999524092403,4.881586156303646,5.0054370113498985,4.621571354657599,4.619138375664213,3.4772169359392113,0.5164357317962581,0.23719011251920794,0.06907895640633205,0.1366126200429141,1.0162441063764711,0.5746497658801846
655,0.012262262262262291,4.807429794155194,4.986530131364815,5.113254917156491,4.868289576691915,4.883675596748586,5.008209840384036,4.6248428722065285,4.622262075552796,3.4783976995919526,0.5155376998011453,0.23757699390437734,0.06756649140017328,0.13669532270123244,1.0160325483132024,0.5756826591697048
656,0.012662662662662694,4.808693036424968,4.9879449924826735,5.114400834543209,4.870567736676692,4.885752892997707,5.010966275076605,4.628106248044887,4.625375319599911,3.479560033456591,0.5146397361581091,0.23796510286787298,0.0660556772752361,0.13677718007221684,1.0158192905248002,0.5767199070964407
657,0.013063063063063096,4.809944611487569,4.989347882354804,5.115533491117287,4.872833994840849,4.887818026730812,5.013706314964536,4.631361469085067,4.628478095800998,3.480704229705401,0.5137417633179967,0.23835438589562097,0.06454649895411539,0.13685819043986316,1.0156041856656879,0.5777613568479869
658,0.013463463463463499,4.81118449302222,4.990738779451097,5.116652873208314,4.8750883418579845,4.889870979680652,5.016429960554746,4.634608520962455,4.631570392264264,3.48183058075605,0.5128437037677226,0.238744789429218,0.06303894061373135,0.13693835224342096,1.0153870872997575,0.578806855344719
659,0.013863863863863901,4.812412654586178,4.992117662441098,5.117758966388367,4.877330768270183,4.891911733667103,5.019137213297546,4.637847388014373,4.634652197207726,3.482939379083025,0.5119454800902543,0.2391362598953696,0.06153298570551836,0.13701766406345658,1.0151678500048145,0.5798562493241867
660,0.014264264264264304,4.813629069648028,4.993484510195951,5.118851755477671,4.879561264477363,4.893940270631897,5.021828075559344,4.6410780532616345,4.63772349895645,3.4840309170285977,0.5110470150241363,0.23952874373557848,0.060028616975689675,0.13709612460768814,1.0149463294759673,0.5809093854262457
661,0.01466466466466465,4.8148337116209206,4.994839301789801,5.1199312245511575,4.881779820726991,4.895956572673856,5.024502550594701,4.644300498392745,4.64078428593999,3.4851054866135667,0.5101482315224656,0.2399221874360469,0.058525816485549824,0.13717373269661537,1.0147223826277987,0.5819661102788296
662,0.015065065065065053,4.816026553895678,4.9961820165006126,5.120997356945929,4.8839864271041975,4.897960622084549,5.027160642517755,4.647514703750808,4.643834546690048,3.4861633793480316,0.5092490528112179,0.24031653755775703,0.057024565631800306,0.1372504872489669,1.0144958676951683,0.5830262705842599
663,0.015465465465465456,4.817207569873695,4.997512633810411,5.122050135269587,4.886181073522291,4.899952401384274,5.029802356273069,4.650720648323133,4.646874269838344,3.487204886042445,0.5083494024468369,0.24071174076669125,0.055524845166814385,0.1373263872670013,1.0142666443324933,0.5840897132059856
664,0.015865865865865858,4.8183767329995835,4.998831133404934,5.1230895414094,4.888363749713713,4.901931893358303,5.032427697605946,4.653918309733601,4.6499034441147185,3.4882302966192045,0.50744920437299,0.24110774386415115,0.054026635218835266,0.1374014318216709,1.014034573711347,0.5851562852556395
665,0.01626626626626626,4.819534016793466,5.000137495172681,5.124115556542286,4.890534445221439,4.90389908109329,5.035036673032243,4.657107664237796,4.6529220583454745,3.489239899925031,0.5065483829763949,0.24150449381714056,0.05252991531205439,0.13747562003769562,1.0137995186162259,0.5862258341803145
666,0.016666666666666663,4.820679394882873,5.001431699203353,5.125128161145574,4.892693149390841,4.905853948013766,5.037629289807741,4.660288686720903,4.65593010145195,3.4902339835444054,0.505646863141635,0.24190193778876642,0.051034664386544845,0.13754895107855936,1.0135613435383364,0.5872982078499246
667,0.017067067067067065,4.821812841034163,5.002713725785675,5.126127335008518,4.894839851362045,4.907796477918633,5.040205555897098,4.663461350698407,4.658927562449345,3.491212833614311,0.5047445703048596,0.24230002316862118,0.049540860817993936,0.1376214241314619,1.0133199147672451,0.5883732546445554
668,0.017467467467467468,4.8229343291834,5.0039835554045995,5.127113057244516,4.89697454006277,4.909726655017574,5.04276547994245,4.6666256283195775,4.661914430445797,3.4921767346405526,0.5038414305062922,0.24269869760310073,0.04804848243721368,0.13769303839225697,1.013075100480254,0.5894508235416719
669,0.01786786786786787,4.82404383346662,5.005241168737875,5.128085306304023,4.899097204201696,4.911644463967289,5.045309071231684,4.6697814903737465,4.66489069464171,3.4931259693159102,0.502937370441444,0.2430979090256199,0.04655750654937812,0.13776379305040304,1.0128267708293404,0.5905307642030758
670,0.018268268268268273,4.825141328249418,5.006486546651989,5.129044059988092,4.90120783226235,4.913549889907468,5.047836339666444,4.672928906299363,4.667856344329352,3.4940608183403876,0.5020323175109611,0.2434976056866792,0.04506790995295981,0.13783368727395579,1.0125747980255362,0.5916129270614847
671,0.018668668668668675,4.826226788155793,5.007719670197464,5.12998929546253,4.9033064124975345,4.915442918496425,5.050347295729908,4.676067844195824,4.670811368892703,3.494981560243819,0.5011261998690051,0.2438977361837413,0.04357966895831703,0.1379027201946297,1.0123190564205988,0.5926971634066139
672,0.019069069069069078,4.8273001880961734,5.0089405206035185,5.130920989272606,4.9053929329243005,4.917323535946287,5.0528419504543844,4.679198270838051,4.673755757807582,3.4958884712110967,0.5002189464700909,0.2442982494908739,0.04209275940591252,0.13797089089296405,1.012059422585821,0.5937833254706414
673,0.01946946946946948,4.8283615032945715,5.010149079272085,5.131839117358293,4.907467381319489,4.919191729057679,5.055320315388773,4.682320151693794,4.6766895006420315,3.4967818249102707,0.4993104871143024,0.244699094988114,0.0406071566841049,0.1380381983836159,1.0117957753878863,0.5948712665129271
674,0.019869869869869883,4.829410709314789,5.011345327771182,5.132743655069982,4.909529745215838,4.921047485253784,5.0577824025659375,4.68543345094364,4.6796125870569805,3.497661892323783,0.4984007524907938,0.24510022249051286,0.039122835746496436,0.1381046416008154,1.0115279960615917,0.5959608409038721
675,0.020270270270270285,4.830447782085624,5.012529247827643,5.133634577184633,4.911580011898664,4.9228907926137335,5.060228224470035,4.68853813150368,4.682525006807166,3.498528941583089,0.49748967421951473,0.2455015822768138,0.03763977112879294,0.13817021938400723,1.0112559682793536,0.5970519042077851
676,0.020670670670670688,4.831472697924998,5.013700821319196,5.134511857922319,4.913618168403129,4.924721639905194,5.062657794003846,4.691634155050798,4.685426749742337,3.4993832378069136,0.49657718489106994,0.24590312511772208,0.03615793696514334,0.13823493046371316,1.0109795782173416,0.5981443132646372
677,0.02107107107107109,4.8324854335629555,5.014860030265913,5.135375470963111,4.9156442015121025,4.926540016616118,5.065071124456166,4.694721482050545,4.688317805808717,3.5002250429433936,0.4956632181046477,0.24630480230372323,0.034677307003919536,0.13829877344764385,1.0106987146181579,0.599237926270585
678,0.021471471471471493,4.8334859661634795,5.016006856821006,5.136225389464265,4.917658097754602,4.928345912985541,5.067468229469278,4.697800071787544,4.691198165050737,3.5010546156163427,0.4947477085039473,0.246706565672405,0.03319785462291545,0.13836174680708627,1.010413268849919,0.6003326028571339
679,0.021871871871871895,4.834474273345045,5.017141283260996,5.1370615860776505,4.919659843404849,4.930139320033345,5.069849123006575,4.700869882398362,4.694067817613035,3.5018722109758804,0.49383059181103295,0.24710836763524147,0.031719552843920897,0.13842384886359596,1.0101231349616528,0.6014282041688237
680,0.022272272272272298,4.835450333199874,5.0182632919752415,5.137884032967389,4.921649424481905,4.931920229588933,5.072213819320376,4.703930870906807,4.6969267537427175,3.5026780805536584,0.4929118048580544,0.24751016120379704,0.03024237434664409,0.13848507777603208,1.0098282097349032,0.6025245929393179
681,0.0226726726726727,4.836414124311819,5.0193728654548515,5.138692701827632,4.923626826749913,4.933688634318705,5.074562332919954,4.7069829932615646,4.699774963791876,3.5034724721229042,0.4919912856167712,0.24791190001530664,0.02876629148195378,0.13854543152794635,1.0095283927314458,0.6036216335657736
682,0.023073073073073103,4.837365625772842,5.020469986280968,5.139487563900444,4.9255920357189344,4.935444527752283,5.076894678539871,4.710026204376131,4.702612438220357,3.5042556295635086,0.4910689732258232,0.24831353835759432,0.02729127628440498,0.1386049079153727,1.009223586337031,0.6047191921813799
683,0.023473473473473505,4.838304817198011,5.02155463711244,5.140268589993729,4.927545036646384,4.937187904307393,5.079210871108605,4.713060458170942,4.705439167598787,3.505027792732363,0.4901448080156903,0.24871503119328656,0.025817300484025904,0.13866350453502999,1.008913695801063,0.6058171367259477
684,0.023873873873873908,4.839231678738989,5.022626800672887,5.141035750499163,4.929485814539047,4.938918759313344,5.081510925717559,4.716085707617634,4.7082551426118275,3.5057891973391593,0.4892187315312949,0.24911633418328274,0.02434433551733202,0.1387212187729758,1.0085986292721463,0.6069153370144361
685,0.02427427427427431,4.84014619109595,5.023686459737174,5.141789015410053,4.931414354155692,4.940637089033022,5.083794857590476,4.719101904785366,4.711060354061679,3.506540074827838,0.4882906865521943,0.24951740370944453,0.02287235253754922,0.13877804779373007,1.0082782978294205,0.6080136648033144
686,0.024674674674674713,4.841048335527878,5.024733597117295,5.1425283543391,4.933330640010247,4.942342890683343,5.086062682053297,4.722109000889082,4.713854792871801,3.5072806522638857,0.48736061711032397,0.24991819689646494,0.021401322424004922,0.1388339885299014,1.0079526155096306,0.6091119938546387
687,0.025075075075075115,4.8419380938612315,5.025768195647677,5.143253736535992,4.935234656375574,4.944036162454088,5.088314414504512,4.725106946339668,4.7166384500908585,3.508011152227651,0.48642846850524957,0.2503186716328827,0.01993121579068322,0.13888903767233168,1.0076214993298644,0.610210199997754
688,0.025475475475475462,4.84281544849688,5.026790238169931,5.143965130904783,4.937126387287773,4.9457169035250645,5.090550070386049,4.72809569079587,4.719411316896878,3.5087317927138524,0.485494187316893,0.2507187865912064,0.018462002993899364,0.13894319166079705,1.0072848693059206,0.6113081611885107
689,0.025875875875875864,4.843680382415332,5.027799707517039,5.144662506020999,4.93900581655107,4.94738511408153,5.092769665154725,4.7310751832179045,4.722173384601603,3.509442787037437,0.48455772141569836,0.2511185012471146,0.016993654139083533,0.13899644667527458,1.0069426484662534,0.6124057575659048
690,0.026276276276276267,4.844532879180177,5.028796586497009,5.145345830148421,4.940872927743223,4.949040795327826,5.094973214254302,4.73404537192264,4.7249246446550375,3.510144343745943,0.4836190199702171,0.2515177758976982,0.015526139086654848,0.1390487986278067,1.0065947628614709,0.6135028715060418
691,0.02667667667667667,4.845372922939724,5.029780857876006,5.1460150712554915,4.94272770422147,4.950683949499163,5.097160733088205,4.737006204640267,4.727665088650177,3.510836666538497,0.4826780334520792,0.25191657167871895,0.014059427456950513,0.1391002431549846,1.006241141569352,0.614599387673349
692,0.027077077077077072,4.846200498426813,5.030752504360972,5.146670197031284,4.944570129128984,4.952314579871508,5.099332236992902,4.739957628572321,4.730394708327897,3.5115199541915785,0.4817347136383419,0.2523148505808493,0.012593488634210915,0.13915077561106512,1.005881716695367,0.6156951930689339
693,0.027477477477477474,4.847015590956754,5.031711508581752,5.1473111749009925,4.9464001854018305,4.953932690769529,5.101487741212018,4.7428995904509845,4.733113495582002,3.5121944004916648,0.4807890136111968,0.25271257546487036,0.011128291769587101,0.1392003910617508,1.0055164233686982,0.6167901770760249
694,0.027877877877877877,4.847818186423377,5.032657853072746,5.147937972040882,4.9482178557764085,4.955538287572548,5.10362726087118,4.745832036599523,4.735821442464416,3.5128601941748623,0.4798408877550235,0.2531097100758011,0.009663805783168306,0.13924908427864421,1.0051451997337353,0.6178842315024099
695,0.02827827827827828,4.848608271293186,5.033591520254096,5.148550555392641,4.950023122797356,4.95713137671847,5.105750810953661,4.748754912993756,4.738518541190503,3.5135175188736136,0.4788902917507899,0.2535062190559336,0.008199999364997858,0.1392968497343942,1.0047679869370856,0.6189772506198047
696,0.028678678678678682,4.849385832597558,5.034512492412438,5.149148891677099,4.951815968825897,4.958711965705646,5.107858406276825,4.751668165324458,4.741204784144493,3.5141665530705546,0.4779371825677961,0.2539020679567565,0.006736840975082469,0.13934368159856106,1.004384729110082,0.62006913120009
697,0.029079079079079084,4.850150857923028,5.035420751681223,5.149732947407241,4.953596376048625,4.960280063092633,5.109950061469412,4.754571739060537,4.743880163885019,3.514807470059594,0.47698151845276626,0.2542972232497416,0.005274298842374088,0.1393895737341983,1.0039953733468272,0.6211597725483552
698,0.029479479479479487,4.85090333539959,5.036316280020645,5.150302688900482,4.955364326486683,4.96183567849584,5.112025790949702,4.757465579512907,4.746544673150728,3.5154404379142683,0.47602325891629826,0.25469165233597957,0.0038123409627120017,0.13943451969518458,1.0035998696778012,0.6222490765326918
699,0.02987987987987989,4.851643253687043,5.037199059197172,5.1508580822901395,4.95711980200533,4.9633788225850095,5.114085608904561,4.760349631898915,4.749198304865963,3.5160656194633995,0.47506236471668145,0.25508532355464886,0.0023509350957198667,0.1394785127243029,1.003198171039068,0.6233369476106977
700,0.03028028028028029,4.852370601959366,5.038069070762726,5.15139909353606,4.958862784323866,4.964909507076545,5.116129529269405,4.763223841407193,4.751841052146497,3.5166831722740977,0.4740987978411101,0.25547820619030054,0.0008900487606571187,0.13952154575208628,1.0027902332371346,0.6244232928526383
701,0.030680680680680694,4.85308536988711,5.0389262960335115,5.151925688434356,4.960593255025899,4.966427744724636,5.118157565709121,4.766088153262827,4.7544729083052975,3.5172932486421065,0.47313252148430257,0.2558702704789543,-0.0005703507688009981,0.1395636113964401,1.0023760149095136,0.6255080219612421
702,0.031081081081081097,4.853787547617818,5.039770716068532,5.152437832626192,4.962311195569915,4.9679335493101915,5.120169731599923,4.768942512792713,4.757093866858314,3.517895995589496,0.4721635000245665,0.2562614876129887,-0.002030296470827037,0.13960470196304445,1.0019554774810455,0.6265910472880885
703,0.0314814814814815,4.854477125754471,5.040602311647805,5.152935491605591,4.964016587300135,4.9694269356275695,5.122166040012206,4.771786865490961,4.759703921530254,3.518491554869689,0.4711916989973366,0.2566518297448251,-0.0034898215827867175,0.1396448094465519,1.0015285851160791,0.627672283846568
704,0.0318818818818819,4.855154095331977,5.0414210632502945,5.153418630726203,4.965709411457635,4.970907919469093,5.124146503694391,4.77462115708425,4.762303066260351,3.5190800629797807,0.47021708506621995,0.25704126998939797,-0.004948959609636685,0.13968392553257444,1.0010953046665498,0.6287516493214083
705,0.032282282282282304,4.8558184477917,5.042226951031606,5.153887215206995,4.967389649191689,4.972376517607361,5.126111135057776,4.777445333596976,4.764891295208088,3.5196616511801215,0.46923962599160157,0.25742978242540837,-0.006407744333391391,0.13972204160047602,1.0006556056160842,0.6298290640747357
706,0.03268268268268271,4.856470174954053,5.043019954801442,5.15434121013683,4.969057281571316,4.973832747775349,5.128059946162422,4.78025934141609,4.767468602758862,3.5202364455210935,0.4682592905968444,0.257817342095363,-0.00786620982364671,0.13975914872696737,1.0002094600201972,0.6309044511486829
707,0.03308308308308311,4.857109268989175,5.043800054000854,5.154780580477875,4.970712289597002,4.975276628644331,5.129992948704053,4.783063127355498,4.770034983529585,3.5208045668770147,0.4672760487321428,0.25820392500439926,-0.009324390449163826,0.13979523769049643,0.9997568424427021,0.6319777362645417
708,0.03348348348348351,4.857735722385703,5.044567227679319,5.155205291067821,4.972354654212562,4.976708179799612,5.131910154002024,4.785856638719884,4.77259043237417,3.521366130987084,0.4662898712360839,0.2585895081179021,-0.010782320890501592,0.1398302989764504,0.9992977298884402,0.6330488478184637
709,0.033883883883883914,4.858349527917678,5.045321454471658,5.155615306620863,4.973984356317107,4.978127421714104,5.13381157298832,4.788639823367852,4.775134944388925,3.521921248503264,0.4653007298949791,0.25897406935791917,-0.01224003615368317,0.13986432278315025,0.9988321017324431,0.6341177168737339
710,0.034284284284284317,4.858950678609601,5.0460627125748205,5.156010591727407,4.975601376777106,4.979534375719777,5.135697216197617,4.791412629774254,4.777668514917793,3.5224700250449947,0.4643085974000217,0.2593575875983844,-0.013697571584910626,0.1398972990286421,0.9983599396456666,0.6351842771496297
711,0.03468468468468472,4.859539167699684,5.046790979724566,5.156391110852482,4.977205696438482,4.980929063976989,5.137567093758399,4.794175007091579,4.780191139557454,3.5230125612606042,0.46331344730235563,0.25974004265916056,-0.015154962886280373,0.13992921735827746,0.997881227517417,0.6362484650068997
712,0.03508508508508512,4.860114988601324,5.047506233172069,5.156756828332802,4.978797296138731,4.982311509441755,5.139421215385131,4.796926905210292,4.782702814162244,3.5235489528952817,0.4623152539661107,0.2601214152989157,-0.01661224613252004,0.1399600671530719,0.9973959513746149,0.6373102194298935
713,0.035485485485485524,4.860678134862838,5.0482084496604545,5.15710770837248,4.980376156719023,4.983681735830973,5.141259590371484,4.799668274818004,4.7852035348488835,3.524079290865456,0.46131399251949556,0.2605016872068499,-0.018069457788707777,0.13998983753883698,0.9969040992980431,0.6383694820053881
714,0.035885885885885926,4.861228600125512,5.048897605401327,5.157443715037336,4.981942259036258,4.985039767585663,5.143082227584621,4.802399067457353,4.7876932980009945,3.524603661339418,0.4603096388040219,0.2608808409932906,-0.01952663472897437,0.140018517396071,0.9964056613357369,0.6394261968981524
715,0.03628628628628627,4.861766378080002,5.049573676051268,5.157764812247799,4.983495583975026,4.986385629832248,5.144889135460514,4.805119235582477,4.7901721002733835,3.525122145824002,0.4593021693219483,0.2612588601791761,-0.020983814256148065,0.14004609537059223,0.9959006294136575,0.640480310823309
716,0.036686686686686676,4.862291462421143,5.050236636688378,5.158070963770366,4.985036112459468,4.9877193483419475,5.146680322000306,4.807828732613992,4.792639938596076,3.525634821257143,0.45829156118202846,0.26163572918445405,-0.02244103412234946,0.1400725598849079,0.9953889972438383,0.6415317730155531
717,0.03708708708708708,4.862803846801216,5.050886461788854,5.158362133207598,4.986563825464971,4.989040949488324,5.148455794767696,4.810527512992326,4.795096810178074,3.526141760106104,0.457277792043664,0.2620114333154135,-0.02389833255048322,0.14009789915029097,0.9948707602301524,0.6425805351952869
718,0.03748748748748748,4.863303524781735,5.051523125203634,5.158638283986652,4.9880787040296894,4.990350460203048,5.150215560887336,4.813215532229349,4.79754271251083,3.5266430304711576,0.4562608400595473,0.26238595875098525,-0.025355748256629992,0.1401221011795569,0.9943459153718919,0.6436265515317554
719,0.03788788788788788,4.8637904897838045,5.052146600135153,5.158899379346311,4.989580729265842,4.991647907929948,5.151959627044221,4.815892746958153,4.799977643371409,3.527138696194503,0.4552406838169015,0.26275929252803365,-0.02681332047329136,0.14014515380051148,0.9938144611653281,0.6446697786032474
720,0.038288288288288286,4.864264735037135,5.052756859114212,5.159145382322514,4.99106988237076,4.992933320577396,5.1536879994840685,4.818559114980921,4.8024016008253225,3.527628816974178,0.45421730227741425,0.26313142252567406,-0.028271088973473055,0.14016704467004953,0.9932763975034438,0.6457101753544536
721,0.03868868868868869,4.864726253527751,5.053353873976994,5.1593762557323775,4.992546144637649,4.9942067264691286,5.155400684014645,4.821214595314756,4.804814583229022,3.528113448482727,0.45319067471597313,0.26350233744864754,-0.02972909409556734,0.14018776128888205,0.9927317255740202,0.6467477030510688
722,0.03908908908908909,4.86517503794449,5.053937615842256,5.159591962156696,4.99400949746603,4.995468154293555,5.157097686008044,4.823859148235401,4.807216589232025,3.5285926424903615,0.4521607806583068,0.26387202680979,-0.03118737676901403,0.1402072910168678,0.9921804477562784,0.6477823252317316
723,0.03948948948948949,4.865611080624358,5.054508055088713,5.159792463920919,4.9954599223718255,4.996717633051637,5.158779010403864,4.826492735318745,4.809607617778665,3.529066446992363,0.4511275998176495,0.2642404809116278,-0.032645978540688465,0.14022562108890985,0.991622567516263,0.6488140076573992
724,0.039889889889889896,4.866034373496808,5.055065161332649,5.1599777230746025,4.996897400997065,4.997955192003435,5.160444661713287,4.829115319480044,4.811987668109444,3.529534906340439,0.4500911120305265,0.26460769082714414,-0.034104941602006944,0.14024273863140554,0.9910580893011686,0.6498427182582677
725,0.0402902902902903,4.866444908027036,5.055608903405766,5.160147701369347,4.998321915119163,4.999180860613383,5.162094644024007,4.831726865010764,4.814356739761969,3.529998061377773,0.4490512971917934,0.2649736483797498,-0.03556430881668304,0.1402586306792037,0.9904870184328128,0.6508684270783361
726,0.0406906906906907,4.866842675158375,5.056139249333296,5.160302360235214,4.999733446659759,5.000394668494416,5.163728961005998,4.8343273376129785,4.816714832571474,3.530455949577463,0.44800813518902777,0.265338346122505,-0.037024123749125275,0.14027328419304386,0.9899093610004523,0.6518911062177396
727,0.0410910910910911,4.86722766525386,5.056656166312419,5.160441660755633,5.001131977693053,5.0015966453510075,5.1653476159180665,4.836916704431239,4.819061946670884,3.5309086051840635,0.446961605836404,0.26570177731663086,-0.0384844306934096,0.14028668607743885,0.9893251237531517,0.6529107297729584
728,0.041491491491491506,4.86759986803707,5.057159620690975,5.160565563640822,5.002517490453646,5.002786820921231,5.166950611615174,4.839494934081863,4.821398082490435,3.531356059357935,0.44591168880816473,0.26606393590935695,-0.03994527470280068,0.1402988231989716,0.9887343139919067,0.6539272737750297
729,0.04189189189189191,4.867959272532325,5.057649577946519,5.160674029199715,5.0038899673438255,5.003965224917953,5.168537950556491,4.842061996679566,4.823723240756817,3.5317983403220854,0.44485836357180786,0.2664248165111501,-0.04140670161977934,0.14030968240495992,0.9881369394617332,0.654940716125888
730,0.04229229229229231,4.868305867004338,5.05812600266573,5.1607670173104365,5.005249390940275,5.0051318869692345,5.170109634814121,4.844617863861384,4.8260374224918445,3.532235473511204,0.44380160932111695,0.266784414372368,-0.04286875810651164,0.1403192505424557,0.9875330082439181,0.6559510365329546
731,0.04269269269269271,4.868639638897417,5.058588858524196,5.1608444873893236,5.006595744000178,5.006286836558067,5.171665666082495,4.847162508807833,4.8283406290106266,3.5326674817225654,0.4427414049091498,0.26714272535938965,-0.04433149167573891,0.14032751447753794,0.9869225286486503,0.6569582164421218
732,0.043093093093093116,4.868960574774304,5.059038108266589,5.160906398358543,5.007929009466692,5.007430102961537,5.173206045688348,4.849695906261259,4.830632861919237,3.5330943852684937,0.44167772878131606,0.26749974593026576,-0.04579495072201624,0.14033446111485837,0.9863055091082306,0.6579622389692465
733,0.04349349349349352,4.869268660254779,5.059473713687257,5.160952708612306,5.009249170473757,5.008561715189533,5.174730774601277,4.852218032541328,4.832914123111877,3.53351620213006,0.440610558908657,0.2678554731099424,-0.04725918455326344,0.14034007741739193,0.9856819580710597,0.6589630888303134
734,0.04389389389389392,4.86956387995409,5.059895635611256,5.1609833759817265,5.01055621035022,5.009681701923098,5.176239853444803,4.854728865557637,4.835184414767503,3.5339329481116946,0.4395398727214633,0.2682099044651049,-0.04872424342257337,0.14034435042635554,0.9850518838966281,0.6599607522703829
735,0.04429429429429432,4.869846217421352,5.060303833875815,5.160998357698365,5.011850112623237,5.010790091452556,5.177733282507906,4.85722838481938,4.837443739345943,3.534344636996393,0.43846564704334107,0.26856303807869303,-0.05019017856021944,0.14034726728124688,0.9844152947516773,0.6609552169914843
736,0.044694694694694725,4.870115655077992,5.060698267312286,5.1609976103564685,5.0131308610209455,5.011886911615498,5.1792110617569795,4.859716571442087,4.839692099583464,3.5347512807011823,0.43738785802586,0.2689148725241378,-0.05165704220580994,0.14034881523995255,0.9837721985077577,0.6619464720795868
737,0.04509509509509513,4.870372174156362,5.061078893728562,5.160981089873975,5.014398439474374,5.012972189734774,5.180673190848154,4.862193408151373,4.841929498487806,3.535152889432534,0.4363064810838955,0.26926540683937356,-0.05312488764054035,0.1403489816988881,0.9831226026403673,0.6629345079307956
738,0.04549549549549553,4.870615754638622,5.061445669892004,5.160948751452317,5.015652832118558,5.014045952556578,5.182119669139938,4.864658879283703,4.844155939332672,3.535549471841393,0.43522149083179806,0.26961464050067147,-0.05459376921946819,0.14034775421311432,0.9824665141298634,0.6639193161769154
739,0.04589589589589593,4.870846375196,5.061798551512872,5.160900549535059,5.016894023292862,5.015108226188761,5.183550495706132,4.867112970784168,4.846371425651665,3.5359410351775056,0.43413286102049475,0.26996257339635166,-0.05606374240377389,0.14034512051638517,0.981803939364337,0.6649008896105338
740,0.046296296296296335,4.871064013128543,5.062137493228287,5.160836437765445,5.018121997540467,5.0161590360394825,5.184965669348934,4.869555670201245,4.848575961231677,3.536327585442719,0.43304056447565825,0.27030920580042084,-0.057534863792927375,0.140341068541076,0.9811348840446357,0.6658792221097646
741,0.04669669669669674,4.871268644305468,5.0624624485867225,5.160756368942889,5.01933673960702,5.017198406756313,5.186365188612227,4.871986966678561,4.8507695501057375,3.5367091275429448,0.4319445730370461,0.2706545383461904,-0.05900719115671067,0.14033558643794808,0.9804593530917108,0.6668543085628019
742,0.047097097097097085,4.87146024310622,5.062773370033053,5.160660294978471,5.020538234438418,5.0182263621659065,5.1877490517949365,4.874406850943667,4.852952196545297,3.5370856654384646,0.43084485749913604,0.2709985719999224,-0.060480783467026185,0.14032866259568905,0.9797773505564626,0.667826144792428
743,0.04749749749749749,4.871638782362355,5.0630702088941595,5.16054816684951,5.021726467177721,5.019242925214368,5.189117256964456,4.876815315293823,4.8551239050519746,3.5374572022922743,0.42974138755316416,0.2713413080345589,-0.06195570092943885,0.14032028566019286,0.9790888795322629,0.6687947274806268
744,0.04789789789789789,4.871804233300349,5.0633529153650985,5.160419934553255,5.022901423161163,5.020248117908419,5.190469801970032,4.879212353578818,4.857284680348759,3.5378237406161572,0.42863413173068077,0.27168274800358,-0.06343200501437188,0.1403104445535164,0.9783939420702998,0.669760054093442
745,0.04829829829829829,4.871956565485457,5.063621438495852,5.160275547059795,5.024063087913278,5.021241961257474,5.191806684456086,4.88159796118086,4.859434527370665,3.538185282414189,0.4275230573487311,0.27202289371504534,-0.06490975848790112,0.14029912849247206,0.9776925390979209,0.6707221228062294
746,0.048698698698698695,4.872095746766721,5.063875726178658,5.160114952264214,5.025211447141094,5.022224475216764,5.1931279018753935,4.88397213499155,4.861573451254868,3.5385418293233855,0.42640813045676473,0.2723617472058642,-0.06638902544207557,0.14028632700679877,0.9769846703400981,0.6716809324294443
747,0.0490990990990991,4.8722217432232435,5.064115725135939,5.159938096938105,5.02634648672741,5.023195678631589,5.1944334515020705,4.8863348733859775,4.863701457330297,3.538893382751199,0.4252893157853835,0.2726993107163461,-0.06786987132470518,0.14027202995686963,0.9762703342441975,0.672636482335105
748,0.0494994994994995,4.872334519111835,5.064341380908811,5.159744926680493,5.027468192723147,5.024155589182829,5.195723330444294,4.88868617619399,4.8658185511067265,3.5392399440095916,0.4241665766970177,0.2730355866650767,-0.06935236296853188,0.1402562275508765,0.9755495279081393,0.6735887723840748
749,0.0498998998998999,4.872434036816137,5.064552637846204,5.159535385868259,5.028576551338754,5.025104223333822,5.19699753565671,4.891026044668672,4.867924738263346,3.539581514445412,0.42303987513863683,0.27337057762416794,-0.07083656861973335,0.14023891036145528,0.9748222470121207,0.674537802854295
750,0.050300300300300305,4.872520256797347,5.064749439094581,5.159309417606132,5.029671548934677,5.026041596278703,5.198256063952449,4.8933544814520955,4.870020024636846,3.5399180955668124,0.42190917159658053,0.2737042862949268,-0.07232255796567352,0.1402200693416884,0.9740884857539849,0.6754835743701123
751,0.05070070070070071,4.87259313754662,5.064931726588254,5.159066963676353,5.030753172010879,5.026967721892315,5.199498912014713,4.895671490538387,4.872104416209013,3.5402496891654565,0.42077442505360063,0.2740367154839878,-0.07381040216184497,0.14019969584045386,0.9733482367883715,0.6764260878328225
752,0.05110110110110111,4.872652635539283,5.065099441040312,5.15880796448808,5.031821407195425,5.027882612681797,5.200726076407839,4.897977077234182,4.87417791909386,3.5405762974342703,0.4196355929482062,0.27436786807995217,-0.07530017385791875,0.1401777816170598,0.9726014911697423,0.6773653443525677
753,0.05150150150150151,4.872698705190944,5.065252521934153,5.158532359026629,5.0328762412321115,5.028786279739938,5.201937553587806,4.900271248116541,4.876240539524301,3.540897923080511,0.4184926311363798,0.2746977470305757,-0.0767919472228382,0.1401543188551264,0.9718482382993626,0.6783013451817094
754,0.051901901901901915,4.872731298815599,5.065390907515607,5.158240084802653,5.033917660967168,5.029678732700396,5.203133339912109,4.902554010988393,4.878292283838389,3.541214569433921,0.4173454938557537,0.27502635532054626,-0.07828579796888793,0.14012930017567102,0.9710884658763436,0.6792340916498019
755,0.05230230230230232,4.872750366585845,5.065514534785678,5.1579310778013285,5.0349456533350105,5.030559979694872,5.204313431648941,4.904825374831578,4.880333158465144,3.5415262405497696,0.4161941336923119,0.27535369594988873,-0.0797818033746588,0.140102718649348,0.9703221598527997,0.6801635851002827
756,0.05270270270270272,4.872755856495281,5.06562333949386,5.157605272431669,5.035960205343079,5.03143002731232,5.20547782498562,4.907085349757597,4.882363169909967,3.5418329413065717,0.41503850154968724,0.27567977191303655,-0.08128004230684671,0.14007456780780872,0.9695493043931985,0.681089826828995
757,0.05310310310310312,4.872747714323191,5.065717256132059,5.157262601476059,5.03696130405574,5.032288880560287,5.206626516036215,4.909333946956125,4.8843823247396925,3.542134677498307,0.41387854662111595,0.2760045861786038,-0.08278059524080536,0.1400448416541383,0.9687698818379424,0.6820128180246549
758,0.053503503503503524,4.872725883601617,5.065796217929098,5.156902996040089,5.037948936577297,5.033136542828451,5.207759500848278,4.911571178641415,4.886390629567277,3.542431455920957,0.4127142163641103,0.2763281416698932,-0.08428354427978726,0.14001353467232694,0.9679838726712441,0.6829325597113658
759,0.05390390390390393,4.872690305584873,5.065860156845794,5.156526385502821,5.038923090034085,5.033973015854431,5.208876775408667,4.9137970579966606,4.888388091036159,3.5427232844532117,0.4115454564778959,0.27665044124617105,-0.08578897317280275,0.13998064183574793,0.967191255493306,0.6838490526932833
760,0.05430430430430433,4.872640919221627,5.065909003570614,5.156132697467568,5.039883751555697,5.034798299691941,5.209978335648368,4.9160115991164375,4.890374715804311,3.5430101721311837,0.41037221088367043,0.2769714876847396,-0.08729696733102167,0.13994615861459936,0.9663920069968484,0.6847622975015271
761,0.05470470470470473,4.872577661129583,5.065942687515885,5.155721857713296,5.040830908255336,5.035612392681352,5.211064177446266,4.918214816947331,4.892350510528011,3.543292129217009,0.409194421707716,0.27729128366383626,-0.08880761384265143,0.13991008098228247,0.9655861019479778,0.6856722943434295
762,0.055105105105105134,4.872500465572876,5.065961136814562,5.155293790146765,5.041764547209319,5.036415291422715,5.212134296631827,4.920406727226845,4.894315481845361,3.543569167261213,0.4080120292674103,0.27760983174638393,-0.09032100148622482,0.13987240542068602,0.9647735131714142,0.6865790430542071
763,0.05550550550550554,4.872409264442237,5.065964278317533,5.154848416755496,5.042684655435753,5.037206990751301,5.213188688986612,4.922587346420724,4.8962696363595795,3.5438412991587316,0.40682497206016266,0.27792713436461786,-0.09183722074221978,0.13983312892434246,0.9639542115400477,0.687482543051137
764,0.05590590590590594,4.872303987237987,5.065952037591453,5.154385657561692,5.043591219872406,5.037987483715694,5.214227350244583,4.924756691658801,4.898212980622097,3.5441085391985054,0.4056331867553046,0.2782431938056106,-0.09335636380294914,0.13979224900344187,0.9631281659688188,0.6883827932903088
765,0.05630630630630634,4.872184561055932,5.065924338917098,5.1539054305772005,5.044484227353786,5.038756761558507,5.215250276091152,4.926914780669482,4.900145521115493,3.544370903106569,0.4044366081889481,0.278558012197715,-0.09487852458066205,0.13974976368566833,0.9622953434128827,0.6892797922260275
766,0.056706706706706744,4.872050910576224,5.0658811052882164,5.1534076517596565,5.045363664587475,5.039514813699705,5.216257462160916,4.929061631713012,4.902067264236283,3.544628408082575,0.40323516936183823,0.2788715914979422,-0.09640379871376586,0.13970567151684773,0.9614557088700144,0.6901735377729206
767,0.05710710710710715,4.871902958055214,5.065822258410879,5.152892234969878,5.046229518129719,5.040261627722622,5.217248904034035,4.931197263513631,4.903978216277623,3.5448810728297135,0.40202880144019304,0.27918393348029125,-0.09793228357113719,0.1396599715603846,0.9606092253872033,0.6910640272708157
768,0.05750750750750755,4.87174062332038,5.065747718703286,5.152359091930656,5.047081774360325,5.0409971893626375,5.218224597231194,4.933321695190768,4.905878383411928,3.545128917577992,0.4008174337595447,0.2794950397250403,-0.09946407825442648,0.13961266339547315,0.9597558540713628,0.6919512574524324
769,0.057907907907907896,4.8715638237683425,5.065657405296053,5.151808132187023,5.047920419456879,5.041721482498572,5.219184537207137,4.93543494618939,4.907767771673472,3.54537196410087,0.39960099383157355,0.27980491160901444,-0.10099928359832318,0.13956374711407327,0.9588955541040911,0.6928352244139369
770,0.0583083083083083,4.871372474366022,5.065551236032915,5.151239263068138,5.048745439368332,5.042434489146776,5.220128719342691,4.9375370362096485,4.9096463869409686,3.5456102357252477,0.39837940735392857,0.28011355029683344,-0.1025380021686923,0.13951322331664112,0.958028282760387,0.69371592358839
771,0.0587087087087087,4.871166487654963,5.065429127471878,5.150652389650863,5.049556819787973,5.043136189457939,5.221057138935268,4.939627985135974,4.91151423492021,3.545843757334828,0.3971525982230122,0.28042095673314876,-0.10408033825855133,0.13946109310660604,0.9571539954312204,0.6945933497221296
772,0.059109109109109104,4.870945773758853,5.065290994886759,5.150047414725165,5.050354546125841,5.043826561716591,5.221969791187797,4.941707812965727,4.913371321126756,3.5460725553668873,0.3959204885497197,0.2807271316358708,-0.10562639788180828,0.13940735808359583,0.9562726456498609,0.6954674968541004
773,0.059509509509509506,4.870710240394256,5.065136752269118,5.149424238761444,5.0511386034805925,5.0445055823433,5.222866671196061,4.943776539737577,4.915217650868744,3.546296657802509,0.394682998678093,0.28103207549038867,-0.10717628876472257,0.13935202033540595,0.9553841851218332,0.6963383582981568
774,0.05990990990990991,4.870459792884572,5.064966312330569,5.148782759879886,5.051908976610885,5.045173225899535,5.223747773934393,4.945834185459741,4.917053229229839,3.5465160941503364,0.3934400472068647,0.2813357885447804,-0.10873012033502118,0.1392950824287202,0.9544885637583699,0.6972059266283473
775,0.06031031031031031,4.870194334177233,5.064779586505426,5.148122873821951,5.052665649906297,5.045829465095172,5.224613094239709,4.947880770038211,4.918878061052368,3.5467308954239414,0.3921915510138504,0.28163827080600884,-0.11028800370863108,0.13923654739858374,0.9535857297132346,0.69807019366718
776,0.060710710710710714,4.8699137648641395,5.064576484953694,5.147444473924106,5.053408607357844,5.0464742707986,5.225462626793861,4.949916313205133,4.92069215092067,3.5469410941128934,0.39093742528314357,0.28193952203709727,-0.11185005167397521,0.13917641873664957,0.9526756294227529,0.6989311504768716
777,0.061111111111111116,4.869617983205324,5.064356916564357,5.146747451093891,5.054137832528112,5.0471076120494045,5.22629636610427,4.951940834447475,4.922495503144708,3.54714672414765,0.3896775835350628,0.2822395417552764,-0.11341637867378576,0.13911470037819665,0.9517582076489005,0.6997887873535668
778,0.06151151151151152,4.86930688515584,5.0641207889589674,5.1460316937884265,5.0548533085210705,5.04772945607355,5.227114306482832,4.953954352936126,4.9242881217439765,3.5473478208583935,0.3884119376587953,0.2825383292310895,-0.11498710078438922,0.13905139668795058,0.9508334075252731,0.7006430938245126
779,0.06191191191191192,4.868980364395854,5.0638680084955,5.14529708799546,5.055555017951601,5.04833976830103,5.2279164420230755,4.955956887455565,4.926070010431737,3.547544420927961,0.38714039794767446,0.28283588348844324,-0.1165623356924308,0.13898651244471782,0.949901170605774,0.7014940586481598
780,0.062312312312312323,4.868638312363912,5.0635984802724545,5.144543517217041,5.056242942914786,5.048938512385909,5.228702766575552,4.957948456334253,4.92784117259963,3.547736562339021,0.38586287313702383,0.28313220330558697,-0.11814220266898942,0.13892005282486103,0.9489614369158187,0.7023416698171672
781,0.06271271271271273,4.868280618293369,5.0633121081331955,5.14377086245592,5.0569170649550115,5.04952565022869,5.229473273721458,4.9599290773758895,4.929601611302692,3.5479242843156706,0.3845792704444948,0.2834272872170028,-0.11972682254105883,0.13885202338463712,0.9480141450058764,0.7031859145642646
782,0.06311311311311313,4.867907169251903,5.063008794670489,5.142979002204763,5.057577365034917,5.0501011420009165,5.2302279567444865,4.961898767791661,4.931351329244822,3.5481076272596423,0.3832894956128186,0.2837211335161848,-0.12131631766035848,0.13878243004144056,0.9470592320071414,0.7040267793709356
783,0.06351351351351353,4.867517850184124,5.0626884412312405,5.1421678124382595,5.0582238235042665,5.050664946171948,5.230966808600877,4.96385754413364,4.933090328764727,3.54828663268132,0.38199345295489023,0.2840137402592829,-0.12291081186944457,0.13871127905396483,0.946096633689125,0.704864249978864
784,0.06391391391391393,4.867112543957175,5.062350947921387,5.141337166608217,5.058856420068754,5.051217019537794,5.231689821887707,4.965805422229459,4.934818611822392,3.548461343125776,0.3806910454010935,0.2843051052695886,-0.12451043046510434,0.1386385770013405,0.9451262845189559,0.7056983114040888
785,0.06431431431431434,4.866691131409303,5.061996213610956,5.140486935641712,5.059475133758825,5.051757317251918,5.2323969888093815,4.967742417118394,4.936536179986095,3.5486318020940555,0.37938217454878187,0.28459522614283084,-0.12611530015899555,0.1385643307612701,0.944148117722168,0.7065289479538048
786,0.06471471471471474,4.866253491401316,5.061624135939233,5.139616987942374,5.060079942898551,5.052285792857906,5.2330883011423825,4.969668542989008,4.938243034420026,3.54879805395995,0.37806674071380186,0.28488410025325694,-0.1277255490355414,0.13848854748721992,0.9431620653447472,0.7073561432457357
787,0.06511511511511514,4.865799500870859,5.0612346113200575,5.138727189394886,5.060670825074601,5.052802398323885,5.233763750198233,4.9715838131184595,4.939939175872521,3.548960143882509,0.3767446429839744,0.28517172476046143,-0.1293413065070341,0.1384112345846992,0.9421680583162025,0.7081798802300036
788,0.06551551551551554,4.86532903488944,5.060827534947197,5.137817403372738,5.061247757105367,5.0533070840785745,5.234423326784738,4.973488239813627,4.9416246046649555,3.5491181177145545,0.37541577927441133,0.2854580966169317,-0.13096270326596504,0.138332399686688,0.9411660265134283,0.7090001412134106
789,0.06591591591591595,4.864841966722096,5.060402800799801,5.136887490749334,5.061810715010304,5.053799799048848,5.235067021165498,4.975381834354156,4.943299320681331,3.549272021907463,0.3740800463845678,0.28574321257627505,-0.1325898712345617,0.13825205062825718,0.9401558988251162,0.7098169078860483
790,0.06631631631631635,4.864338167889646,5.059960301647909,5.135937309912478,5.062359673979514,5.054280490698669,5.235694823017716,4.977264606937558,4.944963323358581,3.5494219034125125,0.37273734005690945,0.28602706920208604,-0.13422294351152778,0.1381701954204384,0.9391376032164648,0.7106301613501341
791,0.06671671671671675,4.86381750823339,5.059499929057994,5.134966716782307,5.0628946083436395,5.0547491050692726,5.236306721388351,4.979136566626477,4.94661661167763,3.5495678095790724,0.3713875550370776,0.2863096628774176,-0.13586205431600046,0.138086842223404,0.9381110667939511,0.7114398821509782
792,0.06711711711711715,4.863279855982179,5.05902157339854,5.133975564832713,5.063415491544116,5.055205586820453,5.2369027046486165,4.980997721298235,4.948259184155229,3.549709788049949,0.3700305851354311,0.2865909898148132,-0.13750733892872152,0.13800199931901186,0.9370762158699015,0.7122460503099743
793,0.06751751751751756,4.8627250778217395,5.058525123845611,5.132963705116299,5.063922296103824,5.055649879272798,5.2374827604468805,4.982848077596761,4.949891038836608,3.5498478866541885,0.3686663232898382,0.2868710460668568,-0.13915893363043597,0.13791567508277938,0.9360329760266163,0.7130486453595044
794,0.06791791791791796,4.86215303896612,5.05801046838843,5.131930986292897,5.0644149935982075,5.056081924450735,5.238046875660007,4.984687640887011,4.951512173288947,3.5499821532976625,0.3672946616295926,0.2871498275371969,-0.14081697563753878,0.13782787795535706,0.9349812721797955,0.7138476463796398
795,0.0683183183183183,4.861563603231158,5.057477493834928,5.130877254661683,5.064893554626882,5.056501663126227,5.238595036343169,4.986516415211977,4.953122584595721,3.550112635851749,0.36591549154032094,0.28742732999199855,-0.14248160303498322,0.13773861641355722,0.9339210286410057,0.7146430320365219
796,0.06871871871871871,4.860956633109812,5.0569260858172695,5.129802354196918,5.065357948785809,5.056909034862953,5.239127227678195,4.988334403252369,4.95472226935191,3.5502393820404503,0.36452870372975016,0.2877035490717758,-0.14415295470648223,0.137647898941024,0.9328521691789456,0.7154347806222937
797,0.06911911911911911,4.860331989849257,5.056356128797331,5.128706126587318,5.065808144640063,5.057303978060825,5.239643433920498,4.990141606289072,4.956311223660121,3.5503624393262747,0.3631341882941996,0.28797848030355744,-0.14583117026202724,0.13755573399859738,0.931774617079245,0.7162228700964574
798,0.06951951951951951,4.859689533529563,5.0557675060721285,5.127588411279079,5.0662441096972515,5.057686430000665,5.240143638344628,4.991938024168441,4.957889443127617,3.550481854795225,0.3617318347856589,0.2882521191133349,-0.14751638996276645,0.13746212999445911,0.930688295202556,0.7170072781285232
799,0.06991991991991992,4.859029123143846,5.0551600997791954,5.126449045522549,5.066665810381615,5.058056326888868,5.2406278231885395,4.993723655270529,4.95945692286429,3.550597675041229,0.36032153227931873,0.28852446083874494,-0.14920875464327218,0.13736709525413054,0.9295931260406864,0.7177879821418175
800,0.07032032032032032,4.858350616679709,5.05453379090188,5.125287864422558,5.067073212008882,5.058413603901894,5.241095969596602,4.9954984964802955,4.961013657481579,3.5507099460503717,0.3589031694414057,0.2887955007419326,-0.1509084056312568,0.13727063799039618,0.9284890317705258,0.7185649593583047
801,0.07072072072072072,4.85765387120184,5.053888459274583,5.124104700992375,5.067466278761884,5.058758195230403,5.24154805756145,4.997262543161876,4.962559641092349,3.550818713085258,0.35747663459719076,0.2890652340225464,-0.15261548466477093,0.13717276627323902,0.927375934305524,0.7193381868442895
802,0.07112112112112112,4.8569387429355935,5.0532239835879205,5.122899386211303,5.067844973667009,5.059090034122865,5.241984065864725,4.999015789135957,4.964094867311741,3.550924020569865,0.35604181579902355,0.28933365583081117,-0.1543301338069524,0.13707348799985308,0.9262537553444938,0.7201076415568493
803,0.07152152152152152,4.856205087351386,5.052540241393802,5.121671749085866,5.068209258571501,5.059409052928464,5.242403972016799,5.000758226660307,4.965619329259001,3.5510259119752257,0.35459860089425593,0.28960076128062706,-0.1560524953583777,0.1369728108648333,0.9251224164174933,0.7208733003908547
804,0.07192192192192193,4.855452759249745,5.051837109110445,5.120421616714563,5.068559094121663,5.059715183139119,5.242807752195554,5.002489846413511,4.9671330195602925,3.5511244297062925,0.35314687759290764,0.2898665454626427,-0.15778271176708666,0.13687074233060398,0.923981838928568,0.7216351402264297
805,0.07232232232232233,4.854681612846829,5.0511144620273045,5.119148814356158,5.068894439742005,5.06000835543045,5.2431953811842895,5.004210637481933,4.968635930352489,3.5512196149903223,0.35168653353494106,0.2901310034572481,-0.15952092553634903,0.1367672895981818,0.9228319441951406,0.7223931379766999
806,0.07272272272272273,4.85389150186024,5.050372174309937,5.117853165501441,5.069215253615347,5.060288499701502,5.2435668323088676,5.005920587349944,4.970128053287959,3.5513115077671253,0.3502174563569972,0.2903941303474371,-0.16126727913024727,0.13666245957834725,0.9216726534838193,0.7231472706356848
807,0.07312312312312313,4.853082279594957,5.049610119004795,5.116534491948434,5.0695214926639345,5.06055554511306,5.243922077374168,5.007619681893425,4.971609379540321,3.5514001465815084,0.34873953375846284,0.29065592123148454,-0.16302191487716416,0.13655625886331568,0.92050388804245,0.7238975153261793
808,0.07352352352352354,4.852253799029183,5.048828168043971,5.115192613880944,5.069813112531577,5.060809420124377,5.244261086599947,5.009307905376565,4.973079899811189,3.5514855684782587,0.34725265356672064,0.29091637123538794,-0.16478497487124708,0.13644869369898055,0.919325569128179,0.7246438493474749
809,0.07392392392392394,4.8514059128999545,5.048026192249883,5.113827349950427,5.07009006756686,5.061050052528132,5.244583828556211,5.01098524045195,4.974539604337873,3.5515678088999736,0.345756703801458,0.2911754755250224,-0.1665566008719599,0.13633976995782054,0.9181376180313855,0.7253862502227749
810,0.07432432432432434,4.850538473788271,5.047204061339927,5.1124385173610625,5.070352310807431,5.061277369483468,5.244890270098188,5.012651668163952,4.9759884829020375,3.551646901588075,0.34425157273789025,0.29143322931795607,-0.16833693420180595,0.1362294931125495,0.9169399560952707,0.726124695746147
811,0.07472472472472474,4.849651334203613,5.046361643931109,5.111025931957951,5.0705997939654015,5.06149129754692,5.24518037630101,5.0143071679553906,4.977426524839301,3.5517228784873027,0.34273714896877716,0.29168962789487934,-0.17012611564232716,0.1361178682105873,0.915732504730969,0.7268591640288737
812,0.07512512512512515,4.848744346667604,5.045498807544668,5.109589408318369,5.070832467413874,5.061691762701078,5.245454110394212,5.015951717677462,4.978853719049764,3.551795769654002,0.3412133214650963,0.29194466661059676,-0.17192428532848902,0.13600489984944275,0.9145151854280077,0.7275896335450491
813,0.07552552552552555,4.847817363796646,5.0446154186107,5.108128759845934,5.0710502801746244,5.061878690380828,5.245711433696143,5.017585293602894,4.98027005400943,3.5518656031684914,0.33967997963525004,0.29219834090453434,-0.1737315826415659,0.13589059215307858,0.9132879197599932,0.7283160831762772
814,0.07592592592592595,4.846870238383335,5.04371134247283,5.106643798867606,5.071253179906935,5.062052005497007,5.24595230554843,5.019207870442313,4.981675517782514,3.5519324050517898,0.3381370133826883,0.2924506463107184,-0.17554814610063926,0.13577494874934334,0.9120506293853862,0.7290384922553356
815,0.07632632632632635,4.845902823476442,5.0427864433929175,5.10513433673339,5.071441112897615,5.062211632457321,5.246176683250565,5.020819421363748,4.9830700980346,3.5519961991869815,0.3365843131618241,0.2927015784671774,-0.1773741132528326,0.1356579727485481,0.9108032360432543,0.7297568406086583
816,0.07672672672672676,4.844914972459287,5.0418405845558585,5.103600183918612,5.0716140240522,5.062357495184392,5.24638452199477,5.022419918015258,4.984453782046622,3.5520570072454736,0.3350217700321284,0.2929511331247271,-0.17920962056241788,0.13553966672325932,0.9095456615439105,0.7304711085975067
817,0.07712712712712716,4.843906539126283,5.040873628074478,5.102041150128636,5.071771856887335,5.062489517130779,5.24657577480124,5.024009330550593,4.985826556729641,3.552114848618386,0.33344927571029603,0.293199306155096,-0.1810548032989162,0.13542003268939226,0.9082778277543396,0.7311812771576975
818,0.07752752752752756,4.842877377757487,5.039885434994568,5.10045704440588,5.071914553524372,5.062607621290852,5.246750392453874,5.025587627657836,4.987188408640368,3.5521697403533112,0.33186672262037875,0.2934460935583523,-0.18290979542433386,0.13529907208866498,0.9069996565783588,0.7318873278377532
819,0.07792792792792796,4.841827343190936,5.0388758653000805,5.098847675238978,5.072042054684132,5.0627117302093865,5.24690832343664,5.02715477659095,4.988539323997413,3.5522216970966594,0.3302740039417797,0.2936914914695948,-0.18477472947968157,0.13517678577249295,0.9057110699314472,0.7325892428353586
820,0.07832832832832837,4.84075629089259,5.037844777918536,5.0972128506739205,5.072154299682887,5.062801765986765,5.2470495138706665,5.028710743204152,4.989879288698202,3.5522707310417836,0.32867101365502166,0.2939354961648739,-0.18664973647091102,0.13505317398739033,0.9044119897102113,0.7332870050320031
821,0.07872872872872877,4.839664077023693,5.0367920307266525,5.095552378427021,5.0722512264295085,5.062877650280683,5.247173907452209,5.030255491989012,4.991208288336533,3.552316851883075,0.32705764658519154,0.2941781040663082,-0.18853494575443316,0.1349282363619351,0.9031023377564632,0.7339805980256918
822,0.07912912912912912,4.838550558505367,5.035717480556269,5.09386606599952,5.072332771423802,5.062939304304246,5.247281445391599,5.031788986114191,4.992526308220704,3.552360066776195,0.325433798442987,0.29441931174636793,-0.19043048492236528,0.1348019718953754,0.9017820358159199,0.7346700061616187
823,0.07952952952952952,4.837415593080249,5.034620983200574,5.092153720793651,5.072398869755987,5.0629866488203765,5.2473720663533125,5.0333111874677146,4.993833333392188,3.5524003803045874,0.32379936586327873,0.2946591159312976,-0.19233647968765916,0.13467437894792325,0.9004510054915069,0.7353552145607061
824,0.07992992992992992,4.836259039370998,5.033502393420694,5.090415150229972,5.072449455107352,5.063019604132454,5.247445706397264,5.034822056701662,4.995129348644777,3.5524377944524104,0.3221542464411203,0.29489751350365306,-0.19425305376929847,0.13454545523279568,0.8991091681913396,0.7360362091459035
825,0.08033033033033032,4.835080756935504,5.032361564952702,5.088650161865769,5.072484459752002,5.063038090071106,5.247502298921475,5.036321553279163,4.996414338544153,3.5524723085839938,0.3204983387651454,0.29513450150392867,-0.19618032877769156,0.1344151978100596,0.8977564450713869,0.7367129766661665
826,0.08073073073073073,4.83388060631861,5.031198350515071,5.086858563514324,5.072503814559742,5.063042025977112,5.247541774606225,5.037809635523566,4.9976882874478274,3.5525039194299173,0.31883154244828377,0.2953700771312612,-0.1981184241004809,0.13428360308232382,0.8963927569729259,0.7373855047180281
827,0.08113113113113113,4.832658449100213,5.030012601816633,5.085040163364843,5.072507449000009,5.063031330680351,5.247564061359818,5.039286260669667,4.998951179525383,3.5525326210797847,0.3171537581557574,0.29560423774318706,-0.20006745678888374,0.13415066679232882,0.895018024354832,0.7380537817646886
828,0.08153153153153153,4.8314141479395625,5.028804169565104,5.0831947701028,5.072495291146875,5.063005922474777,5.247569084266077,5.04075138491683,5.000202998778954,3.552558404981743,0.3154648876303037,0.2958369808544464,-0.20202754144479546,0.13401638402246596,0.893632167220847,0.7387177971525549
829,0.08193193193193193,4.830147566615616,5.027572903476214,5.0813221930305135,5.0724672676850515,5.06296571908939,5.2475567655337105,5.042204963483896,5.0014437290638885,3.5525812599487803,0.3137648337145911,0.29606830413482077,-0.20399879010879668,0.13388074919627577,0.8922351050419166,0.7393775411251744
830,0.08233233233233234,4.8288585700633115,5.026318652283512,5.079422242187682,5.072423303916876,5.062910637655198,5.247527024447645,5.043646950665695,5.002673354109512,3.5526011721718143,0.31205350037080176,0.29629820540599877,-0.20598131214925727,0.1337437560819455,0.8908267566737537,0.7400330048345024
831,0.08273273273273274,4.827547024405619,5.025041263748898,5.077494728471667,5.0723633237702375,5.062840594668177,5.2474797773224715,5.045077299891036,5.003891857539925,3.552618125239564,0.31033079269735586,0.29652668263746723,-0.20797521415272857,0.13360539779784153,0.8894070402697867,0.7406841803494664
832,0.08313313313313314,4.826212796981244,5.02374058467394,5.075539463757272,5.072287249807401,5.0627555059482425,5.247414937458101,5.046495963781992,5.0050992228947715,3.5526321001651664,0.30859661694276436,0.29675373394142796,-0.20998059981579767,0.13346566682009112,0.8879758731896656,0.7413310606617883
833,0.08353353353353354,4.824855756367872,5.02241646091205,5.073556261015765,5.072195003234673,5.0626552865942624,5.247332415097762,5.047902894214341,5.006295433649891,3.552643075419496,0.30685088051660936,0.2969793575667412,-0.21199756983858645,0.13332455499224183,0.8865331719035212,0.7419736396890343
834,0.08393393393393395,4.823475772400839,5.021068737381571,5.0715449344329055,5.072086503912884,5.062539850935181,5.247232117388438,5.049298042378975,5.007480473237789,3.5526510269711027,0.30509349199764485,0.29720355189190967,-0.21402622182010708,0.13318205353700097,0.885078851892204,0.74261191227488
835,0.08433433433433435,4.822072716187138,5.019697258079842,5.069505299525696,5.071961670368605,5.0624091124772805,5.247113948343877,5.05068135884412,5.008654325067837,3.5526559283326766,0.30332436113903966,0.29742631541710485,-0.21606665015562765,0.13303815307006797,0.8836128275437137,0.7432458741865753
836,0.08473473473473475,4.820646460114682,5.0183018660983185,5.067437173257618,5.071820419806066,5.062262983847692,5.246977808810255,5.052052793618176,5.009816972546137,3.5526577506139305,0.30154339887077264,0.29764764675525657,-0.2181189459362679,0.13289284361605655,0.8821350120460981,0.7438755221096045
837,0.08513513513513515,4.819196877856723,5.016882403638803,5.065340374152076,5.071662668119711,5.06210137673423,5.246823596434627,5.0534122962130255,5.010968399094956,3.5526564625807455,0.2997505172992113,0.29786754462222115,-0.2201831968509971,0.1327461146265125,0.8806453172770644,0.7445008536395591
838,0.08553553553553556,4.81772384437141,5.015438712030869,5.063214722403781,5.071488329907327,5.061924201821665,5.246651205636232,5.054759815707595,5.01210858817166,3.552652030720435,0.29794562970391036,0.29808600782604744,-0.22225948709122018,0.13259795499999968,0.8791436536906031,0.7451218672712274
839,0.08593593593593596,4.816227235896392,5.013970631750533,5.061060039987803,5.071297318483689,5.061731368724555,5.246460527580792,5.056095300811516,5.013237523287061,3.55264441931294,0.2961286505316663,0.2983030352553685,-0.22434789725815585,0.13244835310426104,0.8776299302009165,0.7457385623849334
840,0.08633633633633636,4.814706929938464,5.0124780024402655,5.058876150766028,5.071089545894648,5.061522785916793,5.246251450157853,5.057418699928688,5.01435518802309,3.5526335905077526,0.29429949538789474,0.2985186258669443,-0.22644850427317298,0.13229729680041097,0.8761040540639861,0.7463509392301547
841,0.08673673673673676,4.813162805258225,5.010960662930395,5.056662880590728,5.070864922931608,5.061298360658,5.246023857961293,5.058729961220548,5.015461566049723,3.552619504406358,0.2924580810253736,0.29873277867238623,-0.22856138129128417,0.13214477346914552,0.8745659307570914,0.7469589989064609
842,0.08713713713713717,4.8115947418497225,5.009418451261997,5.054420057404983,5.070623359146298,5.061057998916966,5.245777632273056,5.060029032668883,5.016556641141069,3.552602119149936,0.29060432533043495,0.29894549272410165,-0.23068659761796936,0.13199077003893378,0.8730154638566446,0.7475627433418266
843,0.08753753753753757,4.810002620915133,5.007851204711319,5.052147511339676,5.0703647628658,5.060801605292308,5.245512651050207,5.061315862137971,5.017640397190537,3.55258139101208,0.288738147306674,0.29915676710049155,-0.23282421862951985,0.13183527301614445,0.8714525549147036,0.7481621752683771
844,0.08793793793793797,4.808386324834467,5.006258759815838,5.049845074806776,5.070089041207731,5.060529082930566,5.245228788915375,5.062590397435879,5.018712818225003,3.5525572744962437,0.28685946705626786,0.2993666008904454,-0.2349743056970609,0.13167826851706732,0.8698771033345325,0.7487572981956293
845,0.08833833833833837,4.8067457371303535,5.004640952402007,5.047512582588654,5.069796100095512,5.06024033344195,5.244925917150642,5.063852586374726,5.01977388841789,3.552529722437624,0.2849682057589894,0.29957499317717556,-0.23713691611444473,0.13151974230177366,0.8682890062456096,0.7493481163813116
846,0.08873873873873878,4.805080742427962,5.002997617614781,5.045149871923132,5.069485844273659,5.059935256813978,5.24460390369496,5.06510237682972,5.020823592101079,3.5524986861091654,0.283064285649026,0.29978194302143885,-0.23931210303016756,0.13135967980975644,0.8666881583784799,0.7499346347998396
847,0.08913913913913918,4.803391226410144,5.001328589948971,5.04275678258403,5.0691581773230014,5.059613751323269,5.244262613145138,5.066339716796786,5.021861913775578,3.5524641153313543,0.2811476299897083,0.29998744944419437,-0.2414999153834774,0.13119806619728525,0.8650744519398654,0.7505168591085442
848,0.08953953953953958,4.801677075767871,4.999633703282526,5.040333156956909,5.068813001675759,5.059275713445749,5.243901906760442,5.067564554448604,5.022888838120856,3.5524259585854576,0.2792181630462682,0.3001915114087517,-0.24370039784483366,0.13103488637640037,0.863447776488468,0.7510947956117501
849,0.08993993993993993,4.799938178146088,4.997912790911802,5.037878840109771,5.068450218630394,5.058921037765566,5.243521642470876,5.068776838188875,5.023904350002778,3.5523841631298505,0.2772758100567496,0.30039412780246183,-0.24591359076086675,0.1308701250554745,0.8618080188118844,0.7516684512228075
850,0.09034034034034033,4.7981744220851255,4.996165685588882,5.035393679858456,5.0680697283661615,5.058549616883011,5.243121674889145,5.069976516704619,5.024908434480049,3.552338675119051,0.275320497201211,0.3005952974180091,-0.24813953010397433,0.13070376678124615,0.8601550628050872,0.7522378334241937
851,0.09074074074074073,4.796385696957794,4.994392219561029,5.0328775268264705,5.067671429957275,5.058161341321766,5.242701855326359,5.071163539016361,5.025901076809117,3.552289439725079,0.2733521515693504,0.30079501893436683,-0.25037824742670767,0.13053579598224255,0.8584887893509195,0.7528029502258078
852,0.09114114114114114,4.794571892902353,4.992592224612337,5.030330234499026,5.067255221386605,5.057756099435804,5.242262031811486,5.072337854526003,5.0268822624474225,3.552236401260739,0.2713707011267146,0.30099329089747323,-0.252629769821059,0.1303661970134895,0.8568090762030615,0.7533638101215788
853,0.09154154154154154,4.79273290075153,4.990765532107636,5.027751659271026,5.066820999558839,5.057333777316293,5.241802049114557,5.073499413062234,5.027851977054981,3.5521795033044214,0.26937607467962993,0.30119011170069565,-0.2548941198827822,0.13019495420240348,0.8551157978719204,0.753920422044523
854,0.09194194194194194,4.7908686119578014,4.988911973038732,5.025141660488797,5.06636866031301,5.056894258698861,5.241321748773651,5.074648164923304,5.028810206494171,3.5521186888259986,0.2673682018390359,0.30138547956514566,-0.2571713156808492,0.1300220518957565,0.8534088255139319,0.7544727953203892
855,0.09234234234234234,4.78897891851516,4.987031378073026,5.0225001004853285,5.065898098434333,5.056437424871592,5.240820969125647,5.075784060917002,5.0297569368277175,3.5520539003133877,0.2653470129833731,0.3015793925199147,-0.2594613707321544,0.1298474745075997,0.851688026824723,0.7550209396200355
856,0.09274274274274275,4.787063712877635,4.985123577604584,5.019826844608828,5.065409207665252,5.055963154584135,5.240299545340724,5.076907052397704,5.030692154314771,3.5519850798993544,0.2633124392207136,0.3017718483822961,-0.26176429398153567,0.12967120656801864,0.8499532659366105,0.7555648649106848
857,0.09314314314314315,4.785122887874814,4.983188401807706,5.017121761244385,5.064901880715636,5.055471323958342,5.239757309460607,5.078017091300318,5.031615845405054,3.5519121694881086,0.2612644123503078,0.30196284473806334,-0.26408008978721564,0.12949323277259098,0.8482044033209225,0.75610458140621
858,0.09354354354354355,4.783156336624669,4.981225680693049,5.014384721828573,5.06437600927205,5.054961806400804,5.239194090440519,5.079114130171013,5.032527996731006,3.5518351108812514,0.2592028648237356,0.3021523789218773,-0.26640875791170776,0.12931353803242118,0.8464412956955834,0.7566400995166139
859,0.09394394394394395,4.781163952444,4.979235244166353,5.011615600856813,5.063831484006015,5.054434472517748,5.238609714194815,5.080198122194572,5.033428595097883,3.55175384590263,0.25712772970586,0.3023404479978892,-0.2687502935182578,0.12913210752460402,0.844663795938468,0.7571714297968503
860,0.09434434434434436,4.779145628756827,4.977216922089813,5.008814275883359,5.063268194581205,5.053889190032684,5.238004003646238,5.081269021218274,5.03431762747177,3.551668316521643,0.25503894063577387,0.3025270487406153,-0.271104687172848,0.1289489267429721,0.8428717530069563,0.7576985828951635
861,0.09474474474474476,4.777101259001077,4.975170544346142,5.005980627513759,5.062686029659506,5.053325823707258,5.237376778778764,5.082326781772164,5.035195080965474,3.5515784649745563,0.25293643178795144,0.30271217761615127,-0.27347192485179295,0.12876398154898644,0.8410650118641665,0.758221569501103
862,0.09514514514514516,4.775030736533964,4.973095940905353,5.003114539389677,5.062084876905866,5.052744235265749,5.236727856693958,5.083371359085607,5.036060942822245,3.551484233883374,0.25082013783380736,0.30289583076379895,-0.27585198795494037,0.1285772582226034,0.8392434134123155,0.7587404002933837
863,0.09554554554554556,4.772933954536423,4.970992941894298,5.000215898165983,5.061464622991893,5.052144283323659,5.236057051670775,5.084402709100047,5.036915200397316,3.5513855663718266,0.24868999390387553,0.3030780039781787,-0.2782448533244774,0.12838874351296944,0.8374067944336532,0.7592550858877618
864,0.09594594594594597,4.770810805917052,4.968861377668988,4.997284593480038,5.060825153598134,5.051525823320849,5.235364175228739,5.085420788477839,5.037757841137234,3.551282406178025,0.2465459355508333,0.3032586926918949,-0.28065049326930597,0.12819842468877118,0.8355549875394088,0.7597656367850955
865,0.09634634634634637,4.768661183215962,4.966701078889709,4.9943205179130965,5.060166353414977,5.050888707459675,5.234649036194382,5.086425554607119,5.038588852556958,3.5511746977633623,0.2443878987135767,0.3034378919588256,-0.28306887559495914,0.12800628958807936,0.8336878211271535,0.760272063319759
866,0.09674674674674677,4.76648497850902,4.964511876598956,4.991323566943826,5.059488106142143,5.050232784648608,5.233911440770885,5.087416965602603,5.0394082222147265,3.5510623864172106,0.2422158196825891,0.3036155964381066,-0.2854999636390092,0.12781232666751366,0.8318051193470356,0.7607743756085867
867,0.09714714714714717,4.764282083312942,4.962293602302187,4.988293638893906,5.058790294486716,5.049557900451762,5.233151192610778,5.088394980302283,5.040215937684668,3.5509454183570126,0.24002963506681596,0.3037918003788763,-0.2879437163118818,0.12761652505054993,0.8299067020772481,0.76127258350051
868,0.09754754754754758,4.762052388491737,4.960046088051395,4.985230634865746,5.058072800159674,5.048863897044842,5.232368092891612,5.089359558259941,5.041011986527187,3.550823740823361,0.2378292817622792,0.30396649760584477,-0.2904000881429941,0.12741887457479734,0.8279923849091232,0.7617666965270556
869,0.09794794794794798,4.759795784165011,4.957769166531506,4.9821344586723555,5.057335503870889,5.048150613177926,5.231561940394456,5.090310659733472,5.041796356257111,3.550697302169647,0.23561469692267334,0.304139681505755,-0.2928690293320901,0.12721936583806373,0.8260619791422317,0.7622567238538798
870,0.09834834834834838,4.75751215961866,4.955462671149565,4.979005016759432,5.056578285322575,5.047417884145589,5.2307325315851045,5.091248245668962,5.042569034309616,3.550566051945907,0.23338581793216062,0.304311345014797,-0.29535048580566853,0.12701799024301674,0.8241152917898285,0.7627426742334956
871,0.09874874874874878,4.755201403218498,4.953126436126721,4.975842218119793,5.055801023201159,5.046665541764786,5.229879660697849,5.0921722776805165,5.04333000800397,3.5504299409765108,0.23114258238061625,0.3044814806070301,-0.2978443992783231,0.12681474004027407,0.8221521255949716,0.7632245559593507
872,0.09914914914914918,4.7528634023273835,4.950760296592943,4.972645974200264,5.055003595167561,5.0458934143609735,5.229003119821654,5.093082718025837,5.0440792645051,3.550288921431301,0.2288849280415537,0.3046500802838766,-0.3003507073188422,0.12660960836971683,0.8201722790576352,0.7637023768214276
873,0.09954954954954959,4.750498043226403,4.948364088684467,4.969416198801183,5.054185877845881,5.045101326762903,5.228102698988592,5.093979529577543,5.0448167907830435,3.550142946889889,0.22661279285296027,0.30481713556473533,-0.3028693434208688,0.1264025892998492,0.8181755464730778,0.7641761440635054
874,0.09994994994994999,4.748105211040736,4.9459376496438985,4.96615280796875,5.053347746810492,5.044289100306526,5.227178186264368,5.094862675790265,5.045542573570314,3.5499919723987636,0.22432611490129814,0.3049826374787663,-0.3054002370778996,0.12619367786501337,0.8161617179817616,0.764645864342236
875,0.10035035035035039,4.745684789670753,4.943480817922934,4.962855719880415,5.0524890765715496,5.0434565528484345,5.226229367840748,5.095732120663531,5.046256599317238,3.5498359545209133,0.2220248324088928,0.3051465765578975,-0.30794331386239626,0.1259828701002678,0.8141305796310375,0.7651115436881887
876,0.10075075075075074,4.743236661729004,4.94099343328762,4.959524854723608,5.0516097405589315,5.0426034987892665,5.225256028129736,5.09658782870051,5.046958854145322,3.5496748513777145,0.21970888372494718,0.3053089428310904,-0.3104984955087496,0.12577016307374295,0.8120819134488104,0.7655731874689812
877,0.10115115115115114,4.740760708483687,4.938475336926082,4.956160134568084,5.0507096111046295,5.041729749107458,5.224257949859266,5.097429764862647,5.047649323798718,3.5495086226827937,0.21737820732042237,0.30546972581991017,-0.3130656999998023,0.12555555491627993,0.8100154975293694,0.7660308003546535
878,0.10155155155155154,4.738256809809243,4.935926371558652,4.952761483232254,5.049788559423644,5.0408351114037515,5.223234914170271,5.098257894520257,5.048327993593875,3.549337229767684,0.2150327417870134,0.30562891453542845,-0.315644841656647,0.1253390448481741,0.8079311061315445,0.7664843862853797
879,0.10195195195195195,4.735724844144697,4.933346381550259,4.949328826143859,5.0488464555933925,5.039919389956817,5.222186700714862,5.099072183399187,5.048994848367432,3.549160635599017,0.21267242584045046,0.3057864974764979,-0.31823583123135357,0.1251206332028239,0.8058285097892962,0.7669339484416684
880,0.10235235235235235,4.733164688460399,4.930735213025028,4.945862090195426,5.047883168531726,5.03898238579035,5.221113087755458,5.099872597523607,5.049649872422472,3.5489788047871316,0.2102971983283538,0.3059424626294157,-0.3208385760022966,0.12490032144711177,0.8037074754348509,0.7673794892171315
881,0.10275275275275275,4.730576218233799,4.9280927139829265,4.942361203594953,5.046898565973564,5.03802389675197,5.220013852264621,5.100659103155054,5.0502930494732245,3.5487917035859042,0.2079069982428686,0.3060967974690038,-0.32345297987169525,0.12467811219832786,0.8015677665344265,0.7678210101939433
882,0.10315315315315315,4.727959307434895,4.925418734418348,4.938826095712331,5.045892514446266,5.037043717604245,5.218888770025382,5.101431666727849,5.050924362588326,3.54859929988371,0.20550176473829296,0.30624948896111936,-0.32607894346498395,0.12445400923745657,0.7994091432365802,0.7682585121210762
883,0.10355355355355356,4.7253138285219976,4.922713126440497,4.935256696922045,5.04486487924379,5.03604164012812,5.217737615731829,5.102190254781004,5.051543794132744,3.5484015631854344,0.20308143715391924,0.3064005235666016,-0.3287163642315999,0.12422801751865482,0.7972313625331704,0.7686919948953795
884,0.10395395395395396,4.722639652448454,4.919975744395411,4.9316529384427366,5.043815524399736,5.0350174532390195,5.21656016308973,5.102934833886778,5.052151325708509,3.5481984645854285,0.20064595504229837,0.3065498872466716,-0.331365136546745,0.12400014317474423,0.7950341784328948,0.7691214575456116
885,0.10435435435435436,4.719936648680952,4.917206444989461,4.928014752174258,5.0427443126593765,5.033970943115849,5.21535618491694,5.103665370576036,5.052746938094353,3.547989976731437,0.19819525820312836,0.30669756546977356,-0.33402515181366615,0.12377039351855003,0.7928173421473127,0.7695468982194521
886,0.10475475475475476,4.717204685230023,4.914405087414152,4.924342070532886,5.041651105450793,5.03290189334313,5.214125453243365,5.104381831260558,5.0533306111844265,3.547776073779479,0.19572928672296097,0.30684354321985585,-0.3366962985659912,0.12353877703992455,0.7905806022892479,0.7699683141735644
887,0.10515515515515517,4.714443628693368,4.911571533472042,4.920634826285407,5.04053576285522,5.031810085066424,5.2128677394102185,5.105084182152517,5.053902323926209,3.547556731339712,0.19324798102092075,0.30698780500608297,-0.3393784625696073,0.12330530339829543,0.7883237050834109,0.7703857017667521
888,0.10555555555555557,4.711653344312594,4.908705647703564,4.916892952382819,5.039398143576752,5.030695297161189,5.2115828141683505,5.105772389181267,5.054462054257781,3.547331926413379,0.19075128190061338,0.30713033487395386,-0.34207152692357784,0.12306998341058772,0.7860463945890515,0.7707990564562264
889,0.10595595595595597,4.708833696043932,4.905807297514551,4.913116381794468,5.038238104911532,5.0295573064152,5.210270447775366,5.106446417907689,5.055009779044613,3.5471016373209037,0.1882391306083978,0.30727111641781146,-0.3447753721595626,0.12283282903437526,0.7837484129344113,0.7712083727970249
890,0.10635635635635637,4.7059845466435135,4.902876353304225,4.909305047343432,5.037055502716603,5.028395887724602,5.208930410091299,5.10710623343628,5.055545474016025,3.5468658436213167,0.18571146889817897,0.30741013279470525,-0.3474898763391977,0.12259385334611755,0.7814295005627043,0.7716136444445681
891,0.10675675675675678,4.703105757767724,4.899912688593425,4.905458881544041,5.035850191378563,5.027210814303622,5.20756247067259,5.107751800325207,5.056069113701508,3.546624526023168,0.1831682391028774,0.30754736673957517,-0.3502149151488673,0.12235307051435867,0.7790893964893192,0.7720148641603565
892,0.10715715715715718,4.700197190089158,4.896916180152808,4.901577816442447,5.0346220237822115,5.026001857907965,5.206166398864097,5.108383082494575,5.056580671367058,3.5463776662871203,0.18060938421271516,0.3076828005817171,-0.352950361991299,0.12211049576775904,0.7767278385699042,0.7724120238208015
893,0.10755755755755758,4.697258703428642,4.893886708130764,4.897661783461203,5.033370851279366,5.0247687890718336,5.204741963888894,5.109000043133136,5.057080118951732,3.546125247120492,0.17803484796043934,0.3078164162624763,-0.3556960880733809,0.12186614535785162,0.7743445637789207,0.7728051144291499
894,0.10795795795795798,4.694290156903787,4.890824156180764,4.893710713248842,5.0320965236580575,5.023511377358502,5.203288934935615,5.109602644603699,5.057567427004578,3.545867252064036,0.1754445749136011,0.30794819535411644,-0.35845196248962796,0.12162003651641448,0.7719393084982722,0.7731941261304504
895,0.10835835835835839,4.6912914090944735,4.8877284115878625,4.88972453553547,5.030798889112301,5.022229391624319,5.201807081243059,5.110190848347488,5.05804256462217,3.5456036653712197,0.17283851057399402,0.30807811907980875,-0.361217852300664,0.12137218740736652,0.7695118088155248,0.7735790482295408
896,0.10875875875875879,4.688262318225635,4.884599365394037,4.885703178995455,5.029477794212655,5.02092260029596,5.200296172181842,5.110764614787731,5.058505499386907,3.5453344718804187,0.17021660148432258,0.30820616833466596,-0.363993622606124,0.12112261707310827,0.767061800831201,0.7739598692119509
897,0.10915915915915919,4.68520274236768,4.881436912522057,4.881646571118278,5.028133083877817,5.01959077166073,5.1987559773328265,5.1113239032327344,5.0589561973062995,3.5450596568803303,0.16757879534218906,0.30833232370776303,-0.36677913661136996,0.12087134537523161,0.7645890209746549,0.7743365767676785
898,0.1095595595595596,4.682112539654827,4.87824095189755,4.877554638088675,5.026764601347475,5.018233674169633,5.197186266562083,5.111868671778741,5.05939462275343,3.544779205969113,0.16492504112142178,0.30845656550504774,-0.36957425568737967,0.12061839292953509,0.7620932063278663,0.774709157817708
899,0.10995995995996,4.678991568521572,4.8750113865689455,4.873427304677217,5.025372188156665,5.016851076752923,5.195586810092168,5.112398877212843,5.059820738408797,3.5444931049076027,0.16225528920080481,0.30857887377307963,-0.37237883942322564,0.1203637810353155,0.759574094956624,0.7750775985432053
900,0.1103603603603604,4.675839687957475,4.87174812382492,4.8692644941424685,5.023955684111906,5.015442749147742,5.193957378569457,5.11291447491624,5.060234505203752,3.5442013394671563,0.15956949150019695,0.3086992283234923,-0.3751927456705137,0.12010753159888489,0.7570314262483739,0.7754418844172472
901,0.1107607607607608,4.672656757780361,4.868451075309003,4.8650661281459335,5.022514927269353,5.014008462237458,5.192297743127322,5.113415418768161,5.060635882265731,3.5439038952725728,0.1568676016240466,0.3088176087581001,-0.3780158305791881,0.11984966705131173,0.754464941256078,0.775802000238979
902,0.1111611611611612,4.669442638928011,4.865120157130963,4.860832126680947,5.0210497539152685,5.012547988402226,5.19060767544494,5.113901661050706,5.061024826865484,3.5436007576406903,0.1541495750122612,0.3089339944945365,-0.380847948624123,0.11959021026037123,0.7518743830473501,0.776157930170032
903,0.11156156156156155,4.666197193768291,4.861755289974609,4.856562408016746,5.019559998549083,5.011061101880258,5.188886947801497,5.114373152354937,5.061401294366529,3.543291911415165,0.15141536909838135,0.30904836479233755,-0.38368895262190916,0.11932918443673457,0.7492594970581075,0.7765096577730816
904,0.11196196196196195,4.66292028642765,4.858356399201591,4.852256888658898,5.018045493869325,5.009547579139217,5.187135333125614,5.11482984148853,5.061765238177011,3.5429773407980587,0.14866494347496953,0.30916069877935565,-0.38653869373730226,0.11906661303441637,0.7466200314499422,0.776857166052369
905,0.11236236236236236,4.659611783137824,4.854923414950837,4.847915483327297,5.016506070762741,5.008007199257126,5.185352605039796,5.115271675385246,5.062116609704185,3.5426570291788293,0.14589826006612722,0.30927097547839755,-0.3893970214787786,0.11880251964554499,0.7439557374704168,0.7772004374960191
906,0.11276276276276276,4.656271552600462,4.8514562722331895,4.843538104952918,5.014941558296891,5.0064397443121,5.183538537899699,5.115698599016577,5.062455358311739,3.542330958961394,0.1431152833069705,0.3093791738339729,-0.3922637836827206,0.11853692788950898,0.7412663698153918,0.7775394541199662
907,0.11316316316316316,4.65289946636939,4.847954911020858,4.83912466469451,5.013351783716529,5.0048449997801585,5.181692906828097,5.116110555305816,5.062781431280126,3.5419991113898823,0.14031598032993756,0.3094852727390412,-0.3951388264857306,0.11826986129659085,0.7385516869925517,0.7778741975133145
908,0.11356356356356356,4.649495399250049,4.844419276331247,4.834675071976372,5.0117365724441,5.0032227549403325,5.1798154877433396,5.116507485044904,5.063094773770122,3.54166146637381,0.13750032115769675,0.30958925106163554,-0.39802199428466484,0.11800134318617915,0.7358114516851856,0.7782046488849105
909,0.11396396396396397,4.646059229715602,4.840849318304758,4.83018923454835,5.0100957480846455,5.0015728032862,5.1779060573822075,5.116889326814305,5.0633953287898095,3.541318002313291,0.13466827890245622,0.309691087671257,-0.40091312968396464,0.1177313965397159,0.7330454311153332,0.778530789110964
910,0.11436436436436437,4.642590840339109,4.837244992276129,4.825667058569121,5.008429132435469,4.999894942942967,5.175964393317007,5.117256016906216,5.06368303716514,3.5409686959251285,0.13181982997137742,0.309790761464896,-0.4038120734299703,0.11746004386850874,0.7302533974053076,0.7788525987834314
911,0.11476476476476477,4.639090118241019,4.8336062588388895,4.821108448713843,5.006736545500856,4.998188977089103,5.173990273966825,5.117607489251414,5.0639578375142875,3.540613522070343,0.12895495427783207,0.30988825139259485,-0.4067186643318869,0.11718730707662471,0.727435127936678,0.7791700582590382
912,0.11516516516516517,4.635556955551196,4.829933083902508,4.816513308307096,5.005017805512202,4.996454714381534,5.171983478602815,5.11794367534999,5.064219666225956,3.5402524535840385,0.12607363545811778,0.30998353648239746,-0.40963273916919396,0.11691320731903196,0.7245904057056629,0.7794831477086198
913,0.11556556556556558,4.631991249884496,4.8262254387417896,4.811881539482101,5.0032727289538546,4.994691969383285,5.169943787347504,5.118264504206282,5.064468457441785,3.5398854611082124,0.1231758610932894,0.3100765958645974,-0.4125541325853074,0.1166377648552705,0.721719019673998,0.7797918471666331
914,0.11596596596596598,4.628392904828893,4.822483300038129,4.807213043367003,5.0015011305950035,4.992900562992476,5.167870981167992,5.118569902268236,5.064704143043045,3.539512512928332,0.12026162293566622,0.31016740879515,-0.4154826769673916,0.11636099889886613,0.718820765114227,0.7800961365805592
915,0.11636636636636638,4.624761830444931,4.818706649912159,4.802507720299013,4.999702823527944,4.991080322871463,5.165764841863084,5.118859793371466,5.064926652641737,3.53913357481444,0.11733091713953864,0.31025595467813377,-0.4184182023123068,0.11608292746281786,0.715895443948395,0.7803959958599592
916,0.11676676676676678,4.621097943775269,4.814895475947425,4.797765470067037,4.997877619213033,4.989231083874876,5.1636251520443075,5.119134098688275,5.065135913576245,3.5387486098674334,0.11438374449558997,0.310342213087171,-0.42136053607872687,0.1158035672014518,0.7129428650791573,0.7806914049250071
917,0.11716716716716719,4.617401169362854,4.811049771204633,4.792986192183379,4.9960253275306545,4.987352688475301,5.1614516951108245,5.119392736681838,5.065331850911663,3.5383575783714205,0.11142011066843195,0.31042616378566695,-0.42430950302559217,0.11552293324900387,0.7099628447122115,0.7809823437541691
918,0.11756756756756759,4.613671439776196,4.807169534226114,4.7881697861848975,4.994145756840505,4.985444987185193,5.159244255218313,5.119635623065811,5.065514387444914,3.537960437652729,0.10844002643667093,0.31050778674580193,-0.42726492503711666,0.11524103905531766,0.7069552066690675,0.7812687924309005
919,0.11796796796796799,4.609908696140077,4.80325476903009,4.783316151963946,4.992238714048506,4.983507838973705,5.157002617241845,5.119862670769531,5.065683443714738,3.5375571419464023,0.10544350793482825,0.31058706216615384,-0.43022662093471264,0.11495789621906123,0.703919782689126,0.7815507311890479
920,0.11836836836836839,4.60611288866985,4.799305485094384,4.778425190129202,4.990304004681637,4.98154111167693,5.15472656673287,5.120073789909032,5.065838938016666,3.537147642270867,0.10243057689637448,0.31066397048787237,-0.43319440627629047,0.11467351431892496,0.700856412720011,0.7818281404567645
921,0.1187687687687688,4.602283977207425,4.795321697329217,4.773496802396381,4.988341432970991,4.979544682400098,5.152415889870417,5.12026888776407,5.065980786423014,3.5367318863114474,0.09940126089712713,0.31073849240932405,-0.4361680931434762,0.11438790074327049,0.6977649451951702,0.7821010008987228
922,0.1191691691691692,4.598421931756814,4.791303426038749,4.768530892008629,4.9863508019432885,4.977518437910181,5.150070373406664,5.120447868761272,5.066108902807975,3.536309818313464,0.09635559359813643,0.3108106088991233,-0.4391474899174753,0.11410106051876946,0.6946452372977115,0.7823692934563699
923,0.1195695695695696,4.59452673301702,4.787250696871048,4.763527364186177,4.984331913521175,4.975462275017387,5.147689804607045,5.120610634463606,5.066223198877838,3.5358813789854753,0.09329361498718598,0.310880301207507,-0.4421324010444336,0.11381299613856619,0.6914971552095674,0.7826329993860738
924,0.11996996996997,4.590598372909937,4.783163540756196,4.758486126604657,4.9822845686324895,4.973376100943827,5.145273971185097,5.1207570835662715,5.066323584206351,3.5354465054134123,0.09021537161791458,0.31094755087596754,-0.44512262679119147,0.11352370739057385,0.6883205743448942,0.7828921002948974
925,0.1203703703703704,4.5866368551006875,4.779041993832272,4.753407089901243,4.980208567328773,4.971259833677833,5.142822661232303,5.120887111899165,5.0664099662752395,3.5350051309860846,0.08712091684553253,0.31101233974513537,-0.4481179629926479,0.11323319118653642,0.6851153795668827,0.7831465781738763
926,0.12077077077077081,4.582642195507823,4.774886097358952,4.748290168207522,4.978103708913228,4.969113402312186,5.140335663143161,5.1210006124359175,5.066482250519845,3.534557185332743,0.08401031105803146,0.3110746499608436,-0.4511182007919448,0.11294144139250667,0.6818814653870098,0.7833964154285391
927,0.12117117117117121,4.5786144228005385,4.770695897618548,4.743135279707756,4.975969792078302,4.966936747364558,5.137812765535824,5.121097475309693,5.066540340379869,3.534102594273158,0.08088362190169072,0.3111344639783824,-0.45412312637493985,0.11264844866148446,0.6786187361458308,0.7836415949065716
928,0.12157157157157161,4.574553578880036,4.766471445804279,4.7379423472209075,4.973806615053115,4.964729821078471,5.135253757168608,5.121177587835744,5.066584137355163,3.5336412797807006,0.0777409244996468,0.31119176456493336,-0.45713252070057964,0.11235420026892307,0.6753271061745059,0.7838820999224615
929,0.12197197197197202,4.570459719341925,4.762212797895682,4.732711298804505,4.971613975760825,4.962492587703015,5.13265842685276,5.121240834540727,5.066613541066474,3.533173159958899,0.07458230166220044,0.31124653480018816,-0.46014615922894947,0.11205867995194078,0.672006499936236,0.7841179142789592
930,0.12237237237237236,4.566332913916523,4.7579200145210265,4.727442068378117,4.969391671986097,4.9602250237495955,5.130026563361862,5.121287097198812,5.0666284493210565,3.53269814903194,0.07140784408743567,0.3112987580751653,-0.4631638116489808,0.11176186775302416,0.6686568521468044,0.7843490222852146
931,0.12277277277277276,4.562173246883692,4.753593160806709,4.722134596363819,4.967139501552774,4.957927118223882,5.127357955338337,5.121316254874636,5.06662875818305,3.532216157349347,0.06821765055066253,0.3113484180892965,-0.4661852416079979,0.11146373986914045,0.665278107873512,0.7845754087715632
932,0.12317317317317317,4.557980817458856,4.749232306213609,4.7167888303408345,4.9648572625118,4.955598872831342,5.124652391197517,5.121328183972897,5.066614362048467,3.5317270914052514,0.06501182808117666,0.3113954988458072,-0.4692102064454313,0.1111642685071322,0.661870222611912,0.7847970591007697
933,0.12357357357357357,4.553755740146553,4.744837524360468,4.711404725710893,4.962544753339445,4.95324030215443,5.121909659029747,5.121322758294734,5.066585153724608,3.531230853872471,0.06179049212459026,0.3114399846454878,-0.47223845693330346,0.11086342174638994,0.6584331623395621,0.7850139591757351
934,0.12397397397397397,4.5494981450579814,4.740408892834364,4.7059822463708265,4.9602017731458465,4.950851433799825,5.1191295465011395,5.121299849100644,5.066541024513777,3.5307273436515327,0.05855376668912161,0.311481860078951,-0.4752697370262135,0.11056116340978882,0.6549669035464287,0.7852260954436079
935,0.12437437437437437,4.545208178188721,4.735946492988471,4.700521365388121,4.957828121893838,4.948432308513923,5.116311840753484,5.1212593251799285,5.06648186430104,3.530216455934986,0.05530178447390511,0.3115211100174583,-0.4783037836238624,0.11025745294393055,0.6514714332412317,0.7854334548961881
936,0.12477477477477478,4.5408860016528525,4.731450409727262,4.695022065675093,4.955423600627985,4.94598298026492,5.113456328303952,5.121201052926452,5.066407561645824,3.5296980822867505,0.05203468697756906,0.31155771960249806,-0.4813403263492548,0.10995224530978731,0.6479467489335264,0.7856360250667576
937,0.12517517517517518,4.536531793869537,4.726920731279507,4.68948434065661,4.952988011713749,4.943503516289773,5.11056279494528,5.121124896420646,5.066318003877102,3.529172110736869,0.04875262458496735,0.311591674234218,-0.48437908734606366,0.10964549088490534,0.644392858590944,0.7858337940232023
938,0.12557557557557558,4.5321457496981985,4.722357548959328,4.683908194926128,4.950521159086609,4.940993997104532,5.107631025647028,5.121030717517562,5.066213077191885,3.5286384258914247,0.04545575663010953,0.3116229595589065,-0.4874197810987013,0.10933713537828929,0.6408097805714024,0.7860267503575384
939,0.12597597597597598,4.5277280805181945,4.717760956915773,4.678293644884027,4.948022848511011,4.93845451647628,5.10466080445874,5.1209183759406365,5.066092666756741,3.5280969090574827,0.04214425143312391,0.3116515614557256,-0.4904621142790566,0.1090271197592833,0.637197543530136,0.7862148831718899
940,0.1263763763763764,4.523279014249119,4.713131051871344,4.6726407193520885,4.9454928878488165,4.935885181355434,5.101651914415653,5.1207877293811945,5.065956656812007,3.527547438382993,0.03881828630902948,0.3116774660228918,-0.4935057856238757,0.10871538020162805,0.6335561863012708,0.7863981820609868
941,0.1267767767767768,4.518798795307567,4.708467932850074,4.6669494601572605,4.9429310873371,4.933286111766651,5.098604137447803,5.12063863360317,5.065804930778379,3.5269898890113343,0.035478047546062645,0.3117006595635426,-0.49655048584708844,0.10840184804412441,0.6298857577539836,0.7865766370912577
942,0.1271771771771772,4.514287684496585,4.703771700895743,4.661219922677373,4.940337259874846,4.930657440657317,5.095517254293317,5.120470942552977,5.065637371365497,3.526424133250242,0.03212373035118287,0.31172112857154255,-0.4995958975916033,0.10808644976916053,0.626186316623267,0.7867502387766511
943,0.1275775775775776,4.509745958823669,4.6990424587809265,4.655452176341206,4.937711221318286,4.927999313702112,5.092391044416727,5.120284508474109,5.0654538606821715,3.525850040754574,0.02875553876039514,0.3117388597175274,-0.5026416954252195,0.10776910700062678,0.6224579313154928,0.786918978051373
944,0.127977977977978,4.505173911243608,4.694280310707715,4.649646305074534,4.935052790784345,4.925311889062509,5.0892252859331855,5.1200791820261795,5.065254280347828,3.5252674787226663,0.02537368551139444,0.31175383983543703,-0.5056875458854534,0.10744973652265404,0.6187006796888512,0.7870828462396083
945,0.1283783783783784,4.500571850322327,4.689485362000887,4.64380240768343,4.93236179096182,4.922595337100331,5.086019755539502,5.119854812408123,5.065038511604784,3.5246763121056297,0.021978391875992258,0.311766055909894,-0.5087331075785397,0.1071282503206924,0.6149146488091649,0.7872418350224744
946,0.1287787787787788,4.495940099818196,4.684657718794544,4.637920598165818,4.929638048429655,4.9198498400442,5.0827742284528625,5.119611247485114,5.064806435430889,3.5240764038289853,0.01856988744988414,0.3117754950647338,-0.5117780313374823,0.10680455564654659,0.6110999346813564,0.7873959364023894
947,0.1291791791791792,4.491278998177254,4.679797487713193,4.632001005941379,4.9268813939818275,4.917075591608238,5.079488478358246,5.119348333918866,5.0645579326521215,3.5234676150259796,0.015148409897076706,0.3117821445530612,-0.5148219604448191,0.10647855510900318,0.607256641957221,0.7875451426650849
948,0.1295795795795796,4.486588897939209,4.6749047755484,4.626043775989989,4.924091662958101,4.914272796562314,5.07616227736543,5.119065917300832,5.064292884054614,3.5228498052817265,0.011714204646541009,0.3117859917491957,-0.5178645309252917,0.10615014679173698,0.6033848836201499,0.7876894463395145
949,0.12997997997998,4.481870165051217,4.669979688932225,4.620049068888137,4.921268695580011,4.911441670253345,5.072795395976668,5.1187638422881205,5.064011170495708,3.5222228328878846,0.008267524538306635,0.31178702414282267,-0.5209053719140654,0.1058192244002896,0.5994847806472189,0.7878288401557435
950,0.1303803803803804,4.477123178086572,4.665022334008656,4.614017060732435,4.918412337291276,4.908582438077388,5.0693876030658735,5.1184419527413265,5.063712673013451,3.521586555105997,0.004808629416731908,0.3117852293359001,-0.523944106106159,0.10548567743992153,0.5955564616501636,0.7879633170014471
951,0.13078078078078081,4.472348327366211,4.660032816104461,4.607947942939292,4.915522439101835,4.905695334902292,5.06593866587049,5.118100091864175,5.063397272934125,3.5209408284395787,0.001337785668231053,0.3117805950425587,-0.5269803502924766,0.10514939142623642,0.5916000624955136,0.7880928698769151
952,0.13118118118118122,4.467546013980784,4.65501123940088,4.601841921909198,4.912598857934577,4.902780604441015,5.062448349996934,5.117738102344335,5.063064851977221,3.520285508913369,-0.0021447342988778818,0.31177310909250866,-0.5300137159881608,0.1048102481305673,0.5876157259053282,0.7882174918490702
953,0.13158158158158162,4.462716648711867,4.649957706607635,4.595699218544088,4.909641456973903,4.899838498575943,5.0589164194406875,5.117355826494883,5.062715292357375,3.519620452358823,-0.005638652634738507,0.3117627594383511,-0.5330438101588036,0.10446812586208554,0.5836036010397766,0.7883371760047257
954,0.13198198198198202,4.457860650851148,4.644872318640883,4.589520067606227,4.906650106014962,4.896869276634545,5.055342636621993,5.116953106396147,5.062348476882734,3.518945514704587,-0.00914368669073948,0.3117495341672437,-0.5360702360496606,0.10412289978880197,0.5795638430626437,0.788451915403521
955,0.13238238238238242,4.452978446917089,4.639755174306774,4.583304716906735,4.903624681812655,4.893873204617168,5.051726762438229,5.11652978403712,5.061964289049206,3.5182605522712884,-0.012659549726844481,0.3117334215172443,-0.5390925941232498,0.10377444229957176,0.5754966126912675,0.7885617030305051
956,0.13278278278278283,4.448070469269038,4.634606369992337,4.577053426312433,4.900565068429127,4.890850554378015,5.048068556333924,5.11608570145626,5.061562613130064,3.5175654220683215,-0.016185951685094232,0.31171440989896715,-0.5421104831100934,0.10342262340935876,0.5714020757327818,0.7886665317493182
957,0.13318318318318317,4.443137154619487,4.629425999365451,4.570766466559291,4.897471157578629,4.88780160276023,5.044367776389362,5.115620700880924,5.06114333426041,3.516859982092949,-0.019722600031307887,0.3116924879226503,-0.5451235011771949,0.10306731121006273,0.5672804026075072,0.7887663942554419
958,0.13358358358358358,4.438178942445851,4.6242141530858225,4.564444117861842,4.894342848968447,4.884726630686934,5.040624179428754,5.115134624865046,5.060706338515919,3.5161440916285804,-0.023269200665811687,0.3116676444313789,-0.5481312472183333,0.10270837236924091,0.5631317678622867,0.7888612830307652
959,0.13398398398398398,4.433196273303851,4.618970918528805,4.5580866683078325,4.89118005063461,4.8816259222096825,5.036837521148951,5.114627316424463,5.0602515129853485,3.515417611542621,-0.026825458904677045,0.3116398685405121,-0.5511333222698285,0.10234567267921407,0.5589563496747253,0.7889511902988936
960,0.13438438438438438,4.4281895870455354,4.613696379524006,4.551694412028428,4.8879826792709595,4.878499763516317,5.033007556269496,5.114098619169478,5.059778745836353,3.5146804045808144,-0.03039108053169511,0.3116091496839783,-0.5541293310545666,0.1019790776589873,0.5547543293509585,0.7890361079824015
961,0.13478478478478478,4.423159320945688,4.608390616110675,4.545267647135181,4.884750660550167,4.875348441900959,5.029134038704924,5.113548377434056,5.059287926374016,3.513932335658219,-0.03396577292158354,0.31157547766747684,-0.5571188836567065,0.10160845321150158,0.5505258908186048,0.7891160276615051
962,0.13518518518518519,4.418105907741474,4.603053704311866,4.538806673415968,4.881483929435188,4.8721722446980475,5.025216721760137,5.112976436401086,5.05877894509169,3.513173272144305,-0.037549246233851925,0.31153884272904653,-0.5601015973280813,0.10123366633887818,0.5462712201172578,0.7891909405350069
963,0.1355855855855856,4.413029773591119,4.597685715929348,4.532311789783622,4.878182430479647,4.868971458184001,5.021255358349531,5.112382642223379,5.058251693713616,3.51240308414059,-0.04114121467639703,0.31149923560728415,-0.56307709842685,0.10085458591810273,0.5419905048890937,0.7892608373838812
964,0.135985985985986,4.407931335958264,4.5922867183612714,4.525783291472973,4.87484611811548,4.86574636644942,5.017249701240564,5.111766842139816,5.0577060652289045,3.5116216447508646,-0.04474139783756174,0.31145664761709785,-0.5660450244872997,0.10047108353989105,0.5376839338710563,0.789325708537008
965,0.1363863863863864,4.402811001430373,4.586856774444653,4.519221466983084,4.871474956926309,4.862497250245063,5.0131995033224515,5.111128884586043,5.057141953916424,3.510828830340323,-0.048349522083804115,0.311411070733508,-0.5690050264185754,0.10008303441323463,0.5333516963921703,0.7893855438403924
966,0.1367867867867868,4.397669163479882,4.581395942324478,4.512626594765279,4.868068921904712,4.859224385806054,5.009104517900462,5.110468619299448,5.056559255360234,3.510024520783896,-0.05196532202022753,0.3113624976832385,-0.5719567708286479,0.09969031833822273,0.528993981877685,0.7894403326292818
967,0.1371871871871872,4.392506200178773,4.575904275351536,4.505998939659037,4.864627998691855,4.855928043657961,5.00496449901614,5.109785897417873,5.055957866455141,3.509208599701118,-0.05558854200952642,0.31131092204425503,-0.5748999424678315,0.0992928207495824,0.5246109793631055,0.7894900637039822
968,0.1375875875875876,4.387322471878175,4.57038182201067,4.499338749081757,4.861152183797559,4.852608487409402,5.000779201794037,5.109080571571467,5.055337685402045,3.5083809546772193,-0.05921893774440425,0.31125633835290195,-0.5778342467844887,0.09889043383335884,0.5202028770203491,0.789534725308983
969,0.137987987987988,4.382118318865823,4.56482862588127,4.492646248981796,4.85764148479911,4.849265972535635,4.996548382814982,5.108352495967611,5.054698611692866,3.507541477467669,-0.06285627786691801,0.3111987422186595,-0.580759412583158,0.09848305771900713,0.5157698616989782,0.7895743051163645
970,0.1383883883883884,4.376894059015976,4.559244725631737,4.485921639568618,4.854095920517073,4.845900745158861,4.992271800515996,5.107601526468246,5.054040546084616,3.5066900641859275,-0.06650034562715408,0.3111381304459263,-0.5836751947731186,0.09807060174875604,0.511312118485202,0.7896087902129604
971,0.1387887887887888,4.371649985447221,4.55363015504936,4.4791650908384595,4.850515521166125,4.842513040829667,4.987949215616967,5.1068275206591505,5.053363390562557,3.505826615472368,-0.0701509405720945,0.31107450116243857,-0.5865813771923712,0.09765298582629149,0.506829830281214,0.7896381670918048
972,0.1391891891891892,4.366386364205715,4.547984943107048,4.472376737919263,4.846900328479282,4.83910308331597,4.983580391573811,5.106030337911336,5.052667048292175,3.504951036643186,-0.07380788025402997,0.3110078539536927,-0.589477775489426,0.09723014184589836,0.5023231774077282,0.7896624216480178
973,0.1395895895895896,4.361103431991981,4.542309114068195,4.465556676265176,4.843250395803584,4.835671083404911,4.979165095057754,5.105209839433484,5.051951423559923,3.504063237818327,-0.07747100194600512,0.310938190002443,-0.5923642400415254,0.09680201520331827,0.4977923372323366,0.7896815391789163
974,0.13998998998999002,4.355801393951769,4.536602687630576,4.458704956737188,4.839565788165471,4.832217237724076,4.974703096460372,5.104365888315965,5.051216421702524,3.5031631340264737,-0.08114016434987832,0.31086551223246833,-0.5952406588845975,0.09636856638858858,0.4932374838266056,0.789695504389
975,0.14039039039039042,4.350480421552358,4.530865679110276,4.451821580614483,4.835846582304101,4.828741727588195,4.970194170423743,5.103498349565508,5.050461949025045,3.502250645286907,-0.08481524928057022,0.3107898254551909,-0.5981069606259118,0.09592977266079052,0.48865878765426385,0.7897043013992777
976,0.14079079079079082,4.345140650566639,4.525098099666013,4.444906494589741,4.8320928666707985,4.825244717878041,4.9656380963945965,5.10260709013066,5.049687912707531,3.5013256966666324,-0.08849616330771984,0.3107111365178428,-0.6009631173062802,0.09548562980371979,0.4840564152931961,0.7897079137612737
977,0.14119119119119122,4.339782179190468,4.519299956564268,4.4379595858105985,4.828304741392997,4.8217263559583845,4.961034659201825,5.101691978918087,5.04889422070051,3.5003882183117456,-0.09218283933325387,0.31062945445154083,-0.6038091471734193,0.09503615396020983,0.47943052919387186,0.7897063244758811
978,0.14159159159159163,4.334405066317679,4.513471253485155,4.430980677040956,4.824482318201013,4.818186770641735,4.956383649655729,5.1007528867988725,5.04808078160943,3.499438145452117,-0.09587523808073077,0.3105447906172985,-0.6066451173230285,0.09458138354215623,0.4747812874767737,0.7896995160168652
979,0.14199199199199203,4.329009330000616,4.507611990868618,4.423969522026729,4.820625720316054,4.814626071204868,4.951684865167696,5.099789686605636,5.047247504568317,3.4984754183797064,-0.09957334946964326,0.3104571588475869,-0.6094711461579689,0.09412138121121767,0.47010884377017,0.7896874703587091
980,0.14239239239239243,4.323594946123697,4.501722166300209,4.416925801164143,4.816735082297911,4.811044346465907,4.946938110388634,5.0988022531196435,5.046394299102924,3.497499982397431,-0.10327719384358977,0.310366575581328,-0.6122874056102706,0.09365623592368649,0.4654133470923045,0.7896701690097434
981,0.14279279279279283,4.3181618473198355,4.495801774935459,4.4098491175829695,4.812810549851109,4.807441663928345,4.942143197863996,5.097790463048637,5.045521074983852,3.4965117877410474,-0.1069868230189367,0.31027305998885085,-0.6150941230624192,0.09318606503055163,0.4606949417776717,0.7896475930492247
982,0.14319319319319324,4.312709922159647,4.489850809960877,4.40273899377309,4.808852279588083,4.803818069000014,4.937299948703413,5.0967541949947295,5.0446277420699275,3.4955107894713175,-0.1107023211153739,0.3101766340839262,-0.6178915828982172,0.09271101642106673,0.4559537674512217,0.7896197231692094
983,0.14359359359359364,4.3072390146442805,4.483869263089921,4.395594868900159,4.804860438748173,4.800173584293808,4.932408193262112,5.095693329413155,5.0437142101425945,3.4944969473374012,-0.11442380512653624,0.31007732281894657,-0.6206801276040786,0.09223127069497386,0.4511899590506324,0.7895865397207498
984,0.14399399399399399,4.30174892403399,4.477857125091095,4.388416096975758,4.8008352048716265,4.796508209017913,4.927467771831824,5.094607748561504,5.042780388731763,3.4934702256105075,-0.11815142518331513,0.3099751541591781,-0.623460158333459,0.09174704334410191,0.44640364689942,0.7895480227645478
985,0.1443943943943944,4.2962394050445845,4.471814386344997,4.381201946068758,4.7967767654275395,4.792821918462008,4.922478535337477,5.093497336439976,5.0418261869338075,3.4924305928887667,-0.12188536445808781,0.3098701591311115,-0.6262321348360724,0.09125858691917689,0.4415949568306295,0.7895041521255474
986,0.1447947947947948,4.290710168443815,4.465741037426997,4.3739515987681505,4.792685317395237,4.789114663586948,4.917440346036955,5.092361978723095,5.040851513222766,3.4913780218726216,-0.1256258386521264,0.3097623718398128,-0.6289965746440697,0.09076619315196886,0.4367640103628747,0.7894549074518867
987,0.1451951951951952,4.285160882080034,4.459637069710628,4.366664154133441,4.788561066798443,4.785386370724658,4.912353078219609,5.091201562682527,5.03985627525506,3.4903124891118336,-0.12937309500255256,0.30965182944898995,-0.6317540513948775,0.09027019499489684,0.43191092492905836,0.7894002682773635
988,0.1455955955955956,4.2795911723752935,4.4535024759873405,4.359338631397784,4.784404228192076,4.7816369413948445,4.907216618900095,5.090015977102253,5.038840379669347,3.48923397472345,-0.13312741073833548,0.30953857211732205,-0.6345051921574668,0.0897709685318831,0.42703581415818426,0.7893402140882365
989,0.145995995995996,4.274000626313658,4.44733725109651,4.351973975719868,4.780215024101702,4.777866252244571,4.902030868502681,5.0888051121856455,5.03780373188191,3.488142462083402,-0.13688909090819965,0.3094226428829378,-0.6372506736152496,0.08926893470306782,0.4221387882095661,0.7892747243928149
990,0.1463963963963964,4.268388793954971,4.441141392559759,4.344569066315912,4.775993684415698,4.774074155116841,4.896795741531881,5.087568859456109,5.036746235879037,3.4870379374897738,-0.14065846549449007,0.30930408748807564,-0.6399912169431206,0.08876456077333045,0.4172199541598762,0.7892037787954633
991,0.1467967967967968,4.262755191501723,4.434914901212137,4.337122727341201,4.771740445730762,4.770260477253587,4.891511167223846,5.086307111650626,5.035667794007566,3.485920389801541,-0.14443588571954105,0.30918295413362573,-0.6427275811998264,0.08825836145873775,0.41227941644111515,0.7891273570731331
992,0.1471971971971972,4.25709930494611,4.4286577818229,4.329633741931694,4.7674555506513645,4.766425021638546,4.886177090173764,5.085019762607282,5.034568306764574,3.4847898100523804,-0.14822171944059323,0.3090592931529534,-0.6454605550385034,0.0877508996065817,0.4073172773293335,0.7890454392551073
993,0.1475975975975976,4.251420594319367,4.422370043696737,4.322100869864536,4.763139247044718,4.762567567484053,4.880793470933121,5.083706707148052,5.033447672587888,3.483646191041054,-0.15201634551991194,0.3089331565926895,-0.6481909465183693,0.08724278630257933,0.40233363748161693,0.7889580057059437
994,0.147997997997998,4.245718498564153,4.416051701246729,4.314522869344925,4.758791787251953,4.758687870865547,4.875360286571367,5.0823678409564295,5.032305787648581,3.482489526900054,-0.15582014704470817,0.30880459768641666,-0.6509195707783864,0.08673468025300729,0.39732859651962565,0.7888650372110532
995,0.1483983983983984,4.2399924410450955,4.409702774528643,4.30689852348389,4.754413427257901,4.754785665507995,4.869877531194939,5.081003060451557,5.031142545646959,3.481319812645121,-0.15963350326018494,0.3086736702054167,-0.6536472353111239,0.08622728625844805,0.39230225365658505,0.7887665150644808
996,0.14879879879879881,4.234241835707728,4.40332328972565,4.299226672093208,4.750004425821335,4.750860663725829,4.8643452164179255,5.079612262659143,5.029957837613687,3.480137043705891,-0.16345678006452508,0.30854042766894924,-0.6563747225483143,0.08572135256131706,0.387254708365506,0.7886624211594717
997,0.14919919919919922,4.228466093890896,4.396913279572313,4.291506249489089,4.745565043568322,4.746912557518363,4.858763371776794,5.078195345080567,5.028751551717337,3.47894121544158,-0.1672903189011211,0.30840492239360273,-0.6591027694417287,0.08521766680799424,0.3821860610838628,0.7885527380807635
998,0.14959959959959962,4.222664631789008,4.390472783705143,4.283736329071391,4.741095542051354,4.742941019822862,4.853132045082288,5.076752205560215,5.027523573080554,3.4777323226417494,-0.17113442386662187,0.3082672043594808,-0.6618320436936073,0.08471705032052265,0.377096413952555,0.7884374491994314
999,0.15,4.216836878553545,4.384001848927135,4.275916175524167,4.7365961827781184,4.738945705922761,4.847451302701035,5.075282742153146,5.026273783605735,3.4765103590175026,-0.17498934683723147,0.3081273198670811,-0.6645631162558138,0.08422035032138989,0.3719858715819584,0.7883165387687683
