,Ewe_SHE,Logj1000a,Logj1000b,Logj1000c,Logj500a,Logj500b,Logj500c,Logj250a,Logj250b,Logj250c,OH_Order_overall,OH_Order_overall_std,OH_Order1000x500,OH_Order1000x500_std,OH_Order500x250,OH_Order500x250_std
0,-0.25,5.330402398997365,5.217490185902064,5.106303341267141,4.611707865150271,4.587379745322272,3.81427811109543,3.4337140181118224,3.5465857131290677,3.5380497398471284,1.2288030825176588,0.14769391383061947,1.213491832121018,0.37182179372133445,1.24590954338855,0.3960191560096221
1,-0.2495995995995996,5.33531321357571,5.222345176360312,5.1115105641284195,4.617549825079725,4.593020816962007,3.8203898849543925,3.4392359470739793,3.5525360267625237,3.5443893556920094,1.2281161638200435,0.14763675620551928,1.2122870952117337,0.37163060084800487,1.245801155950413,0.39587961055968546
2,-0.2491991991991992,5.340221740222863,5.227197315579363,5.116713250320171,4.623330489158621,4.598653090745923,3.826498217070322,3.4447518537845445,3.5584894458215732,3.550719509527619,1.227430305766817,0.14757413733499966,1.2111117025269988,0.37142503165252416,1.2456622293888608,0.39572444407799756
3,-0.2487987987987988,5.345127929550188,5.23204661940868,5.121911882095538,4.6290496440979805,4.604276881129916,3.83260359372894,3.450264113875442,3.564443794140046,3.5570399862200244,1.2267456169646265,0.1475058518454914,1.2099655903148026,0.3712048225555645,1.2454930648778753,0.39555317066845075
4,-0.2483983983983984,5.3500317286943435,5.236893101787042,5.127106915291069,4.634707682567802,4.609892563509064,3.838706488254095,3.4557749216905647,3.570396863395364,3.5633506884075756,1.226062216540381,0.14743176590436213,1.2088483797185134,0.3709698761086023,1.2452943379153796,0.3953654966496992
5,-0.247997997997998,5.354933081319837,5.241736774529472,5.132298780945066,4.640305722898651,4.615500556014553,3.844807314495838,3.4612862800298343,3.576346383259427,3.5696516390525934,1.2253802429753518,0.14735183511832026,1.2077593521568284,0.3707203058086804,1.2450671445339245,0.3951613703792377
6,-0.24759759759759759,5.359831927902446,5.246577647579018,5.137487880829702,4.645845515529172,4.621101321647298,3.8509064542905267,3.4667999493065578,3.5822901526924973,3.5759429840783943,1.2246998339787538,0.14726609468434956,1.2066974769064458,0.3704564028413997,1.2448129278713866,0.3949409540625827
7,-0.2471971971971972,5.364728206894802,5.251415728630163,5.142674586610439,4.651329356614728,4.6266953547836,3.8570042364135904,3.4723174009053013,3.588226017420092,3.5822249719355552,1.224021148408727,0.14717465479802344,1.2056614666484358,0.3701786223509625,1.2445334625240623,0.3947046107765791
8,-0.2467967967967968,5.369621854532994,5.2562510233792885,5.147859238174663,4.656760134178091,4.632283177655848,3.8631009398546254,3.4778398383605076,3.594151994542025,3.588497937301467,1.2233443350367776,0.1470777051206855,1.2046497556318911,0.3698875917266829,1.2442308128098545,0.3944529170128295
9,-0.2463963963963964,5.374512805498358,5.261083535466242,5.153042142927145,4.662141176084451,4.637865338521572,3.869196784581448,3.4833681669207976,3.600066227037163,3.59476232726184,1.2226695453374437,0.1469755025746875,1.2036605745700333,0.36958407839509505,1.2439072761696666,0.39418662895469037
10,-0.245995995995996,5.379400994280401,5.265913266339316,5.158223576364297,4.667476270427293,4.643442389030296,3.8752919431869604,3.4889029643834646,3.605967048131463,3.601018633277178,1.2219969416062935,0.14686837026217983,1.2026919471490964,0.3692689839944448,1.2435654042556452,0.39390667914720806
11,-0.2455955955955956,5.384286354314856,5.270740215532243,5.163403779640292,4.672769568571101,4.649014896016765,3.881386524677134,3.494444535099193,3.611853047842604,3.60726743314527,1.221326658570729,0.1467566919302556,1.2017417352246211,0.3689433308973715,1.2432078711562866,0.3936141623452961
12,-0.2451951951951952,5.389168819492391,5.275564380583218,5.168582959677145,4.678025537689004,4.654583420268628,3.8874805834289776,3.4999929054783627,3.6177229916269624,3.6135093318878453,1.2206588383479615,0.1466409026665322,1.200807666977799,0.3686082420079488,1.242837515953518,0.3933103089643927
13,-0.2447947947947948,5.394048323738862,5.2803857569507615,5.173761291771462,4.683248888660805,4.6601485197933075,3.8935741211833346,3.5055478262861692,3.6235759696240213,3.6197449773864356,1.2199935919689866,0.14652148371871943,1.199887368596566,0.3682649227228195,1.2424572258637843,0.3929964722767087
14,-0.2443943943943944,5.3989248025444745,5.285204338381413,5.178938916656597,4.6884445431521575,4.665710738915537,3.899667087916465,3.511108806466461,3.6294112977894333,3.6259750366580086,1.219331020346843,0.14639895600130587,1.1989783835340637,0.3679146502647921,1.2420699591165762,0.39267410966321675
15,-0.243993993993994,5.403798192618401,5.290020116643191,5.1841159435576385,4.693617552675153,4.671270602687441,3.9057593772389634,3.516675162833324,3.6352285666017967,3.6322001842366016,1.2186711950055102,0.146273871596939,1.198078215506724,0.36755875472562216,1.2416786561132156,0.39234476028854276
16,-0.2435935935935936,5.408668432414082,5.2948330819609195,5.189292450320611,4.698773010439424,4.676828612256836,3.911850840412408,3.5222459992536965,3.6410276432944344,3.63842107496951,1.218014169665633,0.14614680286587906,1.1971843651879992,0.3671985908054145,1.241286222960715,0.39201001482046777
17,-0.24319319319319319,5.413535462822491,5.299643222713254,5.194468483446484,4.703916057170594,4.682385240714387,3.917941284632756,3.52782028958867,3.6468086457170403,3.6446383703856697,1.2173599607315357,0.14601834048420922,1.1962943304267655,0.36683553868743424,1.240895489913939,0.3916715103569426
18,-0.24279279279279278,5.418399227488371,5.304450525950061,5.199644060776112,4.7090517801491005,4.687940925798951,3.924030471773532,3.5333968838182432,3.6525719542206723,3.650852671582518,1.2167085604512122,0.1458890825566255,1.195405658186462,0.36647097902512965,1.240509181209679,0.39133090068185683
19,-0.24239239239239238,5.4232596724189035,5.309254977079518,5.204819172238524,4.7141851622366815,4.69349607392355,3.9301181386156854,3.5389745477744134,3.658318184784112,3.657064569568405,1.2160599221976893,0.14575962571207773,1.1945159568424122,0.3661062726623849,1.2401298701644956,0.3909898317661703
20,-0.241991991991992,5.428116747238292,5.314056560327144,5.209993781542807,4.719321032022742,4.699051046021008,3.936203982818016,3.5445520024401937,3.6640481500474906,3.6632745888274623,1.2154139750438122,0.1456305592917921,1.1936229336058581,0.3657427522184007,1.2397599682212295,0.39064992587811453
21,-0.2415915915915916,5.432970405115146,5.318855258525962,5.215167826927132,4.724464050003443,4.7046061593137285,3.942287683328575,3.550127948933019,3.6697628786583594,3.6694832083389417,1.2147706084072654,0.14550246039233386,1.1927243908967116,0.36538171015590126,1.2394016964912404,0.39031276790303443
22,-0.2411911911911912,5.4378206026653855,5.323651053469641,5.220341225173229,4.729618617856292,4.710161691891899,3.948368890337942,3.5557010913342633,3.6754635616049867,3.675690846102067,1.214129684646371,0.14537588582299554,1.1918182725081246,0.3650243830240039,1.2390570608455718,0.38997988372459663
23,-0.2407907907907908,5.4426673009071775,5.328443925972851,5.225513869791598,4.734788845207908,4.715717867334677,3.954447246380123,3.5612701801876705,3.6811515427503463,3.6818978498213624,1.2134910332187527,0.14525136268983677,1.1909026758803414,0.36467193162365896,1.2387278258344634,0.38965271366809034
24,-0.2403903903903904,5.447510464318789,5.333233855842194,5.23068563707173,4.739978561839643,4.7212748663206066,3.960522385425245,3.566834040540099,3.686828261203815,3.6881045122701748,1.2128544551158806,0.1451293891473161,1.1899758439077337,0.3643254464647799,1.2384155332299427,0.3893326151483657
25,-0.23998998998999,5.452350062044957,5.338020822191386,5.235856385270892,4.745191226518911,4.726832821711491,3.9665939266574024,3.5723915652817064,3.692495261786533,3.6943110399731602,1.2122197302019782,0.14501042651396484,1.1890362122764304,0.36398592902736643,1.2381214646762568,0.3890208410944265
26,-0.2395895895895896,5.4571860676617625,5.342804803415429,5.2410259569104225,4.75042993248291,4.7323918141117645,3.972661505567187,3.5779417629172703,3.6981541355832768,3.700517583221682,1.211586613169407,0.1448948923247066,1.1880823956328912,0.36365427846535386,1.237846648579548,0.38871852038988475
27,-0.2391891891891892,5.46201845875351,5.347585777371687,5.246194182341981,4.7556973839445,4.737951878215479,3.9787247447897185,3.5834837672698945,3.703806516456159,3.706724221645374,1.2109548365881584,0.14478316299460034,1.1871132103909803,0.3633313006937856,1.237591841083227,0.38842666652830776
28,-0.23878878878878879,5.466847217629406,5.3523637214344895,5.251360880472523,4.760995890960696,4.7435130027803165,3.9847832904439935,3.5890168288322326,3.709454020674496,3.7129309685983243,1.210324126305876,0.1446755667951085,1.1861276610910978,0.3630176914823521,1.2373575739138714,0.3881461571792216
29,-0.23838838838838838,5.471672331053377,5.357138612672345,5.256525860195121,4.766327325242694,4.7490751284470845,3.9908367980424284,3.59454035097399,3.7150982491669655,3.7191377676342223,1.2096941939333932,0.14457238074260959,1.1851249687974288,0.36271403239009437,1.2371441067444786,0.38787772670111825
30,-0.23798798798798798,5.476493789964695,5.361910427893392,5.2616889244923,4.771693149798744,4.754638153273592,3.996884940427467,3.600053869344926,3.7207407492314157,3.725344512329597,1.2090647467106643,0.14447383273219655,1.1841045530649041,0.3624207952892837,1.2369514682304648,0.38762197231123197
31,-0.23758758758758758,5.4813115898585325,5.366679143770956,5.266849870969748,4.777094390578915,4.760201934404168,4.002927412025041,3.6055570746321037,3.726382997001506,3.7315510351110706,1.2084354893105924,0.14438009721819245,1.1830660427248867,0.3621383346416653,1.2367794477785272,0.3873793424507003
32,-0.23718718718718718,5.48612573050402,5.371444736962062,5.272008493330271,4.7825316572653325,4.765766290593389,4.008963934769482,3.6110497987291343,3.732026359684067,3.7377571235447715,1.2078061322896176,0.14429129641419297,1.182009263051774,0.3618668903306218,1.2366276277767196,0.38715014026854766
33,-0.23678678678678677,5.490936215887169,5.376207184183121,5.277164584397947,4.788005141393342,4.771331001033221,4.014994254759164,3.6165320016502993,3.737672096939897,3.7439625136184658,1.2071763972130123,0.14420750065807275,1.1809342401002405,0.36160658839971266,1.2364953896001987,0.3869345254268056
34,-0.23638638638638637,5.4957430535896705,5.380966462260612,5.2823179375362495,4.793514631540493,4.776895814078946,4.021018149522308,3.6220037808510464,3.7433213366812805,3.7501669164152953,1.2065460138726836,0.14412872893265408,1.1798411867668295,0.36135744313505264,1.2363819232932776,0.3867325160049657
35,-0.235985985985986,5.500546255503197,5.38572254829277,5.287468347863537,4.799059528524189,4.782460449291645,4.02703542861783,3.627465358209594,3.7489750528344437,3.7563699967634565,1.205914734026855,0.14405495003859867,1.1787304955528715,0.3611193607405866,1.236286264745352,0.38654399183217203
36,-0.2355855855855856,5.505345837008531,5.39047541968494,5.292615614715972,4.8046388538394025,4.788024596126935,4.0330459359279685,3.632917058229087,3.7546340679157266,3.7625714082529234,1.2052823280190805,0.14398608369339727,1.1776027350070941,0.3608921396293745,1.236207292506999,0.3863686984757899
37,-0.2351851851851852,5.510141816852695,5.395225054219626,5.297759542263735,4.810251292438816,4.793587924580481,4.039049546633878,3.638359305117929,3.760299043179313,3.7687707787573013,1.2046485910079117,0.14392200554140644,1.1764586268245603,0.3606754837467639,1.236143766565887,0.3862062612590587
38,-0.2347847847847848,5.514934217169638,5.399971430154204,5.302899941459386,4.815895196016328,4.799150084096619,4.045046175355728,3.6437926050127567,3.765970456743353,3.7749677238098727,1.2040133495965837,0.14386254616826888,1.1752990420485843,0.3604689990896039,1.2360943466268686,0.3860561828533988
39,-0.2343843843843844,5.5197230628349105,5.404714526246768,5.308036631497894,4.821568615970993,4.8047107090079875,4.051035767246138,3.6492175339728408,3.7716486288201576,3.781161854474842,1.2033764568658702,0.14380749660058154,1.1741249879027669,0.3602722060154795,1.236057596307179,0.38591785936605727
40,-0.23398398398398398,5.524508381641741,5.409454321854192,5.313169440473709,4.82726934250562,4.810269420531897,4.0570183065757215,3.6546347109713335,3.777333696282927,3.7873527863341825,1.20273780251973,0.14375661116013264,1.1729375853901283,0.3600845445205364,1.236032029644605,0.38579058796113896
41,-0.23358358358358358,5.529290203718138,5.41419079697199,5.318298207132316,4.832994921117059,4.81582583430795,4.062993810149539,3.6600448053289547,3.7830256332909853,3.7935401348399997,1.2020973075411394,0.1437096103940209,1.1717380618325495,0.35990538207262723,1.2360161081178513,0.38567357573987143
42,-0.23318318318318318,5.5340685614363725,5.418923932243662,5.323422780820936,4.838742682915018,4.821379559138001,4.06896232799673,3.665448495173936,3.7887242469270426,3.799723529004094,1.2014549315609309,0.14366618494100086,1.1705277371410894,0.3597340196799332,1.2360082715876561,0.3855659504162865
43,-0.23278278278278278,5.5388434888195786,5.423653709063418,5.328543023824985,4.844509796226132,4.826930205348809,4.074923943092297,3.6708464662188676,3.794429194552713,3.805902612440469,1.2008106688591134,0.14362600114097557,1.1693079972365839,0.3595697051237629,1.2360069595263705,0.3854667760959934
44,-0.23238238238238237,5.54361502169148,5.428380109541306,5.333658810533154,4.850293272744779,4.832477383439489,4.080878771305905,3.676239398835548,3.8001399820926016,3.8120770491443587,1.2001645502489544,0.14358870185876155,1.1680802915374364,0.35941163386759795,1.236010617813792,0.3853750555758073
45,-0.23198198198198197,5.548383197014302,5.433103116629943,5.338770029278536,4.856090022206207,4.8380207115823035,4.086826952364647,3.68162795312585,3.8058559819966558,3.8182465256876053,1.199516641808341,0.1435539143284087,1.1668461091427227,0.35925896680725294,1.2360177226605085,0.3852897522781611
46,-0.23158158158158157,5.553148052688916,5.437822714064251,5.343876582091905,4.861896868942214,4.843559816600762,4.092768657212633,3.687012747988821,3.81157644519336,3.824410754998742,1.198867045818279,0.14352125135090518,1.1656069671604927,0.35911083075143563,1.2360267956351203,0.3852097932852317
47,-0.2311811811811812,5.557909627334468,5.442538886395766,5.348978384926725,4.867710600953164,4.849094336701341,4.098704080421082,3.692394360503142,3.8173005170315317,3.83056947912399,1.198215896213919,0.1434903176457739,1.1643643904089156,0.35896633348218404,1.2360364167117803,0.3851340868802148
48,-0.2307807807807808,5.5626679597248305,5.447251619018074,5.354075368985648,4.873527970460455,4.854623926028689,4.104633436145706,3.6977733135789204,3.823027251955357,3.836722470036547,1.1975633580290002,0.14346071147916784,1.1631199112891366,0.35882456631510773,1.2360452232359964,0.3850615273157762
49,-0.2303803803803804,5.567423089003169,5.451960898206767,5.359167479667318,4.879345767393599,4.860148254316992,4.110556961492692,3.7031500615079955,3.8287556235808604,3.842869533383258,1.1969096268430461,0.14343203180683525,1.1618750342636237,0.35868461952851377,1.2360519484406987,0.3849910136075219
50,-0.22997997997998,5.572175053669537,5.45666671107586,5.364254677292289,4.885160805407186,4.86566701192104,4.116474907693469,3.708524990863019,3.834484552397536,3.849010505606483,1.1962549227523718,0.14340387909935165,1.1606312438733146,0.35854558392218616,1.236055399724225,0.3849214523680032
51,-0.22957957957957958,5.576923891969291,5.461369045598755,5.369336936479108,4.890969978433608,4.871179910647508,4.122387542472662,3.713898415328676,3.840212910176628,3.8551452576031253,1.1955994892385202,0.1433758608613099,1.1593899771823322,0.35840656312790764,1.2360544870406025,0.3848517721892174
52,-0.22917917917917918,5.581669641079336,5.466067890603275,5.374414246603013,4.8967702709470835,4.876686685130967,4.128295140077504,3.7192705626733527,3.845939547961377,3.861273692927511,1.1949435899649437,0.14334759521105894,1.1581526228454115,0.35826668067071166,1.2360482171592448,0.3847809337451817
53,-0.22877877877877878,5.586412337212428,5.47076323575161,5.379486611139077,4.902558784743744,4.882187094936985,4.134197987655899,3.724641584332783,3.8516632995030218,3.8673957482148196,1.194287505233929,0.14331871251658093,1.1569205046418352,0.358125083948056,1.2360357045600567,0.3847079335686542
54,-0.22837837837837838,5.59115201513607,5.475455071562789,5.384554047388553,4.90833276680853,4.887680925398168,4.140096374901399,3.7300115487672274,3.8573830149738,3.8735113890934647,1.1936315262669517,0.14328886057920695,1.1556948727078609,0.35798095563155263,1.2360161691190812,0.3846318183452039
55,-0.22797797797797797,5.595888708097358,5.480143389371319,5.389616585943853,4.914089612411093,4.893167989230235,4.145990594813797,3.7353804383419096,3.863097557744258,3.879620614259778,1.1929759555452453,0.14325770534681195,1.154476900722623,0.3578335146115544,1.235988939973608,0.3845516864231169
56,-0.22757757757757757,5.600622447262582,5.484828181268728,5.394674270608158,4.91982690451514,4.898648126397221,4.151880939646776,3.7407481648842515,3.8688058299000674,3.885723449326742,1.1923210981702197,0.1432249352328204,1.1532676694018182,0.35768202711218555,1.2359534556716918,0.38446669945611267
57,-0.22717717717717717,5.605353262014071,5.489509440183216,5.399727156835926,4.925542411360032,4.904121205304817,4.15776769888024,3.746114559279592,3.874506781521828,3.891819945409375,1.1916672621970161,0.14319026208085855,1.15206816744877,0.3575258076923476,1.235909263815786,0.3843760846189087
58,-0.22677677677677677,5.610081179170514,5.494187159766384,5.4047753122909326,4.931234106095594,4.909587122671516,4.163651156126256,3.7514793817156313,3.880199427734275,3.8979101789491506,1.1910147520486754,0.1431534235859437,1.1508792838590822,0.3573642253006152,1.2358560157165204,0.384279141212179
59,-0.22637637637637636,5.614806223248132,5.498861334396919,5.409818815056029,4.936900177687121,4.915045803514684,4.1695315886065885,3.7568423273658196,3.885882850948912,3.9039942467048556,1.1903638673896044,0.14311418451752778,1.1497018024552073,0.3571967064862605,1.2357934701137885,0.3841752433999258
60,-0.22597597597597596,5.619528416035521,5.503531959157506,5.4148577538384455,4.942539034910281,4.920497200464911,4.17540926043897,3.762203032830592,3.8915562226579095,3.91007226731761,1.1897148960607715,0.14307233838557143,1.1485364033392085,0.35702273938412304,1.2357214765957116,0.38406384502493984
61,-0.22557557557557556,5.62424777654922,5.508199029784901,5.419892226097861,4.948149319631076,4.925941294212828,4.181284425689704,3.767561085088484,3.897218797748566,3.916144371688795,1.1890681149909397,0.14302770804728648,1.1473836542789098,0.35684187594987665,1.2356399871517512,0.38394448042698215
62,-0.22517517517517519,5.628964320865272,5.512862542675532,5.424922338034712,4.953729907136945,4.931378092435256,4.187157323006152,3.7729160225297975,3.9028699348429274,3.922210709174399,1.1884237836929246,0.14298014698727465,1.1462440134354324,0.35665373442636317,1.23554903935534,0.3838167681843393
63,-0.22477477477477478,5.633678061978504,5.517522494786535,5.429948203571836,4.959279905491592,4.936807628315324,4.193028175458841,3.7782673511434637,3.908509093798114,3.928271437026415,1.1877821432357865,0.1429295386114705,1.14511782983415,0.35645799923410354,1.2354487536615848,0.38368040881245324
64,-0.22437437437437438,5.638389009745955,5.52217888368985,5.434969942927907,4.9647986585690145,4.9422299605694,4.198897188816239,3.7836145475279657,3.914135841412549,3.9343267225976124,1.1871434133134995,0.14287579702076797,1.1440053420942449,0.3562544227591594,1.2353393286203116,0.3835351866483621
65,-0.22397397397397398,5.643097170797679,5.526831707453586,5.439987682328569,4.970285747329143,4.9476451714367995,4.204764548811264,3.7889570717883276,3.9197498564833,3.940376739329671,1.186507788859118,0.1428188670729213,1.1429066797941163,0.3560428266169905,1.2352210321819197,0.3833809699872212
66,-0.22357357357357358,5.647802548460036,5.5314809646370175,5.445001552583073,4.975740980312939,4.953053365155033,4.210630422736039,3.7942943711686286,3.9253509281275933,3.9464216633993088,1.1858754400725033,0.14275872301228232,1.1418218671152311,0.35582309863030276,1.235094197685,0.3832177070206729
67,-0.22317317317317317,5.652505142722719,5.536126654263312,5.450011688578799,4.981164393092789,4.958454667859256,4.2164949557317914,3.799625890976538,3.930938956606215,3.952461673391233,1.1852465096183853,0.1426953687236347,1.1407508245857538,0.3555951944662321,1.2349592159758749,0.38304542653934637
68,-0.22277277277277277,5.657204950239604,5.540768775789971,5.455018227821776,4.98655623703033,4.963849224093066,4.2223582719208945,3.8049510853055373,3.9365139542914678,3.9584969445647147,1.1846211109507012,0.14262883576114424,1.139693374645754,0.3553591339351735,1.2348165256430834,0.38286423237720074
69,-0.22237237237237237,5.661901964242392,5.545407329014545,5.46002130994214,4.991916977108931,4.969237196336331,4.228220473228523,3.810269419507936,3.9420760397298085,3.964527650992188,1.1839993284868562,0.14255918321549407,1.138649243091387,0.35511500096319615,1.2346666117728353,0.3826743029220168
70,-0.22197197197197197,5.666596174670198,5.550042314114102,5.465021075621862,4.99724727641699,4.9746187630829715,4.234081639792819,3.815580382605833,3.9476254348328803,3.9705539625490434,1.183381215946852,0.14248649546594544,1.1376180664847622,0.35486293945928815,1.2345099941538709,0.3824758849342852
71,-0.22157157157157156,5.671287568195647,5.55467373154039,5.47001766544973,5.002547988199993,4.979994116435253,4.239941827228046,3.8208834904741433,3.9531624621321186,3.976576039341497,1.182766797354278,0.14241088141528993,1.136599397606846,0.3546031522234655,1.234347223304564,0.38226929138815496
72,-0.22117117117117116,5.675976128137522,5.559301582038924,5.475011219295978,5.007820143296024,4.985363460899818,4.245801071466104,3.826178295701487,3.958687536791982,3.982594036334802,1.1821560653936705,0.14233247196112112,1.1355927092407565,0.3543358955584091,1.2341788727681708,0.38205489443075097
73,-0.22077077077077076,5.680661834655822,5.563925866558773,5.480001875510268,5.013064939287316,4.990727011589203,4.251659384877937,3.831464389242552,3.9642011605051732,3.988608097033158,1.181548983891695,0.1422514191559767,1.1345974014450804,0.3540614780758178,1.2340055362400022,0.38183312307895534
74,-0.22037037037037038,5.6853446647933215,5.568546586263232,5.484989769625643,5.0182837241426235,4.9960849908729745,4.257516758613581,3.836741408970634,3.9697039149882483,3.9946183556867707,1.1809454866270084,0.14216789353762943,1.1336128089623978,0.35378025510890815,1.2338278167704564,0.3816044558962743
75,-0.21996996996996998,5.690024592618657,5.573163742467821,5.489975034165818,5.023477982235663,5.001437628605355,4.263373163002206,3.842009041171836,3.9751964529336234,4.00062493508544,1.180345479693653,0.14208208245306048,1.1326382073042636,0.3534926252149648,1.2336463249704748,0.3813694163599161
76,-0.21956956956956958,5.694701589268787,5.57777733661368,5.494957797496601,5.028649321702167,5.00678515855251,4.269228548058524,3.847267025336706,3.9806794903662266,4.006627945748861,1.1797488421940383,0.14199418808558392,1.1316728194492858,0.3531990261926497,1.233461672995343,0.38112856743228696
77,-0.21916916916916918,5.699375623070685,5.582387370234348,5.499938183078929,5.033799456775967,5.01212781709653,4.275082844846371,3.852515158199817,3.9861537963616263,4.01262748525164,1.1791554278273226,0.14190442504241776,1.1307158236262642,0.35289992999799946,1.2332744692119928,0.38088250493637416
78,-0.21876876876876877,5.704046659828943,5.586993844913051,5.504916308937714,5.038930193215942,5.017465841401584,4.280935966114975,3.8577532922849245,3.9916201867371317,4.0186236392999035,1.17856506650168,0.14181301858125583,1.1297663604294448,0.35259583859109755,1.2330853136630713,0.38063185272572747
79,-0.21836836836836837,5.7087146627350815,5.591596762274147,5.509892286945928,5.044043412771053,5.022799467776986,4.286787807072779,3.862981340187418,3.997079512067175,4.024616480811047,1.177977566278916,0.14172020243336564,1.1288235399790345,0.3522872795228532,1.2328947941841006,0.38037725672573125
80,-0.21796796796796797,5.713379592721431,5.596196123931588,5.514866222420184,5.049141056356944,5.028128929843814,4.292638248421114,3.868199272229522,4.002532647899854,4.030606070437226,1.1773927161902562,0.14162621641324774,1.1278864490533085,0.3519748001931544,1.2327034843968732,0.3801193783117078
81,-0.21756756756756757,5.718041408570395,5.600791931476143,5.519838213217154,5.0542251078052995,5.033454456727504,4.298487155538362,3.8734071186761456,4.007980486123006,4.036592455679983,1.1768102878882412,0.1415313045430084,1.1269541593904986,0.3516589640024061,1.232511937931654,0.3798588892587992
82,-0.21716716716716716,5.7227000671230845,5.605384186428118,5.524808349649764,5.05929757965929,5.038776271650714,4.304334380913389,3.8786049672168676,4.013423927287179,4.042575672234351,1.1762300378403696,0.1414357130897136,1.12602573377999,0.3513403455687492,1.2323206862662885,0.3795964663730518
83,-0.21676676676676676,5.727355523356164,5.60997289023032,5.5297767137272675,5.064360498565932,5.044094590471229,4.3101797659014185,3.883792962022323,4.018863869423042,4.048555744894436,1.1756517099030215,0.14133968860392673,1.12510023232259,0.3510195262045008,1.232130237181571,0.3793327860707119
84,-0.21636636636636636,5.732007730730125,5.614558044219817,5.534743378931831,5.06941588521202,5.049409620327286,4.316023141573456,3.888971300628939,4.024301198254406,4.054532687765283,1.1750750384742445,0.14124347566452594,1.1241767219267658,0.35069708855191034,1.2319410708268141,0.37906851829231986
85,-0.21596596596596596,5.7366566412874525,5.619139649592052,5.539708410019262,5.07446574664593,5.0547215586348155,4.321864330507314,3.8941402313662907,4.029736781778008,4.0605065049623725,1.1744997502263472,0.14114731574240677,1.1232542794116924,0.3503736137550246,1.2317536399213136,0.3788043233614392
86,-0.21556556556556555,5.741302205904629,5.623717707387756,5.544671862554336,5.079512057207517,5.0600305913393075,4.327703148925734,3.89930005113261,4.035171460361068,4.0664771914738465,1.1739255668317523,0.14105144480224316,1.1223319999872468,0.35004967572076773,1.231568366051394,0.3785408454593122
87,-0.21516516516516515,5.74594437447444,5.6282922184836615,5.549633782693619,5.084556745499063,5.065336892464527,4.333539406365296,3.904451099553417,4.040606037754391,4.072444733498588,1.1733522084613546,0.14095609216205288,1.1214090035802253,0.34972583816652275,1.2313856400093532,0.37827870955019444
88,-0.21476476476476475,5.750583096118131,5.632863183541697,5.554594207232078,5.089601684541239,5.070640622958875,4.339372909595169,3.909593756836062,4.046041278539521,4.0784091106236815,1.1727793944764038,0.14086147884909114,1.1204844381827488,0.34940265035778745,1.2312058195173416,0.3780185168901453
89,-0.21436436436436435,5.755218319401733,5.63743060303119,5.559553163310688,5.094648676654335,5.075941929822157,4.345203462963867,3.9147284383272294,4.05147789650853,4.084370296480986,1.1722068473885427,0.14076781610640304,1.1195574870166864,0.34908064332578564,1.2310292296073198,0.37776084096834356
90,-0.21396396396396397,5.759849992547506,5.641994477174845,5.564510668420105,5.099699443730645,5.0812409457469405,4.351030869373604,3.9198555899691123,4.056916550903003,4.0903282588531695,1.1716342948929626,0.14067530438893852,1.1186273727947043,0.3487603271632196,1.2308561621650933,0.3775062248163322
91,-0.21356356356356357,5.76447806366644,5.646554805954048,5.569466730385838,5.104755617518907,5.08653778827529,4.356854932698765,3.924975683337029,4.06235784453381,4.09628296136503,1.1710614711913496,0.14058413215338436,1.1176933615633062,0.3484421875903498,1.2306868744376993,0.37725517774927864
92,-0.21316316316316317,5.769102480938953,5.651111589091492,5.574421347632483,5.109818728140182,5.0918325594573615,4.362675458461356,3.930089210272199,4.067802314869825,4.10223436462697,1.170488120267382,0.14049447475859717,1.1167547680228984,0.34812668298471944,1.2305215900246085,0.37700817243016943
93,-0.21276276276276276,5.773723192803568,5.655664826032391,5.579374508871581,5.114890198763329,5.097125345603236,4.368492255251858,3.935196678879437,4.073250433678954,4.10818242706768,1.169913996711972,0.14040649389018656,1.115810957370232,0.34781424258629845,1.230360498566504,0.3767656433164394
94,-0.21236236236236236,5.778340148202554,5.660214515947386,5.5843261936393915,5.1199713356251175,5.10241621707663,4.374305136752785,3.9402986069925117,4.078702600831905,4.114127105046669,1.169338868944096,0.14032033645961428,1.1148613494105504,0.347505263303508,1.230203757970289,0.3765279836806784
95,-0.21196196196196196,5.782953296777436,5.664760657695004,5.589276372242711,5.125063322531275,5.10770522824857,4.380113921317497,3.9453955184006326,4.0841591459145326,4.1200683554298205,1.1687625191777562,0.14023613437392296,1.1139054213469357,0.34720010873737855,1.230051491222747,0.37629554517451713
96,-0.21156156156156156,5.787562589004431,5.669303249841272,5.594225006170544,5.130167216258081,5.112992417428422,4.385918434475345,3.9504879366804184,4.089620324662674,4.126006135289613,1.1681847459400359,0.14015400390779312,1.1129427090342972,0.3468991070555002,1.2299037903208698,0.3760686360779826
97,-0.21116116116116115,5.7921679764868905,5.67384229062885,5.599172048247723,5.135283941105759,5.118277807043322,4.391718509261562,3.95557638135273,4.095086318326075,4.131940402506525,1.1676053651190874,0.14007404532980736,1.1119728094388937,0.3466025497317681,1.2297607157428143,0.3758475203908657
98,-0.21076076076076075,5.796769412023053,5.678377777986912,5.604117442954844,5.1404142871037815,5.123561403983279,4.397513987137031,3.9606613625088447,4.100557233265723,4.137871116993776,1.1670242111375908,0.1399963428735306,1.1109953810644866,0.3463106908640968,1.229622298456288,0.3756324178190906
99,-0.21036036036036035,5.8013668498391455,5.682909709508781,5.609061126852821,5.145558906314284,5.128843199760153,4.40330471905479,3.9657433770224833,4.106033103628846,4.143798241353077,1.1664411372310102,0.13992096442827784,1.1100101453797602,0.34602374594575214,1.2294885389128978,0.37542350307306116
100,-0.20995995995995997,5.805960245741142,5.687438082458936,5.614003028921201,5.150718312059333,5.134123171059957,4.409090565617243,3.970822903653235,4.111513890429951,4.1497217413884915,1.165856016818958,0.13984796171978048,1.1090168870757873,0.3457418917958092,1.2293594096640237,0.37522090642718803
101,-0.20955955955955957,5.810549557278951,5.691962893754829,5.618943070994797,5.15589288044009,5.139401280277141,4.414871398442724,3.9759003994208264,4.11699948463718,4.155641586505532,1.1652687436568983,0.1397773704879021,1.1080154527622215,0.34546526645676295,1.2292348571386822,0.3750247142575846
102,-0.20915915915915917,5.815134743899591,5.696484139981863,5.6238811681245435,5.161082847348653,5.144677476056525,4.4206470998141425,3.9809762969925946,4.122489708857487,4.161557749843516,1.1646792321704598,0.13970921044085613,1.107005752495905,0.3451939688113529,1.229114800643518,0.3748349691041602
103,-0.20875875875875877,5.8197157670390816,5.701001817373615,5.62881722911238,5.166288315417831,5.149951693872098,4.426417563671698,3.9860509998486693,4.127984320465338,4.16747020950734,1.1640874176580291,0.13964348609102137,1.105987756144158,0.3449280598728472,1.2289991368548554,0.3746516719500958
104,-0.20835835835835836,5.824292590312468,5.705515921812425,5.633751156983512,5.171509250775547,5.155223856853454,4.432182695813443,3.991124881021026,4.133483016267698,4.173378947472191,1.1634932559216642,0.13958018655043766,1.1049614947088529,0.3446675621230643,1.228887737557923,0.37447478187191663
105,-0.20795795795795796,5.828865179581193,5.710026448832973,5.638682849452782,5.176745491509695,5.160493876477638,4.437942413869797,3.996198279375368,4.138985433979829,4.179283950994682,1.162896723532913,0.1395192866319982,1.103927056377419,0.34441246160743627,1.2287804546216716,0.37430421904355066
106,-0.20755755755755756,5.833433503083127,5.714533393618489,5.64361219951668,5.18199674898928,5.165761653522325,4.443696647637361,4.001271498577494,4.144491157560769,4.185185212068046,1.1622978171035834,0.13946074707815379,1.1028845856544125,0.344162708253697,1.2286771194250592,0.37413986551761147
107,-0.20715715715715716,5.837997531508998,5.719036750999998,5.6485390958277275,5.187262612912232,5.171027078769071,4.449445338929165,4.006344804573815,4.149999723204441,4.19108272733534,1.1616965525594387,0.13940451529197362,1.1018342809944681,0.34391821721431676,1.228577543963869,0.3739815673255783
108,-0.20675675675675675,5.842557238126114,5.723536515453421,5.6534634234034,5.192542558128287,5.176290034152507,4.455188441757223,4.011418424903109,4.155510621282164,4.196976498636216,1.1610929648625778,0.1393505261250897,1.1007763914364184,0.3436788705325341,1.2284815240234401,0.37382913666632656
109,-0.20635635635635635,5.847112598790664,5.728032681104273,5.6583850641031965,5.197835951072421,5.1815503932150015,4.460925921832266,4.016492547855253,4.161023303491364,4.20286653205147,1.1604871068266303,0.13929870268436056,1.099711213895057,0.34344451887054817,1.2283888396959137,0.3736823542343495
110,-0.20595595595595595,5.851663592054539,5.732525241731128,5.663303897089461,5.2031420539640045,5.186808022730351,4.466657756553768,4.021567321265385,4.166537187130872,4.208752838508482,1.1598790483499823,0.13924895697881556,1.098639090752472,0.3432149827544399,1.2282992564478576,0.37354097107145756
111,-0.20555555555555555,5.856210199207376,5.737014190757171,5.668219799487226,5.208460035023429,5.192062782989099,4.472383934784601,4.026642853183825,4.17205166043956,4.214635432940272,1.1592688752970348,0.13920119095475364,1.0975604054544839,0.3429900549893318,1.228212527671484,0.3734047114308747
112,-0.20515515515515514,5.860752404277449,5.741499521261096,5.673132646915224,5.213788974304529,5.197314529323842,4.478104456215346,4.031719211703351,4.1775660879009475,4.220514334328539,1.1586566883647564,0.1391552973364867,1.0964755796712138,0.34276950251226446,1.2281283954572142,0.3732732751785951
113,-0.20475475475475474,5.865290194116762,5.745981225977284,5.678042313939834,5.219127872109559,5.202563112715326,4.483819331086056,4.03679642568847,4.183079816073269,4.226389565212934,1.1580426017242045,0.13911116053641298,1.0953850695274217,0.34255306849430717,1.2280465919290813,0.3731463403227886
114,-0.20435435435435434,5.86982355835716,5.750459297294579,5.68294867472378,5.2244756582906815,5.2078083808116515,4.489528579835198,4.041874485262852,4.188592177557611,4.232261151348756,1.157426742130696,0.1390686576949884,1.094289361298704,0.34234047474120116,1.2279668421691603,0.3730235658651675
115,-0.20395395395395394,5.874352489467532,5.7549337272662795,5.687851603452327,5.229831198970437,5.213050179108798,4.4952322320152485,4.04695334370301,4.194102498299706,4.238129121128889,1.1568092469658333,0.13902765956187477,1.0931889685059055,0.34213142388698947,1.2278888633183107,0.3729045943300339
116,-0.20355355355355353,5.878876982697907,5.759404507604657,5.69275097485831,5.235193306037491,5.218288351584792,4.500930326552514,4.0520329183018164,4.199610100596552,4.243993505668964,1.1561902633482186,0.13898803141395752,1.0920844273539712,0.3419256014942486,1.2278123677892734,0.3727890542237791
117,-0.20315315315315316,5.883397036082314,5.763871629694128,5.697646664812284,5.24056074602945,5.223522741846058,4.506622910217968,4.057113092605478,4.20511430921664,4.249854337418001,1.1555699465807312,0.1389496341736123,1.0909762931046403,0.34172267892970687,1.2277370640317706,0.3726765631618684
118,-0.20275275275275276,5.887912650414075,5.7683350845860435,5.702538550704673,5.245932249262612,5.2287531938974645,4.512310037610336,4.06219371767749,4.21061445644653,4.255711650728932,1.1549484585475358,0.1389123253641833,1.0898651356970057,0.34152231555822055,1.2276626580314929,0.37256673045967387
119,-0.20235235235235235,5.892423829208048,5.772794863011761,5.707426511924022,5.251306516946847,5.233979552997873,4.517991770101421,4.0672746150213825,4.216109885531058,4.261565480545409,1.154325966587236,0.1388759599098306,1.0887515367780642,0.34132416095138757,1.2275888542419038,0.37245915934612756
120,-0.20195195195195195,5.896930578631188,5.777250955377181,5.712310430393696,5.2566822315307915,5.2392016664721135,4.523668175322982,4.072355578502973,4.221599955852071,4.2674158623040706,1.1537026418825849,0.13884039125024714,1.0876360850238511,0.34112785759530584,1.227515357402303,0.3723534499839268
121,-0.20155155155155155,5.901432907446919,5.781703351775466,5.7171901908336,5.262058064243874,5.244419384613076,4.529339326203291,4.077436376867955,4.227084046864733,4.273262831371693,1.153078658074554,0.138805472224082,1.0865193728025349,0.34093304320153006,1.2274418733316224,0.37224920187669863
122,-0.20115115115115115,5.905930826986406,5.786152041991975,5.722065681347012,5.267432684056562,5.249632561276434,4.535005300461032,4.082516756227343,4.232561561762944,4.279106422601211,1.1524541899929164,0.13877105598741926,1.0854019922750797,0.34073935306403036,1.227368110597276,0.37214601634197825
123,-0.20075075075075074,5.910424351007404,5.790597015501599,5.726936793640232,5.2728047648733956,5.254841054534748,4.540666179781599,4.08759644279863,4.238031930669682,4.284946669847838,1.1518294123432564,0.1387369968089403,1.0842845322027417,0.3405464221899781,1.2272937813020603,0.37204349865853575
124,-0.20035035035035034,5.914913495658466,5.795038261483951,5.73180342352244,5.278172994155312,5.260044727541341,4.546322048897528,4.092675146209117,4.243494614192615,4.290783605286669,1.151204498309662,0.13870315101011174,1.0831675742308273,0.3403538878503287,1.2272186022776643,0.37194126059818
125,-0.19994994994994994,5.91939827936045,5.7994757688179375,5.736665471105132,5.2835360796938655,5.265243448940935,4.5519729950400345,4.097752561270411,4.248949106235187,4.296617259308169,1.1505796184721875,0.1386693777105663,1.0820516898738926,0.3401613914635913,1.2271422961609497,0.3718389224060725
126,-0.19954954954954954,5.923878722723351,5.803909526101562,5.74152284120331,5.2888927572494335,5.270437093401279,4.557619107157253,4.1028283715878215,4.254394936142556,4.302447660038125,1.1499549395956246,0.13863553960585231,1.0809374372760767,0.3399685808096513,1.2270645924489931,0.37173611487138347
127,-0.19914914914914916,5.928354848415235,5.808339521644678,5.746375443561092,5.2942417974657126,5.275625542182419,4.563260475188279,4.1079022517586585,4.2598316708216615,4.30827483288782,1.1493306236934842,0.13860150374175778,1.0798253581459205,0.33977511207842304,1.2269852289418668,0.37163248136222865
128,-0.19874874874874876,5.932826681069343,5.812765743484301,5.751223193131611,5.299582011142594,5.280808683619722,4.568897189248324,4.112973870763647,4.2652589167837,4.314098800197892,1.1487068268467122,0.1385671420752708,1.0787159755788644,0.3395806515662187,1.2269039516743794,0.3715276793331642
129,-0.19834834834834836,5.937294247159842,5.8171881793866085,5.7560660102698575,5.304912256555595,5.285986413284329,4.574529339137379,4.118042893975919,4.270676321881568,4.31991958109002,1.1480836983258749,0.13853233223186898,1.0776097908783713,0.3393848776468261,1.226820516609116,0.37142138228224775
130,-0.19794794794794796,5.941757574862271,5.8216068168534845,5.760903820958286,5.31023144380431,5.291158634563141,4.5801570135536425,4.1231089862765735,4.27608357548185,4.325737190799829,1.1474613799681224,0.13849695797537384,1.0765072816952321,0.3391874822772624,1.2267346903961744,0.37131328096914595
131,-0.19754754754754755,5.946216693949806,5.826021643133645,5.765736556958697,5.315538540519062,5.296325258710602,4.5857802995262675,4.128171814387297,4.281480410036994,4.331551641138434,1.1468400051273526,0.13846090980556483,1.0754088996694064,0.33898817262311304,1.2266462507850504,0.3712030849770797
132,-0.19714714714714715,5.950671635634183,5.830432645227115,5.770564155928689,5.320832575893068,5.3014862052214085,4.591399281759371,4.1332310490800035,4.286866601083985,4.337362939515139,1.1462196983497817,0.13842408539402684,1.0743150686898282,0.33878667240543203,1.226554987881965,0.37109052380459284
133,-0.19674674674674675,5.955122432443502,5.834839809890131,5.775386561574816,5.326112644931924,5.306641401909782,4.597014042157879,4.138286367822975,4.292241967809581,4.343171089299399,1.1456005745143178,0.13838638999763644,1.0732261831396577,0.3385827231581337,1.2264607042903155,0.3709753479297316
134,-0.19634634634634635,5.959569118072115,5.839243123648224,5.780203723693076,5.331377912094763,5.311790785025713,4.602624659303852,4.143337456771605,4.297606372093905,4.348976089545519,1.1449827386087037,0.1383477368316892,1.0721426063659816,0.33837608538203084,1.2263632163464344,0.3708573297182115
135,-0.19594594594594594,5.964011727251632,5.8436425728013335,5.785015598262577,5.336627614388649,5.3169342992970945,4.608231207931906,4.148384012438227,4.302959719110688,4.354777934988786,1.1443662851703928,0.13830804740893798,1.0710646694657093,0.3381665395551861,1.2262623542922433,0.3707362642853941
136,-0.19554554554554554,5.96845029558824,5.848038143432048,5.789822147421962,5.341861063359081,5.322071897971844,4.613833758484268,4.153425744185436,4.30830195560966,4.360576615745945,1.1437512981205558,0.13826725169428838,1.0699926704742173,0.3379538868552433,1.2261579628302857,0.3706119698276959
137,-0.19514514514514514,5.972884859436112,5.852429821414395,5.794623339522781,5.347077647836845,5.327203542759485,4.6194323767666114,4.158462375277628,4.313633069469289,4.3663721176902035,1.1431378505019538,0.1382252884002578,1.0689268732585206,0.3377379499878952,1.2260499018053461,0.37048428833992914
138,-0.19474474474474474,5.977315455728129,5.856817592424024,5.799419149065517,5.352276835369411,5.332329203698924,4.625027123617085,4.163493644509821,4.3189530881061,4.372164422353975,1.1425260044323806,0.1381821050941802,1.0678675069698742,0.3375185736886911,1.2259380467174494,0.3703530858189984
139,-0.19434434434434433,5.981742121845959,5.861201441944325,5.8042095566692575,5.35745817299074,5.337448859081368,4.63061805454467,4.168519307763184,4.324262077359166,4.37795350677431,1.1419158109977683,0.13813765824934404,1.0668147658208087,0.33729562509358546,1.22582228874465,0.37021825233842565
140,-0.19394394394394393,5.986164895472539,5.865581355279173,5.808994548988175,5.362621288185026,5.3425624952397115,4.636205219470739,4.17353913889601,4.329560139622744,4.383739343939423,1.1413073103209488,0.1380919133279347,1.0657688087575103,0.3370689940775314,1.225702535254648,0.37007970218924197
141,-0.19354354354354353,5.990583814435398,5.869957317561879,5.81377411860919,5.367765889041714,5.347670106340517,4.641788662617693,4.178552930694642,4.334847411893359,4.389521902747994,1.1407005317480288,0.13804484474080655,1.0647297594204375,0.33683859333404076,1.2255787102433942,0.36993737368471924
142,-0.19314314314314313,5.994998916572343,5.874329313761499,5.818548263943935,5.3728917637711815,5.3527716941235735,4.6473684221486575,4.183560495765753,4.340124064007712,4.395301148230924,1.1400954939513244,0.1379964357834916,1.0636977065436515,0.33660435840241526,1.2254507541068709,0.36979122893970623
143,-0.19274274274274272,5.999410239582098,5.878697328699415,5.823316989054878,5.377998780395663,5.357867267633582,4.652944530230467,4.188561667036755,4.345390296348959,4.40107704171466,1.1394922052428462,0.13794667853626666,1.0626727040502773,0.3363662475411535,1.2253186241981757,0.36964125350386295
144,-0.19234234234234235,6.0038178208894175,5.883061347054337,5.828080303548669,5.383086885438627,5.3629568428811,4.658517012844395,4.193556298157183,4.350646337384576,4.406849541062245,1.1388906639583138,0.13789557369591016,1.0616547717888267,0.3361242414551585,1.225182294817904,0.3694874558538132
145,-0.19194194194194195,6.008221697497569,5.8874213533764,5.83283822231872,5.388156102275565,5.368040442489978,4.664085889856348,4.198544263801395,4.35589244163556,4.412618600975712,1.138290858711439,0.13784313034080953,1.0606438962411928,0.33587834282708967,1.2250417569615402,0.3693298666969914
146,-0.19154154154154154,6.012621905861329,5.891777332097006,5.837590765421512,5.393206529814043,5.373118095346331,4.669651174810833,4.203525459655547,4.361128887023646,4.41838417318303,1.1376927689326086,0.13778936577558482,1.0596400312744767,0.33562857603541485,1.2248970186199948,0.3691685384928231
147,-0.19114114114114114,6.01701848175718,5.896129267540378,5.842337957792107,5.3982383398016704,5.378189836180544,4.675212875189451,4.208499802437559,4.366355972375796,4.424146206809844,1.1370963652863115,0.13773430516322657,1.0586430992662366,0.33537498633315205,1.2247481044062236,0.36900354440218813
148,-0.19074074074074074,6.021411460150082,5.9004771439353565,5.847079829056159,5.4032517747416655,5.383255705187519,4.68077099238973,4.213467229574266,4.371574014676441,4.429904648511907,1.1365016103055554,0.1376779812704896,1.057652992104358,0.3351176392885565,1.224595055781342,0.36883497754128153
149,-0.19034034034034034,6.025800875070427,5.904820945427856,5.851816413275082,5.408247144536421,5.388315747525393,4.686325521809774,4.2184276989702445,4.376783346822903,4.435659443036501,1.1359084587797623,0.1376204340642901,1.056669572752904,0.3348566198541896,1.2244379301264545,0.3686629498787685
150,-0.18993993993993993,6.030186759502952,5.909160656092027,5.856547748653534,5.413224823992771,5.39337001294908,4.691876453098774,4.223381188253156,4.381984314783937,4.441410533317046,1.1353168585027484,0.1375617103949227,1.05569267627142,0.3345920315901238,1.2242768011874907,0.3684875913015262
151,-0.18953953953953953,6.034569145261126,5.913496259944262,5.861273877301901,5.418185249084551,5.398418555281551,4.697423770210712,4.228327694434386,4.3871772750377165,4.447157860952654,1.134726750787175,0.1375018635536121,1.0547221115901861,0.3343239956393622,1.2241117581810383,0.36830904841776435
152,-0.18913913913913913,6.038948062888854,5.91782774095448,5.865994844955845,5.423128913581577,5.40346143199498,4.702967451746586,4.23326723294902,4.3923625921146865,4.452901366431905,1.1341380711514604,0.13744095286029748,1.053757662925587,0.3340526496841863,1.2239429056673805,0.36812748339782136
153,-0.18873873873873873,6.043323541556488,5.9221550830593435,5.870710700662538,5.428056365109048,5.408498703728328,4.708507471068343,4.238199836934529,4.397540635901672,4.458640989531788,1.1335507499621105,0.1373790432141196,1.0527990915743073,0.33377814685605767,1.2237703629059087,0.36794307274767224
154,-0.18833833833833835,6.047695608956483,5.92647827017653,5.875421496494422,5.432968201354781,5.41353043380458,4.714043796635401,4.243125556223783,4.402711779411222,4.464376669572798,1.1329647130720104,0.1373162046366126,1.0518461375504196,0.33350065457495603,1.2235942633775125,0.3677560060542698
155,-0.18793793793793795,6.052064291220106,5.930797286217405,5.880127287244955,5.437865065736839,5.418556687748343,4.71957639225854,4.248044456339392,4.407876396337209,4.470108345854471,1.132379882470731,0.1372525117779575,1.050898521508911,0.33322035330069,1.2234147540123856,0.367566484650364
156,-0.18753753753753755,6.056429612830516,5.935112115100245,5.884828130111318,5.442747643316911,5.423577532860019,4.725105217433043,4.252956617420669,4.413034858534179,4.475835957877889,1.131796177012519,0.13718804344031177,1.049955946486453,0.33293743531733166,1.223231994786487,0.3673747203078344
157,-0.18713713713713714,6.060791596538818,5.939422740764812,5.889524084402091,5.447616656317347,5.428593037668616,4.730630227605197,4.257862133119872,4.418187534131636,4.481559445677816,1.131213512986899,0.13712288206704168,1.049018099924157,0.3326521034265709,1.2230461576697262,0.36718093387855133
158,-0.18673673673673674,6.065150263299004,5.943729147185413,5.894215211188221,5.45247285985333,5.433603271567093,4.736151374562034,4.262761109286613,4.423334785268101,4.487278750114448,1.1306318048254465,0.13705711326499373,1.0480846554328782,0.3323645696811653,1.2228574261501008,0.3669853539913297
159,-0.18633633633633634,6.069505632201137,5.948031318386249,5.898901573030698,5.457317037178202,5.438608304279754,4.741668606733061,4.2676536628330055,4.428476966128396,4.492993813227132,1.1300509657034576,0.136990825267414,1.0471552749353559,0.33207505400321746,1.2226659941142741,0.366788215632886
160,-0.18593593593593594,6.073857720403991,5.952329238453963,5.903583233620289,5.462149995296509,5.44360820548038,4.7471818695941765,4.272539920489883,4.433614421062077,4.498704578409253,1.1294709081640968,0.1369241084396941,1.046229610481193,0.33178378288266197,1.222472065141269,0.366589758815898
161,-0.18553553553553553,6.078206543098992,5.956622891553503,5.908260257490632,5.466972560305511,5.4486030443461875,4.752691105980086,4.277420017429609,4.438747483051059,4.504410990714507,1.1288915446896794,0.13685705477849908,1.0453073063077851,0.33149098803946797,1.2222758514094492,0.3663902272611702
162,-0.18513513513513513,6.082552113446133,5.960912261941,5.9129327097047755,5.471785573062768,5.453592889131387,4.758196256480771,4.282294096003458,4.443876471804704,4.510112997078668,1.1283127883369193,0.1367897574264276,1.0443880006773072,0.33119690513050487,1.2220775729891225,0.36618986710150686
163,-0.18473473473473473,6.086894442549112,5.96519733397948,5.917600655534664,5.4765898842473435,5.458577806813747,4.7636972597974445,4.28716230459096,4.4490016926626055,4.5158105465724,1.1277345531602398,0.13672231014016095,1.0434713279935108,0.33090177235618967,1.221877456373812,0.3659889254972392
164,-0.18433433433433433,6.091233539418556,5.969478092152803,5.922264160173265,5.481386350344841,5.463557862679845,4.769194053154284,4.292024796118879,4.454123434947313,4.521503590561569,1.1271567548630663,0.1366548068538106,1.0425569205052574,0.33060582924474885,1.2216757339559312,0.3657876494701156
165,-0.18393393393393392,6.095569410946601,5.973754521079597,5.92692328842178,5.486175828867913,5.468533119990732,4.774686572564998,4.296881726965999,4.459241971133199,4.527192082911612,1.1265793111574467,0.1365873411819303,1.041644410384878,0.33030931534748476,1.2214726424661497,0.36558628462710213
166,-0.18353353353353352,6.099902061889574,5.978026605527867,5.931578104421004,5.4909591743334705,5.473503639668749,4.780174753319526,4.301733255676068,4.4643575556276875,4.532875980115981,1.1260021422844737,0.13652000597713518,1.0407334313722738,0.33001246901815057,1.2212684222383874,0.3653850739895747
167,-0.18313313313313312,6.104231494855586,5.982294330429868,5.936228671352489,5.495737233887997,5.478469479938345,4.785658530252059,4.306579541803705,4.469470424051867,4.538555241519638,1.1254251713611667,0.13645289288261267,1.0398236206908378,0.32971552620547845,1.2210633158036894,0.36518425684958083
168,-0.18273273273273272,6.108557710300383,5.986557680895869,5.940875051167497,5.500510843295234,5.48343069607397,4.791137838120378,4.3114207446749795,4.474580792410983,4.544229829341587,1.124848324825469,0.13638609191618997,1.038914620712564,0.32941871930664296,1.2208575669720574,0.3649840676870821
169,-0.18233233233233231,6.11288070652872,5.990816642228224,5.945517304341571,5.505280823012189,5.488387340117108,4.796612611921773,4.316257022390931,4.479688856662623,4.549899708812009,1.1242715327107904,0.13631969106386313,1.0380060806403448,0.3291222760662684,1.2206514195341784,0.36478473513568854
170,-0.1819319319319319,6.117200479700856,5.995071199935262,5.950155489588129,5.510047974372363,5.493339460658261,4.802082787269144,4.32108853071934,4.4847947922433935,4.55556484825451,1.1236947289593597,0.13625377589028367,1.037097658066941,0.32882641849499666,1.2204451161831178,0.3645864809803298
171,-0.1815315315315315,6.121517023847463,5.99932133974569,5.954789663654407,5.514813076063861,5.49828710259864,4.807548300630592,4.325915422114371,4.489898753809855,4.561225219139093,1.1231178516830058,0.1361884291914595,1.0361890205124413,0.32853136191284915,1.2202388973487335,0.3643895192857168
172,-0.18113113113113113,6.125830330890239,6.00356704762167,5.95941988107183,5.5195768806178975,5.503230306964181,4.813009089688251,4.330737844802217,4.495000875104774,4.566880796100949,1.1225408433756898,0.1361237306352845,1.0352798468591877,0.3282373139602531,1.2200330000444874,0.36419405548339523
173,-0.18073073073073073,6.130140390666224,6.00780830977216,5.964046193929067,5.524340111313651,5.50816911074524,4.818465093583515,4.335555941920497,4.500101268972594,4.572531556969996,1.1219636510799087,0.13605975646386073,1.0343698286480205,0.3279444737647554,1.2198276567715414,0.3640002856295095
174,-0.18033033033033033,6.134447190960201,6.012045112666022,5.968668651700123,5.529103459134501,5.513103546760925,4.823916253184362,4.3403698506535475,4.50520002746492,4.57817748275898,1.1213862265572163,0.13599657919980948,1.0334586713583516,0.32765303111516253,1.2196230944496307,0.3638083956773365
175,-0.17992992992992993,6.138750717540253,6.016277443045316,5.9732873010218075,5.5338675799227985,5.518033643526234,4.8293625113574485,4.345179701654485,4.510297222162529,4.583818557638663,1.1208085263302485,0.1359342673599449,1.0325460955717833,0.32736316568663576,1.2194195332059943,0.36361856077025345
176,-0.17952952952952952,6.143050954203476,6.02050528793712,5.9779021855341705,5.538633091929177,5.522959425189512,4.834803813155846,4.34998561824163,4.515392904426988,4.589454768895292,1.120230511813609,0.1358728852404438,1.031631837993826,0.3270750464094551,1.2192171855109748,0.36343094472154835
177,-0.17912912912912912,6.147347882817766,6.024728634665978,5.982513345716553,5.543400573377118,5.527880911451626,4.840240106053885,4.354787715891309,4.5204871059680585,4.59508610685472,1.1196521493060745,0.13581249267886308,1.030715652451811,0.32678883081770965,1.219016255046606,0.3632456994415924
178,-0.17872872872872872,6.151641483379294,6.028947470865822,5.987120818735163,5.548170560542085,5.532798117513476,4.845671340123858,4.359586101787684,4.52557983941176,4.600712564823966,1.119073409968347,0.13575314487820575,1.0297973106823275,0.3265046645515329,1.218816935779742,0.3630629645238959
179,-0.17832832832832834,6.155931734063588,6.033161784491163,5.991724638314965,5.552943545786727,5.537711054091541,4.85109746820358,4.364380874295482,4.530671098903088,4.606334139011363,1.1184942698199352,0.1356948922376509,1.0288766031196719,0.3262226808663173,1.21861941107456,0.36288286685259163
180,-0.17792792792792794,6.160218611291371,6.037371563827626,5.996324834620982,5.557719976023278,5.542619727393123,4.856518446037951,4.3691721226905225,4.535760860980837,4.611950828378881,1.1179147096303566,0.13563778021104564,1.0279533395292715,0.3259430002448122,1.2184238527545252,0.3627055202852356
181,-0.17752752752752754,6.164502089788007,6.041576797503513,6.000921434157876,5.562500251356719,5.547524139169234,4.861934232406704,4.373959926831505,4.540849085285018,4.6175626345404455,1.117334714854353,0.1355818491965359,1.0270273495346514,0.3256657300718795,1.2182304203764611,0.3625310254131249
182,-0.17712712712712714,6.168782142656832,6.04577747449845,6.005514459673566,5.567284724033994,5.552424286747194,4.867344789231442,4.37874435699723,4.545935715562212,4.623169561661204,1.1167542754594626,0.1355271344495971,1.0260984830294957,0.32539096438525056,1.2180392604051125,0.3623594693880649
183,-0.17672672672672673,6.17305874144636,6.049973584154199,6.010103930101793,5.572073697584988,5.557320163114067,4.87275008165453,4.383525473712309,4.5510206805292865,4.628771616269357,1.1161733858174079,0.135473666020033,1.025166610507247,0.32511878368979263,1.217850505614938,0.36219092580777723
184,-0.17632632632632633,6.177331856228739,6.0541651161820305,6.014689860488848,5.576867426247023,5.562211756998749,4.878150078085607,4.388303327699516,4.556103895007638,4.634368807121707,1.115592044485534,0.13542146871733796,1.0242316232722304,0.32484925485211047,1.2176642743914843,0.36202545468043973
185,-0.17592592592592593,6.181601455675297,6.0583520606729,6.019272261968771,5.581666114579452,5.567099052998083,4.883544750266429,4.3930779599049155,4.561185260869494,4.639961145039045,1.1150102540325806,0.13537056208819817,1.0232934335570019,0.3245824310347848,1.2174806702313932,0.3618631024149609
186,-0.17552552552552553,6.1858675071376386,6.062534408103739,6.023851141725395,5.586469917440947,5.57198203167672,4.8889340732788105,4.397849401523193,4.566264668209384,4.6455486427579125,1.1144280208027968,0.13532096043716807,1.0223519745059628,0.3243183517335149,1.2172997812612825,0.3617039019266187
187,-0.17512512512512513,6.190129976729997,6.066712149345723,6.028426502982466,5.591278940067803,5.5768606697422625,4.894318025540113,4.4026176741348015,4.57134199642892,4.65113131472839,1.1138453546933662,0.13527267285571953,1.0214072000980714,0.32405704285506864,1.2171216798528517,0.3615478727619079
188,-0.17472472472472472,6.194388829413865,6.070885275670422,6.032998345006592,5.596093238394827,5.581734940183814,4.8996965888000075,4.407382789888741,4.576417115420167,4.656709176973243,1.1132622688851213,0.1352257032695388,1.0204590849802797,0.32379851683939037,1.216946422238826,0.36139502127257944
189,-0.17432432432432432,6.198644029084842,6.075053778755782,6.03756666312488,5.600912819716469,5.586604812450578,4.905069748082343,4.412144751732141,4.581489886661539,4.662282246865642,1.11267877960396,0.1351800505248727,1.0195076241591459,0.3235427728900928,1.216774048352363,0.36124534088474963
190,-0.17392392392392392,6.202895538659397,6.079217650691736,6.042131448754209,5.605737643443957,5.591470252643802,4.910437491655238,4.416903553690414,4.586560164434783,4.667850542977731,1.1120949058268605,0.13513570847878315,1.0185528326343596,0.32328979721349854,1.216604581614058,0.3610988123801335
191,-0.17352352352352352,6.207143320163356,6.083376883984371,6.0466926894455835,5.610567622125241,5.5963312237067235,4.915799810938661,4.4216591812257136,4.591627796950095,4.673414084878157,1.1115106690055465,0.13509266611654114,1.01759474494821,0.32303956334229983,1.216438028850231,0.3609554042452839
192,-0.1731231231231231,6.211387334822589,6.087531471560646,6.051250368943006,5.61540262259747,5.601187685638352,4.921156700432024,4.4264116115287715,4.596692627514656,4.678972892975522,1.110926092787815,0.13505090768490585,1.0166334146619351,0.3227920324822715,1.2162743802879503,0.3608150730596722
193,-0.1727227227227227,6.215627543152928,6.091681406771183,6.0558044672472295,5.620242467388437,5.60603959570744,4.926508157601543,4.431160813999644,4.601754495654545,4.6845269882972564,1.1103412027196753,0.13501041284139864,1.0156689137370785,0.32254715393148375,1.216113609615573,0.3606777639216566
194,-0.1723223223223223,6.219863905050035,6.095826683392982,6.060354960704182,5.62508693627684,5.610886908681238,4.9318541827755595,4.4359067506624505,4.606813238224576,4.690076392346382,1.1097560259522876,0.134971156823701,1.0147013318446882,0.3223048655315558,1.215955674134052,0.3605434109251284
195,-0.1719219219219219,6.2240963798802085,6.099967295631671,6.064901822093382,5.629935768010454,5.6157295770533615,4.937194779002724,4.4406493766108275,4.611868690493942,4.695621126909657,1.1091705909581477,0.13493311063549135,1.0137307756196463,0.3220650941695225,1.2158005149891289,0.3604119376755848
196,-0.1715215215215215,6.228324926570803,6.1041032381222635,6.069445020736123,5.6347886621471615,5.620567551285216,4.942529951916746,4.4453886405241105,4.616920687201867,4.7011612138878895,1.1085849272358248,0.134896241239263,1.0127573678575164,0.3218277563045852,1.2156480574435091,0.3602832578217915
197,-0.1711211211211211,6.232549503699783,6.108234505929972,6.073984522603408,5.639645281050462,5.625400780040493,4.947859709595571,4.4501244851607415,4.621969063574732,4.7066966751267065,1.1079990650278504,0.1348605117648789,1.0117812466456566,0.32159275852957747,1.2154982112503303,0.36015727562298133
198,-0.1707207207207207,6.236770069585055,6.112361094549992,6.078520290449956,5.644505252032853,5.630229210431373,4.953184062382092,4.454856847884651,4.627013656269628,4.712227532244752,1.107413035054009,0.1348258817357607,1.0108025644500953,0.32135999818321065,1.2153508711086525,0.36003388656049057
199,-0.17032032032032032,6.2409865823714785,6.116482999906485,6.083052283940042,5.649368169596219,5.6350527882689345,4.95850302272365,4.459585661232311,4.632054304342282,4.717753806510635,1.106826868214254,0.13479230730077976,1.0098214871420712,0.3211293639762679,1.215205917122058,0.35991297796061894
200,-0.16991991991991992,6.2451990001191895,6.120600218350965,6.087580459794013,5.654233597737091,5.639871458298718,4.963816604993804,4.464310853421033,4.637090850077638,4.7232755186748925,1.106240595353462,0.13475974147426253,1.0088381930195645,0.3209007366354531,1.215063215393765,0.3597944296330074
201,-0.16951951951951952,6.2494072808875964,6.1247127466599025,6.092104771936307,5.659101072381088,5.644685164449325,4.969124825316593,4.469032348913139,4.6421231398468725,4.72879268882173,1.1056542470002682,0.13472813438648412,1.007852871760676,0.3206739895778521,1.2149226186430215,0.3596781145329408
202,-0.16911911911911912,6.253611382820409,6.1288205820318815,6.0966251716554725,5.663970103874901,5.64949385008029,4.974427701359606,4.473750068981933,4.647151024846824,4.734305336252814,1.1050678531285425,0.1346974335444068,1.006865723371012,0.3204489896117671,1.2147839668761111,0.3595638994484072
203,-0.1687187187187187,6.257811264226434,6.132923722083634,6.1011416077647445,5.668840179539685,5.654297458212472,4.979725252169853,4.478463932239516,4.652174361823704,4.739813479357041,1.1044814429331358,0.13466758409202342,1.0058769570890154,0.3202255976285363,1.214647088134577,0.3594516456779619
204,-0.1683183183183183,6.262006883660421,6.137022164845432,6.105654026775867,5.673710766237674,5.659095931769453,4.98501749794723,4.483173855195421,4.657193013727972,4.74531713550851,1.1038950446112619,0.1346385290806821,1.0048867903146548,0.32000366932761354,1.2145117992292718,0.3593412097375017
205,-0.1679179179179179,6.266198199999733,6.141115908756314,6.110162373072678,5.678581313049786,5.66388921380666,4.990304459874229,4.4878797527791034,4.662206850273357,4.750816320944124,1.103308685177681,0.13461020974260574,1.003895447464797,0.3197830559399787,1.2143779066278853,0.35923244406208993
206,-0.16751751751751753,6.270385172520915,6.145204952658138,6.11466658909232,5.683451253870647,5.668677247737006,4.995586159903378,4.492581538863569,4.6672157485050185,4.756311050679377,1.1027223902708418,0.1345825657629573,1.002903158890476,0.3195636049514095,1.2142452072541798,0.3591251977092335
207,-0.16711711711711713,6.274567760970747,6.149289295788733,6.119166615506515,5.68832001010178,5.673459977549257,5.000862620570187,4.497279126775226,4.672219593220299,4.761801338417925,1.1021361839961972,0.13455553555818212,1.0019101597377529,0.31934516083651565,1.2141134894289516,0.3590193170673554
208,-0.16671671671671673,6.278745925638704,6.1533689377754115,6.123662391410302,5.693186993299235,5.678237348013036,5.006133864792589,4.5019724297805,4.677218277391739,4.767287196489369,1.1015500887705238,0.1345290565530149,1.0009166888460999,0.3191275657868212,1.2139825337711978,0.3589146465619193
209,-0.16631631631631633,6.282919627422023,6.157443878626477,6.128153854511749,5.698051607785102,5.683009304890422,5.011399915676132,4.506661361556669,4.68221170250617,4.772768635762672,1.1009641251936282,0.13450306545403068,0.9999229876538338,0.3189106604306408,1.2138521141493843,0.35881102934714126
210,-0.16591591591591592,6.287088827891251,6.161514118723376,6.132640941323614,5.702913253311524,5.687775795123339,5.016660796335826,4.511345836630018,4.687199778830757,4.778245665606284,1.1003783119344128,0.134477498528025,0.9989292990843134,0.3186942845545198,1.213721998684613,0.3587083080046748
211,-0.16551551551551552,6.291253489351301,6.1655796588114296,6.137123587353229,5.707771327583974,5.692536767017176,5.0219165296939545,4.516025770822511,4.692182425630675,4.7837182938348155,1.099792665628769,0.13445229186876487,0.9979358665060467,0.318478277804073,1.2135919506962596,0.3586063252133072
212,-0.16511511511511512,6.29541357489936,6.169640499990322,6.141601727301085,5.712625228816575,5.697292170419778,5.0271671383217456,4.520701081619181,4.69715957132461,4.789186526675334,1.0992072008070228,0.13442738166632998,0.9969429326624908,0.31826248037320953,1.213461729744028,0.3585049244169661
213,-0.16471471471471472,6.299569048480372,6.173696643703895,6.146075295246636,5.717474358206621,5.702041956879002,5.032412644244909,4.525371688574683,4.702131153577033,4.794650368736303,1.0986219298234867,0.13440270447018582,0.9959507386581209,0.3180467336892902,1.213331092611617,0.35840395047727375
214,-0.1643143143143143,6.303719874937813,6.177748091729532,6.150544224846506,5.7223181223451824,5.706786079797038,5.037653068792464,4.530037513635934,4.707097119343925,4.8001098229931864,1.0980368628147863,0.13437819744533835,0.9949595229588194,0.3178308810646706,1.2131997943352895,0.35830325030283416
215,-0.1639139139139139,6.3078660200628764,6.1817948461669845,6.155008449521776,5.72715593551297,5.7115244945717745,5.042888432426927,4.534698481467383,4.712057424840907,4.8055648907775455,1.0974520076728327,0.13435379861933186,0.993969520453494,0.3176147683302314,1.213067589195062,0.3582026734541098
216,-0.1635135135135135,6.312007450638635,6.185836909426539,6.159467902649487,5.73198722199412,5.716257158725236,5.04811875459518,4.539354519736835,4.71701203549031,4.811015571776913,1.0968673700290081,0.13432944713047248,0.992980961503232,0.3173982444627882,1.2129342317435463,0.3581020727468443
217,-0.1631131131131131,6.316144134481338,6.189874284216993,6.16392251774625,5.736811418210279,5.720984032021353,5.053344053592409,4.544005559381066,4.721960925788068,4.816461864038334,1.096282953259677,0.13430508345705924,0.9919940710668922,0.31718116216516784,1.2127994777945534,0.35800130480444853
218,-0.1627127127127127,6.320276040478741,6.193906973533008,6.168372228655522,5.741627974783476,5.7257050765689925,5.058564346418054,4.548651534823939,4.726904079143909,4.8219037639950555,1.0956987585043814,0.13428064964362033,0.9910090678698953,0.3169633784319449,1.212663085390278,0.3579002306031407
219,-0.1623123123123123,6.324403138623786,6.19793498064215,6.172816969722701,5.746436358513717,5.730420256917426,5.063779648655651,4.5532923841830035,4.731841487659326,4.827341266474024,1.0951147847022518,0.1342560895153397,0.9900261635968223,0.31674475508541516,1.2125248157804658,0.3577987159809885
220,-0.1619119119119119,6.328525400045795,6.201958309071328,6.177256675976026,5.7512360542545204,5.735129540134013,5.068989974361988,4.557928049434748,4.736773151877506,4.832774364736732,1.0945310286383119,0.13423134888329358,0.9890455621360486,0.31652515928121117,1.2123844343643742,0.3576966321236806
221,-0.1615115115115115,6.332642797037497,6.205976962593286,6.18169128329296,5.756026566651488,5.7398328958734055,5.0741953359556495,4.562558476559769,4.741699080484188,4.838203050509524,1.0939474850050264,0.1342063757368122,0.9880674588829351,0.31630446398271284,1.2122417115995987,0.35759385601572097
222,-0.1611111111111111,6.336755303078829,6.209990945212394,6.186120728570374,5.760807421778432,5.744530296432018,5.079395744130488,4.5671836156482675,4.746619289981854,4.843627314030008,1.0933641464762813,0.13418112042383173,0.9870920400853476,0.3160825483982782,1.2120964238899212,0.3574902708591484
223,-0.1607107107107107,6.340862892856924,6.214000261150198,6.190544949882109,5.765578168668116,5.749221716792824,5.084591207769057,4.571803420979731,4.751533804313137,4.849047144090136,1.092781003796932,0.13415553582187978,0.9861194822344045,0.31585929839356797,1.2119483544555936,0.35738576646650644
224,-0.1603103103103103,6.344965542283086,6.218004914830979,6.194963886636066,5.770338380709487,5.7539071346532324,5.08978173387053,4.576417851085538,4.756442654472031,4.854462528098922,1.0921980458746832,0.13412957749374535,0.9851499515160921,0.3156346068634292,1.2117972941405493,0.3572802396153909
225,-0.1599099099099099,6.3490632285057025,6.222004910866761,6.199377479721275,5.77508765690866,5.758586530447168,5.094967327494367,4.581026868772359,4.761345878080181,4.85987345212511,1.0916152598914681,0.13410320382865767,0.984183603314196,0.31540837406474664,1.2116430422035709,0.3571735943634432
226,-0.1595095095095095,6.353155929920517,6.226000254042253,6.203785671652264,5.779825623054638,5.763259887349734,5.10014799170593,4.585630441116377,4.766243518939825,4.865279900974446,1.0910326314184786,0.13407637617513124,0.9832205817616253,0.315180507922938,1.21148540706312,0.3570657423434512
227,-0.1591091091091091,6.357243626176961,6.229990949299663,6.208188406700586,5.784551932733659,5.767927191274877,5.105323727539533,4.590228539458379,4.771135626570349,4.8706818582457325,1.0904501445366905,0.13404905895459043,0.9822610193487274,0.31495092429451216,1.2113242069901304,0.35695660300797505
228,-0.1587087087087087,6.361326298181528,6.233977001723277,6.212585631026834,5.789266268226204,5.772588430857559,5.110494533972213,4.594821139335909,4.776022255713878,4.876079306399891,1.0898677819766256,0.13402121976443226,0.981305036586478,0.3147195471938699,1.2111592707802112,0.3568461038472523
229,-0.1583083083083083,6.365403928097637,6.237958416523988,6.2169772927987585,5.7939683412705145,5.777243597428174,5.115660407906783,4.599408220428205,4.7809034658514395,4.881472226836782,1.0892855252474107,0.1339928294649433,0.9803527417222827,0.31448630898342705,1.2109904383444274,0.35673418056716466
230,-0.1579079079079079,6.369476499342726,6.2419351990237635,6.221363342303954,5.798657893711247,5.781892684976114,5.12082134416538,4.603989766462899,4.785779320682473,4.886860599960341,1.0887033547850211,0.13396386225387696,0.9794042305049254,0.3142511505295398,1.2108175612857726,0.3566207772347406
231,-0.1575075075075075,6.373543996582304,6.2459073546400505,6.225743732056584,5.803334698006298,5.7865356901015,5.125977335495389,4.608565765102175,4.79064988761062,4.892244405261495,1.088121250098429,0.13393429572532625,0.9784595860102778,0.3140140213166554,1.210640503403326,0.3565058463857996
232,-0.1571071071071071,6.377606405720854,6.249874888870156,6.2301184168925685,5.807998557615801,5.791172611959436,5.131128372583926,4.61313620782231,4.795515237227417,4.897623621388556,1.0875391899179656,0.13390411091443508,0.9775188785138939,0.31377487952806415,1.2104591411487213,0.3563893490967737
233,-0.15670670670670672,6.38166371388967,6.253837807275742,6.234487354059971,5.812649307269749,5.79580345219146,5.136274444083316,4.6177010897619635,4.800375442781258,4.902998226226745,1.086957152351317,0.13387329232886308,0.9765821654166459,0.3135336920896026,1.2102733640395074,0.35627125502402623
234,-0.15630630630630632,6.38571590943275,6.257796115467173,6.238850503296855,5.817286813105464,5.800428214854657,5.141415536647761,4.62226040957124,4.8052305796565875,4.908368196976519,1.0863751150344596,0.13384182796476196,0.975649491219381,0.31329043467682743,1.210083075007029,0.3561515424049283
235,-0.15590590590590592,6.389762981889123,6.261749819088283,6.243207826906057,5.821910972692534,5.8050469063351455,5.14655163497377,4.6268141692300215,4.810080724862166,4.913733510225778,1.085793055288464,0.13380970931040348,0.9747208875518771,0.3130450916893947,1.2098881906960737,0.3560301980299014
236,-0.15550550550550551,6.393804921973403,6.265698923800848,6.247559289816105,5.826521714943594,5.809659535258553,5.1516827218572185,4.631362373871958,4.814925956503775,4.919094142032341,1.0852109502730147,0.13377693133520202,0.9737963732406775,0.31279765618989275,1.2096886417141188,0.35590721717749174
237,-0.1551051051051051,6.397841721553424,6.269643435269603,6.251904859637835,5.831118999895678,5.814266112392852,5.156808778253855,4.635905031583173,4.819766353295595,4.924450067994612,1.0846287771388292,0.13374349246482997,0.9728759544352636,0.31254812980773033,1.2094843728130775,0.3557826035175384
238,-0.1547047047047047,6.401873373625794,6.273583359147164,6.256244506709881,5.83570281840846,5.818866650542879,5.161929783347482,4.640442153204961,4.82460199405477,4.92980126332967,1.084046513178673,0.13370939454558708,0.9719596247665985,0.31229652261725727,1.209275343031899,0.35565636898787734
239,-0.1543043043043043,6.405899872289619,6.277518701059304,6.260578204135626,5.840273191719494,5.823461164441581,5.167045714629652,4.644973752116671,4.82943295722931,4.935147702946285,1.083464135974853,0.13367464279272756,0.9710473655629859,0.312042852975335,1.2090615257676836,0.35552853363313364
240,-0.1539039039039039,6.409921212717367,6.281449466590384,6.2649059278144925,5.844830170928473,5.828049670631372,5.1721565479814435,4.649499844023589,4.834259320428897,4.940489361511483,1.0828816235448544,0.1336392457291465,0.970139146098303,0.3117871473377118,1.2088429088066945,0.35539912542093505
241,-0.1535035035035035,6.413937391124731,6.285375661269138,6.269227656460592,5.849373836371177,5.8326321873463485,5.177262257766561,4.654020446738712,4.83908115997973,4.945826213527,1.0822989544778532,0.13360321511165785,0.9692349238792036,0.31152944004376276,1.2086194942925077,0.3552681800289397
242,-0.1531031031031031,6.4179484047382385,6.289297290554641,6.273543371616339,5.853904296890018,5.837208734385136,5.182362816927428,4.658535579950824,4.843898550496829,4.951158233389204,1.0817161080732367,0.13356656584506602,0.9683346449795118,0.31126977307223913,1.208391298645699,0.355135740603528
243,-0.1527027027027027,6.421954251761322,6.293214359822714,6.277853057656157,5.858421689029726,5.841779332983579,5.187458197084848,4.663045265011673,4.848711564471549,4.956485395457106,1.081133064466934,0.13352931588670108,0.9674382444023855,0.31100819577681676,1.2081583524266872,0.35500185749691193
244,-0.1523023023023023,6.425954931338897,6.2971268743525615,6.282156701782509,5.862926176138532,5.846344005682794,5.192548368648054,4.667549524701557,4.8535202718896455,4.961807674112043,1.0805498047560163,0.13349148614008607,0.9665456464791471,0.31074476459278505,1.2079207001539505,0.35486658797883214
245,-0.1519019019019019,6.429950443520513,6.301034839313888,6.286454294014042,5.867417947394193,5.850902776193859,5.197633300924099,4.672048383013035,4.858324739867519,4.967125043816886,1.0799663111132263,0.13345310033907629,0.9656567653004537,0.3104795427247443,1.2076784000647929,0.354729995927267
246,-0.1515015015015015,6.433940789222552,6.304938259754329,6.290745827165258,5.871897216744951,5.855455669263864,5.202712962233294,4.676541864924857,4.863125032311956,4.972437479171569,1.0793825668974515,0.13341418492282453,0.9647715051789533,0.3102125998112072,1.20743152383234,0.35459215149826057
247,-0.1511011011011011,6.437925970189003,6.308837140587321,6.295031296819868,5.87636422179702,5.860002710536293,5.207787320026227,4.681029996191497,4.867921209607851,4.97774495496401,1.0787985567536136,0.1333747689029904,0.9638897611350407,0.30994401157392676,1.207180156234318,0.3544531307789233
248,-0.15070070070070068,6.441905988951315,6.3127314865804784,6.299310701295049,5.880819222622317,5.864543926413798,5.212856341002806,4.685512803125123,4.872713328330346,4.983047446219635,1.0782142667071,0.13333488372307262,0.9630114194128601,0.3096738594477031,1.2069243947764898,0.35431301542333665
249,-0.15030030030030028,6.445880848787857,6.316621302344258,6.30358404160057,5.885262500511871,5.869079343919707,5.217919991237534,4.689990312392839,4.877501440984878,4.9883449282463435,1.077629684248153,0.1332945631098036,0.9621363580165848,0.30940223019391655,1.2066643492721674,0.35417189227071866
250,-0.14989989989989988,6.449850553682061,6.320506592321289,6.307851321388105,5.88969435668333,5.873608990559656,5.222978236299386,4.694462550817056,4.882285595772134,4.9936373766767925,1.0770447984080715,0.13325384292037423,0.9612644472653967,0.30912921550559785,1.2064001413835024,0.3540298529560347
251,-0.14949949949949948,6.453815108280516,6.32438736077611,6.312112546897424,5.894115110922713,5.878132894184189,5.228031041378019,4.6989295451824376,4.887065836383915,4.998924767506784,1.0764595998272153,0.1332127609814374,0.960395550374064,0.3088549115942436,1.2061319041168166,0.3538869935026277
252,-0.14909909909909907,6.457774517850444,6.328263611785421,6.316367726892324,5.89852510019746,5.882651082852735,5.233078371405849,4.703391322054379,4.891842201820589,5.004207077129697,1.0758740808138205,0.13317135692521026,0.9595295240432063,0.30857941877231665,1.2058597812876568,0.35374341390982683
253,-0.1486986986986987,6.461728788236777,6.332135349228852,6.320616872594002,5.902924677231465,5.887163584699881,5.238120191183748,4.707847907601912,4.896614726245973,5.0094842823681764,1.075288235393215,0.1331296720210704,0.958666219063197,0.30830284102574085,1.2055839269502902,0.3535992177318949
254,-0.1482982982982983,6.46567792581941,6.336002576780352,6.324859997605577,5.9073142090392015,5.891670427802817,5.243156465501647,4.712299327437537,4.90138343885905,5.014756360501981,1.074702059348319,0.13308774900281295,0.9578054809349528,0.30802528557995634,1.2053045047898752,0.35345451164874286
255,-0.1478978978978979,6.469621937470072,6.339865297899982,6.329097117833028,5.911694075439577,5.896171640052501,5.248187159261718,4.716745606459301,4.906148363801044,5.020023289292787,1.0741155502512238,0.1330456318938502,0.9569471504955152,0.30774686246127775,1.2050216874903923,0.3533094050336759
256,-0.1474974974974975,6.4735608305094186,6.343723515826476,6.333328251400749,5.916064667552426,5.900667249027516,5.2532122375956725,4.7211867687084474,4.910909520085568,5.025285047005295,1.0735287074855995,0.13300336583090527,0.9560910645510574,0.30746768405811886,1.204735656074864,0.35316400951998955
257,-0.1470970970970971,6.477494612664377,6.347577233570203,6.337553418560308,5.920426386270721,5.90515728187214,5.258231665982922,4.725622837238942,4.915666921555191,5.030541612424547,1.072941532259601,0.13296099688502913,0.9552370565158899,0.30718786467799974,1.2044465992187479,0.35301843856281306
258,-0.1466966966966967,6.48142329202576,6.35142645390681,6.341772641596952,5.9247796407325195,5.909641765177544,5.263245410363181,4.730053833994166,4.9204205768678,5.035792964872123,1.0723540276100234,0.1329185718836006,0.9543849570521057,0.3069075201084804,1.2041547125440986,0.35287280700609686
259,-0.14629629629629629,6.485346877006228,6.355271179371444,6.34598594473093,5.929124846775688,5.914120724867286,5.268253437247031,4.734479779698834,4.9251704895023725,5.041039084216074,1.0717661983988342,0.13287613823051125,0.9535345947141528,0.306626767177029,1.2038601978920702,0.35272723064698547
260,-0.1458958958958959,6.489265376298938,6.359111412253534,6.3501933540144115,5.933462425412115,5.918594186088762,5.2732557138232545,4.738900693762572,4.929916657794021,5.046279950880788,1.0711780512991511,0.1328337437292271,0.9526857965817385,0.3063457233193706,1.203563262586125,0.3525818258091291
261,-0.1454954954954955,6.493178798836791,6.36294715459228,6.354394897225852,5.9377928012877765,5.923062173107766,5.278252208059568,4.743316594193133,4.934659074990825,5.051515545853205,1.0705895947744875,0.13279143640536176,0.9518383889002737,0.3060645061493698,1.2032641186725508,0.3524367089175041
262,-0.1450950950950951,6.497087153752249,6.366778408172611,6.358590603760061,5.94211640116781,5.927524709210393,5.283242888801247,4.747727497522999,4.9393977293328435,5.056745850684846,1.0700008390496032,0.13274926433244272,0.9509921977059181,0.3057832330386441,1.2029629821604158,0.3522919960822617
263,-0.1446946946946947,6.500990450338208,6.370605174521886,6.362780504516385,5.946433652429163,5.931981816607776,5.288227725864544,4.752133418749032,4.9441326041539195,5.061970847494605,1.069411796072669,0.13270727545920044,0.9501470494481962,0.3055020207022267,1.202660072245846,0.3521478026886859
264,-0.1442942942942943,6.504888698009699,6.374427454907122,6.366964631784016,5.95074498158085,5.936433516349551,5.293206690122442,4.7565343712811465,4.948863678002163,5.067190518964453,1.0688224794720078,0.13266551744139893,0.9493027715987404,0.30522098479741533,1.2023556105403184,0.3520042429998796
265,-0.1438938938938939,6.5087819062665995,6.378245250332882,6.371143019124887,5.955050812801515,5.940879828240737,5.298179753587836,4.760930366904633,4.953590924782064,5.072404848338837,1.068232904503349,0.13262403747599724,0.9484591932513584,0.3049402395299854,1.2020498202885601,0.3518614297670503
266,-0.1434934934934935,6.512670084657377,6.38205856153975,6.375315701255144,5.959351566515011,5.945320770766442,5.3031468894892955,4.765321415752992,4.958314313912845,5.077613819415678,1.067643087992541,0.13258288214059938,0.9476161457045222,0.3046598972756726,1.201742925596473,0.35171947385404007
267,-0.1430930930930931,6.516553242744167,6.385867389003426,6.3794827139250625,5.9636476579910225,5.949756361022001,5.30810807234157,4.769707526291254,4.963033810504379,5.082817416541225,1.067053048270672,0.13254209723680663,0.9467734630324655,0.3043800682124576,1.201435150655712,0.351578483873311
268,-0.1426926926926927,6.520431390068801,6.389671732934443,6.383644093798059,5.9679394959949565,5.954186614649546,5.3130632780091185,4.774088705311502,4.967749375548983,5.088015624599235,1.0664628051037455,0.13250172763975607,0.9459309826341875,0.30410085997016534,1.2011267189814143,0.3514385658382381
269,-0.1422922922922923,6.524304536120482,6.393471593278434,6.387799878328522,5.972227481467675,5.958611545781366,5.318012483763523,4.778464957937836,4.972460966126247,5.093208429000184,1.065872379617091,0.13246181715217556,0.9450885457689139,0.30382237729260075,1.2008178526539202,0.35129982282793704
270,-0.14189189189189189,6.528172690304519,6.397266969717053,6.391950105639633,5.97651200625985,5.963031166989847,5.322955668335148,4.782836287639523,4.977168535621681,5.0983958156697735,1.0652817942147943,0.13242240836543,0.9442459980668452,0.30354472171759456,1.2005087715775493,0.35116235467028356
271,-0.14149149149149148,6.532035861912633,6.40105786166944,6.396094814401137,5.98079345191295,5.967445489243593,5.327892811956754,4.787202696256645,4.981872033956791,5.103577771033962,1.064691072494514,0.1323835425265474,0.9434031900203002,0.30326799127402443,1.200199692751522,0.35102625764075895
272,-0.14109109109109108,6.535894060094715,6.404844268294277,6.400234043707173,5.985072188491177,5.97185452187073,5.332823896401243,4.791564184032526,4.9865714078289765,5.1087542820062755,1.0641002391580023,0.13234525941206915,0.9425599774517932,0.3029922801959426,1.1998908295575454,0.35089162417905717
273,-0.14069069069069068,6.539747293832056,6.408626188492422,6.404367832954797,5.989348573470966,5.976258272528558,5.337748905013167,4.7959207496545835,4.9912666009594755,5.113925335970997,1.063509319919,0.1323075972089324,0.9417162219568865,0.3027176786552144,1.1995823910700383,0.35075854262348
274,-0.14029029029029028,6.54359557191212,6.412403620910074,6.408496221723652,5.993622950688665,5.980656747179874,5.342667822731309,4.800272390303804,4.9959575543502,5.119090920767597,1.0629183414071173,0.13227059240296601,0.9408717913228084,0.3024442725139511,1.199274581384912,0.35062709696516997
275,-0.13988988988988987,6.547438902904985,6.4161765639425115,6.412619249656307,5.9978956493488385,5.985049950076045,5.3475806361076295,4.804619101710662,5.000644206544689,5.12425102467429,1.062327331069713,0.13223427967458473,0.9400265599191318,0.3021721430948644,1.1989675989753439,0.3504973666200825
276,-0.13948948948948947,6.551277295141248,6.4199450157383415,6.416736956340949,6.002166983095657,5.989437883746018,5.3524873333160015,4.808960878217709,5.005326493896049,5.129405636390308,1.0617363170715144,0.13219869180259095,0.9391804090634115,0.3019013669726657,1.1986616360707438,0.3503694262218457
277,-0.13908908908908907,6.555110756691774,6.4237089742042714,6.420849381195194,6.006437249149231,5.9938205489927405,5.357387904156853,4.813297712848753,5.010004350834588,5.13455474501935,1.061145328192871,0.13216385957567964,0.9383332273570598,0.3016320157844737,1.1983568780660705,0.35024334543345875
278,-0.13868868868868867,6.558939295348831,6.427468437010395,6.424956563352401,6.010706727512516,5.998197944894933,5.362282340053711,4.8176295973820995,5.01467771014151,5.139698340051558,1.0605543937265893,0.13212981171252636,0.9374849109920719,0.30136415606164174,1.1980535029607178,0.350119188780501
279,-0.13828828828828826,6.562762918609178,6.431223401595951,6.429058541550162,6.0149756802424825,6.002570068815561,5.36717063404394,4.82195652243024,5.019346503220135,5.144836411346596,1.0599635433742471,0.13209657478951714,0.9366353640299336,0.3010978490807402,1.1977516808273823,0.34999701550313006
280,-0.1378878878878879,6.566581633658635,6.434973865175553,6.433155354021584,6.019244350794436,6.0069369164162945,5.372052780762407,4.826278477521299,5.024010660368531,5.149968949115359,1.059372807142765,0.13206417317728772,0.9357844986495871,0.30083315073595013,1.1974515733160345,0.34987687942971923
281,-0.1374874874874875,6.570395447358398,6.43871982474589,6.43724703838956,6.0235129634362945,6.011298481677491,5.376928776419343,4.830595451186447,5.0286701110492125,5.155095943904361,1.058782215240429,0.13203262898531987,0.9349322353657799,0.30057011143134466,1.1971533331898245,0.34975882887022464
282,-0.13708708708708708,6.574204366233046,6.442461277092838,6.441333631563887,6.027781722735713,6.0156547569245005,5.381798618772067,4.834907431048099,5.03332478415688,5.160217386577501,1.0581917979745168,0.13200196201511963,0.9340785032161175,0.3003087759939176,1.1968571038993494,0.3496429065302036
283,-0.13668668668668668,6.578008396460206,6.446198218799007,6.4454151696420485,6.032050813118975,6.02000573285884,5.3866623070902495,4.839214403911404,5.037974608281422,5.16533326830063,1.0576015856495486,0.13197218972172664,0.9332232399185285,0.30004918360676547,1.1965630191912946,0.34952914944516017
284,-0.13628628628628628,6.58180754386191,6.449930646251677,6.4494916878133255,6.0363203985037295,6.0243513985950425,5.391519842116623,4.843516355856418,5.042619511966902,5.17044358052529,1.0570116084673224,0.13194332718358506,0.9323663919967534,0.29979136776212956,1.196271202756585,0.34941758893474245
285,-0.13588588588588588,6.585601813897561,6.4536585556511055,6.453563220267031,6.040590622002648,6.028691741702203,5.396371226020595,4.847813272332232,5.047259423963444,5.175548314973571,1.0564218964289331,0.13191538708063735,0.9315079148771676,0.2995353562343885,1.1959817679147575,0.3493082505768343
286,-0.13548548548548547,6.589391211658562,6.4573819430192065,6.457629800104273,6.044861605702227,6.033026748250893,5.401216462348228,4.852105138250778,5.051894273472956,5.1806474636236075,1.0558324792390066,0.1318883796807977,0.9306477729528199,0.2992811710724998,1.1956948173396524,0.3492011542012931
287,-0.1350850850850851,6.593175741864544,6.46110080420856,6.461691459254303,6.04913345051143,6.037356402864009,5.40605555596627,4.856391938080285,5.056523990387031,5.185741018695538,1.0552433862128818,0.13186231283435024,0.9297859396193061,0.299028828611249,1.19541044282282,0.34909631390259177
288,-0.1346846846846847,6.596955408861193,6.464815134911715,6.465748228394845,6.053406236084514,6.041680688772374,5.410888513001792,4.86067365593877,5.061148505515924,5.190828972638585,1.0546546461865578,0.13183719197657917,0.9289223972790865,0.2987783395017344,1.1951287250780276,0.3489937380717069
289,-0.1342842842842843,6.600730216619574,6.4685249306708235,6.469800136877122,6.057680020810835,6.045999587874208,5.415715340777464,4.864950275685391,5.065767750808394,5.195911318118415,1.0540662874303708,0.13181302013786736,0.928057137318247,0.2985297087591056,1.1948497335844603,0.34889342944548146
290,-0.1338838838838839,6.604500168737076,6.472230186887509,6.473847212655229,6.061954841877567,6.050313080798421,5.420536047742527,4.869221781010636,5.0703816595616455,5.200988048005869,1.0534783375659873,0.13178979796183277,0.9271901600528314,0.298282935828865,1.1945735264709305,0.34879538517465924
291,-0.1334834834834835,6.6082652684396965,6.475930898832999,6.477889482220424,6.0662307153983575,6.054621146971311,5.425350643400497,4.87348815552394,5.074990166620274,5.206059155366339,1.0528908234875844,0.13176752373064568,0.9263214746478081,0.29803801466947316,1.1943001504395359,0.3486995969084259
292,-0.1330830830830831,6.612025518585918,6.479627061658485,6.481926970540222,6.070507636608227,6.058923764686596,5.430159138232717,4.877749382838599,5.0795932085643205,5.211124633449698,1.0523037712872785,0.13174619339766622,0.9254510990090096,0.29779493385171024,1.1940296407284996,0.3486060508958266
293,-0.13268268268268268,6.615780921671818,6.4833186704056756,6.485959701002165,6.074785580124836,6.063220911178207,5.4349615436191625,4.882005446653978,5.084190723885661,5.216184475681662,1.051717206184646,0.13172580062721398,0.9245790596473812,0.297553676674018,1.193762021114619,0.3485147281033773
294,-0.13228228228228228,6.619531479837675,6.487005720017529,6.489987695362874,6.0790645002709605,6.067512562695868,5.439757871756537,4.886256330833758,5.088782653151975,5.221238675655536,1.051131152461301,0.13170633684097854,0.9237053915182641,0.2973142212926362,1.1934973039543102,0.3484256043476667
295,-0.13188188188188188,6.623277194875748,6.490688205349153,6.494010973701942,6.083344331458772,6.071798694582745,5.444548135573796,4.890502019480407,5.09336893915867,5.226287227124855,1.0505456334000796,0.13168779127106284,0.9228301378353451,0.2970765408664333,1.1932354902627103,0.34833865044286555
296,-0.13148148148148148,6.62701806823937,6.494366121178821,6.498029554380983,6.087624988629834,6.076079281355456,5.4493323486454,4.894742497005998,5.0979495270675725,5.231330123997489,1.0499606712290948,0.1316701510190559,0.9219533498619914,0.2968406037149957,1.1929765698283576,0.34825383236170043
297,-0.13108108108108107,6.63075410105321,6.4980394622191096,6.502043454007854,6.091906367754937,6.080354296785487,5.454110525102945,4.8989777481977335,5.102524364532927,5.2363673603293615,1.049376287071294,0.131653401121442,0.9210750866781608,0.29660637349045094,1.1927205213668144,0.3481711114103452
298,-0.13068068068068067,6.634485294124643,6.50170822312811,6.506052687405888,6.096188346383294,6.084623713982137,5.458882679545743,4.903207758279617,5.107093401814323,5.241398930320188,1.0487925008987025,0.13163752462022754,0.9201954149272535,0.2963738093604196,1.1924673127066148,0.34809044441470505
299,-0.13028028028028027,6.638211647956223,6.505372398520723,6.5100572675884845,6.10047078424502,6.088887505476767,5.463648826949507,4.907432512968503,5.11165659187588,5.246424828308913,1.0482093314925467,0.1316225026393415,0.9193144085417595,0.29614286620338515,1.1922169010113557,0.3480117839192865
300,-0.12987987987987987,6.641933162759137,6.509031982979967,6.514057205738662,6.104753523899007,6.0931456433076425,5.468408982575196,4.911651998525548,5.116213890472603,5.251445048770675,1.0476267964082588,0.13160831446570434,0.9184321484504308,0.29591349481366186,1.1919692330327676,0.3479350783959234
301,-0.12947947947947946,6.64564983846762,6.512686971068333,6.518052511193871,6.109036391427447,6.097398099105383,5.47316316187696,4.91586620180198,5.1207652562230965,5.256459586313767,1.0470449119462601,0.13159493763527957,0.9175487222670454,0.295685642116782,1.1917242453965806,0.3478602724630987
302,-0.12907907907907906,6.649361674754238,6.516337357339104,6.522043191435779,6.113319197170974,6.101644844178813,5.477911380410207,4.920075110279992,5.125310650669123,5.261468435677536,1.0464636931279057,0.13158234802337168,0.9166642239629201,0.29545925139352014,1.1914818649174794,0.3477873071140605
303,-0.12867867867867866,6.653068671045995,6.519983136347675,6.526029252085295,6.117601736502414,6.105885849600661,5.482653653740155,4.924278712107513,5.129850038321785,5.266471591730717,1.0458831536771416,0.13157051993896118,0.9157787535243279,0.29523426251185236,1.1912420089430138,0.34771611995317175
304,-0.12827827827827826,6.656770826541179,6.523624302662802,6.530010696902391,6.121883790636867,6.110121086293009,5.487389997350673,4.928476996127959,5.134383386695212,5.271469049470177,1.0453033060072758,0.13155942622285025,0.9148924165957016,0.29501061216654095,1.191004585724223,0.3476466454399545
305,-0.12787787787787785,6.660468140226901,6.527260850877799,6.533987527790988,6.126165127472137,6.114350525112166,5.492120426554454,4.9326699519040895,5.138910666326726,5.27646080402018,1.0447241612133877,0.13154903834893256,0.9140053241111737,0.29478823412446875,1.1907694948112226,0.34757881513912287
306,-0.12747747747747745,6.664160610897219,6.53089277562163,6.537959744808644,6.130445502460315,6.118574136932844,5.4968449564042565,4.9368575697366675,5.143431850785244,5.281446850631893,1.04414572906975,0.13153932652868888,0.9131175919140618,0.2945670594761436,1.1905366274728781,0.34751255797685765
307,-0.12707707707707708,6.6678482371718415,6.53452007156989,6.5419273461810645,6.134724659503828,6.122791892731081,5.5015636016058185,4.941039840677197,5.147946916666853,5.286427184683136,1.043568018032732,0.1315302598181971,0.9122293403673393,0.294347016891514,1.1903058671381526,0.3474478005015827
308,-0.12667667667667667,6.671531017515279,6.538142733455664,6.54589032832112,6.1390023318732805,6.127003763665995,5.506276376432748,4.945216756535367,5.152455843578835,5.291401801678491,1.042991035248617,0.13152180622735687,0.9113406939559472,0.2941280328794823,1.190077089856971,0.347384467148541
309,-0.12627627627627627,6.675208950256406,6.54176075608022,6.549848685852581,6.143278243146028,6.131209721159983,5.510983294643484,4.949388309881277,5.156958614112008,5.296370697249238,1.042414786566508,0.13151393283118246,0.9104517808816265,0.29391003205082794,1.18985016478022,0.34732248050778636
310,-0.12587587587587587,6.678882033608351,6.545374134323542,6.553802411638219,6.147552108159093,6.1354097369771,5.5156843694007405,4.953554494042122,5.1614552138020215,5.301333867153847,1.0418392765560107,0.13150660588254787,0.9095627326529347,0.293692937382936,1.1896249546552395,0.34726176159418315
311,-0.12547547547547547,6.68255026568867,6.5489828631546665,6.557751496812171,6.151823633975122,6.13960378329954,5.520379613193726,4.957715303093945,5.165945631080183,5.306291307277823,1.0412645085296672,0.13149979092613662,0.9086736836708612,0.29347667048597365,1.1894013163362938,0.3472022301187426
312,-0.12507507507507507,6.686213644539713,6.552586937641808,6.5616959308164695,6.156092520858133,6.143791832801854,5.525069037763455,4.961870731848383,5.170429857213722,5.31124301363402,1.0406904845698879,0.13149345291329445,0.907784770811481,0.29326115186963836,1.1891791013078663,0.3471438047606317
313,-0.12467467467467466,6.689872168149103,6.556186352962273,6.565635701441668,6.160358463254392,6.147973858722881,5.529752654031004,4.966020775834559,5.174907886236799,5.316188982362579,1.0401172055602281,0.13148755631730777,0.9068961330077723,0.293046301209534,1.188958156218098,0.3470864034387884
314,-0.12427427427427426,6.693525834470309,6.559781104412114,6.569570794871177,6.164621150777241,6.1521498349350905,5.534430472029457,4.970165431276701,5.179379714872122,5.32112920973051,1.039544671220797,0.1314820652488557,0.9060079108307505,0.2928320376126076,1.1887383234217326,0.34702994358244277
315,-0.12387387387387386,6.69717464144318,6.56337118741554,6.57350119572945,6.168880269191175,6.15631973601117,5.53910250083951,4.974304695066929,5.183845342444076,5.326063692131334,1.0389728801476608,0.13147694357123663,0.9051202460721695,0.2926182798805822,1.1885194415297688,0.3469743423997298
316,-0.12347347347347346,6.700818587014452,6.5669565975340465,6.577426887133569,6.173135501393244,6.160483537287832,5.543768748528804,4.978438564734426,5.188304770783822,5.330992426084057,1.038401829855907,0.13147215501506185,0.9042332813294321,0.2924049467709986,1.1883013459643963,0.34691951714362806
317,-0.12307307307307308,6.70445766915809,6.570537330475256,6.581347850748255,6.177386528388272,6.164641214926541,5.548429222095384,4.982567038410517,5.192758004126989,5.335915408231989,1.0378315168262175,0.1314676632920561,0.903347159594232,0.29219195725484587,1.1880838695171902,0.3468653853744455
318,-0.12267267267267268,6.7080918858954535,6.5741133821014675,6.585264066843963,6.18163303025534,6.168792745971073,5.553083927415304,4.986690114790135,5.1972050490043875,5.34083263534091,1.037261936554773,0.13146343220766393,0.902462023845962,0.2919792307702253,1.1878668429090382,0.3468118652181314
319,-0.12227227227227228,6.711721235315195,6.577684748437869,6.589175514358115,6.185874687102711,6.17293810840187,5.557732869194741,4.990807793090125,5.201645914126781,5.345744104296914,1.0366930836060717,0.13145942577209646,0.9015780166509945,0.291766687471254,1.187650095349667,0.3467588756196303
320,-0.12187187187187187,6.715345715592871,6.581251425680451,6.593082170958964,6.190111180008268,6.177077281186972,5.562376050926413,4.994920073004535,5.2060806102637045,5.35064981210357,1.0361249516685977,0.13145560830953218,0.9006952797691578,0.2915542484716199,1.1874334550951784,0.3467063365906196
321,-0.12147147147147147,6.718965325010138,6.584813410203559,6.596984013112113,6.194342191943732,6.18121024432948,5.567013474850664,4.999026954657141,5.210509150117581,5.355549755878457,1.0355575336129654,0.13145194456521,0.8998139537679761,0.2913418360822205,1.1872167500021389,0.3466541694510721
322,-0.12107107107107107,6.722580061973562,6.588370698567104,6.600881016149492,6.198567408679115,6.185336978911474,5.571645141921368,5.003128438551633,5.214931548193238,5.360443932849277,1.0349908215523345,0.13144839981001238,0.898934177646204,0.29112937404200284,1.1869998080760993,0.3466022970637384
323,-0.12067067067067067,6.726189925032928,6.5919232875234135,6.60477315434047,6.202786519666229,6.189457467134325,5.57627105177642,5.007224525519627,5.219347820663818,5.3653323403489654,1.0344248069048698,0.13144493994240075,0.8980560884671152,0.29091678774182744,1.1867824580135469,0.34655064406127994
324,-0.12027027027027026,6.729794912899016,6.595471174023717,6.6086604009649434,6.206999218898014,6.19357169235529,5.58089120271325,5.0113152166671515,5.223757985233558,5.370214975810376,1.0338594804578092,0.13144153158726682,0.8971798210028007,0.29070400444037375,1.1865645297349572,0.3464991370650824
325,-0.11986986986986986,6.733395024460801,6.599014355224244,6.612542728388322,6.211205205742394,6.197679639120398,5.585505591669193,5.0154005133194275,5.228162060997923,5.375091836760165,1.0332948324331377,0.13143814219157957,0.8963055073900767,0.29049095347185994,1.1863458549082855,0.34644770489552346
326,-0.11946946946946946,6.736990258802022,6.602552828491949,6.616420108137983,6.215404185748546,6.201781293193579,5.590114214206766,5.019480416964711,5.23256006830199,5.379962920811777,1.0327308525543963,0.13143474011651668,0.8954332767987494,0.2902775664450309,1.186126267461035,0.3463962787730264
327,-0.11906906906906906,6.740580615217075,6.606086591409837,6.620292510981193,6.219595871423079,6.205876641582023,5.594717064503942,5.023554929197307,5.23695202859738,5.3848282256578885,1.032167530114435,0.1314312947258117,0.894563255113322,0.29006377743275835,1.1859056040793337,0.3463447925093204
328,-0.11866866866866865,6.74416609322619,6.609615641781897,6.624159907004156,6.223779982975661,6.20996567255769,5.599314135349411,5.027624051660049,5.241337964298653,5.38968774906195,1.0316048540438403,0.13142777647018153,0.8936955646282309,0.289849523152105,1.185683704693299,0.3462931826886794
329,-0.11826826826826825,6.747746692589852,6.61313997763763,6.628022265692039,6.227956249031263,6.214048375675123,5.603905418142644,5.031687785986694,5.245717898639307,5.394541488848917,1.0310428129798304,0.13142415696754667,0.892830323757829,0.28963474313426574,1.1854604129469315,0.3462413888385148
330,-0.11786786786786785,6.751322413322433,6.616659597236169,6.631879556009751,6.232124407308586,6.218124741785381,5.608490902899128,5.035746133744425,5.250091855528439,5.399389442895352,1.0304813953352283,0.13142040907889477,0.8919676467611041,0.289419379884036,1.1852355766517018,0.346189353589016
331,-0.11746746746746747,6.7548932557049834,6.620174499069998,6.635731746483307,6.236284205262612,6.222194763046308,5.613070578260185,5.039799096376796,5.254459859408162,5.404231609118594,1.029920589367441,0.13141650697959423,0.8911076434821646,0.2892033790285861,1.185009048222542,0.34613702282152425
332,-0.11706706706706707,6.758459220297172,6.623684681868246,6.639578805281514,6.240435400690528,6.226258432929017,5.617644431507843,5.043846675147519,5.258821935112713,5.40906798546532,1.0293603832469922,0.13141242622597668,0.8902504191065361,0.28898668945507816,1.184780685095222,0.3460843458052144
333,-0.11666666666666667,6.762020307948336,6.627190144599576,6.6434207002978045,6.244577762300005,6.230315746220743,5.622212448584244,5.04788887108509,5.263178107729284,5.413898569899227,1.0288007651256188,0.13140814381711335,0.8893960739338065,0.2887692634370939,1.1845503501245396,0.34603127532201755
334,-0.11626626626626627,6.765576519807607,6.630690886474655,6.647257399232062,6.248711070238475,6.234366699024033,5.626774614115857,5.051925684929015,5.26752840246162,5.418723360388075,1.0282417232034167,0.131403638251522,0.8885447031670545,0.2885510567493649,1.1843179119617422,0.34597776777923905
335,-0.11586586586586586,6.769127857333102,6.634186906948216,6.651088869672155,6.252835116583057,6.238411288752422,5.631330911442127,5.0559571170773205,5.271872844496315,5.423542354890062,1.0276832457950562,0.13139888957883328,0.8876963967191769,0.2883320287708712,1.1840832454111045,0.3459237833100087
336,-0.11546546546546546,6.772674322300146,6.637678205720691,6.654915079175069,6.256949705790335,6.242449514122597,5.635881322648603,5.059983167536108,5.27621145887262,5.428355551339484,1.0271253213946852,0.1313938794462254,0.886851239036405,0.2881121425760242,1.1838462317645204,0.3458692858611755
337,-0.11506506506506506,6.77621591680852,6.641164782739447,6.658735995347403,6.261054655105254,6.24648137514316,5.640425828604351,5.064003835871118,5.280544270356051,5.433162947631799,1.0265679387393791,0.13138859113956097,0.8860093089392653,0.2878913650138249,1.183606759113528,0.34581424326859617
338,-0.11466466466466466,6.779752643288707,6.644646638199601,6.662551585925061,6.265149794928952,6.250506873100079,5.644964409003534,5.068019121161582,5.2848713033160735,5.4379645416081415,1.0260110868709436,0.13138300961918564,0.8851706794810038,0.28766966677495204,1.1833647226383341,0.34575862731976764
339,-0.11426426426426425,6.783284504507132,6.648123772544429,6.666361818851966,6.269234969144978,6.254526010538942,5.649497042410981,5.072029021956597,5.289192581608479,5.442760331039232,1.0254547551958506,0.13137712155031148,0.884335417823663,0.28744702244670584,1.1831200248731728,0.34570241380370753
340,-0.11386386386386385,6.786811503570376,6.651596186465377,6.670166662357574,6.273310035404014,6.2585387912440655,5.654023706311587,5.076033536234308,5.293508128462554,5.447550313608919,1.024898933543106,0.13137091532797726,0.8835035851317098,0.28722341055584466,1.1828725759476613,0.3456455825481443
341,-0.11346346346346345,6.790333643928367,6.6550638809016585,6.673966085033145,6.277374865366703,6.262545220214623,5.658544377163456,5.080032661363843,5.297817966373474,5.452334486897184,1.024343612219979,0.13136438109654464,0.8826752364833327,0.2869988135992495,1.1826222938039008,0.3455881174439705
342,-0.11306306306306305,6.793850929376544,6.658526857039476,6.6777600559063925,6.281429344904711,6.266545303637904,5.663059030454446,5.084026394070502,5.302122117000257,5.457112848362853,1.0237887820652662,0.131357510763742,0.8818504207992922,0.2867732180625671,1.1823691043887428,0.34553000645708165
343,-0.11266266266266264,6.797363364056969,6.661985116310838,6.681548544514602,6.285473374260277,6.270539048859784,5.667567640762091,5.088014730403979,5.306420601069344,5.46188539532598,1.0232344345001374,0.1313502980092855,0.88102918078921,0.2865466144268562,1.1821129418214464,0.345471241627714
344,-0.11226226226226227,6.80087095245843,6.665438660391996,6.685331520975868,6.289506868164381,6.2745264643526,5.672070181816533,5.091997665710151,5.31071343828427,5.466652124949976,1.0226805615762384,0.13134273828809173,0.8802115529151741,0.28631899716345144,1.1818537485361884,0.34541181905741475
345,-0.11186186186186187,6.804373699415488,6.668887491201518,6.689108956058401,6.2935297559137915,6.278507559680513,5.676566626566445,5.095975194606177,5.315000647241425,5.471413034223602,1.0221271560210712,0.13133482882813505,0.8793975673724818,0.2860903647170628,1.1815914753996584,0.34535173888378917
346,-0.11146146146146146,6.8078716101065195,6.672331610897976,6.692880821247762,6.297541981407643,6.282482345462514,5.681056947247602,5.099947310959276,5.319282245352251,5.476168119942812,1.0215742112804451,0.13132656862302022,0.8785872480872577,0.2858607194774347,1.1813260818036007,0.3452910052432897
347,-0.11106106106106106,6.8113646900507305,6.675771021877287,6.696647088811842,6.301543503143864,6.286450833333242,5.6855411154538675,5.103914007869162,5.323558248771861,5.480917378692621,1.0210217215579338,0.1313179584193506,0.8777806127307437,0.2856300677397352,1.181057535732388,0.345229626222294
348,-0.11066066066066066,6.814852945104174,6.679205726769697,6.700407731863514,6.3055342941762165,6.290413035901711,5.690019102210485,5.107875277654165,5.327828672334321,5.485660806828967,1.020469681851257,0.13130900069898233,0.8769776727499017,0.28539841965390284,1.1807858138058616,0.34516761379671046
349,-0.11026026026026026,6.818336381454766,6.682635728436431,6.704162724420821,6.309514342032481,6.294368966708144,5.694490878049368,5.1118311118412025,5.332093529494639,5.490398400460738,1.01991808798547,0.13129969965625848,0.8761784334140712,0.2851657891632315,1.180510901297469,0.3451049837604298
350,-0.10985985985985985,6.821815005616333,6.6860610299659955,6.707912041464563,6.313483648594844,6.298318640179028,5.6989564130861226,5.115781501159513,5.33635283227751,5.495130155431975,1.01936693664293,0.13129006117038844,0.8753828938772253,0.2849321939325751,1.1802327921281615,0.3450417556430367
351,-0.10945945945945945,6.8252888244217,6.689481634670183,6.71165565899322,6.31744222994312,6.302262071580575,5.703415677098696,5.1197264355382615,5.340606591232894,5.4998560673043375,1.0188162253899748,0.13128009277305913,0.8745910472554791,0.28469765526638796,1.1799514888362774,0.3449779526170307
352,-0.10905905905905905,6.828757845014837,6.692897546079742,6.715393554075095,6.321390116161793,6.306199276970725,5.7078686396072555,5.123665904107968,5.344854815398382,5.504576131339966,1.0182659527002575,0.13126980361145532,0.8738028807194687,0.28446219801704414,1.1796670025237417,0.3449136013950538
353,-0.10865865865865865,6.832222074842094,6.696308767939765,6.719125704897577,6.325327351111917,6.310130273149851,5.712315269955186,5.127599895205729,5.349097512268441,5.509290342484739,1.017716117974724,0.13125920440683733,0.8730183756010896,0.284225850483762,1.1793793527791059,0.34484873211748085
354,-0.10825825825825824,6.835681521642541,6.699715304204782,6.722852090813458,6.3292539921691295,6.314055077610343,5.7167555373909025,5.131528396384261,5.353334687770358,5.513998695352067,1.0171667215581999,0.13124830740886972,0.8722375075140432,0.2839886443025992,1.1790885675779907,0.34478337823088007
355,-0.10785785785785784,6.839136193437447,6.703117159033578,6.7265726923842415,6.333170109928515,6.317973708485188,5.721189411150241,5.1354513944246465,5.357566346246955,5.5187011842072735,1.0166177647525902,0.1312371263458458,0.8714602464879111,0.283750614327856,1.1787946831612364,0.34471757635773753
356,-0.10745745745745744,6.842586098518926,6.70651433678375,6.730287491420334,6.337075787877962,6.321886184495755,5.725616860539236,5.13936887535277,5.361792490445899,5.523397802952627,1.0160692498266877,0.13122567637103463,0.8706865571149538,0.28351179850539454,1.1784977438916573,0.3446513661579856
357,-0.10705705705705704,6.846031245437766,6.709906842006012,6.7339964710181155,6.340971122040971,6.325792524898905,5.730037855016957,5.143280824459329,5.366013121515551,5.528088545113146,1.0155211800226072,0.13121397400533868,0.8699163987093126,0.28327223773831156,1.178197802089801,0.34458479018283666
358,-0.10665665665665666,6.8494716429904985,6.713294679438263,6.737699615593792,6.344856220590421,6.329692749433585,5.734452364278274,5.147187226323373,5.370228239007227,5.532773403823209,1.0149735595588565,0.13120203707647055,0.869149725477882,0.2830319757454302,1.1778949178495388,0.3445178937214204
359,-0.10625625625625626,6.852907300205717,6.716677853999433,6.74139691091402,6.348731203434532,6.333586878267093,5.738860358336244,5.151088064839179,5.374437840883679,5.537452371814067,1.0144263936301119,0.1311898846548778,0.868386486702359,0.2827910589131054,1.1775891588342033,0.34445072464078913
360,-0.10585585585585586,6.8563382263297,6.720056370783113,6.745088344123252,6.352596201776493,6.3374749319411245,5.7432618076039015,5.154983323246495,5.378641923533685,5.542125441402295,1.013879688403703,0.13117753698662002,0.8676266269318399,0.2825495361408479,1.1772806000539575,0.3443833332198104
361,-0.10545545545545545,6.859764430811357,6.723430235050995,6.748773903767773,6.356451357649183,6.341356931317771,5.747656682975249,5.158872984163817,5.382840481792541,5.546792604479308,1.0133334510128946,0.13116501542345652,0.8668700861853301,0.28230745868126744,1.1769693236253254,0.344315771977548
362,-0.10505505505505505,6.863185923286552,6.726799452226123,6.752453579816434,6.360296823426569,6.3452328975256345,5.752044955905212,5.16275702962478,5.387033508968239,5.551453852501971,1.0127876895469974,0.1311523423503651,0.866116800163507,0.2820648799748772,1.17665541851366,0.3442480954966746
363,-0.10465465465465465,6.866602713561834,6.730164027885984,6.756127363678021,6.364132761313113,6.3491028519061645,5.7564265984883285,5.1666354411173,5.391220996873149,5.556109176484342,1.0122424130384224,0.13113954111072654,0.8653667004691753,0.28182185548024896,1.17633898025943,0.3441803602424938
364,-0.10425425425425425,6.870014811597617,6.733523967755429,6.759795248215312,6.3679593428129815,6.352966815960404,5.760801583535977,5.170508199625458,5.395402935860946,5.56075856699068,1.0116976314467128,0.1311266359294489,0.8646197148356313,0.2815784425001085,1.1760201106892711,0.3441126243781877
365,-0.10385385385385384,6.873422227490855,6.736879277699473,6.763457227755791,6.371776748180444,6.35682481129624,5.765169884651944,5.17437528567391,5.399579314868552,5.565402014129686,1.0111533556396775,0.13111365183423765,0.8638757673623793,0.28133470000384325,1.1756989176126904,0.3440449475768121
366,-0.10345345345345344,6.876824971457247,6.740229963715957,6.767113298099031,6.375585165853207,6.360676859576329,5.769531476306092,5.17823667937457,5.403750121462839,5.570039507550115,1.0106095973717055,0.1311006145753052,0.8631347787574428,0.2810906884470309,1.1753755145054297,0.3439773908307218
367,-0.10305305305305304,6.88022305381302,6.743576031928099,6.770763456520766,6.379384791870206,6.3645229824668,5.773886333905983,5.182092360475513,5.4079153418918215,5.574671036437743,1.0100663692593674,0.13108755054373297,0.8623966665856323,0.2808464695884706,1.1750500201804281,0.3439100162589136
368,-0.10265265265265264,6.883616484956338,6.746917488576952,6.774407701773701,6.383175829275601,6.368363201586885,5.77823443386624,5.185942308411782,5.412074961140044,5.5792965895137625,1.0095236847544236,0.13107448668876692,0.8616613455220545,0.28060210630529747,1.174722558447447,0.343842886912954
369,-0.10225225225225223,6.887005275348377,6.750254340013778,6.778046034085039,6.386958487510532,6.3721975384595755,5.782575753675483,5.189786502357964,5.41622896298793,5.583916155034645,1.0089815581143375,0.13106145043427928,0.8609287276101841,0.2803576624066946,1.1743932577623033,0.3437760665820214
370,-0.10185185185185183,6.89038943549411,6.753586592692355,6.781678455150814,6.390732981794414,6.376026014463432,5.786910271960652,5.193624921282322,5.4203773300747455,5.588529720793502,1.0084400043704322,0.1310484695946558,0.8601987225237885,0.2801132024467588,1.1740622508668173,0.3437096195976787
371,-0.10145145145145146,6.893768975922845,6.75691425316123,6.7853049681270505,6.394499532497314,6.3798486507856635,5.7912379685485735,5.197457544002254,5.424520043964905,5.593137274122974,1.0078990392938088,0.13103557229035384,0.859471237832026,0.27986879153702154,1.1737296744204735,0.34364361063890997
372,-0.10105105105105106,6.897143907168582,6.760237328055927,6.7889255776177935,6.39825836450527,6.383665468376575,5.795558824524621,5.201284349240882,5.428657085217322,5.597738801899681,1.0073586793591573,0.13102278686338256,0.8587461792669673,0.2796244951591814,1.173395668624911,0.3435781045380212
373,-0.10065065065065065,6.900514239750202,6.763555824091142,6.792540289660086,6.402009706579947,6.387476487905467,5.799872822288287,5.205105315684568,5.432788433457475,5.602334290550251,1.0068189417066034,0.13101014179293086,0.8580234509929674,0.27938037897851364,1.1730603768421861,0.34351316608789845
374,-0.10025025025025025,6.903879984151567,6.766869748052912,6.796149111705944,6.405753790714643,6.391281729718126,5.804179945605585,5.2089204220411025,5.4369140674519105,5.606923726058935,1.0062798441017196,0.13099766561140902,0.857302955877025,0.2791365086585196,1.1727239452080498,0.3434488598512403
375,-0.09984984984984985,6.907241150801559,6.7701791067908,6.799752052601396,6.409490851487993,6.3950812137959385,5.80848017965811,5.212729647098395,5.441033965184844,5.6115070939768374,1.0057414048938516,0.13098538682111122,0.8565845957596083,0.2788929496772544,1.1723865222411365,0.3433852499722064
376,-0.09944944944944945,6.910597750054098,6.773483907210086,6.803349122562669,6.413221125417235,6.398874959716756,5.812773511088674,5.216532969783413,5.445148103936565,5.616084379432758,1.005203642972898,0.13097333381174442,0.8558682717251362,0.2786497671458493,1.1720482584492582,0.3433223999910524
377,-0.09904904904904904,6.913949792168219,6.776784156263993,6.806940333149594,6.416944850312559,6.402662986617562,5.817059928043386,5.220330369221174,5.449256460363329,5.620655567145635,1.0046665777246995,0.1309615347790396,0.8551538843715322,0.2784070256296811,1.1717093059337944,0.3432603726622139
378,-0.09864864864864864,6.917297287288209,6.780079860945956,6.81052569723632,6.4206622646341875,6.406445313159022,5.821339420210098,5.224121824793579,5.453359010578442,5.625220641438612,1.004130228985172,0.13095001764466133,0.854441334078145,0.27816478897264135,1.1713698179932486,0.3431992297763237
379,-0.09824824824824824,6.92064024542388,6.783371028281943,6.814105228979417,6.424373606853766,6.410221957491968,5.825611978853121,5.22790731619784,5.457455730234196,5.629779586254695,1.0035946169933485,0.13093880997762605,0.8537305212713886,0.27792312012494247,1.171029948727039,0.3431390319866161
380,-0.09784784784784784,6.923978676431018,6.786657665322847,6.817678943783479,6.4280791148216885,6.413992937225901,5.829877596844142,5.231686823504357,5.461546594604405,5.634332385173992,1.0030597623434703,0.13092793891743634,0.8530213466874482,0.27768208097489333,1.1706898526405571,0.34307983864016717
381,-0.09744744744744743,6.927312589992042,6.789939779136964,6.821246858264305,6.4317790251417675,6.417758269399526,5.834136268689267,5.2354603272137705,5.465631578667204,5.63887902143252,1.0025256859362819,0.13091743109910695,0.8523137116314757,0.277441732185023,1.1703496842524606,0.34302170761436335
382,-0.09704704704704703,6.930641995596928,6.79321737680255,6.824808990209773,6.435473572554912,6.421517970453396,5.838387990552149,5.239227808313031,5.469710657187833,5.643419477942548,1.0019924089296797,0.13090731258029661,0.8516075182325763,0.2772021330329648,1.1700095977053009,0.3429646951590293
383,-0.09664664664664663,6.933966902524438,6.7964904654005025,6.828365358538504,6.43916298933313,6.425272056204683,5.842632760273138,5.242989248330292,5.473783804801133,5.647953737314454,1.0014599526888595,0.13089760877069018,0.850902669694078,0.2769633412574423,1.1696697463803614,0.34290885574454627
384,-0.09624624624624623,6.937287319823691,6.799759052007136,6.831915983256441,6.442847504685419,6.429020541824129,5.8468705773844425,5.246744629388405,5.47785099609345,5.6524817818800415,1.0009283387361223,0.13088834436382513,0.8501990705384211,0.2767254129097271,1.1693302825177805,0.34285424191635405
385,-0.09584584584584585,6.940603256296125,6.803023143687106,6.835460885411442,6.446527344176826,6.432763441815166,5.85110144312125,5.250493934256863,5.481912205683709,5.657003593717296,1.0003975887004772,0.13087954327150467,0.8494966268461825,0.2764884022108705,1.1689913568427988,0.34280090415612713
386,-0.09544544544544545,6.943914720477889,6.806282747486458,6.839000087045997,6.450202729162061,6.4365007699952725,5.8553253604288225,5.254237146402006,5.4859674083033685,5.661519154676534,0.999867724267184,0.13087122856094816,0.8487952464886309,0.27625236141502835,1.1686531181991082,0.34274889074994697
387,-0.09504504504504505,6.947221720622696,6.8095378704258245,6.842533611148207,6.453873876235013,6.440232539479538,5.859542333965539,5.257974250035323,5.490016578875023,5.666028446407878,0.9993387671273865,0.13086342239482837,0.8480948393533064,0.2760173406791728,1.1683157131901838,0.3426982476637524
388,-0.09464464464464464,6.950524264685187,6.812788519493788,6.8460614816011365,6.4575409966952835,6.443958762666466,5.863752370101903,5.261705230159674,5.494059692589409,5.670531450390015,0.9988107389279763,0.1308561459743022,0.847395317562165,0.2757833879394248,1.1679792858294091,0.3426490184263052
389,-0.09424424424424424,6.953822360304839,6.816034701640406,6.849583723130656,6.461204296033076,6.4476794512260085,5.867955476915533,5.2654300726133,5.498096724980566,5.675028147960184,0.9982836612218178,0.1308494194851794,0.8466965956817403,0.2755505487942813,1.1676439771998923,0.34260124401991676
390,-0.09384384384384384,6.957116014790445,6.819276423770914,6.853100361251909,6.464863973433468,6.451394616089825,5.8721516641821605,5.269148764111476,5.502127651998963,5.6795185203453205,0.9977575554184726,0.13084326204731225,0.8459985909249269,0.27531886639493447,1.1673099251246928,0.3425549627791288
391,-0.09344344344344344,6.9604052351052115,6.822513692739611,6.856611422214529,6.468520221301187,6.455104267443766,5.87634094336267,5.272861292285646,5.5061524500823635,5.6840025486942904,0.9972324427355564,0.1308376916673209,0.8453012233439294,0.27508838134288627,1.1669772638482598,0.3425102102975313
392,-0.09304304304304303,6.9636900278525,6.825746515343946,6.860116932946728,6.472173224806916,6.458808414722545,5.880523327586215,5.276567645719951,5.5101710962242265,5.6884802141111495,0.996708344150852,0.1308327251947324,0.8446044160139825,0.2748591315950473,1.1666461237297827,0.3424670193428785
393,-0.09264264264264263,6.966970399262247,6.828974898318792,6.863616920998396,6.4758231614560575,6.462507066606596,5.884698831629504,5.280267813985009,5.514183568039472,5.692951497689346,0.9961852803553015,0.13082837828161284,0.8439080952074577,0.2746311523764491,1.1663166309491433,0.34242541978061797
394,-0.09224224224224223,6.970246355178092,6.832198848330947,6.867111414483332,6.479470200680853,6.466200231021082,5.888867471892264,5.283961787668853,5.518189843827447,5.697416380546788,0.995663271706996,0.1308246653457558,0.843212190558029,0.27440447610072033,1.1659889072260896,0.34238543850594555
395,-0.09184184184184183,6.973517901045232,6.83541837197383,6.870600442020743,6.4831145034567115,6.469887915137016,5.893029266369003,5.287649558404924,5.522189902631903,5.701874843861712,0.9951423381862762,0.13082159953748848,0.8425166352145389,0.2741791322984401,1.1656630695532615,0.3423470993844795
396,-0.09144144144144142,6.976785041899053,6.838633475762412,6.874084032676142,6.486756221943444,6.473570125374461,5.897184234617123,5.291331118897045,5.526183724297874,5.7063268689092315,0.9946224993520532,0.13081919271013223,0.8418213659843172,0.27395514755343586,1.1653392299435936,0.3423104232015793
397,-0.09104104104104102,6.980047782354536,6.841844166128371,6.877562215901767,6.490395499152142,6.477246867407776,5.901332397721493,5.295006462941295,5.530171289525305,5.710772437098518,0.9941037742994531,0.13081745539415887,0.8411263234656617,0.27373254544711634,1.1650174951926213,0.342275427620372
398,-0.09064064064064065,6.98330612659648,6.84505044941547,6.881035021476669,6.49403246863831,6.480918146172837,5.905473778255553,5.298675585444719,5.534152579919311,5.715211530010494,0.9935861816188823,0.1308163967750655,0.8404314521692474,0.2735113465108812,1.1646979666561683,0.34224212714848357
399,-0.09024024024024024,6.986560078370556,6.84825233187519,6.884502479446584,6.497667254221748,6.484583965876213,5.909608400239087,5.302338482440823,5.538127578036969,5.7196441294359675,0.9930697393566107,0.13081602467498113,0.8397367006282865,0.2732915681866197,1.1643807400438142,0.342210533113457
400,-0.08983983983983984,6.9898096409752135,6.8514498196625855,6.88796462006372,6.501299969733733,6.4882443300062045,5.9137362890927525,5.305995151101817,5.542096267430541,5.7240702174141,0.9925544649769507,0.13081634553801638,0.8390420214972313,0.2730732247953253,1.1640659052285456,0.34218065364683503
401,-0.08943943943943944,6.993054817254453,6.854642918832395,6.891421473726595,6.504930718791831,6.491899241345717,5.917857471589491,5.309645589747566,5.546058632687068,5.728489776271114,0.9920403753261264,0.13081736441934394,0.8383473716389095,0.2728563275138048,1.1637535460729054,0.3421524936768401
402,-0.08903903903903904,6.996295609591494,6.8578316353354,6.894873070920051,6.508559594602699,6.4955487019868885,5.921971975802953,5.313289797851241,5.5500146594642485,5.7329027886591515,0.9915274865978992,0.1308190849780004,0.8376527121999678,0.272640884359443,1.1634437402719215,0.34212605492958004
403,-0.08863863863863863,6.9995320199033335,6.86101597501503,6.898319442155562,6.51218667979312,6.499192713347405,5.926079831053067,5.316927776041644,5.553964334522563,5.737309237595177,0.9910158143010249,0.13082150947339055,0.8369580086745416,0.2724269001829852,1.1631365592130756,0.3421013359386807
404,-0.08823823823823823,7.002764049636226,6.864195943604224,6.90176061791197,6.5158120462694615,6.502831276188433,5.930181067848881,5.320559526102232,5.557907645753606,5.741709106499824,0.9905053732286015,0.1308246387654554,0.836263230956106,0.2722143766692603,1.1628320678534712,0.34207833206322674
405,-0.08783783783783783,7.005991699762083,6.867371546722547,6.905196628576763,6.519435755105627,6.506464390634102,5.93427571782883,5.324185050966826,5.561844582204587,5.746102379236092,0.9899961774293761,0.1308284723184712,0.8355683533774959,0.27200331234576614,1.1625303246143694,0.34205703551388383
406,-0.08743743743743743,7.009214970775806,6.870542789873561,6.908627504388023,6.523057856459579,6.510092056192457,5.938363813698578,5.327804354712049,5.565775134099012,5.750489040147789,0.9894882401810468,0.13083300820842747,0.8348733547390897,0.27179370259900515,1.1622313812931795,0.34203743538703485
407,-0.08703703703703702,7.0124338626935625,6.873709678442455,6.912053275377149,6.526678389518359,6.513714271777787,5.94244538916659,5.331417442546513,5.569699292853522,5.754869074097618,0.9889815739656228,0.13083824313392828,0.8341782183252209,0.2715855396984596,1.1619352829929483,0.342019517706768
408,-0.08663663663663662,7.015648375052001,6.876872217693933,6.915473971312486,6.530297382471496,6.517331035734274,5.946520478877573,5.335024320796807,5.5736170510909115,5.7592424665048165,0.9884761904468694,0.1308441724305589,0.833482931908876,0.2713788128280699,1.1616420680693633,0.3420032654745353
409,-0.08623623623623622,7.018858506908418,6.880030412770351,6.918889621643955,6.53391485251264,6.52094234586086,5.95058911834398,5.338624996890319,5.577528402649357,5.763609203382231,0.9879721004498816,0.13085079008863723,0.8327874877447721,0.27117350812506785,1.1613517680952312,0.34198865872626616
410,-0.08583583583583582,7.022064256841874,6.883184268690127,6.922300255448804,6.53753080586914,6.52454819943725,5.954651343875714,5.34221947933499,5.581433342587873,5.767969271372748,0.9874693139428049,0.1308580887742847,0.8320918825509719,0.2709696087259959,1.1610644078423251,0.34197567459672584
411,-0.08543543543543544,7.025265622955254,6.886333790346385,6.925705901378585,6.541145237859268,6.528148593250968,5.958707192508214,5.345807777696028,5.585331867188069,5.7723226577849704,0.986967840020735,0.13086605985371824,0.8313961174791608,0.27076709481974504,1.1607800052804975,0.34196428739089413
412,-0.08503503503503504,7.028462602878281,6.889478982505875,6.929106587607452,6.544758132976694,6.531743523625371,5.962756701929096,5.349389902569697,5.589223973952239,5.7766693506280475,0.9864676868918049,0.1308746934206896,0.8307001980737975,0.2705659437074156,1.1604985715938652,0.3419544686621024
413,-0.08463463463463464,7.03165519377146,6.892619849808125,6.9325023417818805,6.5483694650017545,6.535332986448534,5.96679991040351,5.3529658655542445,5.593109661597873,5.781009338645558,0.9859688618654704,0.13088397832695767,0.8300041342203294,0.2703661298687941,1.1602201112138648,0.3419461872966889
414,-0.08423423423423423,7.034843392330969,6.895756396764854,6.9358931909719175,6.55197919713901,6.5389169772029225,5.9708368566984085,5.356535679218089,5.596988930048652,5.785342611348365,0.9854713713430054,0.13089390221570538,0.8293079400827212,0.27016762503524766,1.1599446218689191,0.341939409604899
415,-0.08383383383383383,7.038027194794473,6.898888627759631,6.939279161624025,6.555587282180517,6.542495490995744,5.974867580005883,5.36009935706534,5.600861780422034,5.789669159046338,0.9849752208101974,0.13090445155778613,0.8286116340305618,0.269970398268791,1.159672094650418,0.3419340994177466
416,-0.08343343343343343,7.041206596947846,6.9020165470477695,6.9426602795156365,6.559193662694166,6.546068522589907,5.978892119865757,5.363656913498797,5.604728215013511,5.7939889728788625,0.9844804148322361,0.1309156116906896,0.8279152385560188,0.26977441604710867,1.1594025140946742,0.34193021818955205
417,-0.08303303303303303,7.044381594132818,6.90514015875647,6.946036569711473,6.5627982712364235,6.549636066435482,5.98291051608762,5.367208363780516,5.60858823727765,5.7983020448440445,0.9839869570507941,0.13092736686011017,0.827218780180959,0.26957964235427645,1.1591358582805131,0.3419277251058604
418,-0.08263263263263262,7.047552181255497,6.9082594668851875,6.94940805652174,6.566401030588716,6.55319811670157,5.986922808672464,5.370753723990089,5.612441851806037,5.80260836782653,0.9834948501832664,0.13093970026399038,0.8265222893545656,0.26938603877693185,1.1588720989420507,0.341926577196427
419,-0.08223223223223222,7.05071835279578,6.9113744753062445,6.9527747634622346,6.5700018540166685,6.556754667308512,5.990929037734119,5.374293010980758,5.616289064302234,5.806907935623864,0.9830040960241573,0.13095259409892718,0.825825800341793,0.2691935646056319,1.1586112015962526,0.3419267294529632
420,-0.08183183183183182,7.053880102817615,6.914485187765653,6.9561367132164635,6.573600645551359,6.56030571196031,5.994929243420657,5.377826242333505,5.620129881553891,5.8112007429712955,0.9825146954485838,0.13096602960878945,0.8251293511030315,0.2690021769411252,1.1583531256847945,0.34192813495131547
421,-0.08143143143143142,7.0570374249801215,6.917591607884167,6.959493927599828,6.577197300291715,6.563851244177204,5.99892346583594,5.3813534363092534,5.623964311402137,5.815486785564975,0.9820266484178586,0.1309799871354412,0.8244329831653648,0.2688118308052649,1.1580978247297238,0.3419307449777544
422,-0.08103103103103101,7.0601903125495165,6.920693739158548,6.962846427525928,6.580791704727102,6.567391257328301,6.002911744961496,5.384874611799339,5.627792362708402,5.8197660600834595,0.9815399539871215,0.13099444617140513,0.8237367414858265,0.26862247925627164,1.1578452465023905,0.3419345091590402
423,-0.08063063063063061,7.063338758411855,6.9237915849630385,6.966194232975049,6.5843837370791665,6.57092574466416,6.006894120578888,5.388389788274386,5.631614045318809,5.824038564207466,0.9810546103149744,0.13100938541435148,0.8230406743070635,0.2684340735080655,1.1575953332051063,0.34193937559592513
424,-0.08023023023023021,7.066482755086546,6.926885148551038,6.969537362964879,6.587973267661906,6.574454699349269,6.010870632192753,5.391898985731759,5.635429370026284,5.828304296637809,0.9805706146750724,0.13102478282325603,0.8223448330058495,0.2682465630533603,1.157348021664936,0.3419452909997534
425,-0.07982982982982983,7.069622294740623,6.929974433056974,6.972875835523508,6.591560159258962,6.577978114494313,6.014841318954683,5.395402224641734,5.639238348530554,5.832563257111456,0.9800879634696229,0.13104061567609057,0.8216492719348744,0.26805989579023065,1.1571032435390387,0.34195220083181627
426,-0.07942942942942943,7.072757369203746,6.933059441498366,6.97620966766473,6.5951442675170435,6.581495983188141,6.018806219588106,5.398899525892565,5.6430409933961885,5.836815446415672,0.9796066522447339,0.13105686062889477,0.8209540482582788,0.26787401815183853,1.1568609255309101,0.3419600494451105
427,-0.07902902902902903,7.075887969983905,6.936140176778068,6.979538875365704,6.598725441354415,6.585008298529386,6.022765372314336,5.402390910734589,5.646837318008824,5.841060866400166,0.9791266757075637,0.13107349377608576,0.8202592217813891,0.26768887523901486,1.1566209896169233,0.34196878022815363
428,-0.07862862862862863,7.079014088283797,6.939216641686683,6.982863473547005,6.602303523383328,6.588515053657619,6.0267188147799615,5.405876400723551,5.650627336529784,5.845299519987229,0.9786480277451952,0.13109049071185683,0.8195648547751206,0.2675044109553835,1.1563833532824743,0.34197833575050385
429,-0.07822822822822822,7.08213571501786,6.942288838905159,6.986183476055065,6.60587835034527,6.592016241783984,6.030666583985701,5.409356017663313,5.65441106384921,5.8495314111798,0.9781707014451838,0.13110782659251288,0.8188710117955359,0.26732056814471494,1.156147929767087,0.3419886579096426
430,-0.07782782782782782,7.085252840829901,6.945356771007519,6.989498895647049,6.6094497535578745,6.5955118562212345,6.034608716216909,5.412829783548096,5.65818851553792,5.853756545067441,0.9776946891177004,0.13112547619959053,0.8181777594990302,0.2671372887301896,1.1559146283177746,0.34199968807884934
431,-0.07742742742742742,7.088365456111335,6.948420440463768,6.992809743978175,6.613017559372342,6.599001890413104,6.0385452469758585,5.416297720504444,5.6619597077981245,5.857974927830177,0.9772199823192068,0.1311434140036227,0.8174851664536482,0.26695451385525903,1.155683354449979,0.34201136725574494
432,-0.07702702702702702,7.0914735510199485,6.9514798496429275,6.996116031591479,6.616581589640199,6.602486337962927,6.042476210915951,5.419759850733068,5.665724657413201,5.862186566740183,0.9767465718775814,0.13116161422837808,0.8167933029469938,0.26677218402577846,1.1554540102153734,0.342023636211129
433,-0.07662662662662661,7.094577115499206,6.954535000816211,6.999417767910043,6.620141662188206,6.6059651926614675,6.046401641777987,5.42321619645073,5.669483381696681,5.866391470161298,0.9762744479186293,0.13118005091544294,0.8161022407912639,0.2665902392531024,1.1552264944758224,0.34203643563778413
434,-0.07622622622622621,7.097676139298023,6.957585896160321,7.00271496123167,6.623697591300258,6.60943844851387,6.050321572328631,5.426666779832337,5.673235898440625,5.870589647546343,0.9758035998938863,0.13119869798898237,0.8154120531258535,0.26640861919781594,1.1550007031827842,0.3420497062988941
435,-0.07582582582582581,7.100770611990999,6.960632537760868,7.006007618726017,6.627249188205066,6.612906099765692,6.054236034301205,5.430111622953408,5.676982225863557,5.874781109432245,0.975334016609647,0.13121752932053551,0.8147228142180568,0.266227263313786,1.154776529661439,0.342063389175734
436,-0.07542542542542541,7.103860522999059,6.963674927615897,7.009295746434165,6.630796261568456,6.6163681409279445,6.0581450583389085,5.433550747733072,5.680722382558123,5.878965867432949,0.9748656862571295,0.13123651879369652,0.8140345992623412,0.2660461109922193,1.154553864898816,0.3420774256143017
437,-0.075025025025025,7.106945861610475,6.966713067639511,7.012579349270615,6.634338617989117,6.619824566801099,6.062048673940606,5.436984175877761,5.684456387438638,5.883143934230122,0.9743985964436943,0.13125564036853174,0.8133474841786673,0.2658651017054125,1.1543325978352184,0.3420917574705527
438,-0.07462462462462463,7.110026617002224,6.969746959665588,7.015858431027686,6.637876062496606,6.623275372498014,6.06594690940927,5.440411928825744,5.688184259688683,5.887315323561667,0.9739327342250317,0.13127486814558717,0.8126615454103503,0.2656841751498795,1.1541126156582076,0.34210632725391665
439,-0.07422422422422423,7.113102778261654,6.972776605451578,7.019132994382302,6.641408399050469,6.62672055346572,6.0698397918031946,5.443834027692663,5.691906018708932,5.891480050208029,0.973468086138234,0.13129417642934105,0.811976859721934,0.2655032713885438,1.1538938040984539,0.34212107826876365
440,-0.07382382382382383,7.116174334408409,6.97580200668238,7.02240304090512,6.6449354310393405,6.630160105506029,6.073727346890061,5.447250493218209,5.695621684065326,5.895638129976343,0.9730046382356632,0.13131353979096433,0.8112935039975354,0.2653223309917055,1.1536760477267411,0.3421359547535215
441,-0.07342342342342342,7.119241274416592,6.978823164974265,7.0256685710719795,6.648456961778863,6.633594024794935,6.077609599103955,5.450661345714093,5.699331275437797,5.899789579682414,0.9725423761195264,0.13133293313024078,0.8106115550401314,0.26514129517646423,1.153459230251416,0.3421509020171203
442,-0.07302302302302302,7.122303587237098,6.9818400818788735,7.028929584277639,6.6519727950073495,6.637022307900761,6.081486571505407,5.454066605013447,5.703034812569642,5.903934417130574,0.9720812849770749,0.13135233173651478,0.80993108937223,0.2649601059443106,1.1532432348156159,0.34216586657246834
443,-0.07262262262262262,7.12536126182011,6.984852758887246,7.032186078851735,6.655482735378068,6.640444951801019,6.085358285744543,5.457466290421778,5.7067323152177325,5.908072661091443,0.9716213496163342,0.13137171134853382,0.8092521830383674,0.2647787062165971,1.1530279442935747,0.3421807962666739
444,-0.07222222222222222,7.128414287137702,6.987861197433894,7.035438052076941,6.658986588947088,6.643861953897966,6.089224762027388,5.460860420669626,5.710423803103674,5.9122043312776205,0.9711625545022791,0.1313910482130474,0.8085749114098726,0.26459703996759487,1.1528132415853423,0.34219564040771555
445,-0.07182182182182181,7.131462652206512,6.990865398900894,7.038685500209266,6.662484163655646,6.64727331203282,6.093086019085409,5.464249013867029,5.714109295866062,5.916329448317364,0.9707048837933672,0.13141031914204318,0.8078993489923084,0.2644150523548651,1.152599009909272,0.34221034988729343
446,-0.07142142142142141,7.1345063461104425,6.993865364622009,7.041928418500427,6.665975269805999,6.650679024498624,6.096942074148334,5.467632087459929,5.717788813013959,5.920448033726278,0.9702483213783408,0.13142950156848854,0.8072255692359938,0.26423268984667114,1.152385133091631,0.3422248772995978
447,-0.07102102102102101,7.137545358023358,6.996861095886803,7.04516680122226,6.6694597205297805,6.6540790900517255,6.1007929429202825,5.471009658188612,5.721462373881714,5.924560109877094,0.9697928509132118,0.13144857360046333,0.8065536443500184,0.2640499003461611,1.1521714958526996,0.3422391770557343
448,-0.0706206206206206,7.14057967723174,6.999852593944776,7.048400641693085,6.672937332247888,6.657473507921885,6.104638639559273,5.474381742048306,5.725129997585252,5.928665699967558,0.9693384558583458,0.13146751407356103,0.8058836451201165,0.2638666333120721,1.151957984088767,0.34225320549356064
449,-0.0702202202202202,7.143609293157244,7.0028398600094715,7.05162993230597,6.676407925120965,6.660862277820976,6.108479176660101,5.477748354252026,5.728791702979934,5.932764827986527,0.9688851195155543,0.1314863026014534,0.8052156407307786,0.26368283987570035,1.1517444851494112,0.3422669209827077
450,-0.0698198198198198,7.146634195379144,7.005822895262578,7.054854664558826,6.6798713234895875,6.664245399950281,6.112314565240643,5.481109509195759,5.732447508620095,5.936857518678293,0.9684328250651211,0.13150491962450472,0.8045496985919434,0.26349847295390166,1.1515308881095174,0.34228028402455296
451,-0.0694194194194194,7.149654373656607,7.008801700858003,7.058074829086253,6.6833273563032645,6.667622875006393,6.1161448147315705,5.484465220426067,5.736097432720363,5.940943797505246,0.9679815556026697,0.13152334645634017,0.8038858841706287,0.2633134873578908,1.1513170840354512,0.34229325734694666
452,-0.06901901901901902,7.1526698179507715,7.0117762779259065,7.061290415693068,6.686775857537438,6.670994704185703,6.1199699329695,5.487815500610196,5.739741493118843,5.945023690608912,0.9675312941757992,0.1315415653282632,0.8032242608278014,0.26312783989761906,1.1511029662448777,0.34230580599348687
453,-0.06861861861861862,7.155680518446586,7.014746627576704,7.064501413389436,6.690216666597671,6.674360889187487,6.123789926193576,5.491160361508764,5.7433797072422585,5.9490972247694645,0.9670820238204082,0.1315595594314349,0.8025648896608202,0.2629414894815176,1.1508884305596998,0.3423178974071569
454,-0.06821821821821822,7.158686465574372,7.017712750905008,7.067707810427517,6.693649628710248,6.677721432215609,6.1276047990454705,5.494499813951067,5.747012092073119,5.953164427363772,0.966633727596624,0.13157731295672587,0.8019078293517253,0.2627543972114076,1.1506733755516292,0.34232950150815783
455,-0.06781781781781782,7.161687650031072,7.020674648993513,7.0709095943395495,6.697074595298494,6.681076335978835,6.131414554572783,5.497833867813087,5.750638664118984,5.957225326322081,0.9661863886242685,0.13159481113216365,0.8012531360216608,0.2625665264723931,1.150457702779922,0.34234059076578127
456,-0.06741741741741741,7.1646840628011565,7.023632322916822,7.074106751977297,6.700491424344082,6.684425603689787,6.135219194235834,5.5011625319982285,5.754259439383903,5.961279950083402,0.9657399901177907,0.1316120402578896,0.8006008630916954,0.26237784301754924,1.150241317020834,0.3423511402641669
457,-0.06701701701701701,7.167675695177141,7.0265857737451904,7.077299269552735,6.703899980732714,6.687769239062549,6.139018717917801,5.504485814420835,5.757874433342053,5.965328327549712,0.9652945154205772,0.13162898773857054,0.7999510611502689,0.2621883150472519,1.1500241264883644,0.3423611277618311
458,-0.06661661661661661,7.170662538779692,7.029535002548195,7.080487132679927,6.707300136583531,6.691107246308939,6.142813123938173,5.507803721992504,5.761483660913661,5.969370488039029,0.9648499480386002,0.13164564211318708,0.7993037778275215,0.26199791328298283,1.1498060430459005,0.34237053374483356
459,-0.0662162162162162,7.173644585577277,7.0324800103983085,7.0836703264179794,6.710691771561701,6.6944396301334965,6.146602409069477,5.511116260611247,5.765087136443213,5.973406461237495,0.9644062716733138,0.13166199308214893,0.798659057676682,0.2618066110354805,1.1495869824083835,0.34237934147349963
460,-0.0658158158158158,7.176621827905326,7.035420798374391,7.086848835314976,6.714074773173649,6.6977663957271725,6.150386568557216,5.514423435153476,5.768684873680019,5.977436277150532,0.9639634702537453,0.13167803153168647,0.7980169420627434,0.261614384267102,1.1493668643346346,0.34238753702260016
461,-0.0654154154154154,7.179594258484893,7.038357367565067,7.090022643452806,6.717449037044417,6.701087548759794,6.154165596142982,5.517725249468861,5.772276885761128,5.981459966053191,0.9635215279677216,0.13169374955546845,0.7973774690585778,0.261421211648281,1.1491456128095325,0.3423951093149254
462,-0.065015015015015,7.182561870440746,7.0412897190720045,7.093191734492797,6.720814467176723,6.704403095371308,6.157939484090657,5.521021706378036,5.775863185196628,5.98547755843978,0.9630804292921743,0.131709140473411,0.7967406733486735,0.2612270746079805,1.1489231562157256,0.34240205014819375
463,-0.0646146146146146,7.1855246573189016,7.044217854013077,7.0963560917220345,6.724170976191295,6.70771304216185,6.161708223215647,5.524312807673148,5.779443783857344,5.989489084972887,0.9626401590224596,0.13172419884764502,0.7961065861406184,0.2610319573780526,1.148699427494608,0.3424083542152621
464,-0.0642142142142142,7.188482613103539,7.047141773525406,7.099515698100287,6.727518485548095,6.711017396180675,6.1654718029170645,5.527598554121241,5.7830186929649186,5.993494576431897,0.9622007023006595,0.13173892049561697,0.7954752350844774,0.2608358470314282,1.1484743642963091,0.3424140191176087
465,-0.06381381381381382,7.191435732233286,7.05006147876828,7.102670536307436,6.730856925748119,6.714316164913996,6.169230211212788,5.530878945470455,5.786587923084299,5.997494063661111,0.9617620446427909,0.13175330250030423,0.7948466442001606,0.2606387335140751,1.1482479091184565,0.34241904537208256
466,-0.06341341341341342,7.1943840096168366,7.0529769709259424,7.105820588791302,6.7341862365154705,6.717609356271767,6.172983434777297,5.534153980458997,5.790151484118595,6.001487577517569,0.9613241719649049,0.13176734321753114,0.7942208338128857,0.2604406096706803,1.148020009433536,0.3424234364109283
467,-0.06301301301301301,7.197327440647889,7.055888251210249,7.108965837815784,6.737506366959446,6.720896978573445,6.176731458982198,5.537423656826856,5.793709385306301,6.005475148818698,0.9608870706080117,0.13178104228038376,0.7935978204968123,0.26024147126401803,1.1477906178046375,0.34242719857510584
468,-0.06261261261261261,7.200266021219368,7.058795320863181,7.112106265509191,6.7408172757164255,6.724179040532813,6.180474267939346,5.540687971330219,5.797261635220863,6.009456808289881,0.9604507273618053,0.1317944006007196,0.7929776170269102,0.26004131698798616,1.1475596919894626,0.3424303411009504
469,-0.06221221221221221,7.203199747736907,7.061698181159216,7.115241853912685,6.744118931071399,6.727455551241868,6.184211844546448,5.54394691975853,5.800808241772544,6.013432586512061,0.9600151294871447,0.1318074203677879,0.7923602323391059,0.2598401484743066,1.1473271950324497,0.34243287610021766
470,-0.061811811811811807,7.206128617131579,7.064596833407554,7.11837258502873,6.7474113110589755,6.730726520153864,6.187944170535061,5.547200496954143,5.80434921221257,6.017402513869494,0.9595802647372654,0.13182010504396297,0.7917456714987425,0.25963797029289293,1.1470930953449194,0.3424348185335907
471,-0.061411411411411404,7.2090526268718484,7.067491278954194,7.121498440869448,6.750694403543791,6.733991957065532,6.1916712265208345,5.550448696834497,5.807884553139496,6.021366620497755,0.9591461213776875,0.1318324593576263,0.7911339356773732,0.2594347899459162,1.1468573667731539,0.3424361861777328
472,-0.061011011011011,7.21197177497472,7.070381519183848,7.1246194035047825,6.753968206280253,6.737251872098559,6.19539299205594,5.553691512416744,5.811414270507753,6.025324936232108,0.9587126882047953,0.1318444892932113,0.7905250221378708,0.2592306178555918,1.146619988654373,0.3424369995859761
473,-0.0606106106106106,7.214886060016073,7.07326755552171,7.12773545511037,6.757232726951597,6.740506275680351,6.199109445683498,5.556928935844757,5.814938369638319,6.029277490556346,0.9582799545630681,0.13185620207845386,0.7899189242278629,0.2590254673457528,1.1463809458605478,0.342437282042777
474,-0.0602102102102102,7.2177954811401674,7.076149389435055,7.130846578015042,6.760487983188277,6.743755178524169,6.202820564993948,5.56016095841843,5.81845685523145,6.033224312552218,0.9578479103609414,0.13186760616888393,0.7893156313814407,0.2588193546172576,1.1461402288300724,0.3424370595120498
475,-0.059809809809809794,7.220700038068292,7.079027022434681,7.133952754747829,6.763734002565732,6.746998591608665,6.206526326683173,5.563387570625188,5.821969731381408,6.037165430849536,0.9574165460852773,0.13187871122960626,0.7887151291291113,0.25861229871732044,1.1458978335872858,0.3424363605795287
476,-0.05940940940940939,7.223599731106559,7.081900456076189,7.137053968084411,6.7669708225816345,6.7502365261569,6.210226706612306,5.566608762173607,5.825477001593117,6.041100873577082,0.956985852814444,0.13188952811442248,0.7881173991159303,0.2584043215028442,1.1456537617499056,0.3424352163893127
477,-0.05900900900900899,7.226494561152816,7.084769691961094,7.1401502010928874,6.770198490612734,6.753468993614893,6.213921679869031,5.569824522029058,5.828978668800666,6.045030668314401,0.956555822229981,0.13190006884235309,0.7875224191277386,0.2581954475978695,1.1454080205244082,0.34243366057476654
478,-0.05860860860860859,7.229384529702674,7.08763473173777,7.143241437178808,6.7734170638514595,6.756696005629758,6.217611220830294,5.573034838451247,5.832474735387588,6.048954842044605,0.9561264466268505,0.1319103465716229,0.7869301631254194,0.2579857043452426,1.1451606226894664,0.342431729183947
479,-0.05820820820820821,7.232269638854638,7.090495577102229,7.14632766012935,6.776626609222479,6.759917574027494,6.2212953032262535,5.57623969903358,5.835965203208818,6.052873421108269,0.9556977189222715,0.1319203755711766,0.7863406012870747,0.2577751217526376,1.1449115865675268,0.34242946059976265
480,-0.05780780780780781,7.235149891314336,7.093352229798729,7.149408854156568,6.779827203279447,6.763133710790493,6.224973900205343,5.579439090744207,5.839450073614263,6.056786431158524,0.9552696326631331,0.1319301711898074,0.7857537000580098,0.25756373243307146,1.1446609359846645,0.34242689545506444
481,-0.05740740740740741,7.238025290397831,7.096204691620218,7.152485003939638,6.783018932082201,6.766344428034821,6.228646984400313,5.582632999968651,5.842929347473868,6.060693897117445,0.9548421820319954,0.1319397498229692,0.7851694222083881,0.257351571540059,1.1444087002188703,0.3424240765428852
482,-0.057007007007007005,7.240895840034015,7.099052964408609,7.155556094665995,6.7862018910547075,6.769549737987327,6.232314527995099,5.585821412553904,5.846403025204095,6.064595843133823,0.9544153618516753,0.13194912887736335,0.7845877268984316,0.2571386766975714,1.1441549139369174,0.342421048722055
483,-0.0566066066066066,7.243761544766092,7.1018970500548795,7.158622112071302,6.78937618482408,6.7727496529626565,6.235976502792385,5.589004313853842,5.849871106795736,6.068492292542415,0.9539891675884338,0.13195832673338737,0.784008569751002,0.256925087924973,1.1438996171200158,0.3424178588184351
484,-0.0562062062062062,7.246622409752123,7.1047369504990145,7.161683042478167,6.792541927041039,6.775944185340217,6.2396328802817065,5.59218168877588,5.85333359184292,6.072383267824755,0.9535635953537702,0.13196736270554157,0.783431902931408,0.2567108475571131,1.143642854978451,0.342414555522005
485,-0.0558058058058058,7.249478440764655,7.1075726677297775,7.164738872833531,6.795699240182205,6.779133347541164,6.243283631707972,5.595353521828701,5.856790479573249,6.07626879057161,0.953138641904842,0.13197625700088803,0.7828576752342472,0.25649600015977314,1.1433846778554442,0.34241118928007136
486,-0.055405405405405395,7.252329644189422,7.1104042037843165,7.167789590744657,6.798848255334632,6.782317152005458,6.246928728140231,5.598519797170944,5.860241768878943,6.080148881447167,0.9527143046435226,0.1319850306756702,0.7822858321771166,0.25628059244066376,1.143125141120464,0.34240781218685684
487,-0.05500500500500499,7.255176027023128,7.113231560747612,7.170835184513654,6.801989111963061,6.785495611169064,6.250568140540579,5.601680498660729,5.863687458348884,6.084023560155025,0.9522905816141205,0.1319937055901927,0.7817163161009706,0.25606467315618325,1.1428643050522678,0.3424044778697312
488,-0.05460460460460459,7.258017596870303,7.116054740751756,7.17387564317047,6.805121957660349,6.788668737441335,6.254201839833027,5.604835609905873,5.867127546301464,6.087892845406056,0.9518674714997774,0.13200230436207483,0.7811490662769291,0.25584829301416007,1.1426022347119489,0.34240124137237815
489,-0.05420420420420419,7.260854361939252,7.118873745975081,7.176910956504284,6.8082469478815915,6.791836543182663,6.257829796972225,5.607985114314678,5.870562030818121,6.091756754888225,0.9514449736175732,0.13201085031798934,0.7805840190193094,0.2556315045727997,1.1423389998062843,0.34239815903516585
490,-0.053803803803803785,7.263686331037087,7.121688578641124,7.179941115093248,6.811364245662478,6.794999040682416,6.261451983011865,5.611128995147144,5.873990909777455,6.095615305238412,0.9510230879123603,0.13201936744399975,0.780021107804657,0.25541436213606983,1.1420746745416976,0.342395288373018
491,-0.05340340340340338,7.266513513563871,7.124499241017446,7.182966110332518,6.814474021322441,6.798156242137257,6.2650683691726625,5.614267235566484,5.877414180889821,6.099468512016309,0.9506018149493624,0.13202788033461704,0.7794602633965212,0.25519692164576496,1.141809337469178,0.34239268795107414
492,-0.05300300300300301,7.269335919505854,7.1273057354142955,7.185985934460513,6.817576452153179,6.801308159629872,6.268678926909752,5.617399818690806,5.88083184173228,6.103316389680454,0.9501811559055565,0.13203641414069195,0.7789014139757379,0.25497924057049265,1.1415430713204824,0.34239041725843306
493,-0.052602602602602605,7.2721535594278395,7.130108064183126,7.18900058058338,6.8206717220931745,6.804454805108157,6.272283627979379,5.620526727644819,5.884243889783809,6.107158951566432,0.9497611125598869,0.13204499451626753,0.778344485275957,0.2547613777918275,1.141275962835993,0.3423885365802791
494,-0.0522022022022022,7.274966444464678,7.1329062297149735,7.192010042697575,6.823760021388844,6.80759619036495,6.27588244450474,5.623647945611446,5.887650322460655,6.110996209867323,0.9493416872823315,0.13205364756451318,0.777789400724135,0.254543393487899,1.1410081025846044,0.3423871068686993
495,-0.0518018018018018,7.2777745863119,7.135700234438692,7.1950143157105675,6.826841546242964,6.810732327018302,6.2794753490408635,5.626763455883203,5.8910511371517345,6.114828175616407,0.9489228830218616,0.13206239978286533,0.7772360815857317,0.2543253490146494,1.1407395847760124,0.342386189612472
496,-0.0514014014014014,7.280577997215509,7.138490080819057,7.198013395459587,6.829916498451077,6.813863226492392,6.2830623146383795,5.629873241913204,5.894446331253954,6.11865485867219,0.9485047032933402,0.13207127800749974,0.7766844471143114,0.25410730678504806,1.1404705070658299,0.3423858467061532
497,-0.051001001001000995,7.283376689960946,7.141275771354734,7.201007278728408,6.832985085026553,6.816988899999085,6.286643314906077,5.632977287365696,5.897835902207373,6.122476267705769,0.9480871521633818,0.1320803093572613,0.776134414705265,0.253889330146498,1.1402009703539058,0.34238614031873915
498,-0.05060060060060059,7.286170677861247,7.144057308576129,7.203995963262122,6.8360475178150475,6.820109358520209,6.290218324072109,5.636075576165954,5.901219847530082,6.126292410190576,0.947670234235235,0.13208952117717687,0.7755859000533518,0.25367148325672256,1.1399310785763046,0.342387132762221
499,-0.05020020020020019,7.288959974744405,7.146834695043111,7.206979447779884,6.839104013099085,6.823224612790571,6.293787317043739,5.639168092549448,5.9045981648527075,6.130103292394504,0.9472539546327126,0.13209894098167715,0.7750388173137447,0.25345383095838253,1.1396609384913503,0.3423888863603167
500,-0.04979979979979979,7.291744594939956,7.1496079333426215,7.209957731985593,6.842154791193522,6.826334673281774,6.297350269465513,5.642254821110137,5.907970851952446,6.133908919374472,0.9468383189832199,0.13210859639765496,0.77449307926628,0.2532364386526919,1.1393906594601912,0.3423914633176848
501,-0.049399399399399385,7.29452455326482,7.152377026086176,7.212930816576515,6.8452000760326746,6.829439550186844,6.300907157775747,5.645335746847789,5.911337906786521,6.13770929497339,0.9464233333999303,0.13211851510747943,0.7739485974825843,0.2530193721723028,1.1391203532223364,0.3423949255898945
502,-0.04899899899899898,7.297299865008402,7.155141975907257,7.215898703249793,6.84824009474988,6.832539253405737,6.304457959261217,5.648410855214191,5.914699327524976,6.141504421819588,0.9460090044631435,0.13212872479209783,0.7734052824957532,0.25280269765371904,1.1388501336666135,0.3423993347544623
503,-0.04859859859859858,7.300070545916994,7.157902785458611,7.218861394706873,6.851275077250314,6.835633792531722,6.308002652109962,5.651480132158158,5.918055112582713,6.145294301328665,0.9455953392008825,0.1321392530743357,0.7728630439722607,0.2525864814095013,1.138580116598022,0.34240475188320574
504,-0.04819819819819818,7.302836612177478,7.1606594574094515,7.221818894655814,6.854305255777861,6.838723176838704,6.311541215462086,5.65454356416921,5.921405260650688,6.149078933707789,0.9451823450687661,0.13215012746253194,0.7723217908857555,0.25237078980052646,1.1383104195009455,0.3424112374162176
505,-0.047797797797797775,7.305598080400381,7.163411994442571,7.224771207811478,6.857330864476866,6.841807415269493,6.315073629458489,5.657601138319834,5.924749770726171,6.15285831796242,0.9447700299292182,0.13216137529460947,0.771781431692417,0.2521556891085518,1.1380411612992167,0.3424188510377052
506,-0.0473973973973974,7.308354967602291,7.166160399251379,7.2277183398936105,6.860352138949612,6.844886516425061,6.318599875287408,5.660652842306215,5.928088642142007,6.156632451905467,0.9443584020300462,0.13217302368271241,0.7712418745075234,0.2519412454093515,1.1377724621134897,0.34242765155397514
507,-0.046996996996997,7.311107291187661,7.168904674536861,7.230660297622817,6.8633693158103535,6.847960488554788,6.322119935228713,5.663698664487337,5.9314218745947755,6.160401332168831,0.9439474699824532,0.13218509945851797,0.7707030272828984,0.2517275244466566,1.1375044430164407,0.34243769677379765
508,-0.046596596596596596,7.3138550689300335,7.171644823004468,7.233597088714426,6.866382632236763,6.851029339547753,6.325633792695858,5.66673859392238,5.934749468171805,6.164164954217344,0.9435372427385199,0.13219762911932967,0.7701647979848759,0.25151459150716154,1.1372372257862524,0.34244904339141313
509,-0.04619619619619619,7.316598318952712,7.174380847360946,7.236528721870264,6.869392325519641,6.854093076925046,6.329141432275425,5.669772620406304,5.938071423376947,6.167923312365054,0.9431277295682142,0.1322106387750704,0.76962709477246,0.2513025112968215,1.1369709326588944,0.34246174687240105
510,-0.04579579579579579,7.319337059708909,7.17711275031111,7.239455206768363,6.8723986326117545,6.857151707833155,6.33264283976419,5.672800734503552,5.9413877411550535,6.17167639979384,0.9427189400359712,0.1322241540962715,0.7690898261753042,0.2510913478186879,1.1367056860796905,0.3424758613426455
511,-0.04539539539539539,7.322071309961399,7.179840534554572,7.2423765540506055,6.875401789676659,6.860205239038419,6.336138002203635,5.675822927579786,5.944698422915107,6.17542420857431,0.9423108839769021,0.13223820026316535,0.7685529012711979,0.250881164252503,1.1364416084546485,0.3424914394806152
512,-0.044994994994994986,7.324801088761703,7.18256420278242,7.245292775308332,6.878402031638375,6.863253676922558,6.339626907911876,5.678839191831588,5.948003470551928,6.179166729688945,0.9419035714726696,0.1322528019159718,0.7680162298626737,0.25067202283627216,1.1361788219020688,0.34250853241315304
513,-0.04459459459459458,7.3275264154288475,7.18528375767387,7.248203883065955,6.881399591732758,6.866297027479306,6.3431095465129195,5.68184952031406,5.951302886466419,6.182903953057449,0.9414970128270895,0.13226798310648188,0.7674797226524305,0.25046398475003867,1.135917448004896,0.34252718961498346
514,-0.04419419419419418,7.330247309527714,7.187999201892886,7.251109890762584,6.884394701061462,6.869335296312125,6.3465859089632195,5.684853906966252,5.954596673584298,6.18663586756424,0.9410912185415014,0.13228376725102323,0.7669432914171954,0.25025711000205925,1.1356576075643263,0.34254745881210963
515,-0.04379379379379378,7.332963790847023,7.190710538084777,7.254010812731717,6.887387588149299,6.8723684886330245,6.350055987575501,5.687852346634373,5.957884835373274,6.190362461088044,0.9406861992899588,0.13230017708489097,0.7664068491797039,0.2500514573175799,1.1353994203551339,0.34256938588927655
516,-0.043393393393393376,7.33567587937698,7.193417768872784,7.256906664179027,6.890378478505892,6.8753966092624825,6.353519776039782,5.690844835092731,5.961167375858623,6.194083720533525,0.9402819658942884,0.13231723461833306,0.7658703103784592,0.24984708403041062,1.1351430048832012,0.3425930148016678
517,-0.04299299299299297,7.3383835952866185,7.196120896854659,7.259797461158279,6.8933675941924255,6.878419662630453,6.356977269441608,5.693831369062353,5.964444299637143,6.197799631864887,0.9398785292990602,0.1323349610941586,0.7653335910349148,0.249644045977473,1.1348884781457425,0.34261838749096535
518,-0.04259259259259257,7.341086958900866,7.198819924599235,7.262683220545439,6.8963551533943495,6.881437652778472,6.360428464277424,5.69681194622725,5.9677156118894485,6.201510180141381,0.9394759005465255,0.13235337694704866,0.7647966089177877,0.24944239739650229,1.13463595539466,0.3426455438059337
519,-0.042192192192192196,7.343785990677385,7.2015148546430146,7.265563960010998,6.8993413700008475,6.884450583362838,6.363873358467102,5.6997865652482895,5.970981318390582,6.205215349554654,0.9390740907515583,0.1323725017646333,0.7642592837041485,0.24924219082706559,1.1343855499035127,0.34267452142763166
520,-0.041791791791791794,7.346480711183201,7.204205689486769,7.268439697990593,6.902326453191879,6.887458457658874,6.3673119513636,5.702755225774659,5.974241425518931,6.208915123467853,0.9386731110766573,0.13239235425039764,0.7637215371369804,0.24904347701505028,1.1341373727385562,0.3427053557993707
521,-0.04139139139139139,7.349171141071162,7.206892431592147,7.2713104536539435,6.905310607033592,6.89046127856624,6.370744243759731,5.705717928452888,5.977495940263423,6.212609484456419,0.9382729727070358,0.13241295218848087,0.7631832931788931,0.2488463048207791,1.133891532534267,0.3427380800615227
522,-0.04099099099099099,7.351857301056273,7.20957508337832,7.274176246872195,6.908294030082882,6.893459048615294,6.374170237892051,5.708674674933411,5.980744870229001,6.216298414350476,0.9378736868258675,0.13243431241041342,0.7626444781616987,0.24865072113088157,1.1336481352738157,0.34277272499125944
523,-0.040590590590590586,7.35453921189192,7.212253647218667,7.2770370981837065,6.911276915001861,6.896451769974482,6.3775899374418765,5.7116254678746765,5.983988223640376,6.219981894278742,0.937475264589709,0.13245645076384766,0.7621050209315341,0.24845677077405184,1.133407284074894,0.3428093189472989
524,-0.040190190190190184,7.357216894346036,7.214928125437476,7.279893028758347,6.914259448182978,6.899439444458728,6.381003347533414,5.7145703109447865,5.987226009344039,6.2236599047138705,0.9370777171041514,0.13247938208332377,0.7615648529892577,0.24826449644081783,1.133169078981306,0.34284788781972186
525,-0.03978978978978978,7.35989036917723,7.217598520306721,7.282744060360391,6.917241809385515,6.902422073538808,6.3844104747290435,5.717509208820672,5.9904582368085615,6.227332425519123,0.9366810553997437,0.13250312016310856,0.7610239086258365,0.2480739386074278,1.1329336167607298,0.34288845498491044
526,-0.03938938938938938,7.362559657110933,7.220264834042871,7.285590215310035,6.920224171384136,6.905399658351697,6.387811327021756,5.720442167184811,5.993684916123177,6.230999435996297,0.9362852904082191,0.13252767773214416,0.7604821250524562,0.24788513546395408,1.1327009907090202,0.3429310412656398
527,-0.038988988988988976,7.365224778815561,7.222927068803767,7.288431516443659,6.923206699630207,6.908372199711826,6.391205913824779,5.723369192719514,5.996906057994664,6.234660914934797,0.9358904329390735,0.13255306643113163,0.7599394425250926,0.24769812284670903,1.1324712904614358,0.34297566489636133
528,-0.038588588588588574,7.367885754878776,7.225585226685561,7.2912679870728665,6.926189551926481,6.911339698123262,6.3945942459584195,5.726290293098775,6.0001216737425445,6.238316840661766,0.9354964936565222,0.13257929679178068,0.7593958044633086,0.247512934175055,1.1322446018111336,0.34302234149368077
529,-0.03818818818818817,7.370542605783832,7.228239309719734,7.294099650942394,6.929172878115827,6.914302153792755,6.397976335634153,5.7292054769777385,6.003331775292634,6.241967191093156,0.935103483056881,0.13260637821823798,0.7588511575630277,0.24732960039267896,1.1320210065352774,0.3430710840320415
530,-0.03778778778778777,7.373195351886079,7.230889319870177,7.296926532186972,6.932156819784536,6.917259566643619,6.401352196436005,5.732114753979795,6.0065363751689524,6.245611943785663,0.9347114114463978,0.13263431897071604,0.7583054519030747,0.24714814991340062,1.1318005822290713,0.3431219028246067
531,-0.037387387387387366,7.375844013389629,7.233535259030372,7.299748655287202,6.93514150998083,6.920211936330426,6.404721843299272,5.735018134681353,6.009735486484043,6.249251075989397,0.9343202889195764,0.1326631261513279,0.7577586410452691,0.2469686085715649,1.1315834021480362,0.3431748055093131
532,-0.036986986986986964,7.378488610324233,7.236177129020646,7.302566045024553,6.938127072949054,6.923159262254468,6.408085292486621,5.737915630594325,6.012929122927721,6.252884564701206,0.9339301253380142,0.1326928056921392,0.7572106821278669,0.24679099957706982,1.1313695350588069,0.34322979704008366
533,-0.03658658658658659,7.3811291625224085,7.238814931585532,7.305378726435534,6.941113623880084,6.926101543579942,6.411442561561647,5.74080725414637,6.016117298754307,6.25651238671852,0.9335409303097977,0.13272336234543422,0.7566615359521912,0.24661534347506583,1.1311590450987181,0.34328687968314425
534,-0.03618618618618619,7.383765689596823,7.241448668391219,7.308186724765158,6.944101268678411,6.929038779250839,6.414793669359915,5.743693018658957,6.019300028768376,6.260134518693646,0.9331527131694684,0.13275479967619935,0.756111167062254,0.24644165811035593,1.1309519916444337,0.34334605301841153
535,-0.035785785785785784,7.386398210917994,7.244078341023112,7.310990065419752,6.947090103746317,6.931970968008466,6.418138635957581,5.7465729383233,6.022477328309076,6.2637509371883615,0.932765482958603,0.13278712005681273,0.7555595438172442,0.24626995859652165,1.1307484291898389,0.3434073139458808
536,-0.03538538538538538,7.3890267455923215,7.246703950983501,7.3137887739192236,6.95008021578557,6.934898108409588,6.42147748263764,5.749447028174221,6.025649213233061,6.267361618728733,0.932379248407024,0.13282032466393148,0.7550066384567253,0.24610025728978957,1.1305484072334167,0.34347065669696347
537,-0.03498498498498498,7.3916513124404855,7.249325499689338,7.316582875848868,6.953071681616972,6.937820198845128,6.424810231853899,5.75231530406202,6.028815699896103,6.270966539860039,0.9319940179146644,0.1328544134775656,0.7544524271584252,0.24593256376763675,1.1303519701752878,0.3435360728506842
538,-0.03458458458458458,7.394271929976245,7.251942988470138,7.319372396810796,6.956064568018103,6.940737237559381,6.428136907192713,5.75517778262242,6.031976805133428,6.274565677201682,0.9316097995341187,0.1328893852823138,0.7538968900885209,0.24576688481214734,1.1301591572240857,0.34360355135466863
539,-0.034184184184184174,7.396888616385657,7.254556418566,7.322157362375088,6.959058931579529,6.943649222669703,6.4314575333326145,5.75803448124465,6.03513254623884,6.278159007501993,0.9312266009538915,0.1329252376707474,0.7533400114443114,0.24560322439810134,1.1299700023138148,0.3436730785508239
540,-0.03378378378378377,7.39950138950675,7.257165791125749,7.324937798030748,6.9620548185797375,6.946556152186618,6.434772136001883,5.760885418037773,6.038282940942708,6.281746507692805,0.9308444294823711,0.13296196704890745,0.7527817794892145,0.24544158368578414,1.1297845340308112,0.34374463820561546
541,-0.03338338338338337,7.402110266809691,7.259771107205217,7.327713729136573,6.965052264879007,6.949458024034308,6.4380807419341615,5.763730611795312,6.041428007388856,6.285328154943709,0.9304632920325409,0.13299956864390167,0.7522221865800334,0.24528196101849986,1.1296027755509215,0.34381821154484526
542,-0.03298298298298297,7.404715265377447,7.2623723677656455,7.330485180871998,6.968051295832366,6.952354836071418,6.441383378822211,5.766570081958286,6.044567764110456,6.288903926715861,0.9300831951074493,0.1330380365135512,0.7516612291864382,0.24512435192475066,1.1294247445869632,0.34389377729280823
543,-0.032582582582582564,7.407316401886987,7.264969573672234,7.333252178188043,6.97105192622179,6.95524658611215,6.444680075269898,5.769403848576733,6.047702230004959,6.292473800815248,0.929704144786453,0.1330773635580692,0.7510989079026439,0.24496874912505898,1.1292504533465555,0.3439713117157225
544,-0.03218218218218216,7.409913692591053,7.2675627256928195,7.336014745758434,6.974054160207711,6.958133271947566,6.447970860742511,5.772231932269822,6.050831424308177,6.296037755445314,0.9293261467122459,0.13311754153372132,0.7505352274512902,0.24481514254338121,1.1290799085003203,0.3440507886693045
545,-0.03178178178178176,7.412507153300506,7.270151824496702,7.338772907930992,6.9770579912998985,6.96101489136708,6.4512557655155165,5.77505435418465,6.053955366567549,6.2995957692588185,0.928949206078684,0.13315856106843862,0.7499701966795034,0.24466351932307434,1.128913111160506,0.344132179650366
546,-0.031381381381381385,7.415096799367284,7.272736870653611,7.341526688679387,6.98006340234772,6.963891442180066,6.45453482062185,5.7778711359538235,6.057074076614699,6.303147821408849,0.9285733276194249,0.13320041167932714,0.7494038285471899,0.24451386384736137,1.128750056870012,0.34421545385230157
547,-0.030980980980980982,7.4176826456679885,7.275317864632816,7.344276111555349,6.98307036554975,6.966762922237537,6.457808057797858,5.780682299651919,6.060187574537347,6.306693891598883,0.92819851559738,0.13324308179204292,0.7488361401075886,0.2443661577642363,1.1285907356017835,0.3443005782243325
548,-0.03058058058058058,7.420264706588129,7.277894806802393,7.347021199641421,6.986078842482655,6.9696293294538485,6.4610755094279915,5.783487867750956,6.063295880650651,6.31023396013178,0.9278247737949943,0.13328655876197304,0.7482671524801479,0.24422038001574872,1.1284351317685375,0.3443875175343624
549,-0.030180180180180177,7.422842996007033,7.280467697428623,7.349761975504357,6.989088784149256,6.972490661828367,6.464337208488379,5.786287863074947,6.066399015468074,6.313768007957639,0.9274521055053606,0.13333082889717854,0.7476968908157912,0.24407650687159782,1.1282832242427525,0.3444762344353065
550,-0.029779779779779775,7.425417527283451,7.283036536675563,7.352498461149234,6.99210013104561,6.975346917467057,6.4675931884893725,5.789082308753685,6.069496999671832,6.3172960167204035,0.9270805135241662,0.13337587748304472,0.7471253842546752,0.24393451196696633,1.1281349863868164,0.34456668953474556
551,-0.029379379379379372,7.42798831324187,7.285601324604744,7.355230677974391,6.995112813246932,6.978198094603928,6.470843483417202,5.791871228175823,6.072589854083038,6.32081796880313,0.9267100001424837,0.13342168880858427,0.7465526658765274,0.24379436634451115,1.1279903860932439,0.3446588414677544
552,-0.02897897897897897,7.4305553661595525,7.288162061175036,7.3579586467272575,6.9981267505121325,6.98104419162231,6.4740881276748405,5.794654644941412,6.0756775996315815,6.324333847371835,0.9263405671403954,0.1334682461943408,0.7459787726436943,0.24365603850043732,1.1278493858348102,0.34475264697275676
553,-0.028578578578578567,7.433118697754319,7.290718746242665,7.3606823874611855,7.001141852406712,6.98388520707587,6.477327156022214,5.7974325828139746,6.078760257325866,6.3278436364178265,0.9259722157814706,0.13351553202182667,0.745403745337041,0.24351949443455773,1.1277119427244728,0.3448480609702417
554,-0.028178178178178165,7.43567831917308,7.293271379561365,7.363401919493334,7.004158018443714,6.986721139709369,6.480560603515854,5.8002050656722455,6.081837848222454,6.331347320798442,0.9256049468080711,0.1335635277644445,0.7448276284848256,0.24338469770425838,1.127578008584897,0.3449450366441991
555,-0.027777777777777762,7.438234240981155,7.295819960782707,7.366117261363726,7.007175138242409,6.989551988479058,6.483788505448141,5.802972117461684,6.084910393395721,6.334844886276116,0.9252387604375064,0.13361221401982273,0.7442504702847538,0.24325160948226496,1.1274475300274005,0.345043525526099
556,-0.02737737737737736,7.440786473152345,7.298364489456551,7.3688284307955305,7.010193091704343,6.992377752572709,6.487010897286241,5.805733762145888,6.08797791390759,6.338336319555687,0.9248736563590118,0.13366157054350897,0.7436723225193355,0.24312018861811277,1.12732044854012,0.3451434775812679
557,-0.026976976976976957,7.443335025059825,7.3009049650316715,7.371535444656664,7.013211749206355,6.9951984314292,6.490227814610855,5.8084900236580035,6.091040430777429,6.341821608319889,0.9245096337315619,0.133711576283953,0.7430932404647919,0.2429903917032223,1.1271967005851626,0.3452448412974889
558,-0.026576576576576555,7.445879905467822,7.303441386856516,7.374238318922776,7.016230971810131,6.998014024757629,6.493439293054926,5.811240925852273,6.094097964952185,6.345300741262945,0.9241466911825086,0.13376220941871153,0.7425132827936636,0.2428621731394634,1.1270762177045233,0.3453475637756697
559,-0.026176176176176152,7.448421122524105,7.305973754180117,7.376937068641715,7.019250611487843,7.000824532555896,6.496645368242392,5.81398649245581,6.097150537276851,6.348773708122196,0.9237848268070257,0.13381344739181328,0.7419325114713693,0.24273548521109917,1.1269589266344844,0.3454515908224084
560,-0.025775775775775778,7.450958683753299,7.308502066153148,7.379631707899511,7.022270511363367,7.00362995512872,6.499846075727145,5.816726747020734,6.100198168465309,6.352240499707712,0.9234240381683656,0.13386526695221415,0.7413509916469154,0.2426102781599964,1.1268447494282645,0.3455568670442907
561,-0.025375375375375375,7.45349259605101,7.3110263218291225,7.38232224978799,7.025290505968593,7.006430293105041,6.503041450932279,5.819461712876764,6.103240879071667,6.355701107929822,0.9230643222989123,0.13391764419326768,0.7407687915380115,0.2424865002639786,1.1267336035865987,0.3456633359437608
562,-0.024974974974974973,7.456022865678788,7.313546520165736,7.3850087063740375,7.028310421514246,7.00922554745476,6.506231529089776,5.8221914130844015,6.1062786894621235,6.359155525824506,0.9227056757020135,0.13397055459314974,0.7401859823108201,0.2423640979181972,1.1266254021959679,0.34577094001638053
563,-0.02457457457457457,7.458549498259913,7.31606266002634,7.387691088670623,7.031330076174688,7.012015719504793,6.50941634518074,5.824915870388785,6.109311619787462,6.3626037475766,0.9223480943545899,0.13402397305615885,0.7396026379546038,0.24224301571939708,1.1265200540741767,0.34587962084933177
564,-0.024174174174174168,7.461072498776013,7.31857474018156,7.39036940660961,7.03434928038609,7.0148008109543785,6.512595933876292,5.827635107174363,6.112339689956224,6.366045768540775,0.9219915737105013,0.13407787395482199,0.7390188351515332,0.24212319655293757,1.126417463922933,0.3459893192209682
565,-0.023773773773773765,7.463591871564517,7.321082759311038,7.393043669016429,7.037367837157355,7.017580823889612,6.515770329479253,5.83034914542045,6.115362919608644,6.369481585260241,0.9216361087046567,0.13413223117273432,0.7384346531419204,0.24200458168244135,1.126317532487117,0.34609997520127495
566,-0.023373373373373363,7.466107620316936,7.323586716005307,7.395713883586665,7.040385542393189,7.020355760797179,6.5189395658667175,5.833058006657814,6.118381328091396,6.372911195483133,0.921281693757854,0.1341870181480594,0.7378501735851591,0.24188711084192913,1.1262201567203998,0.34621152825303936
567,-0.02297297297297296,7.468619748077976,7.326086608767793,7.398380056864604,7.043402185228635,7.023125624577229,6.522103676433657,5.835761711926352,6.121394934433234,6.376334598176571,0.9209283227823332,0.13424220791760938,0.7372654804166553,0.24177072233028818,1.1261252299568358,0.34632391733358764
568,-0.022572572572572558,7.471128257245472,7.328582436016928,7.4010421942238045,7.046417548374426,7.025890418555385,6.525262694037623,5.838460281734,6.124403757321568,6.37975179353833,0.920575989188023,0.13429777316143937,0.7366806597010359,0.24165535310794944,1.1260326420880957,0.34643708099690335
569,-0.022172172172172155,7.473633149571147,7.331074196088397,7.403700299849715,7.049431408472468,7.028650146493833,6.5284166509447035,5.841153736016933,6.127407815080044,6.383162783006126,0.920224685889467,0.13435368624787428,0.7360957994819323,0.24154093889559639,1.1259422797459584,0.34655095749596354
570,-0.021771771771771753,7.476134426162182,7.333561887237479,7.4063543767244004,7.052443536460748,7.031404812601484,6.531565578776815,5.84384209410118,6.130407125647179,6.386567569264491,0.9198744053134058,0.13440991927889384,0.7355109896286314,0.2414274142747757,1.1258540264896955,0.3466654848851279
571,-0.02137137137137135,7.478632087483597,7.336045507641501,7.4090044266134045,7.055453697946981,7.034154421543165,6.534709508460431,5.846525374665724,6.1334017065561,6.389966156249207,0.9195251394070014,0.13446644413579809,0.7349263216799022,0.2413147127902417,1.1257677629979626,0.346780601122409
572,-0.020970970970970948,7.481126133361428,7.338525055402408,7.411650450054784,7.058461653590249,7.0368989784478195,6.53784847017687,5.849203595707189,6.136391574915448,6.3933585491493155,0.919176879646676,0.1345232325250802,0.7343418886853021,0.2412027670538689,1.1256833672648205,0.3468962441714526
573,-0.020570570570570573,7.483616562986695,7.341000528549408,7.4142924463503475,7.061467159489938,7.039638488915706,6.540982493314215,5.851876774506185,6.139376747391468,6.3967447544066784,0.9188296170475517,0.1345802560244273,0.7337577850442569,0.24109150884999164,1.125600714799505,0.34701235210307246
574,-0.02017017017017017,7.486103374920145,7.343471925041726,7.416930413559125,7.0644699675812115,7.042372959024552,6.54411160642099,5.854544927595402,6.142357240191356,6.400124779713096,0.9184833421734625,0.13463748612877074,0.73317410634324,0.2409808692419734,1.1255196788295376,0.3471288631961607
575,-0.01976976976976977,7.488586567097764,7.345939242771438,7.419564348493089,7.0674698260363025,7.0451023953346565,6.547235837161649,5.857208070729516,6.145333069047878,6.4034986340049835,0.9181380451475227,0.13469489429631398,0.732590949191347,0.24087077867987033,1.1254401305068031,0.34724571603782145
576,-0.019369369369369366,7.491066136837046,7.348402479566385,7.422194246715147,7.070466479670874,7.0478268048929404,6.550355212274006,5.859866218856998,6.1483042492053,6.4068663274556235,0.9177937156632257,0.13475245199445482,0.7320084110545716,0.24076116710898932,1.1253619391162066,0.34736284962255043
577,-0.018968968968968963,7.493542080843988,7.350861633193163,7.424820102539427,7.073459670354708,7.050546195235892,6.553469757528651,5.862519386093864,6.151270795406685,6.410227871465002,0.917450342996046,0.13481013074553175,0.7314265900890999,0.24065196407918854,1.125284972286486,0.34748020345031566
578,-0.01856856856856856,7.496014395220822,7.353316701360183,7.427441909033849,7.076449137425973,7.053260574391441,6.55657949769047,5.865167585699467,6.154232721882536,6.413583278647242,0.9171079160155288,0.1348679021723133,0.7308455849739122,0.2405430988547283,1.125209096202837,0.34759771762335706
579,-0.01816816816816816,7.498483075474442,7.355767681720788,7.4300596580250176,7.0794346181083405,7.05596995087971,6.559684456482314,5.867810830054351,6.157190042340863,6.416932562815669,0.9167664231978379,0.13492573804315444,0.7302654947430165,0.24043450052450702,1.1251341758209135,0.34771533294156626
580,-0.017767767767767756,7.500948116525526,7.358214571876435,7.432673340105405,7.0824158479301955,7.058674333712671,6.562784656550913,5.870449130640246,6.1601427699586475,6.4202757389655245,0.9164258526387357,0.1349836103167482,0.7296864186175898,0.24032609811249198,1.1250600750818542,0.3478329909962722
581,-0.017367367367367353,7.503409512718329,7.360657369379915,7.435282944642855,7.08539256114522,7.061373732392678,6.5658801194350875,5.873082498022246,6.163090917374759,6.423612823254376,0.9160861920669751,0.13504149118639502,0.7291084558383443,0.24021782068817502,1.1249866571279192,0.34795063426229283
582,-0.01696696696696695,7.505867257831118,7.363096071738624,7.437888459792384,7.088364491153606,7.064068156909883,6.568970865536332,5.875710941833207,6.166034496684304,6.426943832980234,0.915747428858077,0.13509935312371135,0.728531705498401,0.24010959747685748,1.124913784518387,0.34806820618808243
583,-0.01656656656656655,7.5083213450872455,7.365530676417861,7.440489872510263,7.091331370923185,7.066757617738541,6.572056914091821,5.878334470760415,6.168973519434442,6.430268786557446,0.9154095500484607,0.13515716892171495,0.7279562663769533,0.24000135796959515,1.1248413194453069,0.34818565128384027
584,-0.016166166166166146,7.51077176716683,7.367961180844169,7.443087168570398,7.09429293340975,7.069442125832187,6.5751382831499035,5.880953092534553,6.171907996621654,6.433587703490395,0.9150725423499153,0.13521491173719843,0.7273822367740276,0.2398930320326039,1.1247691239487565,0.3483029152074199
585,-0.015765765765765744,7.513218516219015,7.370387582408677,7.4456803325829535,7.097248911975876,7.072121692617714,6.578214989548123,5.883566813920987,6.174837938690475,6.436900604345062,0.9147363921643713,0.13527255513233696,0.7268097143465801,0.23978455001595786,1.1246970601312318,0.3484199448479032
586,-0.015365365365365341,7.515661583874798,7.372809878470475,7.448269348015223,7.100199040807522,7.074796329988342,6.581287048893811,5.88617564071341,6.177763355533688,6.440207510718489,0.9144010855989588,0.13533007311544334,0.7262387959462483,0.23967584286138097,1.1246249903708059,0.34853668840668667
587,-0.014964964964964966,7.518100961260397,7.375228066359981,7.450854197214711,7.103143055327759,7.077466050295488,6.5843544755473085,5.888779577729855,6.180684256493967,6.443508445206233,0.9140666084813172,0.13538744018081478,0.7256695774589804,0.23956684220895705,1.1245527775327149,0.3486530954759562
588,-0.014564564564564564,7.520536639011124,7.377642143382324,7.453434861434398,7.106080692606924,7.080130866339564,6.587417282607826,5.891378628811079,6.183600650366959,6.446803431367841,0.9137329463751366,0.13544463134759166,0.7251021536468254,0.23945748050256954,1.1244802851790217,0.34876911711439607
589,-0.014164164164164161,7.5229686072857564,7.380052106820694,7.456011320860156,7.109011691768566,7.082790791359694,6.590475481901993,5.8939727968213536,6.186512545405799,6.450092493690425,0.9134000845958993,0.13550162219757123,0.724536617992132,0.23934769109389392,1.1244073777760153,0.3488847059200178
590,-0.013763763763763759,7.525396855781363,7.382457953939708,7.458583554640272,7.111935794390512,7.085445839022388,6.593529083975106,5.896562083651628,6.189419949327036,6.4533756575504135,0.9130680082268012,0.13555838891190658,0.7239730625443964,0.23923740834475227,1.1243339208990268,0.3489998160999719
591,-0.013363363363363356,7.527821373748566,7.384859681988728,7.461151540917045,7.114852744900463,7.088096023409171,6.5965780980851125,5.899146490225094,6.192322869317934,6.456652949173545,0.9127367021348196,0.13561490830662923,0.723411577769995,0.23912656772766036,1.1242597814343367,0.34911440353722395
592,-0.012962962962962954,7.530242150007213,7.387257288205159,7.4637152568604055,7.11776229096547,7.09074135900321,6.599622532199323,5.901726016505123,6.195221312045159,6.459924395593175,0.9124061509869101,0.1356711578669341,0.7228522524050339,0.2390151059243835,1.1241848277778723,0.34922842585397257
593,-0.012562562562562551,7.532659172962429,7.389650769817709,7.466274678703514,7.120664183874718,7.093381860674941,6.602662392993882,5.904300661505571,6.198115283664776,6.463190024606996,0.9120763392662997,0.13572711578016566,0.7222951733115345,0.23890296092232474,1.1241089300303757,0.349341842471702
594,-0.012162162162162149,7.535072430621011,7.3920401240496,7.468829781780276,7.1235581789150295,7.096017543666735,6.605697685855981,5.906870423303435,6.2010047898335685,6.4664498647322315,0.9117472512888521,0.13578276096745673,0.7217404253371639,0.23879007210858297,1.1240319601887756,0.3494546146677585
595,-0.011761761761761746,7.537481910608162,7.394425348121734,7.471380540564718,7.126444035738537,7.098648423576624,6.608728414888833,5.909435299053824,6.20388983572162,6.469703945159407,0.9114188712194831,0.1358380731139489,0.7211880911787147,0.23867638036149574,1.1239537923334633,0.34956670562834086
596,-0.011361361361361344,7.539887600184495,7.39680643925579,7.47392692871219,7.129321518721973,7.101274516341115,6.611754582919382,5.911995285007233,6.206770426026122,6.472952295704782,0.9110911830885948,0.13589303269756264,0.7206382512495296,0.2385618281395176,1.1238743028112133,0.3496780804978243
597,-0.010960960960960942,7.542289486263321,7.399183394677254,7.476468919102279,7.132190397317064,7.103895838217128,6.61477619150875,5.9145503765290695,6.209646564986372,6.476194946761534,0.9107641708085091,0.13594762101625052,0.7200909835510483,0.23844635956726068,1.1237933704134877,0.3497887064243109
598,-0.010560560560560539,7.544687555428161,7.401556211618384,7.479006483883423,7.135050446391527,7.106512405763094,6.617793240965402,5.9171005681214055,6.212518256399925,6.479431929249796,0.9104378181898725,0.1360018202136929,0.7195463635486619,0.23832992051854757,1.1237108765498698,0.34989855260133074
599,-0.010160160160160137,7.547081793950455,7.403924887321081,7.481539594519111,7.137901446560177,7.109124235819227,6.620805730360989,5.919645853446901,6.215385503639829,6.482663274565633,0.9101121089580083,0.13605561330339536,0.719004464052035,0.23821245869631794,1.1236267054163993,0.3500075903056114
600,-0.009759759759759762,7.549472187807457,7.4062894190396715,7.484068221835626,7.1407431845056974,7.111731345487044,6.623813657548875,5.922186225354856,6.218248309672918,6.485889014529073,0.9097870267691922,0.13610898419113868,0.7184653551000477,0.238093923709248,1.1235407441585759,0.3501157929308491
601,-0.00935935935935936,7.551858722700261,7.408649804043608,7.486592336071233,7.14357545328863,7.11433375210813,6.626817019185279,5.92472167590934,6.2211066770790975,6.489109181331284,0.9094625552268262,0.136161917695748,0.7179291038505183,0.23797426714493447,1.1234528830288144,0.3502231360174119
602,-0.008958958958958957,7.554241384071944,7.411006039620045,7.489111906926745,7.146398052646157,7.116931473242221,6.629815810753021,5.927252196419334,6.223960608071569,6.4923238074809975,0.9091386778974906,0.1362143995681424,0.7173957744748274,0.23785344263951436,1.1233630155381589,0.350329597277921
603,-0.008558558558558554,7.556620157125786,7.413358123076319,7.491626903617382,7.149210789279289,7.119524526644628,6.632810026587817,5.929777777470821,6.22681010451794,6.495532925750302,0.9088153783268476,0.13626641650863677,0.7168654280575834,0.2377314059435804,1.1232710386020541,0.3504351566186594
604,-0.008158158158158152,7.558995026843542,7.415706051742306,7.494137294925834,7.152013477128074,7.122112930243056,6.635799659907075,5.932298408960765,6.229655167962161,6.498736569119891,0.9084926400553729,0.13631795618246062,0.7163381225014437,0.23760811498428086,1.1231768526799915,0.35053979615676867
605,-0.0077577577577577495,7.561365978003734,7.41804982297266,7.496643049256444,7.1548059376344835,7.1246967021138525,6.638784702841142,5.934814080132912,6.2324957996472214,6.501934770723889,0.9081704466338995,0.1363690072334725,0.7158139124372029,0.23748352992347668,1.1230803619088727,0.35064350023319135
606,-0.007357357357357347,7.563732995199926,7.4203894341489125,7.49914413469042,7.157587999992629,7.127275860457738,6.641765146466949,5.937324779615319,6.23533200053855,6.505127563794362,0.9078487816389411,0.1364195592960463,0.7152928491392397,0.23735761321184992,1.122981474229921,0.35074625542134336
607,-0.0069569569569569445,7.566096062858963,7.422724882681444,7.501640519041983,7.160359501386014,7.129850423575074,6.644740980843985,5.939830495459547,6.238163771348048,6.5083149816056185,0.9075276286877868,0.13646960300510985,0.7147749804464187,0.23723032963886806,1.1228801015090115,0.3508480505314917
608,-0.006556556556556542,7.568455165259138,7.425056166011312,7.504132169915359,7.1631202872115205,7.13242040984069,6.647712195052535,5.9423312151814365,6.240991112558696,6.511497057418418,0.9072069714533346,0.1365191300043195,0.7142603506885407,0.2371016463784937,1.1227761596502506,0.3509488766108311
609,-0.0061561561561561395,7.570810286548249,7.427383281611921,7.506619054762515,7.165870211289871,7.134985837678359,6.650678777234118,5.94482692580337,6.2438140244496605,6.514673824424193,0.9068867936786481,0.13656813295236087,0.7137490006183723,0.23697153303057275,1.1226695687027368,0.35104872693925415
610,-0.005755755755755737,7.573161410761532,7.429706226990558,7.509101140941535,7.168609136062317,7.137546725534929,6.6536407146340375,5.947317613897939,6.246632507121839,6.517845315689403,0.9065670791912203,0.13661660552736662,0.7132409673493717,0.23683996165780635,1.122560252960335,0.3511475970208283
611,-0.005355355355355335,7.575508521839428,7.432024999689746,7.511578395775557,7.171336932773339,7.140103091854201,6.656597993645983,5.9498032656329185,6.249446560523762,6.521011564100127,0.9062478119169164,0.13666454242944479,0.7127362842991137,0.23670690681824674,1.1224481410544058,0.3512454845709916
612,-0.004954954954954932,7.577851603645162,7.4343395972884485,7.514050786612141,7.174053481639141,7.142654955050571,6.6595505998585836,5.952283866817462,6.252256184477805,6.52417260230701,0.9059289758935838,0.13671193938132006,0.712234981138493,0.2365723455932485,1.122333166039377,0.35134238949949265
613,-0.00455455455455453,7.5801906399821,7.436650017403098,7.516518280882981,7.1767586720017835,7.145202333482525,6.662498518103832,5.954759402949407,6.255061378706603,6.527328462670668,0.9056105552843092,0.13675879312708786,0.7117370837467172,0.23643625761083173,1.122215265471089,0.35143831388911123
614,-0.004154154154154155,7.582525614610863,7.438956257688451,7.518980846163864,7.179452402468783,7.147745245426001,6.665441732507298,5.957229859263598,6.2578621428596435,6.53047917720768,0.9052925343903051,0.13680510142908878,0.711242614172131,0.2362986250644026,1.1220943814778543,0.3515332619701997
615,-0.0037537537537537524,7.58485651126616,7.441258315838264,7.521438450234743,7.182134581038036,7.150283709047705,6.66838022654002,5.959695220781125,6.26065847653992,6.533624777537253,0.9049748976634038,0.13685086306291702,0.71075159059888,0.23615943272680612,1.1219704608241519,0.35162724009109614
616,-0.00335335335335335,7.587183313673326,7.443556189585789,7.523891061139848,7.184805125207977,7.152817742378422,6.671313983071993,5.962155472359369,6.2634503793306076,6.536765294828684,0.9046576297181538,0.1368960778105702,0.7102640273194266,0.23601866795968002,1.1218434549669467,0.3517202566844717
617,-0.0029529529529529475,7.589506005564524,7.445849876704069,7.526338647247708,7.187463962072857,7.155347363286368,6.67424298442715,5.9646105987427465,6.266237850821674,6.539900759749733,0.9043407153434876,0.1369407464517649,0.7097799347129125,0.2358763207180974,1.1217133201045666,0.3518123222296821
618,-0.002552552552552545,7.591824570694602,7.448139375006067,7.528781177310987,7.19011102840308,7.157872589450659,6.677167212439724,5.967060584614052,6.269020890636362,6.543031202415993,0.9040241395139608,0.13698487075343793,0.7092993192293712,0.2357323835504892,1.1215800172181363,0.3519034492111969
619,-0.0021521521521521425,7.594138992856559,7.450424682344572,7.531218620526009,7.192746270710544,7.16039343833493,6.6800866485118995,5.969505414646283,6.271799498457467,6.546156652341389,0.9037078874005309,0.13702845345745457,0.7088221833797559,0.23558685159385098,1.1214435121055402,0.3519936520731993
620,-0.00175175175175174,7.596449255896622,7.452705796611929,7.533650946591896,7.195369645298967,7.162909927161171,6.683001273672628,5.9719450735548305,6.274573674053342,6.549277138389871,0.903391944380883,0.1370714982665627,0.7083485257317851,0.23543972256424922,1.1213037754079287,0.35208294717044675
621,-0.0013513513513513375,7.598755343728881,7.4549827157395585,7.536078125769164,7.197981118299169,7.1654220728838345,6.685911068637522,5.974379546149938,6.2773434173035705,6.552392688728456,0.9030762960492631,0.1371140098286142,0.707878340911535,0.23529099674263843,1.1211607826287555,0.3521713527154992
622,-0.0009509509509509351,7.6010572403494825,7.457255437697274,7.538500128937712,7.200580665689353,7.167929892164262,6.688816013869685,5.9768088173893075,6.280108728224216,6.555503330781661,0.9027609282258309,0.13715599371909726,0.7074116196107811,0.23514067695604077,1.1210145141453773,0.3522588887224269
623,-0.0005505505505505326,7.6033549298503535,7.4595239604923975,7.540916927654073,7.20316827330038,7.170433401345491,6.6917160896413845,5.979232872430739,6.282869606992616,6.558609091187462,0.9024458269655017,0.13719745642201991,0.7069483486000087,0.23498876855410575,1.1208649552132413,0.35234557694711516
624,-0.0001501501501501301,7.60564839643242,7.461788282168666,7.543328494207815,7.2057439368061305,7.172932616427489,6.694611276096445,5.981651696684687,6.285626053971616,6.5617099957548595,0.9021309785662752,0.13723840530918385,0.706488510747049,0.23483527938111917,1.1207120959626948,0.35243144082429806
625,0.00025025025025027237,7.607937624418325,7.464048400804925,7.545734801677003,7.208307661698992,7.175427553042873,6.697501553313243,5.984065275866638,6.288378069733219,6.5648060694231445,0.9018163695770337,0.13727884861790027,0.7060320850412783,0.2346802197435135,1.1205559313884617,0.3525165054014595
626,0.0006506506506506748,7.610222598264609,7.466304314513626,7.5481358239826,7.210859463250586,7.177918226433159,6.700386901368178,5.986473596049166,6.291125655081552,6.5678973362229405,0.9015019868048103,0.13731879542719408,0.705579046623315,0.23452360237294795,1.1203964613318513,0.35260079726973265
627,0.0010510510510510773,7.612503302573337,7.468556021439091,7.550531535941698,7.213399366457841,7.180404651425609,6.703267300399521,5.988876643713586,6.293868811075119,6.570983819239129,0.9011878173214996,0.13735825563255316,0.7051293668201118,0.23436544238504164,1.1202336904557606,0.3526843444919653
628,0.0014514514514514798,7.6147797221031635,7.4708035197555915,7.552921913319499,7.215927405974541,7.182886842410696,6.706142730671484,5.99127440580107,6.296607539048266,6.574065540575725,0.9008738484700207,0.13739723991927774,0.7046830131854033,0.2342057572338439,1.1200676282125304,0.35276717652809714
629,0.0018518518518518823,7.617051841779804,7.4730468076651935,7.555306932879908,7.218443626028504,7.185364813320275,6.709013172638432,5.9936668697631275,6.299341840631805,6.577142521322774,0.9005600678699079,0.137435759734488,0.7042399495453652,0.23404456666213777,1.1198982888047742,0.3528493241580142
630,0.0022522522522522848,7.619319646705917,7.475285883395407,7.557686572434668,7.220948080324564,7.187838577606471,6.711878607009075,5.996054023611326,6.302071717772745,6.580214781525365,0.9002464634223358,0.13747382725785776,0.7038001360494343,0.23388189264768575,1.1197256911392328,0.352930819402059
631,0.0026526526526526872,7.6215831221703665,7.477520745196615,7.5600608108909055,7.223440831933531,7.190308148221359,6.714739014810545,5.99843585596617,6.30479717275308,6.583282340154813,0.8999330233145543,0.13751145537113243,0.7033635292261485,0.23371775934552616,1.1195498587737838,0.35301169543935856
632,0.0030530530530530897,7.623842253656854,7.479751391339299,7.5624296282970205,7.225921953167368,7.192773537597458,6.7175943774522215,6.000812356104992,6.30751820820758,6.5863452150820825,0.8996197360237458,0.1375486576265054,0.7029300820439193,0.23355219302644856,1.1193708198577066,0.3530919865241706
633,0.003453453453453492,7.626097026851923,7.48197782011105,7.564793005886798,7.228391525440768,7.195234757629112,6.720444676789194,6.003183514008796,6.310234827140546,6.589403423053513,0.8993065903202845,0.13758544821391755,0.7024997439766054,0.23338522201177045,1.119188607065318,0.35317172790041307
634,0.003853853853853839,7.6283474276523,7.484200029813378,7.567150926121653,7.230849639119418,7.19769181965476,6.723289895185229,6.005549320407904,6.31294703294148,6.592456979668911,0.8989935752703949,0.13762184192735905,0.7020724610737709,0.2332168766045576,1.1190032575231157,0.3532509557145873
635,0.004254254254254242,7.630593442171587,7.486418018758312,7.569503372730934,7.233296393355188,7.200144734440186,6.726130015575128,6.007909766826349,6.315654829399635,6.595505899362049,0.898680680238212,0.13765785413024173,0.7016481760354923,0.23304718901743554,1.118814812730549,0.3533297069272793
636,0.004654654654654644,7.63283505674628,7.488631785264799,7.571850330750161,7.235731895908526,7.202593512162737,6.728965021526353,6.0102648456248735,6.318358220717396,6.598550195383635,0.898367894887232,0.13769350071992403,0.7012268282915862,0.23287619329713669,1.1186233184745822,0.353408019223444
637,0.005055055055055047,7.635072257941117,7.490841327654901,7.574191786557142,7.238156262958372,7.205038162396587,6.731794897299804,6.012614550042477,6.32105721152248,6.601589879786783,0.8980552091811481,0.1377287980914627,0.7008083540851072,0.23270392524594866,1.1184288247381757,0.3534859309216682
638,0.005455455455455449,7.637305032553738,7.4930466442498,7.576527727905871,7.240569618899888,7.2074786940990565,6.7346196279096295,6.014958874236386,6.323751806878895,6.604624963415033,0.8977426133840795,0.13776376310067562,0.7003926865599729,0.23253042234022694,1.1182313856028672,0.3535634808826293
639,0.0058558558558558516,7.639533367618666,7.495247733365598,7.578858143958117,7.242972096130348,7.209915115598039,6.73743919918195,6.017297813320383,6.326442012296657,6.6076554558929566,0.897430098060177,0.13779841302659515,0.6999797558525646,0.23235572364614296,1.1180310591456009,0.3536407084169417
640,0.006256256256256254,7.641757250410593,7.497444593308938,7.581183025312642,7.2453638348235385,7.212347434580552,6.740253597812387,6.019631363401378,6.329127833740226,6.610681365619362,0.8971176540726175,0.13783276553339455,0.6995694891871399,0.23217986973284557,1.1178279073299953,0.35371765319261705
641,0.0066566566566566565,7.6439766684469745,7.499637222372434,7.583502364031956,7.247744982693013,7.214775658082445,6.743062811422279,6.02195952161418,6.331809277635637,6.613702699763151,0.8968052725819707,0.13786683863187252,0.6991618109749026,0.23200290258321632,1.1176219958922042,0.35379435514233365
642,0.007057057057057059,7.646191609489931,7.501825618829917,7.585816153666552,7.250115694744617,7.2171997924793025,6.745866828613477,6.024282286154345,6.3344863508763245,6.6167194642618155,0.8964929450439578,0.1379006506405795,0.6987566429165473,0.23182486550241072,1.1174133942215976,0.353870854370735
643,0.0074574574574574615,7.648402061547457,7.504009780931506,7.588124389276538,7.252476133018644,7.219619843478549,6.748665639021619,6.026599656309049,6.337159060827608,6.619731663822613,0.8961806632065817,0.13793422014667545,0.6983539041081206,0.23164580302436796,1.117202175236418,0.35394719106196704
644,0.007857857857857864,7.65060801287393,7.506189706898507,7.590427067450605,7.254826466322061,7.222035816112798,6.751459233367754,6.028911632485914,6.339827415329838,6.6227393019264165,0.8958684191066434,0.1379675659665954,0.6979535111500076,0.2314657608164999,1.1169884152546357,0.3540234053876632
645,0.008258258258258266,7.652809451969942,7.508365394918144,7.592724186322281,7.257166869951216,7.2244477147344455,6.7542476035082535,6.031218216239703,6.342491422700198,6.625742380834255,0.8955562050656426,0.13800070710662068,0.6975553782588702,0.23128478558273632,1.1167721938602095,0.3540995374155884
646,0.008658658658658669,7.655006367581425,7.510536843138128,7.595015745583386,7.259497525405467,7.226855543011543,6.757030742482862,6.033519410296833,6.345151091733152,6.628740901596519,0.8952440136850599,0.13803366272343248,0.6971594173823386,0.2311029249651548,1.1165535937649562,0.35417562701914607
647,0.009059059059059071,7.657198748698115,7.5127040496610755,7.5973017464946695,7.261818620092208,7.229259303924951,6.759808644560834,6.035815218577642,6.347806431699537,6.63173486406486,0.8949318378410328,0.13806645208473933,0.6967655383162814,0.23092022744437682,1.1163327006662611,0.35425171378796316
648,0.009459459459459474,7.659386584551325,7.514867012538769,7.599582191893547,7.264130347023724,7.231658999766801,6.762581305285031,6.0381056462163505,6.350457452344315,6.634724266906742,0.8946196706784174,0.1380990945300611,0.6963736488244413,0.23073674223895208,1.116109603100844,0.3543278369397456
649,0.009859859859859876,7.66156986461105,7.517025729766285,7.601857086198914,7.266432904506404,7.2340546321402615,6.765348721513916,6.040390699578672,6.353104163882983,6.637709107622639,0.894307505604251,0.1381316094317547,0.6959836547602424,0.2305525192039324,1.1158843922948216,0.3544040352336115
650,0.010260260260260279,7.663748578582419,7.51918019927598,7.604126435412979,7.268726495822755,7.236446201960624,6.768110891461334,6.042670386277017,6.355746576996646,6.640689382565861,0.8939953362806116,0.1381640161563663,0.6955954601905732,0.23036760872884432,1.1156571620103015,0.35448034688509367
651,0.010660660660660681,7.665922716401489,7.521330418931352,7.606390247120099,7.271011328906774,7.238833709457714,6.770867814734015,6.044944715183258,6.358384702825791,6.643665086964976,0.8936831566168841,0.13819633402639442,0.6952089675213309,0.2301820616352784,1.1154280083887393,0.35455680948301166
652,0.011061061061061084,7.668092268230396,7.523476386520776,7.608648530482557,7.273287616013149,7.2412171541796235,6.773619492366707,6.047213696439012,6.361018552962754,6.646636214948789,0.8933709607614378,0.13822858228253995,0.6948240776245229,0.22999592907429278,1.1151970297913159,0.354633459908384
653,0.011461461461461486,7.670257224451881,7.525618099751132,7.610901296233282,7.275555573380856,7.243596534997775,6.7763659268548775,6.049477341463413,6.36364813944291,6.649602759573856,0.893058743092723,0.13826078004652906,0.6944406899666983,0.2298092624238525,1.1149643266365914,0.35471033425558224
654,0.011861861861861889,7.672417575663201,7.527755556241329,7.613148556665472,7.277815420891671,7.245971850113302,6.779107122184904,6.05173566295833,6.366273474734626,6.6525647128544705,0.8927464982097895,0.13829294628458746,0.6940587027385271,0.22962211318650533,1.1147300012356696,0.35478746775588765
655,0.012262262262262291,7.674573312669426,7.529888753515723,7.615390325619104,7.280067381724138,7.248343097064754,6.781843083861688,6.053988674911045,6.368894571727984,6.655522065795096,0.8924342209222401,0.13832509977163535,0.6936780129852683,0.22943453288750432,1.1144941576251501,0.35486489470362437
656,0.012662662662662694,7.676724426476165,7.532017688997455,7.617626618464323,7.282311682003582,7.250710272737098,6.784573818933635,6.056236392594322,6.371511443722316,6.658474808425169,0.8921219062396268,0.13835725905628776,0.6932985167379419,0.22924657297358453,1.1142569013981325,0.3549426483850381
657,0.013063063063063096,7.678870908281705,7.534142360001707,7.619857452081695,7.284548550448688,7.2530733733720325,6.787299336014941,6.058478832563906,6.374124104412588,6.661422929836231,0.8918095493602922,0.138389442426725,0.6929201091449636,0.22905828471259201,1.1140183395335197,0.3550207610100597
658,0.013463463463463499,7.681012749468602,7.536262763728885,7.622082844839331,7.2867782180152645,7.25543239457958,6.790019645305136,6.060716012653406,6.37673256787467,6.664366418221325,0.8914971456596745,0.13842166787750504,0.6925426846040295,0.2288697190941675,1.113778580223912,0.3550992636471217
659,0.013863863863863901,7.683149941594736,7.538378897257745,7.624302816566864,7.289000917537728,7.257787331350937,6.792734758605829,6.062947951966577,6.3793368485495225,6.667305260916579,0.8911846906780823,0.1384539530773878,0.6921661368940217,0.22868092673168136,1.1135377327023475,0.3551781861611495
660,0.014264264264264304,7.685282476383842,7.54049075753846,7.6265173885263176,7.291216883368928,7.260138178072596,6.795444689334624,6.06517467086701,6.381936961226372,6.670239444444913,0.8908721801079472,0.1384863153382298,0.6917903593067174,0.22849195776561262,1.1132959070681645,0.3552575571548702
661,0.01466466466466465,7.68741034571555,7.542598341385648,7.628726583379842,7.293426351018878,7.2624849285416735,6.798149452536159,6.067396190965216,6.384532921024881,6.673168954561798,0.8905596097805721,0.13851877158501938,0.6914152447780647,0.22830286176855918,1.1130532141122735,0.3553374039135545
662,0.015065065065065053,7.689533541614944,7.544701645471367,7.630930425154367,7.295629556793,7.264827575982452,6.800849064890244,6.069612535103145,6.387124743376407,6.676093776302968,0.8902469756523818,0.13855133832709846,0.6910406860188203,0.22811368765205983,1.1128097651420958,0.35541775235330497
663,0.015465465465465456,7.691652056241657,7.546800666318083,7.633128939203174,7.297826737430472,7.2671661130641,6.80354354471706,6.071823727336135,6.389712444004364,6.679013894034028,0.8899342737906885,0.13858403163064334,0.6906665756442959,0.22792448357541303,1.1125656718064658,0.35549862697300266
664,0.015865865865865858,7.69376588187855,7.548895400291626,7.635322152164425,7.3000181297432745,7.269500531919535,6.806232911979414,6.074029792912323,6.392296038903777,6.681929291501833,0.8896215003589969,0.13861686709243404,0.6902928063030254,0.2277352968566585,1.1123210459207589,0.3555800508099947
665,0.01626626626626626,7.695875010919962,7.550985843594146,7.637510091916677,7.302203970256546,7.271830824165407,6.80891718828201,6.076230758249564,6.394875544320055,6.6848399518875885,0.8893086516018397,0.13864985981498404,0.6899192708040985,0.22754617388589143,1.1120759992925309,0.35566204539961355
666,0.016666666666666663,7.697979435859587,7.553071992257063,7.639692787531429,7.304384494850835,7.274156980923158,6.81159639686775,6.0784266509098535,6.397450976727063,6.687745857861534,0.8889957238291855,0.1386830243830561,0.689545862242955,0.22735716004106496,1.1118306435479564,0.35574463073860013
667,0.017067067067067065,7.700079149277976,7.55515384213405,7.641870269222736,7.30655993840685,7.276478992841141,6.81427056261104,6.080617499571333,6.400022352804553,6.69064699163914,0.8886827134004133,0.13871637484161708,0.689172474125424,0.22716829960644158,1.111585089959316,0.35582782525249884
668,0.017467467467467468,7.7021741438297155,7.557231388894029,7.644042568293945,7.308730534453311,7.2787968501177245,6.816939712008107,6.082803333997895,6.402589689415005,6.693543335038696,0.8883696167078794,0.13874992467526268,0.6887990004897803,0.2269796356938325,1.1113394492738395,0.3559116457670701
669,0.01786786786786787,7.704264412230284,7.559304628014206,7.646209717081613,7.310896514818481,7.281110542525387,6.819603873164341,6.0849841850064506,6.4051530035799615,6.696434869540202,0.8880564301600941,0.1387836867891484,0.6884253360266097,0.22679121016676568,1.1110938315441645,0.3559961074837686
670,0.018268268268268273,7.706349947242625,7.561373554773166,7.648371748896653,7.313058109285977,7.2834200594357155,6.822263075778647,6.087160084431903,6.4077123124559066,6.699321576345427,0.8877431501645171,0.13881767349145857,0.6880513761962809,0.2266030635677158,1.1108483459606664,0.3560812239593235
671,0.018668668668668675,7.708430741663472,7.563438164244003,7.650528697962799,7.315215545255446,7.28572538984529,6.824917351124861,6.089331065089901,6.41026763330977,6.702203436439056,0.8874297731100004,0.13885189647743007,0.6876770173437986,0.22641523504851735,1.1106031006859658,0.3561670070894303
672,0.019069069069069078,7.710506788309426,7.565498451287538,7.652680599352426,7.317369047408663,7.288026522402399,6.827566732030213,6.091497160737414,6.41281898349412,6.705080430650778,0.8871162953488884,0.13888636681496588,0.6873021568108503,0.2262277623040745,1.1103582026918464,0.35625346709658184
673,0.01946946946946948,7.712578080002844,7.567554410545605,7.654827488919841,7.3195188373816436,7.290323445434534,6.830211252850895,6.093658406031214,6.415366380422115,6.707952539718217,0.8868027131788002,0.13892109493184365,0.6869266930448447,0.2260406815094766,1.1101137575988598,0.3563406125220246
674,0.019869869869869883,7.7146446095575465,7.569606036434426,7.656969403232097,7.321665133443318,7.292616146976612,6.832850949444744,6.095814836484329,6.417909841542299,6.710819744350588,0.8864890228241094,0.1389560906045406,0.6865505257047425,0.22585402726061737,1.1098698695188738,0.3564284502218434
675,0.020270270270270285,7.716706369764378,7.571653323138088,7.6591063794974295,7.323808150181318,7.294904614799878,6.83548585914109,6.097966488420549,6.420449384313285,6.7136820252929414,0.8861752204171442,0.1389913629486826,0.686173555763501,0.22566783251840566,1.1096266409008169,0.3565169853671444
676,0.020670670670670688,7.718763353376654,7.573696264602125,7.661238455491413,7.32594809819541,7.297188836441433,6.838116020707813,6.100113398927056,6.42298502617844,6.716539363390884,0.8858613019791324,0.13902692041112186,0.6857956856069457,0.22548212855665103,1.109384172379863,0.3566062214483157
677,0.02107107107107109,7.720815553095514,7.575734854527221,7.663365669480918,7.328085183799119,7.299468799234316,6.840741474315651,6.102255605805268,6.425516784540603,6.7193917396556575,0.8855472634009028,0.1390627707636459,0.6854168191288867,0.22529694491369015,1.109142562630308,0.35669616028332213
678,0.021471471471471493,7.722862961555219,7.577769086363045,7.6654880601459885,7.3302196087300215,7.30174449033811,6.843362261499822,6.104393147519993,6.4280446767369455,6.722239135329427,0.8852331004233783,0.1390989210983163,0.6850368618223289,0.22511230934782459,1.1089019082223632,0.3567868020299756
679,0.021871871871871895,7.724905571308413,7.579798953302212,7.667605666499742,7.332351569869253,7.304015896769985,6.845978425119004,6.106526063146971,6.430568720014021,6.725081531950679,0.884918808617871,0.13913537782443186,0.6846557208665903,0.22492824779662068,1.1086623034831025,0.356878145202147
680,0.022272272272272298,7.726943374811392,7.581824448274412,7.669718527806389,7.334481258970662,7.306283005436138,6.84859000931176,6.1086543923189085,6.433088931503095,6.7279189114195805,0.8846043833662172,0.1391721466671026,0.6842733052101995,0.22474478434011266,1.1084238403617837,0.35697018668982344
681,0.0226726726726727,7.728976364409394,7.583845563940682,7.671826683497524,7.336608862400113,7.308545803163556,6.851197059450462,6.110778175170106,6.435605328195821,6.730751256063176,0.8842898198407603,0.13920923266742558,0.6838895256494036,0.2245619411679516,1.1081866082997602,0.35706292178294596
682,0.023073073073073103,7.731004532321946,7.585862292687846,7.673930173086762,7.338734560885371,7.310804276732045,6.853799622092787,6.112897452279772,6.438117926920334,6.733578548700309,0.883975112984221,0.13924664018424462,0.6835042949021654,0.22437973855052532,1.107950694105182,0.3571563441989536
683,0.023473473473473505,7.7330278706283035,7.587874626623144,7.67602903608289,7.340858529276991,7.3130584129064635,6.8563977449308755,6.115012264614143,6.44062674431784,6.736400772706108,0.8836602574894692,0.1392843728974702,0.68311752767751,0.22419819481406258,1.107716181832694,0.3572504461139147
684,0.023873873873873908,7.735046371252998,7.589882557569027,7.678123311901636,7.342980936320637,7.315308198469086,6.858991476738238,6.117122653467499,6.443131796819758,6.739217912075941,0.8833452477792327,0.1393224338129381,0.6827291407401063,0.22401732631974014,1.1074831526683198,0.3573452181971671
685,0.02427427427427431,7.737060025951533,7.5918860770581675,7.680213039776201,7.345101944441201,7.317553620252046,6.861580867314481,6.1192286604022055,6.445633100625501,6.7420299514886874,0.8830300779857636,0.1393608252687805,0.6823390529699757,0.2238371474467858,1.1072516848197005,0.3574406496493433
686,0.024674674674674713,7.739068826296256,7.593885176328658,7.682298258666688,7.347221709539099,7.319794665169781,6.864165967427965,6.1213303271878825,6.448130671680953,6.744836876369208,0.8827147419304909,0.13939954894327425,0.6819471854172207,0.22365767057957694,1.1070218534118703,0.357536728243671
687,0.025075075075075115,7.7410727636624195,7.595879846319422,7.68437900716857,7.349340380799076,7.322031320251422,6.866746828756488,6.123427695739819,6.450624525657716,6.747638672949888,0.8823992331036847,0.13943860586413775,0.6815534613516818,0.22347890609871307,1.1067937303887205,0.3576334403704216
688,0.025475475475475462,7.743071829214481,7.597870077665854,7.686455323420345,7.351458100511857,7.324263572673045,6.869323503826091,6.1255208080567485,6.4531146779331685,6.750435328331123,0.8820835446441715,0.13947799641923578,0.6811578063074576,0.2233008623760423,1.1065673844203099,0.35773077108438156
689,0.025875875875875864,7.74506601389266,7.599855860695675,7.68852724501053,7.353575003908917,7.326491409789752,6.871896045948101,6.1276097061581165,6.455601143571444,6.753226830540619,0.8817676693191108,0.13951772036865512,0.6807601481221979,0.22312354577360827,1.1063428808161515,0.3578287041552017
690,0.026276276276276267,7.747055308399767,7.601837185425031,7.690594808884129,7.355691219010654,7.328714819167465,6.874464509154511,6.129694432020941,6.458083937305338,6.756013168591401,0.88145159950388,0.1395577768581077,0.6803604169711309,0.22294696064648292,1.106120281444602,0.35792722212049904
691,0.02667667667667667,7.749039703188352,7.603814041554822,7.692658051248759,7.3578068664881995,7.330933788614419,6.87702894813183,6.131775027516409,6.460563073519233,6.758794332538386,0.8811353271620869,0.13959816443361422,0.6799585453957607,0.22277110934942995,1.1058996446584843,0.358026306341547
692,0.027077077077077072,7.751019188448183,7.605786418467294,7.694717007480555,7.359922059539092,7.333148306212244,6.879589418153499,6.133851534346313,6.463038566233097,6.761570313533414,0.8808188438257443,0.13963888105742858,0.6795544683272101,0.22259599224735327,1.105681025227031,0.3581259370614143
693,0.027477477477477474,7.752993754094087,7.60775430522287,7.696771712030056,7.362036903776993,7.335358360346597,6.882145975011008,6.135923993979473,6.465510429087589,6.764341103878624,0.8805021405756351,0.13967992412514263,0.6791481231041843,0.2224216077294667,1.1054644742742432,0.358226093465397
694,0.027877877877877877,7.75496338975417,7.6097176905572566,7.6988221983282035,7.364151497135613,7.337563939737272,6.884698674943845,6.137992447588247,6.467978675330334,6.767106697078044,0.8801852080219053,0.13972129048392823,0.6787394494855366,0.22224795222711366,1.1052500392237619,0.35832675374357825
695,0.02827827827827828,7.756928084758456,7.6116765628788015,7.700868498692621,7.366265929786983,7.339765033467711,6.88724757456838,6.140056935985275,6.470443317803427,6.769867087887306,0.8798680362849035,0.13976297645185998,0.6783283896574389,0.222075020235172,1.1050377637502897,0.35842789515536144
696,0.028678678678678682,7.75888782812794,7.613630910266135,7.702910644234361,7.368380284074166,7.341961631013869,6.889792730805846,6.142117499560559,6.472904368932169,6.772622272361349,0.8795506149763168,0.13980497783826454,0.6779148882351667,0.22190280433695383,1.1048276877376564,0.35852949409580676
697,0.029079079079079084,7.760842608564115,7.61558072046608,7.704948664765264,7.370494634458496,7.344153722272356,6.89233420080953,6.144174178219039,6.475361840715134,6.7753722479000364,0.8792329331806169,0.1398472899650351,0.6774988922595262,0.221731295232519,1.1046198472435242,0.35863152616360483
698,0.029479479479479487,7.762792414438953,7.617525980891847,7.7069825887061185,7.372609047481385,7.346341297587805,6.894872041891309,6.146227011318745,6.477815744715547,6.7781170132915545,0.8789149794368646,0.13988990768886153,0.6770803511879527,0.22156048177031457,1.1044142744708165,0.3587339662305203
699,0.02987987987987989,7.764737233785395,7.619466678621514,7.709012442995774,7.374723581740714,7.3485243477793905,6.897406311447688,6.1482760376096905,6.480266092054039,6.780856568753516,0.8785967417208941,0.13993282542430646,0.6766592168803248,0.22139035098203577,1.1042109977458385,0.35883678851212997
700,0.03028028028028029,7.766677054288347,7.621402800396784,7.711038253001397,7.3768382878818,7.3507028641664505,6.8999370668854505,6.1503212951736055,6.482712893402809,6.7835909159716605,0.8782782074279163,0.13997603716767498,0.6762354435795621,0.22122088812061355,1.1040100415031264,0.35893996663968936
701,0.030680680680680694,7.7686118632762104,7.623334332622056,7.71306004243003,7.378953208602899,7.3528768385931444,6.902464365547092,6.152362821364642,6.485156158981195,6.7863200581360665,0.8779593633555743,0.14001953652160673,0.6758089878870707,0.22105207670121482,1.1038114262770025,0.35904347373294954
702,0.031081081081081097,7.770541647712963,7.625261261363765,7.715077833241624,7.381068378675157,7.355046263452096,6.904988264636161,6.1544006527511685,6.487595898552708,6.789043999974785,0.8776401956874791,0.14006331672034114,0.6753798087331121,0.22088389854515506,1.103615168699822,0.35914728247375416
703,0.0314814814814815,7.7724663941908,7.627183572350037,7.717091645563732,7.38318382497694,7.357211131706956,6.9075088211426525,6.156434825058772,6.490032121423514,6.7917627477848175,0.8773206899772655,0.14010737065557755,0.6749478673422056,0.22071633382659805,1.1034212815068711,0.3592513651802442
704,0.0318818818818819,7.77438608892336,7.629101250970631,7.7191014976080154,7.385299566542379,7.359371436913839,6.910026091768609,6.158465373114596,6.49246483644241,6.79447630946035,0.8770008311331982,0.14015169090287524,0.6745131271936506,0.22054936112192744,1.1032297735478787,0.35935569388149097
705,0.032282282282282304,7.776300717739544,7.631014282277183,7.721107405588745,7.387415614623993,7.361527173241582,6.912540132854065,6.16049233079311,6.4948940520022695,6.797184694518181,0.8766806034033592,0.14019626974852792,0.6740755539772942,0.22038295746166986,1.1030406498050742,0.3594602403923967
706,0.03268268268268271,7.778210266077941,7.632922650983753,7.723109383643467,7.389531972769205,7.3636783354907696,6.915051000303485,6.162515730963443,6.497319776043001,6.799887914120267,0.8763599903614574,0.1402410992168464,0.6736351155446664,0.22021709838484374,1.1028539114177367,0.35956497638868207
707,0.03308308308308311,7.780114718981865,7.634826341467666,7.725107443756002,7.391648636910507,7.365824919111476,6.917558749512832,6.164535605438378,6.499742016055976,6.8025859810933245,0.8760389748932849,0.1402861710977822,0.6731917818556307,0.2200517579955989,1.1026695557131232,0.35966987348179535
708,0.03348348348348351,7.782014061095035,7.63672533777066,7.727101595681933,7.39376559546908,7.3679669202196845,6.920063435297426,6.166551984925124,6.50216077908997,6.805278909945435,0.8757175391838583,0.14033147697483403,0.6727455249206775,0.2198869090220239,1.1024875762437167,0.35977490329357636
709,0.033883883883883914,7.783908276657869,7.63861962360032,7.729091846876769,7.395882829471549,7.370104335612341,6.922565111820732,6.16856489897796,6.50457607175857,6.807966716879586,0.8753956647052742,0.14037700825316565,0.6722963187390293,0.21972252287698138,1.1023079628306667,0.35988003753050374
710,0.034284284284284317,7.785797349504448,7.640509182331826,7.731078202426923,7.398000312679604,7.372237162780989,6.925063832524208,6.170574375952865,6.506987900249055,6.810649419804123,0.8750733322053174,0.14042275618787428,0.6718441392327328,0.21955856972083576,1.1021307016133037,0.3599852480573689
711,0.03468468468468472,7.787681263060106,7.642393997009984,7.733060664983684,7.400118011732167,7.374365399923957,6.92755965005838,6.172580442964222,6.509396270332737,6.8133270383400415,0.8747505216968462,0.14046871191234117,0.671388964176897,0.21939501852593718,1.101955775104606,0.36009050697021316
712,0.03508508508508512,7.78956000033969,7.644274050351553,7.735039234700324,7.402235886299746,7.376489045957068,6.930052616215264,6.174583125843693,6.511801187376716,6.815999593825115,0.874427212447991,0.140514866466608,0.6709307731262614,0.21923183714271915,1.1017831622524905,0.3601957866683668
713,0.035485485485485524,7.791433543946473,7.646149324747863,7.737013909172507,7.404353889250604,7.37860810052281,6.932542781862285,6.176582449101352,6.514202656357064,6.8186671093148,0.8741033829731965,0.14056121082570922,0.6704695473383114,0.21906899236727093,1.1016128385067452,0.3603010599254394
714,0.035885885885885926,7.793301876071727,7.64801980226772,7.738984683382145,7.406471966828361,7.380722563997983,6.935030196877833,6.178578435889173,6.516600681873361,6.821329609579914,0.8737790110251387,0.14060773592789766,0.6700052696931121,0.21890645001023507,1.1014447758914832,0.3604062999591073
715,0.03628628628628627,7.795164978494956,7.649885464660594,7.74095154964484,7.408590058840599,7.382832437499737,6.937514910088583,6.180571107966937,6.518995268164592,6.8239871211010525,0.8734540735875435,0.14065443270270747,0.6695379246100838,0.21874417496689563,1.101278943082916,0.36051148049954873
716,0.036686686686686676,7.797022832584789,7.65174629336008,7.74291449756107,7.410708098858042,7.384937722890034,6.939996969208717,6.182560485670658,6.521386419126334,6.826639672059751,0.8731285468689399,0.14070129209878687,0.6690674979619305,0.21858213128830417,1.1011153054922957,0.36061657585638285
717,0.03708708708708708,7.79887541930053,7.653602269487639,7.744873513971242,7.412826014423839,7.387038422778462,6.942476420781173,6.1845465878835695,6.5237741383292045,6.829287292326362,0.8728024062973755,0.140748305111445,0.6685939769859462,0.21842028225330076,1.1009538253538138,0.3607215609839767
718,0.03748748748748748,7.800722719194361,7.655453373856599,7.746828582914747,7.414943727272485,7.389134540523419,6.944953310121065,6.1865294320097775,6.526158429038524,6.831930013444673,0.8724756265161169,0.14079546280985197,0.6681173501929178,0.218258590441281,1.1007944618172807,0.3608264115449688
719,0.03788788788788788,7.802564712414193,7.657299586976424,7.748779685593163,7.41706115355788,7.3912260802316325,6.947427681261368,6.188509033950609,6.52853929423514,6.834567868613251,0.8721481813803692,0.14084275636383387,0.6676376072738662,0.21809701780556914,1.1006371710453717,0.36093110397189804
720,0.038288288288288286,7.8044013787071576,7.659140889057234,7.750726800337691,7.419178204089998,7.393313046756003,6.949899576901012,6.190485408083731,6.530916736637345,6.837200892663542,0.8718200439550359,0.14089017707020904,0.6671547390048544,0.21793552574724134,1.1004819063152351,0.36103561552678815
721,0.03868868868868869,7.806232697423731,7.660977260014569,7.752669902580981,7.421294784579667,7.3953954456917685,6.952369038355493,6.192458567245089,6.533290758723857,6.839829122034729,0.8714911865135423,0.14093771637860517,0.6666687371501065,0.2177740751892602,1.1003286181242453,0.3611399243585783
722,0.03908908908908909,7.808058647522482,7.662808679474399,7.754608964833433,7.423410795890878,7.397473283370981,6.954836105510109,6.194428522713719,6.5356613627577635,6.84245259474539,0.8711615805377477,0.1409853659167078,0.6661795943636869,0.21761262665076742,1.100177254299662,0.36124400955827396
723,0.03948948948948949,7.809879207575435,7.664635126778359,7.756543956664082,7.425526134300102,7.399546566855293,6.957300816775929,6.196395284199448,6.538028550811392,6.845071350361981,0.8708311967189718,0.14103311751488676,0.6656873040899762,0.21745114032139823,1.1000277601119963,0.3613478512117108
724,0.039889889889889896,7.811694355774023,7.666456580989217,7.75847484468617,7.427640691762014,7.401615303927056,6.959763209048601,6.198358859833562,6.540392324792018,6.847685429964182,0.8705000049601466,0.14108096323014618,0.6651918604632034,0.21728957613545816,1.0998800783918172,0.36145143044980726
725,0.0402902902902903,7.81350406993564,7.668273020896538,7.760401592547495,7.429754356181063,7.403679503078723,6.962223317670096,6.200319256162432,6.5427526864683445,6.850294876107144,0.8701679743791256,0.1411288953693521,0.6646932582062852,0.21712789384583212,1.0997341496497794,0.36155472949621786
726,0.0406906906906907,7.815308327510752,7.670084425022573,7.762324160925609,7.431867011688296,7.405739173500596,6.96468117639347,6.20227647814414,6.545109637497671,6.8528997327807115,0.869835073313157,0.14117690651169104,0.6641914925292106,0.2169660530974737,1.0995899121996175,0.3616577317122823
727,0.0410910910910911,7.817107105590565,7.6718907716283224,7.76424250752796,7.433978538922827,7.4077943250668845,6.967136817350742,6.204230529148129,6.547463179453676,6.855500045365649,0.8695012693245421,0.1412249895303065,0.663686559027247,0.21680401350033496,1.0994473022838653,0.36176042163917016
728,0.041491491491491506,7.818900380915232,7.673692038719798,7.766156587097034,7.43608881531735,7.409844968320129,6.969590271023962,6.206181410957873,6.549813313854729,6.858095860586961,0.8691665292074966,0.14127313761307764,0.6631784535792032,0.2166417347015945,1.0993062542020398,0.36186278503714064
729,0.04189189189189191,7.820688129882573,7.675488204054444,7.768066351420556,7.438197715387098,7.411891114453983,6.97204156621955,6.208129123776592,6.552160042192636,6.860687226464354,0.8688308189962198,0.14132134428249057,0.6626671722460012,0.2164791764570465,1.0991667004410512,0.3619648089218303
730,0.04229229229229231,7.822470328557289,7.677279245147734,7.769971749346819,7.440305111021603,7.41393277529439,6.974490730045959,6.210073666235997,6.554503365961742,6.8632741922599365,0.8684941039741952,0.14136960341456553,0.6621527111698301,0.21631629870151342,1.0990285718075608,0.36206648159749116
731,0.04269269269269271,7.824246952680651,7.679065139279898,7.771872726805163,7.442410871778678,7.415969963279179,6.976937787894745,6.212015035408067,6.556843286688299,6.865856808423224,0.868156348684715,0.1414179092568012,0.6616350664740877,0.21615306161814365,1.098891797562058,0.3621677926871105
732,0.043093093093093116,7.826017977680641,7.680845863502807,7.773769226831658,7.444514865179961,7.418002691436086,6.97938276342508,6.213953226819848,6.559179805959991,6.868435126533554,0.8678175169426526,0.14146625644509503,0.6611142341644124,0.21598942570646457,1.098756305554354,0.36226873315934294
733,0.04349349349349352,7.827783378682512,7.6826213946469615,7.775661189600016,7.4466169570074285,7.420030973359279,6.981825678551771,6.215888234471258,6.56151292545554,6.871009199239985,0.8674775718474802,0.1415146400196105,0.6605902100309973,0.21582535184905538,1.0986220223602854,0.36236929535219264
734,0.04389389389389392,7.829543130519759,7.68439170932861,7.7775485524577395,7.448717011600249,7.422054823184374,6.984266553436818,6.217820050855857,6.563842646974284,6.873579080198801,0.867136475797535,0.14156305543955766,0.6600629895524601,0.2156608013767187,1.0984888734193183,0.36246947299340265
735,0.04429429429429432,7.8312972077454495,7.68615678395695,7.77943124996753,7.4508148921513575,7.424074255562013,6.9867054064845515,6.219748666984585,6.56616897246563,6.87614482400871,0.8667941905055376,0.14161149859684918,0.6595325678014876,0.21549573613201356,1.098356783172825,0.3625692612174849
736,0.044694694694694725,7.83304558464391,7.687916594741421,7.7813092139539535,7.452910461003141,7.426089285630035,6.989142254340368,6.221674072412402,6.568491904058282,6.878706486143862,0.8664506770153634,0.1416599658286161,0.6589989393524941,0.21533011853104114,1.0982256752027595,0.3626686565793666
737,0.04509509509509513,7.834788235242729,7.68967111769907,7.7831823735553485,7.455003579941622,7.4280999289842855,6.991577111893093,6.223596255267802,6.5708114440891565,6.881264122884795,0.8661058957200585,0.14170845392854692,0.6584620981915198,0.2151639116233499,1.0980954723704692,0.3627676570646095
738,0.04549549549549553,7.8365251333250345,7.691420328661963,7.785050655280972,7.45709411048855,7.43010620164812,6.994009992280989,6.225515202285158,6.573127595131855,6.883817791247433,0.8657598063811016,0.14175696015703082,0.6579220376285781,0.21499707914985386,1.0979660969554066,0.36286626209617306
739,0.04589589589589593,7.838256252442043,7.693164203284652,7.7869139830733385,7.459181914190777,7.432108120040648,6.996440906901387,6.2274308988398355,6.575440360024623,6.886367548910265,0.8654123681489019,0.14180548225008183,0.6573787502126839,0.2148295855986456,1.0978374707934602,0.3629644725376966
740,0.046296296296296335,7.8399815659258225,7.694902717051653,7.7887722783757365,7.461266852906365,7.434105700943777,6.9988698654239725,6.22934332898602,6.5777497418976765,6.88891345413983,0.8650635395845172,0.14185401842703127,0.6568322276497554,0.21466139625859845,1.0977095154146674,0.3630622906932942
741,0.04669669669669674,7.841701046902256,7.696635845284954,7.7906254602048595,7.46334878908682,7.436098961468113,7.001296875807702,6.231252475497201,6.580055744199796,6.891455565714664,0.8647132786825947,0.14190256739695775,0.6562824607235986,0.21449247727064844,1.0975821521800588,0.3631597203038381
742,0.047097097097097085,7.84341466830415,7.698363563151501,7.792473445228507,7.465427586054897,7.438087919017781,7.00372194432132,6.23315831990923,6.5823583707240845,6.893993942847816,0.8643615428955032,0.141951128363858,0.6557294392201581,0.2143227956766601,1.0974553024173872,0.36325676653974304
743,0.04749749749749749,7.845122402884483,7.700085845670684,7.794316147848286,7.467503108277426,7.440072591254231,7.006145075567474,6.235060842565888,6.584657625632803,6.896528645108116,0.864008289158652,0.14199970103053514,0.6551731518552334,0.21415231946577837,1.09732888755549,0.3633534359902464
744,0.04789789789789789,7.846824223229732,7.701802667721773,7.796153480287234,7.4695752216326,7.442052996059093,7.008566272510373,6.236960022666876,6.586953513481162,6.899059732340314,0.8636534739169697,0.14204828560119934,0.6546135862058163,0.21398101761817295,1.097202829257067,0.3634497366491952
745,0.04829829829829829,7.848520101773264,7.703514004051312,7.7979853526822955,7.471643793671208,7.44402915149616,7.0109855365069675,6.238855838318155,6.589246039239985,6.901587264584258,0.8632970531525248,0.1420968827827746,0.6540507286452422,0.2138088601460865,1.0970770495496107,0.3635456778973634
746,0.048698698698698695,7.85021001080874,7.705219829280453,7.799811673181531,7.473708693871304,7.446001075772554,7.013402867341588,6.240748266584528,6.591535208317144,6.904111301993268,0.8629389824132615,0.14214549378490846,0.6534845642822905,0.21363581813211405,1.0969514709542867,0.36364127048132217
747,0.0490990990990991,7.8518939225035025,7.7069201179121976,7.801632348045989,7.475769793885794,7.447968787199181,7.015818263263989,6.242637283544378,6.5938210265776735,6.9066319047518485,0.8625792168428268,0.14219412031868167,0.6529150769043975,0.21346186376462545,1.0968260166125319,0.36373652648889215
748,0.0494994994994995,7.853571808911915,7.708614844338553,7.803447281756094,7.4778269677824865,7.449932304150515,7.018231721030739,6.244522864346477,6.5961035003624575,6.909149132992928,0.8622177112114522,0.142242764594022,0.6523422489251129,0.21328697037026656,1.09670061041014,0.36383145932122546
749,0.0498998998998999,7.85524364198861,7.710303982847566,7.805256377122455,7.479880092276113,7.451891645023824,7.020643235949883,6.246404983268731,6.59838263650542,6.911663046714759,0.8618544199478646,0.14229142931582417,0.6517660613359373,0.21311111244347233,1.0965751770986396,0.3639260836615491
750,0.050300300300300305,7.8569093936016055,7.7119875076302415,7.807059535400943,7.481929046951901,7.453846828197899,7.023052801928791,6.248283613778784,6.600658442349111,6.914173705697676,0.8614892971721909,0.1423401176787859,0.6511864936626497,0.2129342656729312,1.096449642413746,0.3640204154406474
751,0.05070070070070071,7.858569035545268,7.713665392787304,7.808856656411913,7.4839737144802525,7.455797871991376,7.0254604115251125,6.250158728596349,6.602930925758615,6.916681169420852,0.8611222967298133,0.14238883336096564,0.6506035239262442,0.21275640696494819,1.0963239331906938,0.3641144717991161
752,0.05110110110110111,7.860222539553067,7.715337612335808,7.810647638663405,7.486013980822133,7.457744794620746,7.02786605600075,6.252030299757166,6.6052000951336955,6.919185496979243,0.8607533722261409,0.14243758051608096,0.650017128608557,0.21257751446365974,1.0961979774762538,0.3642082710464803
753,0.05150150150150151,7.861869877310094,7.717004140215574,7.812432379478172,7.488049735424779,7.459687614158121,7.030269725378729,6.253898298678449,6.6074659594190965,6.9216867470008845,0.8603824770622528,0.14248636376455615,0.6494272826226917,0.21239756756805542,1.0960717046372428,0.3643018326172411
754,0.051901901901901915,7.863511020465311,7.718664950295431,7.8142107751243675,7.490080871407371,7.461626348488865,7.0326714085028765,6.255762696225722,6.60972852811293,6.924184977564709,0.8600095644713677,0.14253518818334232,0.6488339592882973,0.21221654694578043,1.0959450454653599,0.36439517702393015
755,0.05230230230230232,7.865145940643484,7.720320016379259,7.815982720949709,7.49210728573631,7.463561015269164,7.035071093100184,6.257623462780905,6.6119878112730746,6.926680246119061,0.8596345875560919,0.14258405929452841,0.6482371303117723,0.2120344345436805,1.0958179322781638,0.3644883258072761
756,0.05270270270270272,7.866774609456772,7.721969312211803,7.817748111518937,7.494128879389804,7.465491631883635,7.037468765845731,6.259480568311517,6.614243819521523,6.929172609401092,0.8592574993263941,0.14263298305277045,0.6476367657714462,0.2118512135950781,1.0956902990160364,0.36458130148356466
757,0.05310310310310312,7.868396998515932,7.723612811484265,7.8195068407543715,7.496145557511444,7.467418215403071,7.039864412430049,6.261333982440882,6.616496564046616,6.931662123357176,0.8588782527382609,0.14268196583155757,0.6470328341077798,0.2116668686237573,1.0955620813349696,0.3646741274893078
758,0.053503503503503524,7.870013079441109,7.725250487839635,7.821258802079364,7.498157229552515,7.469340782542391,7.0422580176287735,6.263183674519195,6.618746056603104,6.934148843064562,0.8584968007329689,0.14273101440835453,0.6464253021186062,0.21148138544466022,1.0954332166950316,0.3647668281233262
759,0.05390390390390393,7.871622823872166,7.726882314877772,7.823003888564428,7.500163809402782,7.471259349618927,7.044649565374463,6.2650296136953045,6.620992309509988,6.936632822654397,0.8581130962769202,0.14278013594864547,0.6458141349594345,0.21129475116128751,1.0953036444443713,0.3648594284863726
760,0.05430430430430433,7.873226203478534,7.7285082661601905,7.824741993075845,7.502165215509542,7.473173932511101,7.047039038830429,6.266871768989099,6.623235335646086,6.939114115236316,0.8577270924019824,0.14282933798891717,0.6451992961488192,0.211106954159814,1.09517330589863,0.3649519544184085
761,0.05470470470470473,7.874823189968534,7.730128315214577,7.826473008426493,7.504161370984728,7.4750845466176195,7.04942642046642,6.268710109364328,6.625475148443304,6.9415927728247375,0.8573387422462707,0.14287862841861454,0.6445807475787826,0.21091798409993215,1.095042144415638,0.3650444324336766
762,0.055105105105105134,7.876413755098151,7.731742435538987,7.828196827528694,7.5061522036999,7.476991206817253,7.051811692136002,6.270544603801744,6.627711761877547,6.944068846267076,0.8569479990953036,0.14292801546111678,0.6439584495302833,0.2107278319024551,1.0949101054652741,0.3651368896537087
763,0.05550550550550554,7.877997870679216,7.733350600605741,7.829913343548805,7.508137646368979,7.478893927429315,7.054194835155482,6.272375221372411,6.629945190457271,6.946542385173976,0.8565548164234734,0.14297750765376713,0.6433323606936826,0.2105364897336936,1.0947771366944008,0.3652293537383966
764,0.05590590590590594,7.879575508586984,7.734952783864978,7.831622450063337,7.510117636618605,7.480792722174923,7.0565758303842,6.274201931311041,6.6321754492096305,6.949013437851792,0.8561591479357523,0.14302711382700847,0.6427024381941728,0.21034395098666137,1.0946431879867562,0.36532185281530455
765,0.05630630630630634,7.881146640767045,7.736548958747883,7.833324041216323,7.512092117046014,7.48268760413913,7.0589546583060025,6.276024703089215,6.63440255366422,6.951482051237413,0.8557609476095753,0.14307684308266927,0.6420686376221137,0.21015021025914357,1.0945082115177402,0.36541441540735387
766,0.056706706706706744,7.882711239241582,7.738139098669554,7.835018011877681,7.514061035264375,7.484578585734038,7.061331299111751,6.277843506488349,6.636626519834395,6.953948270835632,0.8553601697368186,0.14312670477144707,0.6414309130682025,0.20995526332868392,1.0943721618039939,0.36550707035905766
767,0.05710710710710715,7.884269276114911,7.739723177031517,7.836704257802308,7.516024343935553,7.486465678662954,7.063705732782656,6.279658311672264,6.638847364196164,6.956412140659182,0.8549567689658008,0.14317670846965114,0.6407892171634031,0.20975910712455312,1.0942349957477224,0.36559984676146884
768,0.05750750750750755,7.885820723578303,7.741301167223866,7.838382675789627,7.517982000790263,7.488348893885708,7.066077939174263,6.281469089259211,6.641065103664669,6.958873703171606,0.8545507003432341,0.14322686395524475,0.6401435011235361,0.20956173969676462,1.094096672675693,0.3656927738760164
769,0.057907907907907896,7.887365553914041,7.74287304262702,7.840053163843307,7.5199339686356605,7.490228241585199,7.068447898100904,6.283275810393217,6.643279755568252,6.961332999233071,0.8541419193560426,0.1432771811832569,0.6394937147984298,0.2093631601822162,1.0939571543728617,0.36578588105740295
770,0.0583083083083083,7.8889037394987165,7.744438776613101,7.841715621330876,7.521880215350371,7.4921037311352725,7.070815589420429,6.285078446814611,6.6454913376201326,6.963790068049305,0.8537303819729722,0.14332767026061305,0.6388398067255181,0.20916336876803135,1.093816405110593,0.36587919767575083
771,0.0587087087087087,7.890435252805717,7.745998342546905,7.843369949142936,7.52382071386706,7.493975371069993,7.073180993119001,6.286876970929579,6.64769986788772,6.966244947123749,0.8533160446859117,0.1433783414204493,0.638181724187754,0.2089623666522072,1.0936743916694371,0.3659727530381853
772,0.059109109109109104,7.891960066406894,7.747551713786478,7.845016049851686,7.525755442142622,7.495843169054421,7.075544089395785,6.28867135587864,6.649905364759596,6.968697672213072,0.8528988645508343,0.14342920499597167,0.6375194132756988,0.2087601560016492,1.0935310833564504,0.366066576310031
773,0.059509509509509506,7.893478152973409,7.749098863683274,7.846653827868454,7.527684383116101,7.497707131856948,7.077904858747323,6.2904615756038655,6.652107846910204,6.97114827728616,0.8524787992282884,0.14348027139392439,0.6368528189536449,0.20855673990770782,1.0933864520170464,0.36616069643583743
774,0.05990990990990991,7.894989485275709,7.750639765581908,7.8482831895999485,7.529607524654516,7.49956726532328,7.08026328205139,6.292247604914738,6.654307333262292,6.973596794486696,0.8520558070233466,0.14353155106773108,0.6361818851296082,0.20835212233932632,1.0932404720413764,0.36625514206041143
775,0.06031031031031031,7.896494036182652,7.752174392819473,7.849904043602908,7.531524859486744,7.50142357435215,7.082619340650143,6.294029419552515,6.656503842947167,6.976043254099427,0.8516298469249244,0.14358305449037914,0.6355065547290082,0.20814630809391518,1.0930931203652616,0.3663499414500597
776,0.060710710710710714,7.8979917786597404,7.753702718724449,7.851516300736852,7.533436385125671,7.503276062872814,7.084973016432351,6.295806996252956,6.65869739526283,6.9784876845202275,0.8512008786443863,0.1436347921271111,0.6348267697718752,0.20793930274608174,1.0929443764656717,0.36644512241424826
777,0.061111111111111116,7.89948268576647,7.755224716615171,7.853119874314624,7.535342103778838,7.505124733824418,7.087324291914514,6.297580312807291,6.660888009630041,6.980930112230057,0.8507688626533536,0.14368677440799726,0.6341424714533701,0.20773111259434532,1.09279422235081,0.3665407122278794
778,0.06151151151151152,7.900966730652783,7.756740359797871,7.854714680250416,7.537242022247836,7.50696958913728,7.089673150320663,6.299349348121312,6.6630757055464125,6.983370561772865,0.8503337602206221,0.14373901170045553,0.6334536002274314,0.20752174460597095,1.092642642544827,0.3666367375543797
779,0.06191191191191192,7.90244388655461,7.75824962156429,7.856300637204955,7.53913615181672,7.508810629716175,7.092019575660648,6.301114082272461,6.665260502538615,6.985809055737563,0.8498955334481003,0.14379151428179096,0.6327600958933279,0.2073112063600731,1.0924896240672053,0.36673322436981987
780,0.062312312312312323,7.9039141267885045,7.759752475188851,7.857877666727544,7.54102450812977,7.510647855425656,7.09436355280671,6.302874496564802,6.667442420112764,6.988245614744091,0.8494541453056874,0.14384429231183116,0.6320618976848957,0.20709950598912974,1.0923351564069086,0.36683019788825727
781,0.06271271271271273,7.905377424745373,7.761248893925406,7.8594456933946395,7.54290711105889,7.512481265077479,7.096705067568137,6.304630573581759,6.669621477703117,6.990680257433671,0.8490095596649919,0.14389735580572133,0.6313589443622429,0.20688665211906807,1.0921792314913146,0.36692768248850877
782,0.06311311311311313,7.906833753883283,7.762738851003549,7.86100464494466,7.544783984561028,7.514310856420182,7.0990441067638175,6.306382297236517,6.671797694619174,6.993113000463268,0.8485617413318132,0.14395071460695893,0.6306511743056603,0.20667265380807323,1.0920218436500637,0.3670257016425589
783,0.06351351351351353,7.90828308771937,7.764222319624499,7.862554452408692,7.546655156525987,7.516136626130851,7.101380658292486,6.308129652819968,6.67397108999129,6.995543858504327,0.8481106560772869,0.14400437836073912,0.6299385256115142,0.20645752048429375,1.0918629895738676,0.3671242778458023
784,0.06391391391391393,7.909725399820846,7.765699272956554,7.864095050236803,7.548520658615016,7.517958569809134,7.103714711200483,6.309872627046122,6.676141682714926,6.997972844245807,0.8476562706676136,0.1440583564876812,0.629220936189848,0.2062412618826024,1.0917026682684041,0.36722343254931916
785,0.06431431431431434,7.911160663795096,7.767169684130132,7.8656263764196295,7.550380526090599,7.519776681973526,7.106046255746823,6.311611208094865,6.678309491393671,7.000399968401527,0.8471985528922825,0.14411265815801186,0.6284983438634484,0.20602388798059024,1.091540881003395,0.3673231860943799
786,0.06471471471471474,7.912588853278909,7.768633526232386,7.867148372604948,7.552234797637916,7.521590956059954,7.108375283465412,6.313345385651987,6.680474534281163,7.002825239721858,0.8467374715906971,0.14416729226627645,0.6277706864680864,0.20580540893397073,1.0913776312569843,0.3674235576493736
787,0.06511511511511514,7.914009941926818,7.770090772301414,7.8686609842089075,7.554083515178392,7.523401384422704,7.110701787224207,6.315075150946383,6.682636829222039,7.005248665009747,0.8462729966771281,0.14422226740665064,0.627037901953678,0.20558583501156685,1.0912129246555478,0.36752456514934595
788,0.06551551551551554,7.9154239033985965,7.7715413953200585,7.870164160521624,7.555926723675852,7.5252079583377,7.113025761281162,6.316800496784363,6.684796393592087,7.007670249141083,0.8458050991638947,0.1442775918489205,0.6262999284860737,0.205365176530073,1.0910467689090502,0.36762622523833616
789,0.06591591591591595,7.916830711345896,7.772985368209323,7.871657854806841,7.557764470935778,7.527010668008154,7.115347201336777,6.318521417580966,6.686953244237722,7.01008999508938,0.8453337511827058,0.1443332735152071,0.625556704549184,0.205143443788766,1.0908791737421286,0.3677285532146921
790,0.06631631631631635,7.918230339398083,7.774422663821388,7.873142024395348,7.559596807398171,7.528809502572605,7.117666104583096,6.320237909388238,6.689107397414963,7.012507903954756,0.8448589260040663,0.14438931995749887,0.6248081690471674,0.20492064700435964,1.0907101508210133,0.36783156297952985
791,0.06671671671671675,7.919622761147262,7.775853254932258,7.8746166307718735,7.56142378592458,7.530604450115338,7.11998246974898,6.321949969920387,6.69125886872807,7.014923974997173,0.8443805980546755,0.14444573833606292,0.6240542614063642,0.204696796246187,1.0905397136764778,0.36793526698851853
792,0.06711711711711715,7.921007950132525,7.7772771142340495,7.8760816396551725,7.563245461579827,7.532395497679212,7.1222962971415145,6.323657598575765,6.693407673068002,7.017338205673898,0.8438987429327385,0.14450253539879987,0.6232949216766986,0.2044719013719029,1.0903678776229653,0.36803967620714545
793,0.06751751751751756,7.922385879823464,7.778694214326912,7.877537021071004,7.565061891409016,7.534182631280858,7.124607588683387,6.325360796455628,6.695553824550878,7.019750591681123,0.8434133374211078,0.14455971746160892,0.6225300906322291,0.20424597196389466,1.0901946596740746,0.36814480006961653
794,0.06791791791791796,7.923756523602959,7.780104527710626,7.878982749417753,7.566873134210398,7.535965835928265,7.126916347946122,6.327059566379613,6.69769733645661,7.022161126999683,0.842924359498193,0.14461729038982396,0.6217597098705521,0.20401901726658986,1.0900200784546,0.36825064644153715
795,0.0683183183183183,7.925119854749281,7.781508026775859,7.880418803524408,7.568679250304683,7.537745095640722,7.129222580179005,6.328753912897897,6.699838221167892,7.024569803944804,0.8424317883465535,0.14467525958078217,0.6209837219107511,0.20379104612485904,1.0898441541092874,0.368357221586522
796,0.06871871871871871,7.926475846417554,7.782904683795134,7.881845166700649,7.570480301301422,7.539520393471105,7.131526292333599,6.330443842300019,6.701976490109729,7.026976613219783,0.8419356043591167,0.1447336299475847,0.6202020702895878,0.2035620669236931,1.0896669082085344,0.36846453013685115
797,0.06911911911911911,7.927824471620593,7.784294470913478,7.883261826778791,7.572276349863045,7.5412917115304685,7.133827493083718,6.332129362620303,6.704112153689694,7.02938154397352,0.8414357891429455,0.14479240590410425,0.6194146996556215,0.20333208752935167,1.0894883636512118,0.3685725750683046
798,0.06951951951951951,7.92916570320918,7.7856773601388225,7.884668776147333,7.574067459467212,7.543059031014925,7.136126192840758,6.333810483639891,6.706245221239096,7.031784583861795,0.840932325520501,0.14485159135129558,0.6186215558609552,0.20310111523216387,1.0893085445648318,0.36868135767928256
799,0.06991991991991992,7.930499513851808,7.787053323332126,7.886066011775899,7.57585369416809,7.544822332234765,7.138422403764282,6.335487216885358,6.70837570095526,7.0341857191121635,0.8404251975283387,0.14491118966485628,0.6178225860503075,0.20286915669117295,1.0891274762032737,0.36879087757431356
800,0.07032032032032032,7.931825876013933,7.788422332197264,7.887453535231336,7.577635118357194,7.5465815946457635,7.14071613976776,6.337159575623885,6.71050359984511,7.036584934592369,0.8399143904131747,0.14497120368429128,0.6170177387470928,0.2026362178807994,1.088945184842281,0.36890113265204555
801,0.07072072072072072,7.933144761936795,7.789784358270711,7.888831352684766,7.579411796524443,7.5483367968826505,7.143007416519405,6.338827574855025,6.712628923670239,7.038982213882125,0.8393998906252834,0.14503163570342098,0.6162069639362315,0.20240230403970588,1.088761697672965,0.3690121190977957
802,0.07112112112112112,7.934456143615839,7.791139372911007,7.890199474909389,7.58118379302007,7.550087916794652,7.145296251437998,6.340491231299024,6.714751676893686,7.041377539348136,0.8388816858091623,0.14509248746238063,0.6153902131433714,0.20216741962203882,1.0885770426935293,0.3691238313807366
803,0.07152152152152152,7.935759992778814,7.792487347288071,7.891557917268857,7.582951171818028,7.551834931483079,7.147582663683674,6.342150563381733,6.716871862628582,7.043770892222189,0.8383597647914407,0.14515376014114145,0.6145674395102508,0.2019315682512194,1.0883912485994687,0.36923626225577144
804,0.07192192192192193,7.937056280863561,7.79382825237234,7.892906699696054,7.584713996281552,7.553577817340858,7.149866674143598,6.343805591216129,6.718989482588897,7.046162252682185,0.8378341175659679,0.14521545435460137,0.6137385978658958,0.20169475267644627,1.0882043446724543,0.3693494027701504
805,0.07232232232232233,7.938344978995595,7.795162058923805,7.894245846662105,7.586472328931505,7.555316550093972,7.1521483054124895,6.34545633658045,6.721104537042447,7.048551599935919,0.8373047352760703,0.14527757014926423,0.6129036447933924,0.20145697473207658,1.0880163606681645,0.36946324227485855
806,0.07272272272272273,7.93962605796549,7.796488737480918,7.895575387135494,7.588226231218161,7.557051104844693,7.1544275817679805,6.347102822892997,6.723217024766384,7.0509389123074415,0.8367716101939292,0.14534010700154334,0.6120625386919399,0.2012182353000381,1.0878273267032972,0.3695777684408073
807,0.07312312312312313,7.940899488206166,7.797808258349439,7.896895354531153,7.58997576329705,7.558781456116554,7.156704529140768,6.348745075183624,6.725326943005341,7.053324167325821,0.8362347356970671,0.14540306381771267,0.6112152398339431,0.2009785342754253,1.0876372731419925,0.3696929672798314
808,0.07352352352352354,7.942165239770105,7.799120591591225,7.898205786649406,7.59172098380951,7.560507577900946,7.1589791750795735,6.350383120061971,6.727434287432433,7.055707341816113,0.835694106241916,0.14546643893552283,0.6103617104168698,0.200737870535416,1.0874462304819408,0.36980882317049774
809,0.07392392392392394,7.9434232823065845,7.800425707012993,7.899506725604695,7.593461949668539,7.562229443705273,7.1612515487108945,6.352016985682485,6.729539052113285,7.058088411992343,0.8351497173344569,0.14553023012750158,0.609501914609637,0.20049624191165674,1.0872542292403884,0.3699253188887077
810,0.07432432432432434,7.944673585038969,7.801723574155085,7.900798217743991,7.595198715850591,7.563947026602537,7.163521680693579,6.353646701706284,6.73164122947329,7.060467353552286,0.834601565497922,0.14559443460595134,0.6086358185932905,0.2002536451662335,1.0870612998403095,0.3700424356430731
811,0.07472472472472474,7.94591611674214,7.803014162280266,7.902080313554841,7.596931335193884,7.565660299282273,7.165789603168244,6.3552722992599335,6.7337408102682526,7.062844141773847,0.8340496482375573,0.14565904902964594,0.6077633905957452,0.2000100759713542,1.0868674724969827,0.3701601531150182
812,0.07512512512512515,7.947150845720125,7.804297440362573,7.903353067563026,7.598659858203818,7.567369234102712,7.168055349701581,6.356893810891207,6.735837783558607,7.065218751612811,0.8334939640024519,0.14572406951223904,0.6068846009203932,0.19976552889285593,1.086672777105216,0.3702784495035631
813,0.07552552552552555,7.948377739783986,7.805573377076263,7.90461653821979,7.600384332866076,7.569073803144056,7.170318955225591,6.358511270521889,6.737932136687374,7.0675911578017505,0.8329345121444421,0.14578949163237603,0.6059994219683654,0.1995199973776392,1.0864772431274616,0.370397301574725
814,0.07592592592592595,7.94959676623004,7.806841940784868,7.905870787778663,7.60210480446795,7.570773978262762,7.172580455971831,6.3601247133977346,6.7400238552620095,7.069961334949854,0.8323712928741074,0.14585531044550762,0.6051078282542687,0.19927347374512053,1.0862808994830682,0.3705166847154529
815,0.07632632632632635,7.950807891818485,7.808103099530404,7.907115882161886,7.603821315428426,7.572469731146702,7.174839889400734,6.361734176035636,6.742112923140314,7.0723292576434424,0.831804307213887,0.14592152049739684,0.6042097964152362,0.19902594918279232,1.086083774438905,0.3706365729920162
816,0.07672672672672676,7.952011082752483,7.809356821022748,7.908351890816508,7.605533905137554,7.574161033371064,7.177097294126099,6.363339696168127,6.744199322420542,7.074694900546946,0.8312335569483399,0.1459881158393005,0.6033053052131293,0.19877741374595975,1.0858858955015889,0.3707569392127375
817,0.07712712712712716,7.953206304657786,7.810603072629235,7.909578886560198,7.607242609805565,7.575847856454895,7.179352709834851,6.364941312685295,6.746283033435853,7.077058238504081,0.8306590445715964,0.14605509004481207,0.602394335529767,0.19852785636172077,1.0856872893115583,0.3708777549949578
818,0.07752752752752756,7.954393522562967,7.811841821364481,7.910796945416882,7.608947462322244,7.5775301719181165,7.181606177202182,6.366539065574229,6.7483640347532425,7.079419246638995,0.8300807732320385,0.14612243622833584,0.6014768703550523,0.1982772648372407,1.0854879815392098,0.3709989908361111
819,0.07792792792792796,7.9555727008803165,7.813073033880485,7.9120061464423195,7.6106484921269555,7.579207951338903,7.183857737802212,6.3681329958560955,6.750442303177062,7.081777900457142,0.8294987466742627,0.146190147065175,0.6005528947679079,0.19802562587236047,1.0852879967833253,0.3711206161887624
820,0.07832832832832837,7.956743803387491,7.814296676457023,7.913206571539756,7.61234572508977,7.580881166411275,7.186107434014288,6.369723145520976,6.752517813757264,7.084134175945602,0.8289129691783931,0.1462582148131856,0.5996223959099326,0.19777292507657385,1.0850873584720067,0.3712425995394674
821,0.07872872872872877,7.95790679320996,7.815512714992377,7.914398305265826,7.614039183404062,7.582549789002756,7.188355308925102,6.3713095574605765,6.754590539802461,7.0864880496726315,0.8283234454968019,0.14632663133597387,0.5986853629517264,0.197519146990379,1.0848860887663279,0.3713649084912815
822,0.07912912912912912,7.959061632804339,7.816721114994424,7.915581434626893,7.615728885490939,7.584213791211967,7.1906014062267545,6.372892275398932,6.756660452897886,7.088839498886168,0.8277301807883243,0.14639538812758612,0.5977417870518394,0.19726427511102468,1.084684208466911,0.3714875098497562
823,0.07952952952952952,7.960208283942657,7.817921841572115,7.916756048866045,7.617414845915836,7.585873145426002,7.192845770110981,6.374471343821253,6.75872752292837,7.091188501611041,0.8271331805500398,0.14646447633864668,0.5967916613083202,0.1970082919226293,1.0844817369236273,0.3716103697122286
824,0.07992992992992992,7.961346707697637,7.819114859427383,7.917922239240997,7.619097075317549,7.5875278243774344,7.195088445159692,6.376046807901028,6.760791718106365,7.093535036744635,0.8265324505467239,0.14653388680389315,0.5958349807028862,0.1967511789306602,1.0842786919485987,0.3717334535602153
825,0.08033033033033032,7.962476864429052,7.820300132847494,7.919080098793168,7.620775580349991,7.589177801200806,7.197329476232046,6.3776187134255435,6.762853005005105,7.095879084150743,0.8259279967380599,0.14660361007105344,0.5948717420377239,0.1964929167007369,1.0840750897327023,0.3718567263547022
826,0.08073073073073073,7.9635987137712005,7.821477625697885,7.920229722108234,7.622450363636891,7.590823049488461,7.199568908348267,6.3791871067199395,6.764911348596945,7.098220624751373,0.8253198252037227,0.14667363643100287,0.5939019438649661,0.19623348490170922,1.0838709447657426,0.3719801526341157
827,0.08113113113113113,7.964712214621599,7.822647301415515,7.921371205068477,7.624121423739597,7.592463543345551,7.201806786570421,6.380752034569971,6.766966712296909,7.100559640616232,0.8247079420664535,0.14674395594913678,0.5929255864089418,0.19597286235295042,1.0836662697604493,0.3721036966147488
828,0.08153153153153153,7.9658173251309075,7.823809123002747,7.922504644597305,7.625788755138182,7.5940992574440775,7.204043155880378,6.382313544143616,6.769019058011462,7.102896115049662,0.8240923534132434,0.14681455849788855,0.5919426714812699,0.19571102707579202,1.0834610755804628,0.3722273222934099
829,0.08193193193193193,7.966914002694176,7.82496305302181,7.923630138396307,7.627452348225933,7.595730167075815,7.2062780610552295,6.383871682911676,6.771068346192546,7.105230032674758,0.8234730652147609,0.14688543379032415,0.590953202388923,0.19544795634900847,1.0832553711724615,0.37235099355204987
830,0.08233233233233234,7.968002203943453,7.826109053589844,7.924747784675255,7.629112189317312,7.59735624820396,7.208511546540372,6.385426498567538,6.773114535896827,7.107561379514442,0.8228500832431676,0.14695657141472668,0.5899571838354178,0.19518362676825346,1.0830491635025468,0.3724746742641189
831,0.08273273273273274,7.969081884741809,7.8272470863745705,7.925857681875514,7.6307682606694245,7.598977477513356,7.210743656320569,6.386978038946252,6.775157584850183,7.109890143069238,0.8222234129884614,0.14702796087009656,0.588954621815285,0.19491801430932268,1.082842457497029,0.3725983284023831
832,0.08313313313313314,7.970153000178822,7.828377112590609,7.9269599283873005,7.632420540516993,7.600593832459151,7.212974433789221,6.388526351943079,6.777197449517365,7.112216312391527,0.8215930595735114,0.1470995916024774,0.5879455235020256,0.19465109439512507,1.0826352559877133,0.3727219201479552
833,0.08353353353353354,7.971215504567575,7.829499092996462,7.92805462226131,7.634069003120789,7.602205291313734,7.215203921616152,6.390071485431683,6.779234085176803,7.11453987815603,0.8209590276679445,0.14717145304201906,0.5869298971297615,0.19438284196620367,1.0824275596618023,0.3728454140002412
834,0.08393393393393395,7.972269351443197,7.830612987892198,7.929141860915223,7.635713618829445,7.6038118332117985,7.217432161614184,6.391613487182128,6.781267446000482,7.116860832726318,0.820321321401057,0.14724353464068057,0.5859077518688387,0.19411323155465793,1.0822193670164895,0.37296877488754165
835,0.08433433433433435,7.973314493563,7.831718757117842,7.930221740835642,7.6373543541545175,7.605413438193406,7.219659194604816,6.393152404778834,6.783297485138814,7.119179170217113,0.8196799442739269,0.14731582591048412,0.5848790976956313,0.19384223736129,1.0820106743183449,0.37309196827801594
836,0.08473473473473475,7.97435088290823,7.832816360052506,7.931294357276054,7.638991171858623,7.607010087244891,7.221885060283289,6.3946882855386855,6.785324154810421,7.121494886552167,0.8190348990709213,0.14738831646220432,0.5838439452568609,0.1935698333357902,1.0818014755675351,0.3732149602907139
837,0.08513513513513515,7.975378470687485,7.833905755614283,7.9323598039514085,7.640624031056469,7.608601762337473,7.224109797083368,6.3962211764294254,6.787347406396705,7.123807979517532,0.8183861877707838,0.14746099604440777,0.5828023057287408,0.1932959932597583,1.0815917624669518,0.3733377178063935
838,0.08553553553553556,7.976397207341786,7.834986902260892,7.933418172729946,7.642252887328489,7.6101884464634555,7.226333442042146,6.39775112398854,6.789367190541101,7.126118448809999,0.8177338114575037,0.14753385458271637,0.5817541906712729,0.19302069083235412,1.0813815243962823,0.3734602085778037
839,0.08593593593593596,7.977407042551375,7.836059757991136,7.934469553322956,7.643877692846828,7.611770123669853,7.2285560306651995,6.399278174242769,6.791383457252847,7.1284262960805345,0.8170777702311837,0.14760688221919735,0.580699611878094,0.1927438997583457,1.0811707483910542,0.37358240133915277
840,0.08633633633633636,7.9784079252442055,7.8371242803471475,7.935514032973119,7.6454983965133145,7.613346779089349,7.230777596792407,6.40080237262843,6.793396156015148,7.130731524972535,0.8164180631191069,0.14768006935176203,0.5796385812222332,0.192465593838319,1.080959419126669,0.37370426591444345
841,0.08673673673673676,7.979399803606173,7.838180426417454,7.936551696142161,7.64711494410908,7.614918398968441,7.232998172464794,6.402323763912717,6.795405235897537,7.133034141154718,0.8157546879872286,0.14775340667345788,0.578571110498202,0.19218574706079752,1.080747518907433,0.37382577332436745
842,0.08713713713713717,7.9803826250930685,7.839228152840872,7.937582624198552,7.64872727845537,7.616484970692666,7.235217787792692,6.403842392116138,6.797410645672258,7.1353341523485,0.8150876414523212,0.14782688521153667,0.577497211260858,0.19190433369601095,1.0805350276605747,0.3739468958914575
843,0.08753753753753757,7.981356336444272,7.840267415811232,7.938606895105996,7.650335339585136,7.618046482808797,7.237436470825595,6.405358300436254,6.799412333934476,7.137631568349719,0.8144169187949946,0.14790049636618174,0.5764168946614863,0.19162132839103893,1.080321922935229,0.37406760734318234
844,0.08793793793793797,7.982320883698166,7.84129817108295,7.939624583113482,7.65193906492489,7.619602925043893,7.239654247424015,6.406871531172899,6.80141024922608,7.139926401044541,0.8137425138738329,0.14797423194876608,0.5753301712815823,0.19133670626604246,1.0801081799063428,0.37418788291267363
845,0.08833833833833837,7.983276212209266,7.842320373977435,7.940635758447727,7.653538389486304,7.621154288321119,7.241871141133697,6.408382125655007,6.803404340162873,7.142218664419446,0.81306441904089,0.14804808421952917,0.5742370509648287,0.1910504430112979,1.0798937713834869,0.3743076994367835
846,0.08873873873873878,7.984222266667059,7.843333979390361,7.941640487008767,7.655133246066976,7.62270056477223,7.244087173062521,6.409890124169245,6.805394555564873,7.144508374565187,0.8123826250587768,0.14812204592453815,0.5731375426477883,0.19076251498471755,1.0796786678244632,0.3744270354511574
847,0.08913913913913918,7.985158991116498,7.844338941799771,7.9426388300695905,7.65672356545978,7.624241747746644,7.246302361760431,6.411395565890581,6.807380844589489,7.146795549674583,0.8116971210195962,0.14819611033181726,0.57203165418983,0.19047289930956032,1.0794628373536894,0.37454587128201833
848,0.08953953953953958,7.986086328980163,7.845335215275036,7.943630843980617,7.658309276670146,7.625777831817017,7.248516723102741,6.412898488814946,6.8093631568672865,7.149080210034109,0.8110078942659766,0.1482702712665146,0.570919392202851,0.19018157397199856,1.0792462457852436,0.3746641891343663
849,0.08993993993993993,7.987004223082014,7.846322753486649,7.944616579879906,7.659890307140603,7.627308812781258,7.250730270177112,6.414398929694138,6.811341442640051,7.151362378009171,0.8103149303144436,0.14834452314498855,0.5698007618813601,0.18988851791823053,1.07902885665047,0.3747819731762893
850,0.09034034034034033,7.9879126156727205,7.847301509716854,7.945596083409965,7.661466582981891,7.628834687660916,7.252943013174591,6.415896923973124,6.8133156529008545,7.153642078023029,0.8096182127814017,0.14841886100768006,0.5686757668334793,0.18959371115079254,1.07881063123007,0.3748992096190914
851,0.09074074074074073,7.9888114484565005,7.848271436871102,7.94656939444204,7.663038029209903,7.6303554546958905,7.255154959284974,6.417392505729865,6.8152857395358035,7.155919336529307,0.8089177233119645,0.1484932805506548,0.5675444089134883,0.18929713482374638,1.0785915285905103,0.3750158867929522
852,0.09114114114114114,7.989700662619424,7.849232487490307,7.947536546808781,7.6646045699877,7.631871113335411,7.257366112596856,6.418885707617812,6.8172516554671425,7.158194181978076,0.8082134415118971,0.14856777815568925,0.5664066880564808,0.1889987713363953,1.0783715056246583,0.37513199521783575
853,0.09154154154154154,7.990580198859107,7.850184613763901,7.948497568046189,7.666166128871804,7.633381664225271,7.259576474002662,6.420376560811203,6.819213354797377,7.160466644775486,0.8075053448829228,0.14864235091878075,0.5652626021157595,0.18869860442519026,1.0781505170964811,0.37524752766937053
854,0.09194194194194194,7.991449997415737,7.851127767543663,7.949452479145747,7.667722629061975,7.634887109191264,7.261786041108978,6.421865094953286,6.821170792954055,7.162736757236948,0.8067934087616523,0.14871699667695784,0.5641121467035928,0.18839661925348095,1.0779285156896532,0.3753624792394378
855,0.09234234234234234,7.992309998104338,7.852061900358309,7.950401294317629,7.669273993653613,7.636387451218828,7.263994808152465,6.423351338107594,6.823123926834856,7.165004553533881,0.8060776062623768,0.14879171403328154,0.5629553150359436,0.18809280249876628,1.0777054520599196,0.3754768473912022
856,0.09274274274274275,7.9931601403482055,7.852986963428793,7.9513440207659185,7.670820145891949,7.637882694428874,7.266202765921657,6.424835316712383,6.825072714952601,7.167270069634069,0.8053579082239913,0.1488665023799155,0.5617920977818138,0.18778714243710617,1.07748127489103,0.37559063200834775
857,0.09314314314314315,7.994000363213407,7.853902907684329,7.95228065847671,7.672361009427146,7.639372844049827,7.268409901684916,6.426317055538352,6.827017117579819,7.169533343235664,0.804634283161274,0.14894136191916144,0.5606224829178201,0.18747962902435264,1.077255930954068,0.3757038354382697
858,0.09354354354354355,7.994830605444256,7.8548096837790755,7.953211200020016,7.67389650856941,7.640857906385868,7.270616199124825,6.427796577649737,6.828957096892465,7.171794413694895,0.8039066972207874,0.1490162936823431,0.5594464555886545,0.1871702539738579,1.0770293651699758,0.3758164625289994
859,0.09394394394394395,7.995650805499652,7.855707242109453,7.954135630366355,7.675426568543223,7.642337888781414,7.272821638279248,6.429273904368896,6.830892617112384,7.174053321947593,0.8031751141416139,0.14909129954644618,0.558263997974034,0.18685901083033804,1.076801520675079,0.37592852065964866
860,0.09434434434434436,7.996460901590172,7.8565955328320785,7.955053926718898,7.676951115739774,7.6438127995818865,7.275026195489335,6.430749055244454,6.832823644648145,7.176310110424601,0.802439495221182,0.14916638224840512,0.5570750891627886,0.18654589503955915,1.0765723388894002,0.3760400197641735
861,0.09474474474474476,7.99726083171579,7.857474505882243,7.955966058362056,7.678470077966661,7.645282648090791,7.27722984335468,6.432222048023114,6.834750148233799,7.178564822961199,0.8016997992863855,0.1492415453969521,0.5558797050346903,0.18623090401353223,1.0763417595875444,0.3761509723482631
862,0.09514514514514516,7.998050533704114,7.8583441109929195,7.956871986527327,7.679983384693939,7.646747444523186,7.279432550695845,6.433692898625196,6.836672099065156,7.180817504700675,0.800955982670236,0.14931679348192994,0.5546778181506546,0.18591403719090652,1.076109720971932,0.37626139349918863
863,0.09554554554554556,7.998829945248978,7.859204297714248,7.95777166427727,7.681490967295592,7.648207199955608,7.281634282524475,6.435161621123986,6.838589470933163,7.183068201992195,0.8002079991942391,0.1493921318809974,0.5534693976518973,0.1855952960922698,1.075876159748156,0.3763713008884552
864,0.09594594594594597,7.999599003949287,7.860055015433434,7.95866503640837,7.682992759285458,7.649661926272527,7.283835000021159,6.436628227728945,6.840502240353951,7.185316962283129,0.7994558001567077,0.14946756686363982,0.5522544091686582,0.18527468437005679,1.0756410112022163,0.3764807147671072
865,0.09634634634634637,8.000357647347927,7.860896213395027,7.959552039373618,7.684488696546739,7.65111163610944,7.2860346605212225,6.438092728772854,6.842410386695119,7.187563834006026,0.7986993343271971,0.14954310559242395,0.5510328147390388,0.18495220785281624,1.0754042092794125,0.37658965795357985
866,0.09674674674674677,8.00110581297063,7.861727840721517,7.960432601225513,7.685978717554093,7.652556342792697,7.288233217508602,6.4395551327029175,6.844313892297836,7.189808866460438,0.7979385479472412,0.1496187561214292,0.5498045727385478,0.18462787458355187,1.0751656866646238,0.37669815581398003
867,0.09714714714714717,8.001843438364597,7.862549846434193,7.961306641580258,7.687462763587453,7.653996060276182,7.290430620617922,6.44101544607589,6.846212742594318,7.192052109689795,0.7971733847375664,0.14969452739180086,0.5485696378208685,0.1843016948519182,1.0749253748637528,0.37680623623471293
868,0.09754754754754758,8.002570461136754,7.863362179474195,7.962174071603778,7.688940778936642,7.655430803074978,7.292626815644894,6.442473673557235,6.848106926220251,7.194293614353591,0.796403785911923,0.14977042922438494,0.5473279608703667,0.18397368122004135,1.0746832042860777,0.3769139295874008
869,0.09794794794794798,8.00328681899144,7.864164788723711,7.963034794020262,7.690412711095889,7.656860586196157,7.294821744565132,6.443929817924359,6.849996435121742,7.196533431595095,0.7956296901976954,0.1498464723093938,0.5460794889668509,0.18364384854175508,1.0744391043272532,0.37702126868603336
870,0.09834834834834838,8.003992449767368,7.864957623027239,7.963888703143791,7.691878510947372,7.658285425066844,7.297015345561455,6.445383880073922,6.851881264656365,7.198771612904887,0.7948510338633957,0.14992266819308575,0.544824165363028,0.183312213975071,1.074193003452717,0.37712828873633475
871,0.09874874874874878,8.004687291473704,7.865740631212853,7.964735684933633,7.693338132932942,7.659705335459722,7.299207553059729,6.446835859033242,6.8537614136878755,7.201008209980468,0.7940677507531786,0.14999902926142533,0.5435619294751136,0.18297879698772032,1.0739448292812501,0.3772350272773444
872,0.09914914914914918,8.005371282325035,7.8665137621134,7.965575617073718,7.694791535213202,7.66112033341615,7.301398297773269,6.448285751975782,6.855636884674191,7.203243274582267,0.7932797723284521,0.15007556872072514,0.5422927168869872,0.18264361935563003,1.073694508668438,0.37734152411523886
873,0.09954954954954959,8.006044360775086,7.86727696458755,7.966408369076745,7.696238679813117,7.662530435167089,7.303587506755833,6.44973355424072,6.857507683748215,7.205476858386324,0.7924870277166736,0.150152300575257,0.5410164593682746,0.18230670515420155,1.0734419677897817,0.3774478212494247
874,0.09994994994994999,8.006706465548984,7.86803018754063,7.967233802413327,7.697679532753405,7.663935657052014,7.305775103463171,6.451179259356572,6.8593738207911175,7.207709012834003,0.7916894437673909,0.1502292396018428,0.5397330849066895,0.18196808074231188,1.0731871322232165,0.37755396279098397
875,0.10035035035035039,8.007357535673874,7.8687733799451625,7.968051770666527,7.699114064166967,7.665336015436039,7.307961007823094,6.4526228590688595,6.8612353094976575,7.209939788979041,0.790886945115573,0.15030640132144646,0.5384425177549338,0.18162777473896774,1.0729299270307968,0.37765999487355756
876,0.10075075075075074,8.007997510507714,7.869506490861016,7.968862119712063,7.700542248399634,7.666731526625458,7.310145136314025,6.454064343371753,6.863092167433199,7.212169237332317,0.7900794542522459,0.15038380196779383,0.5371446784924171,0.1812858179925565,1.0726702768392986,0.3777659655567889
877,0.10115115115115114,8.008626329766045,7.870229469455113,7.969664687924405,7.7019640640946045,7.668122206781943,7.312327402051928,6.455503700543694,6.864944416082022,7.214397407704662,0.7892668916024497,0.15046145845305228,0.5358394841020021,0.1809422435426922,1.0724081059195276,0.3778719247224556
878,0.10155155155155154,8.009243933546545,7.870942265020575,7.970459306408925,7.703379494259922,7.669508071835616,7.31450771488551,6.456940917186898,6.8667920808865786,7.216624349048122,0.7884491756104856,0.15053938833062996,0.5345268480619463,0.18059708657466142,1.072143338264086,0.3779779239634752
879,0.10195195195195195,8.009850262351197,7.871644826995254,7.971245799260155,7.704788526318441,7.670889137397263,7.316685981499574,6.4583759782707055,6.868635191277372,7.218850109296027,0.7876262228324231,0.1506176097551463,0.5332066804531682,0.18025038436650553,1.0718758976633915,0.3780840164659591
880,0.10235235235235235,8.010445257105863,7.872337104979546,7.97202398384619,7.706191152139747,7.672265418669927,7.31886210552637,6.4598088671787,6.870473780693104,7.221074735202277,0.786797948035801,0.15069614143964688,0.5318788880819,0.17990217622880328,1.0716057077797354,0.3781902568845393
881,0.10275275275275275,8.01102885917708,7.873019048753399,7.972793671119144,7.7075873680535825,7.673636930360147,7.3210359876647635,6.461239565759522,6.872307886590802,7.2232982721802435,0.7859642643064384,0.15077500261014257,0.5305433746177369,0.1795525034372523,1.0713326922191915,0.37829670121121073
882,0.10315315315315315,8.011601010385926,7.873690608292434,7.973554665951502,7.708977174844342,7.675003686589125,7.323207525807008,6.462668054381288,6.874137550445631,7.2255207641416925,0.785125083162248,0.1508542129575664,0.5292000407470759,0.17920140915816893,1.0710567746011606,0.378403406637948
883,0.10355355355355356,8.012161653018728,7.874351733783096,7.97430676749815,7.71036057772629,7.67636570080407,7.3253766151729165,6.464094311989519,6.875962817740119,7.227742253336146,0.7842803146739185,0.15093379258724648,0.5278487843418178,0.1788489383670487,1.0707778786253992,0.3785104314133996
884,0.10395395395395396,8.012710729834502,7.875002375636727,7.975049769583737,7.711737586299223,7.677722985690032,7.327543148451183,6.465518316168484,6.8777837379425515,7.229962780191116,0.7834298675923091,0.15101376196601177,0.5264895006432065,0.1784951377603699,1.070495928136357,0.3786178346939632
885,0.10435435435435436,8.013248184068903,7.875642484502497,7.975783461114963,7.713108214484342,7.679075553082492,7.329707015947552,6.46694004320584,6.8796003644743084,7.232182383153626,0.7825736494823744,0.15109414186704823,0.5251220824605819,0.17814005566084729,1.070210847184664,0.3787256763895977
886,0.10475475475475476,8.013773959434573,7.876272011279092,7.9765076265172805,7.71447248044016,7.68042341388101,7.3318681057395825,6.468359468160461,6.881412754665934,7.234401098533465,0.781711566863407,0.151174953312644,0.5237464203847848,0.17778374191635035,1.069922560085642,0.3788340170047133
887,0.10515515515515517,8.014288000117716,7.876890907125071,7.977222046195414,7.71583040645839,7.681766577964233,7.334026303837668,6.4697765649333165,6.883220969701781,7.236618960348593,0.7808435253553736,0.15125621751495918,0.5223624030158628,0.17742624779276123,1.0696309914747235,0.3789429174745523
888,0.10555555555555557,8.01479025077077,7.877499123467819,7.977926497016972,7.717182018839757,7.683105054106547,7.336181494351961,6.471191306341282,6.885025074553067,7.238836000173159,0.7799694298310664,0.15133795581497891,0.5209699172047003,0.17706762586103636,1.0693360663596396,0.37905243899745106
889,0.10595595595595597,8.015280656501039,7.8780966120110065,7.978620752818369,7.718527347749823,7.684438849896699,7.338333559664876,6.472603664193732,6.88682513789922,7.2410522469885485,0.7790891845738046,0.1514201896198028,0.5195688483080827,0.17670792987878384,1.0690377101693374,0.3791626428634174
890,0.10635635635635637,8.015759162855217,7.878683324740458,7.979304584932134,7.719866427054976,7.68576797165866,7.340482380608747,6.474013609371769,6.888621232037443,7.243267727037904,0.7782026934403501,0.15150294033845135,0.5181590804566711,0.1763472146666953,1.0687358487995198,0.3792735902794869
891,0.10675675675675678,8.016225715799626,7.87925921392839,7.979977762734594,7.721199294138728,7.687092424375074,7.342627836648274,6.475421111909947,6.890413432780398,7.245482463684564,0.7773098600287079,0.15158622931635432,0.5167404968352989,0.17598553598015362,1.0684304086547651,0.37938534219230236
892,0.10715715715715718,8.016680261696163,7.879824232135902,7.9806400542128,7.722525989698699,7.688412211613558,7.344769806067307,6.476826141080308,6.892201819342021,7.247696477274831,0.7764105878504362,0.15167007776871808,0.5153129799748861,0.17562295037641862,1.068121316687202,0.3794979591084339
893,0.10755755755755758,8.01712274727385,7.880378332213674,7.981291226549468,7.723846557524636,7.689727335456191,7.346908166159546,6.478228665478586,6.8939864742114345,7.24990978500553,0.775504780507074,0.15175450671296203,0.5138764120552602,0.17525951507776705,1.0678085004317301,0.3796115009129309
894,0.10795795795795798,8.017553119595945,7.880921467300796,7.98193104672458,7.725161044257908,7.691037796432461,7.349042793422686,6.479628653112389,6.895767483015033,7.2521224007967335,0.774592341870253,0.15183953690042212,0.5124306752180529,0.1748952878309908,1.0674918880377757,0.3797260266866218
895,0.10835835835835839,8.017971326022595,7.881453590821659,7.982559282132176,7.726469499133068,7.692343593455983,7.351173563755528,6.481026071491202,6.897544934366762,7.25433433517012,0.7736731762650503,0.15192518874753203,0.5109756518887971,0.17453032676369198,1.0671714082976342,0.37984159452271354
896,0.10875875875875879,8.01837731416901,7.881974656480863,7.983175701210762,7.727771973702078,7.693644723765293,7.353300352657576,6.4824208877180025,6.899318919706751,7.256545595133328,0.7727471886560958,0.1520114822666929,0.509511225107259,0.17416469023780223,1.0668469906714404,0.3799582613432241
897,0.10915915915915919,8.018771031859206,7.882484618256079,7.983780074085629,7.72906852154197,7.694941182868971,7.355423035430596,6.483813068582306,6.901089533128403,7.258756184070733,0.771814284835934,0.15209843699705622,0.5080372788649818,0.17379843670079445,1.06651856530886,0.380076082715825
898,0.1095595595595596,8.01915242707532,7.882983430388817,7.984372173221264,7.730359197946679,7.696232964495406,7.3575414873816225,6.485202580654479,6.902856871194139,7.260966101641016,0.7708743716150932,0.15218607193542968,0.5065536984489544,0.17343162453503486,1.0661860630675493,0.38019511267163525
899,0.10995995995996,8.019521447902594,7.883471047373076,7.984951774081905,7.731644059604029,7.697520060547461,7.3596555840268705,6.486589390381057,6.904621032740014,7.263175343681909,0.7699273570133247,0.15227440546755264,0.505060370790206,0.1730643119057748,1.0658494155285867,0.3803154035245841
900,0.1103603603603604,8.019878042470129,7.883947423941819,7.985518655798193,7.732923164258785,7.698802461062299,7.361765201296019,6.487973464180931,6.906382118669456,7.265383902122473,0.7689731504513954,0.15236345529995454,0.5035571848161212,0.1726965566082437,1.0655085550089258,0.380437005692884
901,0.1107607607607608,8.020222158887488,7.884412515051271,7.986072601837715,7.734196570362897,7.700080154176626,7.3638702157362745,6.489354768542156,6.908140231736428,7.267591764903241,0.7680116629428471,0.15245323839264222,0.5020440318051391,0.17232841591436096,1.0651634145711086,0.38055996752323196
902,0.1111611611611612,8.02055374517739,7.8848662758630175,7.986613400677141,7.735464336714052,7.701353126097605,7.365970504715698,6.490733270119175,6.909895476318342,7.269798915904591,0.7670428072850709,0.15254377089285184,0.5005208057424726,0.17195994641954096,1.0648139280303919,0.38068433511831273
903,0.11156156156156155,8.020872749204587,7.885308661723885,7.987140846473546,7.736726522083796,7.7026213610796495,7.368065946625165,6.492108935830256,6.911647958179104,7.272005334883615,0.7660664982490443,0.1526350680700969,0.49898740367540695,0.17159120389011392,1.0644600299595077,0.38081015216820113
904,0.11196196196196195,8.021179118601237,7.885739628143628,7.987654739732309,7.737983184836537,7.703884841407326,7.370156421078413,6.493481732954913,6.9133977842227035,7.27421099741981,0.7650826527670354,0.15272714425276185,0.49744372606666704,0.17122224311185502,1.0641016556912863,0.38093745978624466
905,0.11236236236236236,8.021472800688978,7.886159130770419,7.988154887968987,7.739234382540851,7.7051435473845675,7.372241809109582,6.494851629231112,6.915145062237791,7.276415874869849,0.7640911901175739,0.15282001276647308,0.4958896771442779,0.1708531177401356,1.0637387413194004,0.38106629635001293
906,0.11276276276276276,8.02175374239801,7.8865671253641745,7.988641106362327,7.740480171574543,7.706397457330375,7.374321993367649,6.496218592951992,6.916889900633754,7.278619934331686,0.7630920321069677,0.15291368587449794,0.4943251652463039,0.1704838801521999,1.0633712236975237,0.3811966973478977
907,0.11316316316316316,8.022021890183556,7.886963567767758,7.9891132183955165,7.741720606725063,7.707646547581182,7.376396858307163,6.497582593061937,6.918632408168807,7.2808231386182385,0.762085103246595,0.15300817472040487,0.49275010315876705,0.1701145813020835,1.0629990404371623,0.3813286952319318
908,0.11356356356356356,8.02227718994003,7.887348413876101,7.989571056482661,7.742955740786818,7.708890792500024,7.378466290374713,6.498943599251727,6.920372693670667,7.283025446240811,0.7610703309252359,0.15310348927321688,0.49116440844503995,0.169745270578647,1.0626221299045113,0.38146231927736546
909,0.11396396396396397,8.022519586913372,7.887721619603305,7.9900144625773555,7.7441856241572005,7.7101301644926625,7.380530178190497,6.500301582052569,6.922110865750443,7.285226811402503,0.7600476455756257,0.15319963827531685,0.489568003764873,0.16937599566727743,1.0622404312166558,0.38159759544959126
910,0.11436436436436437,8.022749025611994,7.888083140847818,7.990443288760103,7.74541030443296,7.711364634030739,7.382588412724456,6.501656512928747,6.923847032510358,7.287427184001703,0.759016980834467,0.15329662919331624,0.4879608171812976,0.16900680241569288,1.061853884237472,0.3817345462789102
911,0.11476476476476477,8.022965449716834,7.888432933455756,7.990857397801232,7.746629826008859,7.71259416968208,7.384640887466333,6.503008364368703,6.925581301246016,7.28962650964582,0.7579782736950564,0.15339446817213176,0.4863427824534568,0.1686377347044001,1.061462429573606,0.38187319074368303
912,0.11516516516516517,8.023168801991106,7.8887709531824886,7.991256663695897,7.747844229680341,7.713818738148209,7.386687498589145,6.504357109974286,6.927313778143905,7.29182472967537,0.7569314646517237,0.15349315999249488,0.4847138393135489,0.16826883432223808,1.0610660085708774,0.3820135441623508
913,0.11556556556556558,8.023359024190292,7.889097155652607,7.991640972167608,7.749053552252294,7.715038304309085,7.388728145105449,6.505702724547951,6.929044567974918,7.29402178119845,0.7558764978352458,0.15359270803212058,0.4830739337258605,0.16790014084752924,1.0606645633115792,0.38215561809482107
914,0.11596596596596598,8.02353605697307,7.889411496318421,7.99201022113671,7.750257826155682,7.716252831275123,7.390762729015873,6.507045184177691,6.93077377378466,7.29621759713569,0.7548133211384022,0.1536931142307454,0.48142301812604793,0.1675316915352796,1.0602580366129712,0.3822994202536528
915,0.11636636636636638,8.023699839813828,7.889713930417135,7.992364321150091,7.751457079074239,7.717462280446455,7.39279115544937,6.508384466319452,6.932501496581369,7.298412106275667,0.7537418863308173,0.15379437905926396,0.47976105163857,0.1671635212109186,1.059846372027505,0.3824449544255127
916,0.11676676676676678,8.023850310917544,7.890004412926876,7.9927031957684,7.75265133358302,7.718666611579408,7.394813332794662,6.509720549876814,6.934227835022307,7.300605233340778,0.7526621491622758,0.1538965014931568,0.47808800027044335,0.16679566217099742,1.0594295138450966,0.38259222040326846
917,0.11716716716716719,8.02398740713777,7.890282898521778,7.993026781906979,7.753840606801112,7.719865782860145,7.396829172822363,6.511053415277742,6.935952885099481,7.302796899063531,0.7515740694536414,0.15399947899041905,0.47640383707920647,0.16642814409134885,1.0590074070979625,0.38274121392913624
918,0.11756756756756759,8.024111063898618,7.890549341526322,7.993335030126644,7.7550249100603015,7.7210597509853605,7.398838590797286,6.512383044548121,6.937676739825629,7.304987020273154,0.7504776111745859,0.15410330747418255,0.47470854231326937,0.1660609939430878,1.0585799975683905,0.3828919266492175
919,0.11796796796796799,8.024221215121548,7.8908036958691685,7.993627904870473,7.756204248591936,7.72224847124992,7.400841505580484,6.513709421381918,6.939399488921369,7.30717550999245,0.749372742507271,0.1542079813202132,0.47300210352259736,0.16569423591691376,1.0581472317999066,0.3830443460797493
920,0.11836836836836839,8.024317793157971,7.891045915036739,7.993905384642735,7.757378621233947,7.723431897641301,7.402837839720525,6.515032531207738,6.941121218504484,7.3093622775447304,0.748259435895214,0.15431349334946465,0.471284515637917,0.1653278913561352,1.0577090571122423,0.38319845558537186
921,0.1187687687687688,8.02440072872859,7.891275952026809,7.994167462126072,7.758548020160114,7.724609982940634,7.4048275195336535,6.516352361251507,6.942842010782313,7.311547228670665,0.7471376680765388,0.1544198348258564,0.46955578101650536,0.16496197869879764,1.057265421620579,0.3833542343696616
922,0.1191691691691692,8.024469950870499,7.89149375930241,7.994414144233124,7.759712430633603,7.725782678830163,7.406810475172366,6.517668900595192,6.944561943748229,7.313730265654828,0.7460074201008484,0.15452699545942705,0.4678159094527861,0.1645965134293433,1.0568162742594327,0.38351165747814653
923,0.1195695695695696,8.02452538689312,7.891699288746352,7.994645452088791,7.760871830786636,7.726949936006861,7.408786640682082,6.518982140231211,6.94628109088322,7.315911287461743,0.744868677329008,0.154634963415011,0.4660649181520273,0.16423150804013023,1.0563615648115783,0.3836706958140079
924,0.11996996996997,8.024566962344082,7.891892491616702,7.994861420939438,7.762026191428431,7.728111704301926,7.4107559540455465,6.520292073112453,6.947999520863554,7.318090189881112,0.7437214294151397,0.15474372532657604,0.46430283166541997,0.16386697200323563,1.055901243942466,0.38383131616661337
925,0.1203703703703704,8.024594600986136,7.8920733185035745,7.99506209998542,7.763175475883152,7.729267932805887,7.412718357214674,6.521598694197624,6.949717297275611,7.320266865681964,0.7425656702701866,0.1548532663173364,0.46252968178501036,0.16350291175284337,1.055435263240458,0.3839934812529986
926,0.12077077077077081,8.024608224786354,7.892241719287604,7.995247552133457,7.764319639859758,7.7304185699989345,7.414673796129548,6.52290200049181,6.951434478338858,7.3224412047753615,0.7414013980064402,0.15496357002574537,0.4607455073970469,0.16313933067857148,1.0549635752632325,0.3841571497723548
927,0.12117117117117121,8.024607753918737,7.89239764310051,7.9954178536655025,7.765458631355459,7.731563563886147,7.416622220724373,6.524201991082028,6.953151116638006,7.324613094385348,0.7402286148624971,0.15507461863745853,0.45895035429239145,0.16277622913001602,1.0544861335907136,0.3843222764735749
928,0.12157157157157161,8.02459310678153,7.892541038288154,7.995573093821023,7.766592390594459,7.7327028621372005,7.418563584920117,6.525498667167552,6.954867258865412,7.326782419227684,0.7390473271081839,0.15518639292334382,0.4571442749328881,0.16241360443283626,1.054002892884797,0.38448881223586584
929,0.12197197197197202,8.024564200030433,7.892671852376551,7.995713374289747,7.767720850003614,7.733836412230133,7.420497846603794,6.526792032084978,6.956582945574687,7.328949061695998,0.7378575449290139,0.15529887228358283,0.4553273281725524,0.16205145091659115,1.0535138089562204,0.38465670416232556
930,0.12237237237237236,8.024520948629036,7.892790032041272,7.9958388086122785,7.7688439342262665,7.734964161598692,7.422424967594151,6.528082091327712,6.958298210946603,7.331112902054881,0.7366592822898927,0.1554120347978991,0.45349957893297493,0.1616897599545754,1.0530188388386443,0.3848258956864558
931,0.12277277277277276,8.024463265917706,7.892895523080729,7.995949521486243,7.769961560175946,7.7360860577827895,7.424344913593791,6.5293688525598235,6.9600130825682225,7.3332738186394435,0.7354525567778225,0.1555258572819443,0.45166109783204805,0.161328520015866,1.0525179408704246,0.38499632669146183
932,0.12317317317317317,8.024391063702232,7.892988270393843,7.996045647976007,7.771073637130643,7.737202048581533,7.426257654127657,6.530652325624112,6.961727581226284,7.33543168806083,0.7342373894234786,0.15564031534978745,0.4498119607659214,0.16096771672965055,1.0520110747839069,0.38516793364211466
933,0.12357357357357357,8.024304252363486,7.893068217962589,7.996127332624447,7.772180066869201,7.738312082208284,7.428163162467896,6.531932522544239,6.963441720715802,7.337586385417178,0.733013804501644,0.15575538348251855,0.44795224844382386,0.16060733296204893,1.0514982018026127,0.3853406497290333
934,0.12397397397397397,8.024202740989361,7.893135308839977,7.996194728465631,7.773280743850435,7.739416107447167,7.430061415545185,6.533209457520801,6.965155507664806,7.339737784509408,0.7317818293106138,0.15587103510287295,0.44608204587600603,0.16024734890542336,1.0509792847462818,0.38551440502506606
935,0.12437437437437437,8.024086437530222,7.893189485143997,7.996247995937906,7.77437555543584,7.740514073810404,7.431952393846669,6.534483146921209,6.966868941376149,7.341885758061344,0.7305414939308035,0.1559872426557987,0.44420144181520055,0.15988774218018872,1.0504542881438133,0.3856891266534981
936,0.12477477477477478,8.023955248979053,7.893230688058094,7.996287301697338,7.775464382156254,7.741605931695879,7.433836081300596,6.535753609263374,6.968582013687236,7.34403017794347,0.7292928309629438,0.15610397769481735,0.44231052815245847,0.1595284879490715,1.0499231783539564,0.38586473896766915
937,0.12517517517517518,8.023809081577442,7.893258857838738,7.996312817332235,7.776547098023283,7.74269163254424,7.43571246514797,6.5370208651929405,6.970294708848548,7.34617091539977,0.7280358752464257,0.15622121097407587,0.44040939926827527,0.15916955904376356,1.0493859236939345,0.38604116374171404
938,0.12557557557557558,8.023647841048502,7.8932739338306845,7.9963247179800465,7.777623570885085,7.743771128994862,7.437581535801423,6.538284937454191,6.972007003421776,7.348307841276985,0.7267706635584685,0.15633891254582943,0.43849815134077336,0.15881092610367836,1.0488424945754382,0.38621832037184783
939,0.12597597597597598,8.023471432857713,7.8932758544905015,7.996323180848867,7.778693662826897,7.74484437503998,7.439443286691677,6.539545850854342,6.973718866198241,7.350440826255582,0.7254972342950972,0.15645705186318337,0.4365768816126701,0.15845255772664332,1.0482928636481552,0.3863961260878095
940,0.1263763763763764,8.023279762502591,7.893264557418956,7.996308383646537,7.779757230615934,7.745911326176286,7.441297714101946,6.540803632221421,6.975430258138401,7.3525697410818225,0.7242156271349376,0.15657559788779576,0.43464568761941785,0.15809442063119541,1.0477370059502982,0.3865744961738651
941,0.1267767767767768,8.023072735831976,7.8932399794028605,7.996280502921332,7.780814126190045,7.7469719395531955,7.4431448169907135,6.542058310355401,6.977141132333097,7.354694456800211,0.7229258826872313,0.15669451920225574,0.4327046663814372,0.15773647983001765,1.0471748990658436,0.3867533441988566
942,0.1271771771771772,8.022850259395618,7.89320205646697,7.996239712319214,7.781864197189564,7.748026174117055,7.444984596803437,6.5433099159729,6.978851433987018,7.356814844985569,0.7216280421255827,0.15681378412675115,0.4307539135636583,0.15737869881406572,1.0466065232880817,0.38693258225454313
943,0.1275775775775776,8.022612240824527,7.893150723936506,7.996186180763875,7.782907287531352,7.749073990750569,7.446817057273609,6.544558481645152,6.9805611004251364,7.358930777974119,0.7203221468092446,0.15693336083968407,0.42879352260630105,0.15702103974684764,1.0460318617889184,0.3871121212017386
944,0.127977977977978,8.02235858924244,7.893085916510896,7.996120070566826,7.7839432380235944,7.750115352406562,7.4486422042138924,6.5458040417293795,6.982270061122358,7.36104212909277,0.7190082378940484,0.15705321750174442,0.42682358383140795,0.15666346366809472,1.0454509007933455,0.3872918709233789
945,0.1283783783783784,8.022089215708492,7.893007568349282,7.996041535476337,7.7849718870201485,7.751150224235395,7.450460045297912,6.547046632293686,6.983978237756974,7.363148772885885,0.7176863559352734,0.15717332238297324,0.424844183530046,0.15630593070620494,1.0448636297584324,0.38747174058380496
946,0.1287787787787788,8.021804033691021,7.892915613168344,7.99595071867528,7.785993071112474,7.7521785737051285,7.452270589833416,6.548286291035313,6.9856855442881844,7.365250585338876,0.7163565404851554,0.15729364399229345,0.42285540303603386,0.15594840029858154,1.0442700415560335,0.38765163889350945
947,0.1291791791791792,8.021502959572056,7.892809984352936,7.99584775073964,7.787006625857243,7.753200370713764,7.4540738485275755,6.54952305719246,6.987391887057936,7.367347444097761,0.7150188296880099,0.1574141512089143,0.4208573177924399,0.15559083141904273,1.0436701326585147,0.38783147437844456
948,0.1295795795795796,8.021185913181876,7.8926906150800455,7.995732747570969,7.788012386537036,7.754215587692651,7.4558698332452655,6.550756971449701,6.9890971649172995,7.369439228684057,0.7136732598762663,0.15753481341495817,0.41884999641812265,0.155233182811254,1.0430639033263638,0.3880111556529919
949,0.12997997997998,8.020852818362572,7.892557438456498,7.99560580831801,7.789010188951895,7.75522419970031,7.457658556761121,6.551988075837158,6.990801269377472,7.371525820704262,0.7123198651710817,0.15765560062865502,0.41683349978202394,0.15487541322733797,1.042451357796834,0.38819059169571635
950,0.1303803803803804,8.020503603559261,7.892410387670805,7.995467013304585,7.78999987023846,7.7562261845059215,7.459440032506323,6.553216413623387,6.992504084785482,7.373607104053115,0.7109586770916551,0.15777648363736024,0.41480788009404573,0.15451748167053284,1.0418325044724823,0.3883696921269113
951,0.13078078078078081,8.020138202437114,7.892249396159512,7.995316421982812,7.790981269713844,7.757221522661635,7.461214274311035,6.554442029202346,6.9942054885244325,7.375682965110037,0.7095897241776162,0.1578974341296129,0.41277318002185615,0.154159347640944,1.0412073561084172,0.38854836748691873
952,0.13118118118118122,8.019756554521972,7.8920743977883125,7.995154070933136,7.791954229740306,7.7582101975630176,7.462981296143583,6.555664967974364,6.995905351238246,7.377753292927974,0.7082130316294484,0.15801842482540734,0.4107294318442213,0.1538009713832382,1.040575929996927,0.3887265295142021
953,0.13158158158158162,8.01935860586174,7.891885327048133,7.9949799719349395,7.79291859660755,7.75919219549682,7.4647411118472515,6.556885276221491,6.997603537080569,7.379817979413978,0.7068286209722601,0.15813942960381627,0.40867665665201564,0.15344231413548542,1.0399382481482675,0.3889040914221099
954,0.13198198198198202,8.018944309705232,7.89168211926632,7.9947941101338404,7.793874221427985,7.760167505675409,7.466493734875962,6.558103000977238,6.999299903987658,7.3818769195008365,0.7054365097486828,0.15826042362703294,0.4066148636093163,0.15308333837800284,1.0392943374659906,0.3890809681732163
955,0.13238238238238242,8.018513627194519,7.891464710832946,7.9945964423349,7.794820961040942,7.761136120257154,7.468239178029789,6.559318189891141,7.000994303974605,7.383930011309077,0.7040367112472533,0.15838138345986572,0.4045440492879053,0.15272400808152245,1.038644229915392,0.3892570767500667
956,0.13278278278278283,8.018066528066148,7.891233039442159,7.99438689545347,7.79575867892101,7.7620980343520865,7.469977453191603,6.5605308910881925,7.002686583454656,7.385977156298774,0.7026292342730596,0.15850228718369722,0.4024641970895626,0.1523642889538729,1.0379879626833481,0.38943233642124475
957,0.13318318318318317,8.017602991355792,7.890987044348366,7.994165365158726,7.796687246086061,7.763053246012257,7.471708571065895,6.5617411530234735,7.004376583580726,7.388018259410501,0.7012140829680784,0.1586231145039061,0.4003752767714677,0.15200414868481826,1.0373255783281767,0.38960666900160235
958,0.13358358358358358,8.017123006100205,7.890726666636923,7.993931714748017,7.797606541998894,7.7640017562062065,7.4734325409211015,6.562949024332415,7.006064140608703,7.390053229194825,0.699791256689065,0.1587438468495756,0.3982772440917076,0.1516435571884873,1.0366571249171481,0.38977999910529476
959,0.13398398398398398,8.01662657202933,7.890451849508832,7.993685774294002,7.798516455458004,7.764943568776932,7.475149370336495,6.56415455367669,7.007749086281443,7.392081977929845,0.6983607499517193,0.1588644674645151,0.396170040592535,0.15128248684363252,1.0359826561504302,0.38995225439066555
960,0.13438438438438438,8.016113700240508,7.8901625385787835,7.993427340109767,7.799416885471116,7.765878690383031,7.476859064955092,6.565357789586386,7.009431248232852,7.394104421726206,0.6969225524501294,0.1589849614883567,0.39405359354053116,0.15092091273174135,1.035302231469106,0.3901233657955356
961,0.13478478478478478,8.015584413845668,7.889858682185731,7.993156174581568,7.800307742105926,7.766807130422417,7.478561628243629,6.566558780298627,7.011110450410801,7.396120480619152,0.6954766491615176,0.15910531602662617,0.39192781604427435,0.15055881287377815,1.0346159161454824,0.39029326776182904
962,0.13518518518518519,8.015038748581185,7.889540231714899,7.99287200642284,7.8011889473118705,7.767728900938427,7.480257061260985,6.567757573593112,7.012786513518015,7.398130078647131,0.6940230205467646,0.15922552020858677,0.3897926073712095,0.1501961684665405,1.0339237813536275,0.3904618984482532
963,0.1355855855855856,8.014476753368916,7.889207141929995,7.992574531407579,7.8020604357066174,7.768644016507821,7.481945362436257,6.568954216624814,7.014459255469588,7.4001331439165146,0.6925616428581222,0.1593455652316608,0.3876478534871414,0.1498329641201009,1.0332259042181282,0.3906291999298746
964,0.135985985985986,8.013898490815457,7.888859371314074,7.992263413646098,7.802922155320393,7.76955249411062,7.483626527357711,6.570148755754596,7.016128491865973,7.4021296086522,0.6910924885660603,0.1594654443911363,0.38549342784327284,0.1494691880982372,1.0325223678385134,0.3907951183832821
965,0.1363863863863864,8.01330403763536,7.888496882417269,7.99193828747135,7.80377406829219,7.770454352981613,7.485300548573961,6.571341236377733,7.017794036480002,7.40411940923355,0.6896155269183858,0.15958515309400884,0.38332919243692476,0.14910483256449222,1.0318132612879585,0.3909596042563205
966,0.1367867867867868,8.012693484982236,7.888119642209279,7.991598760009114,7.804616151510896,7.771349614443309,7.486967415408435,6.572531702751284,7.0194557017566375,7.406102486215719,0.6881307246451228,0.15970468885560127,0.3811549991740986,0.148739893836883,1.0310986795833759,0.39112261242116236
967,0.1371871871871872,8.012066938670198,7.887727622434205,7.991244414511623,7.805448397193693,7.772238301720599,7.488627113788404,6.573720197820455,7.02111329932362,7.408078784335744,0.6866380468241884,0.15982405127762656,0.3789706915640654,0.14837437265475345,1.0303787236249848,0.3912841023095144
968,0.1375875875875876,8.011424519266065,7.887320799964944,7.990874814539968,7.806270813396181,7.773120439737003,7.490279626089839,6.574906763044578,7.022766640511898,7.410048252503639,0.6851374579232254,0.15994324200644486,0.37677610677695883,0.14800827446224588,1.0296535001032907,0.39144403802910144
969,0.137987987987988,8.01076636203082,7.886899157153967,7.990489509087414,7.807083424445965,7.773996054892917,7.491924930998986,6.576091438223333,7.024415536883606,7.412010843778047,0.6836289230344803,0.16006226467000334,0.37457107809855067,0.14764160971305876,1.0289231213710348,0.39160238846014783
970,0.1383883883883884,8.010092616686725,7.886462682176905,7.990088038742744,7.807886271294137,7.774865174825976,7.493563003391916,6.577274261323694,7.026059800766259,7.413966515326627,0.6821124093203476,0.16018112479212632,0.372355437817199,0.1472743942021595,1.0281877052783315,0.3917591273311115
971,0.1387887887887888,8.0094034469841,7.886011369364876,7.989669943000126,7.808679411775959,7.775727828154191,7.495193814233075,6.578455268308072,7.027699245791122,7.415915228370999,0.6805878876885846,0.1602998296825242,0.3701290205813164,0.14690664943005058,1.0274473749683928,0.3919142332725351
972,0.1391891891891892,8.008699030039326,7.885545219521023,7.989234768830099,7.8094629207763075,7.776584044202093,7.496817330493652,6.579634492964486,7.029333687433808,7.417856948116451,0.6790553347172203,0.16041838830107435,0.3678916672664219,0.14653840300674187,1.026702258632578,0.3920676898484072
973,0.1395895895895896,8.007979555413048,7.885064240216154,7.9887820806344285,7.810236890291112,7.7774338527107965,7.498433515090848,6.580811966739071,7.030962943555452,7.4197916436663975,0.6775147348505282,0.16053681109457435,0.3656432293946919,0.14616968910190725,1.0259524892220817,0.3922194855640838
974,0.13998998998999002,8.007245223894646,7.884568446057848,7.988311471716986,7.811001429380035,7.778277283532565,7.500042326848696,6.58198771857203,7.032586834942056,7.421719287921907,0.6759660828887629,0.1606551098042418,0.3633835741511606,0.14580054894920494,1.0251982041149843,0.39236961385014946
975,0.14039039039039042,8.006496245955958,7.8840578589266945,7.987822577411812,7.811756664002972,7.779114366310869,7.501643720481266,6.5831617747369116,7.034205185840269,7.423639857466417,0.6744093867958323,0.16077329724206443,0.3611125900441107,0.1454310314123227,1.024439544736727,0.3925180730217507
976,0.14079079079079082,8.005732839834119,7.8835325081727365,7.987315090019813,7.812502736735776,7.779945130146855,7.5032376465989135,6.584334158684745,7.03581782448732,7.425553332436008,0.672844670850316,0.16089138703392641,0.3588301932589801,0.14506119362132258,1.0236766561327155,0.3926648662127043
977,0.14119119119119122,8.004955229199792,7.88299243076435,7.9867887757163425,7.813239806359094,7.780769603253415,7.504824051738075,6.58550489089309,7.037424583633021,7.42745969637566,0.6712719791671051,0.16100939332737263,0.3565363347587328,0.14469110168781726,1.022909686491626,0.3928100012842164
978,0.14159159159159163,8.00416364036342,7.882437671381143,7.986243493602664,7.813968047315157,7.78158781259819,7.506402878414859,6.586673988720833,7.039025301051826,7.429358936081763,0.6696913796183099,0.16112733046164804,0.3542310081861799,0.14432083150805064,1.0221387866180913,0.3929534907078586
979,0.14199199199199203,8.003358298968077,7.881868282441452,7.985679217086019,7.8146876490292945,7.782399783536622,7.507974065203274,6.587841466269548,7.040619820042367,7.431251041431668,0.6681029681837263,0.1612452125976416,0.35191425862577463,0.14395046966344527,1.0213641093546166,0.3930953514227188
980,0.14239239239239243,8.002539426113474,7.881284324054274,7.985096057785647,7.815398815090723,7.7832055394370006,7.5095375468377235,6.589007334252203,7.042207989912857,7.433136005200463,0.6665068737629671,0.16136305330502035,0.3495861922871813,0.14358011442878701,1.0205858089511095,0.3932356046665247
981,0.14279279279279283,8.001707233850912,7.88068586388432,7.984494292173903,7.816101762291428,7.784005101298819,7.511093254340096,6.590171599869227,7.04378966644947,7.435013822866109,0.6649032634830522,0.16148086510425091,0.34724698717366553,0.14320987689959933,1.0198040403831279,0.3933742757814774
982,0.14319319319319324,8.000861919984384,7.880072976917999,7.983874391175256,7.816796719519029,7.784798487366307,7.51264111517137,6.591334266693734,7.0453647123663785,7.436884492403036,0.6632923485366763,0.16159865896053152,0.3448969048033483,0.1428398822511568,1.0190189586173957,0.39351139399422413
983,0.14359359359359364,8.00000366210788,7.879445745116883,7.9832370529584695,7.817483926503067,7.785585712739239,7.514181053407657,6.59249533456563,7.046932997734218,7.438748014065457,0.6616743905885145,0.16171644372750507,0.3425363030524631,0.1424702711445821,1.0182307178264356,0.3936469921710729
984,0.14399399399399399,7.999132610803417,7.878804256944103,7.982583239170708,7.818163632414312,7.786366788982816,7.515712989939948,6.5936547994960195,7.048494400385818,7.440604390161202,0.6600497087878006,0.16183422553849805,0.34016565019325357,0.1421012012989957,1.017439470552125,0.3937811065488213
985,0.1443943943943944,7.998248881918618,7.878148606747743,7.981914214875153,7.818836094317561,7.787141723738889,7.517236842697545,6.594812653581877,7.05004880629632,7.442453624816307,0.6584186874276603,0.1619520071437773,0.337785540200816,0.1417328492535576,1.0166453668208695,0.39391377644188574
986,0.1447947947947948,7.997352547836456,7.8774788939840645,7.981231592465895,7.819501575478798,7.787910520341027,7.518752526893892,6.595968884932515,7.051596109936191,7.444295723732413,0.6567817842917396,0.16206978719307794,0.33539670940570915,0.14136541235099884,1.0158485532103894,0.3940450439267966
987,0.1451951951951952,7.996443627643094,7.8767952222617685,7.980537379845704,7.820160343530355,7.7886731774353235,7.520259955294839,6.5971234776076955,7.053136214594504,7.446130693936737,0.6551395397306768,0.16218755946408542,0.3330000545691318,0.1409991109843988,1.0150491718724062,0.39417495350487686
988,0.1455955955955956,7.9955220760928345,7.876097698187071,7.979834033162308,7.820812668498624,7.789429688610168,7.52175903850728,6.5982764115687536,7.05466903267122,7.447958543526816,0.6534925865101349,0.16230531203949766,0.33059665245819625,0.14063419116437728,1.0142473595129387,0.39430355174480775
989,0.145995995995996,7.994587771261536,7.875386429987641,7.97912451440661,7.821458820697676,7.79018004203693,7.523249685287854,6.599427662642733,7.0561944859360155,7.449779281410135,0.6518416604728231,0.16242302643764,0.3281877809984232,0.14027092748186515,1.0134432463338667,0.3944308869059403
990,0.1463963963963964,7.993640500771709,7.874661525891646,7.978412354182549,7.82209906849902,7.790924220124755,7.524731802869961,6.600577202500705,7.057712505751832,7.45159291704057,0.6501876120551473,0.1625406767057052,0.3257749420758171,0.1399096265701753,1.0126369549409624,0.39455700854448383
991,0.1467967967967968,7.992679946463981,7.873923092236361,7.977701719959123,7.8227336759838355,7.791662199192076,7.526205297307639,6.601724998650427,7.059223033262269,7.453399460152207,0.6485314186971914,0.16265822848900155,0.32335988605845983,0.13955063120335373,1.011828599222203,0.3946819671040224
992,0.1471971971971972,7.991705667379923,7.873171231278632,7.976997490113569,7.823362900487929,7.7923939491577405,7.527670073834473,6.602871014444229,7.060726019539936,7.455198920492315,0.646874198181478,0.16277563809613999,0.3209446380996221,0.1391943252143169,1.011018283202135,0.3948058134924225
993,0.1475975975975976,7.990717080911376,7.872406038677513,7.976305334064648,7.823986990052585,7.793119433254779,7.529126037235857,6.604015209102364,7.062221425695291,7.456991307554084,0.645217222930486,0.1628928515883164,0.3185315262729079,0.13884113947560037,1.0102060998793374,0.3949285986472264
994,0.147997997997998,7.98971344196013,7.8716276006169394,7.975631798779554,7.824606180793783,7.7938386077697395,7.530573092232762,6.605157537752615,7.0637092229444765,7.4587766303113785,0.6435619352855664,0.16300980393122813,0.31612321157694473,0.13849155926080445,1.0093921300529956,0.3950503730919406
995,0.1483983983983984,7.988693819939836,7.870835990534015,7.9749844019120895,7.825220694207419,7.794551421810713,7.532011143873631,6.60629795148616,7.065189392634464,7.460554896955493,0.6419099637808965,0.16312641826167112,0.31372271982697036,0.13814613340237664,1.008576441148091,0.39517118648578975
996,0.14879879879879881,7.9876570734388475,7.870031265415849,7.974371731792509,7.825830734424343,7.795257817106913,7.533440097933974,6.607436397430654,7.066661926224792,7.462326114636575,0.640263140412177,0.1632426053371977,0.3113334754267708,0.1378054857793439,1.0077590860458907,0.3952910871691564
997,0.14919919919919922,7.986601822348107,7.869213461625077,7.973803554438497,7.826436485439865,7.795957727843305,7.5348598613189965,6.608572818840388,7.068126825225162,7.46409028921007,0.6386235188839652,0.1633582632588089,0.3089593369797283,0.13747032982290636,1.0069401019317037,0.39541012170832845
998,0.14959959959959962,7.985526417242037,7.868382590211429,7.9732909276886845,7.8270381083331255,7.796651080532737,7.536270342468129,6.609707155204211,7.069584101088163,7.465847424990064,0.6369933937979353,0.16347327758141214,0.3066046346608647,0.13714148690829603,1.0061195091673536,0.39552833444167157
999,0.15,7.984428905782553,7.867538631663391,7.972846322472774,7.8276357385063475,7.797337793929127,7.5376714517576815,6.610839342370945,7.0710337750558,7.467597524510733,0.635375320718487,0.16358752195951648,0.3042742092159099,0.13681990973156483,1.005297310203418,0.39564576703144
