,Ewe_SHE,Logj1000a,Logj1000b,Logj1000c,Logj500a,Logj500b,Logj500c,Logj250a,Logj250b,Logj250c,OH_Order_overall,OH_Order_overall_std,OH_Order1000x500,OH_Order1000x500_std,OH_Order500x250,OH_Order500x250_std
0,-0.25,4.440019099693841,4.49031714762342,4.360817813384451,4.002726853280383,3.9556588522186678,3.9074511118412225,3.002235577101898,2.942816996491486,2.77216066545989,1.0882219336627033,0.10960144660802631,0.6549496556001602,0.06432312796475555,1.5722944345438024,0.11121565820377419
1,-0.2495995995995996,4.445448543565158,4.495693363832496,4.366280768237023,4.008371410836818,3.961343520923558,3.913714106439432,3.008518672196946,2.9492235112188085,2.778964723647114,1.087452524919082,0.10952285901130848,0.6543414434636724,0.06415074005630828,1.571344929244968,0.11089777980916694
2,-0.2491991991991992,4.45087736105827,4.501062366362277,4.371737486432758,4.014005856458463,3.967019878774434,3.9199752473297322,3.014763107251487,2.955622371924255,2.7857703609924416,1.0866903880820233,0.1094432712987898,0.6537360801984454,0.06397714845226606,1.5704076374791704,0.11056475789377809
3,-0.2487987987987988,4.456305258035248,4.506424137851288,4.377187884145834,4.019629883852297,3.972687617871594,3.926234194776685,3.020973971641806,2.9620131137238803,2.792577798508641,1.085934290787174,0.10936258481342111,0.6531338224889491,0.06380240711717212,1.5694796632455301,0.11021809352564747
4,-0.2483983983983984,4.461731925974205,4.511778697659741,4.382631900424639,4.025243294911732,3.9783465117674326,3.932490609539267,3.027156594486426,2.968395392146009,2.7993871925818516,1.0851829406721607,0.10928071985379809,0.6525348604267843,0.06362659820180284,1.568558057913227,0.1098594316813199
5,-0.247997997997998,4.467157039404853,4.517126101027837,4.3880694956032205,4.030846002652612,3.983996408086402,3.938744155712187,3.0333168485067437,2.974768994549538,2.806198625303978,1.084434912096746,0.10919761366261459,0.6519393159520362,0.06344983157364033,1.5676396668113104,0.10949066449667778
6,-0.24759759759759759,4.47258026113609,4.522466438180756,4.393500651820673,4.036438026858965,3.9896372351781877,3.944994504075324,3.0394608047404286,2.9811338155766522,2.8130121165585096,1.0836887316578663,0.10911322164938289,0.6513472424873177,0.06327224214024674,1.566721310694081,0.1091138083440978
7,-0.2471971971971972,4.478001246441447,4.527799831553633,4.398925372365969,4.0420194916185626,3.995269001125699,3.951241333375535,3.045594572242202,2.987489862466365,2.819827605915591,1.0829429192111135,0.1090275194413359,0.650758626284091,0.06309398786707816,1.5657998710895669,0.10873095928416683
8,-0.2467967967967968,4.4834196446592,4.5331264350524325,4.404343681463741,4.047590616997876,4.000891786774884,3.957484334905336,3.0517243027700225,2.9938372230164862,2.82664495009097,1.0821959951489046,0.10894050255032495,0.6501733916442431,0.06291524605824136,1.5648722998754143,0.10834428951377609
9,-0.2463963963963964,4.488835100378423,4.538446431329488,4.409755623811494,4.053151716333436,4.006505749278629,3.963723213755178,3.057855882243356,3.0001760857154056,2.8334639613254167,1.081446538871855,0.1088521837596712,0.6495913990412636,0.06273621114311773,1.5639357451763833,0.10795593169252564
10,-0.245995995995996,4.494247260077376,4.543760029473655,4.415161263317343,4.05870318928306,4.012111114460114,3.9699576902629996,3.0639949374857194,3.0065066978588884,2.8402843564525684,1.0806932099198607,0.10876259855745658,0.6490124525653209,0.06255709217999968,1.5629875877860926,0.1075679980177552
11,-0.2455955955955956,4.499655772700885,4.549067464126274,4.420560682804903,4.064245509869903,4.017708175028073,3.976187504606859,3.0701467534212576,3.0128293658208003,2.8471058280609722,1.0799347505685981,0.10867179706109552,0.6484363038503753,0.062378108339071196,1.5620254422768924,0.10718251928544001
12,-0.2451951951951952,4.50506029127587,4.554368990396971,4.425953982518423,4.06977922477906,4.02329728702644,3.982412415093772,3.07631610061752,3.0191444380915438,2.8539279805408557,1.0791700444306775,0.10857985267338309,0.6478626529938382,0.06219948739673187,1.561047280045544,0.10680141623790701
13,-0.2447947947947948,4.510460478624168,4.5596648836294715,4.43134128013699,4.07530493905698,4.028878857795883,3.988632202230522,3.082507164602115,3.0254523060684195,2.860750396634017,1.0783981187235712,0.10848685317690628,0.647291161313108,0.062021461357387515,1.5600514198627689,0.10642644444239392
14,-0.2443943943943944,4.515856006452356,4.564955435395341,4.436722708856094,4.08082330636338,4.0344533482315805,3.9948466684956867,3.088723580293613,3.03175338237083,2.8675726053656585,1.0776181472206054,0.10839290455043532,0.6467214517515067,0.061844263242153974,1.5590365336677037,0.10605921635124843
15,-0.243993993993994,4.521246559317682,4.570240951828056,4.442098416497845,4.08633501530441,4.040021262313954,4.001055640757598,3.0949682377347116,3.0380480835083907,2.874394109797901,1.076829494097263,0.1082981281743664,0.6461531195060263,0.061668123213326737,1.5580017275275562,0.1057011209356689
16,-0.2435935935935936,4.526631837187819,4.575521749226885,4.447468564377196,4.091840797541892,4.0455831412114875,4.007258969661197,3.1012434007412337,3.044336842011351,2.8812143836480373,1.0760316831532672,0.10820266080941689,0.6455857299278028,0.06149326951602999,1.5569464788188265,0.10535336673582488
17,-0.24319319319319319,4.53201155618946,4.5807981535500115,4.45283332585278,4.097341386856814,4.0511395547171585,4.013456531174285,3.1075506059049567,3.05062008721626,2.888032893703453,1.0752244209031612,0.10810664876541662,0.6450188400026027,0.061319919238224774,1.5558706611167532,0.105016929137077
18,-0.24279279279279278,4.537385450678513,4.586070495672385,4.458192885760838,4.102837542303001,4.056691098925846,4.01964822604916,3.1138906798946238,3.0568982271309704,2.8948490929922106,1.0744075974641334,0.1080102519795326,0.6444519875381881,0.06114828244172063,1.5547745581554588,0.10469255939852375
19,-0.24239239239239238,4.542753275094731,4.591339109384394,4.463547437953072,4.108330013937337,4.062238383367748,4.025833981514102,3.120263734265779,3.0631716640447078,2.90166244899103,1.0735812771140423,0.10791363589958239,0.6438847108479584,0.06097855466616518,1.5536588218454375,0.10438076505347076
20,-0.241991991991992,4.548114805480444,4.596604330087561,4.468897184706891,4.113819546696792,4.067782028029723,4.032013749514933,3.1266692651735366,3.0694407714806897,2.9084724211690816,1.0727456854207056,0.1078169740950954,0.6433165489736997,0.06081091822406196,1.5525244447742088,0.1040818488605013
21,-0.2415915915915916,4.553469839277066,4.601866489561663,4.474242335398552,4.119306863852045,4.0733226534676374,4.038187507263518,3.1331060661752157,3.0757058942187663,2.9152784999317567,1.071901219148895,0.107720442262187,0.6427470504724972,0.06064553762334284,1.5513727713647176,0.10379585752557315
22,-0.2411911911911912,4.558818198836205,4.607125916264738,4.479583104788993,4.124792664340215,4.078860877010373,4.044355256766064,3.139572422092327,3.081967361859195,2.9220801993604533,1.0710483996051021,0.10762421621887135,0.6421757775670044,0.060482560324985196,1.550205394457767,0.10352264766902683
23,-0.2407907907907908,4.564159729576351,4.612382930945565,4.484919711847079,4.130277612151244,4.08439730314641,4.050517023585131,3.1460660323912664,3.0882254589911016,2.928877073087869,1.0701878923461017,0.10752846975801243,0.6416023126049976,0.060322114171390114,1.5490241898230064,0.10326184558717555
24,-0.2403903903903904,4.569494302523091,4.617637845395676,4.490252378334469,4.13576232923652,4.089932519519745,4.056672856824319,3.152584167389814,3.094480445145437,2.9356686967033143,1.0693204698247882,0.10743337323979363,0.6410262631084244,0.06016430661551642,1.5478312314298712,0.1030129056823642
25,-0.23998998998999,4.574821812694907,4.622890960513484,4.495581327519613,4.141247386897054,4.095467090543799,4.062822827627906,3.1591236611675098,3.100732543424023,2.942454707387355,1.0684470053328803,0.10733908806909066,0.6404472671323193,0.06000922355451837,1.5466287726355514,0.10277508516646768
26,-0.2395895895895896,4.580142181708074,4.628142563831275,4.500906782729787,4.146733310734298,4.101001549630901,4.06896702819511,3.165681060727953,3.106981952336008,2.9492347845550646,1.0675684393003195,0.10724576673701323,0.6398649944086977,0.05985693124676364,1.5454191735544565,0.10254750267507466
27,-0.2391891891891892,4.585455355663752,4.633392927871718,4.5062289662281145,4.152220558710174,4.106536396570505,4.075105570364532,3.1722526492941614,3.11322883001429,2.9560086571696673,1.0666857747876286,0.10715354950683392,0.6392791560412914,0.05970747224815048,1.5442048806829942,0.1023291359664539
28,-0.23878878878878879,4.590761305693786,4.6386423088439,4.511548097811044,4.157709534945361,4.112072092214878,4.081238584488717,3.1788344820412933,3.119473313939377,2.9627761174540095,1.0658000605997378,0.10706256288650039,0.6386895001313635,0.059560869546168085,1.5429883960344108,0.10211883086717717
29,-0.23838838838838838,4.59606002902487,4.643890945040156,4.516864393609554,4.163200569382414,4.117609054319718,4.087366217624561,3.1854225829443727,3.1257155035187223,2.9695370143640494,1.0649123502597904,0.10697291643993956,0.638095823067009,0.05941712325260382,1.5417721776632205,0.1019153646232531
30,-0.23798798798798798,4.601351545621569,4.649139055255262,4.5221780650825965,4.1686939314648255,4.1231476523042545,4.09348863241511,3.192012894088976,3.131955484559461,2.976291251430653,1.0640237072115335,0.10688470372173436,0.6374979634275949,0.05927621428776526,1.5405586574902081,0.10171743490402811
31,-0.23758758758758758,4.6066359003702955,4.654386838096984,4.527489317578238,4.174189818790303,4.1286882075586036,4.099606004899193,3.1986013507453936,3.1381933137716196,2.983038798187276,1.0631351881737212,0.10679799957264188,0.6368958080885575,0.0591381034313959,1.539350199239005,0.1015236767627281
32,-0.23718718718718718,4.611913160038676,4.659634471047068,4.5327983495936275,4.1796883581762225,4.134230988363401,4.105718523359275,3.2051840894322536,3.1444290247682,2.989779678817569,1.0622477942198516,0.10671285931825636,0.6362892924269766,0.0590027323833588,1.5381489946300912,0.10133274018072852
33,-0.23678678678678677,4.6171834140247965,4.66488210955362,4.538105351534932,4.1851896071531725,4.139776208417604,4.111826386131284,3.2117573188341906,3.150662637933547,2.996513976606187,1.061362497520684,0.1066293190171267,0.6356784006755819,0.058870025393115755,1.5369571196058194,0.10114324740970079
34,-0.23638638638638637,4.622446772369335,4.670129886527904,4.543410505079573,4.190693557648843,4.145324026063632,4.117929800115692,3.21831745871037,3.1568941596955002,3.0032418303368367,1.0604802088353533,0.10654739534105982,0.6350631638324596,0.058739890918239945,1.5357764678364227,0.10095384394601911
35,-0.235985985985986,4.627703365110073,4.6753779121016565,4.548713981824949,4.196200132009969,4.150874543659753,4.124028978915636,3.2248612033279382,3.163123581217222,3.0099634323973574,1.0596017628056924,0.10646708504744119,0.6344436616039115,0.05861222209793057,1.5346087174137995,0.10076322257182035
36,-0.2355855855855856,4.6329533402635175,4.680626273334604,4.554015943014609,4.2017091850243,4.15642780588591,4.13012414109311,3.2313855472588973,3.1693508818999105,3.016679024305791,1.0587279114836752,0.10638836544889883,0.6338200218674344,0.05848689799906646,1.533455317747486,0.10057013745666286
37,-0.2351851851851852,4.638196863625198,4.685875033952321,4.559316538324,4.207220515922253,4.161983802889603,4.136215508405414,3.2378877943438047,3.1755760389624417,3.0233888888272404,1.0578593213220757,0.10631119675008763,0.633192413751442,0.05836378721834215,1.5323174909248056,0.10037341611953582
38,-0.2347847847847848,4.643434116556823,4.691124235081968,4.564615905641592,4.212733860106718,4.167542468354648,4.142303303865157,3.24436562841745,3.1817990171033386,3.030093357318935,1.0569965568687136,0.10623552020613082,0.6325610524350682,0.058242747179882655,1.5311961918249746,0.10017198064277943
39,-0.2343843843843844,4.648665294363713,4.696373894820809,4.569914170280157,4.21824890313912,4.17310368302838,4.148387750543529,3.2508170798358815,3.1880197862808495,3.0367927874496927,1.056140088925176,0.10616126233606452,0.631926190344247,0.058123627640298,1.5300921352292989,0.09996485273408945
40,-0.23398398398398398,4.65389060571343,4.701624009202083,4.57521144433288,4.223765276430352,4.178667274540957,4.154469069125109,3.257240583835947,3.1942383041040747,3.0434875714536287,1.0552902829720436,0.1060883338393021,0.6312881202192105,0.05800627108279968,1.5290057678873548,0.09975116997082696
41,-0.23358358358358358,4.659110270099167,4.706874552451279,4.580507826445923,4.229282568524426,4.184233021241123,4.160547477191918,3.2636349775696174,3.200454534323577,3.050178126038469,1.0544473971839223,0.10601663192544328,0.6306471673435792,0.057890515396980494,1.5279372729963472,0.09953019511565035
42,-0.23318318318318318,4.664324516826544,4.712125478000674,4.585803401488587,4.234800327142013,4.1898006548616165,4.1666231869746975,3.2699994983221488,3.2066684395584653,3.05686488788512,1.053611585530518,0.10594604156782679,0.630003688262913,0.057776195234428195,1.5268865781985537,0.09930131905408468
43,-0.23278278278278278,4.6695335833506135,4.717376718668083,4.5910982401564855,4.240318066898401,4.195369863099963,4.172696404347972,3.2763337446252034,3.2128799821716223,3.063548302785751,1.0527829087859137,0.10587643814296742,0.6293580656497185,0.05766314400949406,1.5258533846277529,0.09906405504474443
44,-0.23238238238238237,4.674737713335029,4.722628188484512,4.596392398778385,4.245835271560029,4.200940292328847,4.178767327218908,3.282637736331101,3.2190891266653696,3.070228825830062,1.0519613196544038,0.10580768735208021,0.6287107066206734,0.057551195252161846,1.5248371372970018,0.09881806146852695
45,-0.23198198198198197,4.679937155392435,4.727879782999931,4.601685919280385,4.251351400150241,4.206511552665695,4.1848361443284405,3.288911857002679,3.225295839020819,3.0769069135128966,1.0511466780692034,0.10573964760383214,0.6280620376975656,0.057440184044464805,1.5238370631196774,0.09856312727020236
46,-0.23158158158158157,4.685132161804961,4.7331313805648,4.60697882907304,4.256865895575356,4.212083221194465,4.1909030341949665,3.295156802729597,3.2315000858418474,3.0835830142374987,1.0503387656076248,0.10567217258791237,0.6274124997975133,0.05732994931191032,1.5228522070271402,0.09829916034111848
47,-0.2311811811811812,4.690322986003456,4.738382843859743,4.612271141104776,4.26237818902036,4.217654845742066,4.196968163616556,3.301373616425646,3.2377018390133983,3.090257570627319,1.0495372754864387,0.10560511127130398,0.6267625447351625,0.05722033519870657,1.5218814146943525,0.09802620008949836
48,-0.2307807807807808,4.6955098819309615,4.743634020748528,4.617562853844066,4.26788770318714,4.223225949502647,4.203031687134748,3.3075636417910657,3.243901071810179,3.0969310069413725,1.0487418273055247,0.1055383103109389,0.6261126319474324,0.057111191896761566,1.5209233674151064,0.09774440740486402
49,-0.2303803803803804,4.700693102446601,4.748884745726621,4.622853951591214,4.273393859809068,4.228796035747565,4.209093746035688,3.3137284632767,3.2500977543108904,3.1036037288959375,1.0479519822965642,0.10547161571859993,0.6254632234106441,0.05700237739241236,1.5199766200661124,0.09745404439797768
50,-0.22997997997998,4.705872897331772,4.754134841295352,4.628144404518978,4.278896085342576,4.234364592105841,4.2151544674315415,3.3198699108225833,3.2562918567506003,3.1102761178559533,1.0471672425843535,0.10540487410992788,0.6248147792142956,0.056893758862822524,1.5190396044882097,0.09715547978111792
51,-0.22957957957957958,4.711049513114053,4.759384119523813,4.633434169175254,4.284393815823154,4.239931094430173,4.221213963690983,3.325990016021929,3.2624833557126487,3.1169485224945506,1.0463870624363039,0.10533793424819272,0.6241677546826765,0.056785213820534426,1.5181106565202112,0.0968491784634759
52,-0.22917917917917918,4.716223190068984,4.764632383011813,4.638723188587111,4.2898865002418205,4.245495012219286,4.227272332003884,3.3320909810504666,3.2686722218792448,3.1236212629113473,1.0456108569846003,0.10527064801463709,0.6235225956443166,0.056676630640368236,1.5171880397510737,0.0965356876103058
53,-0.22877877877877878,4.721394162582707,4.769879426785354,4.644011392780106,4.295373606952024,4.251055811804556,4.2333296538428575,3.3381751164659548,3.274858422347176,3.1302946226887878,1.0448380188372102,0.10520287230533902,0.6228797355473381,0.056567910113057125,1.5162699839123885,0.09621561926186997
54,-0.22837837837837838,4.726562656985072,4.775125039518116,4.649298699215445,4.300854627233157,4.256612963064606,4.239385994607308,3.3442448263844695,3.281041927275097,3.1369688451773348,1.0440679206934844,0.10513447010760575,0.622239590666565,0.05645896587094594,1.5153546957711022,0.0958896475283675
55,-0.22797797797797797,4.731728891137931,4.780369004984397,4.654585013214846,4.30632907855472,4.2621659407122845,4.2454414034234205,3.3503025811426737,3.287222700579422,3.1436441350341506,1.0432999239500105,0.10506531114533059,0.621602558777817,0.05634972514446708,1.5144403788313805,0.09555849745377708
56,-0.22757757757757757,4.736893072971926,4.785611103419706,4.659870228555936,4.311796509780808,4.267714230803973,4.251495913225637,3.3563508680736542,3.2934006993641955,3.150320652495403,1.0425333918369708,0.10499527393094463,0.6209690139642802,0.05624012942104287,1.5135252669501087,0.09522293049100085
57,-0.22717717717717717,4.742055399687143,4.790851113035022,4.665154228063114,4.317256502464011,4.273257333113472,4.257549540568783,3.3623921634943468,3.299575883329053,3.156998518112445,1.0417676929826236,0.10492424533227915,0.6203393056174726,0.05613013463580635,1.5126076329999472,0.09488373334670751
58,-0.22677677677677677,4.747216057192354,4.796088811189562,4.670436884085976,4.322708674282247,4.278794766065757,4.263602285689696,3.3684288901084143,3.3057482007612284,3.163677804186144,1.0410022169925617,0.10485212308524282,0.619713755063604,0.05601971153292724,1.511685825623678,0.09454170551250936
59,-0.22637637637637636,4.752375219131866,4.801323975951323,4.675718059279714,4.3281526829285,4.284326069474607,4.269654132911151,3.3744634178825894,3.311917597409709,3.170358541820943,1.0402363707713813,0.1047788153382549,0.6190926529611386,0.055908846135785,1.5107582643538287,0.09419765751149423
60,-0.22597597597597596,4.757533046160956,4.806556387050434,4.680997607242379,4.333588224773376,4.289850807910533,4.275705050755578,3.380497991261727,3.318084012230794,3.177040716987501,1.0394695978170805,0.10470424197139293,0.6184762587134603,0.05579753905059916,1.5098234811198947,0.09385238613240829
61,-0.22557557557557556,4.762689685873272,4.811785827458251,4.68627537316811,4.339015040758292,4.295368574369176,4.281754992430017,3.3865347443213123,3.324247379511961,3.1837242741492195,1.038701373748168,0.10462833499527995,0.6178647968448002,0.055685806304544144,1.5088801148271154,0.09350667881997404
62,-0.22517517517517519,4.767845271880272,4.817012084166101,4.691551194576867,4.344432912993621,4.300878992257199,4.287803896196706,3.3925756613918563,3.330407626242696,3.1904091135299106,1.03793121700453,0.10455103912713531,0.6172584577507453,0.05557367813065885,1.5079269331743452,0.09316130005930974
63,-0.22477477477477478,4.772999923489777,4.822234949569321,4.696824902056373,4.349841668252709,4.306381718130551,4.293851685980818,3.3986225496381857,3.336564674765697,3.1970950975264487,1.0371586935691874,0.10447231197066208,0.616657395384379,0.0554611992086206,1.506962845236343,0.0928169791851899
64,-0.22437437437437438,4.778153745751079,4.827454222440556,4.702096320065643,4.355241178195592,4.31187644394115,4.299898272010474,3.4046770477471617,3.342718440569572,3.203782051060776,1.0363834157780212,0.10439212428086514,0.6160617266642077,0.05534842812747524,1.505986899605161,0.09247441276588977
65,-0.22397397397397398,4.7833068290805745,4.83266970868088,4.7073652675476705,4.3606313581232765,4.317362899038662,4.305943551381782,3.4107405855029493,3.348868835577579,3.2104697619582194,1.035605051220344,0.10431046031703649,0.6154715313217634,0.05523543654679477,1.5049983034051233,0.09213424993421436
66,-0.22357357357357358,4.788459249138973,4.837881222429054,4.712631558846053,4.366012167900369,4.322840851121657,4.311987408886755,3.4168143867266676,3.3550157645966006,3.217157986825179,1.0348233219403862,0.10422731763045072,0.6148868515346321,0.055122308788066884,1.50399642101217,0.09179709006511967
67,-0.22317317317317317,4.793611066937239,4.843088586862632,4.7178950043525685,4.371383610292929,4.328310108426149,4.3180297178116485,3.422899465715904,3.361159129680302,3.2238464505061257,1.0340380047442335,0.10414270710866891,0.61430769203209,0.055009140858260974,1.502980774585705,0.09146348144810001
68,-0.22277277277277277,4.798762328710978,4.84829163470154,4.72315541128901,4.376745729602269,4.333770519782529,4.324070340651355,3.428996614371817,3.3672988305963125,3.2305348527050386,1.0332489328492394,0.10405665234691172,0.6137340209013993,0.054896039489975464,1.5019510466599713,0.09113391300563466
69,-0.22237237237237237,4.803913066485428,4.853490209074694,4.728412584553924,4.382098611578297,4.339221975492086,4.330109130131469,3.435106406685553,3.373434761964359,3.2372228690456817,1.0324559957912434,0.10396918975633825,0.6131657698021303,0.05478312144493249,1.5009070797081632,0.09080881438626268
70,-0.22197197197197197,4.809063297638239,4.858684163933119,4.733666327402202,4.387442380404166,4.3446644081107,4.336145930042443,3.441229188308395,3.379566819164713,3.2439101560474626,1.0316591394855905,0.10388036777023134,0.6126028349095368,0.054670512152815404,1.4998488752176327,0.09048854938651058
71,-0.22157157157157156,4.814213025937939,4.863873364554288,4.738916442131329,4.392777197785397,4.3500977917139405,4.3421805761425505,3.4473651083029453,3.3856948950809342,3.250596352454432,1.0308583597387249,0.10379024639321657,0.612045078280163,0.05455834492157208,1.4987765784266067,0.09017342538102902
72,-0.22117117117117116,4.819362241333975,4.8690576880842364,4.744162730933212,4.398103260036343,4.355522142273814,4.3482128972164595,3.45351409254769,3.3918188839892314,3.2572810853718037,1.030053706453054,0.10369889645842392,0.6114923290751524,0.05444675957410887,1.4976904858601843,0.0898636800671531
73,-0.22077077077077076,4.82451092070555,4.874237023589123,4.749404996493864,4.4034207959408835,4.360937516784983,4.354242715936179,3.459675878236164,3.3979386813008037,3.2639639725701746,1.0292452753612804,0.10360639876962782,0.6109443851925396,0.054335901313416195,1.4965910260061974,0.08955949143622037
74,-0.22037037037037038,4.829659028227419,4.879411272483722,4.75464304272219,4.408730064487503,4.366344012255423,4.360269849882952,3.46585000650769,3.4040541855701303,3.270644625681695,1.0284332089212147,0.1035128434411979,0.6104010150021065,0.054225919620609506,1.4954787592714842,0.08926097253711378
75,-0.21996996996996998,4.8348065158415485,4.884580348601667,4.759876675504894,4.414031351716561,4.371741765172579,4.366294112586199,3.4720358461108574,3.4101652986719424,3.277322654968959,1.027617689900167,0.10341832877116792,0.6098619591578999,0.054116966845928885,1.4943543623734268,0.08896817625321209
76,-0.21956956956956958,4.839953323952936,4.889744178245484,4.765105703215439,4.419324968510099,4.3771309497213,4.3723153143748466,3.4782326053337234,3.4162719262221595,3.2839976724218447,1.0267989380565736,0.1033229603610161,0.6093269326181247,0.05400919719113765,1.4932186190574122,0.08868109686716008
77,-0.21916916916916918,4.845099382033729,4.8949027003133185,4.770329937412921,4.424611246948605,4.3825117766006745,4.37833326349856,3.4844393439587265,3.422373982585446,3.2906692933190866,1.025977206142274,0.10322685010459182,0.6087956270046863,0.053902765340136924,1.4920724089964645,0.08839967256304247
78,-0.21876876876876877,4.850244609110507,4.900055866062375,4.775549193454256,4.429890537631108,4.38788449088356,4.384347766930914,3.4906549967716582,3.4284713861521996,3.2973371424745856,1.0251527742344269,0.10313011496501465,0.608267712845655,0.05379782529590008,1.4909166932851237,0.08812378920755727
79,-0.21836836836836837,4.855388914748559,4.905203639046566,4.780763291033668,4.435163206560988,4.393249370281179,4.390358631451533,3.4968783847891274,3.434564065880577,3.304000853589823,1.0243259460765861,0.10303287612257175,0.6077428419779946,0.053694529230492595,1.4897525040081492,0.08785328395341868
80,-0.21796796796796797,4.860532199550108,4.910345994934484,4.7859720546985836,4.440429632701165,4.398606723292173,4.396365664442999,3.503108226188873,3.4406519574923657,3.3106600761035403,1.0234970460073967,0.10293525782886852,0.6072206495376764,0.05359302646921156,1.4885809355143587,0.08758794444299021
81,-0.21756756756756757,4.8656743559524065,4.915482921223283,4.791175314446792,4.445690203648349,4.403956886388036,4.402368674864617,3.509343176186883,3.446735008292198,3.3173144741063614,1.0226664089846227,0.10283738613565839,0.6067007573029443,0.05349346220314858,1.487403119559769,0.08732752290573552
82,-0.21716716716716716,4.87081526893064,4.92061441685299,4.796372906064463,4.450945313948553,4.409300221967527,4.408367474109636,3.5155818220758164,3.4528131750797657,3.3239637304610827,1.021834381453893,0.10273938820352216,0.6061827753155068,0.05339597671759995,1.4862202253356707,0.08707173136785586
83,-0.21676676676676676,4.875954816904003,4.925740491847388,4.801564671729963,4.456195361391442,4.4146371159316935,4.414361876719993,3.5218227170374408,3.4588864267981063,3.330607549811292,1.0210013123546628,0.10264139084482747,0.6056663048979991,0.0533007042849068,1.4850334370547693,0.08682025180243119
84,-0.21636636636636636,4.881092872438179,4.9308611670266105,4.806750460286778,4.461440743702183,4.419967974586505,4.420351701336468,3.528064388758595,3.4649547436635237,3.3372456572170104,1.0201675518180837,0.1025435199534133,0.6051509414769197,0.05320777236516622,1.483843948040332,0.08657273902829066
85,-0.21596596596596596,4.886229302908485,4.9359764732773,4.811930127709455,4.466681856986994,4.425293222445681,4.426336771304568,3.5343053623609673,3.4710181181102926,3.343877803095502,1.019333444488482,0.10244589932363717,0.6046362762115955,0.05311730088322047,1.4826529447661458,0.08632882643130789
86,-0.21556556556556555,4.8913639714670225,4.941086451194959,4.817103537364133,4.471919091746102,4.4306132992279,4.43231691545072,3.5405441700926907,3.477076556206593,3.35050376241815,1.0184993273451695,0.10234864984884444,0.6041218992492091,0.053029401440584,1.4814615986080781,0.08608812943242776
87,-0.21516516516516515,4.896496737752555,4.946191150536916,4.8222705604315745,4.477152831191037,4.4359286569910665,4.438291968688916,3.5467793763270303,3.483130075758668,3.3571233371549387,1.017665523845211,0.10225188863335578,0.603607401805316,0.05294417683272297,1.4802710511184114,0.08585025320012417
88,-0.21476476476476475,4.901627458562025,4.951290629510072,4.827431076047274,4.482383447860941,4.441239757420261,4.444261772760869,3.553009585089811,3.4891787076477927,3.3637363558577213,1.0168323419905978,0.10215572831987121,0.6030923786704594,0.052861720384838495,1.4790824071330602,0.08561479551554733
89,-0.21436436436436435,4.906755988721954,4.956384954250645,4.8325849716123335,4.48761130262546,4.4465470690335716,4.450226176571937,3.5592334536476358,3.4952224958668854,3.3703426745933633,1.0160000710781278,0.10206027647568018,0.6025764301021486,0.052782115780773665,1.477896725776455,0.08538135155811749
90,-0.21396396396396397,4.911882181809244,4.961474198179199,4.8377321429978855,4.492836741331874,4.451851064146989,4.456185036902687,3.5654497120720676,3.5012614968406996,3.3769421772266557,1.0151689772843109,0.10196563479464545,0.6020591645620205,0.05270543656550114,1.476715008055602,0.0851495209976668
91,-0.21356356356356357,4.9170058907187535,4.9665584412668995,4.842872494684082,4.498060093433998,4.457152216260805,4.4621382187813765,3.571657164987858,3.507295779660796,3.3835347757682404,1.0143393031329082,0.10187189868700233,0.6015402003631957,0.052631746002126556,1.4755381938922285,0.0849189089127315
92,-0.21316316316316317,4.922126968587771,4.971637769443393,4.848005939886519,4.503281670030867,4.462450997326536,4.46808559588723,3.5778547077055256,3.5133254248565025,3.3901204099767157,1.0135112642134114,0.1017791567767977,0.6010191678529221,0.05256109697418795,1.4743671527364386,0.08468913227290308
93,-0.21276276276276276,4.92724526930407,4.976712273803392,4.8531324006934,4.5085017625682635,4.46774787484836,4.474027050917049,3.5840413311110217,3.519350524707129,3.3966990458122766,1.0126850483083205,0.10168749064967399,0.600495711104589,0.05249353197196591,1.473202679828542,0.08445982311048063
94,-0.21236236236236236,4.932360648159226,4.981782050018599,4.8582518080907,4.513720640950856,4.4730433094035185,4.479962475934941,3.590216132893986,3.5253711815160536,3.403270676951625,1.0118608128432383,0.10159697428783185,0.5999694898054729,0.05242908312922023,1.4720454886911913,0.08423063244894079
95,-0.21196196196196196,4.937472962534552,4.986847197552616,4.863364102038134,4.51893855278454,4.478337752208246,4.485891772514248,3.5963783210286806,3.5313875080834203,3.409835321610912,1.0110386847182937,0.1015076740772897,0.5994401806474944,0.05236777240255721,1.4708962092186497,0.08400123388758314
96,-0.21156156156156156,4.942582072320803,4.99190781897212,4.868469231402729,4.524155722164194,4.48363164241378,4.491814852050489,3.6025272119420113,3.537399625851036,3.41639302344898,1.0102187609072348,0.10141964852056959,0.5989074788287871,0.05230961181992246,1.469755387267587,0.08377132313162969
97,-0.21116116116116115,4.947687840668374,4.996964019293515,4.873567154036625,4.529372348762649,4.488925405014335,4.497731635845535,3.608662247786497,3.5434076644426176,3.422943848906758,1.0094011051811822,0.10133294809482138,0.5983710994752098,0.05225460374169099,1.4686234761322758,0.0835406264378133
98,-0.21076076076076075,4.952790134387415,5.002015905259995,4.878657836626231,4.5345886074238315,4.494219448540351,4.503642055226958,3.614782982981304,3.549411760858178,3.42948788673796,1.0085857514859922,0.10124761529221178,0.5978307786147873,0.052202741298835446,1.467500842606616,0.08330889663451002
99,-0.21036036036036035,4.957888824347752,5.007063584655474,4.883741254632739,4.539804647680844,4.499514163017579,4.50954605160352,3.620889095897198,3.555412056970545,3.4360252458089966,1.0077727022282181,0.10116368464588794,0.5972862741526547,0.05215400880265597,1.4663877622658332,0.08307591916600308
100,-0.20995995995995997,4.962983786007027,5.012107165658569,4.888817392216781,4.545020593284627,4.504809918033614,4.515443576425767,3.6269803781446655,3.5614087004912562,3.4425560550044,1.0069619305653803,0.1010811826238011,0.5967373669054186,0.05210838220079851,1.4652844231599116,0.0828415090592204
101,-0.20955955955955957,4.968074899801393,5.017146756196603,4.893886242044791,4.550236542537556,4.510107060991388,4.521334591220193,3.633056743366738,3.5674018418048923,3.4490804590609403,1.006153379961595,0.10100012802341488,0.5961838610284109,0.05206582968484578,1.4641909243953988,0.08260551677847582
102,-0.20915915915915917,4.973162051438251,5.022182463330562,4.898947805178705,4.555452568162526,4.515405915377946,4.527219067436295,3.639118214224667,3.573391634460955,3.4555986192350265,1.0053469668920771,0.1009205318797,0.5956255847428572,0.05202631222156296,1.4631072810490884,0.08236782390352237
103,-0.20875875875875877,4.978245132259482,5.027214392611462,4.9040020908451725,4.560668717548082,4.520706779450375,4.533096986334323,3.645164926287433,3.579378232300888,3.4621107101927255,1.0045425812207638,0.10084239780038597,0.5950623906437492,0.05198978414104962,1.4620334246235624,0.08212834658884723
104,-0.20835835835835836,4.98332403948952,5.032242647551874,4.909049116263347,4.5658850134057705,4.52600992473833,4.538968338838702,3.6511971162121446,3.5853617892564733,3.46861691805308,1.0037400893938262,0.10076572225379142,0.594494155945265,0.05195619381368105,1.4609692095344606,0.0818870328085402
105,-0.20795795795795796,4.98839867649367,5.037267329032791,4.914088906381115,4.57110145412588,4.531315595135421,4.544833125311944,3.6572151208813106,3.591342457592752,3.4751174396397446,1.0029393350940834,0.10069049470184553,0.5939207825636539,0.05192548423525553,1.4599144144034304,0.08164386293643854
106,-0.20755755755755756,4.993468952969628,5.042288534835515,4.919121493673095,4.576318014575543,4.53662400571888,4.550691355295273,3.6632193675654894,3.597320387312493,3.481612479035946,1.0021401424023504,0.1006166980567271,0.5933421971921397,0.05189759370819528,1.458868748667799,0.08139884827801294
107,-0.20715715715715716,4.998534785072347,5.047306359104015,4.924146917835656,4.581534647370187,4.541935342079103,4.556543047275668,3.6692103708145773,3.603295723626446,3.4881022471389596,1.0013423170558886,0.10054430895664444,0.5927583508019912,0.05187245652824085,1.4578318558024512,0.08115203058884721
108,-0.20675675675675675,5.003596095558767,5.052320891905511,4.929165225516795,4.58675128310173,4.547249759614766,4.562388228338872,3.6751887199932116,3.609268607256652,3.4945869585613765,1.0005456499160266,0.10047329814651047,0.5921692187614718,0.05185000354081969,1.456803320528749,0.08090347932701702
109,-0.20635635635635635,5.008652813877188,5.057332218817029,4.9341764700316375,4.591967832225431,4.552567383170064,4.568226933847851,3.6811550737300474,3.6152391720497308,3.5010668311379054,0.9997499188010203,0.10040363085344632,0.5915748000036084,0.05183016286777997,1.4557826736249542,0.08065329022049096
110,-0.20595595595595595,5.013704876191277,5.062340420532204,4.939180711047112,4.597184185591153,4.557888306582678,4.574059207088975,3.6871101516143914,3.6212075448323486,3.5075420827915016,0.9989548910534833,0.1003352672009382,0.5909751168378304,0.051812860455172235,1.454769397572567,0.08040158399256914
111,-0.20555555555555555,5.01875222541719,5.067345572505177,4.944178014249301,4.602400216050215,4.563212592703552,4.579885098855049,3.693054723999484,3.6271738437372694,3.5140129308995802,0.9981603263235826,0.10026816261211957,0.5903702140946825,0.05179802070140778,1.4537629334046043,0.0801485031367288
112,-0.20515515515515514,5.023794811168383,5.072347744654791,4.949168451023291,4.607615779984696,4.568540273369094,4.585704667078963,3.6989896041597614,3.6331381772562588,3.5204795899232466,0.9973659790310367,0.10020226832107366,0.5897601582958077,0.05178556705620774,1.452762686845593,0.07989421038463232
113,-0.20475475475475474,5.028832589730454,5.077347001028444,4.954152098117806,4.6128307182349015,4.5738713495027525,4.591517976385858,3.7049156391024303,3.639100643738743,3.526942270523486,0.996571600686149,0.10013753167174196,0.5891450370667534,0.05177542249030901,1.451768033881821,0.0796388859129241
114,-0.20435435435435434,5.033865523924875,5.082343399660478,4.959129037275681,4.618044858158626,4.579205791590248,4.597325097642986,3.7108337000699043,3.645061330589785,3.5334011774055942,0.9957769426566001,0.10007389671817658,0.5885249578816873,0.05176751010404819,1.4507783280217772,0.07938272502666108
115,-0.20395395395395394,5.03889358309271,5.087336992278705,4.964099354899972,4.62325801439549,4.584543540047589,4.603126107503833,3.7167446744266175,3.6510203125946905,3.5398565084825453,0.9949817585128834,0.10001130456429172,0.587900047456795,0.05176175348951125,1.44979290593975,0.07912593556253718
116,-0.20355355355355353,5.043916742837677,5.092327824166409,4.9690631416807305,4.628469991186576,4.589884505922894,4.608921087966905,3.7226494563619625,3.6569776527745095,3.546308453640589,0.99418580610705,0.09994969385732486,0.5872704502116424,0.05175807726495764,1.4488110935960843,0.0788687352910669
117,-0.20315315315315316,5.048934984934421,5.09731593404755,4.9740204922416575,4.633680583317755,4.595228571547271,4.6147101258668055,3.7285489378100074,3.6629334005149587,3.552757193003603,0.9933888504220306,0.09988900128108348,0.586636327513214,0.051756407418628775,1.4478322131144974,0.07861134927877433
118,-0.20275275275275276,5.053948297107072,5.102301353990471,4.9789715047601115,4.638889577936458,4.600575591497983,4.62049331241895,3.7344440019861818,3.668887592121657,3.559202896597017,0.9925906648597521,0.09982916191377576,0.585997856287093,0.05175667169490907,1.4468555870609967,0.07835400781852347
119,-0.20235235235235235,5.058956672801694,5.107284109304552,4.983916280619282,4.644096756087655,4.605925393524701,4.6262707426991705,3.7403355148525073,3.674840249752476,3.5656457229451406,0.9917910336592756,0.09977010974595514,0.5853552278132819,0.051758799897683914,1.4458805449090462,0.07809694388920808
120,-0.20195195195195195,5.063960110987445,5.1122642186074545,4.988854924024323,4.649301894074664,4.6112777796437525,4.632042515187218,3.746224316503104,3.680791381623233,3.572085818750638,0.9909897538174061,0.09971177804276724,0.5847086465709849,0.05176272419428101,1.4449064283966362,0.07784039012939514
121,-0.20155155155155155,5.068958615871042,5.117241693718934,4.993787541642328,4.654504765222612,4.616632527349818,4.637808731269188,3.752111215877751,3.6867409818897503,3.578523317767158,0.9901866364305251,0.09965409981861041,0.5840583287546923,0.05176837934194448,1.4439325960251752,0.07758457743256664
122,-0.20115115115115115,5.073952196652999,5.12221653979981,4.998714242242343,4.659705141096462,4.62198939093224,4.643569494732899,3.757996983942885,3.692689030019248,3.584958340542489,0.9893815083855606,0.09959700821400078,0.5834045011279291,0.05177570289430897,1.4429584279203431,0.07732973244656167
123,-0.20075075075075074,5.078940867225351,5.127188755381612,5.00363513633529,4.66490279294322,4.62734810274428,4.64932491131331,3.7638823474716583,3.6986354920495264,3.5913909936995214,0.9885742135312124,0.09954043686009169,0.5827473996954571,0.0517846353676616,1.4419833297953386,0.07707607564650971
124,-0.20035035035035034,5.083924645871873,5.132158332460956,5.008550335812393,4.67009749343487,4.632708374722422,4.655075088196407,3.769767984487997,3.704580319307799,3.597821370124653,0.9877646138544075,0.09948432029875136,0.5820872681716793,0.05179512040267895,1.441006737152906,0.0768238194427769
125,-0.19994994994994994,5.0889035549744115,5.13712525666037,5.0134599536012505,4.675289017348213,4.638069899848753,4.660820133565556,3.775654518840936,3.710523449807899,3.6042495482110524,0.986952590482107,0.09942859427182348,0.5814243569856348,0.05180710480718922,1.4400281185180712,0.0765731664598588
126,-0.19954954954954954,5.093877620695583,5.1420895073669355,5.01836410332243,4.680477143358519,4.643432353679564,4.666560156130222,3.7815425168453403,3.7164648081709353,3.6106755920544824,0.9861380443006502,0.09937319608442194,0.5807589217310526,0.051820538677607594,1.4390469784811206,0.07632430814652594
127,-0.19914914914914916,5.098846872637762,5.147051057929765,5.0232628989516295,4.6856616549694925,4.648795395979861,4.672295264691422,3.787432483780038,3.7224043059765255,3.6170995514752162,0.9853208965628355,0.0993180648893341,0.5800912219664266,0.05183537540880259,1.4380628603235588,0.07607742333547604
128,-0.19874874874874876,5.103811343538621,5.152009875854778,5.028156454490522,4.690842341774387,4.654158672327735,4.678025567699337,3.793324861347417,3.7283418424899724,3.623521462065523,0.9845010891819114,0.0992631419708949,0.5794215198999231,0.05185157172005607,1.4370753481098393,0.07583267719702505
129,-0.19834834834834836,5.108771068936377,5.1569659230384435,5.033044883652878,4.696019000339801,4.659521815759664,4.683751172843859,3.799220024677667,3.7342773051605707,3.6299413455008573,0.9836785851325666,0.0992083709854755,0.5787500792247361,0.051869087625191455,1.4360840688375631,0.0755902198264457
130,-0.19794794794794796,5.1137260868054,5.161919156024548,5.037928299549622,4.701191435283774,4.66488444847532,4.689472186641489,3.8051182819686096,3.740210570320868,3.636359209665568,0.9828533682231395,0.09915369820432447,0.578077163835958,0.05188788640631342,1.435088693388757,0.07535018593450993
131,-0.19754754754754755,5.118676437274893,5.166869526268209,5.042806814386833,4.706359459928452,4.670246183468474,4.695188714049964,3.8110198745215196,3.746141503983672,3.6427750492284043,0.9820254426734552,0.09909907264867725,0.5774030368116131,0.05190793454315792,1.4340889367744911,0.07511269444887947
132,-0.19714714714714715,5.123622162248281,5.171816980428845,5.047680539189917,4.7115228974757475,4.6756066262313505,4.700900858104351,3.8169249729858414,3.752069962482899,3.649188846029328,0.9811948336533386,0.09904444636249128,0.5767279590894597,0.05192920166755017,1.4330845607533864,0.07487784673828242
133,-0.19674674674674675,5.128563305106393,5.176761460646465,5.052549583514388,4.716681581373965,4.680965376475225,4.706608719563718,3.822833682007136,3.757995793530271,3.6556005695711042,0.9803615857346177,0.09898977446288873,0.5760521885279127,0.051951660431644224,1.432075371603299,0.07464572798053622
134,-0.19634634634634635,5.133499910367906,5.181702904887432,5.0574140551819315,4.721835356038538,4.686322029670029,4.712312396572965,3.828746038452401,3.7639188369509093,3.6620101777541567,0.979525762887648,0.09893501528224596,0.5753759789043542,0.05197528643833199,1.431061221233101,0.0744164059454288
135,-0.19594594594594594,5.138432023378941,5.186641247250037,5.062274060038958,4.726984077369335,4.6916761788075485,4.718011984365898,3.834662014010946,3.769838925570521,3.6684176174060394,0.9786874474609035,0.09888013046523363,0.5746995788904877,0.052000058098097095,1.4300420061670038,0.07418993151837941
136,-0.19554554554554554,5.143359689993936,5.1915764183032325,5.067129701698979,4.732127613196827,4.697027415928491,4.723707574953666,3.8405815163219525,3.775755886515183,3.6748228250195667,0.9778467393656658,0.0988250850145875,0.5740232311794097,0.05202595652183031,1.4290176667936205,0.0739663385873769
137,-0.19514514514514514,5.148282956289211,5.1965083454213445,5.071981081328977,4.737265843687173,4.702375333684519,4.729399256886315,3.8465043928310805,3.7816695417210875,3.68122572759424,0.9770037547962066,0.09876984732578685,0.5733471716152858,0.05205296538782085,1.4279881856286403,0.07374564487576427
138,-0.19474474474474474,5.1532018682547545,5.20143695313645,5.076828297429114,4.742398661389071,4.707719526935641,4.735087114972676,3.8524304314273974,3.787579709320561,3.6876262432289777,0.9761586255611236,0.09871438920719673,0.5726716284855804,0.05208107077792143,1.4269535866898597,0.07352785164700372
139,-0.19434434434434433,5.158116471523956,5.206362163494594,5.081671445635054,4.747525971667193,4.7130595941787385,4.740771230073807,3.8583593664116322,3.7934862043697675,3.6940242821395373,0.9753114972260587,0.09865868584684279,0.5719968217090425,0.05211026106591642,1.4259139324720749,0.07331294528967039
140,-0.19394394394394393,5.163026811090701,5.2112838963962504,5.086510618528221,4.752647692676062,4.7183951389556515,4.7464516788972135,3.8642908797160453,3.7993888401362974,3.700419747329339,0.9744625283242427,0.09860271579620794,0.5713229622344937,0.05214052675988826,1.4248693229473137,0.07310089720666192
141,-0.19354354354354353,5.167932931059275,5.216202069963951,5.0913459054654835,4.757763755255034,4.723725771284135,4.752128533809148,3.8702246057588043,3.805287428995301,3.7068125355449086,0.9736118887545373,0.09854646088658972,0.5706502514935402,0.052171860342483715,1.4238198927845478,0.07289166495545936
142,-0.19314314314314313,5.1728348744044395,5.221116600878646,5.096177392419269,4.762874103158647,4.729051108917597,4.7578018626802745,3.876160136115192,3.811181783259216,3.7132025380807954,0.9727597582699428,0.09848990618540802,0.5699788807576246,0.0522042561496818,1.4227658088678226,0.07268519342318341
143,-0.19274274274274272,5.17773268273135,5.226027404748447,5.101005161832253,4.767978692586954,4.734370778614008,4.763471728744266,3.8820970226946363,3.8170717164526526,3.7195896415210723,0.9719063252443225,0.09843303988268487,0.5693090308280917,0.05223771020093037,1.4217072680313823,0.07248141542353227
144,-0.19234234234234235,5.182626396067743,5.230934396444141,5.1058292924860185,4.773077492262819,4.7396844172905315,4.769138190485888,3.8880347833800712,3.8229570440404,3.725973728849369,0.9710517849005268,0.09837585318130715,0.5686408715198538,0.052272220077924855,1.4206444938850395,0.07228025311249382
145,-0.19194194194194195,5.187516052650465,5.235837490434274,5.110649859382284,4.778170482918311,4.744991673139442,4.774801301541883,3.8939729057369807,3.8288375845732254,3.7323546799755367,0.9701963380385077,0.09831834018257445,0.5679745614314776,0.05230778476122424,1.4195777343781513,0.07208161890444276
146,-0.19154154154154154,5.192401688756909,5.240736601131346,5.115466933640783,4.78325765714208,4.750292206666646,4.780461110629504,3.8999108526599606,3.834713160332039,3.738732372754168,0.9693401893243216,0.09826049775115786,0.5673102476056372,0.0523444045107052,1.4185072585563714,0.07188541693911983
147,-0.19114114114114114,5.1972833385225625,5.245631643215221,5.120280582407702,4.7883390188539865,4.755585691603645,4.786117661496774,3.9058480661600976,3.840583598406081,3.745106683774248,0.9684835459660751,0.0982023253579281,0.5666480653970287,0.0523820807269246,1.4174333539058717,0.07169154394619455
148,-0.19074074074074074,5.202161033792616,5.250522531946581,5.125090868783589,4.793414582968353,4.760871815830589,4.791770992880469,3.911783973130632,3.846448731444155,3.7514774889609517,0.9676266160538978,0.0981438249463367,0.5659881382649816,0.05242081582121501,1.4163563230703562,0.07149989097312219
149,-0.19034034034034034,5.207034803981219,5.25540918346818,5.1298978517507585,4.798484374744413,4.766150282152547,4.79742113850524,3.9177179894974343,3.852308398396824,3.757844664510449,0.9667696072059949,0.09808500074776093,0.565330577756031,0.05246061308603256,1.4152764810038945,0.07131034434140314
150,-0.18993993993993993,5.211904675949137,5.260291515116468,5.134701586132398,4.803548429461222,4.771420808989308,4.803068127077096,3.9236495249720895,3.8581624452138175,3.7642080875151205,0.9659127251692854,0.09802585914152231,0.5646754834075128,0.052501476595569876,1.414194152115827,0.07112278701691083
151,-0.18953953953953953,5.216770673906581,5.265169445682978,5.139502122545133,4.808606791624963,4.776683131050448,4.808711982317141,3.9295779877868195,3.8640107256285843,3.770567636578519,0.9650561724014451,0.09796640846622207,0.5640229428397708,0.05254341107006327,1.4131096671655874,0.07093709997165593
152,-0.18913913913913913,5.2216328193200185,5.270042895706102,5.144299507383324,4.813659514479869,4.7819369998653904,4.814352722995292,3.93550278914708,3.8698531016651527,3.7769231925558544,0.9642001467704119,0.09790665885152974,0.5633730318058702,0.05258642178238903,1.4120233604536867,0.07075316341319107
153,-0.18873873873873873,5.22649113083044,5.274911787713886,5.149093782796667,4.8187066592994405,4.787182184266631,4.8199903629923755,3.94142334754305,3.875689444223298,3.78327463900605,0.9633448403275787,0.09784662205218435,0.5627258143304228,0.05263051444877217,1.4109355670691583,0.07057085809911257
154,-0.18833833833833835,5.23134562421507,5.279776046463693,5.153884986695774,4.823748294795201,4.792418470786772,4.8256249113734055,3.947339092589085,3.881519633582198,3.7896218628419858,0.9624904381810823,0.09778631127562817,0.562081342860262,0.05267569513336191,1.4098466203356876,0.07039006640402085
155,-0.18793793793793795,5.236196312326443,5.284635599175853,5.158673152754862,4.82878449630131,4.797645663971091,4.831256372474308,3.9532494692668525,3.8873435598185617,3.795964754784642,0.9616371173346082,0.09772574099858074,0.5614396585362403,0.05272197015295056,1.4087568490494127,0.07021067364116503
156,-0.18753753753753755,5.241043205083792,5.28949037574484,5.163458310436822,4.833815345208758,4.80286358661466,4.836884746005986,3.959153941469416,3.893161123201614,3.8023032098128597,0.9607850457089586,0.09766492681235121,0.5608007914010512,0.05276934599788808,1.4076665751751505,0.07003256914475431
157,-0.18713713713713714,5.2458863094433275,5.294340308930837,5.168240485024254,4.838840928149716,4.808072079937143,4.8425100271736685,3.9650519951062884,3.898972234477202,3.808637127547229,0.9599343813023905,0.09760388525686019,0.5601647607274925,0.05281782924059507,1.4065761117018705,0.06985564720912436
158,-0.18673673673673674,5.250725629427545,5.299185334533954,5.173019697657321,4.843861336322436,4.813271003663818,4.8481322068009245,3.9709431419907313,3.904776815101123,3.8149664126203375,0.9590852711930755,0.0975426336516027,0.5595315753453858,0.0528674264631811,1.4054857601654118,0.06967980837190113
159,-0.18633633633633634,5.255561166114422,5.304025391564771,5.1777959653866565,4.848876664723429,4.818460236047512,4.853751271468514,3.976826921750697,3.9105747974521563,3.8212909749556325,0.9582378510279663,0.09748118995120261,0.5589012340182278,0.05291814418236017,1.4043958091454665,0.06950495996535798
160,-0.18593593593593594,5.260392917691343,5.308860422384752,5.18256930123198,4.853887011501155,4.8236396738203755,4.859367203671105,3.982702905289926,3.916366124957932,3.827610730062379,0.9573922441721346,0.09741957258749749,0.5582737258065624,0.05296998878555743,1.4033065320585445,0.06933101729609288
161,-0.18553553553553553,5.265220879479812,5.3136903728295435,5.187339714250983,4.858892477134781,4.8288092320756,4.864979981971898,3.988570696315504,3.922150752089631,3.8339255991792,0.9565485613736805,0.09735780033543666,0.5576490305283144,0.053022966458273,1.4022181859341973,0.06915790412461052
162,-0.18513513513513513,5.270045044005813,5.318515192331316,5.192107209614528,4.86389316384787,4.83396884408157,4.870589581171905,3.994429933861812,3.9279286444180435,3.8402355095249083,0.955706900165024,0.09729589216942586,0.5570271191589262,0.05307708313615003,1.4011310097003504,0.06898555352206491
163,-0.18473473473473473,5.274865401061598,5.323334834001766,5.196871788695058,4.8688891747692145,4.839118461041948,4.876195972487329,4.0002802937783475,3.933699778543782,3.8465403942967193,0.9548673445914035,0.09723386713360102,0.5564079543528586,0.05313234443584522,1.4000452230258218,0.06881390842044205
164,-0.18433433433433433,5.279681937786767,5.328149254715859,5.2016334491518945,4.87388061340136,4.844258051789143,4.881799123730435,4.006121489861453,3.9394641419668948,3.852840192825867,0.9540299650030031,0.0971717442309582,0.5557914908604817,0.05318875561525488,1.3989610254144333,0.0686429219735488
165,-0.18393393393393392,5.284494638750355,5.332958415169153,5.206392185034964,4.878867582887681,4.849387602434257,4.887398999498413,4.011953275331105,3.9452217329078993,3.8591348505610505,0.9531948178176435,0.09710954230079391,0.5551776760506603,0.053246321516810594,1.3978785951187123,0.06847255812807375
166,-0.18353353353353352,5.2893034860562524,5.337762279923283,5.211147986885172,4.883850185369262,4.854507115948602,4.892995561366996,4.017775443164998,3.95097256012001,3.865424319077989,0.9523619455507008,0.09704727991345706,0.5545664504250666,0.05330504652624458,1.396798088628621,0.06830279173959666
167,-0.18313313313313312,5.2941084594474335,5.342560817434694,5.215900841846467,4.888828521409549,4.859616611711265,4.898588768085525,4.023587826842718,3.9567166425640448,3.8717085559901094,0.9515313768022613,0.0969849752781085,0.5539577481134135,0.05336493453116752,1.3957196400910636,0.06813360889650501
168,-0.18273273273273272,5.298909536425258,5.347354000065498,5.220650733780949,4.89380268944154,4.8647161249943975,4.904178575779997,4.0293903003044855,3.9624540091681855,3.8779875249004463,0.9507031264000583,0.09692264615073266,0.5533514973833956,0.053425988885915016,1.3946433610427862,0.0679650069221904
169,-0.18233233233233231,5.303706692359669,5.352141804079854,5.22539764338812,4.898772785123895,4.869805706430698,4.9097649381511825,4.03518277806142,3.9681846983522435,3.8842611952479844,0.9498771955831492,0.09686030974964736,0.5527476211939937,0.053488212370959354,1.3935693401810902,0.06779699447191846
170,-0.1819319319319319,5.308499900634127,5.356924209628273,5.2301415483290326,4.903738900936415,4.874885421413297,4.915347806681256,4.04096521469025,3.9739087577451424,3.890529542147012,0.9490535722923419,0.09679798268869232,0.5521460376786026,0.05355160717062246,1.3924976434389615,0.0676295914071916
171,-0.1815315315315315,5.313289132768529,5.361701200712409,5.234882423354677,4.908701125621035,4.879955349474885,4.92092713083715,4.046737603933245,3.9796262436622434,3.8967925462265174,0.9482322316025007,0.09673568091067829,0.5515466606930539,0.05361617484124143,1.3914283142880952,0.0674628284972728
172,-0.18113113113113113,5.318074358564452,5.366472765141847,5.23962024043756,4.913659543769549,4.8850155836475775,4.926502858271119,4.0524999784058835,3.985337220668284,3.9030501933788084,0.9474131360161533,0.09667341962780551,0.5509494003143963,0.05368191628803805,1.3903613738032685,0.06729674740983656
173,-0.18073073073073073,5.322855546245395,5.371238894469439,5.244354968903663,4.918614235417161,4.8900662297605715,4.9320749350266375,4.058252407854749,3.9910417610816835,3.9093024745556995,0.9465962360956601,0.09661121327810365,0.5503541633511535,0.05374883174721661,1.3892968214307229,0.06713140010254234
174,-0.18033033033033033,5.327632662604631,5.3759995839255135,5.2490865755707565,4.9235652756491906,4.895107405749479,4.937643305738332,4.063994998169444,3.996739944404109,3.9155493854821484,0.9457814709576283,0.09654907548297026,0.5497608538508055,0.05381692076808438,1.3882346354679678,0.06696684854519887
175,-0.17992992992992993,5.33240567315921,5.380754832327389,5.253815024885861,4.928512734293711,4.9001392409148465,4.943207913828292,4.069727889817031,4.0024318568215795,3.9217909264027115,0.944968768874001,0.09648701901108137,0.5491693735838926,0.05388618220109322,1.387174773795582,0.06680316420355815
176,-0.17952952952952952,5.337174542296337,5.385504641987388,5.258540279063625,4.9334566756235025,4.905161875185746,4.948768701703785,4.075451255999881,4.008117590615898,3.9280271017625825,0.9441580479728656,0.09642505575889038,0.5485796225170867,0.05395661418891361,1.386117174832454,0.06664042743441498
177,-0.17912912912912912,5.341939233429924,5.390249018601766,5.263262298227442,4.93839715808093,4.910175458344869,4.954325610948824,4.0811653009091104,4.013797243531782,3.9342579199088146,0.9433492169210504,0.09636319672860867,0.5479914992934066,0.05402821416087506,1.3850617584444915,0.06647872691253424
178,-0.17872872872872872,5.346699709151028,5.394987971139854,5.267981040552518,4.943334234109694,4.915180149266713,4.9598785825085425,4.086870257461945,4.019470918252765,3.9404833927901572,0.9425421757014089,0.09630145202061521,0.5474049016587977,0.05410097883164208,1.3840084271137285,0.06631815885236571
179,-0.17832832832832834,5.351455931385622,5.399721511714184,5.272696462403432,4.948267949925499,4.9201761151256775,4.965427556875356,4.092566385486778,4.025138721749178,3.9467035355864377,0.9417368163277253,0.09623983082453369,0.546819726921893,0.05417490420438429,1.3829570669382907,0.06615882643895013
180,-0.17792792792792794,5.356207861543973,5.404449655446217,5.27740851847848,4.953198345430257,4.925163530616017,4.970972474263666,4.098253969100078,4.030800764661594,3.952918366417914,0.9409330237205866,0.09617834142870134,0.5462358723448607,0.05424998557533151,1.3819075490501613,0.0660008389022075
181,-0.17752752752752754,5.3609554606726215,5.409172420326143,5.282117161948119,4.95812545409719,4.930142577151386,4.976513274782401,4.1039333145714165,4.036457160702287,3.95912790598319,0.9401306764788366,0.09611699122454016,0.5456532355537718,0.05432621754652694,1.3808597307900559,0.0658443108218214
182,-0.17712712712712714,5.365698689604108,5.413889827060823,5.286822344595804,4.963049302902012,4.935113442090185,4.982049898601524,4.109604747737075,4.042108026040641,3.9653321772325567,0.9393296477496532,0.09605578672305194,0.5450717149133124,0.05440359403611849,1.3798134571309466,0.06568936123514707
183,-0.17672672672672673,5.370437509105172,5.418601898920087,5.291524016955176,4.96796991231664,4.940076317931471,4.987582286107528,4.115268611500548,4.0477534786761895,3.971531205035047,0.9385298060807264,0.09599473357563242,0.5444912098882234,0.05448210829970041,1.3787685620785164,0.06553611279093706
184,-0.17632632632632633,5.375171880018141,5.423308661575248,5.296222128448732,4.972887296320075,4.945031401549451,4.993110378060635,4.120925263370524,4.053393637846697,3.9777250158151203,0.937731016258941,0.0959338366024258,0.5439116213723102,0.05456175294918399,1.377724870079272,0.06538469093221978
185,-0.17592592592592593,5.379901763398926,5.4280101429314875,5.300916627520023,4.977801462450141,4.949978893417923,4.998634115735434,4.126575072766215,4.05902862344034,3.9839136372860953,0.936933140176166,0.09587309981939537,0.5433328520035567,0.054642519978318406,1.376682197501576,0.06523522295215108
186,-0.17552552552552553,5.384627120660156,5.432706372959127,5.30560746176907,4.982712411873448,4.954918996845125,5.004153441059804,4.132218418577172,4.064658555400347,3.990097098050089,0.9361360376698715,0.09581252647763304,0.5427548064702025,0.05472440079179579,1.3756403540734743,0.0650878372146244
187,-0.17512512512512513,5.38934791369326,5.437397383522328,5.31029457808043,4.987620139527895,4.959851917237874,5.009668296746255,4.137855686355344,4.070283553179991,3.996275427362747,0.9353395673915982,0.09575211910364659,0.5421773917592722,0.05480738623719144,1.374599144443794,0.06494266216424834
188,-0.17472472472472472,5.394064105001377,5.442083208198775,5.314977922752168,4.992524634234198,4.964777861359225,5.015178626412687,4.143487266088354,4.0759037351729726,4.002448654774082,0.9345435875743516,0.09569187953958937,0.541600517428435,0.05489146663956187,1.3735583695031728,0.06479982563066569
189,-0.17432432432432432,5.3987756578173505,5.446763882105095,5.319657441621144,4.997425878890251,4.969697036626118,5.020684374697436,4.149113549345664,4.081519218198365,4.008616809870222,0.9337479569073365,0.09563180899555399,0.5410240958181366,0.054976631839086604,1.3725178279990853,0.06465945384566543
190,-0.17392392392392392,5.403482536219575,5.451439441717927,5.324333080182208,5.0023238506642125,4.974609650408096,5.026185487365682,4.154734927128083,4.087130116998076,4.014779921984736,0.932952535246032,0.09557190809458181,0.540448042262005,0.055062871234149435,1.37147731780417,0.06452167076644821
191,-0.17352352352352352,5.408184705238001,5.456109924693293,5.329004783708268,5.007218521219763,4.979515909364809,5.031681911406628,4.160351787150762,4.092736543736478,4.020938019941619,0.9321571844449144,0.09551217693160698,0.539872275264,0.055150173821991305,1.3704366374813923,0.06438659716485365
192,-0.1731231231231231,5.412882130963461,5.460775369688158,5.333672497365123,5.012109856972469,4.98441601879078,5.037173595125924,4.16596451185121,4.098338607565845,4.027091131809922,0.9313617690007481,0.09545261512196701,0.5392967166602316,0.05523852824649343,1.3693955874652584,0.06425435001569015
193,-0.1727227227227227,5.417574780636795,5.4654358161827075,5.338336166321346,5.016997819339606,4.989310181999541,5.042660488224903,4.171573475942847,4.103936414178664,4.0332392846612235,0.9305661567994418,0.09539322186194729,0.5387212917605317,0.055327922844432983,1.3683539714849258,0.06412504170772852
194,-0.1723223223223223,5.422262622741239,5.470091304302782,5.342995735856191,5.021882365040408,4.994198599719545,5.048142541876697,4.177179044393299,4.109530065419047,4.039382504379099,0.9297702197364821,0.0953339959825223,0.5381459294635449,0.055418345695945274,1.3673115977492267,0.06399877941707331
195,-0.1719219219219219,5.426945627084963,5.47474187464625,5.347651151462874,5.026763446404417,4.999081469533223,5.053619708791174,4.182781570326383,4.115119658895532,4.04552081544225,0.9289738343584251,0.09527493601223858,0.5375705623485563,0.05550978467399828,1.3662682802022752,0.06387566446709185
196,-0.1715215215215215,5.431623764874769,5.479387568109938,5.352302358947326,5.031641011680485,5.003958985329319,5.059091943272314,4.188381393287876,4.120705287659525,4.051654240748963,0.9281768823902155,0.09521604022992868,0.5369951267585109,0.05560222749654011,1.3652238395471745,0.06375579182914251
197,-0.1711211211211211,5.436297008785216,5.484028425721746,5.356949304523262,5.036515005362915,5.008831336798371,5.064559201269868,4.1939788372830025,4.126287039858077,4.057782801474595,0.9273792513135021,0.0951573067261924,0.5364195628565502,0.05569566177809991,1.3641781044072907,0.0636392495256877
198,-0.1707207207207207,5.440965333018328,5.488664488475319,5.361591934903583,5.041385368557372,5.013698708948834,5.070021440419305,4.199574209258891,4.131864998490328,4.063906516908385,0.9265808348175538,0.09509873346047953,0.5358438146553253,0.0557900750816718,1.3631309122482065,0.0635261182294127
199,-0.17032032032032032,5.445628713356979,5.4932957971700045,5.3662301973852795,5.046252039307531,5.018561281659666,5.0754786200785125,4.205167797608235,4.137439241137228,4.070025404353808,0.9257815332347099,0.09504031831435922,0.5352678300456312,0.055885454971439805,1.3620821102676792,0.06341647085262328
200,-0.16991991991991992,5.450287127211283,5.497922392252799,5.370864039932907,5.051114952959887,5.023419229260825,5.0809307013541245,4.210759870808334,4.143009839744258,4.076139479004861,0.9249812539351391,0.09498205914828953,0.5346915607964887,0.0559817890630093,1.361031556231358,0.06331037220772212
201,-0.16951951951951952,5.4549405536554225,5.502544313669915,5.375493411255742,5.055974042534176,5.028272720150686,5.086377647121565,4.216350676214059,4.14857686044602,4.082248753868574,0.9241799116627676,0.09492395385422013,0.5341149625356931,0.056079065074023625,1.3599791192057562,0.06320787871606859
202,-0.16911911911911912,5.459588973459442,5.507161600719905,5.380118260880045,5.060829239072226,5.033121916441183,5.091819422038716,4.221940439012228,4.154140363402214,4.088353239707089,0.9233774288238016,0.09486600040398432,0.5335379947266161,0.05617727087331067,1.3589246801950436,0.0631090381797137
203,-0.1687187187187187,5.4642323691140335,5.511774291914574,5.384738539218536,5.065680472016614,5.03796697363778,5.097255992551723,4.227529361339215,4.159700402686533,4.09445294497326,0.9225737357249438,0.0948081968986357,0.5329606206180026,0.05627639452757199,1.3578681327014979,0.06301388962419893
204,-0.1683183183183183,5.468870724845086,5.516382424845235,5.389354197634804,5.0705276695637655,5.042808040351444,5.102687326894503,4.233117621501762,4.165257026177058,4.100547875785514,0.9217687707752295,0.09475054161312352,0.5323828071891177,0.05637642434592885,1.3568093832141286,0.06292246317030802
205,-0.1679179179179179,5.473504026624449,5.520986036056674,5.393965188501998,5.075370759032682,5.0476452580441356,5.108113395083186,4.238705373445732,4.1708102755135545,4.106638035912527,0.9209624806105735,0.09469303303690474,0.5318045250738197,0.056477348922976615,1.3557483515572004,0.06283478000232863
206,-0.16751751751751753,5.478132262172334,5.525585160926631,5.39857146525884,5.080209667213669,5.0524787608047825,5.113534168903227,4.244292746291033,4.176360186057224,4.112723426780495,0.920154820195435,0.09463566991158048,0.5312257484806413,0.05657915717801547,1.3546849711947742,0.06275085235473586
207,-0.16711711711711713,5.482755420951907,5.530179833553488,5.403172982460488,5.085044320730888,5.057308675159024,5.118949621891457,4.249879844042002,4.181906786890931,4.118804047471072,0.9193457528743239,0.09457845126829258,0.5306464550911426,0.05668183839140319,1.3536191894533218,0.06267068357126786
208,-0.16671671671671673,5.487373494159861,5.534770086650129,5.407769695824498,5.089874646365503,5.062135119909818,5.124359729312079,4.2554667454493735,4.1874501008383636,4.124879894773963,0.918535250369629,0.09452137645507666,0.5300666259637116,0.05678538223784912,1.3525509676246072,0.06259426820159561
209,-0.16631631631631633,5.491986474708988,5.539355951445794,5.412361562273763,5.09470057140724,5.066958206008944,5.1297644681289025,4.261053504024479,4.192990144528141,4.130950963214543,0.9177232927377292,0.09446444516632778,0.5294862454104479,0.056889778815542656,1.3514802810103146,0.0625215921648059
210,-0.16591591591591592,5.496594357203284,5.543937457596043,5.416948539973835,5.09952202396406,5.07177803645771,5.135163816971342,4.266640148181275,4.198526928460392,4.137017245121327,0.9169098682838902,0.09440765746424996,0.5289053008804485,0.056995018672355416,1.3504071188722626,0.062452632944575565
211,-0.16551551551551552,5.501197137910417,5.548514633099237,5.421530588367068,5.104338933278852,5.076594706242588,5.140557756097081,4.272226681514266,4.2040604571142985,4.143078730694084,0.9160949734352165,0.09435101379858547,0.5283237828256798,0.05710109282657176,1.3493314843132656,0.06238735983160939
212,-0.16511511511511512,5.505794814726321,5.553087504221962,5.42610766820217,5.109151230024917,5.081408302293628,5.14594626734969,4.277813083229575,4.209590729073185,4.149135408079824,0.9152786125706516,0.09429451502114823,0.5277416845668241,0.05720799278486976,1.3482533940670844,0.062325734218400326
213,-0.16471471471471472,5.510387387132955,5.557656095431466,5.430679741560021,5.113958846589132,5.086218903473155,5.151329334113171,4.283399308660961,4.215117737173378,4.155187263467996,0.914460797819847,0.09423816239662186,0.5271590021506501,0.05731571055533227,1.3471728782319377,0.062267709912675356
214,-0.1643143143143143,5.514974856156594,5.56222042933647,5.435246771875359,5.118761717342739,5.091026580594963,5.1567069412623905,4.288985289931038,4.220641468668403,4.161234281190541,0.9136415488240874,0.09418195760975397,0.5265757342031419,0.057424238655979995,1.3460899799284063,0.06221323349746848
215,-0.1639139139139139,5.5195572243133135,5.56678052663566,5.439808723954864,5.123559778890312,5.09583139646578,5.162079075110709,4.2945709366987135,4.226161905421969,4.167276443826157,0.9128208924669967,0.09412590276834529,0.5259918817796935,0.05753357011915239,1.3450047548966495,0.062162244715319594
216,-0.1635135135135135,5.524134495557622,5.571336406074086,5.444365563991051,5.128352970308712,5.100633405952657,5.167445723354892,4.300156137050295,4.231679024101585,4.1733137323217315,0.9119988625687403,0.09407000040221793,0.5254074482124063,0.05764369849196943,1.343917271019554,0.06211467689293832
217,-0.1631131131131131,5.528706675221037,5.575888084407213,5.448917259573723,5.133141233363564,5.1054326560769425,5.172806875016812,4.3057407584429885,4.237192796409101,4.1793461261081495,0.9111754995593052,0.09401425345893352,0.5248224389547348,0.05775461783116195,1.342827607804561,0.06207045737734101
218,-0.1627127127127127,5.5332737699506005,5.580435576373223,5.453463779696295,5.137924512709046,5.110229186128376,5.178162520383608,4.311324648739606,4.242703189312911,4.185373603227641,0.9103508501278834,0.09395866529600799,0.5242368614266795,0.05786632269527797,1.3417358558142802,0.06202950799355861
219,-0.1623123123123123,5.537835787641763,5.584978894671807,5.458005094760403,5.142702756077508,5.115023027802142,5.183512650945772,4.316907637375735,4.24821016528812,4.19139614046828,0.9095249668371743,0.09390323966972247,0.5236507248546552,0.05797880813121242,1.34064211602878,0.06199174553999133
220,-0.1619119119119119,5.5423927373690764,5.589518049952094,5.462541176576064,5.1474759144329365,5.119814205358258,5.188857259333097,4.322489536509055,4.253713682585449,4.197413713492263,0.9086979077372958,0.0938479807206498,0.5230640401198502,0.05809206965776252,1.3395464991975623,0.0619570822670811
221,-0.1615115115115115,5.546944629313406,5.594053050805974,5.467071998359469,5.152243942122157,5.124602735796468,5.194196339250263,4.328070142308535,4.2592136954885005,4.203426296976823,0.9078697359462713,0.09379289295659982,0.5224768196004455,0.05820610324490598,1.3384491251276265,0.06192542639532349
222,-0.1611111111111111,5.551491474687116,5.598583903770531,5.471597534727339,5.1570067970012765,5.129388629052307,5.199529885410485,4.333649236258575,4.264710154597705,4.20943386474838,0.9070405192232208,0.09373798123284334,0.5218890770180566,0.05832090528966191,1.3373501219513766,0.06189668262845914
223,-0.1607107107107107,5.5560332856559755,5.603110613335937,5.476117761688908,5.1617644405393115,5.134171888209939,5.204857893468965,4.339226586506579,4.270203007107841,4.215436389920012,0.9062103295320311,0.09368325073014248,0.5213008272869539,0.05843647258805015,1.3362496253712577,0.061870752671100746
224,-0.1603103103103103,5.5605700752612695,5.607633181960991,5.480632656634695,5.166516837906084,5.138952509728047,5.210180359955863,4.344801949269287,4.275692197099586,4.221433845030238,0.9053792425886962,0.09362870692966223,0.5207120863668616,0.05855280230483941,1.3351477778658245,0.061847535756988994
225,-0.1599099099099099,5.565101857337418,5.612151610095069,5.485142198323278,5.171263958044081,5.143730483682135,5.215497282208698,4.350375070239236,4.281177665825093,4.227426202178952,0.9045473374106908,0.09357435558760967,0.5201228711158146,0.05866989193944825,1.3340447279000507,0.061826929166247525
226,-0.1595095095095095,5.5696286464315055,5.616665896205846,5.489646366864821,5.1760057737138725,5.148505794018494,5.220808658305391,4.355945686033075,4.286659352007438,4.233413433157145,0.9037146958558369,0.09352020270673023,0.5195331991515493,0.058787739290150624,1.3329406291038515,0.061808828749908895
227,-0.1591091091091091,5.5741504577189325,5.6211760368138615,5.494145143703357,5.180742261530142,5.153278418820626,5.226114486996968,4.361513525644404,4.292137192129518,4.239395509583464,0.902881402161375,0.09346625450724129,0.5189430887124271,0.05890634241515543,1.33183563945157,0.06179312944217701
228,-0.1587087087087087,5.578667306921364,5.625682026532454,5.498638511595975,5.185473401969017,5.158048330584458,5.2314147676414136,4.36707831188263,4.297611120729128,4.245372403027529,0.9020475424892318,0.09341251739630567,0.5183525585290795,0.0590256995928618,1.3307299204426002,0.061779725761757415
229,-0.1583083083083083,5.583179210221762,5.630183858113217,5.503126454590637,5.190199179368718,5.1628154965040025,5.236709500137941,4.372639762851034,4.3030810706902125,4.251344085135775,0.9012132044626224,0.09335899793658886,0.5177616276947019,0.059145809279453114,1.3296236362651712,0.06176851231621412
230,-0.1579079079079079,5.587686184181135,5.634681522496749,5.507608958001559,5.194919581905539,5.167579878763166,5.241998684862269,4.378197593362664,4.308546973532762,4.2573105277471965,0.9003784767212387,0.09330570281458535,0.5171703155454929,0.05926667006609231,1.3285169529881498,0.0617593842763321
231,-0.1575075075075075,5.592188245655636,5.63917500886831,5.5120860083834415,5.199634601552651,5.172341434834841,5.247282322603271,4.3837515163677585,4.314008759693326,4.263271703009137,0.8995434484769738,0.09325263880784439,0.5165786415469009,0.059388280634918245,1.3274100377474913,0.0617522378454312
232,-0.1571071071071071,5.596685411712682,5.643664304718217,5.516557593503475,5.204344234030044,5.177100117785311,5.2525604145009455,4.389301244350286,4.319466358805417,4.269227583482502,0.898708209079838,0.09319981275304003,0.5159866251815937,0.05951063971437945,1.3263030579523416,0.0617469707108956
233,-0.15670670670670672,5.601177699550493,5.648149395906146,5.5210237023123705,5.209048478730544,5.181855876581062,5.2578329619856214,4.394846490688516,4.324919699973841,4.275178142244841,0.8978728475959692,0.09314723151270032,0.5153942858496711,0.059633746034732996,1.3251961805030665,0.06174348247460673
234,-0.15630630630630632,5.605665126416313,5.652630266730144,5.5254843249137835,5.213747338634572,5.186608656400117,5.263099966719546,4.400386970992381,4.330368712034708,4.281123352983405,0.8970374523973172,0.09309490194324394,0.5148016427716976,0.05975759828356976,1.3240895710308485,0.061741675069852155
235,-0.15590590590590592,5.6101477095275945,5.657106899998227,5.529939452532413,5.2184408202138455,5.191358398943528,5.268361430539598,4.4059224043654135,4.335813323817179,4.2870631900839635,0.8962021107707989,0.09304283086331054,0.5142087148981651,0.05988219506161683,1.322983393171325,0.06174145314294651
236,-0.15550550550550551,5.614625465994757,5.661579277104788,5.534389077481172,5.223128933316502,5.196105042748044,5.273617355402623,4.4114525146617645,4.341253464388073,4.292997628710813,0.8953669085361551,0.09299102502206628,0.5136155208282585,0.06000753483994909,1.3218778078462563,0.06174272442959434
237,-0.1551051051051051,5.619098412744872,5.666047378108359,5.538833193127504,5.227811691042724,5.200848523497859,5.278867743332462,4.416977031651929,4.346689063289776,4.298926644880512,0.8945319296888007,0.09293949106897025,0.5130220787332817,0.060133615917564796,1.3207729725929007,0.061745400091913816
238,-0.1547047047047047,5.623566566449158,5.670511181813225,5.5432717938583895,5.232489109607641,5.205588774334664,5.284112596369657,4.422495692153831,4.352120050768765,4.304850215524914,0.8936972560572014,0.09288823552412179,0.5124284062884003,0.06026043638116214,1.3196690409148564,0.061749395040145545
239,-0.1543043043043043,5.628029943450889,5.674970665853074,5.547704875045192,5.237161208197288,5.21032572616505,5.289351916523108,4.428008241098418,4.35754635799085,4.310768318553201,0.8928629669796695,0.09283726474965867,0.5118345206089455,0.06038799406594226,1.3185661616689257,0.061754628224330005
240,-0.1539039039039039,5.632488559697621,5.679425806776552,5.552132433007282,5.241828008808227,5.215059307964389,5.294585705724498,4.43351443252858,4.362967917247466,4.316680932897539,0.8920291390041869,0.09278658492231434,0.5112404381968745,0.06051628651899076,1.3174644784893785,0.061761022901648775
241,-0.1535035035035035,5.6369424306748135,5.683876580134459,5.556554464975543,5.246489536083666,5.219789447076132,5.299813965784942,4.439014030522434,4.368384662145146,4.322588038558265,0.8911958456108875,0.09273620200756906,0.5106461748912585,0.060645310964325926,1.3163641292557002,0.06176850687089671
242,-0.1531031031031031,5.641391571343303,5.688322960568579,5.5609709690554885,5.251145817138863,5.224516069505448,5.305036698354536,4.444506810069015,4.373796527790058,4.328489616637267,0.8903631569510407,0.09268612173436962,0.5100517458273078,0.06077506427073391,1.315265245585732,0.061777012689086676
243,-0.1527027027027027,5.645835996079601,5.692764921901252,5.56538194418967,5.255796881382449,5.22923910020771,5.310253904884429,4.449992557843794,4.3792034509531215,4.334385649363398,0.8895311396168603,0.09263634957259688,0.5094571653997951,0.060905542921880225,1.3141679523891625,0.06178647784944165
244,-0.1523023023023023,5.650275718618632,5.697202437226032,5.569787390120313,5.26044276032727,5.233958463368262,5.3154655865914515,4.45547107293481,4.384605370225436,4.340276120113667,0.8886998564272544,0.09258689071057181,0.5088624472358477,0.06103674298959198,1.313072367444311,0.06179684493988205
245,-0.1519019019019019,5.65471075200115,5.701635478998568,5.574187307351567,5.265083487401657,5.238674082676669,5.320671744425646,4.460942167478256,4.3900022261588685,4.346161013423261,0.8878693662421844,0.0925377500354904,0.5082676041708224,0.06116866010954268,1.3119786010320253,0.061808061768079785
246,-0.1515015015015015,5.659141108523552,5.706064019127488,5.578581697111884,5.269719097750434,5.2433858815911965,5.325872379040449,4.466405667227113,4.395393961397033,4.352040314989488,0.8870397237972363,0.09248893211435544,0.507672648233329,0.061301289460345174,1.3108867556021673,0.06182008146194703
247,-0.1511011011011011,5.66356679969173,5.710488029065479,5.582970561316291,5.274349628037718,5.24809378359504,5.331067490765665,4.471861412032089,4.400780520788733,4.357914011669979,0.8862109795653944,0.09244044117742362,0.507077590633835,0.06143462574559657,1.3097969254936823,0.06183286253748328
248,-0.15070070070070068,5.667987836178285,5.714907479899708,5.587353902529039,5.278975116246771,5.252797712443113,5.336257079583072,4.477309256264782,4.406161851490533,4.363782091472301,0.8853831796378396,0.09239228110292008,0.5064824417591686,0.06156866317891898,1.3087091966883604,0.061846368946612086
249,-0.15030030030030028,5.672404227783839,5.719322342441506,5.591731723926168,5.283595601474035,5.257497592398957,5.3414411451050565,4.482749069145014,4.4115379030568125,4.369644543536921,0.8845563656327514,0.09234445540343407,0.5058872111743471,0.06170339547263522,1.3076236466157063,0.061860570091067914
250,-0.14989989989989988,5.676815983401443,5.723732587315221,5.596104029258761,5.288211123728687,5.262193348461296,5.3466196865555125,4.488180735003328,4.416908627514263,4.375501358116053,0.8837305746247737,0.09229696721429875,0.5052919076269472,0.06183881582910209,1.3065403439987178,0.06187544081287173
251,-0.14949949949949948,5.681223110985854,5.728138185045701,5.6004708228161855,5.292821723729033,5.266884906579846,5.35179270275386,4.493604153470607,4.422273979426568,4.381352526543332,0.8829058390970639,0.09224981928346368,0.5046965390580307,0.06197491693570196,1.305459348740155,0.061890961360963025
252,-0.14909909909909907,5.685625617525185,5.732539106144409,5.604832109389972,5.2974274427005605,5.2715721938605,5.356960192101495,4.49901923958322,4.427633915945771,4.387198041200699,0.8820821869175081,0.09220301396319801,0.5041011126168291,0.06211169096272665,1.3043807118557738,0.06190711732777482
253,-0.1486986986986987,5.690023509018037,5.736935321193725,5.609187894238257,5.302028322175813,5.276255138758273,5.362122152570863,4.504425923830359,4.432988396849378,4.3930378954783915,0.8812596413346323,0.09215655320332572,0.5035056346809547,0.06224912956461274,1.3033044754430934,0.061923899567866654
254,-0.1482982982982983,5.694416790453146,5.74132680092946,5.613538183050561,5.306624403800343,5.280933671259843,5.36727858169709,4.509824152120637,4.438337384568891,4.398872083731074,0.8804382209957663,0.09211043854654573,0.5029101108779116,0.06238722388385487,1.3022306726958142,0.061941304088540525
255,-0.1478978978978979,5.6988054657934955,5.745713516321094,5.6178829819133895,5.311215729135863,5.285607723053466,5.37242947657218,4.515213885686859,4.443680844203575,4.404700601227833,0.879617939985527,0.09206467112493322,0.5023145461139038,0.06252596455834424,1.3011593279531142,0.06195933192210987
256,-0.1474974974974975,5.7031895379643025,5.750095438649733,5.62222229727641,5.315802339473931,5.290277227687474,5.37757483384155,4.520595100922146,4.4490187435263415,4.4105234441009715,0.8787988078831535,0.09201925165833794,0.5017189446029645,0.06266534173112973,1.3000904567884983,0.061977988974566835
257,-0.1470970970970971,5.707569008844494,5.7544725395835705,5.626556135919298,5.3203842756511115,5.294942120716571,5.382714649702896,4.5259677891550805,4.454351052975936,4.416340609287788,0.8779808298395706,0.09197418045446258,0.5011233099007159,0.06280534506313834,1.2990240661352395,0.06199728585691565
258,-0.1466966966966967,5.711943879262028,5.758844791250602,5.630884504919469,5.324961577870476,5.299602339836026,5.387848919907456,4.531331956365281,4.459677745641044,4.422152094472116,0.877164006670966,0.09192945741020964,0.5005276449405833,0.06294596374841681,1.2979601544440453,0.062017237697403645
259,-0.14629629629629629,5.7163141489931615,5.763212166308575,5.635207411620418,5.329534285530797,5.304257825004203,5.392977639763298,4.536687622837257,4.464998797233998,4.427957898020815,0.8763483349710144,0.09188508201501122,0.499931952071726,0.06308718653170482,1.2968987118782886,0.062037863935646885
260,-0.1458958958958959,5.720679816764978,5.767574638011848,5.639524863601099,5.334102437059378,5.308908518552669,5.398100804140803,4.542034822768385,4.47031418605474,4.433758018919324,0.8755338072367782,0.09184105335510538,0.49933623310054925,0.06322900172844483,1.2958397205341894,0.06205918810422945
261,-0.1454954954954955,5.725040880261368,5.771932180275116,5.643836868645935,5.338666069755622,5.31355436528438,5.4032184074801455,4.54737360381265,4.47562389294729,4.439552456704638,0.8747204120123587,0.09179737011982836,0.4987404893322839,0.0633713972467384,1.2947831546985047,0.06208123759117459
262,-0.1450950950950951,5.729397336133102,5.776284767734049,5.648143434715956,5.3432252196408605,5.318195312560268,5.4083304438006365,4.552704026598327,4.480927901247356,4.445341211396859,0.8739081340416611,0.09175403060875571,0.4981447216151411,0.06351436061126008,1.2937289811226387,0.0621040433976592
263,-0.1446946946946947,5.733749180010413,5.780632375802245,5.652444569920643,5.347779921315426,5.322831310373839,5.413436906711842,4.5580261641752635,4.486226196722499,4.451124283429461,0.8730969544397263,0.09171103274064345,0.49754893038561326,0.06365787898893907,1.2926771593347826,0.06212763987528509
264,-0.1442942942942943,5.738096406519602,5.784974980725154,5.656740282490838,5.352330207826813,5.327462311414406,5.4185377894265,4.56334010144286,4.491518767505532,4.456901673579632,0.8722868508706799,0.09166837406338696,0.496953115714028,0.06380193921614483,1.2916276419657837,0.06215206446097069
265,-0.1438938938938939,5.742439009302084,5.78931255962999,5.661030580752546,5.356876110544215,5.332088271118955,5.42363308477492,4.568645934535068,4.496805604021547,4.4626733828968215,0.8714777977376118,0.09162605176522103,0.496357277351397,0.06394652782721415,1.2905803750988207,0.0621773574022017
266,-0.1434934934934935,5.746776981036873,5.793645090572506,5.66531547310174,5.36141765904495,5.336709147712788,5.428722785220918,4.573943770161784,4.502086698909001,4.468439412633248,0.8706697663839689,0.09158406268738097,0.4957614147758546,0.06409163108415492,1.2895352986439237,0.062203561471376706
267,-0.1430930930930931,5.751110313466015,5.797972552579745,5.669594967980076,5.365954881008073,5.341324902239439,5.4338068828791,4.579233724941894,4.507362046935601,4.474199764173488,0.8698627252983452,0.09154240333736052,0.4951655272400282,0.06423723500737938,1.2884923467186373,0.06223072168329017
268,-0.1426926926926927,5.7554389974223295,5.802294925689237,5.673869073851712,5.370487802119049,5.3459354985800775,5.438885369533398,4.584515924687082,4.512631644910297,4.479954438964881,0.8690566403315573,0.09150106990376286,0.4945696138175162,0.06438332540710048,1.2874514480556989,0.06225888500062314
269,-0.1422922922922923,5.759763022860235,5.806612190984469,5.67813779918102,5.375016445984568,5.350540903462548,5.443958236656768,4.589790503685352,4.517895491589865,4.485703438450742,0.8682514749144566,0.0914600582716622,0.49397367344904514,0.06452988791540372,1.286412526412629,0.06228810004492851
270,-0.14189189189189189,5.764082378888627,5.810924330626557,5.682401152411326,5.379540834056898,5.35514108646056,5.449025475431904,4.59505760394772,4.523153587583837,4.491446764002985,0.867447190284783,0.09141936403925667,0.4933777049879824,0.06467690801871114,1.2853755010011894,0.062318416801014874
271,-0.14149149149149148,5.768397053806495,5.815231327882099,5.6866591419446815,5.3840609855685715,5.359736019983327,5.454087076772869,4.600317374454959,4.5284059352546056,4.49718441685787,0.8666437457143743,0.0913789825350865,0.49278170724503245,0.06482437109046738,1.2843402869185083,0.062349886327307376
272,-0.14109109109109108,5.772707035140233,5.819533167147421,5.690911776122579,5.3885769174773674,5.364325679256069,5.4591430313475175,4.6055699703845345,4.533652538617072,4.502916398053501,0.8658410987405069,0.0913389088361324,0.49218567903160565,0.06497226242391509,1.2833067955884252,0.06238256046539489
273,-0.14069069069069068,5.777012309683316,5.823829833968825,5.695159063207713,5.3930886444216215,5.368910042291676,5.464193329600667,4.61081555233118,4.538893403235117,4.50864270837001,0.8650392053986842,0.09129913778664293,0.49158961920187555,0.06512056726471481,1.2822749352073783,0.062416491553726215
274,-0.14029029029029028,5.781312863537602,5.82812131505936,5.699401011366697,5.397596178685372,5.373489089853922,5.469237961777754,4.616054285530865,4.54412853611795,4.514363348271885,0.8642380204539266,0.09125966401735526,0.4909935266935767,0.06526927084339468,1.2812446111885212,0.06245173214891246
275,-0.13988988988988987,5.7856086821564565,5.832407598311727,5.703637628653755,5.402099530173993,5.378062805412829,5.4742769179490605,4.621286339072475,4.54935794561452,4.520078317853752,0.8634374976343163,0.09122048196555808,0.4903974005668311,0.06541835840733005,1.2802157266128131,0.06248833474908112
276,-0.13948948948948947,5.789899750389193,5.836688672807593,5.707868922995433,5.406598706400035,5.382631175092458,5.479310188034241,4.626511885122873,4.554581641309003,4.525787616789118,0.8626375898601135,0.09118158589534263,0.48980124004104714,0.06556781525214236,1.2791881826728932,0.06252635152818549
277,-0.13908908908908907,5.794186052527122,5.840964528823317,5.712094902176178,5.411093712478411,5.387194187611508,5.484337761827154,4.631731098152914,4.559799633915482,4.531491244281978,0.8618382494718738,0.09114296991835759,0.48920504453018615,0.06571762675253014,1.2781618791166576,0.06256583407729578
278,-0.13868868868868867,5.798467572350447,5.845235157832125,5.716315573824982,5.415584551131166,5.391751834217293,5.489359629020788,4.636944154173866,4.565011935174016,4.537189199022854,0.8610394284543237,0.0911046280147014,0.48860881367586184,0.06586777839222828,1.2771367146842796,0.06260683315547924
279,-0.13828828828828826,5.8027442931764845,5.8495005525028105,5.720530945402839,5.420071222703029,5.3963041086136165,5.494375779232313,4.64215122998349,4.5702185577474275,4.542881479147613,0.8602410786567747,0.09106655405428263,0.4880125473776269,0.06601825579299844,1.2761125875410466,0.06264939845039015
280,-0.1378878878878879,5.807016197908559,5.853760706695061,5.724741024191193,5.424553725184344,5.400851006882682,5.499386202028061,4.647352502433792,4.575419515119693,4.54856808220056,0.8594431520066177,0.09102874181792187,0.4874162458218479,0.06616904474274783,1.2750893956971123,0.06269357835248543
281,-0.1374874874874875,5.811283269085548,5.858015615451507,5.728945817281249,5.429032054244103,5.405392527401775,5.504390886948352,4.65254814770804,4.580614821496677,4.554249005101083,0.8586456007187822,0.09099118501876587,0.4868199095076081,0.06632013122244712,1.2740670374220426,0.06273941973827644
282,-0.13708708708708708,5.8155454889320355,5.862265274986545,5.733145331564167,5.43350620327173,5.409928670755212,5.50938982353212,4.657738340624635,4.585804491708436,4.55992424411456,0.8578483774970392,0.09095387732353911,0.4862235392700525,0.06647150143182412,1.2730454116449377,0.06278696776851025
283,-0.13668668668668668,5.8198028394088075,5.866509682672073,5.7373395737221236,5.437976163426571,5.414459439641703,5.514383001341227,4.662923253959658,4.590988541114886,4.56559379482725,0.8570514357286982,0.09091681237361882,0.4856271363015881,0.06662314181387809,1.2720244183429648,0.06283626569833124
284,-0.13628628628628628,5.824055302263432,5.8707488370202014,5.741528550220184,5.442441923695624,5.41898483877788,5.519370409984342,4.668103057796242,4.596166985513578,4.571257652124847,0.8562547296710631,0.09087998380595377,0.4850307021702723,0.06677503907800827,1.2710039589155937,0.06288735470195557
285,-0.13588588588588588,5.828302859081024,5.874982737663128,5.745712267299021,5.4469034709590005,5.423504874798294,5.52435203914039,4.673277918900572,4.601339841051578,4.576915810175911,0.8554582146290385,0.09084338527357168,0.4844342388356454,0.0669271802217654,1.2699839365429395,0.06294027371119776
286,-0.13548548548548547,5.832545491334719,5.879211385330243,5.749890730968394,5.4513607900622585,5.428019556152411,5.52932787858143,4.678448000126145,4.606507124140124,4.58256826241867,0.8546618471240326,0.0908070104657798,0.4838377486619856,0.06707955255118668,1.2689642565285653,0.0629950592685058
287,-0.1350850850850851,5.836783180436062,5.883434781822566,5.7540639470014,5.45581386389607,5.4325288929989135,5.534297918194871,4.683613459848353,4.611668851373262,4.58821500155217,0.8538655850532422,0.09077085312788714,0.48324123442883266,0.06723214369961261,1.2679448266249667,0.0630517453945155
288,-0.1346846846846847,5.841015907784802,5.887652929984696,5.758231920929503,5.460262673481633,5.437032897097928,5.539262148005059,4.688774451432874,4.616825039450404,4.593856019531688,0.8530693878384527,0.09073490708029794,0.482644699339045,0.06738494164503782,1.266925557339624,0.06311036347100332
289,-0.1342842842842843,5.8452436548182085,5.891865833674409,5.762394658038236,5.464707198062256,5.441531581701453,5.544220558194056,4.693931122735065,4.6219757051028685,4.599491307567815,0.8522732165651768,0.09069916623706444,0.4820481470242407,0.06753793472592745,1.2659063622235058,0.06317094213801384
290,-0.1338838838838839,5.849466403059719,5.8960734977299545,5.7665521633636185,5.469147415200521,5.446024961442388,5.549173139121628,4.699083615636005,4.627120865024559,4.605120856129565,0.8514770341106505,0.09066362462372032,0.4814515815476294,0.06769111165548444,1.2648871581389094,0.06323350720647664
291,-0.1334834834834835,5.8536841341666515,5.900275927935302,5.77070444168924,5.47358330088034,5.450513052222804,5.554119881344345,4.7042320656128656,4.632260535807243,4.610744654951281,0.8506808052611726,0.09062827639436548,0.480855007404301,0.06784446153433418,1.2638678655075746,0.06329808158512532
292,-0.1330830830830831,5.8578968299770775,5.904473130983406,5.774851497543986,5.47801482961341,5.4549958711015005,5.559060775633787,4.709376601347416,4.637394733880081,4.616362693043399,0.8498844968179903,0.09059311584788057,0.4802584295192254,0.06799797386171128,1.262848408537102,0.06336468522258977
293,-0.13268268268268268,5.862104472555434,5.908665114437673,5.778993335200412,5.482441974549834,5.459473436181539,5.56399581299376,4.714517344369334,4.642523475453746,4.62197495870667,0.8490880776924685,0.09055813744333682,0.4796618532426911,0.06815163854503795,1.261828715427551,0.06343333506304226
294,-0.13228228228228228,5.866307044237152,5.912851886691712,5.783129958673633,5.486864707592233,5.463945766497933,5.568924984676511,4.719654408739135,4.647646776469059,4.627581439549943,0.848291518989468,0.09052333581442011,0.47906528434353035,0.06830544590799806,1.260808718555535,0.06350404501655034
295,-0.13188188188188188,5.870504527671815,5.917033456927594,5.787261371720867,5.4912829995129835,5.46841288190594,5.573848282197916,4.724787900768976,4.652764652550294,4.633182122511187,0.8474947940793448,0.09048870578288265,0.4784687290000445,0.06845938669704962,1.2597883546368052,0.06357682594303939
296,-0.13148148148148148,5.874696905864908,5.921209835072744,5.791387577841463,5.495696820074011,5.472874802970269,5.578765697351563,4.729917918780467,4.6578771189631105,4.638776993881683,0.8466978786588083,0.0904542423710008,0.47787219378877466,0.0686134520864439,1.2587675648676484,0.06365168564915653
297,-0.13108108108108107,5.878884162218118,5.925381031755556,5.795508580277467,5.500106138148415,5.477331550855539,5.583677222221766,4.735044552901174,4.662984190576919,4.644366039333349,0.8459007508003357,0.09041994081292684,0.4772756856713667,0.06876763368177116,1.2577462950441793,0.06372862889810772
298,-0.13068068068068067,5.88306628056792,5.929547058259969,5.799624382014683,5.504510921844289,5.481783147218327,5.588582849195422,4.7401678849,4.668085881832023,4.649949243948692,0.8451033909900915,0.09038579656499107,0.4766792119791645,0.06892192352198441,1.256724495659846,0.06380765743196413
299,-0.13028028028028027,5.887243245222608,5.933707926479084,5.80373498578417,5.508911138628969,5.486229614101017,5.593482570972747,4.745287988059575,4.673182206711041,4.6555265922535325,0.8443057821549547,0.09035180531483097,0.4760827803963579,0.06907631408009067,1.2557021219814768,0.06388877000558153
300,-0.12987987987987987,5.8914150409973916,5.937863648867971,5.807840394064229,5.513306755454432,5.490670973827896,5.598376380576848,4.7504049270852615,4.67827317871491,4.661098068252083,0.8435079096787088,0.0903179629894437,0.47548639894105815,0.06923079826234609,1.2546791341047012,0.06397196243133081
301,-0.12947947947947946,5.89558165324772,5.942014238395905,5.8119406090827646,5.51769773888261,5.495107248903554,5.603264271362109,4.755518758051596,4.683358810843107,4.666663655464363,0.8427097614073733,0.09028426576203183,0.47489007594500215,0.06938536940617528,1.2536554969879166,0.06405722763463538
302,-0.12907907907907906,5.899743067900697,5.946159708497984,5.81603563282005,5.522084055210491,5.499538461914055,5.608146237021432,4.760629528384793,4.688439115578127,4.672223336965447,0.8419113276440661,0.0902507100577122,0.47429382003161996,0.06954002127672497,1.2526311804659112,0.06414455571943233
303,-0.12867867867867866,5.903899271484454,5.950300073026486,5.820125467011883,5.526465670594672,5.503964635430904,5.613022271592276,4.765737276879944,4.69351410487404,4.67777709542673,0.84111260113378,0.09021729255805448,0.47369764009275744,0.06969474806215341,1.2516061592436434,0.0642339340426706
304,-0.12827827827827826,5.908050251155575,5.954435346201972,5.82421011315306,5.530842551174426,5.508385791918208,5.617892369461528,4.770842033752354,4.698583790148999,4.683324913158721,0.8403135770383503,0.0901840102044366,0.4731015452642718,0.06984954436771654,1.2505804128705025,0.06432534729736927
305,-0.12787787787787785,5.912195994724347,5.9585655425642745,5.828289572501204,5.535214663193517,5.512801953643135,5.622756525369216,4.775943820721545,4.70364818228146,4.688866772155185,0.8395142529020513,0.09015086020029203,0.47250554490033864,0.07000440520862145,1.2495539256961758,0.06441877760341236
306,-0.12747747747747745,5.916336490677967,5.962690676923588,5.832363846080858,5.5395819731197795,5.517213142589836,5.627614734411045,4.78104265112804,4.708707291610267,4.694402654138478,0.8387146286078626,0.09011784001215162,0.47190964854696177,0.07015932600181371,1.2485266868076517,0.06451420460577924
307,-0.12707707707707708,5.920471728201599,5.966810764311695,5.836432934687902,5.543944447762451,5.521619380377075,5.632466992039798,4.7861385300792545,4.713761127937809,4.699932540605858,0.8379147063255008,0.09008494736962414,0.4713138659145579,0.07031430255663185,1.2474986899498148,0.06461160557882482
308,-0.12667667667667667,5.92460169719713,5.9709258199335284,5.840496838894203,5.548302054386803,5.526020688179671,5.637313294065603,4.791231454626266,4.718809700536805,4.705456412876492,0.8371144904507308,0.09005218026423817,0.4707182068497539,0.07046933106444157,1.2464699334284675,0.06471095553679201
309,-0.12627627627627627,5.92872638829995,5.97503585911915,5.844555559052518,5.552654760825474,5.530417086653886,5.642153636655084,4.796321413966202,4.723853018159906,4.710974252139004,0.8363139875375297,0.09001953694724221,0.4701226813068024,0.07062440808731733,1.2454404199986355,0.06481222734882391
310,-0.12587587587587587,5.93284579289328,5.97914089727629,5.848609095301617,5.557002535586627,5.534808595866828,5.646988016329441,4.801408389672459,4.728891089052317,4.716486039499266,0.8355132062225112,0.08998701592636454,0.46952729931833287,0.0707795305457775,1.244410156737238,0.06491539185887649
311,-0.12547547547547547,5.936959903120477,5.983240949843547,5.852657447571604,5.561345347957994,5.539195235230133,5.651816429961445,4.8064923559485955,4.7339239209669435,4.721991756028362,0.8347121571428558,0.08995461596156545,0.46893207096599154,0.07093469570567604,1.2433791549021247,0.0650204180090979
312,-0.12507507507507507,5.941068711895011,5.9873360322443805,5.856700615589436,5.565683168107195,5.543577023437771,5.656638874771413,4.811573279905536,4.738951521182054,4.727491382810341,0.8339108528478785,0.08992233605985403,0.4683370063507498,0.07108990116427076,1.242347429778017,0.065127272966414
313,-0.12467467467467466,5.945172212908263,5.991426159841965,5.860738598884603,5.570015967177458,5.547953978408283,5.6614553483221846,4.816651121859187,4.743973896521247,4.732984900989788,0.8331093077050106,0.08989017546918895,0.467742115563221,0.07124514483554563,1.241315000510611,0.06523592225131074
314,-0.12427427427427426,5.94927040063511,5.995511347895064,5.864771396794949,5.574343717378819,5.5523261172312885,5.666265848513121,4.821725835648859,4.7489910533751996,4.738472291818703,0.8323075378003658,0.08985813367151758,0.46714740865405663,0.07140042493485539,1.240281889929128,0.06534632986892364
315,-0.12387387387387386,5.953363270337381,5.999591611514961,5.868799008472653,5.578666392074497,5.556693456118491,5.671070373573169,4.826797368971536,4.7540029977254115,4.743953536702815,0.8315055608350237,0.0898262103750311,0.4665528956044992,0.07155573996291417,1.2392481243596187,0.06545845844072697
316,-0.12347347347347346,5.957450818065078,6.003666965623599,5.87282143289031,5.582983965862102,5.561056010359052,5.675868922053047,4.831865663733982,4.7590097351694265,4.749428617246929,0.8307033960167701,0.08979440550562591,0.46595858629728565,0.07171108868924043,1.2382137334282592,0.06557226933756373
317,-0.12307307307307308,5.96153304065551,6.007737424912957,5.876838668847126,5.587296414649642,5.565413794279437,5.680661492816556,4.8369306564171834,4.764011270947338,4.754897515299279,0.8299010639486919,0.08976271919771642,0.4653644904879457,0.07186647013506872,1.2371787498575455,0.06568772281220793
318,-0.12267267267267268,5.965609935730349,6.0118030038058,5.880850714975211,5.5916037157260545,5.5697668212076925,5.6854480850310996,4.841992278454392,4.769007609969543,4.760360212994554,0.8290985865144468,0.08973115178437363,0.46477061777666656,0.07202188355582197,1.2361432092548157,0.06580477813196163
319,-0.12227227227227228,5.969681501690575,6.015863716417842,5.884857569745928,5.5959058478261685,5.574115103442135,5.690228698157413,4.847050456618588,4.773998756845244,4.765816692795625,0.8282959867613,0.08969970378691715,0.4641769775807583,0.07217732842319037,1.2351071498953732,0.06592339371001797
320,-0.12187187187187187,5.9737477377094725,6.019919576521415,5.888859231476345,5.600202791189874,5.578458652224408,5.695003331938593,4.852105113419267,4.778984715911754,4.771266937533692,0.827493288781077,0.08966837590396393,0.463583579107937,0.0723328044068903,1.2340706125002812,0.06604352723567102
321,-0.12147147147147147,5.977808643723612,6.0239705975106945,5.892855698335708,5.604494527615475,5.582797477716915,5.699771986388433,4.857156167505927,4.7839654912641985,4.776710930446698,0.8266905175897574,0.0896371690000371,0.46299043133038964,0.07248831135614904,1.2330336400104114,0.06616513580265417
322,-0.12107107107107107,5.981864220421959,6.028016792368556,5.8968469683519755,5.608781040507091,5.587131588984501,5.704534661779133,4.862203534076376,4.788941086785516,4.782148655216026,0.8258876990062399,0.08960608409377697,0.46239754295982805,0.0726438492809891,1.23199627735763,0.0662881760351487
323,-0.12067067067067067,5.985914469233116,6.032058173635118,5.9008330394183774,5.61306231491612,5.591460993980373,5.709291358628431,4.867247125288797,4.793911506176538,4.787580096001196,0.825084859530651,0.08957512234581892,0.46180492242351096,0.07279941833336562,1.230958571233935,0.06641260421128081
324,-0.12027027027027026,5.989959392310773,6.036094753377998,5.904813909300003,5.617338337576499,5.595785699536135,5.7140420776862095,4.872286850675102,4.7988767529858665,4.793005237472528,0.824282026222881,0.08954428504639965,0.46121257784145586,0.07295501878823574,1.2299205698597477,0.06653837638354801
325,-0.11986986986986986,5.9939989925174455,6.040126543164369,5.908789575640397,5.621609096934106,5.600105711355886,5.718786819920601,4.877322617554516,4.803836830639531,4.7984240648416385,0.8234792265816697,0.08951357360275869,0.460620517004736,0.07311065102458339,1.2288823227521557,0.06666544849593584
326,-0.11946946946946946,5.998033273406558,6.044153554034809,5.912760035968165,5.625874583169828,5.60442103401427,5.723525586503687,4.882354331445369,4.808791742470073,4.8038365638897655,0.8226764884248142,0.08948298952637378,0.46002874735513827,0.07326631550651082,1.2278438804940084,0.06679377649738207
327,-0.11906906906906906,6.0020622392029095,6.0481757964790095,5.916725287703568,5.630134788216772,5.608731670958349,5.728258378796792,4.887381896474065,4.813741491745001,4.809242720993665,0.8218738397708373,0.08945253442011607,0.45943727596604106,0.0734220127644062,1.2268052945047452,0.06692331645140734
328,-0.11866866866866865,6.006085894781701,6.052193280413358,5.920685328165107,5.634389705771315,5.613037624513222,5.732985198335467,4.892405215778697,4.818686081694391,4.81464252314924,0.8210713087227748,0.08942220996536421,0.45884610952474403,0.0735777433762888,1.225766616814086,0.06705402464136509
329,-0.11826826826826825,6.0101042456460725,6.056206015160423,5.924640154576099,5.638639331298222,5.617338895891226,5.737706046814186,4.8974241919070005,4.823625515537515,4.820035957992606,0.8202689233542478,0.08939201790913794,0.4582552543161923,0.07373350794935628,1.2247278998390023,0.06718585767142164
330,-0.11786786786786785,6.01411729790331,6.060214009430343,5.928589764071207,5.64288366202983,5.621635485204627,5.7424209260708095,4.902438727206888,4.828559796508321,4.825423013818788,0.8194667115982618,0.08936196005129457,0.4576647162081754,0.07388930710181443,1.223689196164813,0.06731877256295388
331,-0.11746746746746747,6.018125058239811,6.06421727130416,5.932534153702959,5.647122696959404,5.625927391481626,5.747129838070883,4.907448724207461,4.833488927879669,4.830803679597751,0.8186647011393552,0.08933203823186112,0.45707450063807276,0.07404514144503463,1.2226505583316478,0.06745272684593728
332,-0.11706706706706707,6.022127533894831,6.068215808219085,5.936473320448216,5.651356436828829,5.630214612685568,5.751832784891793,4.912454085990673,4.838412912986154,4.8361779449880045,0.817862919309042,0.08930225431852513,0.45648461260110074,0.07420101156608898,1.2216120386261988,0.06758767864558309
333,-0.11666666666666667,6.026124732633165,6.0722096269556864,5.940407261214599,5.655584884110579,5.634497145737175,5.756529768706856,4.9174547165511475,4.843331755245444,4.841545800347533,0.8170613929852405,0.08927261019434485,0.4558950566402065,0.07435691801073735,1.2205736888800818,0.06772358676373755
334,-0.11626626626626627,6.030116662716806,6.076198733627036,5.944335972846865,5.659808042984396,5.638774986539686,5.761220791769373,4.9224505211439915,4.848245458177982,4.84690723674219,0.8162601484957497,0.08924310774572745,0.4553058368374785,0.0745128612668817,1.219535560275067,0.06786041075515464
335,-0.11586586586586586,6.034103332875699,6.080183133669766,5.94825945213324,5.664025919308552,5.643048130006705,5.765905856396701,4.927441406618778,4.85315402542502,4.85226224595154,0.8154592115262335,0.0892137488507022,0.4547169568072379,0.07466884174856973,1.2184977031559783,0.06799811099835841
336,-0.11546546546546546,6.038084752277659,6.084162831837049,5.952177695811685,5.6682385205859855,5.647316570092626,5.770584964954392,4.932427281739652,4.858057460764844,4.8576108204720905,0.8146586070327867,0.08918453536752899,0.4541284196907331,0.074824859780582,1.217460166851499,0.06813664876127302
337,-0.11506506506506506,6.042060930497563,6.088137832193472,5.9560907005761035,5.672445855925499,5.651580299825456,5.775258119840444,4.937408057489708,4.862955768127135,4.862952953518017,0.8138583591595224,0.08915546912369825,0.45354022815246986,0.07498091558364244,1.2164229995037865,0.06827598626131048
338,-0.11466466466466466,6.0460318774858814,6.092108138111788,5.959998463082475,5.676647935998237,5.65583931134188,5.779925323469706,4.942383647359841,4.867848951605456,4.868288639019378,0.813058491161152,0.08912655190532652,0.4529523843781269,0.07513700926029837,1.2153862479068822,0.06841608672013472
339,-0.11426426426426425,6.049997603536679,6.096073752271523,5.963900979954944,5.680844772989507,5.660093595924376,5.784586578258481,4.947353967620399,4.872737015467736,4.873617871617875,0.8122590253309939,0.08909778544699516,0.45236489007416486,0.0752931407815168,1.2143499573547267,0.06855691441285758
340,-0.11386386386386385,6.053958119255134,6.1000346766593925,5.967798247791805,5.685036380546322,5.66434314404025,5.789241886609378,4.952318937575831,4.877619964164729,4.878940646660177,0.8114599829343644,0.08906917142205972,0.45177774646898067,0.07544930997402234,1.21331417149884,0.06869843471190175
341,-0.11346346346346345,6.057913435524708,6.103990912571526,5.971690263171442,5.689222773720835,5.668587945382373,5.793891250896438,4.957278479801379,4.882497802336516,4.884256960188925,0.8106613841475573,0.08904071143344597,0.45119095431567013,0.07560551650841577,1.2122789322160419,0.06884061412543194
342,-0.11306306306306305,6.061863563474014,6.107942460617419,5.9755770226581655,5.693403968909863,5.672827988911484,5.798534673450584,4.962232520361243,4.887370534816888,4.889566808931406,0.8098632480025888,0.08901240700496484,0.45060451389634615,0.07576175988810654,1.2112442794866365,0.06898342033040045
343,-0.11266266266266264,6.065808514443513,6.111889320725616,5.979458522807993,5.69757998379076,5.677063262899882,5.803172156545439,4.9671809890082015,4.892238166635696,4.894870190286058,0.8090655923376752,0.0889842595731567,0.4500184250280081,0.07591803943908461,1.210210251283005,0.06912682220035678
344,-0.11226226226226227,6.069748299952109,6.115831492151039,5.983334760174326,5.7017508372539325,5.681293754976315,5.807803702383523,4.972123819364182,4.897100703019128,4.900167102306806,0.8082684337535702,0.08895627047968618,0.44943268706989026,0.07607435430055273,1.209176883468951,0.06927078982804886
345,-0.11186186186186187,6.073682931663727,6.119768973483951,5.98720573131356,5.705916549332216,5.685519452171931,5.8124293130829,4.977060949081498,4.901958149387969,4.905457543685379,0.8074717875757984,0.08892844096430491,0.4488472989322778,0.0762307034164509,1.2081442097098887,0.06941529454290833
346,-0.11146146146146146,6.077612421353972,6.123701762660475,5.991071432790591,5.710077141127349,5.689740340967093,5.8170489906642695,4.981992319984775,4.906810511353823,4.910741513731627,0.8066756678227787,0.08890077215838334,0.4482622590867546,0.07638708552787828,1.2071122613939054,0.06956030892358006
347,-0.11106106106106106,6.081536780876944,6.1276298569746315,5.994931861184248,5.714232634733879,5.693956407338922,5.821662737038563,4.986917878193261,4.911657794713357,4.9160190123520495,0.805880087179861,0.08887326507903473,0.44767756557780036,0.07654349916643324,1.2060810675638303,0.06970580680554107
348,-0.11066066066066066,6.085456022132307,6.131553253091833,5.998787013092627,5.718383053160719,5.698167636809371,5.826270553995058,4.9918375742238785,4.916500005440551,4.921290040026507,0.8050850569792006,0.08884592062382558,0.4470932160357275,0.07669994264848559,1.2050506548601725,0.06985176328408954
349,-0.11026026026026026,6.089370157032664,6.13547194706378,6.002636885138336,5.722528420250637,5.702374014493717,5.830872443190038,4.9967513630747105,4.921337149677109,4.926554597783329,0.8042905871854608,0.08881873956608582,0.44650920769086855,0.07685641407038026,1.2040210474749986,0.06999815471268862
350,-0.10985985985985985,6.0932791974713725,6.139385934344686,6.006481473973642,5.726668760597979,5.706575525149261,5.835468406136033,5.001659204289316,4.926169233720971,4.931812687172878,0.8034966863872597,0.0887917225508141,0.44592553738898033,0.07701291130458227,1.2029922671166124,0.07014495869698412
351,-0.10945945945945945,6.097183155290805,6.143295209808787,6.010320776285523,5.730804099464852,5.710772153224129,5.840058444191652,5.006561062001916,4.9309962640130625,4.93706431023969,0.8027033617942846,0.08876487009118791,0.44534220160779114,0.07716943199676267,1.201964332984959,0.0702921540845494
352,-0.10905905905905905,6.101082042251198,6.147199767769065,6.014154788800632,5.7349344626961,5.714963882906002,5.844642558552037,5.011456904963969,4.935818247122335,4.942309469493326,0.8019106192399184,0.08873818256566245,0.444759196474631,0.07732597356381898,1.2009372617574878,0.07043972095065287
353,-0.10865865865865865,6.10497587000011,6.151099601997096,6.017983508290144,5.739059876633311,5.719150698170635,5.849220750239946,5.016346706552135,4.940635189729157,4.947548167878053,0.8011184631893216,0.08871166021566963,0.44417651778506595,0.07748253319282439,1.1999110675854447,0.07058764058015798
354,-0.10825825825825824,6.1088646500426025,6.154994705744,6.0218069315745195,5.743180368028142,5.723332582830034,5.853793020097499,5.021230444758291,4.945447098607167,4.952780408741465,0.8003268967527819,0.0886853031439005,0.4435941610224925,0.07763910784089957,1.1988857621002442,0.07073589544579388
355,-0.10785785785785784,6.112748393712164,6.158885071762378,6.025625055528151,5.747295963955236,5.727509520580142,5.858359368778588,5.026108102161896,4.950253980603654,4.958006195802178,0.7995359217041822,0.08865911131317356,0.44301212137858403,0.07779569423598563,1.1978613544297292,0.07088446918301249
356,-0.10745745745745744,6.116627112142488,6.162770692329194,6.02943787708392,5.751406691724987,5.731681495047916,5.8629197967419655,5.030979665885317,4.955055842618587,4.963225533116737,0.7987455385044162,0.08863308454586175,0.44243039377456145,0.07795228887850923,1.1968378512239797,0.07103334656164764
357,-0.10705705705705704,6.120500816240132,6.166651559269523,6.0332453932376335,5.755512578796449,5.7358484898376645,5.867474304245032,5.035845127532553,4.959852691582353,4.9684384250458375,0.7979557463295675,0.08860722252389737,0.44184897288315705,0.07810888804391675,1.1958152566904394,0.07118251345458772
358,-0.10665665665665666,6.124369516658129,6.170527663981089,6.0370476010523655,5.7596136526906205,5.740010488576537,5.87202289133832,5.040704483112011,4.96464453443236,4.973644876220015,0.7971665431036509,0.08858152478930885,0.4412678531512458,0.07826548778604908,1.1947935726379493,0.07133195680368533
359,-0.10625625625625626,6.128233223770611,6.174398997459528,6.040844497662678,5.763709940904353,5.744167474959037,5.87656555786068,5.045557732943976,4.969431378088567,4.9788448915049175,0.7963779255357004,0.0885559907453007,0.4406870288230433,0.07842208394134381,1.1937727985293571,0.07148166458314364
360,-0.10585585585585586,6.132091947648477,6.178265550324297,6.04463608027874,5.767801470825192,5.748319432790458,5.881102303435195,5.0504048815534395,4.974213229428067,4.984038475966275,0.7955898891609868,0.0885306196578524,0.44010649396377516,0.07857867213382146,1.1927529315423382,0.0716316257606201
361,-0.10545545545545545,6.1359456980361875,6.182127312845154,6.048422346190328,5.771888269647319,5.752466346029151,5.885633127465791,5.055245937548969,4.9789900952588635,4.989225634834734,0.7948024283861305,0.08850541065781461,0.43952624248378275,0.07873524778083527,1.1917339666379785,0.07178183025625418
362,-0.10505505505505505,6.139794484329683,6.185984274969152,6.052203292770712,5.7759703642888915,5.756608198827519,5.8901580291345805,5.060080913488415,4.983761982292906,4.994406373470626,0.794015536537868,0.08848036274350088,0.43894626816293103,0.07889180609954725,1.1907158966367597,0.07193226889985709
363,-0.10465465465465465,6.143638315555514,6.1898364263480525,6.055978917480426,5.780047781310973,5.760744975571639,5.894677007399909,5.064909825732233,4.9885288971185435,4.999580697328839,0.7932292059152202,0.08845547478373485,0.43836656467529006,0.07904834211409234,1.1896987123014304,0.07208293338653819
364,-0.10425425425425425,6.147477200351194,6.1936837563661,6.059749217870919,5.784120546838295,5.76487666091946,5.89919006099512,5.069732694285128,4.9932908461725045,5.004748611923885,0.7924434278448221,0.08843074552135473,0.43778712561397415,0.07920485066339829,1.1886824024264073,0.07223381623092799
365,-0.10385385385385384,6.151311146946807,6.19752625416808,6.063514191588082,5.788188686482063,5.769003239837464,5.903697188428027,5.074549542626962,4.9980478357115095,5.0099101227953,0.7916581927391346,0.08840617357713806,0.43720794451607564,0.07936132640961382,1.187666953933164,0.07238491072028162
366,-0.10345345345345344,6.155140163147925,6.2013639086876,6.067273836375657,5.79225222526499,5.773124697635752,5.908198387981085,5.079360397533733,5.0027998717836555,5.015065235473471,0.7908734901572746,0.08838175745413454,0.43662901488761624,0.0795177638471148,1.1866523519711458,0.07253621086667823
367,-0.10305305305305304,6.158964256319823,6.205196708675494,6.071028150078514,5.796311187548795,5.777241020001462,5.912693657712257,5.084165288889399,5.007546960199686,5.020213955446022,0.7900893088682158,0.0883574955423808,0.43605033022842143,0.07967415731203178,1.185638580023793,0.0726877113585074
368,-0.10265265265265264,6.162783433373061,6.209024642728332,6.074777130645803,5.800365596964287,5.7813521930304965,5.917182995456563,5.088964249489558,5.012289106504259,5.025356288124852,0.7893056369160603,0.08833338612397502,0.43547188405687237,0.07983050099227192,1.1846256200190808,0.07283940751149014
369,-0.10225225225225223,6.16659770075041,6.212847699316905,6.078520776133977,5.804415476344285,5.785458203257468,5.921666398828301,5.093757314837741,5.01702631594734,5.030492238813944,0.7885224616871273,0.08830942737848874,0.434893669934426,0.07998678893797222,1.1836134524441708,0.07299129521944644
370,-0.10185185185185183,6.170407064415168,6.216665866814666,6.08225908470968,5.8084608476594735,5.7895590376838575,5.926143865223928,5.0985445229353,5.0217585934558375,5.035621812678023,0.7877397699785734,0.08828561738868768,0.4343156814898511,0.08014301507235273,1.1826020564636157,0.07314337090498724
371,-0.10145145145145146,6.174211529840859,6.220479133526047,6.085992054652499,5.81250173195738,5.7936546838043155,5.930615391825579,5.10332591406571,5.026485943605587,5.04074501471218,0.7869575480682781,0.08826195414654053,0.4337379124431089,0.08029917320291877,1.181591410040644,0.07329563147034855
372,-0.10105105105105106,6.178011102002334,6.2242874877145695,6.089719684357581,5.816538149304611,5.797745129631096,5.935080975605227,5.108101530574192,5.031208370593812,5.045861849712551,0.7861757817857196,0.08823843555949007,0.4331603566287907,0.08045525703296354,1.1805814900610403,0.07344807424854663
373,-0.10065065065065065,6.181805785368284,6.228090917630718,6.093441972338105,5.820570118732465,5.801830363716583,5.939540613329445,5.11287141664361,5.035925878212151,5.050972322248116,0.7853944565835633,0.08821505945695896,0.4325830080190688,0.08061126017333342,1.1795722724590694,0.07360069695505819
374,-0.10025025025025025,6.185595583895146,6.23188941153949,6.097158917227616,5.824597658186071,5.8059103751739,5.943994301564756,5.1176356180674025,5.040638469820381,5.056076436633723,0.7846135576097115,0.08819182359706242,0.43200586074607616,0.08076717615438965,1.178563732345021,0.07375349764015536
375,-0.09984984984984985,6.189380501022421,6.235682957747575,6.100870517782211,5.828620784477112,5.809985153695581,5.9484420366835735,5.122394182020529,5.04534614832093,5.061174196904403,0.7838330697795305,0.08816872567350753,0.43142890912366016,0.08092299843815097,1.1775558441338294,0.07390647464210137
376,-0.09944944944944945,6.1931605396693925,6.239471544630102,6.104576772882576,5.83263951324028,5.814054689570291,5.95288381487067,5.1271471568292375,5.050048916134264,5.066265606791042,0.7830529778480119,0.08814576332264931,0.4308521476684544,0.08107872043054325,1.1765485816743138,0.07405962654134259
377,-0.09904904904904904,6.196935702233237,6.243255160656903,6.108277681535875,5.836653858893513,5.818118973697614,5.9573196321302,5.131894591740542,5.054746775175277,5.071350669697486,0.7822732664816001,0.08812293413066884,0.4302755711202009,0.08123433549372715,1.1755419183785476,0.07421295211584038
378,-0.09864864864864864,6.200705990588499,6.247033794418237,6.111973242877476,5.840663834602097,5.822177997600881,5.961749484293208,5.1366365366921505,5.05943972683075,5.076429388679122,0.7814939203294528,0.08810023564086976,0.42969917446126765,0.08138983695845564,1.1745358273509332,0.07436645029767175
379,-0.09824824824824824,6.204471406087955,6.250807434649922,6.115663456172539,5.844669452246683,5.82623175343807,5.966173367025634,5.141373042083816,5.064127771937975,5.081501766423008,0.7807149240938738,0.08807766536103188,0.4291229529353364,0.08154521813641809,1.1735302815164423,0.07452012013104914
380,-0.09784784784784784,6.208231949564796,6.2545760702578335,6.1193483208174255,5.848670722395296,5.830280234010779,5.970591275836767,5.146104158550723,5.068810910764628,5.086567805229579,0.7799362625997025,0.08805522077083325,0.42854690206516466,0.08170047233252972,1.1725252537476896,0.07467396073183244
381,-0.09744744744744743,6.211987621336156,6.258339690341714,6.12302783634096,5.852667654279321,5.834323432771298,5.9750032060881395,5.150829936739816,5.073489142989962,5.09162750699599,0.7791579208624202,0.08803289932928275,0.42797101766942375,0.08185559285712787,1.1715207169903152,0.07482797124867009
382,-0.09704704704704703,6.215738421207927,6.262098284218255,6.1267020024055165,5.856660255773546,5.838361343827793,5.979409153002817,5.1555504270897465,5.0781624676874,5.096680873201112,0.7783798841547592,0.08801069848215877,0.4273952958785408,0.08201057303803218,1.1705166443863162,0.07498215082585458
383,-0.09664664664664663,6.219484348480859,6.26585184144341,6.130370818807954,5.860648533380229,5.84239396194764,5.983809111675078,5.160265679615152,5.082830883308592,5.101727904892234,0.7776021380716116,0.08798861566941596,0.4268197331495187,0.08216540623243503,1.169513009394915,0.0751364985679462
384,-0.09624624624624623,6.223225401957889,6.269600351833896,6.134034285480367,5.864632492217223,5.846421282558935,5.98820307708043,5.164975743696012,5.087494387668994,5.1067686026734656,0.7768246685930249,0.08796664833254131,0.42624432627969916,0.08232008583858243,1.1685097859105613,0.07529101350628688
385,-0.09584584584584585,6.2269615799526985,6.273343805487849,6.137692402490673,5.868612136010118,5.850443301750212,5.992591044085967,5.1696806678726785,5.092152977935024,5.1118029666958895,0.7760474621451054,0.08794479392183085,0.4256690724194277,0.08247460530722102,1.167506948377728,0.07544569456742509
386,-0.09544544544544545,6.2306928802994355,6.277082192804607,6.141345170043024,5.872587467088415,5.854460016268429,5.996973007461002,5.1743804996472145,5.096806650612858,5.116830996649454,0.7752705056586509,0.0879230499035688,0.4250939690836048,0.08262895815276457,1.1665044719021482,0.07560054054350335
387,-0.09504504504504505,6.234419300363579,6.280815504503563,6.144992588478047,5.876558486385654,5.8584714235152315,6.001348961887979,5.179075285291674,5.101455401538884,5.121852691756615,0.7744937866253356,0.0879014137670755,0.42451901416209437,0.08278313796416249,1.1655023323581413,0.07575555006468684
388,-0.09464464464464464,6.238140837053907,6.284543731642097,6.148634658272897,5.880525193443496,5.86247752154158,6.005718901973615,5.183765069663835,5.106099225871882,5.126868050767744,0.773717293151296,0.0878798830316159,0.4239442059289588,0.0829371384154356,1.1645005064917506,0.0759107215736196
389,-0.09424424424424424,6.241857486835519,6.28826686563253,6.152271380041139,5.884487586419683,5.866478309040758,6.010082822260245,5.188449896030926,5.110738118086934,5.131877071958273,0.7729410140079708,0.08785845525313024,0.423369543050524,0.08309095327585576,1.1634989720193742,0.07606605330195813
390,-0.09384384384384384,6.245569245743875,6.291984898258087,6.155902754532445,5.88844566209981,5.870473785339846,6.014440717237359,5.193129805901835,5.115372071971113,5.136879753127584,0.77216493868006,0.08783712803078537,0.42279502459223134,0.08324457641974338,1.1624977077216496,0.07622154324898604
391,-0.09344344344344344,6.249276109399805,6.295697821687852,6.1595287826321075,5.892399415912843,5.874463950389687,6.018792581353268,5.197804838868237,5.120001080620957,5.141876091599621,0.77138905741048,0.08781589901330379,0.42222065002430337,0.08339800183586457,1.161496693532306,0.07637718916230989
392,-0.09304304304304303,6.25297807302544,6.299405628490684,6.163149465360368,5.896348841950307,5.878448804753425,6.0231384090269025,5.202475032455054,5.124625136441738,5.146866084225205,0.7706133612422041,0.08779476590507426,0.4216464192261797,0.08355122363640081,1.1604959106217934,0.07653298852065576
393,-0.09264264264264263,6.256675131461011,6.303108311648098,6.166764803871558,5.900293932989035,5.8824283495936776,6.027478194659691,5.207140421980628,5.129244231148549,5.151849727386021,0.7698378420568894,0.08777372647200855,0.4210723324897424,0.08370423606548197,1.1594953414754638,0.07668893851870952
394,-0.09224224224224223,6.260367279182484,6.306805864566072,6.170374799453058,5.904234680517382,5.88640258665839,6.031811932647509,5.211801040426896,5.133858355769202,5.156827017000254,0.769062492610209,0.08775277854713968,0.4204983905213263,0.08385703350726233,1.1584949699661313,0.07684503605403253
395,-0.09184184184184183,6.264054510319946,6.310498281085786,6.173979453524058,5.908171074764816,5.890371518265459,6.036139617392643,5.216456918319922,5.138467500648925,5.161797948529836,0.7682873065638035,0.08773192003593713,0.4199245944425111,0.08400961049352257,1.1574947814208356,0.07700127771599188
396,-0.09144144144144142,6.267736818676734,6.314185555493283,6.177578767634139,5.912103104734743,5.894335147286178,6.040461243315773,5.2211080836209875,5.14307165545687,5.166762516989254,0.767512278513802,0.08771114892133007,0.4193509457897107,0.08416196171079515,1.1564947626816886,0.07715765977668494
397,-0.09104104104104102,6.271414197749202,6.3178676825280435,6.181172743461656,5.916030758240446,5.898293477127575,6.04477680486792,5.2257545616284595,5.147670809194386,5.1717207169558925,0.7667374040158589,0.08769046326842508,0.4187774465125684,0.08431408200699599,1.1554949021606737,0.07731417818382261
398,-0.09064064064064065,6.275086640747118,6.321544657390465,6.184761382811938,5.919954021944029,5.902246511713732,6.049086296542333,5.230396374890627,5.152264950205065,5.176672542581844,0.7659626796066633,0.08766986122890301,0.4182040989711598,0.08446596639755312,1.1544951898883147,0.07747082855551228
399,-0.09024024024024024,6.2787541406146055,6.32521647574825,6.188344687615291,5.9238728813982044,5.906194255466127,6.053389712886312,5.235033543129607,5.156854066186521,5.1816179876071535,0.7651881028219046,0.08764934104508804,0.41763090593204094,0.08461761007103608,1.1534956175561268,0.0776276061769047
400,-0.08983983983983984,6.282416690051576,6.328883133741709,6.191922659924812,5.927787321090788,5.9101367132831,6.057687048512903,5.239666083176461,5.1614381442038635,5.186557045374415,0.7644136722106714,0.08762890105367972,0.4170578705631373,0.08476900839427194,1.1524961785528125,0.07778450599865754
401,-0.08943943943943944,6.2860742815356145,6.332544627987966,6.195495301914017,5.931697324491763,5.9140738905185,6.061978298112468,5.244294008917497,5.166017170704843,5.191489708844689,0.7636393873462923,0.08760853968913636,0.4164849964275152,0.08492015691694849,1.1514968679941757,0.0779415226371197
402,-0.08903903903903904,6.289726907344235,6.336200955584094,6.199062615874269,5.935602874102743,5.918005792959598,6.066263456464095,5.248917331251869,5.170591131536621,5.196415970614663,0.7628652488336126,0.08758825548670884,0.4159122874760443,0.08507105137570929,1.1504976827467228,0.07809865037622664
403,-0.08863863863863863,6.293374559577471,6.339852114109167,6.202624604212034,5.9395039515086925,5.921932426804322,6.070542518446811,5.253536058060361,5.17516001196411,5.201335822934983,0.7620912583127478,0.08756804708511332,0.41533974803900137,0.0852216876977308,1.1494986214449923,0.07825588317098683
404,-0.08823823823823823,6.297017230180723,6.343498101625253,6.206181269445925,5.9434005374317245,5.925853798637913,6.074815479050601,5.258150194185364,5.179723796689847,5.206249257729701,0.761317418459325,0.08754791322884818,0.41476738281661174,0.08537206200379732,1.1484996845026345,0.07841321465254308
405,-0.08783783783783783,6.300654910967823,6.34713891667735,6.209732614203584,5.947292611786828,5.929769915409063,6.07908233338717,5.2627597414219185,5.184282469875339,5.211156266616771,0.7605437329812637,0.0875278527701385,0.41419519686859557,0.08552217061086081,1.1475008741172712,0.07857063813469105
406,-0.08743743743743743,6.304287593644246,6.35077455829229,6.21327864121836,5.9511801537393465,5.933680784405597,6.083343076700473,5.26736469851968,5.18883601516381,5.2160568409294905,0.7597702066121582,0.08750786467052807,0.41362319560272925,0.0856720100341116,1.146502194269269,0.07872814662180269
407,-0.08703703703703702,6.307915269830417,6.35440502597662,6.216819353325813,5.955063141764031,5.937586413229806,6.087597704376944,5.271965061195695,5.19338441570431,5.220950971738855,0.7589968451012998,0.08748794800209468,0.4130513847624721,0.08582157698854638,1.1455036507144345,0.0788857328180821
408,-0.08663663663663662,6.311537931085056,6.358030319713469,6.220354753460036,5.958941553705506,5.941486809773463,6.091846211955437,5.276560822157734,5.197927654177096,5.225838649876708,0.7582236552004364,0.0874681019483121,0.41247977041369416,0.08597086839005372,1.144505250970812,0.07904338913806812
409,-0.08623623623623622,6.315155568928498,6.361650439958451,6.223884844649796,5.962815366839971,5.945381982192625,6.096088595136839,5.281151971137986,5.2024657128202305,5.230719865959648,0.7574506446473326,0.08744832580454506,0.4119083589305405,0.08611988135602175,1.143507004299666,0.07920110771831124
410,-0.08583583583583582,6.318768174865948,6.36526538763458,6.227409630014497,5.96668455793795,5.949271938882281,6.10032484979335,5.285738494936856,5.206998573457319,5.235594610413569,0.7566778221462286,0.08742861897819516,0.4113371569804839,0.08626861320547868,1.142508921680811,0.0793588804301285
411,-0.08543543543543544,6.322375740410593,6.3688751641262655,6.230929112759976,5.9705491033279285,5.95315668845091,6.104554971977397,5.290320377476566,5.2115262175263055,5.240462873498799,0.7559051973452944,0.08740898098849245,0.41076617150859857,0.08641706145877583,1.141511015782445,0.07951669889338596
412,-0.08503503503503504,6.325978257106541,6.37247977127238,6.234443296174124,5.974408978960688,5.95703623969503,6.1087789579301734,5.294897599864251,5.216048626109262,5.245324645335716,0.7551327808111838,0.0873894114659431,0.4101954097211185,0.08656522383682526,1.1405133009256436,0.07967455449120345
413,-0.08463463463463464,6.329575716551507,6.376079211358449,6.23795218362234,5.978264160474172,5.960910601573784,6.112996804089793,5.299470140464228,5.2205657799630725,5.25017991593079,0.7543605840008042,0.08736991015144265,0.40962487906830547,0.08671309825990743,1.1395157930437299,0.07983243838550434
414,-0.08423423423423423,6.333168110419227,6.379673487107959,6.241455778542832,5.982114623258694,5.964779783183663,6.117208507099026,5.30403797497904,5.225077659550945,5.255028675202954,0.7535886192304185,0.08735047689506084,0.4090545872266918,0.08686068284605447,1.1385185096366952,0.07999034153335018
415,-0.08383383383383383,6.336755430481514,6.383262601672861,6.244954084441743,5.985960342522332,5.96864379373339,6.121414063812618,5.308601076538923,5.229584245074661,5.25987091301022,0.75281689964221,0.08733111165450834,0.4084845420807411,0.08700797590903334,1.1375214697208995,0.08014825470394814
416,-0.08343343343343343,6.340337668629927,6.386846558623245,6.24844710488814,5.989801293356318,5.9725026425190535,6.125613471304179,5.313159415799273,5.234085516507469,5.264706619176471,0.752045439168439,0.08731181449329554,0.4079147517039723,0.08715497595593522,1.1365246937742683,0.08030616849628369
417,-0.08303303303303303,6.343914816897009,6.390425361936258,6.2519348435088435,5.993637450800262,5.976356338899539,6.129806726872612,5.317712961045688,5.238581453627552,5.269535783518342,0.7512742524933325,0.08729258557859647,0.40734522433961445,0.08730168168438662,1.13552820367722,0.08046407335727218
418,-0.08263263263263262,6.347486867477025,6.393999015984282,6.255417303983118,5.997468789907041,5.980204892272323,6.133993828048098,5.322261678306139,5.2430720360519665,5.274358395872099,0.750503355012847,0.08727342517882877,0.40677596838081637,0.08744809197940562,1.1345320226495827,0.08062195960036658
419,-0.08223223223223222,6.351053812746168,6.397567525522398,6.258894490037222,6.001295285807182,5.984048312049678,6.1381747725975995,5.32680553146983,5.247557243270963,5.2791744461204635,0.7497327627924499,0.08725433366096073,0.406206992350492,0.08759420590990627,1.1335361751837238,0.08077981742455888
420,-0.08183183183183182,6.3546156452822045,6.401130895675184,6.262366405438823,6.005116913772588,5.987886607635342,6.142349558529896,5.331344482412243,5.252037054682622,5.2839839242192745,0.748962492523075,0.08723531148756498,0.40563830488083774,0.08774002272487863,1.1325406869741852,0.0809376369336589
421,-0.08143143143143142,6.3581723578834755,6.404689131922884,6.265833053991289,6.008933649279432,5.99171978840171,6.146518184100135,5.335878491125909,5.256511449627677,5.288786820223932,0.7481925614754037,0.08721635921362572,0.4050699146925717,0.08788554184925655,1.1315455848440752,0.08109540815581807
422,-0.08103103103103101,6.361723943587263,6.408242240086957,6.269294439527861,6.012745468070078,5.995547863667591,6.1506806478138785,5.340407515856395,5.260980407424481,5.293583124315542,0.7474229874526267,0.08719747748311868,0.40450183057396366,0.08803076287948568,1.1305508966684852,0.08125312106319318
423,-0.08063063063063061,6.36527039568744,6.411790226315084,6.272750565905698,6.016552346213875,5.999370842676574,6.154836948430674,5.344931513243011,5.265443907403985,5.298372826826683,0.746653788741846,0.08717866702537871,0.40393406135968674,0.08817568557881884,1.1295566512952229,0.08141076559171466
424,-0.08023023023023021,6.368811707751394,6.4153330970656315,6.276201436999832,6.02035426016668,6.003188734576051,6.1589870849671025,5.349450438463716,5.269901928944677,5.303155918266734,0.7458849840642818,0.0871599286512692,0.4033666159095622,0.0883203098723429,1.128562878463134,0.0815683316608461
425,-0.07982982982982983,6.372347873636182,6.4188708590916335,6.27964705669701,6.024151186828953,6.007001548396939,6.163131056699336,5.353964245383715,5.274354451507362,5.3079323893466865,0.7451165925244396,0.08714126324917064,0.40279950308723955,0.0884646358417669,1.1275696087182996,0.08172580919329879
426,-0.07942942942942943,6.375878887503877,6.422403519424318,6.283087428889448,6.0279431036023166,6.01080929303413,6.167268863165184,5.358472886707217,5.278801454669726,5.312702231003381,0.7443486335584065,0.08712267178080114,0.40223273173886287,0.0886086637199789,1.1265768733283954,0.08188318813464109
427,-0.07902902902902903,6.379404743836084,6.425931085356223,6.286522557468487,6.031729988444428,6.014611977227713,6.171400504165627,5.362976314131842,5.283242918160582,5.317465434423088,0.7435811268814312,0.08710415527689257,0.40166631067177877,0.08875239388539334,1.1255847041955014,0.08204045847269292
428,-0.07862862862862863,6.382925437447598,6.429453564423935,6.289952446318193,6.035511819922044,6.018409609544996,6.175525979765853,5.3674744785051445,5.287678821893711,5.322221991064402,0.7428140924349609,0.08708571483272766,0.40110024863333626,0.08889582685610954,1.124593133767645,0.08219761025670716
429,-0.07822822822822822,6.386440963499164,6.432970964390493,6.2933770993088585,6.039288577262166,6.022202198363363,6.179645290295772,5.371967329982735,5.29210914600124,5.32697189268035,0.7420475503332853,0.08706735160356739,0.4005345542898216,0.08903896328388788,1.123602194949373,0.08235463361622115
430,-0.07782782782782782,6.389951317509331,6.43648329322749,6.296796520290465,6.043060240401149,6.025989751853988,6.18375843635004,5.376454818187485,5.296533870866449,5.331715131339701,0.7412815208099562,0.08704906679997185,0.39996923620558256,0.08918180394797191,1.1226119210116305,0.08251151877954971
431,-0.07742742742742742,6.393456495365368,6.439990559096926,6.300210713086075,6.046826790031664,6.029772277966425,6.18786541878757,5.380936892369294,5.300952977155951,5.336451699447378,0.7405160241641378,0.08703086168304384,0.39940430282239225,0.08932434974877196,1.1216223455012246,0.0826682560918766
432,-0.07702702702702702,6.396956493333228,6.443492770332822,6.303619681485182,6.050588207647421,6.033549784414116,6.191966238730549,5.3854135015649085,5.305366445851156,5.341181589763971,0.7397510807070442,0.08701273755960096,0.3988397624390896,0.08946660170141645,1.1206335021501712,0.08282483603284288
433,-0.07662662662662661,6.400451308066529,6.446989935422674,6.307023429237028,6.054344475585559,6.037322278660804,6.196060897562961,5.389884594757306,5.309774258278963,5.345904795424258,0.7389867107086192,0.08699469577729671,0.3982756231915483,0.08960856092920484,1.119645424785175,0.08298124923363744
434,-0.07622622622622621,6.403940936614558,6.450482062988744,6.310421960043883,6.058095577066609,6.041089767907901,6.200149396928624,5.394350121034129,5.314176396141586,5.350621309954728,0.7382229343446085,0.08697673771971016,0.3977118930330214,0.0897502286569667,1.1186581472375356,0.08313748649350544
435,-0.07582582582582581,6.407425376429264,6.453969161769257,6.313815277554314,6.061841496231967,6.044852259082798,6.204231738728743,5.398810029744705,5.31857284154548,5.355331127290034,0.7374597716441716,0.08695886480141143,0.3971485797148924,0.08989160620434661,1.117671703253732,0.0832935387956349
436,-0.07542542542542541,6.410904625371238,6.4574512405995215,6.3172033853564304,6.065582218178784,6.048609758828141,6.208307925118995,5.4032642706551695,5.322963577029268,5.360034241788371,0.736697242438179,0.08694107846302337,0.396585690767882,0.09003269497903317,1.116686126406948,0.08344939732238854
437,-0.075025025025025,6.41437868171468,6.460928308393022,6.320586286971143,6.069317728992226,6.052362273492073,6.212377958506145,5.407712794101241,5.3273485855906335,5.364730648245716,0.7359353663083331,0.08692338016629689,0.39602323348375823,0.0901734964699492,1.1157014500097895,0.08360505346982884
438,-0.07462462462462463,6.417847544151324,6.46440037412252,6.323963985845416,6.073048015775034,6.056109809119456,6.216441841544207,5.412155551138188,5.331727850712115,5.369420341908918,0.7351741625372491,0.08690577138920742,0.3954612148975684,0.09031401224041662,1.114717707028439,0.08376049886150753
439,-0.07422422422422423,6.421311211793335,6.467867446801184,6.327336485345544,6.076773066674342,6.059852371444072,6.220499577130169,5.416592493687581,5.336101356385743,5.374103318487605,0.7344136500596232,0.08688825362109247,0.39489964177043907,0.0904542439213106,1.113734929998488,0.08391572536147487
440,-0.07382382382382383,6.424769684175176,6.471329535463809,6.330703788750449,6.080492870905703,6.063589965881789,6.224551168399269,5.421023574680384,5.340469087136472,5.3787795741648905,0.7336538474146245,0.08687082835783949,0.3943385205729908,0.09059419320422754,1.112753150942664,0.08407072508648043
441,-0.07342342342342342,6.428222961254428,6.474786649148141,6.334065899245019,6.0842074187742945,6.067322597524721,6.228596618719865,5.425448748196014,5.3448310280443625,5.383449105606848,0.7328947726996159,0.08685349709714324,0.39377785746937033,0.09073386183466935,1.1117724012906895,0.08422549041734037
442,-0.07302302302302302,6.4316710434115905,6.478238796876342,6.337422819913486,6.087916701693261,6.071050271136338,6.232635931687886,5.429867969596967,5.349187164765471,5.388111909970756,0.732136443525331,0.0868362613338369,0.39321765830196787,0.09087325160527195,1.1107927118014544,0.08438001400943652
443,-0.07262262262262262,6.43511393144884,6.4816859876366415,6.340774553732859,6.0916207121991865,6.074772991147557,6.2366691111208885,5.434281195658658,5.3535374835514,5.392767984912075,0.7313788769726162,0.08681912255531703,0.39265792857681464,0.09101236434908373,1.109814112487742,0.08453428880232623
444,-0.07222222222222222,6.438551626587775,6.485128230365189,6.344121103566425,6.095319443964683,6.07849076165377,6.2406961610517335,5.438688384694132,5.357881971267481,5.397417328590184,0.7306220895508274,0.08680208223706891,0.39209867344970717,0.09115120193291361,1.1088366325436463,0.08468830802844997
445,-0.07182182182182181,6.441984130466143,6.488565533928157,6.347462472157316,6.09901289180806,6.082203586412823,6.24471708572189,5.443089496673306,5.362220615409555,5.4020599396728315,0.7298660971580033,0.08678514183830424,0.3915398977130877,0.09128976625076096,1.1078603002749106,0.08484206522090029
446,-0.07142142142142141,6.445411445133569,6.491997907104108,6.350798662122164,6.102701051700125,6.085911468843917,6.248731889574392,5.447484493336463,5.366553404119326,5.406695817339328,0.7291109150428796,0.08676830279772359,0.39098160578367797,0.09142805921734386,1.1068851430323134,0.084995554220263
447,-0.07102102102102101,6.4488335730462865,6.495425358566666,6.354129675944847,6.1063839207680655,6.089614412027419,6.2527405772464535,5.451873338301687,5.370880326198252,5.41132496128247,0.7283565577688497,0.08675156652941113,0.39042380169091884,0.09156608276173549,1.1059111871482838,0.08514876918049262
448,-0.0706206206206206,6.452250517060898,6.4988478968675185,6.357455515970333,6.11006149729647,6.0933124187055725,6.2567431535617635,5.456255997166,5.375201371119964,5.415947371709199,0.7276030391799397,0.08673493441887108,0.3898664890662098,0.09170383882112638,1.1049384578768826,0.08530170457384173
449,-0.0702202202202202,6.45566228042718,6.5022655304197725,6.360776184398638,6.113733780725486,6.0970054912840626,6.260739623522475,5.460632437599944,5.379516529041198,5.420563049340007,0.7268503723688701,0.08671840781921683,0.38930967113298354,0.09184132933472237,1.1039669793372706,0.08545435519480678
450,-0.0698198198198198,6.45906886677994,6.505678267481697,6.364091683278906,6.117400771646147,6.100693631834453,6.264729992300903,5.465002629435397,5.383825790811218,5.425171995407105,0.726098569647274,0.08670198804751579,0.3887533506976179,0.09197855623778971,1.1029967744608062,0.08560671616312077
451,-0.0694194194194194,6.462470280129951,6.509086116140871,6.367402014503607,6.121062471792904,6.10437684209743,6.268714265230961,5.469366544746426,5.388129147979724,5.429774211651354,0.7253476425181213,0.0866856763813059,0.3881975301411982,0.09211552145586646,1.1020278649418649,0.08575878292577141
452,-0.06901901901901902,6.465866524854005,6.512489084298763,6.370707179802891,6.124718884033393,6.108055123486863,6.272692447799333,5.473724157922999,5.3924265928032415,5.434369700317993,0.7245976016504113,0.08666947405527949,0.38764221141215305,0.0922522268991411,1.1010602711924848,0.0859105512580536
453,-0.06861861861861862,6.469257605684071,6.515887179655771,6.374007180739066,6.1283700123555045,6.111728477094623,6.276664545636415,5.478075445737413,5.396718118250002,5.438958464151173,0.7238484568561663,0.08665338225815085,0.3870873960197564,0.09238867445701972,1.1000940123009144,0.08606201726367868
454,-0.06821821821821822,6.4726435276956185,6.519280409696728,6.3773020187012515,6.1320158618517775,6.115396903696157,6.280630564507042,5.482420387403295,5.40100371800329,5.443540506387327,0.7231002170697711,0.0866374021297082,0.38653308502851347,0.09252486599288454,1.0991291059941457,0.08621317737392276
455,-0.06781781781781782,6.47602429629511,6.522668781676917,6.3805916949001835,6.135656438701203,6.1190604037567775,6.2845905103010065,5.486758964627083,5.405283386463292,5.448115830747399,0.7223528903296901,0.08662153475805343,0.3859792790534273,0.09266080333905728,1.0981655686044878,0.0863640283458525
456,-0.06741741741741741,6.479399917206711,6.526052302608589,6.383876210363193,6.139291750148483,6.12271897743863,6.288544389023407,5.4910911616519,5.409557118747438,5.452684441427961,0.7216064837625776,0.0866057811770398,0.38542597825615516,0.0927964882919801,1.0972034150402232,0.08651456725963771
457,-0.06701701701701701,6.482770396458224,6.529430979248025,6.387155565929373,6.14292180448082,6.126372624608317,6.292492206784832,5.49541696529375,5.413824910689258,5.457246343091254,0.7208610035698079,0.08659014236390677,0.38487318234205004,0.09293192260761582,1.096242658760392,0.08666479151495533
458,-0.06661661661661661,6.486135740366299,6.532804818083142,6.390429762244917,6.146546611002314,6.130021344845142,6.296433969791393,5.4997363649700155,5.41808675883577,5.461801540854176,0.7201164550164285,0.08657461923711508,0.3843208905580856,0.09306710799707835,1.0952833117537204,0.08681469882653675
459,-0.0662162162162162,6.489495955520942,6.5361738253216615,6.3936987997586705,6.150166180006042,6.133665137449932,6.300369684334647,5.504049352720218,5.422342660443413,5.466350040276275,0.7193728424225414,0.08655921265439037,0.3837691016916633,0.0932020461225076,1.0943253845217096,0.0869642872188424
460,-0.0658158158158158,6.492851048769359,6.539538006879863,6.3969626787178715,6.153780522743895,6.137304001454419,6.304299356781399,5.508355923219064,5.4265926134725575,5.470891847346754,0.7186301691571167,0.08654392341097038,0.38321781407029526,0.09333673859318482,1.0933688860658861,0.08711355501993705
461,-0.0654154154154154,6.4962010271991675,6.542897368371927,6.400221399164109,6.15738965139428,6.140937935631124,6.308222993563438,5.512656073781798,5.430836616580614,5.47542696847056,0.7178884376342148,0.0865287522380613,0.3826670255621571,0.09347118696190436,1.0924138238791907,0.08726250085455765
462,-0.065015015015015,6.499545898121014,6.546251915099875,6.403474960929494,6.16099357902777,6.1445669385037265,6.31214060116718,5.5169498043619,5.435074669113776,5.4799554104535835,0.717147649311617,0.08651369980150499,0.3821167335774932,0.09360539272159786,1.0914602039415058,0.08741112363641605
463,-0.0646146146146146,6.502885669050642,6.549601652044131,6.406723363633056,6.164592319570781,6.148191008357873,6.316052186123286,5.521237117541206,5.439306771097418,5.4844771804870085,0.7164078046918321,0.08649876670065512,0.3815669350708778,0.09373935730222793,1.0905080307192632,0.08755942255978907
464,-0.0642142142142142,6.506220347690422,6.552946583854693,6.409966606677362,6.168185887767413,6.1518101432523835,6.319957754996235,5.525518018512546,5.443532923225204,5.488992286130873,0.7156689033254532,0.08648395346746389,0.38101762654429866,0.09387308206794312,1.0895573071691036,0.08770739709040327
465,-0.06381381381381382,6.509549941910423,6.556286714842945,6.413204689245386,6.1717742991395195,6.155424341030824,6.323857314373897,5.529792515054986,5.447753126846922,5.493500735296882,0.7149309438168368,0.08646926056577851,0.38046880405107175,0.09400656831450672,1.0886080347455267,0.08785504695567645
466,-0.06341341341341342,6.512874459729032,6.559622048974096,6.4164376102975975,6.1753575699451435,6.159033599333413,6.327750870857102,5.53406061750182,5.451967383955107,5.498002536230515,0.7141939238320569,0.08645468839084759,0.3799204632005547,0.09413981726699644,1.0876602134124695,0.08800237213433118
467,-0.06301301301301301,6.516193909293167,6.562952589860252,6.419665368569315,6.178935717135406,6.162637915609206,6.331638431049244,5.538322338701453,5.456175697170476,5.502497697492485,0.7134578401090921,0.0864402372690326,0.3793725991636362,0.09427283007777962,1.0867138416587385,0.08814937284545679
468,-0.06261261261261261,6.519508298858147,6.56627834075415,6.422887962568298,6.182508758309973,6.166237287128538,6.335520001545922,5.542577693971333,5.460378069726246,5.5069862279396125,0.7127226884701984,0.08642590745772552,0.37882520667900854,0.09440560782476544,1.085768916517198,0.08829604953702117
469,-0.06221221221221221,6.522817636767228,6.5695993045435115,6.4261053905726,6.186076711671216,6.16983171099567,6.339395588924645,5.546826701045122,5.464574505451349,5.511468136705132,0.7119884638364076,0.08641169914547162,0.37827828006016617,0.09453815150993065,1.0848254335876502,0.08844240287390327
470,-0.061811811811811807,6.526121931430872,6.572915483746064,6.429317650628677,6.189639595977167,6.173421184161618,6.343265199734614,5.551069380013289,5.468765008752633,5.515943433178529,0.7112551602440953,0.08639761245228865,0.37773181320314014,0.09467046205812515,1.0838833870632703,0.08858843372549065
471,-0.061411411411411404,6.529421191305773,6.576226880505191,6.432524740549764,6.19319743049341,6.177005703437115,6.347128840486602,5.555305753257361,5.4729495845960665,5.520412126984923,0.7105227708635476,0.0863836474301838,0.3771857995949173,0.0948025403161453,1.082942769760511,0.08873414315286607
472,-0.061011011011011,6.532715424873706,6.579533496586238,6.435726657914507,6.196750234944009,6.180585265505668,6.350986517642941,5.559535845378034,5.477128238487025,5.524874227964078,0.7097912880194673,0.08636980406386592,0.3766402323225446,0.09493438705208909,1.0820035731523474,0.08887953239566103
473,-0.0606106106106106,6.536004640620203,6.582835333373453,6.438923400065876,6.200298029461598,6.1841598669366755,6.354838237607642,5.563759683117408,5.481300976449702,5.529329746149077,0.7090607032133313,0.086356082271642,0.37609510408287017,0.09506600295497182,1.081065787404731,0.08902460285858912
474,-0.0602102102102102,6.539288847013149,6.586132391867561,6.442114964110344,6.203840834536771,6.187729504198579,6.358684006716659,5.56797729527559,5.485467805005698,5.533778691744726,0.7083310071475403,0.08634248190649998,0.3755504071929047,0.09519738863461208,1.0801294014161427,0.08916935609773122
475,-0.059809809809809794,6.5425680524812915,6.589424672683981,6.4453013469173355,6.207378670966864,6.191294173671991,6.362523831228305,5.572188712621937,5.4896287311518694,5.538221075105743,0.7076021897512607,0.08632900275736936,0.37500613360077983,0.09532854462177798,1.0791944028600653,0.08931379380660706
476,-0.05940940940940939,6.54584226539274,6.592712176051661,6.448482545118957,6.210911559804283,6.194853871662784,6.366357717313858,5.576393967801226,5.493783762337458,5.542656906714778,0.7068742402078879,0.08631564455055521,0.3744622748972554,0.09545947136859047,1.0782607782302707,0.08945791780208916
477,-0.05900900900900899,6.549111494033482,6.595994901812535,6.45165855511,6.2144395223044855,6.198408594415091,6.370185671048337,5.58059309523503,5.497932906440599,5.547086197160333,0.7061471469840341,0.0863024069513387,0.37391882232776485,0.0955901692491758,1.0773285128887398,0.0896017300101882
478,-0.05860860860860859,6.552375746585962,6.59927284942159,6.454829373048218,6.217962579873731,6.201958338124198,6.374007698401496,5.584786131018613,5.5020761717442435,5.551508957114617,0.7054208978599608,0.08628928956573718,0.3733757668049573,0.0957206385605616,1.0763975911160792,0.08974523245177235
479,-0.05820820820820821,6.555635031107769,6.602546017947533,6.45799499485489,6.22148075401675,6.205503098949279,6.3778238052290295,5.58897311281365,5.50621356691157,5.555925197311418,0.7046954799613462,0.0862762919424213,0.372833098921703,0.09585087952380893,1.0754679961642566,0.08988842722826403
480,-0.05780780780780781,6.558889355510465,6.605814406074054,6.461155416215649,6.224994066284415,6.209042873025956,6.381633997264002,5.593154079737094,5.510345100960941,5.560334928524016,0.7039708797923085,0.08626341357477572,0.37229080896453726,0.09598089228537543,1.0745397103114924,0.09003131650734039
481,-0.05740740740740741,6.562138727538598,6.609078012101666,6.464310632581595,6.228502538221577,6.212577656478639,6.38543828010853,5.597329072246515,5.514470783240466,5.564738161543213,0.7032470832695761,0.08625065390309995,0.37174888692749725,0.09611067691869357,1.0736127149191503,0.09017390250871167
482,-0.057007007007007005,6.565383154748952,6.612336833950111,6.467460639170684,6.232006191315147,6.216107445432636,6.389236659225706,5.601498132022238,5.518590623402241,5.569134907155514,0.7025240757577118,0.08623801231694327,0.3712073225263356,0.09624023342596126,1.0726869904904357,0.09031618748998109
483,-0.0566066066066066,6.5686226444900555,6.615590869161327,6.470605430969381,6.235505046942569,6.2196322360259755,6.393029139931797,5.605661301846641,5.522704631376321,5.573525176121531,0.701801842105282,0.08622548815755865,0.3706661052130539,0.09636956174013485,1.0717625167307379,0.09045817373266407
484,-0.0562062062062062,6.571857203881999,6.618840114902952,6.4737450027346,6.238999126320788,6.22315202442094,6.396815727388708,5.609818625480925,5.52681281734449,5.577908979154639,0.7010803666818762,0.08621308072047484,0.37012522419074495,0.09649866172710668,1.0708392726094245,0.09059986352838525
485,-0.0558058058058058,6.575086839796596,6.622084567972354,6.476879348995903,6.2424884504558324,6.226666806815268,6.400596426596739,5.613970147539729,5.530915191713884,5.582286326899945,0.7003596334158708,0.08620078925817613,0.369584668428686,0.09662753318806751,1.069917236422937,0.09074125916528132
486,-0.055405405405405395,6.578311558837929,6.6253242248011786,6.4800084640579625,6.245973040093112,6.230176579453007,6.404371242387639,5.618115913363927,5.535011765090547,5.586657229913621,0.6996396258328269,0.0861886129828758,0.36904442667766757,0.09675617586203428,1.0689963858589604,0.0908823629146812
487,-0.05500500500500499,6.5815313673233105,6.628559081460387,6.483132342003303,6.249452915668559,6.233681338634982,6.408140179417944,5.622255968891967,5.5391025482529574,5.591021698642629,0.6989203270944284,0.08617655106938049,0.3685044874855145,0.09688458942853201,1.0680766980615248,0.09102317701805307
488,-0.05460460460460459,6.584746271264699,6.631789133665773,6.486250976695286,6.252928097260706,6.237181080728879,6.41190324216265,5.626390360530091,5.543187552125604,5.595379743404907,0.6982017200378448,0.08616460265803297,0.36796483921275525,0.09701277351042153,1.0671581496968383,0.09116370367428807
489,-0.05420420420420419,6.587956276350606,6.6350143767839445,6.489364361781354,6.256398604543804,6.24067580217889,6.415660434909188,5.630519135021814,5.547266787752661,5.599731374370045,0.6974837872154204,0.08615276685772456,0.36742547004842274,0.09714072767685857,1.066240717019668,0.0913039450273278
490,-0.053803803803803785,6.591161387928518,6.638234805838748,6.49247249069654,6.259864456742093,6.24416549951493,6.419411761751731,5.634642339316983,5.551340266271827,5.604076601540492,0.696766510934582,0.0861410427489679,0.36688636802593555,0.097268451446369,1.0653243759400879,0.0914439031541715
491,-0.05340340340340338,6.594361610987889,6.641450415518113,6.495575356667196,6.263325672585309,6.2476501693613855,6.42315722658583,5.638760020440793,5.5554079988883815,5.608415434733337,0.6960498732978624,0.08612942938701659,0.36634752103903245,0.09739594429003101,1.0644091020904196,0.09158358005328948
492,-0.05300300300300301,6.597556950143695,6.6446612001813135,6.498672952714986,6.266782270265533,6.251129808445394,6.426896833103385,5.642872225363095,5.5594699968495105,5.612747883562706,0.695333856242936,0.08611792580503098,0.36580891685772193,0.0975232056347509,1.063494870892175,0.09172297763346901
493,-0.052602602602602605,6.60074740962063,6.6478671538666045,6.501765271661104,6.270234267395458,6.254604413604618,6.430630584787956,5.646979000868341,5.563526271418977,5.617073957422805,0.6946184415825655,0.08610653101726558,0.3652705431442235,0.09765023486661244,1.062581657622824,0.09186209770310795
494,-0.0522022022022022,6.603932993237925,6.651068270299233,6.504852306130717,6.273681680968184,6.258073981794522,6.434358484910427,5.6510803934265095,5.567576833852153,5.6213936654716425,0.6939036110443569,0.08609524402228348,0.36473238746884246,0.09777703133429815,1.061669437482229,0.0920009419599797
495,-0.0518018018018018,6.607113704394855,6.654264542899795,6.507934048557631,6.277124527318594,6.261538510095119,6.438080536525003,5.655176449065343,5.571621695371512,5.625707016615475,0.6931893463102247,0.08608406380617716,0.3641944373257783,0.09790359435255758,1.0607581856585424,0.09213951198148757
496,-0.0514014014014014,6.61028954605693,6.657455964792915,6.5110104911891815,6.280562822086415,6.264997995717196,6.4417967424655735,5.659267213244236,5.57566086714258,5.630014019493983,0.69247562905547,0.0860729893457885,0.36365668014880087,0.09802992320571387,1.0598478773934288,0.09227780921542764
497,-0.051001001001000995,6.613460520742821,6.660642528816232,6.514081626091313,6.283996580181021,6.268452436007982,6.445507105342417,5.663352730730075,5.579694360250448,5.634314682466238,0.6917624409873766,0.08606201961192016,0.36311910332678926,0.09815601715120026,1.0589384880464219,0.09241583497126214
498,-0.05060060060060059,6.616626630512019,6.663824227529678,6.517147445153871,6.287425815748057,6.271901828456276,6.449211627539262,5.667433045475374,5.5837221856768435,5.638609013597446,0.6910497638832297,0.08605115357252453,0.3625816942190838,0.09828187542310113,1.058029993158268,0.09255359041192632
499,-0.05020020020020019,6.6197878769532705,6.667001053225004,6.52020794009608,6.290850542137949,6.275346170697011,6.45291031121071,5.671508200498986,5.587744354277836,5.642897020646531,0.6903375796276691,0.0860403901958633,0.3620444401706318,0.09840749723569663,1.0571223685130906,0.09269107654617784
500,-0.04979979979979979,6.622944261173797,6.670172997935563,6.523263102472205,6.294270771876345,6.278785460515259,6.456603158279999,5.675578237769704,5.591760876762216,5.647178711054551,0.6896258702492888,0.08602972845362786,0.3615073285268884,0.09853288178699131,1.0562155901992325,0.09282829422147926
501,-0.049399399399399385,6.626095783789315,6.673340053446301,6.526312923677382,6.297686516636575,6.2822196958496574,6.460290170437133,5.6796431980930375,5.595771763670566,5.651454091933976,0.6889146179563942,0.08601916732400688,0.36097034664845296,0.09865802826221418,1.0553096346686088,0.09296524411744965
502,-0.04899899899899898,6.629242444914883,6.676502211303958,6.529357394953618,6.301097787214139,6.285648874795277,6.463971349137356,5.683703121001433,5.599777025355096,5.655723170058855,0.6882038051718382,0.0860087057946985,0.36043348192540675,0.09878293583728119,1.0544044787944489,0.09310192673985725
503,-0.04859859859859858,6.632384244156586,6.6796594628274315,6.532396507395943,6.304504593503307,6.28907299560591,6.467646695599978,5.68775804464822,5.6037766719602535,5.659985951855855,0.687493414566857,0.08599834286585084,0.35989672179132326,0.09890760368220414,1.0535000999272772,0.09323834241517397
504,-0.04819819819819818,6.635521180604068,6.682811799118312,6.535430251958704,6.307906944475846,6.292492056695783,6.471316210807552,5.691808005705525,5.607770713404142,5.664242443396228,0.6867834290938297,0.08598807755292802,0.3593600537369366,0.09903203096444008,1.0525964759490063,0.09337449128569143
505,-0.047797797797797775,6.638653252823932,6.685959211071538,6.538458619461999,6.311304848161926,6.29590605664071,6.4749798955053866,5.695853039266406,5.611759159360806,5.668492650388671,0.6860738320178875,0.08597790888948723,0.35882346532342996,0.09915621685215895,1.051693585325012,0.09351037330518673
506,-0.0473973973973974,6.641780458854003,6.689101689386169,6.5414816005982255,6.314698311633221,6.299314994178668,6.478637750201411,5.699893178751437,5.615742019243369,5.672736578173124,0.6853646069473037,0.08596783592986605,0.35828694419532187,0.09928016051743462,1.050791407154082,0.0936459882351433
507,-0.046996996996997,6.644902796198488,6.692239224576247,6.544499185938754,6.318087340988248,6.302718868209812,6.4822897751663655,5.703928455819955,5.619719302188095,5.676974231715488,0.6846557378626076,0.0859578577517624,0.35775047809294225,0.09940386113933171,1.0498899212161161,0.0937813356415243
508,-0.046596596596596596,6.648020261824013,6.695371806981734,6.547511365940693,6.321471941339941,6.3061176777959345,6.4859359704343245,5.707958900286176,5.623691017039366,5.681205615603266,0.6839472091443489,0.08594797345870907,0.3572140548644591,0.09952731790689426,1.048989108017476,0.0939164148920816
509,-0.04619619619619619,6.651132852156559,6.698499426779486,6.550518130953751,6.324852116805508,6.30951142215937,6.489576335803551,5.711984540040384,5.627657172335608,5.685430734042146,0.683239005599468,0.0859381821824288,0.3566776624774463,0.09965053002201438,1.0480889488338905,0.09405122515421122
510,-0.04579579579579579,6.654240563079294,6.701622073994266,6.553519471227174,6.328227870498549,6.312900100681361,6.493210870837661,5.716005400975347,5.6316177762961885,5.6896495908535,0.6825311124862077,0.08592848308506691,0.35614128902996633,0.09977349670217933,1.04718942575082,0.09418576539332954
511,-0.04539539539539539,6.657343389931306,6.704739738509753,6.556515376916758,6.331599204523454,6.316283712899885,6.496839574867111,5.720021506918138,5.63557283680929,5.6938621894728145,0.6818235155375306,0.0859188753612945,0.3556049227611622,0.09989621718308646,1.0462905217012037,0.09432003437177464
512,-0.044994994994994986,6.660441327507236,6.70785241007955,6.5595058380919085,6.33496611997209,6.319662258506964,6.500462446990977,5.724032879567502,5.639522361420791,5.698068532949034,0.6811162009829892,0.08590935824027371,0.355068552061331,0.10001869072112052,1.0453922205005053,0.09445403064821263
513,-0.04459459459459458,6.663534370057808,6.710960078338147,6.5624908447427455,6.338328616922753,6.323035737345461,6.504079486079046,5.7280395384369065,5.643466357324148,5.702268623944816,0.6804091555690066,0.08589993098748512,0.3545321654814632,0.10014091659568293,1.0444945068790001,0.09458775257754576
514,-0.04419419419419418,6.666622511291255,6.714062732811836,6.565470386787253,6.34168669444139,6.326404149405374,6.5076906907741865,5.732041500803387,5.647404831351297,5.7064624647376805,0.6797023665775429,0.08589059290640677,0.35399575174224984,0.10026289411136943,1.0435973665112293,0.09472119831131352
515,-0.04379379379379378,6.669705744375635,6.717160362929559,6.568444454078431,6.34504035058507,6.329767494819653,6.511296059494999,5.736038781662284,5.6513377899645745,5.710650057222045,0.6789958218431098,0.08588134334004371,0.35345929974252693,0.10038462259999001,1.0427007860425894,0.09485436579856366
516,-0.043393393393393376,6.672784061942036,6.720252958033653,6.571413036411465,6.348389582407685,6.33312577385954,6.514895590438748,5.740031393687971,5.655265239249677,5.714831402912135,0.6782895097681015,0.0858721816723052,0.3529227985671561,0.1005061014224267,1.041804753112991,0.09498725278718194
517,-0.04299299299299297,6.675857456088651,6.723340507390495,6.5743761235308895,6.351734385967852,6.336478986929455,6.518489281584548,5.744019347200633,5.659187184909633,5.719006502945743,0.6775834193364338,0.08586310732922225,0.3523862374943337,0.10062732997032448,1.0409092563775646,0.09511985682568817
518,-0.04259259259259257,6.678925918385717,6.726423000201022,6.577333705137735,6.355074756338999,6.339827134561454,6.522077130696801,5.748002650139153,5.663103632259815,5.723175358088824,0.6768775401254571,0.08585411978000733,0.3518496060023128,0.10074830766760799,1.040014285524377,0.09525217526545392
519,-0.042192192192192196,6.681989439881324,6.729500425611092,6.580285770896642,6.358410687621586,6.343170217409255,6.525659135328885,5.751981308040141,5.6670145862239645,5.727337968740905,0.6761718623161458,0.08584521853795234,0.351312893775534,0.1008690339718314,1.0391198312891534,0.09538420526335244
520,-0.041791791791791794,6.6850480111080515,6.732572772721701,6.583232310442934,6.361742172957431,6.34650823624187,6.529235292827062,5.7559553240231365,5.670920051331245,5.731494334941291,0.6754663767015432,0.08583640316116192,0.3507760907101704,0.10098950837534608,1.0382258854669644,0.09551594378480933
521,-0.04139139139139139,6.688101622090441,6.735640030599013,6.586173313389641,6.365069204546103,6.349841191936852,6.532805600334615,5.759924698781984,5.674820031714291,5.735644456376034,0.6747610746934669,0.08582767325312385,0.3502391869190649,0.10110973040629395,1.037332440920904,0.09564738760725855
522,-0.04099099099099099,6.691150262353281,6.738702188284194,6.589108769334444,6.368391773663315,6.353169085473178,6.536370054796194,5.763889430582377,5.678714531108263,5.739788332385643,0.6740559483274665,0.08581902846311555,0.3497021727360689,0.1012296996294246,1.0364394915877397,0.09577853332397554
523,-0.040590590590590586,6.694193920930685,6.741759234803045,6.592038667866553,6.3717098706812925,6.3564919179238,6.539928652962355,5.767849515265542,5.682603552850886,5.743925961973522,0.6733509902660453,0.08581046848644318,0.34916503871977983,0.10134941564672623,1.0355470324805596,0.09590937734826398
524,-0.040190190190190184,6.697232586375954,6.744811159175403,6.594962998573484,6.375023485091044,6.359809690447855,6.543481391394291,5.771804946258033,5.686487099883452,5.748057343815077,0.6726461938001524,0.08580199306452152,0.34862777565667846,0.10146887809788913,1.0346550596884245,0.09603991591801622
525,-0.03978978978978978,6.700266246772184,6.7478579504243115,6.597881751047735,6.37833260552648,6.363122404282597,6.547028266468732,5.775755714587571,5.690365174752783,5.752182476267495,0.6719415528489532,0.08579360198478825,0.34809037456365605,0.10158808666058042,1.0337635703730585,0.0961701451005888
526,-0.03938938938938938,6.703294889743627,6.750899597584939,6.600794914893344,6.38163721979031,6.36643006073504,6.550569274383006,5.779701808904864,5.6942377796141175,5.756301357380142,0.6712370619579066,0.08578529508045805,0.34755282668996174,0.10170704105055224,1.0328725627626045,0.09630006079801225
527,-0.038988988988988976,6.706318502467746,6.753936089713228,6.603702479732315,6.384937314881673,6.369732661173348,6.554104411160261,5.783643215511338,5.698104916234914,5.760413984905548,0.6705327162951571,0.08577707223012244,0.34701512351853286,0.10182574102156984,1.0319820361424967,0.09642965875250295
528,-0.038588588588588574,6.7093370716879805,6.756967415894274,6.606604435210913,6.388232877025403,6.37303020701799,6.557633672654806,5.787579918392651,5.701966585999541,5.764520356310968,0.6698285116462784,0.0857689333571881,0.34647725676675883,0.10194418636517182,1.0310919908434777,0.09655893455227181
529,-0.03818818818818817,6.712350583727161,6.759993565250414,6.609500771005788,6.391523891702882,6.3763226997327,6.561157054557588,5.791511899257908,5.705822789914826,5.768620468790447,0.6691244444073885,0.08576087842917138,0.34593921838664393,0.10206237691026016,1.030202428226843,0.09668788363760059
530,-0.03778778778778777,6.715359024501566,6.763014526949022,6.6123914768299565,6.39481034368438,6.37961014081523,6.564674552401784,5.795439137584446,5.709673528616446,5.772714319277388,0.6684205115766753,0.08575290745683706,0.34540100056441175,0.10218031252252838,1.0293133506669363,0.0968165013071938
531,-0.037387387387387366,6.718362379535606,6.766030290209991,6.615276542438587,6.3980922170628345,6.382892531787962,6.568186161568471,5.7993616106680355,5.713518802376119,5.776801904457571,0.6677167107443671,0.0857450204931994,0.34486259571953426,0.10229799310372585,1.0284247615310025,0.09694478272476612
532,-0.036986986986986964,6.721360633977066,6.769040844312895,6.61815595763461,6.401369495288952,6.3861698741883695,6.571691877292408,5.803279293678373,5.717358611109577,5.780883220782574,0.6670130400811851,0.08573721763238132,0.34432399650320605,0.10241541859076918,1.0275366651564413,0.09707272292587014
533,-0.03658658658658659,6.724353772612923,6.772046178603834,6.62102971227412,6.404642161207577,6.389442169559367,6.5751916946678675,5.807192159719686,5.721192954385281,5.7849582644835875,0.6663094983253252,0.085729499008343,0.34378519579628014,0.1025325889547031,1.0266490668255521,0.09720031682494633
534,-0.03618618618618619,6.727341779885679,6.775046282501937,6.623897796271581,6.407910197095231,6.392709419439578,6.578685608654542,5.811100179896282,5.725021831433852,5.789027031585559,0.6656060847680126,0.08572186479347765,0.34324618670666146,0.10264950419951298,1.0257619727378615,0.09732755922256124
535,-0.035785785785785784,6.730324639910188,6.778041145505526,6.626760199604794,6.411173584698728,6.395971625353522,6.582173614083484,5.815003323382858,5.728845241158174,5.793089517921636,0.6649027992376804,0.08571431519709066,0.3427069625661915,0.10276616436080181,1.0248753899801049,0.09745444481285118
536,-0.03538538538538538,6.733302336490953,6.781030757197927,6.629616912319651,6.414432305274787,6.399228788801771,6.585655705663085,5.81890155749938,5.732663182144145,5.79714571914787,0.6641996420828238,0.08570685046375788,0.34216751692702146,0.10288256950433045,1.023989326493978,0.09758096819113259
537,-0.03498498498498498,6.736274853139838,6.7840151072529356,6.632467924534634,6.417686339630543,6.402480911251085,6.58913187798508,5.82279484779032,5.736475652672031,5.801195630758139,0.6634966141535812,0.08569947087157961,0.34162784355749254,0.10299871972443397,1.023103791041742,0.09770712386167152
538,-0.03458458458458458,6.739242173094184,6.786994185439913,6.635313226445072,6.420935668164864,6.405727994124548,6.592602125530541,5.826683158108041,5.740282650728389,5.805239248099254,0.6627937167821087,0.08569217673032532,0.3410879364375481,0.10311461514231414,1.0222187931697964,0.09783290624559295
539,-0.034184184184184174,6.742204279335296,6.789967981628525,6.638152808327134,6.424180270910386,6.408970038791734,6.596066442675881,5.83056645070011,5.744084174018522,5.809276566386204,0.662090951761798,0.08568496837948962,0.3405477897536849,0.10323025590422254,1.0213343431703192,0.09795830968892742
540,-0.03378378378378377,6.745161154607236,6.792936485793108,6.64098666054156,6.427420127576162,6.41220704655893,6.599524823698836,5.8344446863003085,5.747880219979417,5.813307580717499,0.6613883213254043,0.08567784618625537,0.34000739789346,0.10334564217953551,1.0204504520410957,0.09808332847077171
541,-0.03338338338338337,6.748112781435931,6.795899688016662,6.643814773537098,6.430655217590826,6.415439018659418,6.6029772627844014,5.838317824223091,5.751670785793145,5.817332286090571,0.6606858281221494,0.08567081054337633,0.33946675543958216,0.10346077415872945,1.0195671314436423,0.09820795681153144
542,-0.03298298298298297,6.751059142148524,6.798857578494479,6.646637137853675,6.433885520146196,6.4186659562438715,6.606423754030746,5.842185822461269,5.755455868400659,5.821350677417206,0.6599834751938655,0.08566386186698831,0.3389258571635934,0.10357565205126978,1.018684393659755,0.09833218888126335
543,-0.032582582582582564,6.754000218892951,6.801810147537381,6.649453744125257,6.437111014241194,6.4218878603708545,6.609864291455047,5.8460486377866525,5.759235464515974,5.825362749538943,0.6592812659502411,0.08565700059435169,0.3383846980191669,0.10369027608340864,1.0178022515465859,0.09845601880808125
544,-0.03218218218218216,6.756935993657708,6.804757385574594,6.652264583082416,6.44033167872599,6.425104731997466,6.613298868999274,5.8499062258533945,5.763009570640659,5.8293684972424265,0.6585792041432501,0.08565022718153836,0.33784327313504514,0.10380464649591664,1.0169207184903963,0.09857944068660422
545,-0.03178178178178176,6.759866448291755,6.807699283156235,6.655069645554586,6.443547492346293,6.4283165719701465,6.616727480535879,5.853758541303787,5.766778183078634,5.833367915274656,0.6578772938408232,0.08564354210106498,0.3373015778076286,0.10391876354173997,1.0160398083590887,0.098702448586445
546,-0.031381381381381385,6.762791564524547,6.810635830955423,6.6578689224720025,6.446758433787665,6.431523381015655,6.620150119873399,5.857605537876231,5.770541297951196,5.837360998358101,0.657175539399836,0.08563694583948775,0.3367596074932441,0.10403262748360058,1.015159535453658,0.09882503656071893
547,-0.030980980980980982,6.765711323986129,6.813567019770018,6.66066240486732,6.449964481719776,6.43472515973226,6.623566780761957,5.861447168515131,5.77429891121225,5.841347741205651,0.656473945438493,0.08563043889495793,0.3362173578001113,0.10414623859154569,1.0142799144586945,0.0989471986545483
548,-0.03058058058058058,6.768625708227275,6.816492840523979,6.663450083876904,6.453165614840496,6.437921908581135,6.626977456898637,5.86528338548241,5.778051018663711,5.845328138535343,0.6557725168081707,0.08562402177475317,0.3356748244800299,0.1042595971404531,1.0134009603920562,0.09906892891355175
549,-0.030180180180180177,6.771534698739629,6.819413284268342,6.666231950741779,6.4563618119197415,6.441113627878004,6.630382141932746,5.869114140470414,5.781797615971016,5.849302185084856,0.6550712585647969,0.08561769499278928,0.3351320034198042,0.10437270340750195,1.0125226885538547,0.09919022139230653
550,-0.029779779779779775,6.774438276975807,6.8223283421818435,6.669007996808259,6.459553051842962,6.444300317785029,6.6337808294709255,5.872939384715891,5.78553869867871,5.853269875625723,0.6543701759398451,0.08561145906711738,0.3345888906324419,0.10448555766961538,1.011645114474874,0.09931107016275344
551,-0.029379379379379372,6.777336424369435,6.825238005571155,6.671778213528212,6.462739313654189,6.447481978302979,6.6371735130821214,5.8767590691147955,5.789274262226087,5.857231204977223,0.6536692743110118,0.0856053145174188,0.33404548224812897,0.10459816020088389,1.010768253864571,0.09943146932254045
552,-0.02897897897897897,6.7802291223550695,6.82814226587077,6.674542592458993,6.465920576598549,6.450658609263685,6.640560186302397,5.880573144337636,5.7930043019628,5.861186168019937,0.6529685591726503,0.08559926186250402,0.3335017745050222,0.10471051126998136,1.0098921225587647,0.09955141300327565
553,-0.028578578578578567,6.783116352387984,6.831041114642516,6.67730112526302,6.4690968201641486,6.453830210322792,6.643940842639576,5.884381560945075,5.796728813164454,5.865134759708906,0.6522680361060447,0.08559330161781771,0.33295776373987057,0.10482261113757332,1.0090167364671758,0.09967089537868197
554,-0.028178178178178165,6.785998095963765,6.833934543574722,6.680053803707002,6.472268024123246,6.456996780952838,6.647315475577703,5.888184269503534,5.8004477910480965,5.869076975086402,0.6515677107495823,0.08558743429296412,0.33241344637849285,0.10493446005373205,1.008142111520913,0.09978991067262871
555,-0.027777777777777762,6.788874334637695,6.836822544481025,6.682800619660803,6.4754341685726216,6.460158320436656,6.650684078581332,5.891981220700509,5.804161230787595,5.873012809294238,0.6508675887689109,0.08558166038925556,0.33186881892612874,0.10504605825536424,1.0072682636200707,0.09990845316702494
556,-0.02737737737737736,6.791745050043891,6.839705109298835,6.685541565095957,6.478595233973055,6.463314827861126,6.6540466450996,5.895772365459332,5.807869127528855,5.876942257585626,0.6501676758271466,0.08557598039728995,0.3313238779577009,0.10515740596365766,1.0063952085815289,0.10002651720955333
557,-0.026976976976976957,6.79461022391415,6.842582230087466,6.68827663208382,6.481751201187836,6.46646630211128,6.657403168570115,5.89955765505312,5.811571476404832,5.880865315336525,0.6494679775552077,0.08557039479456573,0.3307786201079928,0.10526850338155817,1.0055229620871171,0.10014409722123728
558,-0.026576576576576555,6.79746983809647,6.84545389902592,6.6910058127933585,6.484902051520231,6.46961274186477,6.660753642422624,5.903337041217635,5.815268272550321,5.8847819780564725,0.6487684995223347,0.08556490404314193,0.3302330420617692,0.10537935069127881,1.0046515396322373,0.10026118770380628
559,-0.026176176176176152,6.800323874573231,6.848320108410364,6.693729099488587,6.488047766749799,6.472754145586728,6.664098060082462,5.907110476262801,5.81895951111647,5.8886922413988785,0.6480692472068842,0.0855595085873417,0.3296871405438782,0.10548994805185015,1.0037809564750846,0.1003777832468554
560,-0.025775775775775778,6.803172315478975,6.85118085065127,6.696446484525638,6.491188329167531,6.4758905115249865,6.667436414973778,5.910877913182629,5.822645187284996,5.892596101170737,0.6473702259674434,0.08555420885151525,0.3291409123093272,0.1056002955967247,1.0029112275865764,0.10049387853477847
561,-0.025375375375375375,6.806015143117776,6.854036118270258,6.699157960349472,6.494323721609685,6.479021837705722,6.670768700522529,5.914639305763284,5.826325296282061,5.896493553341753,0.6466714410143526,0.08554900523786,0.32859435413338806,0.10571039343143225,1.002042367601115,0.10060946835344997
562,-0.024974974974974973,6.808852339980147,6.856885903896629,6.701863519490235,6.497453927490295,6.482148121929477,6.674094910159228,5.918394608689073,5.829999833391786,5.900384594052862,0.6459728973816765,0.08554389812430456,0.328047462801717,0.10582024163129966,1.0011743907682806,0.10072454759665513
563,-0.02457457457457457,6.811683888759483,6.859730200263605,6.704563154559254,6.500578930832245,6.4852693617676,6.677415037321463,5.922143777646089,5.8336687939693626,5.904269219624114,0.645274599899714,0.08553888786246508,0.32750023510054804,0.10592984023924261,1.0003073109055864,0.10083911127222618
564,-0.024174174174174168,6.814509772367978,6.862569000204286,6.7072568582446825,6.503698716296884,6.4883855545590965,6.680729075456148,5.925886769423309,5.837332173453745,5.908147426561915,0.6445765531680862,0.08553397477567169,0.32695266780694926,0.10603918926362693,0.9994411413523844,0.1009531545078989
565,-0.023773773773773765,6.817329973952,6.865402296647331,6.709944623306795,6.5068132692120875,6.4914966974078965,6.684037018021533,5.929623542010897,5.84098996737988,5.912019211565613,0.643878761529472,0.08552915915707535,0.326404757679181,0.10614828867621742,0.9985758949250274,0.1010666725568493
566,-0.023373373373373363,6.820144476906907,6.868230082612368,6.712626442572926,6.5099225755987336,6.4946027871805425,6.687338858488944,5.933354054695507,5.8446421713904675,5.9158845715334,0.6431812290440443,0.08552444126783647,0.32585650144716233,0.1062571384102095,0.997711583873399,0.10117966080289958
567,-0.02297297297297296,6.822953264891261,6.87105235120515,6.715302308932079,6.513026622195519,6.497703820504297,6.690634590344277,5.937078268152385,5.848288781247209,5.919743503567532,0.6424839594646692,0.08551982133539764,0.3253078958030844,0.10636573835835782,0.9968482198388883,0.10129211476540001
568,-0.022572572572572558,6.825756321840414,6.8738690956124655,6.717972215329184,6.516125396482083,6.500799793765677,6.693924207089202,5.94079614453405,5.851929792841534,5.923596004978859,0.6417869562129048,0.08551529955184721,0.3247589373921646,0.1064740883712002,0.9959858138139057,0.10140403010373907
569,-0.022172172172172155,6.828553631979453,6.876680309096807,6.720636154759026,6.519218886700383,6.50389070310941,6.697207702242118,5.944507647555384,5.8555652022047715,5.927442073290636,0.6410902223558703,0.08551087607237257,0.32420962280357873,0.10658218825538661,0.9951243761030378,0.10151540262149535
570,-0.021771771771771753,6.831345179835471,6.879485984990817,6.723294120259842,6.522307081874277,6.506976544437814,6.7004850693388285,5.9482127425749365,5.859195005517762,5.931281706241639,0.6403937605840129,0.08550655101380962,0.32365994856157865,0.10669003777211766,0.9942639162859005,0.10162622827020697
571,-0.02137137137137135,6.83413095024914,6.882286116691514,6.7259461049066,6.525389971827281,6.510057313410598,6.7037563019329385,5.951911396672275,5.862819199119879,5.935114901788553,0.6396975731898313,0.08550232445328805,0.32310991111681864,0.10679763663569518,0.9934044431817806,0.10173650315275076
572,-0.020970970970970948,6.83691092838557,6.885080697654319,6.728592101803959,6.528467547198463,6.513133005445083,6.707021393595981,5.9556035787212185,5.8664377795174465,5.93894165810764,0.6390016620475945,0.08549819642697709,0.3225595068379025,0.10690498451218958,0.992545964816138,0.1018462235263225
573,-0.020570570570570573,6.8396850997444245,6.887869721386876,6.731232104078916,6.531539799456434,6.516203615716834,6.710280337917269,5.959289259458799,5.87005074339154,5.942761973595697,0.6383060285940862,0.08549416692893168,0.32200873200316205,0.1070120810182338,0.9916884883890282,0.1019553858050017
574,-0.02017017017017017,6.84245345016929,6.890653181442703,6.733866104873159,6.534606720911431,6.519269139160707,6.713533128503467,5.962968411549818,5.873658087605165,5.946575846870276,0.6376106738104306,0.08549023591004036,0.3214575827926941,0.10711892571993807,0.9908320202455098,0.10206398656190296
575,-0.01976976976976977,6.845215965856256,6.893431071414653,6.736494097335121,6.5376683047254325,6.5223295704723006,6.716779758977881,5.966641009646851,5.877259809209779,5.950383276769196,0.6369155982050083,0.08548640327707964,0.32090605528065946,0.10722551813193743,0.9899765658480874,0.10217202253090081
576,-0.019369369369369366,6.847972633361711,6.8962033849282305,6.739116074611749,6.5407245449203275,6.5253849041098,6.720020222979479,5.970307030445593,5.880855905451179,5.954184262349333,0.6362208017975188,0.08548266889187214,0.32035414542785784,0.10733185771657272,0.9891221297512565,0.10227949060792008
577,-0.018968968968968963,6.850723439609329,6.8989701156347385,6.741732029840002,6.543775436384088,6.528435134296226,6.7232545141616304,5.973966452735426,5.884446373774721,5.9579788028847,0.6355262841041961,0.08547903257055163,0.3198018490745967,0.10743794388320521,0.9882687155781726,0.10238638785179668
578,-0.01856856856856856,6.853468371896231,6.9017312572043,6.744341956138075,6.546820974874955,6.531480255022049,6.726482626190571,5.977619257445121,5.888031211829874,5.961766897863821,0.6348320441242149,0.08547549408293376,0.3192491619338583,0.10754377598767526,0.9874163259995015,0.10249271148469305
579,-0.01816816816816816,6.856207417898314,6.904486803318747,6.74694584659637,6.549861157023622,6.5345202600481995,6.729704552743598,5.981265427683568,5.8916104174741175,5.965548546986411,0.6341380803273052,0.0854720531519973,0.31869607958478047,0.10764935333189905,0.9865649627144809,0.10259845889208154
580,-0.017767767767767756,6.858940565674731,6.907236747664381,6.749543694268226,6.552895980333406,6.537555142909423,6.732920287506987,5.984904948775475,5.895183988776152,5.9693237501593615,0.633444390642594,0.08546870945346824,0.31814259746646056,0.10775467516361034,0.9857146264342177,0.1027036276222777
581,-0.017367367367367353,6.861667803671513,6.909981083924643,6.7521354921603995,6.555925443178429,6.540584896918005,6.736129824173643,5.9885378082919685,5.898751924018453,5.973092507492059,0.6327509724486864,0.08546546261551655,0.3175887108720843,0.10785974067625048,0.9848653168672478,0.10280821538553596
582,-0.01696696696696695,6.864389120724325,6.912719805772674,6.754721233223334,6.558949544799783,6.543609515167829,6.739333156440492,5.992163996076029,5.902314221699143,5.976854819291035,0.6320578225650069,0.0854623122185578,0.3170344149433954,0.10796454900900541,0.9840170327073801,0.10291222005271358
583,-0.01656656656656655,6.867104506060349,6.9154529068637975,6.757300910341209,6.56196828529971,6.5466289905387764,6.7425302780055985,5.995783504262738,5.905870880533204,5.980610686053967,0.6313649372444042,0.08545925779516203,0.316479704665515,0.10806909924699142,0.98316977162383,0.10301563965348906
584,-0.016166166166166146,6.869813949299283,6.918180380827922,6.759874516321791,6.5649816656338045,6.5496433157014335,6.745721182565036,5.999396327294296,5.909421899453024,5.98436010846305,0.6306723121670209,0.0854562988300701,0.31592457486210046,0.10817339042159352,0.9823235302536458,0.10311847237416193
585,-0.015765765765765744,6.872517440453467,6.920902221261884,6.7624420438860895,6.567989687601242,6.552652483122113,6.748905863809496,6.00300246192979,5.912967277608284,5.988103087377745,0.6299799424354495,0.08545343476031594,0.3153690201908741,0.10827742151095593,0.9814783041964502,0.10322071655502127
586,-0.015365365365365341,6.8752149699270975,6.92361842172174,6.76500348565785,6.570992353833078,6.555656485068166,6.7520843154206505,6.006601907249716,5.9165070143652,5.991839623826939,0.6292878225711499,0.08545066497545305,0.31481303513949815,0.10838119144062003,0.9806340880114638,0.10332237068730396
587,-0.014964964964964966,6.877906528514583,6.926328975715003,6.767558834152865,6.573989667778614,6.558655313613569,6.75525653106727,6.010194664655245,5.920041109305122,5.995569719000519,0.6285959465121491,0.08544798881788557,0.31425661402182514,0.1084846990843217,0.9797908752168231,0.10342343340974233
588,-0.014564564564564564,6.8805921073979786,6.929033876692863,6.770108081768152,6.5769816336898765,6.561648960644774,6.758422504401104,6.013780737862259,5.923569562222508,5.9992933742403896,0.6279043076120004,0.08544540558330241,0.3136997509745032,0.10858794326493557,0.9789486582911706,0.10352390350471691
589,-0.014164164164164161,6.883271698143556,6.931733118042371,6.772651220770981,6.579968256604236,6.564637417866809,6.761582229052527,6.017360132890186,5.9270923731222735,6.003010591030958,0.6272128986400044,0.08544291452121253,0.3131424399539559,0.1086909227555742,0.9781074286774954,0.10362377989403115
590,-0.013763763763763759,6.885945292697469,6.934426693078618,6.775188243287789,6.58294954232519,6.5676206768096,6.764735698625956,6.02093285804566,5.930609542216547,6.006721370989107,0.6265217117826708,0.08544051483557985,0.3125846747337277,0.10879363628083674,0.9772671767891982,0.10372306163430058
591,-0.013363363363363356,6.888612883380545,6.937114595036907,6.777719141292982,6.585925497401376,6.570598728834525,6.767882906695055,6.024498923901065,5.934121069920831,6.0104257158536765,0.6258307386464176,0.08543820568555566,0.31202644890219033,0.10889608251820632,0.9764278920183618,0.10382174791199765
592,-0.012962962962962954,6.891274462882195,6.939796817064932,6.780243906597639,6.588896129103815,6.57357156514114,6.771023846797721,6.028058343268029,5.937626956849598,6.014123627474482,0.6251399702614802,0.08543598618630951,0.311467755860624,0.10899826009960036,0.9755895627461776,0.10391983803814882
593,-0.012562562562562551,6.893930024253455,6.942473352214971,6.782762530838139,6.591861445401471,6.576539176774117,6.774158512430864,6.031611131165916,5.941127203811324,6.017815107800904,0.6244493970870139,0.08543385540995242,0.310908588821654,0.1091001676130625,0.9747521763554927,0.10401733144270074
594,-0.012162162162162149,6.896579560899158,6.945144193436107,6.785275005464723,6.594821454935151,6.579501554630311,6.777286897044991,6.03515730478543,5.944621811803003,6.021500158870056,0.6237590090173707,0.08543181238655213,0.3103489408080505,0.10920180360460101,0.9739157192454402,0.10411422766858493
595,-0.011761761761761746,6.899223066569258,6.947809333566479,6.787781321730004,6.597776166989804,6.5824586894660015,6.780408994038603,6.038696883447389,5.948110782004131,6.025178782794581,0.6230687953895199,0.08542985610524091,0.3097888046518838,0.10930316658016961,0.973080176848096,0.10421052636548694
596,-0.011361361361361344,6.901860535349307,6.950468765325573,6.790281470677441,6.6007255914652685,6.58541057190424,6.7835247967524035,6.0422298885568,5.9515941157702095,6.028850981750087,0.6223787449915876,0.08542798551540691,0.3092281729940329,0.10940425500778725,0.9722455336471068,0.10430622728334149
597,-0.010960960960960942,6.904491961650102,6.953122481306561,6.792775443129791,6.603669738845541,6.588357192442319,6.78663429846334,6.0457563435523305,5.955071814625779,6.032516757962265,0.621688846072482,0.08542619952797423,0.30866703828402975,0.1095050673197909,0.9714117731982419,0.10440133026557934
598,-0.010560560560560539,6.90711734019651,6.95577047396871,6.795263229677556,6.60660862016661,6.591298541459325,6.789737492378474,6.049276273851294,5.958543880256996,6.036176113693707,0.6209990863525761,0.08542449701676298,0.3081053927802543,0.10960560191522355,0.9705788781517973,0.10449583524213511
599,-0.010160160160160137,6.909736666015496,6.958412735629833,6.797744820667446,6.609542246982917,6.5942346092237605,6.792834371628707,6.052789706790299,5.9620103145038055,6.039829051230465,0.6203094530354095,0.08542287681992924,0.30754322855045385,0.10970585716234968,0.9697468302767869,0.10458974222225229
600,-0.009759759759759762,6.9123499344233545,6.961049258458835,6.8002202061908505,6.612470631332533,6.597165385901227,6.795924929262348,6.056296671561679,5.965471119351704,6.043475572868372,0.6196199328203719,0.08542133774148154,0.30698053747258464,0.10980583140129219,0.9689156104868576,0.10468305128708638
601,-0.00935935935935936,6.914957141012181,6.963680034468323,6.802689376072376,6.615393785701088,6.600090861562136,6.799009158238552,6.059797199145872,5.9689262969231365,6.047115680899168,0.61893051191633,0.08541987855287105,0.30641731123597177,0.10990552294679001,0.9680851988678468,0.1047757625821524
602,-0.008958958958958957,6.917558281635578,6.966305055507309,6.805152319858409,6.61831172298455,6.603011026189436,6.802087051420629,6.063291322239886,5.972375849468555,6.050749377596447,0.6182411760561582,0.08541849799465125,0.30585354134276604,0.11000493009107049,0.9672555747069174,0.1048678763096133
603,-0.008558558558558554,6.920153352393638,6.968924313254,6.807609026805775,6.621224456450907,6.605925869686336,6.805158601569237,6.066779075182027,5.975819779357157,6.054376665201476,0.6175519105121261,0.08541719477820474,0.3052892191097025,0.11010405110682732,0.9664267165231731,0.1049593927204475
604,-0.008158158158158152,6.922742349617212,6.97153779920869,6.810059485870471,6.624131999700841,6.608835381884009,6.808223801335468,6.070260493873067,5.979258089067338,6.057997545908897,0.6168627001121014,0.08541596758753252,0.30472433567013746,0.11020288425030395,0.9655986020996881,0.10505031210652485
605,-0.0077577577577577495,6.925325269851482,6.974145504686754,6.812503685696504,6.627034366627461,6.611739552549252,6.81128264325384,6.07373561569401,5.982690781176891,6.061612021852367,0.6161735292565167,0.08541481508110277,0.3041588819763541,0.11030142776447079,0.9647712085168546,0.10514063479258262
606,-0.007357357357357347,6.9279021098388744,6.97674742081175,6.814941614604844,6.6299315713751765,6.61463837139209,6.814335119735196,6.077204479420662,5.986117858352964,6.065220095090143,0.6154843819360618,0.08541373589375711,0.30359284880213155,0.11039967988229545,0.9639445121869707,0.1052303611281603
607,-0.0069569569569569445,6.93047286650132,6.979343538508639,6.81737326058251,6.6328236282977935,6.617531828073297,6.817381223059534,6.080667125135192,5.989539323341836,6.068821767590667,0.6147952417500372,0.08541272863866466,0.30302622674555846,0.11049763883009213,0.9631184888899564,0.10531949147948974
608,-0.006556556556556542,6.933037536921905,6.981933848497115,6.819798611271803,6.635710551915909,6.62041991221183,6.820420945368772,6.084123594134874,5.992955178958503,6.07241704121817,0.614106091925332,0.08541179190932809,0.30245900623207317,0.11059530283095341,0.9622931138101374,0.10540802622137589
609,-0.0061561561561561395,6.935596118325915,6.98451834128507,6.822217653959703,6.638592356873693,6.623302613392144,6.823454278659456,6.087573928838224,5.996365428076146,6.0760059177183265,0.6134169153359641,0.08541092428162943,0.30189117751772815,0.1106926701082427,0.9614683615739688,0.10549596572908072
610,-0.005755755755755737,6.938148608061328,6.987097007162172,6.824630375567431,6.641469057895139,6.626179921171379,6.826481214775426,6.0910181726887345,5.999770073615466,6.0795883987040025,0.612727694523134,0.08541012431591698,0.3013227306926518,0.11078973888915397,0.9606442062886296,0.10558331037023366
611,-0.005355355355355335,6.940695003578759,6.989669836193587,6.827036762640223,6.644340669739864,6.629051825086394,6.829501745400451,6.094456370056422,6.003169118533956,6.083164485641114,0.6120384117157401,0.08540939055912644,0.30075365568470425,0.11088650740832326,0.9598206215813687,0.10567006049680111
612,-0.004954954954954932,6.943235302410896,6.9922368182138275,6.829436801337285,6.647207207158545,6.63191831466065,6.832515862050839,6.097888566137409,6.0065625658151145,6.086734179834634,0.6113490488512919,0.08540872154692979,0.30018394226330475,0.11098297391148061,0.9589975806395127,0.10575621643710817
613,-0.00455455455455453,6.9457695021514505,6.994797942820735,6.831830477421983,6.650068684848089,6.634779379410895,6.835523556068044,6.10131480685175,6.009950418457648,6.090297482414783,0.6106595875971739,0.08540811580591301,0.29961358004340616,0.1110791366591464,0.9581750562510415,0.10584177848795859
614,-0.004154154154154155,6.948297600433671,6.997353199369614,6.834217776252258,6.6529251174066015,6.637635008853666,6.838524818611267,6.104735138739742,6.013332679464666,6.093854394323421,0.6099700093722022,0.08540757185577154,0.2990425584896273,0.11117499393034681,0.9573530208456176,0.10592674690685636
615,-0.0037537537537537524,6.95081959490842,6.999902576967491,6.83659868277129,6.655776519288262,6.640485192511575,6.841519640650074,6.108149608856931,6.016709351832939,6.097404916300683,0.609280295368413,0.08540708821152006,0.29847086692049224,0.11127054402635385,0.9565314465359748,0.10601112190435141
616,-0.00335335335335335,6.95333548322187,7.002446064467535,6.838973181498419,6.658622904758174,6.643329919919365,6.844508012957033,6.111558264668061,6.020080438542202,6.100949048871878,0.6085904265730283,0.08540666338571622,0.2978984945127879,0.11136578527443207,0.9557103051595627,0.10609490363652037
617,-0.0029529529529529475,6.955845262992843,7.004983650463612,6.841341256520337,6.661464287847301,6.64616918062973,6.847489926100385,6.114961153940179,6.023445942544568,6.104486792334682,0.6079003837905448,0.08540629589068631,0.29732543030600944,0.11146071603158675,0.9548895683203439,0.10617809219760897
618,-0.002552552552552545,6.958348931789823,7.007515323284986,6.843702891482567,6.66430068230754,6.649002964218875,6.85046537043677,6.118358324635138,6.026805866754068,6.108018146746655,0.6072101476648833,0.08540598424075148,0.29675166320687363,0.11155533468830295,0.9540692074306478,0.10626068761283879
619,-0.0021521521521521425,6.9608464871076805,7.0100410709911785,6.846058069581234,6.66713210156706,6.65183126029181,6.853434336103993,6.12174982480174,6.030160214036333,6.111543111913109,0.6065196987015428,0.08540572695445067,0.29617718199389403,0.11164963967226453,0.9532491937529669,0.1063426898313998
620,-0.00175175175175174,6.963337926344137,7.012560881366967,6.848406773555147,6.669958558685951,6.654654058487364,6.856396813013868,6.1251357024677295,6.033508987198467,6.115061687375341,0.605829017289708,0.08540552255674842,0.29560197532199595,0.11174362945204767,0.9524294984416054,0.10642409871964119
621,-0.0013513513513513375,6.9658232467760035,7.015074741917535,6.850748985678194,6.672780066312305,6.657471348482906,6.859352790845142,6.128516005531897,6.036852188979121,6.118573872399273,0.6051380837242433,0.08540536958123174,0.2950260317271387,0.11183730254077394,0.9516100925840819,0.10650491405446316
622,-0.0009509509509509351,6.968302445535236,7.017582639863776,6.853084687752075,6.675596636638782,6.660283119998755,6.862302259036493,6.131890781656502,6.040189822038799,6.122079665964516,0.6044468782275264,0.08540526657228031,0.2944493396309608,0.11193065749971642,0.9507909472421685,0.10658513551693498
623,-0.0005505505505505326,6.970775519584833,7.020084562137742,6.855413861099369,6.678408281359764,6.663089362802286,6.865245206779648,6.135260078160267,6.04352188895042,6.125579066753866,0.6037553809710628,0.0854052120872146,0.29387188734539454,0.11202369294185019,0.9499720334924964,0.1066647626861405
624,-0.0001501501501501301,6.973242465694607,7.022580495378245,6.857736486556947,6.681215011629174,6.665890066711703,6.868181623012589,6.138623941912164,6.046848392190165,6.129072073143283,0.6030635720968229,0.08540520469840651,0.2932936630772556,0.11211640753533346,0.9491533224666056,0.1067437950332509
625,0.00025025025025027237,6.975703280416888,7.025070425926599,6.8600525444697515,6.684016838019036,6.6686852215994765,6.871111496412894,6.14198241922621,6.0501693341286185,6.132558683192351,0.6023714317382545,0.08540524299535503,0.2927146549327843,0.11220880000691275,0.9483347853903583,0.10682223191585793
626,0.0006506506506506748,6.978157960062153,7.027554339822527,6.86236201468494,6.686813770478861,6.671474817395442,6.874034815391203,6.145335555757516,6.053484717022246,6.136038894635239,0.6016789400409123,0.08540532558671896,0.2921348509221169,0.11230086914524419,0.9475163936226239,0.10690007257253996
627,0.0010510510510510773,6.980606500674664,7.030032222800194,6.8646648765464,6.689605818295929,6.67425884408955,6.876951568084823,6.148683396399804,6.056794543005209,6.139512704872193,0.6009860771826565,0.08540545110229683,0.2915542389636768,0.11239261380411411,0.9466981186931342,0.106977316117697
628,0.0014514514514514798,6.983048898008115,7.032504060284399,6.866961108889658,6.692392990056554,6.677037291734247,6.879861742351481,6.152025985184604,6.060098814081547,6.142980110961571,0.6002928233933659,0.08540561819495827,0.2909728068884642,0.11248403290556074,0.9458799323394323,0.10705396153664283
629,0.0018518518518518823,6.9854851475013335,7.034969837386906,6.869250690037165,6.695175293608394,6.679810150446506,6.882765325763243,6.1553633651823505,6.063397532117751,6.146441109612432,0.5995991589741183,0.08540582554251015,0.2903905424442229,0.11257512544287555,0.9450618065428257,0.1071300076809534
630,0.0022522522522522848,6.987915244254083,7.037429538902921,6.87153359779399,6.697952736023885,6.682577410409474,6.885662305600595,6.158695578405589,6.066690698835729,6.1498956971776995,0.5989050643157955,0.0854060718495029,0.2898074332994893,0.11266589048348861,0.9442437135632505,0.10720545326409572
631,0.0026526526526526872,6.990339183002981,7.039883149307702,6.873809809443914,6.700725323564861,6.685339061873756,6.888552668846701,6.1620226657144945,6.069978315806195,6.153343869647903,0.598210519917057,0.08540635584896407,0.2892234670474776,0.11275632717171373,0.9434256259729927,0.10728029685731161
632,0.0030530530530530897,6.992756958097587,7.042330652753312,6.8760793017459285,6.703493061648437,6.688095095158312,6.891436402181857,6.165344666724903,6.07326038444249,6.15678562264553,0.5975155064016425,0.08540667630405888,0.28863863120980476,0.11284643473136112,0.9426075166891528,0.10735453688577833
633,0.003453453453453492,6.995168563476677,7.04477203306551,6.8783420509311535,6.706255954814214,6.69084550065098,6.89431349197813,6.16866161971905,6.076536905994849,6.160220951419974,0.5968200045349661,0.08540703200967058,0.2880529132400393,0.11293621246819663,0.9417893590048184,0.10742817162503493
634,0.003853853853853839,6.99757399264476,7.047207273740771,6.8805980327001635,6.70901400669286,6.693590268808604,6.897183924294201,6.171973561559193,6.079807881545126,6.1636498508430995,0.59612399523995,0.08540742179389897,0.28746630052705274,0.11302565977224716,0.9409711266188453,0.10750119919767441
635,0.004254254254254242,6.999973238648847,7.049636357943433,6.882847222220747,6.711767219976144,6.696329390156788,6.900047684870434,6.175280527604324,6.083073312001994,6.167072315405439,0.5954274596120689,0.0854078445194667,0.28687878039816467,0.11311477611994171,0.9401527936641921,0.10757361757031286
636,0.004654654654654644,7.002366294055525,7.052059268502984,6.885089594126078,6.714515596388463,6.699062855289257,6.902904759124144,6.178582551630104,6.086333198096606,6.1704883392130085,0.5947303789335651,0.08540829908503883,0.28629034012206267,0.11320356107608068,0.939334334734759,0.10764542455081115
637,0.005055055055055047,7.004753150928356,7.054475987911461,6.887325122513319,6.71725913665992,6.701790654866831,6.9057551321451065,6.18187966575223,6.08958754037877,6.17389791598477,0.5940327346867926,0.08540878442644112,0.285700966911489,0.11329201429562787,0.9385157249106362,0.10771661778576427
638,0.005455455455455449,7.007133800805645,7.05688649832098,6.889553780942651,6.719997840501012,6.704512779616019,6.908598788691297,6.185171900353362,6.092836339213596,6.177301039050722,0.5933345085666727,0.08540929951778059,0.2851106479256804,0.11338013552532095,0.9376969397817502,0.10778719475825303
639,0.0058558558558558516,7.009508234678601,7.059290781541378,6.891775542436729,6.722731706578958,6.707229220327224,6.911435713184871,6.188459284013769,6.096079594778647,6.180697701350636,0.5926356824922161,0.08540984337246427,0.2845193702725478,0.11346792460508862,0.9368779554698249,0.10785715278584834
640,0.006256256256256254,7.011876442969917,7.061688819037978,6.893990379480572,6.725460732495726,6.709939967852569,6.914265889708396,6.191741843445837,6.099317307061598,6.184087895433435,0.5919362386170912,0.08541041504410839,0.2839271210105809,0.11355538146927346,0.9360587486486275,0.10792648901886906
641,0.0066566566566566565,7.014238415512821,7.064080591929459,6.89619826402187,6.728184914767796,6.712645013103344,6.91708930200133,6.195019603432574,6.102549475858388,6.187471613457205,0.591236159339214,0.08541101362734163,0.28333388715048013,0.11364250614765796,0.9352392965624506,0.10799520043888843
642,0.007057057057057059,7.0165941415306055,7.06646608098584,6.898399167471729,6.7309042488076845,6.715344347047081,6.919905933456771,6.1982925867702265,6.105776100771894,6.190848847189856,0.5905354273093311,0.08541163825849481,0.28273965565648856,0.11372929876628372,0.9344195770427963,0.10806328385748257
643,0.0074574574574574615,7.01894360961667,7.068845266626568,6.9005930607058374,6.733618728907285,6.718037960704256,6.92271576711846,6.201560814215128,6.108997181211084,6.194219588010403,0.5898340254385817,0.0854122881161784,0.28214441344742697,0.1138157595480591,0.9335995685232311,0.10813073591522504
644,0.007857857857857864,7.021286807715118,7.071218128918706,6.902779914066045,6.736328348223034,6.720725845144635,6.925518785678065,6.20482430443489,6.112212716390701,6.197583826910888,0.589131936905015,0.0854129624217435,0.28154814739741596,0.11390188881316457,0.9327792500523759,0.10819755308090698
645,0.008258258258258266,7.0236237231019185,7.073584647575223,6.904959697362379,6.7390330987629445,6.723407991483252,6.928314971472737,6.208083073964014,6.115422705331419,6.200941554498918,0.5884291451590558,0.08541366043962685,0.2809508443362913,0.11398768697923368,0.9319586013050155,0.10826373165100088
646,0.008658658658658669,7.025954342366673,7.07594480195338,6.907132379875458,6.741732971375518,6.7260843908760455,6.931104306482945,6.211337137164031,6.11862714686051,6.204292761000819,0.5877256339278931,0.08541438147757817,0.28035249104968346,0.11407315456132654,0.9311376025913035,0.1083292677493351
647,0.009059059059059071,7.028278651394997,7.078298571053202,6.909297930359327,6.744427955740561,6.728755034515152,6.9338867723306,6.214586506188222,6.121826039612982,6.207637436265401,0.5870213872187972,0.08541512488676924,0.27975307427877,0.11415829217167957,0.9303162348640566,0.1083941573270081
648,0.009459459459459474,7.030596635351563,7.080645933516044,6.91145631704469,6.7471180403619275,6.731419913623858,6.936662350277456,6.217831190951003,6.125019382033213,6.210975569768307,0.5863163893213428,0.08541589006178327,0.27915258071970017,0.11424310051923865,0.9294944797241099,0.10845839616250433
649,0.009859859859859876,7.03290827866381,7.0829868676232355,6.913607507642551,6.749803212562177,6.73407901945124,6.939431021223825,6.221071199102014,6.128207172377034,6.2143071506169605,0.5856106248085462,0.08541667644048959,0.2785509970226648,0.1143275804089758,0.9286723194237623,0.10852197986203496
650,0.010260260260260279,7.035213565006348,7.085321351294816,6.915751469348234,6.752483458479183,6.736732343266474,6.942192765707558,6.224306536004972,6.131389408714282,6.217632167556072,0.5849040785369075,0.08541748350379502,0.27794830979063995,0.11441173274098292,0.9278497368682656,0.10858490386008383
651,0.010660660660660681,7.037512477286083,7.087649362088336,6.917888168845804,6.75515876306468,6.739379876352853,6.944947563903346,6.227537204721296,6.134566088931796,6.220950608973705,0.5841967356453606,0.08541831077528475,0.27734450557776935,0.11449555850935159,0.9270267156154146,0.10864716342016094
652,0.011061061061061084,7.039804997628078,7.089970877197742,6.920017572312847,6.7578291100847485,6.74202161000151,6.94769539562231,6.230763205998559,6.137737210736836,6.224262462907891,0.5834885815531337,0.08541915782074333,0.2767395708874014,0.11457905880083429,0.9262032398732062,0.10870875363575605
653,0.011461461461461486,7.042091107362175,7.092285873452329,6.922139645425639,6.760494482122249,6.744657535504848,6.950436240311896,6.233984538263758,6.140902771660938,6.227567717053754,0.5827796019565294,0.0854200242475651,0.27613349216978383,0.11466223479329525,0.9253792944956004,0.10876966943149842
654,0.011861861861861889,7.044370787010383,7.094594327315757,6.924254353364649,6.76315486058118,6.747287644149713,6.953170077056067,6.237201197621402,6.144062769064145,6.230866358771161,0.5820697828246285,0.0854209097040531,0.2755262558193936,0.11474508775394507,0.9245548649764038,0.10882990556450597
655,0.012262262262262291,7.04664401627507,7.096896214885139,6.926361660820416,6.765810225692957,6.749911927210309,6.955896884575805,6.2404131778564205,6.147217200139638,6.234158375092846,0.5813591103939351,0.08542181387860835,0.2749178481719297,0.11482761903737171,0.9237299374412954,0.10888945662593309
656,0.012662662662662694,7.048910774027951,7.0991915118901865,6.928461531999747,6.768460556524605,6.752530375940857,6.958616641229913,6.243620470441869,6.15036606191873,6.237443752733012,0.5806475711619693,0.08542273649881613,0.27430825550094873,0.11490983008336769,0.9229044986380192,0.10894831704271221
657,0.013063063063063096,7.051171038299909,7.101480193692413,6.930553930632249,6.771105830988834,6.7551429815680395,6.961329325016126,6.246823064551401,6.153509351276196,6.240722478096376,0.5799351518798337,0.08542367733042891,0.27369746401415695,0.1149917224145566,0.9220785359247848,0.10900648107948521
658,0.013463463463463499,7.053424786271644,7.103762235284393,6.932638819977173,6.773746025855977,6.75774973528322,6.96403491357252,6.250020947076453,6.156647064935939,6.243994537287647,0.5792218395437634,0.08542463617625244,0.2730854598493576,0.11507329763382815,0.9212520372569092,0.10906394284072109
659,0.013863863863863901,7.0556719942651664,7.106037611289079,6.934716162830567,6.776381116767782,6.760350628234464,6.9667333841792285,6.253214102648123,6.159779199476946,6.247259916121403,0.5785076213856875,0.08542561287493784,0.2724722290700543,0.1151545574215831,0.9204249911717421,0.10912069627302755
660,0.014264264264264304,7.057912637736157,7.108306295959156,6.936785921532707,6.779011078252998,6.762945651518379,6.9694247137604615,6.256402513663644,6.162905751339538,6.250518600132354,0.5777924848628231,0.08542660729968513,0.27185775766072384,0.11523550353279892,0.9195973867719163,0.10917673516764645
661,0.01466466466466465,7.060146691267184,7.110568263176457,6.938848057975822,6.781635883744758,6.765534796171769,6.972108878886821,6.259586160317409,6.166026716831863,6.253770574585958,0.5770764176463311,0.08542761935686304,0.2712420315217575,0.11531613779391736,0.9187692137069818,0.1092320531631368
662,0.015065065065065053,7.062374128561802,7.1128234864514175,6.94090253361206,6.7842555055996865,6.768118053163155,6.974785855777925,6.26276502063646,6.169142092136629,6.2570158244893745,0.5763594076090567,0.08542864898454927,0.2706250364640701,0.11539646209957229,0.91794046215347,0.1092866437482495
663,0.015465465465465456,7.06459492243952,7.115071938922569,6.94294930946172,6.786869915118727,6.770695413384135,6.977455620305314,6.265939070520334,6.172251873318045,6.260254334602725,0.5756414428123925,0.08542969615099948,0.27000675820340714,0.11547647840914876,0.9171111227934435,0.10934050026497982
664,0.015865865865865858,7.066809044831665,7.117313593356077,6.944988346121705,6.78947908256962,6.773266867640641,6.980118147995669,6.269108283785196,6.175356056328932,6.263486089450628,0.5749225114922932,0.08543076085304854,0.26938718235432035,0.11555618874319898,0.9162811867916132,0.10939361591181915
665,0.01626626626626626,7.06901646677813,7.1195484221453205,6.947019603774194,6.792082977211,6.775832406644073,6.982773414034307,6.272272632212125,6.178454637018002,6.266711073334004,0.5742026020444752,0.08543184311445054,0.2687662944238629,0.1156355951797147,0.9154506457710477,0.10944598374718312
666,0.016666666666666663,7.0712171584250125,7.121776397310494,6.949043042195519,6.794681567318059,6.7783920210023565,6.98542139326897,6.275432085599445,6.18154761113726,6.269929270342091,0.5734817030088403,0.08543294298416644,0.2681440798049759,0.11571469985026489,0.9146194917875852,0.10949759669304013
667,0.017067067067067065,7.073411089023142,7.123997490498267,6.951058620765219,6.797274820209721,6.780945701210918,6.9880620602138945,6.278586611818977,6.184634974349494,6.2731406643646785,0.572759803053168,0.08543406053460083,0.2675205237696037,0.11579350493601323,0.9137877173029928,0.10954844753871894
668,0.017467467467467468,7.0755982269275,7.126211672981451,6.953066298475269,6.79986270227728,6.7834934376436085,6.99069538905417,6.281736176876072,6.187716722235857,6.2763452391045,0.5720368909560999,0.08543519585980328,0.2668956114615256,0.11587201266362515,0.9129553151569552,0.10959852894491187
669,0.01786786786786787,7.077778539597531,7.128418915658714,6.955066033939449,6.802445179014438,6.786035220543592,6.993321353650356,6.2848807449732895,6.190792850303475,6.279542978089782,0.5713129555894788,0.08543634907363067,0.26626932788893365,0.11595022530106683,0.9121222785379701,0.10964783344786382
670,0.018268268268268273,7.079951993598333,7.1306191890543245,6.957057785402852,6.805022215048682,6.788571040014205,6.995939927543389,6.288020278577559,6.193863353993079,6.2827338646869055,0.5705879859000722,0.0854375203078882,0.26564165791676025,0.11602814515332273,0.9112886009532266,0.109696353463765
671,0.018668668668668675,7.082118554602729,7.132812463317913,6.959041510751507,6.80759377417395,6.791100886009816,6.998551083959733,6.291154738490682,6.196928228686618,6.285917882113156,0.5698619708907308,0.08543870971044791,0.2650125862587643,0.11610577455802301,0.910454276197553,0.10974408129331896
672,0.019069069069069078,7.084278187394217,7.134998708224276,6.96101716752209,6.810159819384492,6.7936247483267,7.001154795816811,6.294284083923005,6.199987469714835,6.289095013449539,0.5691348996010238,0.08543991744335883,0.2643820974693947,0.11618311588101224,0.9096192983215106,0.1097910091265141
673,0.01946946946946948,7.086430855870774,7.137177893173194,6.962984712911717,6.812720312909903,6.796142616593933,7.003751035728669,6.297408272570081,6.203041072364761,6.2922652416536184,0.568406761087409,0.0854411436809528,0.26375017593544303,0.11626017151185747,0.9087836615987301,0.10983712904758705
674,0.019869869869869883,7.0885765230495315,7.139349987189284,6.964944103787794,6.815275216251205,6.798654480264351,7.0063397760119,6.300527260692171,6.2060890318871165,6.295428549572371,0.56767754440297,0.08544238860795277,0.26311680586749836,0.11633694385930902,0.9079473604925626,0.10988243304017319
675,0.020270270270270285,7.090715151072281,7.141514958921874,6.966895296697902,6.8178244902179586,6.801160328605553,7.0089209886918,6.303641003196366,6.209131343503578,6.298584919955008,0.5669472385767853,0.08544365241759556,0.26248197129121503,0.11641343534673698,0.9071103896221502,0.10992691299265588
676,0.020670670670670688,7.092846701211829,7.143672776644904,6.968838247879705,6.820368094966289,6.803660150690994,7.011494645508765,6.306749453721175,6.212168002413888,6.3017343354657465,0.5662158325929724,0.08544493530977203,0.2618456560384223,0.1164896484075407,0.9062727437279944,0.10997056070370222
677,0.02107107107107109,7.0949711338791595,7.14582340825685,6.970772913270855,6.82290599003778,6.806153935391179,7.014060717924899,6.309852564723373,6.215199003802779,6.304876778696499,0.5654833153694562,0.08544623748919498,0.2612078437380656,0.1165655854805538,0.90543441763712,0.11001336788799262
678,0.021471471471471493,7.097088408631411,7.14796682128067,6.972699248518873,6.825438134399139,6.808641671364963,7.0166191771308535,6.312950287566905,6.218224342846675,6.308012232179462,0.5647496757365177,0.08544755916360247,0.2605685178070215,0.11664124900545388,0.9045954062279221,0.11005532618213754
679,0.021871871871871895,7.09919848418064,7.150102982863788,6.974617208990998,6.827964486482571,6.811123347050981,7.019169994052868,6.316042572613657,6.221244014720159,6.311140678399554,0.5640149024151767,0.08544890054200274,0.2599276614407888,0.11671664141819067,0.903755704394797,0.11009642715078094
680,0.022272272272272298,7.101301318403363,7.15223185977808,6.976526749783965,6.830485004226771,6.813598950659226,7.0217131393600125,6.31912936931589,6.224258014602167,6.3142620998067125,0.5632789839954494,0.08545026183296786,0.2592852576040678,0.11679176514644352,0.9029153070126327,0.11013666229288531
681,0.0226726726726727,7.103396868350845,7.154353418419908,6.978427825733706,6.832999645118458,6.816068470162787,7.024248583471618,6.322210626310119,6.227266337681882,6.317376478827981,0.56254190891455,0.08545164324298687,0.2586412890212566,0.11686662260512151,0.9020742089012745,0.11017602304820243
682,0.023073073073073103,7.105485090260135,7.15646762481016,6.980320391424952,6.835508366234372,6.818531893289763,7.0267762965649,6.325286291512241,6.230268979164308,6.3204837978793975,0.5618036654350758,0.08545304497487988,0.25799573816687016,0.11694121619192119,0.901232404790042,0.1102145008039153
683,0.023473473473473505,7.107565939565809,7.158574444594331,6.982204401200711,6.838011124283643,6.8209892075153595,7.029296248582743,6.328356312213691,6.233265934275503,6.323584039377634,0.5610642416232334,0.08545446722628466,0.2573485872559091,0.11701554828294977,0.900389889282389,0.11025208690145663
684,0.023873873873873908,7.109639370912407,7.160673843042617,6.984079809171602,6.840507875650465,6.823440400054204,7.0318084092416555,6.33142063517841,6.236257198267422,6.326677185751375,0.5603236253271595,0.08545591018822041,0.25669981823417976,0.11708962122842997,0.8995466568208177,0.11028877264348742
685,0.02427427427427431,7.111705338167543,7.1627657850500475,6.9859465692250335,6.842998576436971,6.825885457852865,7.034312748039879,6.33447920674043,6.239242766422389,6.329763219452411,0.5595818041553846,0.08545737404373643,0.2560494127686007,0.11716343734849943,0.8987027016521114,0.1103245493010466
686,0.024674674674674713,7.113763794435661,7.164850235136634,6.987804635034191,6.845483182506243,6.828324367582618,7.0368092342656325,6.337531972901838,6.242222634057125,6.33284212296641,0.5588387654554937,0.08545885896664944,0.2553973522375001,0.11723699892911013,0.8978580177929946,0.11035940812084287
687,0.025075075075075115,7.115814692072412,7.1669271574475575,6.989653960066832,6.847961649525361,6.830757115632435,7.039297837005504,6.34057887943091,6.245196796526358,6.335913878823368,0.5580944962930363,0.08546036512037788,0.25474361772092663,0.11731030821805222,0.8970125989963043,0.11039334033270191
688,0.025475475475475462,7.11785798269963,7.168996515753378,6.991494497593848,6.850433933008419,6.833183688102256,7.04177852515295,6.343619871960215,6.248165249225961,6.338978469607693,0.5573489834307321,0.08546189265687806,0.254088189990989,0.11738336742109977,0.8961664387177565,0.1104263371571482
689,0.025875875875875864,7.119893617220869,7.1710582734502735,6.993326200697602,6.852899988359408,6.83560407079651,7.044251267416915,6.346654896084455,6.251127987595614,6.34203587796792,0.5566022133080225,0.08546344171568691,0.2534310495022407,0.1174561786982984,0.895319530083396,0.11045838981311551
690,0.026276276276276267,7.121921545837489,7.173112393560319,6.995149022279982,6.855359770914903,6.838018249217921,7.046716032330547,6.34968389745784,6.254085007120965,6.345086086626025,0.5558541720210202,0.08546501242307754,0.2527721763821321,0.117528744160409,0.8944718658578105,0.11048948952578024
691,0.02667667667667667,7.123941718065251,7.175158838731786,6.9969629150701955,6.85781323598645,6.840426208561611,7.049172788260006,6.352706821890783,6.257036303335289,6.348129078386325,0.5551048453029009,0.08546660489133051,0.25211155042153527,0.11760106586550684,0.8936234384132014,0.11051962753449945
692,0.027077077077077072,7.125954082751394,7.177197571239484,6.998767831632253,6.860260338902588,6.842827933709497,7.051621503413347,6.355723615445708,6.259981871820597,6.351164836143952,0.5543542185047832,0.08546821921812701,0.25144915106537624,0.1176731458157612,0.8927742396993676,0.11054879510085552
693,0.027477477477477474,7.127958588092166,7.179228552985128,7.000563724372135,6.862701035050417,6.845223409224995,7.054062145849468,6.358734224531762,6.262921708208225,6.3541933428928665,0.5536022765771397,0.08546985548606563,0.2507849574033679,0.11774498595439112,0.8919242612147028,0.11057698351677285
694,0.027877877877877877,7.129955181650775,7.181251745497754,7.00235054554463,6.865135279916627,6.84761261934805,7.05649468348711,6.361738595998232,6.265855808178847,6.357214581733414,0.5528490040517924,0.08547151376230895,0.2501189481608884,0.11781658816282224,0.8910734939782659,0.11060418411272524
695,0.02827827827827828,7.131943810375732,7.183267109934157,7.004128247259808,6.867563029127924,6.849995547990492,7.058919084113911,6.3647366772264595,6.268784167461931,6.360228535879399,0.5520943850245212,0.08547319409836142,0.249451101689986,0.11788795425804073,0.8902219285030077,0.11063038826599167
696,0.028678678678678682,7.13392442061955,7.185274607079375,7.005896781489133,6.869984238490752,6.8523721787317164,7.061335315395465,6.367728416220067,6.2717067818346175,6.363235188664669,0.5513384031383333,0.08547489652997964,0.24878139596056678,0.11795908599016226,0.8893695547701957,0.11065558740896353
697,0.029079079079079084,7.135896958157765,7.18727419734721,7.007656100071177,6.872398864030261,6.854742494814715,7.063743344884427,6.370713761693296,6.274623647120011,6.36623452354919,0.5505810415674317,0.0854766210772228,0.2481098085517394,0.11802998504022547,0.8885163622051401,0.110679773037488
698,0.029479479479479487,7.137861368208255,7.18926584078079,7.009406154716941,6.874806862028423,6.85710647914245,7.066143140029596,6.373692663157274,6.277534759184881,6.369226524124609,0.5498222830019204,0.08547836774463682,0.24743631664336943,0.11810065301820645,0.8876623396542456,0.11070293671922136
699,0.02987987987987989,7.139817595450808,7.191249497053166,7.011146897014741,6.877208189061234,6.8594641142745765,7.068534668185009,6.376665071004028,6.280440113936767,6.37221117411929,0.5490621096332745,0.08548013652158426,0.2467608970078257,0.11817109146128134,0.8868074753634729,0.1107250701019936
700,0.03028028028028029,7.141765584046919,7.193225125467957,7.01287827843467,6.879602802034934,6.861815382424525,7.070917896619002,6.379630936588061,6.283339707320485,6.375188457402814,0.5483005031406197,0.08548192738271031,0.24608352600195502,0.11824130183232444,0.8859517569582518,0.11074616492215252
701,0.030680680680680694,7.143705277659774,7.1951926849600385,7.014600250332599,6.881990658221162,6.864160265456938,7.073292792523243,6.3825902123053435,6.286233535314034,6.378158357989945,0.5475374446778406,0.08548374028855342,0.2454041795592942,0.11831128551866714,0.8850951714248885,0.11076621301288661
702,0.031081081081081097,7.145636619474385,7.1971521340962665,7.016312763953718,6.884371715290996,6.866498744885475,7.075659323021716,6.385542851669518,6.289121593923904,6.381120860044041,0.5467729148615544,0.08548557518629799,0.2447228331825219,0.11838104383110759,0.8842377050935375,0.11078520631249629
703,0.0314814814814815,7.147559552217844,7.199103431076255,7.018015770435596,6.886745931347795,6.868830801870979,7.078017455179647,6.388488809385199,6.2920038791797825,6.384075947879918,0.5460068937599734,0.08548743201066725,0.2440394619361756,0.11845057800319017,0.8833793436227554,0.11080313687260343
704,0.0318818818818819,7.149474018179664,7.201046533733188,7.019709220810743,6.8891132649587945,6.871156417220005,7.0803671560123504,6.391428041418186,6.294880387128673,6.387023605966157,0.5452393608826797,0.08548931068495988,0.2433540404396447,0.11851988919075304,0.8825200719856814,0.11081999686628985
705,0.032282282282282304,7.151379959232158,7.202981399534688,7.021393066008671,6.891473675185391,6.873475571383719,7.0827083924939975,6.394360505062463,6.297751113828423,6.389963818926859,0.5444702951713389,0.08549121112222506,0.24266654286044131,0.11858897847175047,0.8816598744578935,0.11083577859612496
706,0.03268268268268271,7.153277316850837,7.204907985583722,7.023067256857442,6.893827121612052,6.875788244457164,7.085041131566283,6.397286159003845,6.3006160553406705,6.392896571542834,0.5436996749913632,0.08549313322658042,0.2419769429077672,0.11865784684635527,0.8807987346069452,0.11085047450210081
707,0.03308308308308311,7.155166032134785,7.206826248619554,7.024731744084678,6.896173564373808,6.878094416178884,7.087365340146972,6.400204963380137,6.3034752077232215,6.395821848752246,0.5429274781245552,0.08549507689466163,0.2412852138263963,0.11872649523734392,0.8799366352836238,0.11086407716941798
708,0.03348348348348351,7.157046045826961,7.208736145018746,7.026386478318038,6.8985129641822605,6.88039406593092,7.0896809851383304,6.403116879837687,6.30632856702187,6.398739635650693,0.5421536817627285,0.08549704201721284,0.24059132839085803,0.11879492449076787,0.8790735586149443,0.11087657933613723
709,0.033883883883883914,7.158917298334427,7.2106376307962075,7.028031410085149,6.900845282350072,6.882687172739159,7.091988033435413,6.406021871584228,6.30917612926167,6.401649917490738,0.5413782625023383,0.08549902848080768,0.23989525889995797,0.1188631353769153,0.8782094859989018,0.11088797390066603
710,0.034284284284284317,7.16077972974842,7.212530661606277,7.029666489812976,6.903170480813875,6.884973715274042,7.094286451934194,6.4089199034378925,6.312017890437672,6.404552679680897,0.5406011963401117,0.08550103616970069,0.23919697717162233,0.11893112859156255,0.8773443981009791,0.11089825392905837
711,0.03468468468468472,7.16263327986428,7.214415192743867,7.031291667826626,6.905488522155584,6.88725367185163,7.096576207539538,6.411810941872313,6.314853846505154,6.407447907784085,0.5398224586696995,0.08550306496780545,0.23849645453808901,0.11899890475751874,0.8764782748524313,0.11090741266212739
712,0.03508508508508512,7.16447788820116,7.216291179145639,7.032906894347592,6.907799369622025,6.889527020435007,7.0988572671729875,6.414694955057716,6.317683993369344,6.410335587515523,0.5390420242793471,0.085505114760797,0.23779366184144698,0.11906646442646568,0.8756110954503394,0.11091544352234002
713,0.035485485485485524,7.166313494021515,7.218158575391227,7.0345121194914,6.910102987142905,6.891793738636039,7.101129597780364,6.417571912897941,6.320508326874675,6.413215704740132,0.5382598673505865,0.08550718543833334,0.23708856942952125,0.11913380808109028,0.8747428383594357,0.11092234012048802
714,0.035885885885885926,7.168140036350303,7.220017335704506,7.036107293264695,6.912399339347035,6.894053803717459,7.1033931663391545,6.420441787063297,6.323326842793584,6.416088245469399,0.5374759614579522,0.0855092768963912,0.23638114715213127,0.11920093613751,0.8738734813156838,0.11092809626210898
715,0.03628628628628627,7.169957453993898,7.221867413954896,7.037692365561721,6.914688391576807,6.896307192595284,7.105647939865688,6.423304551019224,6.326139536814874,6.418953195857744,0.5366902795697116,0.08551138903971511,0.23567136435769892,0.11926784894799282,0.8730030013316161,0.11093270595365873
716,0.036686686686686676,7.171765685558653,7.223708763658707,7.039267286160223,6.9169701099008964,6.898553881841556,7.107893885422079,6.426160180050685,6.328946404531678,6.421810542198399,0.5359027940496115,0.08551352178437127,0.23495918989023307,0.11933454680397039,0.8721313747033986,0.11093616340840706
717,0.03708708708708708,7.173564669469106,7.225541337980526,7.04083200471675,6.919244461125149,6.90079384768739,7.110130970122918,6.42900865128226,6.331747441429035,6.424660270918794,0.5351134766596274,0.08551567506040128,0.23424459208668894,0.11940102993933535,0.8712585770196035,0.11093846305204588
718,0.03748748748748748,7.175354343985763,7.227365089734633,7.042386470761364,6.9215114128016575,6.903027066026333,7.112359161141722,6.431849943693913,6.3345426428711225,6.4275023685754995,0.5343222985637014,0.08551784881457458,0.23352753877468857,0.11946729853403047,0.8703845831716692,0.11093959952800769
719,0.03788788788788788,7.177134647222468,7.229179971386452,7.043930633691756,6.923770933235994,6.905253512418011,7.114578425717095,6.434684038132405,6.337332004088163,6.4303368218486945,0.5335292303324645,0.0855200430132277,0.23280799727062984,0.11953335271791811,0.8695093673660111,0.11093956770246372
720,0.038288288288288286,7.17890551716329,7.230985935054039,7.045464442766772,6.926022991492595,6.907473162092065,7.116788731158623,6.437510917318338,6.340115520163042,6.433163617536223,0.5327342419489165,0.08552225764519032,0.2320859343781641,0.11959919257492917,0.8686329031377493,0.11093836266900746
721,0.03868868868868869,7.180666891678922,7.232782932509586,7.046987847099331,6.92826755739829,6.909685989952346,7.118990044852466,6.440330565848847,6.3428931860176725,6.435982742547219,0.5319373028150514,0.08552449272478786,0.231361316387053,0.11966481814749046,0.8677551633660129,0.11093597975300389
722,0.03908908908908909,7.182418708542554,7.234570915180961,7.048500795648772,6.930504601543963,6.911891970581399,7.121182334266642,6.443142970195917,6.345664996399124,6.4387941838953475,0.531138381759406,0.08552674829491803,0.23063410907239787,0.11973022944121443,0.8668761202907822,0.11093241451559423
723,0.03948948948948949,7.184160905445185,7.236349834153262,7.050003237212605,6.932734095284354,6.914091078245159,7.123365566955996,6.445948118700377,6.348430945865578,6.441597928691654,0.5303374470455045,0.08552902443018828,0.22990427769425087,0.11979542642985955,0.8659957455312041,0.11092766275735132
724,0.039889889889889896,7.185893420010365,7.23811964017039,7.051495120417677,6.934956010735999,6.916283286897913,7.125539710566837,6.448746001561566,6.351191028772126,6.444393964137069,0.5295344663811763,0.08553132124011803,0.22917178699758634,0.11986040906054461,0.8651140101053514,0.11092172052157426
725,0.0402902902902903,7.187616189808311,7.239880283636638,7.052976393710764,6.937170320773319,6.918468570187476,7.127704732841231,6.451536610822733,6.353945239256447,6.447182277514562,0.5287294069287182,0.08553363887238824,0.2284366012126462,0.11992517725921256,0.8642308844513527,0.11091458409721441
726,0.0406906906906907,7.189329152369401,7.2416317146182845,7.054447005348603,6.939376999022858,6.920646901460562,7.1298606016209405,6.454319940352203,6.3566935712244215,6.449962856180999,0.5279222353158685,0.085535977516136,0.22769868405565402,0.11998973093633888,0.8633463384498301,0.11090625002143319
727,0.0410910910910911,7.191032245197002,7.243373882845198,7.055906903387348,6.941576019855699,6.922818253768373,7.132007284850995,6.4570959858203665,6.3594360183357015,6.452735687558688,0.5271129176475629,0.08553833740528775,0.22695799872988273,0.12005406999287177,0.8624603414475949,0.1108967150817671
728,0.041491491491491506,7.192725405779613,7.245106737712434,7.057356035671484,6.943767358378056,6.9249825998723535,7.1341447505828945,6.45986474467256,6.362172573989288,6.455500759126664,0.5263014195184343,0.08554071882192245,0.2262145079270795,0.12011819432639999,0.8615728622825235,0.11088597631792202
729,0.04189189189189191,7.194408571602299,7.24683022828183,7.058794349822189,6.945950990420093,6.927139912250115,7.136272966977414,6.4626262160979095,6.364903231309156,6.458258058411732,0.525487706026019,0.08554312209965668,0.22546817382923381,0.12018210383753276,0.8606838693095401,0.11087403102316871
730,0.04229229229229231,7.196081680157405,7.248544303283592,7.060221793225176,6.948126892522957,6.929290163101507,7.138391902307014,6.465380400994223,6.367627983129961,6.461007572979284,0.5246717417846363,0.08554554762704311,0.2247189581106992,0.12024579843648842,0.8597933304276338,0.110860876745349
731,0.04269269269269271,7.197744668954505,7.250248911117856,7.061638313018002,6.950295041924081,6.93143332435483,7.140501524957849,6.468127301929019,6.370346821982891,6.463749290423915,0.5238534909398885,0.08554799585097862,0.22396682194063336,0.12030927804987589,0.8589012131078341,0.11084651128748528
732,0.043093093093093116,7.199397475529599,7.2519439998562385,7.063043856076884,6.952455416540783,6.933569367673161,7.142601803431347,6.470866923096787,6.373059740081674,6.466483198359878,0.5230329171837559,0.08555046728010995,0.2232117259857741,0.12037254262766,0.8580074844220666,0.1108309327079943
733,0.04349349349349352,7.201040037453505,7.253629517243344,7.064438369003011,6.954607994952189,6.935698264460779,7.144692706345367,6.47359927027261,6.375766729308814,6.469209284411384,0.5222099837702227,0.08555296248822916,0.22245363041352817,0.12043559215029581,0.8571121110727865,0.11081413932050375
734,0.04389389389389392,7.20267229233946,7.2553054106982495,7.065821798108386,6.956752756379528,6.9378199858696865,7.146774202434919,6.476324350762231,6.378467781202092,6.471927536202786,0.5213846535314032,0.0855554821176556,0.22169249489536316,0.1204984266360271,0.8562150594233342,0.11079612969326229
735,0.04429429429429432,7.204294177849897,7.256971627315935,7.0671940894012035,6.9588896806648215,6.939934502806188,7.148846260552432,6.479042173348723,6.381162886941363,6.47463794134867,0.5205568888941128,0.0855580268825879,0.2209282786105079,0.12056104614832415,0.8553162955288843,0.11077690264816328
736,0.044694694694694725,7.2059056317023815,7.2586281138686735,7.068555188570788,6.961018748248051,6.9420417859375325,7.150908849667575,6.481752748235867,6.383852037335707,6.477340487443871,0.5197266518968391,0.08556059757242707,0.22016094024991942,0.12062345080345722,0.854415785167946,0.11075645725936184
737,0.04509509509509513,7.207506591674711,7.260274816807351,7.0699050409721,6.963139940142806,6.94414180569858,7.1529619388666035,6.484456086988401,6.386535222810978,6.480035162053459,0.5188939042070561,0.08556319505505432,0.21939043802053967,0.12068564077818773,0.8535134938742642,0.11073479285150149
738,0.04549549549549553,7.20909699560915,7.261911682262738,7.071243591609843,6.965253237910494,6.946234532298496,7.155005497351242,6.487152202469262,6.389212433397782,6.482721952702695,0.5180586071388426,0.08556582028006063,0.21861672964981124,0.12074761631756117,0.8526093869690795,0.11071190899754312
739,0.04589589589589593,7.210676781415791,7.263538656046672,7.072570785122183,6.967358623633162,6.9483199357274446,7.1570394944370825,6.489841108773993,6.391883658719951,6.485400846867016,0.5172207216707365,0.08556847428191784,0.21783977239043342,0.12080937774278801,0.8517034295936151,0.11068780551620405
740,0.046296296296296335,7.212245887075044,7.265155683653163,7.073886565764101,6.969456079884973,6.95039798576326,7.159063899551495,6.492522821162472,6.394548887983523,6.488071831962038,0.5163802084637851,0.08557115818308164,0.2170595230253662,0.12087092545919834,0.8507955867417022,0.11066248246901667
741,0.04669669669669674,7.213804250639241,7.266762710259417,7.075190877390407,6.971545589702418,6.952468651978096,7.161078682231044,6.495197355988121,6.397208109966316,6.490734895333632,0.5155370278797304,0.08557387319702019,0.21627593787305036,0.12093225996424924,0.8498858232924527,0.11063594015698781
742,0.047097097097097085,7.215351810233342,7.268359680726745,7.076483663438431,6.973627136553304,6.954531903745017,7.1630838121184075,6.497864730624762,6.399861313008088,6.493390024248094,0.5146911399992783,0.08557662063115952,0.21548897279283757,0.12099338185557577,0.8489741040428708,0.11060817911689715
743,0.04749749749749749,7.216888504054753,7.269946539601383,7.077764866910425,6.975700704304601,6.956587710244525,7.165079258958783,6.500524963391325,6.402508485001371,6.496037205882415,0.5138425046403904,0.08557940188973531,0.2146985831906167,0.12105429183905987,0.8480603937402975,0.11057920011720535
744,0.04789789789789789,7.218414270372235,7.271523231115177,7.079034430355691,6.977766277189203,6.958636040471008,7.16706499259578,6.503178073474548,6.405149613382978,6.498676427314703,0.5129910813765536,0.08558221847654493,0.21390472402462057,0.12111499073690492,0.8471446571146012,0.11054900415360044
745,0.04829829829829829,7.219929047523924,7.273089699186153,7.0802922958524634,6.9798238397716865,6.960676863239079,7.169040982966803,6.505824080849885,6.407784685126272,6.501307675514758,0.5121368295549608,0.08558507199759113,0.21310734981139223,0.12117547949569794,0.8462268589100078,0.11051759244417314
746,0.048698698698698695,7.2214327739144375,7.27464588741895,7.08153840498958,6.981873376913113,6.962710147189806,7.171007200097899,6.508463006200803,6.410413686734178,6.503930937334842,0.5112797083145506,0.08558796416360823,0.21230641463190947,0.12123575919443909,0.8453069639164527,0.11048496642423801
747,0.0490990990990991,7.222925388011093,7.276191739105107,7.082772698847954,6.983914873734983,6.9647358607968055,7.172963614098084,6.511094870836662,6.4130366042330325,6.506546199500661,0.5104196766038567,0.08559089679246192,0.21150187213783778,0.12129583105252154,0.8443849370003823,0.11045112774079863
748,0.0494994994994995,7.224406828339218,7.277727197223189,7.083995117981898,6.985948315582386,6.966753972372195,7.1749101951531395,6.513719696609368,6.415653423167264,6.50915344860257,0.5095566931985986,0.0855938718114174,0.21069367555790094,0.12135569643763895,0.8434607431348864,0.11041607824665958
749,0.0498998998998999,7.225877033476582,7.279252204438765,7.085205602400297,6.987973687986438,6.968764450072368,7.176846913518866,6.51633750582901,6.418264128594964,6.511752671087047,0.5086907167189717,0.08559689125926301,0.20988177770436275,0.12141535687360872,0.8425343474290582,0.11037981999420206
750,0.050300300300300305,7.227335942046924,7.280766703104193,7.0864040915476965,6.989990976626094,6.9707672619036,7.178773739513805,6.518948321178674,6.420868705084376,6.514343853248435,0.5078217056465716,0.08559995728828756,0.2090661309795854,0.12147481404808295,0.8416057151565038,0.11034235522881998
751,0.05070070070070071,7.228783492712617,7.282270635258231,7.087590524285304,6.992000167289389,6.972762375727458,7.180690643511418,6.5215521656286395,6.423467136711333,6.516926981220989,0.506949618340903,0.08560307216609728,0.20824668738266527,0.1215340698201332,0.8406748117828806,0.11030368638202682
752,0.05110110110110111,7.230219624166456,7.283763942625457,7.088764838871955,6.994001245834212,6.974749759266004,7.1825975959317185,6.524149062350169,6.426059407057673,6.5195020409712265,0.5060744130554259,0.08560623827726889,0.20742339851612548,0.12159312622768732,0.839741602992392,0.1102638160642336
753,0.05150150150150151,7.231644275122578,7.285246566615471,7.089926972945073,6.995994198148691,6.976729380106763,7.1844945672323695,6.5267390346290854,6.428645499210669,6.522069018290634,0.5051960479530672,0.0856094581248286,0.20659621559264,0.12165198549479544,0.8388060547131211,0.11022274705721641
754,0.051901901901901915,7.23305738430655,7.286718448321901,7.0910768635016375,6.99797901011126,6.978701205707473,7.186381527899227,6.52932210577935,6.431225395763486,6.524627898788706,0.5043144811211765,0.08561273433155318,0.20576508944178884,0.121710650038713,0.8378681331411436,0.11018048230626497
755,0.05230230230230232,7.234458890444606,7.288179528521173,7.092214446879222,6.999955667550504,6.980665203400574,7.188258448436339,6.531898299056852,6.4337990788167145,6.5271786678863695,0.5034296705858451,0.08561606964107905,0.20492997051682144,0.12176912247676741,0.8369278047632923,0.11013702491202411
756,0.05270270270270272,7.235848732252074,7.289629747671051,7.093339658737107,7.001924156204857,6.982621340397433,7.190125299355403,6.534467637573603,6.436366529980966,6.529721310809779,0.5025415743255603,0.08561946691882195,0.20409080890140333,0.12182740563300322,0.835985036378527,0.11009237812204446
757,0.05310310310310312,7.237226848420992,7.29106904590893,7.094452434037526,7.003884461682246,6.984569583792306,7.191982051164678,6.537030144212547,6.438927730380595,6.532255812584528,0.5016501502841404,0.08562292915269012,0.20324755431635022,0.12188550254457095,0.8350397951177961,0.11004654532202829
758,0.053503503503503524,7.238593177606941,7.292497363049889,7.095552707027055,7.005836569419762,6.986509900566,7.193828674357352,6.539585841543192,6.441482660658524,6.534782158030257,0.5007553563829045,0.08562645945359365,0.2024001561263215,0.12194341646785208,0.8340920484623301,0.10999953002679237
759,0.05390390390390393,7.239947658415111,7.293914638584462,7.096640411218197,7.00778046464343,6.988442257589254,7.195665139399366,6.542134751738257,6.444031300982226,6.537300331755692,0.4998571505320355,0.08563006105573448,0.20154856334645976,0.12200115088428862,0.8331417642602749,0.10995133587094824
760,0.05430430430430433,7.241290229385611,7.295320811676153,7.09771547937119,7.009716132328187,6.990366621625798,7.197491416716706,6.544676896491534,6.446573631050837,6.539810318154119,0.49895549064109357,0.08563373731668135,0.20069272464896235,0.12205870950590605,0.8321889107416139,0.10990196659930615
761,0.05470470470470473,7.2426208289780645,7.296715821158666,7.0987778434760695,7.011643557158128,6.992282959335106,7.199307476682154,6.547212296937164,6.449109630103456,6.5423121013993,0.498050334628637,0.08563749171721366,0.19983258836957815,0.12211609628050521,0.831233456531279,0.10985142605700567
762,0.055105105105105134,7.243939395555488,7.298099605532842,7.099827434735033,7.013562723487116,6.994191237274821,7.201113289601513,6.549740973570511,6.4516392769285895,6.544805665441839,0.49714164043092274,0.08564132786093526,0.1989681025140068,0.12217331539650296,0.8302753706604198,0.10979971817938802
763,0.05550550550550554,7.245245867367503,7.2994721029633025,7.10086418354512,7.015473615299832,6.996091421902843,7.202908825699294,6.5522629461708295,6.454162549874798,6.547290994006007,0.4962293660096383,0.08564524947365137,0.19809921476419404,0.12223037128740552,0.8293146225757424,0.10974684698160075
764,0.05590590590590594,7.246540182532888,7.300833251274781,7.101888019481263,7.017376216173353,6.997983479579081,7.204694055103897,6.5547782337259015,6.456679426862506,6.54976807058703,0.4953134693586414,0.08564926040250398,0.19722587248450402,0.12228726863589295,0.8283511821468834,0.10969281654795637
765,0.05630630630630634,7.247822279021498,7.302182987948153,7.102898871279737,7.019270509239329,6.999867376566852,7.206468947832263,6.557286854358819,6.459189885396991,6.552236878448842,0.4943939085096773,0.08565336461485878,0.1963480227277696,0.12234401237749408,0.827385019671754,0.10963763102103942
766,0.056706706706706744,7.249092094635594,7.303521250116126,7.10389666682204,7.021156477146841,7.001743079033931,7.2082334737740235,6.559788825257096,6.46169390258256,6.55469740062231,0.49347064153703785,0.08565756619694459,0.19546561224119538,0.12240060770384144,0.826416105879809,0.10958129459057746
767,0.05710710710710715,7.250349566990594,7.304847974558617,7.1048813331192395,7.023034102026023,7.003610553053231,7.20998760267514,6.562284162604261,6.464191455137892,6.5571496199039165,0.4925436265611474,0.08566186935223619,0.19457858747211246,0.12245706006547696,0.8254444119332106,0.10952381148206675
768,0.05750750750750755,7.251594633495289,7.306163097697786,7.105852796296829,7.024903365452517,7.005469764603137,7.211731304121062,6.564772881514101,6.466682519412534,6.559593518854925,0.4916128217510495,0.08566627839958277,0.19368689457357177,0.12251337517420088,0.8244699094258439,0.10946518594518231
769,0.057907907907907896,7.252827231331541,7.307466555592729,7.106810981580113,7.026764248412827,7.007320679567447,7.213464547519384,6.567254995967705,6.469167071404562,6.562029079800997,0.4906781853257721,0.08567079777107317,0.1927904794097738,0.12256955900494315,0.8234925703801407,0.10940542224195177
770,0.0583083083083083,7.254047297433513,7.308758283933829,7.107755813280168,7.028616731270667,7.0091632637349655,7.215187302082036,6.569730518753452,6.471645086779371,6.564456284832281,0.4897396755545619,0.08567543200964202,0.19188928756131102,0.12262561779714051,0.8225123672417185,0.10934452463472208
771,0.0587087087087087,7.255254768466447,7.310038218036746,7.108687214780411,7.030460793734338,7.010997482798706,7.216899536807001,6.572199461410088,6.474116540889577,6.566875115803949,0.4887972507559716,0.0856801857664098,0.19098326433024193,0.12268155805560514,0.8215292728717798,0.10928249737391228
772,0.059109109109109104,7.25644958080503,7.311306292836056,7.109605108523807,7.032296414825239,7.012823302354724,7.218601220459581,6.574661834173017,6.476581408796029,6.569285554337181,0.48785086929579186,0.08568506379775817,0.1900723547449657,0.12273738655087094,0.8205432605372862,0.10921934468556334
773,0.059509509509509506,7.257631670511391,7.3125624428785265,7.110509416000742,7.0341235728475375,7.014640687900577,7.220292321553211,6.577117645923926,6.479039665289885,6.571687581820603,0.4869004895838153,0.0856900709621403,0.18915650356490324,0.1227931103190005,0.8195543038988785,0.10915507075869499
774,0.05990990990990991,7.258800973312753,7.313806602316032,7.111400057737607,7.035942245359094,7.016449604833402,7.221972808329854,6.579566904143866,6.481491284915734,6.574081179412133,0.48594607006944596,0.08569521221662423,0.18823565528498631,0.12284873666084621,0.8185623769965645,0.10908967973247376
775,0.06031031031031031,7.259957424578779,7.315038704898096,7.112276953286121,7.0377524091436765,7.018250018447613,7.223642648739952,6.5820096148698894,6.483936241995741,6.576466328041265,0.48498756923613456,0.08570049261316895,0.18730975413994616,0.12290427314074308,0.817567454233145,0.10902317568320055
776,0.060710710710710714,7.261100959298653,7.316258683964064,7.113140021213412,7.039554040184526,7.020041893932244,7.225301810422001,6.584445782655329,6.486374510654768,6.5788430084117495,0.48402494559465836,0.08570591729463868,0.18637874410838967,0.1229597275846324,0.8165695103554325,0.10895556261112894
777,0.061111111111111116,7.262231512057931,7.317466472434919,7.113989179092909,7.041347113639332,7.021825196367889,7.226950260681703,6.586875410533827,6.4888060648464485,6.581211201004663,0.48305815767524657,0.0857114914905507,0.18544256891669042,0.1230151080776011,0.8155685204332322,0.10888684442711913
778,0.06151151151151152,7.263349017015203,7.318662002804708,7.114824343496053,7.0431316038166605,7.023599890723301,7.228587966470766,6.589298499987165,6.491230878380157,6.583570886081859,0.482087164018569,0.08571722051256334,0.18450117204266284,0.12307042296082436,0.8145644598361552,0.1088170249391439
779,0.06191191191191192,7.264453407878599,7.319845207131611,7.115645429984873,7.044907484153878,7.025365941851607,7.230214894365325,6.591715050916979,6.493648924948862,6.585922043689771,0.4811119231655874,0.08572310974970522,0.18355449671904114,0.12312568082791324,0.8135573042082467,0.10874610783864753
780,0.062312312312312323,7.265544617882183,7.3210160170286365,7.116452353105438,7.046674727196617,7.0271233144861664,7.231831010544031,6.594125061620404,6.496060178157781,6.5882646536635585,0.4801323936463075,0.0857291646633495,0.1826024859367621,0.12318089052064932,0.8125470294405046,0.10867409668677816
781,0.06271271271271273,7.266622579762278,7.322174363653953,7.117245026382235,7.048433304579819,7.028871973236077,7.233436280765802,6.596528528769705,6.498464611553817,6.590598695631568,0.47914853396744417,0.08573539078193451,0.18164508244805513,0.12323606112410637,0.811533611641306,0.10860099490049652
782,0.06311311311311313,7.267687225733755,7.323320177700851,7.118023362313476,7.0501831870103935,7.030611882581321,7.2350306703472675,6.598925447395909,6.500862198655713,6.5929241490200985,0.47816030259901715,0.08574179369544078,0.18068222876934373,0.12329120196115394,0.8105170271047922,0.10852680573857898
783,0.06351351351351353,7.268738487466324,7.3244533893873545,7.118787272367373,7.051924344251509,7.032343006867578,7.236614144139929,6.601315810876489,6.503252912984875,6.595240993058435,0.4771676579599202,0.08574837904962433,0.17971386718396062,0.12334632258634032,0.8094972522772768,0.10845153228752849
784,0.06391391391391393,7.269776296060887,7.325573928445464,7.119536666979406,7.053656745108565,7.034065310300687,7.238186666507038,6.6036996109270865,6.5056367280968,6.597549206784139,0.47617055840249073,0.08575515254001424,0.17873993974469812,0.12340143277914678,0.8084742637217284,0.10837517744739633
785,0.06431431431431434,7.270800582025967,7.326681724110064,7.120271455550593,7.055380357416848,7.035778756940792,7.239748201300231,6.606076837597295,6.508013617613056,6.599848769048563,0.47516896219611154,0.08576211990568157,0.17776038827618953,0.12345654253662187,0.8074480380803896,0.10829774391755123
786,0.06471471471471474,7.271811275254272,7.32777670510748,7.1209915464468025,7.05709514803089,7.037483310696158,7.241298711835933,6.6084474792704855,6.510383555253758,6.602139658522571,0.474162827509888,0.08576928692278543,0.17677515437713362,0.12351166206538645,0.8064185520356167,0.10821923418237979
787,0.06511511511511514,7.272808304999434,7.3288587996437045,7.121696846999114,7.05880108281556,7.03917893531667,7.242838160871549,6.610811522667648,6.512746514870454,6.604421853702423,0.473152112394448,0.08577665939790519,0.17578417942238472,0.12356680177302218,0.8053857822690085,0.10813965049696954
788,0.06551551551551554,7.273791599852957,7.329927935392295,7.1223872635052565,7.060498126638876,7.040865594387045,7.244366510581474,6.613168952855244,6.515102470479381,6.606695332915821,0.47213677476289767,0.08578424316116529,0.17478740456490643,0.12362197225883223,0.8043497054189035,0.10805899487275783
789,0.06591591591591595,7.274761087721414,7.330984039481959,7.12306270123213,7.0621862433665585,7.04254325131973,7.2458837225329376,6.615519753256994,6.517451396295005,6.608960074328062,0.47111677237099703,0.08579204405916323,0.17378477073761509,0.12367718430399326,0.8033102980363473,0.1079772690631902
790,0.06631631631631635,7.275716695803949,7.332027038483835,7.123723064419442,7.0638653958583175,7.044211869347536,7.247389757661711,6.617863905669568,6.519793266763769,6.611216055948278,0.47009206279659865,0.08580006794771097,0.1727762186551162,0.12373244886109665,0.8022675365396182,0.1078944745493924
791,0.06671671671671675,7.276658350570103,7.333056858398479,7.124368256284457,7.065535545965869,7.045871411515981,7.248884576247703,6.620201390282123,6.522128056597998,6.613463255635744,0.4690626034184072,0.08580832068439696,0.17176168881536832,0.12378777704309148,0.8012213971673967,0.10781061252588392
792,0.06711711711711715,7.277585977738025,7.334073424642576,7.124998179027893,7.067196654532677,7.047521840675393,7.25036813789046,6.6225321856995905,6.52445574080986,6.615701651106205,0.46802835139412036,0.0858168081209819,0.17074112150127363,0.12384318011162747,0.8001718559307094,0.10772568388633844
793,0.06751751751751756,7.278499502253088,7.3350766620353856,7.1256127338409465,7.068848681395412,7.049163119472743,7.25184040148461,6.624856268969648,6.526776294745327,6.617931219938204,0.4669892636380078,0.08582553609564023,0.1697144567822226,0.12389866946482667,0.7991188885637299,0.10763968920943714
794,0.06791791791791796,7.279398848266971,7.33606649478494,7.126211820913495,7.070491585387087,7.050795210343255,7.253301325195267,6.62717361561327,6.529089694118034,6.620151939579367,0.46594529679800206,0.08583451042505517,0.1686816345156217,0.12395425662447832,0.7980624704735693,0.10755262874480781
795,0.0683183183183183,7.28028393911723,7.337042846474012,7.126795339443447,7.0721253243418785,7.052418075501787,7.25475086643343,6.629484199658763,6.5313959150429834,6.622363787352627,0.46489640723235626,0.08584373689638525,0.16764259434840556,0.12400995322268055,0.7970025766891646,0.10746450239909826
796,0.06871871871871871,7.2811546973074,7.3380056400458695,7.127363187647275,7.073749855101587,7.054031676934002,7.2561889818314,6.631787993679166,6.5336949340699855,6.624566740462343,0.4638425509859442,0.08585322125910992,0.1665972757185738,0.12406577098793962,0.7959391818093832,0.10737530972218681
797,0.06911911911911911,7.282011044487673,7.338954797789835,7.127915262771718,7.075365133523708,7.0556359763873315,7.257615627218241,6.634084968832881,6.535986728216771,6.626760776000287,0.4627836837662765,0.08586296921677172,0.1655456178567698,0.12412172173074819,0.7948722599504792,0.10728504989356957
798,0.06951951951951951,7.28285290143618,7.339890241326675,7.1284514611066685,7.076971114491091,7.057230935361764,7.259030757595327,6.636375094907428,6.538271275001682,6.62894587095146,0.461719760919302,0.08587298641862585,0.16448755978792304,0.12417781732865078,0.793801784693025,0.10719372170893449
799,0.06991991991991992,7.283680188040929,7.340811891593835,7.128971677999239,7.078567751923125,7.058816515100454,7.260434327111986,6.638658340366149,6.540548552475856,6.63112200219971,0.46065073740507606,0.08588327845121298,0.16342304033299096,0.12423406971082954,0.7927277290284471,0.10710132356696261
800,0.07032032032032032,7.284492823282408,7.341719668830548,7.129475807869011,7.080154998788433,7.060392676580178,7.261826289041295,6.640934672397737,6.542818539254829,6.633289146533121,0.4595765677733629,0.08589385082986967,0.1623519981108096,0.12429049084221806,0.7916500653053047,0.10700785345636991
801,0.07072072072072072,7.285290725216919,7.342613492562843,7.12996374422446,7.081732807119005,7.06195938050163,7.263206595756027,6.643204056968422,6.545081214549445,6.635447280649125,0.4584972061392677,0.08590470899018998,0.16127437154010532,0.12434709270717685,0.7905687651754472,0.10691330894322212
802,0.07112112112112112,7.286073810960663,7.343493281588466,7.130435379680557,7.083301128025735,7.063516587279607,7.264575198704818,6.645466458876633,6.547336558196014,6.637596381159327,0.45741260615896523,0.0859158582794575,0.16019009884166757,0.1244038872927455,0.7894837995402004,0.1068176871585501
803,0.07152152152152152,7.286841996674596,7.344358953961754,7.130890605977538,7.084859911715291,7.065064257033057,7.265932048388544,6.647721841809999,6.549584550685619,6.63973642459399,0.45632272100561017,0.08592730394805635,0.1590991180407399,0.1244608865715005,0.7883951384966892,0.10672098478628794
804,0.07192192192192193,7.287595197550121,7.345210426978486,7.131329314000838,7.0864091075082705,7.066602349575027,7.267277094336989,6.649970168404462,6.551825173192471,6.641867387406162,0.45522750334552514,0.08593905114088586,0.1580013669696372,0.12451810248405064,0.7873027512844982,0.10662319805156764
805,0.07232232232232233,7.2883333277956135,7.346047617160738,7.131751393802166,7.087948663858577,7.0681308244025285,7.268610285085783,6.652211400305351,6.55405840760125,6.643989245975405,0.4541269053147289,0.08595110488878699,0.15689678327063716,0.12457554692118536,0.786206606232747,0.10652432270939163
806,0.07272272272272273,7.289056300623839,7.346870440241768,7.132156734621732,7.089478528373937,7.06964964068631,7.269931568153698,6.65444549823021,6.556284236533329,6.646101976611099,0.45302087849591116,0.08596347010000344,0.15578530439916316,0.1246332317057214,0.7851066707077831,0.10642435403371908
807,0.07312312312312313,7.289764028240269,7.347678811150973,7.132545224911583,7.090998647837514,7.071158757260576,7.271240890020289,6.656672422033175,6.558502643371797,6.648205555555296,0.45190937389592595,0.08597615155168725,0.15466686762729887,0.12469116857406386,0.7840029110616015,0.10632328680698598
808,0.07352352352352354,7.290456421832333,7.3484726439989405,7.132916752360071,7.09250896823051,7.072658132612641,7.272538196103946,6.658892130770716,6.5607136122852,6.650299958985076,0.4507923419238948,0.08598915388147219,0.15354141004767313,0.1247493691575236,0.7828952925811468,0.10622111531009498
809,0.07392392392392394,7.29113339155965,7.349251852062631,7.133271203917388,7.094009434755711,7.074147724872567,7.273823430740379,6.661104582768511,6.562917128249911,6.652385163014406,0.4496697323700074,0.0860024815791264,0.15240886857772698,0.12480784496342047,0.7817837794386581,0.10611783331289616
810,0.07432432432432434,7.291794846545223,7.350016347770731,7.133608465822191,7.095499991861882,7.075627491802744,7.275096537161562,6.663309735689265,6.565113177071045,6.654461143695453,0.4485414943850994,0.08601613897830404,0.15126917996442596,0.124866607356006,0.7806683346431681,0.10601343406519327
811,0.07472472472472474,7.292440694867672,7.350766042689205,7.133928423629275,7.0969805832689214,7.077097390787477,7.276357457475202,6.665507546601247,6.567301745401846,6.656527877019321,0.4474075764611022,0.08603013024841154,0.15012228078942413,0.12492566753724547,0.7795489199933396,0.10590791028830152
812,0.07512512512512515,7.293070843554488,7.351500847507078,7.134230962238259,7.098451151993708,7.078557378822565,7.277606132644721,6.667697972047323,6.56948282076145,6.658585338916211,0.44626792641243823,0.0860444593866035,0.1489681074747287,0.12498503652748871,0.7784254960317453,0.10580125416718113
813,0.07552552552552555,7.293685198576347,7.352220672022509,7.134515965923299,7.099911640376536,7.080007412504883,7.278842502469836,6.669880968114282,6.5716563915509605,6.66063350525496,0.4451224913584585,0.08605913020992943,0.14780659628889944,0.12504472514607612,0.7772980220007596,0.10569345734318158
814,0.07592592592592595,7.294283664842509,7.352925425129161,7.134783318363753,7.101361990108065,7.0814474480219864,7.280066505567738,6.672056490502219,6.573822447067757,6.66267235184194,0.4439712177069949,0.08607414634764166,0.14663768335380944,0.12510474399190943,0.7761664558001788,0.10558451090741772
815,0.07632632632632635,7.294866146197307,7.353615014802941,7.1350329026758,7.102802142256667,7.082877441141748,7.281278079354917,6.674224494593764,6.575980977517947,6.664701854419303,0.44281405113911493,0.08608951123368662,0.14546130465200824,0.1251651034240395,0.7750307539467184,0.1054744053948108
816,0.07672672672672676,7.295432545417751,7.354289348089115,7.135264601444981,7.1042320372961205,7.084297347202027,7.282477160029673,6.676384935522934,6.578131974026913,6.66672198866255,0.44165093659515725,0.08610522809938961,0.14427739603471834,0.1252258135422917,0.773890871535512,0.10536313077881
817,0.07712712712712716,7.295982764212264,7.3549483310898705,7.135478296759608,7.1056516151335005,7.0857071211003975,7.283663682555348,6.678537768243382,6.580275428647874,6.668732730177396,0.44048181826212596,0.08612129996635617,0.14308589323049445,0.12528688416799463,0.7727467622037479,0.1052506764668393
818,0.07752752752752756,7.296516703220563,7.355591868952346,7.135673870245027,7.107060815137225,7.08710671728392,7.284837580644301,6.680682947595832,6.582411334368383,6.67073405449594,0.43930663956252364,0.08613772963959729,0.14188673185459197,0.12534832482483405,0.7715983780965583,0.10513703129647187
819,0.07792792792792796,7.297034262014694,7.356219865857182,7.135851203098692,7.1084595761651155,7.088496089738995,7.2859987867426845,6.682820428374477,6.584539685114728,6.672725937072097,0.43812534314469,0.08615451970090097,0.1406798474190596,0.12541014471988451,0.7704456698352885,0.10502218353237668
820,0.07832832832832837,7.2975353391012385,7.356832225007625,7.136010176126013,7.109847836592403,7.089875191981279,7.2871472320160375,6.684950165392129,6.586660475754144,6.674708353276298,0.4369378708747277,0.0861716725024596,0.139465175343606,0.12547235272485943,0.7692885864882608,0.10490612086405225
821,0.07872872872872877,7.298019831924694,7.357428848619244,7.1361506697769315,7.1112255343395665,7.091243977045686,7.288282846335742,6.687072113543908,6.588773702094796,6.676681278389444,0.43574416383007786,0.0861891901607726,0.13824265096725966,0.12553495735762296,0.7681270755441445,0.104788830404369
822,0.07912912912912912,7.298487636872045,7.3580096379102855,7.13627256418319,7.1125926068999075,7.092602397476472,7.289405558266375,6.68918622786926,6.59087936088349,6.678644687596103,0.4345441622948106,0.08620707455083285,0.1370122095608599,0.12559796676401186,0.7669610828880321,0.10467029868894648
823,0.07952952952952952,7.298938649278522,7.358574493092718,7.136375739196254,7.11394899136677,7.09395040531742,7.290515295053992,6.691292463612104,6.592977449801036,6.680598555976947,0.43333780575669817,0.08622532730061529,0.1357737863404001,0.12566138870000093,0.7657905527803299,0.10455051167639152
824,0.07992992992992992,7.299372763434568,7.359123313364018,7.13646007442583,7.115294624460292,7.0952879521021135,7.291611982615369,6.693390776278909,6.595067967455241,6.682542858500422,0.4321250329061315,0.08624394978587809,0.13452731648127475,0.12572523051427248,0.7646154278385522,0.10442945474940217
825,0.08033033033033032,7.2997898725939905,7.3596559968997255,7.136525449278954,7.116629442553608,7.096614988844316,7.2926955455282485,6.695481121694509,6.597150913371486,6.684477570013653,0.43090578163692667,0.08626294312528916,0.13327273513342738,0.12578949913121848,0.7634356490220999,0.10430711271677999
826,0.08073073073073073,7.3001898689833284,7.360172440846833,7.136571742999575,7.1179533816983955,7.097931466028462,7.293765907022616,6.697563456055472,6.59922628798085,6.686402665232579,0.42967998904908594,0.08628230817589198,0.13200997743744608,0.1258542010344333,0.7622511556201268,0.10418346981634448
827,0.08113113113113113,7.300572643812422,7.360672541318031,7.136598834708618,7.119266377649668,7.099237333600241,7.294822988973036,6.699637735980836,6.601294092605745,6.688318118731328,0.42844759145355416,0.0863020455289172,0.13073897854164146,0.12591934225073165,0.7610618852425278,0.10405850971879024
828,0.08153153153153153,7.300938087286175,7.361156193386875,7.136606603444448,7.120568365889728,7.1005325409573095,7.295866711892097,6.701703918560053,6.603354329443041,6.690223904930821,0.4272085243790163,0.08632215550595872,0.1294596736200967,0.12598492833474678,0.7598677738141667,0.10393221553248623
829,0.08193193193193193,7.30128608861753,7.361623291083902,7.136594928203702,7.121859281651181,7.1018170369401,7.296896994924965,6.703761961397964,6.605407001544668,6.692119998086646,0.4259627225807787,0.08634263815551438,0.1281719978917604,0.12605096435414084,0.7586687555723459,0.10380456980923941
830,0.08233233233233234,7.301616536041627,7.362073727393752,7.1365636879824335,7.123139059938922,7.103090769822757,7.297913755845118,6.705811822656665,6.607452112795655,6.694006372276163,0.4247101200517656,0.0863634932499094,0.1268758866405581,0.12611745487548248,0.7574647630676212,0.1036755545510411
831,0.08273273273273274,7.3019293168311545,7.362507394253334,7.136512761817505,7.1244076355510035,7.104353687304165,7.298916911051254,6.707853461094109,6.609489667889621,6.695883001384894,0.42345065003566407,0.08638472028260677,0.12557127523657652,0.12618440395083202,0.7562557271679653,0.10354515121779714
832,0.08313313313313314,7.302224317312885,7.362924182551075,7.1364420288281964,7.125664943098307,7.105605736499115,7.299906375565422,6.709886836099307,6.611519672301695,6.697749859092194,0.42218424504224555,0.08640631846591174,0.12425809915831836,0.12625181510507189,0.7550415770663403,0.1034133407360688
833,0.08353353353353354,7.302501422885384,7.3633239821273015,7.136351368257957,7.126910917022916,7.106846863929554,7.300882063032398,6.711911907724016,6.613542132258877,6.699606918856215,0.42091083686487785,0.0864282867290796,0.12293629401606057,0.12631969132403167,0.7538222402916807,0.10328010350881679
834,0.08393393393393395,7.302760518037871,7.363706681775794,7.136240659516249,7.128145491615142,7.108077015515958,7.301843885720335,6.713928636710777,6.6155570547078355,6.701454153898199,0.4196303566002509,0.08645062371683483,0.12160579557630984,0.1263880350434487,0.7525976427233342,0.10314541942618068
835,0.08433433433433435,7.303001486370251,7.364072169246549,7.136109782220439,7.129368601029088,7.109296136568812,7.302791754522715,6.715936984517231,6.61756444728016,6.703291537186098,0.4183427346703227,0.08647332778829975,0.1202665397873924,0.12645684813879776,0.7513677086089358,0.10300926787727521
836,0.08473473473473475,7.303224210614262,7.364420331249806,7.135958616237662,7.130580179296705,7.110504171780174,7.303725578961612,6.717936913336589,6.619564318255084,6.705119041417568,0.4170479008464939,0.08649639701634675,0.11891846280617191,0.126526131916042,0.7501323605857417,0.10287162776303264
837,0.08513513513513515,7.303428572655763,7.364751053461354,7.135787041726622,7.131780160340265,7.111701065215359,7.304645267192323,6.719928386114201,6.621556676519704,6.706936639002345,0.415745784276004,0.08651982918737132,0.11756150102590304,0.12659588710333006,0.7488915197053968,0.10273247751008271
838,0.08553553553553556,7.303614453558125,7.365064220529169,7.135594939179251,7.132968477983176,7.1128867603047,7.305550726009344,6.72191136656014,6.623541531526718,6.708744302044042,0.414436313510555,0.08654362180149035,0.11619559110524584,0.12666611384368676,0.7476451054621226,0.10259179508567765
839,0.08593593593593596,7.303781733586707,7.365359716081435,7.1353821894621925,7.13414506595909,7.114061199835395,7.306441860853758,6.723885819157765,6.625518893249732,6.7105420023213895,0.4131194165371349,0.08656777207316961,0.11482066999841857,0.12673681168873174,0.7463930358242878,0.10244955801367245
840,0.08633633633633636,7.303930292234414,7.3656374227359445,7.135148673858033,7.13530985791924,7.1152243259434504,7.307318575822008,6.725851709168202,6.62748877213616,6.712329711268961,0.4117950208110428,0.0865922769322786,0.1134366749865152,0.12680797959345397,0.7451352272693448,0.10230574339154158
841,0.08673673673673676,7.304060008248303,7.365897222110953,7.134894274106241,7.1364627874379565,7.116376080105684,7.308180773676124,6.727809002630731,6.629451179057781,6.714107399957405,0.4104630532910747,0.08661713302557535,0.11204354370996768,0.12687961591208474,0.7438715948220541,0.10216032790845726
842,0.08713713713713717,7.304170759657228,7.36613899483749,7.134618872443736,7.137603788016318,7.117516403131802,7.309028355855369,6.729757666359054,6.631406125258997,6.715875039073235,0.4091234404768537,0.0866423367186199,0.11064121420215912,0.12695171839509517,0.7426020520959722,0.10201328786440603
843,0.08753753753753757,7.304262423800488,7.366362620573179,7.134322351645064,7.1387327930839,7.118645235156543,7.3098612224893476,6.731697667933457,6.633353622302866,6.717632598898207,0.40777610844826473,0.08666788409811173,0.10922962492418574,0.127024284187344,0.7413265113381017,0.10186459919035087
844,0.08793793793793797,7.304334877357474,7.366567978017578,7.134004595062094,7.139849735998563,7.119762515631865,7.310679272412595,6.733628975688852,6.635293682014957,6.719380049288318,0.4064209829069556,0.08669377097465526,0.10780871480074875,0.12709730982741585,0.7400448834766634,0.10171423746943486
845,0.08833833833833837,7.304387996378273,7.366754944929074,7.133665486663189,7.140954550044293,7.120868183319187,7.311482403180628,6.735551558698776,6.637226316425123,6.721117359652492,0.405057989219852,0.08671999288594216,0.10637842325716754,0.12717079124815886,0.738757078171874,0.10156217795921108
846,0.08873873873873878,7.304421656315226,7.366923398143359,7.133304911071812,7.142047168427016,7.1219621762816665,7.312270511087493,6.737465386755326,6.639151537707255,6.7228444989309715,0.40368705246464714,0.08674654510035053,0.10493869025751322,0.12724472377845814,0.7374630038696535,0.10140839561490184
847,0.08913913913913918,7.3044357320553805,7.367073213593504,7.132922753604496,7.143127524268426,7.123044431876506,7.313043491184811,6.73937043034514,6.641069358117118,6.724561435573466,0.4023080974771934,0.08677342262095569,0.10348945634381868,0.1273191021462607,0.7361625678581581,0.10125286511366938
848,0.08953953953953958,7.304430097953864,7.367204266331653,7.132518900308141,7.144195550597757,7.124114886747288,7.3138012373023065,6.7412666606214655,6.642979789928344,6.726268137517125,0.40092104890074587,0.08680062018994149,0.10203066267638478,0.12739392048286652,0.73485567632701,0.10109556087988995
849,0.08993993993993993,7.304404627868089,7.367316430552347,7.132093237996567,7.145251180341545,7.125173476816309,7.314543642069859,6.743154049372406,6.644882845366696,6.727964572164347,0.3995258312369755,0.08682813229341187,0.10056225107511135,0.12746917232851335,0.7335422344291274,0.10093645711142035
850,0.09034034034034033,7.304359195192817,7.367409579617517,7.131645654286302,7.146294346311349,7.1262201372769445,7.315270596941034,6.745032568985446,6.646778536542704,6.729650706360519,0.3981223688986912,0.08685595316658642,0.09908416406187619,0.12754485063925433,0.7322221463450013,0.1007755278068382
851,0.09074074074074073,7.304293672896021,7.367483586083113,7.13117603763154,7.147324981189439,7.127254802585983,7.315981992218124,6.746902192408358,6.648666875382773,6.731326506371686,0.3967105862641819,0.0868840767993769,0.09759634490390162,0.12762094779514893,0.7308953153493013,0.10061274679364236
852,0.09114114114114114,7.304207933555527,7.367538321727427,7.130684277358217,7.148343017512493,7.128277406455978,7.316677717078675,6.748762893106647,6.650547873558897,6.732991937862258,0.3952904077330906,0.08691249694232928,0.09609873765809071,0.1276974556097701,0.7295616438796403,0.10044808775739673
853,0.09154154154154154,7.304101849396404,7.367573657581077,7.1301702636971855,7.149348387653288,7.129287881847561,7.317357659603504,6.750614645017612,6.65242154241708,6.734646965872754,0.39386175778374394,0.08694120711292538,0.09459128721629223,0.12777436534103445,0.7282210336073814,0.10028152427179615
854,0.09194194194194194,7.303975292329086,7.36758946395868,7.129633887816415,7.1503410238004355,7.130286160961749,7.318021706806189,6.752457422501253,6.654287892904613,6.73629155479768,0.3924245610318238,0.08697020060222577,0.09307393935146875,0.12785166770335785,0.726873385510282,0.1001130298296297
855,0.09234234234234234,7.303828133988163,7.367585610492189,7.1290750418522135,7.151320857936194,7.1312721752322075,7.318669744664017,6.754291200288125,6.656146935496329,6.737925668363568,0.3909787422902933,0.08699947048184392,0.09154664076471647,0.12792935288112453,0.7255185999468359,0.09994257787462739
856,0.09274274274274275,7.303660245771856,7.367561966165918,7.128493618939393,7.1522878218123935,7.132245855317484,7.319301658150394,6.756115953424347,6.6579986801199595,6.739549269607238,0.3895242266304699,0.08702900961123965,0.0900093391331004,0.12800741054348702,0.7241565767321392,0.09977014183415597
857,0.09314314314314315,7.303471498882103,7.367518399353218,7.127889513240384,7.1532418469245185,7.1332071310932035,7.319917331268656,6.757931657213956,6.659843136080766,6.741162320854345,0.3880609394441341,0.08705881064531008,0.0884619831582603,0.1280858298604572,0.7227872152150828,0.09959569515273813
858,0.09354354354354355,7.303261764365253,7.367454777854814,7.127262619973234,7.154182864484023,7.13415593164421,7.32051664708732,6.759738287158804,6.66168031198557,6.742764783698251,0.38658880650655647,0.08708886604226944,0.08690452261573234,0.128164599520309,0.7214104143566941,0.09941921132637302
859,0.09394394394394395,7.303030913153322,7.367370968938775,7.126612835438483,7.1551108053889125,7.1350921852566636,7.321099487776693,6.761535818896192,6.66351021566634,6.744356618979295,0.3851077540403377,0.08711916807179478,0.08533690840494415,0.12824370774824734,0.7200260728094421,0.09924066393762139
860,0.09434434434434436,7.3027788161057945,7.367266839382104,7.125940057044873,7.156025600192691,7.136015819410086,7.321665734646848,6.763324228134504,6.665332854103491,6.7459377867644985,0.38361770877992574,0.08714970882342365,0.0837590925998269,0.12832314232634828,0.7186340889972935,0.0990600266914183
861,0.09474474474474476,7.3025053440519185,7.36714225551392,7.125244183333882,7.15692717907172,7.136926760769348,7.3222152681869295,6.765103490587031,6.667148233349058,6.747508246327769,0.3821185980366977,0.08718048021518343,0.08217102849998212,0.12840289061473112,0.7172343611963385,0.09887727345159325
862,0.09514514514514516,7.302210367833482,7.366997083260204,7.124525114003049,7.157815471791101,7.137824935176606,7.322747968105742,6.766873581904258,6.668956358449905,6.7490679561306575,0.38061034976446967,0.0872114740024315,0.08057267068235323,0.12848293957393958,0.715826787615763,0.09869237827804003
863,0.09554554554554556,7.3018937583480374,7.366831188190087,7.123782749928083,7.158690407669148,7.138710267643184,7.323263713373607,6.768634477604849,6.670757233371132,6.750616873803715,0.37909289262531093,0.08724268178688982,0.07896397505333352,0.12856327578850718,0.7144112664789747,0.09850531546452115
864,0.09594594594594597,7.301555386592521,7.366644435563633,7.123016993183727,7.159551915540557,7.139582682341402,7.3237623822654285,6.770386153005594,6.672550860919862,6.752154956128506,0.3775661560555217,0.0872740950258481,0.07734489890125065,0.12864388549166436,0.7129876961046572,0.09831605957704269
865,0.09634634634634637,7.301195123707276,7.366436690381074,7.122227747063397,7.160399923718371,7.140442102596356,7.324243852404938,6.77212858315058,6.6743372426695595,6.753682159020325,0.3760300703316504,0.08730570504151643,0.07571540094915992,0.12872475459114782,0.7115559749875623,0.09812458549277153
866,0.09674674674674677,7.30081284102041,7.366207817433469,7.121414916097541,7.161234359954853,7.141288450877657,7.324708000810065,6.773861742739862,6.6761163788850775,6.755198437511673,0.37448456663639795,0.08733750303050396,0.07407544140787416,0.1288058686960771,0.7101160018787961,0.09793086843944505
867,0.09714714714714717,7.300408410092477,7.365957681354722,7.120578406070764,7.162055151401368,7.142121648791132,7.325154703939393,6.77558560605791,6.6778882684485845,6.756703745736525,0.3729295771242871,0.08736948007340144,0.0724249820291684,0.12888721314484516,0.7086676758654163,0.09773488403522584
868,0.09754754754754758,7.299981702761455,7.365686146674907,7.119718124037686,7.162862224567417,7.142941617070491,7.325583837739639,6.777300146902109,6.679652908786578,6.758198036915458,0.37136503498694107,0.08740162714444091,0.07076398615907177,0.1289687730339701,0.7072108964491028,0.09753660832894998
869,0.09794794794794798,7.299532591187976,7.365393077874858,7.1188339783375465,7.163655505278914,7.14374827556898,7.3259952776941,6.779005338511598,6.681410295798129,6.759681263341666,0.36979087451784637,0.08743393512121107,0.06909241879119293,0.1290505332478607,0.7057455636236974,0.09733601784072232
870,0.09834834834834838,7.299060947900792,7.365078339441929,7.11792587860757,7.164434918635878,7.144541543251027,7.326388898872022,6.780701153496752,6.6831604237845665,6.761153376367908,0.3682070311764411,0.08746639479440138,0.06741024661997369,0.1291324784894266,0.7042715779513995,0.09713308960279726
871,0.09874874874874878,7.29856664584244,7.364741795926893,7.116993735795096,7.16520038896963,7.14532133818389,7.326764575978806,6.7823875637695545,6.684903285380765,6.762614326394429,0.36661344165140775,0.08749899687754906,0.06571743809382137,0.12921459331147625,0.7027888406374087,0.0969278012006948
872,0.09914914914914918,7.298049558415079,7.364383312001883,7.116037462168486,7.165951839799676,7.146087577529333,7.32712218340701,6.784064540475206,6.686638871488213,6.7640640628579,0.3650100439230136,0.08753173201676462,0.06401396346802064,0.12929686214883626,0.7012972536027996,0.09672013081449533
873,0.09954954954954959,7.297509559526473,7.364002752519303,7.115056971326839,7.1666891937903845,7.146840177535336,7.327461595288056,6.785732053925212,6.688367171210053,6.765502534221397,0.3633967773243608,0.08756459080040822,0.06229979485734256,0.12937926935111382,0.699796719555427,0.09651005726024596
874,0.09994994994994999,7.296946523636086,7.363599982571635,7.114052178208528,7.167412372707631,7.147579053527864,7.327782685544581,6.787390073532255,6.6900881717882585,6.76692968796546,0.36177358260142206,0.08759756376868792,0.06057490628828779,0.12946179921603296,0.6982871420586669,0.09629756003141844
875,0.10035035035035039,7.296360325801269,7.363174867552051,7.113022999098591,7.1681212973755475,7.148304119902727,7.328085327943354,6.789038567747138,6.691801858543124,6.768345470580262,0.36014040197170616,0.08763064142315775,0.05883927375085186,0.12954443602326324,0.6967684255977916,0.09608261934036032
876,0.10075075075075074,7.2957508417235015,7.362727273215733,7.111969351635003,7.168815887633534,7.149015290117536,7.32836939614868,6.7906775039980705,6.693508214815248,6.769749827558906,0.3584971791814292,0.08766381423608337,0.05709287524974541,0.12962716406865862,0.6952404756437891,0.09586521615966674
877,0.10115115115115114,7.295117947794672,7.362257065741815,7.110891154813863,7.169496062293687,7.149712476683795,7.328634763776202,6.792306848632594,6.695207221910183,6.771142703391891,0.3568438595610497,0.08769707265964904,0.05533569085497987,0.12970996769881712,0.6937031987144292,0.09564533226340252
878,0.10155155155155154,7.294461521143361,7.361764111795849,7.109788328993542,7.1701617390988055,7.150395591159161,7.328881304447027,6.793926566862383,6.696898859045898,6.772524041562734,0.3551803900790561,0.08773040713498076,0.053567702751727043,0.12979283134587746,0.692156502432438,0.09542295026811579
879,0.10195195195195195,7.293781439681101,7.361248278592677,7.108660795897828,7.170812834681134,7.1510645441398895,7.329108891842075,6.795536622711207,6.698583103303255,6.773893784544805,0.35350671939385647,0.08776380810095397,0.051788895289366525,0.12987573956245202,0.6906002955805635,0.09519805367355595
880,0.10235235235235235,7.293077582148593,7.36070943395961,7.1075084786181195,7.171449264522004,7.151719245253509,7.3293173997565635,6.797136978966316,6.700259929579614,6.775251873799351,0.3518227979036636,0.08779726600276053,0.049999255029636876,0.12995867705659941,0.6890344881533992,0.09497062690303407
881,0.10275275275275275,7.292349828161847,7.36014744639981,7.1063313016147,7.172070942912534,7.152359603151764,7.329506702154539,6.798727597133461,6.701929310545775,6.776598249774739,0.3501285777942508,0.08783077130020707,0.04819877079379465,0.1300416287267488,0.6874589914058057,0.09474065534334877
882,0.10315315315315315,7.291598058258229,7.359562185155729,7.1051291907171725,7.172677782915555,7.152985525503854,7.32967667322334,6.800308437395826,6.7035912166063545,6.777932851906919,0.34842401308446264,0.08786431447571753,0.04638743370869623,0.1301245796964548,0.6858737178977825,0.09450812538419524
883,0.10355355355355356,7.290822153942373,7.358953520272523,7.10390207312409,7.173269696328913,7.15359691899002,7.329827187427909,6.801879458577051,6.705245615863788,6.7792556186211,0.34670905966937804,0.08789788604201108,0.044565237251719694,0.13020751534889224,0.684278581535667,0.09427302445698425
884,0.10395395395395396,7.2900219977319525,7.3583213226612845,7.102649877401842,7.173846593650328,7.154193689295522,7.329958119564836,6.80344061810859,6.7068924740860645,6.780566487334647,0.3449836753610097,0.08793147654943324,0.042732177294423926,0.13029042136097793,0.6826734976095282,0.09403534107299302
885,0.10435435435435436,7.289197473203265,7.357665464161972,7.101372533482869,7.1744083840439465,7.154775741105037,7.3300693448160334,6.804991872001586,6.708531754678349,6.781865394461179,0.3432478199264471,0.08796507659290717,0.04088825214486902,0.13037328373700688,0.6810583828266402,0.09379506486076168
886,0.10475475475475476,7.288348465036623,7.356985817605928,7.100069972663257,7.174954975308765,7.155342978097552,7.330160738801933,6.806533174823428,6.710163418658604,6.783152275415875,0.34150145512335695,0.08799867681848654,0.03903346258850991,0.13045608884169677,0.6794331553409594,0.09355218660265915
887,0.10515515515515517,7.2874748590615095,7.356282256877807,7.098742127599778,7.175486273849064,7.1558953029417856,7.330232177634088,6.808064479679198,6.7117874246373415,6.784427064621948,0.33974454473273374,0.08803226792948159,0.03716781192756118,0.13053882343252515,0.6777977347784837,0.0933066982705393
888,0.10555555555555557,7.286576542301485,7.355554656976823,7.0973889323064565,7.176002184647017,7.1564326172921895,7.3302835379670706,6.809585738198099,6.713403728801604,6.785689695518289,0.3379770545888448,0.08806584069213261,0.0352913060187714,0.13062147469124158,0.6761520422584516,0.09305859306038948
889,0.10595595595595597,7.285653403018804,7.354802894077128,7.096010322150709,7.176502611237612,7.156954821785596,7.330314697049546,6.811096900525043,6.715012284903294,6.786940100568251,0.336198952606274,0.08809938594081171,0.03340395330949787,0.13070403025444552,0.6744960004102946,0.09280786542591135
890,0.10635635635635637,7.284705330758734,7.35402684558723,7.094606233849147,7.176987455686032,7.157461816038565,7.3303255327744115,6.81259791531748,6.716613044251926,6.788178211269529,0.33441020880401323,0.0881328945827285,0.0315057648720103,0.13078647824311254,0.67282953338632,0.09255451111092751
891,0.10675675675675678,7.283732216393527,7.353226390208248,7.0931766054631,7.177456618567644,7.157953498645483,7.330315923727869,6.814088729747566,6.718205955711916,6.789403958165132,0.33261079532653126,0.08816635760211666,0.02959675443593782,0.13086880729094494,0.6711525668700679,0.09229852718054367
892,0.10715715715715718,7.282733952166034,7.352401407990908,7.091721376393931,7.1779099989507085,7.158429767177481,7.33028574923732,6.81556928950976,6.719790965704443,6.790617270855384,0.33080068646177296,0.08819976606388584,0.027676938418774052,0.13095100657144737,0.669465028080337,0.09203991205098447
893,0.10755755755755758,7.281710431732927,7.351551780391096,7.090240487378222,7.178347494381954,7.158890518182238,7.330234889417953,6.817039538833857,6.721368018213995,6.791818078010927,0.328979858656047,0.08823311111671542,0.02574633595436736,0.1310330658235958,0.6677668457708763,0.09177866551800525
894,0.10795795795795798,7.280661550207489,7.3506773903238365,7.088733880482881,7.178769000875131,7.159335647184733,7.330163225217907,6.818499420503523,6.722937054799621,6.7930063073866815,0.3271482905257583,0.08826638399557787,0.02380496891930061,0.13111497537599948,0.6660579502257516,0.09151478878381239
895,0.10835835835835839,7.279587204201959,7.34977812221553,7.0872014991002565,7.179174412902653,7.159765048688996,7.330070638461876,6.819948875880325,6.72449801461095,6.794181885836704,0.3253059628659626,0.08829957602367182,0.021852861957107082,0.13119672616943606,0.6643382732504041,0.09124828448240531
896,0.10875875875875879,7.278487291869386,7.34885386205432,7.085643287943319,7.17956362339044,7.160178616180953,7.32995701189304,6.821387844933225,6.7260508344090155,6.795344739329904,0.3234528586557217,0.08833267861375214,0.019890042500226877,0.13127830977765265,0.6626077481584557,0.0909791567032511
897,0.10915915915915919,7.277361712944962,7.347904497438414,7.0840591930409555,7.179936523716042,7.160576242132413,7.329822229213186,6.822816266273504,6.727595448591891,6.79649479296655,0.32158896306024665,0.08836568326884874,0.017916540789633832,0.1313597184263305,0.6608663097543206,0.09070741101322544
898,0.1095595595595596,7.276210368786807,7.346929917622222,7.082449161733465,7.180293003710161,7.160957818006274,7.329666175120909,6.82423407719506,6.729131789225174,6.797631970995518,0.31971426342982207,0.08839858158235663,0.01593238989206758,0.131440945010101,0.6591138943116747,0.0904330544767306
899,0.10995995995996,7.275033162416154,7.345930013560167,7.080813142668287,7.180632951661607,7.161323234263017,7.329488735347745,6.825641213719961,6.730659786077296,6.798756196832196,0.3178287492955267,0.08843136523749702,0.013937625714797902,0.13152198310752472,0.6573504395478991,0.09015609567392113
900,0.1103603603603604,7.2738299985569075,7.344904677947998,7.079151085796014,7.180956254325793,7.161672380368556,7.329289796692131,6.827037610649158,6.732179366659665,6.799867393077009,0.31593241236174785,0.08846402600613776,0.011932287017841634,0.13160282699393006,0.6555758845945822,0.08987654471695514
901,0.1107607607607608,7.272600783674541,7.343853805261484,7.077462942366756,7.1812627969368,7.162005144803519,7.329069247051064,6.828423201618221,6.733690456271605,6.8009654815344645,0.31402524649552405,0.08849655574697261,0.009916415423586828,0.13168347165202554,0.6537901699642034,0.08959441326420865
902,0.1111611611611612,7.271345426014267,7.342777291792333,7.075748664926858,7.1815524632230705,7.162321415074037,7.328826975449325,6.829797919157898,6.735192978050063,6.80205038323266,0.31210724771273796,0.08852894640305806,0.007890055423733736,0.13176391278020236,0.6519932375131444,0.08930971453237305
903,0.11156156156156155,7.270063835638467,7.341675035681194,7.0740082073160355,7.181825135426751,7.1626210777240855,7.328562872066167,6.831161694759351,6.736686853024033,6.803122018443174,0.31017841416120084,0.0885611899987084,0.005853254383519311,0.13184414679845274,0.650185030401156,0.08902246330637997
904,0.11196196196196195,7.268755924463309,7.340546936947609,7.072241524664927,7.182080694326722,7.162904018349485,7.328276828259325,6.832514458943798,6.738172000173644,6.804180306701264,0.30823874610066987,0.08859327863575395,0.0038060625431314147,0.1319241708518251,0.6483654930474692,0.08873267594707622
905,0.11236236236236236,7.267421606294518,7.339392897516787,7.070448573393093,7.18231901926531,7.1631701216135975,7.32796873658626,6.833856141336393,6.739648336493815,6.8052251668262755,0.3062882458798564,0.0886252044891699,0.0017485330162860591,0.1320039828113671,0.646534571083705,0.08844037039660688
906,0.11276276276276276,7.26606079686224,7.338212821243068,7.068629311207452,7.182539988178666,7.163419271264809,7.327638490822495,6.83518667074398,6.74111577706243,6.806256516942202,0.3043269179104834,0.08865695980208647,-0.00031927821411586327,0.13208358127249523,0.6446922113038008,0.08814556618142945
907,0.11316316316316316,7.264673413854952,7.337006613929949,7.066783697101162,7.182743477630833,7.163651350155843,7.327285985976958,6.836505975236526,6.742574235112898,6.8072742744983,0.3023547686384567,0.08868853688019168,-0.0023973123032887903,0.13216296555074672,0.6428383616111298,0.08784828441292361
908,0.11356356356356356,7.263259376952354,7.335774183346581,7.064911691352906,7.18292936285141,7.163866240264988,7.32691111830421,6.837813982231848,6.744023622111005,6.808278356289655,0.3003718065122358,0.0887199280855473,-0.00448550755488446,0.13224213567488802,0.6409729709630647,0.08754854778554384
909,0.11396396396396397,7.261818607857184,7.3345154392406,7.0630132555265845,7.1830975177768295,7.16406382271929,7.326513785313467,6.839110618583348,6.745463847835927,6.809268678477656,0.29837804194846973,0.08875112582983316,-0.006583799434382178,0.13232109237734632,0.6390959893131811,0.087246380572468
910,0.11436436436436437,7.260351030325901,7.333230293347212,7.0610883524713275,7.183247815095131,7.1642439778197655,7.3260938857743145,6.840395810670349,6.7468948204652754,6.810245156610231,0.2963734872950045,0.08878212256704895,-0.008692120585597618,0.13239983708196712,0.6372073675513796,0.08694180861870997
911,0.11476476476476477,7.258856570198152,7.33191865939444,7.059136946321804,7.183380126294197,7.164406585068702,7.325651319719024,6.841669484490692,6.74831644666402,6.811207705641816,0.29435815679133787,0.08881291078569606,-0.010810400850363177,0.1324783718890857,0.6353070574421475,0.08663485933165828
912,0.11516516516516517,7.257335155424968,7.330580453104443,7.057159002498736,7.183494321713345,7.164551523199082,7.325185988441397,6.842931565755163,6.749728631677121,6.812156239952915,0.29233206652664034,0.08884348300047416,-0.012938567291423918,0.1325566995579357,0.6333950115612577,0.08632556166902368
913,0.11556556556556558,7.255786716095615,7.329215592190846,7.055154487709523,7.183590270598157,7.164678670206186,7.324697794492033,6.844181979983351,6.7511312794257075,6.813090673369202,0.2902952343954296,0.0888738317435248,-0.015076544218586821,0.13263482348642638,0.6314711832311362,0.08601394612416444
914,0.11596596596596598,7.254211184463012,7.327823996352017,7.053123369948877,7.183667841158454,7.164787903381424,7.324186641669992,6.845420652600481,6.752524292606618,6.814010919180057,0.28824768005101886,0.08890394955526479,-0.017224253218188,0.132712747688327,0.6295355264552237,0.08570004470878632
915,0.11636636636636638,7.252608494967638,7.32640558726024,7.051065618499338,7.183726900629269,7.164879099348415,7.323652435010738,6.84664750903477,6.753907572795095,6.814916890156453,0.2861894248568494,0.08893382897484634,-0.01938161318590173,0.13279047676791303,0.6275879958515896,0.08538389093299686
916,0.11676676676676678,7.250978584259866,7.32496028854676,7.048981203931523,7.183767315334643,7.164952134101362,7.323095080770354,6.847862474814841,6.7552810205504255,6.815808498568111,0.28412049183582827,0.08896346253029894,-0.021548540362935704,0.13286801589217007,0.6256285465861067,0.08506551978273691
917,0.11716716716716719,7.249321391220604,7.323488025782669,7.046870098103935,7.183788950754141,7.165006883045735,7.3225144864059555,6.84906547566671,6.756644535524324,6.816685656199846,0.2820409056177825,0.08899284272839865,-0.02372494837567048,0.13294537076062493,0.6236571343054854,0.08474496769457256
918,0.11756756756756759,7.247636856980165,7.321988726455628,7.044732274162168,7.183791671591832,7.165043221041308,7.321910560552268,6.85025643760983,6.757998016571801,6.817548274367006,0.2799506923851666,0.0890219620443238,-0.025910748278763166,0.13302254757292675,0.6216737150704813,0.08442227252788122
919,0.11796796796796799,7.245924924935295,7.320462319942444,7.042567706537271,7.183775341847605,7.165061022447509,7.32128321299436,6.851435287051702,6.759341361864303,6.818396263929943,0.2778498798171404,0.08905081291115655,-0.028105848601758836,0.13309955299431106,0.6196782452895694,0.08409747353445458
920,0.11836836836836839,7.244185540764221,7.31890873747751,7.040376370943062,7.183739824890572,7.16506016117116,7.3206323546364915,6.852601950880522,6.760674469004851,6.819229535307433,0.2757384970321466,0.08907938770929463,-0.030310155399256918,0.13317639411908114,0.6176706816534167,0.0837706113255357
921,0.1187687687687688,7.242418652439647,7.317327912117162,7.038158244372137,7.183684983534357,7.165040510716527,7.319957897467093,6.853756356555351,6.761997235144924,6.8200479984889775,0.27361657452911864,0.08910767875584459,-0.03252357230465921,0.13325307843228643,0.6156509810704525,0.08344172783636626
922,0.1191691691691692,7.240624210239594,7.315719778700017,7.03591330509029,7.183610680114021,7.165001944237736,7.319259754519869,6.854898432193299,6.763309557102834,6.820851563045918,0.271484144127435,0.08913567829406632,-0.03474600058753834,0.13332961376977917,0.6136191006038328,0.08311086628826442
923,0.1195695695695696,7.238802166755963,7.314084273803355,7.03364153262906,7.1835167765643915,7.164944334593478,7.318537839831058,6.856028106653115,6.764611331483284,6.821640138141292,0.26934123890577627,0.08916337848295186,-0.036977339214657956,0.13340600827685964,0.6115749974101609,0.08277807114830855
924,0.11996996996997,7.236952476900729,7.312421335695656,7.031342907776081,7.183403134499519,7.16486755440401,7.3177920683928726,6.857145309614701,6.765902454797844,6.8224136325383915,0.2671878931399955,0.08919077138701886,-0.039217484914686684,0.13348227036573293,0.6095186286802419,0.08244338808670217
925,0.1203703703703704,7.235075097909642,7.310730904285407,7.029017412562893,7.183269615292998,7.1647714761103956,7.317022356103173,6.858249971654111,6.767182823586054,6.8231719546079574,0.2650241422401099,0.08921784896640157,-0.04146633224661791,0.13355840867203217,0.607449951582125,0.08210686393190873
926,0.12077077077077081,7.233169989343344,7.309012921066318,7.026665030249843,7.183116080158865,7.164655972035926,7.316228619711432,6.85934202431327,6.768452334536835,6.823915012333967,0.2628500226865943,0.0892446030673386,-0.04372377367194247,0.13363443201067482,0.605368923206852,0.08176854662362447
927,0.12117117117117121,7.231237113085764,7.3072673290591075,7.024285745307718,7.182942390232787,7.164520914449671,7.315410776761074,6.860421400164183,6.769710884609926,6.824642713317971,0.2606655719660401,0.08927102541314444,-0.045989699630588625,0.13371034933134196,0.6032755005170765,0.08142848516374238
928,0.12157157157157161,7.229276433339695,7.305494072750039,7.0218795433956664,7.182748406653229,7.164366175632083,7.314568745528271,6.861488032866843,6.770958371157013,6.825354964781954,0.25847082850635733,0.08929710759577043,-0.04826399862065919,0.13378616967389226,0.6011696402989573,0.0810867295653627
929,0.12197197197197202,7.227287916619444,7.303693098026422,7.019446411335025,7.182533990642269,7.164191627942557,7.3137024449573165,6.86254185722057,6.772194692042257,6.826051673569685,0.25626583161159555,0.08932284106804991,-0.05054655728196407,0.13386190212404486,0.5990512991174831,0.08074333080004799
930,0.12237237237237236,7.225271531740415,7.301864352109294,7.016986337078582,7.1822990035858085,7.163997143888861,7.312811794592691,6.863582809208162,6.773419745761868,6.826732746146545,0.2540506213965294,0.08934821713674179,-0.052837260483400025,0.13393755576967153,0.5969204332756004,0.08039834074341017
931,0.12277277277277276,7.22322724980556,7.300007783483558,7.014499309674832,7.182043307112754,7.163782596198302,7.311896714507973,6.86461082603242,6.774633431562445,6.827398088597804,0.25182523872111773,0.08937322695647437,-0.05513599141413226,0.13401313965808945,0.5947769987773192,0.08005181211921877
932,0.12317317317317317,7.221155044188531,7.298123341825825,7.011985319226765,7.181766763172929,7.163547857890536,7.31095712523174,6.865625846144615,6.7758356495577265,6.828047606625366,0.24958972512494132,0.08939786152470361,-0.0574426316786381,0.1340886627547105,0.5926209512950872,0.07970379844217396
933,0.12357357357357357,7.2190548905134895,7.296210977930297,7.009444356844687,7.181469234113307,7.163292802351843,7.309992947670664,6.866627809264468,6.777026300843414,6.8286812055429715,0.24734412276174458,0.08942211167780044,-0.059757061395540066,0.13416413390349186,0.5904522461416222,0.07935435395955746
934,0.12397397397397397,7.216926766631418,7.294270643632987,7.006876414592624,7.181150582752297,7.163017303410737,7.309004103029969,6.867616656391168,6.778205287609801,6.829298790269874,0.24508847433418302,0.08944596808837825,-0.06207915930027264,0.1342395617895664,0.5882708382464579,0.07900353359190615
935,0.12437437437437437,7.214770652592866,7.292302291734656,7.004281485427788,7.180810672451671,7.162721235414739,7.30799051273149,6.868592329805235,6.779372513251776,6.829900265323012,0.24282282302887057,0.08946942126398089,-0.06440880285150732,0.1343149549045223,0.5860766821373283,0.07865139287298323
936,0.12477477477477478,7.212586530617042,7.290305875922823,7.001659563132661,7.180449367185844,7.162404473308116,7.306952098329557,6.869554773060649,6.780527882476003,6.830485534807716,0.24054721245185848,0.08949246154724008,-0.06674586834130737,0.1343903215147515,0.5838697319266283,0.0782979878892027
937,0.12517517517517518,7.210374385057144,7.288281350693271,6.999010642239184,7.180066531608149,7.162066892710403,7.305888781424962,6.870503930967179,6.781671301404822,6.8310545024069595,0.2382616865646217,0.08951507911762743,-0.0690902310089648,0.13446566963333917,0.5816499413030679,0.07794337521880078
938,0.12557557557557558,7.2081342023618875,7.2862286712714575,6.996334717944641,7.179662031113769,7.161708369995482,7.304800483577286,6.871439749562379,6.78280267767667,6.831607071369272,0.23596628962068758,0.08953726399490233,-0.07144176515841577,0.13454100699593843,0.5794172635286788,0.07758761187094619
939,0.12597597597597598,7.205865971033136,7.284147793534301,6.993631786018747,7.179235731898973,7.1613287823709975,7.303687126215886,6.872362176073259,6.78392192054258,6.8321431444952845,0.23366106610299314,0.0895590060443789,-0.07380034427914679,0.13461634104111517,0.5771716514412688,0.07723075522512
940,0.1263763763763764,7.2035696815796015,7.2820386739328145,6.990901842701588,7.178787501016405,7.160928007957851,7.302548630549832,6.873271158867267,6.785028940958584,6.832662624123041,0.23134606066208677,0.08958029498410774,-0.07616584117047628,0.13469167889559716,0.5749130574624314,0.07687286297096599
941,0.1267767767767768,7.20124532646658,7.279901269416073,6.988144884592009,7.178317206426002,7.160505925869524,7.30138491747717,6.874166647392567,6.786123651673569,6.833165412112139,0.22902131805528383,0.08960112039408094,-0.07853812806902376,0.13476702736491342,0.572641433611138,0.07651399304899235
942,0.1271771771771772,7.198892900061673,7.277735537357067,6.985360908526148,7.177824717041313,7.1600624162909545,7.300195907493828,6.875048592107358,6.7872059673124,6.833651409826781,0.2266868830869093,0.0896214717275516,-0.08091707677920791,0.1348423929298523,0.5703567315230151,0.07615420359234056
943,0.1275775775775776,7.196512398576522,7.275541435480956,6.982549911445865,7.1773099027709035,7.1595973605566545,7.298981520602551,6.875916944398344,6.78827580445394,6.834120518117822,0.22434280054974406,0.08964133832455538,-0.08330255880652611,0.13491778174917482,0.5680589024752798,0.07579355287000789
944,0.127977977977978,7.194103820004537,7.273318921796314,6.979711890256869,7.176772634554525,7.15911064122779,7.297741676222272,6.876771656488141,6.789333081703719,6.834572637303964,0.22198911516783598,0.08966070942770986,-0.08569444549334694,0.13499319966900322,0.5657478974173671,0.07543209923181132
945,0.1283783783783784,7.191667164054688,7.27106795452994,6.976846841676466,7.176212784393856,7.15860214216789,7.296476293098318,6.877612681331935,6.790377719760962,6.83500766715216,0.2196258715407978,0.08967957420035422,-0.08809260815690363,0.13506865223925169,0.5634236670071714,0.0750699010554667
946,0.1287787787787788,7.1892024320813865,7.268788492065837,6.973954762070923,7.175630225377481,7.158071748616824,7.2951852892138715,6.878439972503318,6.7914096414797385,6.835425506857402,0.21725311408977419,0.08969792174707224,-0.09049691822907659,0.13514414473746295,0.5610861616528141,0.07470701669612986
947,0.1291791791791792,7.186709627010548,7.266480492888979,6.971035647282591,7.175024831699914,7.157519347262739,7.293868581703157,6.879253484069394,6.792428771923873,6.835826055021993,0.214870887005326,0.089715741136642,-0.09290724739755085,0.1352196822003386,0.5587353315600114,0.07434350443875616
948,0.1295795795795796,7.184188753261965,7.264143915534506,6.968089492447052,7.174396478674519,7.156944826311559,7.292526086766815,6.880053170455685,6.793435038415565,6.836209209634459,0.2124792341973337,0.08973302142740898,-0.0953234677478426,0.13529526946322268,0.5563711267846848,0.07397942245368393
949,0.12997997997998,7.181639816668104,7.261778718542983,6.965116291800714,7.173745042739999,7.156348075553678,7.291157719589916,6.880838986300627,6.794428370577257,6.836574868048278,0.2100781992473229,0.08974975169508027,-0.09774545190553828,0.1353709112077273,0.55399349729094,0.07361482875578235
950,0.1303803803803804,7.179062824389522,7.259384860422384,6.962116038479499,7.1730704014604205,7.155728986427468,7.28976339426315,6.881610886300573,6.7954087003667585,6.83692292696052,0.20766782536333211,0.08976592106288722,-0.10017307317811598,0.13544661201759553,0.5516023930139601,0.07324978116763659
951,0.13078078078078081,7.176457784827104,7.256962299617454,6.959088724309408,7.172372433518599,7.155087452079168,7.288343023707671,6.882368825045198,6.796375962105217,6.837253282390653,0.2052481553377901,0.08978151873406334,-0.1026062056955328,0.13552237644284826,0.5491977639278915,0.07288433728710779
952,0.13118118118118122,7.173824707531362,7.2545109944871236,6.956034339590084,7.171651018702688,7.154423367418779,7.28689651960413,6.88311275684406,6.7973300924979245,6.837565829659611,0.20281923150868497,0.08979653402651168,-0.10504472454865202,0.13559820907212178,0.5467795601182885,0.07251855445971797
953,0.13158158158158162,7.171163603109117,7.2520309032906205,6.952952872872657,7.170906037886028,7.153736629171529,7.285423792326427,6.883842635544749,6.798271030647674,6.837860463369348,0.2003810957244981,0.08981095640953488,-0.10748850592453112,0.13567411461300458,0.5443477318590179,0.07215248975626157
954,0.13198198198198202,7.1684744831278415,7.249521984182965,6.949844310733549,7.17013737300004,7.153027135924454,7.283924750880716,6.884558414343153,6.799198718060534,6.83813707738306,0.1979337893133949,0.08982477554242445,-0.10993742723731081,0.13575009798006185,0.5419022296932653,0.07178619995608036
955,0.13238238238238242,7.1657573600180875,7.24698419522047,6.946708637546192,7.169344907000313,7.152294788167698,7.282399302850213,6.885260045586703,6.80011309864399,6.838395564806224,0.19547735305717756,0.08983798131467283,-0.11239136725345553,0.13582616439005857,0.5394430045183105,0.07141974153643067
956,0.13278278278278283,7.163012246974439,7.244417494376919,6.943545835253026,7.168528523825857,7.151539488330052,7.280847354346372,6.885947480571032,6.801014118697197,6.8386358179687345,0.1930118271707361,0.08985056388751847,-0.11485020620977074,0.13590231946375328,0.5369700076738747,0.07105317066835237
957,0.13318318318318317,7.160239157855386,7.241821839571,6.940355883140573,7.167688108351567,7.15076114080834,7.279268809966948,6.8866206693310845,6.801901726893334,6.838857728408219,0.19053725128764176,0.08986251373645601,-0.11731382592255392,0.13597856933339753,0.5344831910335681,0.07068654321949024
958,0.13358358358358358,7.1574381070827835,7.239197188705646,6.9371387576208114,7.166823546334015,7.149959651990104,7.277663572761532,6.88727956042718,6.802775874254014,6.839061186854829,0.18805366445281482,0.08987382169428282,-0.1197821098858542,0.13605492075494394,0.5319825070991443,0.07031991476424636
959,0.13398398398398398,7.15460910954134,7.236543499719809,6.933894432022647,7.165934724350815,7.14913493026926,7.276031544205101,6.8879241007273055,6.803636514115567,6.839246083217677,0.18556110512311377,0.0898844789941882,-0.12225494335686607,0.1361313812236151,0.5294679090971552,0.0699533406017364
960,0.13438438438438438,7.151752180478937,7.233860730653244,6.93062287639784,7.165021529733625,7.148286886054195,7.2743726241801046,6.888554235186429,6.804483602087317,6.839412306573076,0.1830596111769867,0.08989447731226971,-0.1247322134258505,0.13620795909132682,0.5269393510775039,0.06958687578194155
961,0.13478478478478478,7.1488673354083625,7.231148839724776,6.927324057346335,7.164083850495094,7.147415431767888,7.272686710967642,6.889169906623718,6.805317096001688,6.839559745154839,0.18054921993440998,0.08990380880881094,-0.1272138090680138,0.13628466368410114,0.5243967880136217,0.06922057514043849
962,0.13518518518518519,7.145954590011321,7.2284077854245234,6.92399793786678,7.163121575250043,7.146520481839617,7.270973701248247,6.889771055498812,6.806136955856263,6.8396882863468145,0.17802996818849312,0.0899124661675083,-0.12969962117426592,0.13636150541727393,0.5218401759037474,0.06885449334208989
963,0.1355855855855856,7.143013960045506,7.225637526620461,6.920644477238613,7.162134593131208,7.145601952687853,7.269233490112768,6.890357619688349,6.806943143747781,6.83979781667784,0.17550189225025856,0.08992044263174681,-0.13218954255755394,0.1364384959059795,0.5192694718728141,0.06848868493409396
964,0.135985985985986,7.140045461255701,7.222838022679689,6.9172636309431095,7.161122793699876,7.144659762693861,7.267465971083836,6.890929534263827,6.8077356237980995,6.839888221819295,0.17296502800840072,0.08992773203687686,-0.13468346793093844,0.1365156480679705,0.51668463427448,0.06812320440874901
965,0.1363863863863864,7.1370491092898245,7.22000923360466,6.913855350631658,7.1600860668519815,7.1436938321656855,7.265671036148369,6.891486731271891,6.80851436207224,6.839959386585465,0.1704194110059778,0.08993432883731939,-0.13718129385339045,0.13659297621535293,0.5140856227929439,0.0677581062761928
966,0.1367867867867868,7.1340249196210035,7.217151120184577,6.910419584150511,7.159024302719878,7.1427040832920925,7.263848575801542,6.89202913951844,6.809279326488608,6.840011194936882,0.1678650765362001,0.08994022812714944,-0.13968291863856067,0.13667049613142704,0.5114723985438275,0.0673934451475072
967,0.1371871871871872,7.130972907476787,7.2142636441620835,6.906956275632514,7.157937391570656,7.141690440086098,7.261998479102592,6.892556684357802,6.810030486721497,6.840043529986771,0.16530205975980178,0.08994542565266024,-0.14218824222152915,0.1367482251281706,0.5088449241738064,0.06702927582839274
968,0.1375875875875876,7.127893087776665,7.211346768415249,6.9034653656673965,7.156825223701257,7.140652828317815,7.260120633742845,6.893069287488082,6.810767814096036,6.840056274010782,0.16273039584675,0.08994991781521144,-0.14469716597784432,0.13682618207941716,0.5062031639584641,0.06666565342366107
969,0.137987987987988,7.124785475079164,7.2084004571547835,6.899946791563683,7.15568768933124,7.139591175436211,7.258214926126208,6.893566866754335,6.811491281475731,6.840049308460195,0.16015012014527155,0.08995370166244993,-0.14720959248862242,0.1369043874240736,0.5035470838977225,0.06630263345277099
970,0.1383883883883884,7.121650083539798,7.2054246761363405,6.896400487716671,7.154524678493678,7.138505410479596,7.2562812414624345,6.8940493359604575,6.8122008631428335,6.840022513978621,0.15756126838170345,0.08995677486579068,-0.14972542524480983,0.13698286313307817,0.5008766518085617,0.06594027197648729
971,0.1387887887887888,7.1184869268813165,7.202419392887498,6.892826386098566,7.153336080925059,7.137395463974548,7.254319463873313,6.894516604691704,6.812896534671696,6.839975770422417,0.15496387689477414,0.08995913568177585,-0.15224456828309438,0.13706163263296672,0.49819183741427514,0.06557862573487559
972,0.1391891891891892,7.115296018377607,7.199384576949101,6.889224416888591,7.1521217859548845,7.136261267823063,7.252329476511925,6.894968578148549,6.813578272795425,6.839908956884852,0.15235798290863375,0.08996078289467974,-0.15476692574506892,0.13714072067815083,0.495492612430018,0.06521775229653289
973,0.1395895895895896,7.112077370852779,7.196320200130313,6.885594509262806,7.150881682395708,7.135102755177845,7.250311161695023,6.895405156993717,6.814246055266053,6.839821951724118,0.1497436248491193,0.08996171573742162,-0.15729240135052086,0.1372201531630519,0.4927789506439534,0.06485771021915297
974,0.13998998998999002,7.108830996696983,7.193226236776697,6.881936592365418,7.149615658434508,7.133919860305544,7.248264401048506,6.895826237213718,6.8148998607084765,6.839714632595234,0.1471208427083599,0.08996193378753471,-0.1598208977747351,0.13729995686428192,0.4900508279935046,0.06449855922137701
975,0.14039039039039042,7.1055569079005165,7.190102664050433,6.878250596485604,7.148323601526383,7.132712518437953,7.246189075665897,6.896231709995527,6.815539668468556,6.839586876485934,0.14448967846343808,0.08996143683461237,-0.1623523159188923,0.1373801591019564,0.48730822263661916,0.06414036036553554
976,0.14079079079079082,7.102255116107753,7.186949462221611,6.874536454466352,7.14700539829117,7.131480665611105,7.244085066279605,6.896621461620794,6.8161654584556945,6.839438559756488,0.1418501765550149,0.08996022471521115,-0.16488655406131483,0.13746078730808284,0.4845511150168684,0.06378317625142081
977,0.14119119119119122,7.098925632692656,7.1837666149694215,6.870794103374364,7.145660934414365,7.130224238492405,7.241952253444701,6.89699537337802,6.8167772109801295,6.839269558183422,0.1392023844329525,0.08995829711088624,-0.16742350687650584,0.13754186848870165,0.4817794879226884,0.06342707122049052
978,0.14159159159159163,7.095568468857374,7.180554109691798,6.867023486463102,7.144290094552973,7.12894317419585,7.239790517734784,6.897353321494142,6.817374906585467,6.8390797470072835,0.13654635317621672,0.0899556533044681,-0.16996306430735456,0.13762342856505733,0.4789933265398424,0.06307211157019744
979,0.14199199199199203,7.0921836357555454,7.177311937821878,6.863224555463877,7.142892762247331,7.127637410085626,7.237599739949433,6.897695177086443,6.817958525876735,6.838869000984145,0.1338821381953148,0.08995229188931204,-0.17250511027482981,0.13770549157765696,0.47619261849706246,0.06271836577787984
980,0.14239239239239243,7.088771144641959,7.174040095149568,6.859397273243574,7.1414688198401555,7.126306883568222,7.235379801332601,6.898020806137083,6.818528049344464,6.838637194440883,0.1312098000259244,0.08994821042563915,-0.17504952120782807,0.1377880787354026,0.47337735390383523,0.06236590473390837
981,0.14279279279279283,7.085331007049992,7.17073858214607,6.8555416168709,7.140018148403608,7.124951531873606,7.233130583801188,6.898330069489093,6.819083457185078,6.83838420133422,0.12852940522391298,0.08994340503761523,-0.17759616437449693,0.1378712072902991,0.47054752538105427,0.0620148019827879
982,0.14319319319319324,7.081863234998371,7.1674074042892,6.851657581137201,7.138540627675484,7.123571291825728,7.230851970182881,6.8986228228671225,6.819624729118257,6.838109895313123,0.12584102737191125,0.08993786994408955,-0.1801448959943993,0.13795488921636379,0.4677031280830051,0.06166513397203324
983,0.14359359359359364,7.078367841228489,7.164046572387024,6.847745182581917,7.1370361360055865,7.122166099602986,7.228543844462229,6.898898916921955,6.820151844201436,6.837814149784608,0.12314474820946397,0.08993159691537377,-0.18269555910936966,0.13803912966937118,0.46484415971139403,0.061316980307371795
984,0.14399399399399399,7.07484483947356,7.160656102897042,6.843804464077438,7.1355045503133665,7.120735890489195,7.226206092033714,6.899158197301338,6.820664780642243,6.837496837982632,0.12044065889896054,0.08992457464760431,-0.1852479811887603,0.13812392520186031,0.46197062052010257,0.06097042401363558
985,0.1443943943943944,7.071294244760626,7.157236018238089,6.839835500032862,7.133945746057749,7.119280598615929,7.223838599960521,6.89940050474557,6.8211635156090695,6.837157833039879,0.11772886144169037,0.08991678804560388,-0.1878019714428061,0.13820926170560682,0.4590825133116906,0.06062555179956195
986,0.1447947947947948,7.067716073746205,7.153786347091636,6.835838402281532,7.132359597220278,7.117800156696824,7.221441257237408,6.899625675210868,6.821648025040496,6.836797008062079,0.11500947025834649,0.08990821740418105,-0.19035731781550347,0.13829511205117317,0.4561798434240148,0.060282454325819385
987,0.1451951951951952,7.064110345086052,7.150307124689192,6.831813326722777,7.130745976302509,7.116294495755069,7.219013955056023,6.899833540018794,6.822118283454003,6.836414236204674,0.1122826139507144,0.0898988374770638,-0.19291378362617378,0.13838143339156136,0.45326261870795487,0.05994122647411662
988,0.1455955955955956,7.060477079839472,7.146798393082053,6.827760480794376,7.129104754338454,7.114763544844792,7.216556587070806,6.9000239260336205,6.82257426375434,6.8360093907513235,0.109548437261884,0.089888616421608,-0.1954711038259229,0.13846816409415674,0.4503308494952052,0.05960196761635455
989,0.145995995995996,7.056816301907784,7.1432602013895705,6.823680131858598,7.127435800923347,7.113207230767825,7.214069049663336,6.900196655866647,6.823015937042404,6.835582345194088,0.10680710325411662,0.08987751460650426,-0.19802898083313397,0.13855522026209166,0.44738454855657267,0.05926478188144788
990,0.1463963963963964,7.053128038506591,7.139692606021733,6.819572616591801,7.125738984259231,7.111625477786815,7.211551242202989,6.900351548108726,6.823443272424859,6.835132973314628,0.10405879572489574,0.08986548326854878,-0.200587079908441,0.13864249180294713,0.44442373105005417,0.05892977841849689
991,0.1467967967967968,7.049412320670577,7.136095670871815,6.81543835147461,7.124014171218233,7.11001820733636,7.209003067301356,6.90048841758888,6.823856236825204,6.834661149266185,0.10130372188372636,0.0898524630035059,-0.20314502402713663,0.13872983799935723,0.4414484144594927,0.058597071653445285
992,0.1471971971971972,7.045669183789293,7.1324694674743725,6.811277844487762,7.122261227424362,7.108385337733331,7.206424431057878,6.90060707566127,6.824254794796725,6.834166747655734,0.09854211531316952,0.08983838207479107,-0.2057023882033425,0.13881708253239233,0.4384586185225136,0.05826678153788989
993,0.1475975975975976,7.04189866817147,7.128814075124084,6.807091708126802,7.12048001735451,7.106726783888397,7.2038152432938105,6.9007073305177045,6.824638908338021,6.833649643625906,0.09577423924045624,0.08982315452256526,-0.20825869321705232,0.1389040079048855,0.4354543651488941,0.05793903378677402
994,0.147997997997998,7.038100819634772,7.125129580950222,6.8028806738576035,7.1186704044588165,7.105042457020172,7.201175417771531,6.900788987526719,6.825008536711545,6.833109712935885,0.0930003901470951,0.0898066780544082,-0.2108133986911688,0.13899034920783093,0.43243567832833235,0.05761396010316028
995,0.1483983983983984,7.034275690116933,7.121416079941985,6.798645608143896,7.1168322513013695,7.103332264374061,7.198504872395959,6.900851849596279,6.825363636265715,6.832546832041199,0.09022090174673304,0.0897888316975058,-0.21336589546221824,0.13907578716886845,0.4294025840287612,0.057291698386552646
996,0.14879879879879881,7.030423338303278,7.117673674919285,6.794387530187507,7.11496541972105,7.101596108947674,7.195803529394727,6.90089571756319,6.825704160261038,6.83196087817125,0.08743614936230712,0.08976947319077998,-0.21591549718410138,0.13915994041755805,0.4263551100831729,0.0569723929234691
997,0.14919919919919922,7.026543830264342,7.113902476443866,6.790107631532111,7.1130697710131265,7.099833889225044,7.193071315473472,6.900920390601808,6.826030058701272,6.831351729404291,0.08464655473787208,0.08974843609414632,-0.21846143110046815,0.13924235689767095,0.4232932860679066,0.05665619455519455
998,0.14959959959959962,7.0226372400962465,7.1101026026655365,6.785807297691614,7.111145166131328,7.098045498921753,7.190308161942551,6.90092566665671,6.82634127816921,6.830719264739257,0.08185259132027345,0.08972552659053826,-0.22100282791658735,0.13932250435230273,0.42021714316962683,0.05634326082188004
999,0.15,7.018703650554734,7.1062741790981026,6.781488131974873,7.1091914659105635,7.096230826743414,7.18751400481128,6.900911342894088,6.82663776166884,6.830063364163391,0.07905479004986882,0.08970051995508962,-0.22353871069789694,0.13939975980289043,0.4171267140426463,0.05603375607855582
