,Ewe_RHE,Logj100a,Logj100b,Logj100c,Logj10a,Logj10b,Logj10c,Logj1a,Logj1b,Logj1c,Logjpt1a,Logjpt1b,Logjpt1c,CO_Order_overall,CO_Order_overall_std,CO_Order100x10,CO_Order100x10_std,CO_Order10x1,CO_Order10x1_std,CO_Order1xp1,CO_Order1xp1_std
0,0.5,4.104613723429201,4.129359576030599,3.912422651592189,3.3757210310954426,3.431662074695047,3.2804528842586183,2.6242876856838113,2.6572653200971117,2.430566361211184,1.5246677400312034,1.5532158934799656,1.5267115591588012,0.3619282659632232,0.014402300901244463,0.2980070772435082,0.03541283736958975,0.3439202066531612,0.03620242918301667,0.4498602004296876,0.030969109478109266
1,0.5004904904904904,4.111560492529703,4.1366455657234775,3.919458995339747,3.382823516096891,3.438701851944091,3.2877148109451366,2.6318292673790653,2.665612012631238,2.437448057815799,1.5334692490292745,1.5627718333589529,1.5340605473796827,0.361715783253932,0.014397103139306595,0.2979875214847101,0.03541081921564039,0.3437224894727132,0.03632836631231333,0.44943510339811216,0.031161019621333715
2,0.500980980980981,4.1185063775676785,4.143882545784105,3.9264956811299125,3.3899045394829836,3.4457516801829704,3.294976620556869,2.6392958501312407,2.673808856532571,2.444330599885699,1.5419756397019646,1.5721702156644082,1.5414025053710725,0.3615241892093474,0.014392373019696536,0.29796246119508707,0.03540564701581768,0.34355553111357556,0.03644024278798493,0.4490441280179703,0.031337750043246154
3,0.5014714714714714,4.125451124001276,4.151074476933687,3.933532691757215,3.396966807844017,3.4528097990255833,3.3022380535715388,2.646694132943262,2.6818675588289933,2.4512146903312453,1.5502173959374232,1.5814207506093003,1.5487363644502343,0.3613516781547213,0.014387987478641203,0.29793233100091715,0.03539751598932794,0.34341666468056903,0.03653899158800841,0.44868437660739496,0.03149994824186832
4,0.501961961961962,4.132394499144315,4.158225046758264,3.9405699981329185,3.404012770063168,3.4598746016968542,3.3094988539461023,2.654030319452157,2.689799022284638,2.4581009140172285,1.5582227762882064,1.5905325757845201,1.5560611642387234,0.36119656886282653,0.014383847150153168,0.29789754199754903,0.035386616341099034,0.3433034139422406,0.036625506381946435,0.4483531356222184,0.031648355849902984
5,0.5024524524524524,4.139336289141667,4.165337704670242,3.9476075556656127,3.4110446776281926,3.4669446125403924,3.3167587701701,2.661310180581587,2.6976134156185987,2.4649897617206356,1.5660179708840516,1.5995142803893982,1.5633760424527765,0.36105729665262287,0.014379872379816517,0.2978584802213805,0.03537313387676947,0.34321347625493887,0.036700641630654396,0.44804787361411075,0.03178376827439375
6,0.502942942942943,4.146276306784092,4.172415666859131,3.9546453093705263,3.4180645868077777,3.474018481620354,3.324017555466879,2.668539034617014,2.705320217264003,2.4718816283339313,1.573627215016233,1.608373934368493,1.570680232760557,0.360932407697559,0.014375998494194478,0.297815509674783,0.03535724865737743,0.34314471893528586,0.03676521126326352,0.4477662240700324,0.03190700209672981
7,0.5034334334334334,4.153214378381132,4.179461929209609,3.961683192394731,3.4250743268428665,3.4810949817311996,3.331274968383208,2.6757218412834587,2.7129282446653584,2.4787768283853713,1.5810730042070085,1.6171191366586288,1.577973054364854,0.36082054546322445,0.01437217212623346,0.29776897703464766,0.03533913397485056,0.34309515420070147,0.03681998974222464,0.44750596890849853,0.032018872540967726
8,0.5039239239239239,4.160150351275264,4.186479280791728,3.968721126865011,3.4320755894543673,3.488172996436179,3.3385307735986403,2.682863156649193,2.720445712228063,2.4856755948556155,1.588376165653072,1.6257570320006038,1.5852539112192199,0.36072044882292464,0.014368348806339274,0.2977192034726879,0.03531895710751007,0.3430629488231533,0.0368657123375288,0.4472650275061901,0.032120175646374635
9,0.5044144144144144,4.167084089143128,4.193470318356128,3.975759029882029,3.4390698741003063,3.4952515152946058,3.345784742138958,2.6899672091697178,2.727880273233686,2.49257809319545,1.5955559554363572,1.6342943431491819,1.5925222829352568,0.3606309447486277,0.014364491224660023,0.29766649552622804,0.035296877936956184,0.3430463964386693,0.036903077184365356,0.44704145838430526,0.03221167867104665
10,0.5049049049049049,4.174015469427183,4.200437447275793,3.9827968120515087,3.44605854052762,3.5023296287550227,3.353036651430137,2.69703787801776,2.735239021061657,2.4994844231977114,1.602630214137428,1.642737387365688,1.5997777234486144,0.36055094171653734,0.014360566247093814,0.29761113777392434,0.035273048924128664,0.3430439271127195,0.03693274274209772,0.4468334317975742,0.032294106399862625
11,0.5053953953953954,4.180944386329279,4.207382911518294,3.98983437870054,3.4530428035732723,3.50940651426809,3.3602862859768163,2.704078761027233,2.742528577622632,2.5063946284373477,1.6096154157028815,1.6510921162238053,1.6070198515861853,0.3604794250833083,0.01435654537800979,0.2975534004488941,0.035247616011781675,0.34305408067092796,0.03695533427572168,0.44663924226756313,0.03236814393807182
12,0.5058858858858859,4.187870742701835,4.214308784954082,3.9968716300896254,3.460023744172334,3.516481438846058,3.3675334372369674,2.711093139239408,2.7497550741268393,2.513308698731575,1.6165267871079045,1.6593641201980023,1.6142483512768049,0.3604154519109509,0.014352402041960591,0.29749353509132875,0.03522071763327649,0.34307551620542376,0.036971439603812634,0.446457283004609,0.03243442621770195
13,0.5063763763763763,4.194794455853272,4.221216989297233,4.003908460804495,3.467002316727332,3.523553749803749,3.3747779044857675,2.7180840333960763,2.7569242098810434,2.520226575836819,1.623378358625291,1.6675586612544004,1.6214629634332165,0.3603581469593859,0.014348112104201581,0.2974317780465577,0.03519248566744903,0.34310699441167025,0.03698161407379242,0.44628605260250176,0.03249354242153028
14,0.5068668668668669,4.20171545507735,4.228109303086165,4.010944765521555,3.4739793627097337,3.5306228675727116,3.3820194943878277,2.725054217570064,2.7640412692986427,2.5271481547842587,1.6301830200456484,1.6756806893577267,1.6286634830909656,0.360306699809101,0.01434365323583909,0.2973683513752788,0.035163044903249445,0.343147373826275,0.03698638132960887,0.44612414955335794,0.03254603610175243
15,0.5073573573573573,4.208633675620143,4.234987361052214,4.01798043595745,3.4809556301880686,3.5376882824461626,3.389258021509826,2.7320062162497547,2.7711111351530513,2.5340733049984716,1.6369526410027218,1.6837348497117839,1.6358497573409843,0.36026035877652995,0.014339003767642987,0.2973034590172055,0.035132512975311087,0.3431956087031656,0.036986230958553384,0.4459702586336736,0.03259240132108153
16,0.5078478478478479,4.215549066199032,4.241852680124476,4.025015364202626,3.487931744787728,3.544749552271768,3.396493308182563,2.738942334330226,2.778138339986675,2.5410018465512763,1.6436980663087495,1.6917255179899362,1.643021677759682,0.36021843022562483,0.014334143543729468,0.2972372966846941,0.03510100174817562,0.34325073610935225,0.036981625860549976,0.44582315592158567,0.03263309366843739
17,0.5083383383383383,4.222461583097942,4.248706655682081,4.032049439970213,3.4949082651367074,3.5518062883382187,3.403725184983322,2.7458646586577142,2.785127075684787,2.5479335795944933,1.6504292427634855,1.6996567976994952,1.6501791793709408,0.360180272699764,0.01432905304808527,0.29717004401384456,0.03506861676499447,0.34331187610784886,0.03697299872643811,0.4456816968415701,0.03266852619412776
18,0.5088288288288288,4.229371186450658,4.255550561378947,4.039082555965957,3.5018856579301523,3.558858164297484,3.4109534900857685,2.752775104690095,2.7920811920434234,2.5548682775853186,1.657155216573778,1.707532546790529,1.6573222378748096,0.36014529526485617,0.014323713807143585,0.29710186719072174,0.0350354567388684,0.34337822377866295,0.03696075482833487,0.4455448186539151,0.03269907496458406
19,0.5093193193193193,4.236277848848017,4.262385575681686,4.046114601827747,3.508864310203643,3.5659049001367595,3.418178070418196,2.7596753768648234,2.799004256552005,2.5618056888576293,1.6638841974279464,1.715356390384012,1.6644508635771158,0.3601129553485677,0.014318108311014653,0.2970329235376721,0.03500161572403442,0.34344904569834817,0.036945273561196874,0.4454115333597561,0.03272508345681291
20,0.5098098098098098,4.243181543791703,4.269212765879639,4.053145470999364,3.515844548242735,3.572946264458679,3.4253987807367823,2.766567019196228,2.805899542313013,2.568745544144141,1.670623616954321,1.7231317278667246,1.6715651010911434,0.3600827546358231,0.01431222003474783,0.2969633555887605,0.034967180978340597,0.3435236762085288,0.036926908994855824,0.4452809249192782,0.03274686426549591
21,0.5103003003003003,4.250082255869941,4.276033119380055,4.060175054597247,3.5228266249702105,3.5799820708204306,3.4326154840117886,2.7734514220040243,2.812770058482136,2.575687553033199,1.6773801729238675,1.7308617511668924,1.6786650258396951,0.36005423732524433,0.014306033677126842,0.29689329850535906,0.034932236132989944,0.34360151024817576,0.03690599245472165,0.445152145581221,0.03276470456698648
22,0.5107907907907908,4.256979969299973,4.282847525442339,4.067203253778534,3.529810740658691,3.5870121698646766,3.439828051284402,2.7803298247349404,2.819618566138741,2.5826314281776472,1.6841598841840266,1.7385494459588298,1.6857507385728363,0.3600269867382518,0.014299534875154576,0.29682287572515187,0.03489685756918878,0.3436819989816233,0.03688283050413629,0.4450244147601896,0.03277886548211342
23,0.5112812812812813,4.2638746777932965,4.289656795484114,4.074229963464363,3.536797050252421,3.594036449432224,3.4470363612576325,2.7872033146075017,2.826447588229799,2.5895768467258127,1.6909680501604216,1.7461976230146894,1.6928223682084713,0.3600006267320758,0.014292711187165429,0.296752199956561,0.03486111849727281,0.343764655155686,0.03685771040132365,0.44489701560944345,0.03278959194454249
24,0.5117717717717718,4.27076637850489,4.296461663739267,4.0812550866835515,3.5437856402716723,3.601054830477619,3.4542403019310717,2.79407287005104,2.833259434915205,2.5965234980378686,1.6978094325959963,1.7538089042750515,1.6998800640746774,0.3599748130811932,0.014285551015162492,0.29668137817258144,0.03482508640032918,0.3438490325364047,0.03683089748899319,0.44476928871618954,0.032797108732080506
25,0.5122622622622622,4.277655069326772,4.303262791756433,4.088278529079299,3.5507765674482488,3.6080672665655427,3.461439767498378,2.800939329565608,2.840056208772945,2.6034710533451286,1.704688149166322,1.7613857506722412,1.706923995031938,0.3599492380883576,0.014278044777809055,0.296610506003948,0.03478882449476377,0.3439347391267988,0.03680263840283665,0.44464063545484545,0.032801628082774106
26,0.5127527527527528,4.284540751424155,4.310060779559912,4.095300195129945,3.5577698571469147,3.615073733741899,3.468634661089053,2.807803446431487,2.84683982367334,2.6104191906051115,1.7116078113157833,1.7689304617172514,1.7139543506553854,0.3599236234409311,0.014270184603552992,0.2965396704728054,0.034752392314429094,0.3440214216184705,0.036773161086974614,0.44451051217233756,0.032803349584670606
27,0.5132432432432432,4.291423435235477,4.316856156713759,4.1023199965995305,3.564765487113215,3.622074236340658,3.475824893542135,2.8146658434767655,2.853612001473619,2.617367573470259,1.7185714925896023,1.776445186941046,1.720971333193253,0.3598977225162097,0.014261963947774757,0.2964689524806853,0.03471584464024022,0.34410877377312377,0.036742675308450476,0.4443784242091823,0.03280246287762373
28,0.5137337337337338,4.2983031244514045,4.323649404190961,4.109337848035208,3.5717634004040977,3.6290688032396425,3.4830103823984264,2.8215270690742456,2.860374305158043,2.6243158773041118,1.7255817896371273,1.7839319409144656,1.7279751627861344,0.35987131536293077,0.014253378378585814,0.29639842581932063,0.034679232829053934,0.34419652093640934,0.036711374489338956,0.4442439308085697,0.03279915014091836
29,0.5142242242242242,4.3051798331309765,4.330440940288217,4.116353668279537,3.57876351906098,3.6360574765964615,3.490191053600697,2.828387572972975,2.867128145289168,2.6312637666611045,1.7326408509149553,1.7913925904509258,1.734966067653966,0.35984420927595845,0.014244425270853189,0.296328157233476,0.03464260378652486,0.3442844264577546,0.036679437220538465,0.44410663840937925,0.03279358851370132
30,0.5147147147147147,4.312053575150388,4.337231137333258,4.123367377092832,3.585765750628911,3.6430403217091896,3.497366840127746,2.8352477269036336,2.8738747904659694,2.638210920566385,1.7397504020979653,1.7988288901836522,1.7419442895286978,0.3598162354340205,0.014235104013477924,0.2962582046496849,0.03460600184234988,0.3443722857073163,0.036647026571757835,0.4439661991872951,0.03278594986277607
31,0.5152052052052052,4.3189243625102485,4.344020320531467,4.130378904251976,3.592769966121344,3.65001741699571,3.5045376817594183,2.8421078335420358,2.8806153519259623,2.6451570094134023,1.7469117839383252,1.8062424690252898,1.748910077220796,0.35978724835465015,0.014225415304158542,0.29618862275600166,0.03456946667383837,0.3444599256772868,0.0366142913545128,0.443822304189783,0.032776402356621076
32,0.5156956956956957,4.325792213170236,4.350808776687065,4.1373881738839575,3.599776030232348,3.656988856394541,3.5117035254447866,2.848968118761319,2.8873508369181105,2.6521017240271383,1.7541259677665066,1.8136348447398962,1.7558636878663119,0.35975712396882387,0.014215362152490845,0.2961194583562305,0.03453303664624464,0.3445471989441714,0.03658136671957473,0.4436746896142871,0.032765111135759056
33,0.5161861861861862,4.332657144277866,4.357596741984777,4.144395124410939,3.6067837753122878,3.663954744113831,3.5188643249188467,2.8558287559538664,2.894082130310644,2.6590447474499816,1.7613935689223528,1.8210074246455172,1.7628053841928293,0.3597257590316755,0.014204949291782986,0.29605075509130596,0.03449674462411778,0.34463398231172776,0.03654837677356774,0.44352313193197523,0.032752241645413106
34,0.5166766766766767,4.339519175680228,4.364384431619059,4.151399689662371,3.61379302984938,3.6709151959415314,3.526020040495369,2.862689851534034,2.9008100003362047,2.665985772178155,1.7687149039635248,1.8283615214352384,1.7697354332617756,0.3596930689299467,0.014194182939585858,0.29598255121982947,0.03446062295382282,0.3447201798655446,0.036515432561243656,0.44336743872593326,0.03273795634798678
35,0.5171671671671672,4.346378324992071,4.371172010822211,4.158401813613212,3.6208036302302617,3.6778703362566754,3.5331706389594246,2.8695514682623537,2.9075351241066882,2.6729245017697543,1.7760900048831731,1.8356983514090308,1.776654104677566,0.35965898578187006,0.014183071185593064,0.2959148755892715,0.034424699255657595,0.34480571692437423,0.03648263484172806,0.44320745445112975,0.03272241728590742
36,0.5176576576576577,4.353234616762836,4.377959624309996,4.165401441145674,3.6278153615256716,3.6848202945957955,3.540316093068545,2.8764136220547125,2.914258079833725,2.6798606569786325,1.7835186062289121,1.8430190387156304,1.7835616724373373,0.35962345916361554,0.014171623544928711,0.29584776102977794,0.03438899940425175,0.3448905315988545,0.03645007187157926,0.4430430607171346,0.03270578429847672
37,0.5181481481481481,4.360088066517859,4.384747384255147,4.1723985209057,3.6348280344482418,3.6917652108063796,3.5474563817816804,2.8832762852056137,2.920979362294013,2.686793952453157,1.7910002251992054,1.8503246267668199,1.7904584098243883,0.3595864525242489,0.014159851087034986,0.2957812287964361,0.034353546529206865,0.344974587379224,0.03641782459336109,0.442874163112095,0.032688218146836784
38,0.5186386386386387,4.366938702133296,4.3915353818245375,4.179393008153662,3.641841452523627,3.6987052259647673,3.5545914896090354,2.890139391581948,2.9276993937426936,2.6937241157072713,1.7985341510342685,1.8576160797464518,1.7973445906921346,0.3595479439543947,0.014147766212796802,0.29571529990782525,0.03431836173880749,0.3450578618958746,0.0363859645906633,0.44270069741232454,0.03266987867050943
39,0.5191291291291291,4.37378653983162,4.3983236755459325,4.18638485809316,3.648855403497045,3.7056404854776375,3.5617214070960226,2.8970028362888773,2.9344185031463996,2.700650888547388,1.8061194499259836,1.864894285530991,1.804220487963777,0.3595079242861832,0.01413538232877868,0.2956499897461538,0.0342834629691682,0.34514034904249624,0.03635455233095517,0.4425226258177954,0.032650922024287446
40,0.5196196196196197,4.380631605730785,4.405112314743192,4.193374031620903,3.655869671127997,3.7125711382333755,3.56884612956341,2.9038665072297247,2.9411369869475257,2.7075740289293497,1.8137550046946185,1.8721600600944166,1.8110863727343496,0.35946639619797804,0.014122714749588754,0.2955853139995664,0.03424886718681092,0.3452220467441881,0.03632364325847148,0.4423399443347763,0.03263150590909377
41,0.5201101101101101,4.387473922247458,4.411901315038598,4.200360495028965,3.6628840514731924,3.7194973339784654,3.575965657904182,2.910730231848766,2.9478550455164596,2.7144932927424748,1.8214395566247223,1.8794141571613927,1.8179425146279073,0.3594233724592741,0.014109778538839948,0.29552128101156216,0.03421458790326958,0.3453029785964871,0.03629328257201898,0.4421526557240355,0.0326117825528237
42,0.5206006006006006,4.3943135097689145,4.4186906844138845,4.207344215168548,3.669898329004975,3.7264192229521447,3.583079997906913,2.917593837239533,2.9545728467819314,2.7214084503998537,1.8291716625369798,1.8866572675957256,1.824789178272715,0.3593788765767985,0.014096590639471352,0.29545789870367994,0.034180637527555624,0.3453831699426196,0.03626351070177906,0.4419607966288222,0.03259190490525383
43,0.5210910910910911,4.401150392279044,4.42548041363737,4.214325163292594,3.6769122963257748,3.7333369561582743,3.590189159796904,2.9244571246185753,2.9612904982975143,2.7283192961740776,1.836949761506112,1.8938900236109666,1.8316266258955136,0.35933294051837855,0.014083168291529781,0.29539517173351976,0.03414702670929905,0.345462657087994,0.03623435900872649,0.4417644205437501,0.032572019566732245
44,0.5215815815815816,4.407984593318053,4.432270478598755,4.221303314034894,3.683925744986681,3.740250681732094,3.597293158405892,2.9313198810032417,2.96800806372961,2.7352256199177387,1.8447721781131716,1.9011129997703644,1.8384551139783474,0.3592856043736479,0.0140695294118428,0.2953331029306012,0.034113764103313154,0.3455414854861204,0.036205854808777256,0.4415635976667312,0.032552271826566156
45,0.5220720720720721,4.414816134448057,4.439060837634607,4.228278648881936,3.6909384670953505,3.7471605501537355,3.6043920129008478,2.938181877801769,2.9747255680701667,2.7421272260224256,1.852637116978074,1.9083267218486033,1.8452748952933256,0.35923691585156886,0.014055692506076304,0.2952716922414213,0.03408085602132138,0.3456197073917428,0.036178019689961524,0.44135841740815124,0.03253280283398675
46,0.5225625625625625,4.421645037183007,4.445851445398951,4.235251146770832,3.697950269778874,3.7540667051993384,3.611485746495968,2.945042869863615,2.9814430038023754,2.7490239382498243,1.8605427139616633,1.9155316716400688,1.8520862163262921,0.3591869281664636,0.01404167633787594,0.2952109369136616,0.03404830827306899,0.3456973811484299,0.03615086896672489,0.44114898210997705,0.03251374787273661
47,0.523053053053053,4.428471327597059,4.452642246222815,4.242220791140503,3.704960946883432,3.7609692898211295,3.6185743861114505,2.9519026074244206,2.9881603146979083,2.7559155873094245,1.8684870069277038,1.92272827701698,1.8588893169106624,0.3591357018854156,0.014027499834006935,0.29515083551784244,0.0340161251693368,0.3457745703082015,0.03612441262013867,0.4409354103559411,0.03249523645216696
48,0.5235435435435436,4.43529502281968,4.4594331682632555,4.249187571053704,3.7119703104582285,3.767868444559427,3.625657962415948,2.958760834430112,2.9948774313666897,2.7628020113974436,1.8764679861656433,1.9299169282604784,1.8656844315092203,0.3590833011168605,0.014013182230549391,0.29509138097367554,0.0339843084753418,0.3458513429837932,0.03609865810450797,0.4407178321041352,0.032477394156054586
49,0.524034034034034,4.442116146581215,4.4662241389577675,4.256151476776832,3.718978179721317,3.774764305250523,3.632736509347449,2.9656172861657537,3.0015942509696174,2.769683068852131,1.8844835740784982,1.937097977749356,1.8724717867683693,0.3590297956117663,0.01399874272861558,0.2950325663964212,0.03395285962969903,0.34592777129821756,0.03607360688491207,0.44049639057850976,0.03246033851053715
50,0.5245245245245245,4.448934721395939,4.473015080815179,4.263112499106303,3.725984366885991,3.781657003970266,3.639810064165307,2.972471692324701,3.0083106457134074,2.7765586168898126,1.8925316704816932,1.9442717436814456,1.8792516028710153,0.35897525797406826,0.013984200180144638,0.29497438516613184,0.033921779049071045,0.34600393088126713,0.036049257806834406,0.4402712335724063,0.03244418149372254
51,0.525015015015015,4.455750766942166,4.4798059039999885,4.270070635597049,3.732988711697762,3.7885466680864144,3.646878666647871,2.979323778822435,3.015026476507945,2.7834285374967984,1.900610119530491,1.9514384992355807,1.8860240929133067,0.35891976534868875,0.013969573650682913,0.2949168257748907,0.03389106506963724,0.346079899627992,0.036025605328377626,0.44004252588341586,0.032429026532524836
52,0.5255055055055055,4.462564305898598,4.486596520528359,4.277025882256514,3.739991028163071,3.79543342060739,3.6539423599731973,2.986173284960912,3.021741576329038,2.7902927133082747,1.9087167644527259,1.9585984968988888,1.8927894603974882,0.3588633961943319,0.013954881588364434,0.2948598810581981,0.0338607157342735,0.3461557535804559,0.03600264151334591,0.4398104348156336,0.03241497088355499
53,0.525995995995996,4.46937535588989,4.493386836567127,4.283978239755612,3.7469911726468683,3.8023173805189296,3.661001189489796,2.9930199272241405,3.0284557735555127,2.7971510403562467,1.9168494251899388,1.965751952912555,1.8995479035531337,0.35880623230246883,0.013940142233279617,0.29480353708435153,0.033830727821681054,0.3462315766739367,0.035980355280492156,0.4395751350252957,0.032402102987822035
54,0.5264864864864864,4.476183940745017,4.500176759443773,4.290927709181144,3.7539889890674663,3.809198658897639,3.6680552029155784,2.9998634498756616,3.0351688817990703,2.804003423824127,1.9250059200612795,1.972899060107865,1.906299611113843,0.3587483567207991,0.0139253735083925,0.2947477836518354,0.03380109766533944,0.34630744703137756,0.03595873377844682,0.4393368093756581,0.03239050458156121
55,0.526976976976977,4.482990077896229,4.506966186129086,4.297874294951776,3.7609843222115824,3.816077363879152,3.6751044500546195,3.0067035821228445,3.0418806951261166,2.8108497858441113,1.9331840675339935,1.9800399810580813,1.9130447627605471,0.35868985387068697,0.013910592414385688,0.2946926086141971,0.03377181978065789,0.3463834453331782,0.03593775946895135,0.4390956438438551,0.03238024622603322
56,0.5274674674674674,4.4897937876089555,4.513755019290727,4.304818002280435,3.7679770473675522,3.8229535961416037,3.6821489828053156,3.013540060690999,3.048591014222877,2.8176900513817986,1.9413816900453669,1.9871748595378638,1.9197835316853278,0.35863080962248345,0.013895815863541692,0.294637997535655,0.03374288880419335,0.34645965344207247,0.035917414977115106,0.4388518299498599,0.03237139257104329
57,0.527957957957958,4.496595089631885,4.520543159512108,4.311758838836114,3.7749670269419613,3.8298274527457057,3.6891888546893914,3.0203726333123164,3.055299630107677,2.8245241556871727,1.9495966361908856,1.994303813259781,1.9265160812233142,0.35857130988053815,0.01388105997464485,0.29458393811294586,0.03371429841369905,0.34653614938464056,0.03589768092896669,0.43860556230932746,0.032363999393339955
58,0.5284484484484484,4.503394000228729,4.527330506360568,4.318696812367309,3.7819541391284837,3.8366990239125274,3.6962241208035302,3.027201049433569,3.0620063193006835,2.8313520459513506,1.9578267686803668,2.0014269419092408,1.9332425669789344,0.35851144102737076,0.013866340093251966,0.29453041587944845,0.0336860416288783,0.3466130128326931,0.035878535014977904,0.43835703710152985,0.03235811253739983
59,0.528938938938939,4.510190540391265,4.534116958774079,4.3256319351227015,3.7889382652788965,3.8435683939246057,3.7032548375536356,3.034025064920879,3.068710867937885,2.838173675476123,1.966069978926895,2.008544323856912,1.939963135425238,0.3584512895527445,0.013851670981812355,0.29447741782633696,0.0336581106627441,0.34669032003912204,0.035859954765783617,0.43810645396398207,0.03235377063309147
60,0.5294294294294294,4.516984728259679,4.540902420994942,4.3325642165416225,3.7959193022251325,3.8504356413600793,3.710281062774955,3.040844439806267,3.0754130536487243,2.844989005437535,1.974324191580495,2.015656026671463,1.9466779257621345,0.3583909413835231,0.013837066600386578,0.2944249292710557,0.03363049799211498,0.3467681483673817,0.03584191594159513,0.43785401085084596,0.032351003332545314
61,0.5299199199199199,4.523776580091564,4.547686792796423,4.339493670626757,3.8028971455003835,3.857300838297533,3.717302854714453,3.047658956282222,3.082112659932468,2.85179800894031,1.9825873667434184,2.022762096747481,1.953387066661814,0.35833048152063046,0.013822540354668194,0.29437293634148626,0.03360319465975313,0.34684656832695626,0.03582439386380742,0.4375999109580071,0.03234983256010028
62,0.5304104104104104,4.530566113441033,4.554469977503184,4.346420312011362,3.8098717082379774,3.8641640533864914,3.72432027343668,3.0544683832697523,3.0888094689207373,2.858600664648048,1.9908575142392662,2.029862563938093,1.9600906801003375,0.3582699944156528,0.013808104571990604,0.29432142364400743,0.03357619176687979,0.34692565405642667,0.03580736223469837,0.43734435233293284,0.032350270901009635
63,0.5309009009009009,4.537353348136823,4.561251883461763,4.3533441529528965,3.8168428930664313,3.871025347033391,3.7313333785773417,3.061272520916616,3.0955032611697724,2.8653969612750783,1.9991326591893908,2.036957451713861,1.9667888784368344,0.3582095639119973,0.013793771141244237,0.2942703792734599,0.033549480591290363,0.34700547117078856,0.03579079428371711,0.43708753887214646,0.032352323872607315
64,0.5313913913913914,4.544138297874786,4.568032420191372,4.360265210444545,3.8238106211511806,3.8778847730313672,3.7383422310119614,3.068071153889715,3.102193830868142,2.872186886507385,2.0074109053115583,2.0440467660364225,1.9734817664179298,0.35814927175314065,0.013779550806029283,0.29421978938658494,0.0335230512841791,0.34708608760710963,0.03577466337174138,0.43682966631440423,0.032355989753421306
65,0.5318818818818819,4.5509209790615115,4.574811494534208,4.3671834997060435,3.8307748312653467,3.884742382884685,3.7453468917480293,3.0748640953464084,3.108880959518789,2.878970447348485,2.015690381899007,2.0511305048268653,1.980169440463469,0.3580891989223235,0.01376545378892253,0.2941696376515421,0.03349689416460812,0.3471675684547047,0.035758940811421676,0.4365709341499299,0.03236125745245896
66,0.5323723723723723,4.5577014088341175,4.581589020539849,4.374099038266451,3.837735444218572,3.891598219922218,3.752347422096945,3.081651160417459,3.115564454113257,2.885747643067411,2.0239692922658903,2.0582086545590124,1.9868519871865589,0.35802942389659653,0.013751489433675986,0.2941199129599242,0.033470999120594126,0.34724997220704396,0.03574360027242532,0.4363115370860056,0.03236811216469125
67,0.5328628628628629,4.56447960385683,4.588364916979873,4.381011842980467,3.8446924055801386,3.898452321281255,3.759343882861891,3.088432174703441,3.1222441122288176,2.8925184925119867,2.0322458733531144,2.0652811953854373,1.993529488288363,0.3579700242984498,0.013737666271831546,0.294070602106392,0.033445356333477144,0.3473333569849015,0.035728612639227025,0.4360516695752389,0.03237652931316919
68,0.5333533533533533,4.571255578472036,4.595139100292848,4.3879219302216494,3.8516456579421,3.905304721840388,3.7663363354768467,3.0952069834379357,3.128919747197525,2.8992830110919487,2.0405184167954564,2.072348096557717,2.000202014338966,0.35791107557965135,0.013723992450413728,0.2940216918087569,0.033419955537889304,0.3474177756171972,0.03571395116198632,0.4357915259671513,0.032386480632221534
69,0.5338438438438439,4.5780293472135325,4.60191149545305,4.394829318918354,3.858595153930609,3.912155448161689,3.7733248406907642,3.1019754180665466,3.1355911701693793,2.9060412263732083,2.0487853052282796,2.079409321241387,2.006869630113847,0.3578526503159598,0.01371047453592269,0.2939731702685765,0.033394786419883915,0.34750328163444133,0.03569958640186322,0.43553128860536755,0.03239792912462246
70,0.5343343343343343,4.584800925622564,4.608682024127603,4.401734025885398,3.8655408530689397,3.9190045223745926,3.7803094589208266,3.108737348345054,3.1422582050571215,2.9127931641052838,2.057044925781591,2.0864648273202304,2.013532391198405,0.3577948206425863,0.013697119355327534,0.2939250247397852,0.03336983855265928,0.34758992174527337,0.03568549178090099,0.435271148408471,0.032410835213194995
71,0.5348248248248249,4.591570327329826,4.615450619708,4.40863607077798,3.8724827150438164,3.9258519637016214,3.787290250211243,3.115492628569813,3.1489206846691107,2.9195388573184773,2.0652957643827943,2.0935145657602416,2.020190347925909,0.3577376554266286,0.013683932318766912,0.29387724475935,0.033345101763075584,0.3476777421033897,0.03567163961662626,0.4350112838582258,0.03242515274124761
72,0.5353153153153153,4.5983375668060065,4.622217213609212,4.415535470845484,3.879420710489112,3.932697783721033,3.7942672739317054,3.1222411477168084,3.155578450799023,2.9262783474682816,2.073536352062491,2.1005584842893232,2.0268435402449687,0.35768122129813207,0.013670918683645663,0.29382981897093646,0.033320565763494625,0.3477667817021619,0.03565800323186668,0.4347518764199545,0.03244083196249581
73,0.5358058058058058,4.605102659617828,4.628981740158348,4.422432242697364,3.886354810835797,3.939541989290916,3.8012405886027603,3.1289827732311934,3.1622313451608086,2.933011673630107,2.0817652839553076,2.1075965235699163,2.0334920041677247,0.35762558300544317,0.013658082452065765,0.2937827371966626,0.033296220391979464,0.34785708231711354,0.03564455500757457,0.4344930963986631,0.03245781737596607
74,0.5362962962962963,4.611865616604382,4.63574414085361,4.429326404175367,3.89328499406213,3.946384586150509,3.8082102518215417,3.135717421101669,3.1688792197906017,2.939738880049889,2.08998122211244,2.1146286247738897,2.040135766071416,0.35757080208490605,0.013645427562059841,0.2937359891385962,0.03327205568213292,0.34794867710573923,0.035631269855078355,0.4342351150034381,0.03247605213857439
75,0.5367867867867868,4.618626452254959,4.64250435639118,4.436217973237651,3.9002112414599535,3.9532255698650505,3.8151763204678475,3.1424449819044473,3.1755219464133955,2.94646001850068,2.098182857895274,2.1216547222239712,2.046774846880893,0.3575169393271315,0.01363295718282335,0.29368956602496704,0.0332480612493241,0.3480415978674606,0.03561812155710951,0.4339781012421904,0.032495474325745254
76,0.5372772772772773,4.625385179535562,4.649262333410934,4.443106965661339,3.9071335339317037,3.9600649375217762,3.822138850046016,3.1491653724953634,3.1821594003896463,2.9531751359642686,2.1063689813077535,2.1286747527457064,2.0534092618116224,0.35746405110803187,0.013620673877502943,0.29364345944334436,0.03322422751760995,0.3481358727294944,0.035605086209878775,0.43372221394410276,0.03251602122230368
77,0.5377677677677678,4.632141810433734,4.656018023605943,4.4499933993653915,3.914051870150126,3.9669026773731617,3.829097895298896,3.155878521843647,3.1887914538870996,2.9598842944647927,2.1145384264170364,2.1356886455935573,2.0600390169211793,0.3574121926578224,0.013608579639549511,0.2935976606979233,0.033200544670831375,0.34823152753336933,0.035592138091676925,0.43346761145032586,0.032537625082611675
78,0.5382582582582582,4.638896357634809,4.662771375971471,4.456877288964748,3.920966240548189,3.9737387791459446,3.8360535089580217,3.1625843602567896,3.1954180016617126,2.966587546960985,2.1226900786605225,2.14269633039176,2.0666641157863337,0.3573614164948727,0.013596676181484689,0.29355216159563613,0.03317700328809122,0.3483285846986779,0.03557925456645328,0.43321444712236873,0.032560218429887836
79,0.5387487487487488,4.645648832768156,4.669522353116976,4.463758652133096,3.927876638745837,3.9805732263336497,3.8430057432700995,3.1692828278210103,3.202038944297494,2.9732849490552273,2.1308228879485114,2.1496977370431285,2.073284552414033,0.3573117731039608,0.013584964617428696,0.2935069567153793,0.0331535942049983,0.3484270634918188,0.03556641330788623,0.4329628689753983,0.03258373228204419
80,0.5392392392392392,4.65239924870351,4.676270909033566,4.470637499170468,3.9347830722189228,3.9874059951598557,3.8499546485080303,3.1759738759706195,3.2086541946782625,2.979976566454644,2.1389358731879082,2.1566927951028996,2.079900318652252,0.357263309019731,0.0135734457402192,0.2934620378328515,0.03313030844537507,0.3485269789606728,0.035553592083038724,0.432713020285355,0.032608095892211995
81,0.5397297297297298,4.659147613849044,4.683017010345918,4.4775138489853745,3.9416855305753975,3.9942370625092924,3.85690027340372,3.182657463118135,3.2152636608706624,2.9866624629600707,2.1470280877984806,2.163681430182557,2.086511397196359,0.35721607030039915,0.013562119664374605,0.2934174018669906,0.033107136645189196,0.34862834340222876,0.03554076884348944,0.4324650412647017,0.03263323684581338
82,0.5402202202202202,4.665893940982262,4.689760622207751,4.48438771096467,3.9485840304099598,4.0010664017485755,3.863842665309835,3.189333555978015,3.2218672659267154,2.9933426975174227,2.1550986671396473,2.1706635743187954,2.093117768215344,0.35717009904155744,0.01355098639160782,0.29337304158014804,0.03308407088571229,0.3487311696428797,0.035527923865984905,0.43221906236787044,0.032659084198669405
83,0.5407107107107108,4.672638240614596,4.69650171243863,4.491259101731979,3.9554785749989914,4.007893983388115,3.8707818698800067,3.196002133883093,3.2284649518538613,3.0000173345558343,2.1631467832606766,2.1776391496365455,2.0997194058183593,0.3571254359754656,0.013540045730825297,0.2933289534276409,0.033061102261233814,0.34883546255700476,0.03551503864841964,0.4319752164145715,0.03268556702442081
84,0.5412012012012012,4.679380523129361,4.703240255765335,4.498128029713085,3.962369175150625,4.01471977558497,3.8777179307340117,3.2026631674815196,3.2350566546828787,3.0066864421250092,2.1711716744106178,2.1846080908340433,2.106316279613225,0.35708211875254064,0.013529296781879684,0.2932851332041831,0.03303822345160825,0.34894122907251773,0.03550209344410505,0.43173362387426195,0.03271261281781581
85,0.5416916916916917,4.686120797124451,4.70997622406977,4.504994506931139,3.9692558390901334,4.02154374028668,3.884650890295847,3.2093166554428096,3.241642327117791,3.013350086992179,2.1791726191605374,2.1915703241748856,2.1129083541383458,0.35704018304060187,0.013518738776751462,0.2932415780008899,0.03301542609252903,0.3490484683868483,0.03548907102445818,0.43149440761865165,0.03274015130584907
86,0.5421821821821822,4.692859073145351,4.716709596351503,4.511858544864263,3.976138589310605,4.028365843262905,3.8915807883833615,3.2159625957468587,3.248221922675456,3.020008333567871,2.1871489618867592,2.198525781657017,2.119495589836583,0.356999662204923,0.01350837055759543,0.2931982839007988,0.03299270306736573,0.34915718226226455,0.03547595502248633,0.43125768043259166,0.03276811285361136
87,0.5426726726726727,4.699595360150631,4.723440355846536,4.5187201496583,3.983017429874744,4.035186041994425,3.8985076637077,3.222600978287807,3.25479540459032,3.02666124738967,2.1951000876521953,2.2054743942777284,2.1260779426396565,0.35696058752388377,0.013498190529780513,0.2931552506267984,0.03297004754025145,0.3492673680334227,0.03546272873638994,0.43102355040825063,0.03279642804283776
88,0.5431631631631632,4.706329666158669,4.7301684798934405,4.525579331090095,3.9898923861813675,4.042004292306944,3.9054315523309526,3.229231827028712,3.2613627543691437,3.0333088959570538,2.203025444325597,2.212416095359259,2.132655364930451,0.3569229869225772,0.013488197437596714,0.2931124749719404,0.0329474520687624,0.3493790176394285,0.035449378572675105,0.43079212458407906,0.0328250311961389
89,0.5436536536536537,4.713062000608314,4.736893958287963,4.5324360975451725,3.99676346890762,4.048820554805105,3.912352488897384,3.2358551490731706,3.267923945670089,3.0399513495321453,2.2109245093265044,2.2193508198911585,2.139227805517542,0.35688688782104716,0.013478389378625907,0.29306995718146606,0.03292491059949698,0.34949212455170237,0.03543588940732783,0.43056350281975464,0.032853855049155035
90,0.5441441441441441,4.719792369250531,4.743616775093685,4.539290453426997,4.003630697884068,4.055634782329384,3.9192705054113044,3.2424709771306146,3.2744789620453614,3.046588664735501,2.218796822710396,2.226278502893543,2.145795210089519,0.35685231413668167,0.013468764662202502,0.2930276957415199,0.032902416787678274,0.3496066788962929,0.03542224967018372,0.43033777951902835,0.032882837466480255
91,0.5446346346346347,4.726520782244924,4.750336922364023,4.546142404734898,4.010494093940698,4.062446925612693,3.926185632554585,3.249079320384805,3.281027799149933,3.0532209113483653,2.2266419571886433,2.23319908683144,2.1523575186976625,0.3568192888375614,0.013459321134209994,0.2929856915159983,0.03287996487749892,0.34972267019581554,0.03540844592692929,0.4301150443481193,0.03291191539709641
92,0.5451251251251251,4.733247243316928,4.757054392450396,4.552991954918019,4.017353672422542,4.069256937247597,3.933097898370586,3.2556802258700306,3.2875704535031143,3.059848151940361,2.234459548933348,2.240112505723283,2.158914671598268,0.3567878315696523,0.013450056870546042,0.29294394501809784,0.03285754937370945,0.3498400825055442,0.03539446778753425,0.4298953835400175,0.03294103002517595
93,0.5456156156156156,4.739971762527182,4.7637691782436695,4.559839107446607,4.024209462278021,4.076064767715893,3.940007329004561,3.26227371929814,3.294106934349788,3.0664704517985486,2.2422492541197427,2.247018705443179,2.1654666040539388,0.35675796133567,0.013440969781664041,0.2929024563703303,0.032835165287461124,0.3499589021208363,0.035380304617355446,0.4296788785874548,0.032970123406011166
94,0.5461061061061061,4.7466943431795965,4.770481273784677,4.566683864098527,4.031061470394902,4.082870364907384,3.9469139482908098,3.2688598502533646,3.300637247595381,3.0730878713999257,2.250010784015025,2.253917629262391,2.1720132491716484,0.3567296940174269,0.013432057635087279,0.29286122854192914,0.032812807369376966,0.3500791091575493,0.03536594709691263,0.42946560597276173,0.03299914089918716
95,0.5465965965965967,4.753414992699152,4.777190679366536,4.573526226468751,4.03790972648202,4.08967367727778,3.9538177783047534,3.275438656481166,3.307161410373185,3.079700469969324,2.2577438920689548,2.2608092255371264,2.178554538590043,0.3567030442903382,0.013423318176003335,0.2928202628463607,0.0327904714515302,0.3502006871322366,0.03535138673129833,0.429255635278451,0.033028030101601144
96,0.5470870870870871,4.760133715848174,4.783897390105959,4.580366192759181,4.044754246268586,4.0964746516757655,3.9607188383235092,3.282010191680937,3.3136794476973095,3.0863083017535566,2.265448365823592,2.26769343994067,2.185090399383599,0.35667802463701215,0.013414749365961919,0.2927795616325688,0.032768153234426355,0.350323614170165,0.03533661700378154,0.42904903493058527,0.03305674241792225
97,0.5475775775775775,4.766850514740813,4.790601406632178,4.587203763878445,4.051595049070875,4.103273234396596,3.9676171463322722,3.288574515523284,3.320191374966586,3.0929114330630196,2.273124020323797,2.2745702238155037,2.1916207588152914,0.35665464623650717,0.013406348858458397,0.2927391278038531,0.03274584845524579,0.3504478674298899,0.035321629537931616,0.42884586974465083,0.033085228755911314
98,0.5480680680680681,4.773565396602529,4.7973027335462275,4.594038937993607,4.058432150965661,4.110069370116073,3.9745127172069132,3.2951316702430566,3.3266972367977417,3.09950991347738,2.2807707230328345,2.281439531435289,2.1981455420831186,0.35663291818545534,0.013398114417650887,0.2926989663350731,0.03272355382376079,0.35057342363282235,0.035306419546598855,0.4286461961060148,0.033113446138355214
99,0.5485585585585585,4.780278363771713,4.804001373785602,4.600871707472644,4.065265578694644,4.116863008031664,3.981405564108917,3.301681729199795,3.3331970555675476,3.1061037998875363,2.288388373768543,2.2883013181318073,2.2046646713422104,0.3566128476857735,0.013390044009048314,0.2926590784629853,0.03270126690220503,0.3507002591060683,0.035290981609410445,0.4284500683481684,0.03314135240626149
100,0.549049049049049,4.786989417889729,4.810697324910644,4.607702072229085,4.072095342626503,4.123654090812675,3.988295698176601,3.308224750335002,3.33969087358295,3.112693143144571,2.295976890025591,2.2951555423440144,2.2111780683507445,0.3565944407791792,0.013382135365913756,0.2926194692455182,0.032678983488146504,0.35082834678971897,0.03527531146832564,0.42825753763212077,0.03316890865606356
101,0.5495395395395395,4.793698563987611,4.817390600005829,4.614530024624781,4.078921466302455,4.130442562980406,3.9951831279472727,3.3147607899192884,3.34617873983488,3.119277990868634,2.3035362450505943,2.30200216283023,2.217685653320557,0.35657770178690124,0.013374386406459153,0.29258014358694745,0.032656702036264355,0.35095766116435995,0.03525940611172222,0.42806864748357676,0.033196079565977886
102,0.55003003003003,4.800405802457402,4.824081196629868,4.621355558003109,4.085743966691215,4.137228369732992,4.002067859902373,3.3212899286833033,3.3526606899550644,3.1258583916223843,2.311066412957493,2.3088411414532186,2.2241873449271683,0.3565626338018252,0.01336679518623591,0.29254110476559414,0.03263441964163983,0.3510881738160226,0.03524326269553912,0.42788344281912644,0.03322283122583578
103,0.5505205205205205,4.807111133763104,4.830769127883346,4.628178665631949,4.092562847680353,4.144011457825669,4.008949898788955,3.3278122287779284,3.3591367709790303,3.132434394697857,2.318567426633578,2.315672446402989,2.230683061815339,0.3565492376670996,0.013359359397002559,0.29250236022853865,0.03261213462530134,0.3512198553446229,0.03522687833829671,0.4277019582022963,0.03324913260371982
104,0.551011011011011,4.813814559639565,4.837454396134792,4.63499933759196,4.099378134609396,4.150791770840477,4.01582924643494,3.334327762763233,3.3656070435404333,3.139006038935672,2.3260393224345948,2.322496041774606,2.237172721754165,0.35653751376790804,0.013352077441314095,0.2924639133682791,0.032589845222002034,0.35135267661119346,0.03521025325051266,0.4275242303764897,0.03327495700036995
105,0.5515015015015015,4.820516081359808,4.844137012727365,4.641817565189731,4.106189839175571,4.157569254963197,4.022705903257125,3.340836601116443,3.372071557893678,3.1455733679585998,2.3334821852003964,2.3293118986041073,2.243656239985489,0.35652746054600926,0.013344947286864584,0.2924257707894163,0.03256755026260423,0.35148660778627616,0.03519338625873613,0.42735028731557967,0.03330027911618708
106,0.551991991991992,4.827215695206763,4.85081698252075,4.648633338130805,4.112997969388099,4.164343856539596,4.029579867026279,3.347338823808536,3.3785303654055916,3.1521364180513407,2.3408961084540514,2.3361199885261845,2.250133534310989,0.3565190752243711,0.013337967135060434,0.29238793809759217,0.032545248213971395,0.35162161767352146,0.03517627781426939,0.4271801557522829,0.03332507664548955
107,0.5524824824824824,4.833913404307805,4.857494316716308,4.65544664173624,4.119802544936657,4.171115519786692,4.036451133534186,3.3538345027881618,3.384983528094478,3.1586952283519163,2.348281210078213,2.342920284752506,2.256604519269534,0.3565123544537624,0.013331135409272655,0.2923504210763516,0.03252293901751989,0.3517576753791748,0.03515892856611385,0.4270138599306234,0.03334932960216412
108,0.552972972972973,4.840609201502475,4.864169021137035,4.662257466236757,4.1266035662480265,4.177884195219612,4.043319696638793,3.360323712305049,3.3914311034739377,3.165249829737272,2.355637643765759,2.3497127654088863,2.263069111601694,0.35650729248935864,0.013324450302364982,0.2923132261088685,0.03250062142501075,0.3518947493676056,0.03514134026571307,0.4268514163655195,0.03337302125484129
109,0.5534634634634634,4.847303087045939,4.870841105649651,4.669065797798516,4.133401046891374,4.18464982640975,4.050185548389923,3.3668065282984228,3.3978731541451705,3.1718002594459356,2.362965564017572,2.35649740570575,2.2695272267873268,0.35650388392711874,0.01331791030143986,0.29227636001322793,0.03247829519920622,0.3520328068367587,0.035123514203615445,0.4266928439614893,0.03339613587168294
110,0.553953953953954,4.853995058771354,4.877510580503701,4.675871619421478,4.140194994387971,4.191412363643931,4.057048678047421,3.3732830275522674,3.4043097443955883,3.1783465403736133,2.3702651723806984,2.3632741883910766,2.275978780557757,0.3565021208957415,0.013311513992775642,0.29223982916121366,0.03245596093586896,0.3521718163872645,0.0351054541449414,0.42653815197490524,0.033418662751358665
111,0.5544444444444444,4.860685110835334,4.884177449995706,4.682674918354088,4.146985415589109,4.198171756217058,4.063909073557053,3.3797532972853013,3.4107409280695546,3.1848887037240665,2.3775366645546443,2.3700430980246825,2.282423688818168,0.3565019952947132,0.013305259938356906,0.2922036395764344,0.03243361812138231,0.3523117449874256,0.03508716255105243,0.4263873514227087,0.033440590956357326
112,0.554934934934935,4.867373240196153,4.890841729566133,4.689475674649899,4.153772309436286,4.2049279528700625,4.070766720615653,3.3862174022686333,3.4171667757666313,3.191426773718092,2.384780267269894,2.376804114788073,2.2888618676910615,0.3565034981781641,0.013299146789058159,0.29216779981058777,0.03241126811914014,0.35245255988967145,0.03506864299342352,0.426240447597064,0.03346191282456566
113,0.5554254254254254,4.874059439112853,4.897503423396097,4.696273874809206,4.160555684421781,4.211680905026916,4.077621602896146,3.392675426096784,3.4235873538871284,3.197960767806917,2.391996225543663,2.3835572303589716,2.2952932353054254,0.3565066188406294,0.013293173376003982,0.29213231556035435,0.0323889108519288,0.3525942286873988,0.035049900869548296,0.42609744232521185,0.03348262425979296
114,0.5559159159159159,4.880743703666079,4.904162540349337,4.70306949872634,4.167335541177418,4.218430563375253,4.084473702601883,3.39912744741662,3.4300027223287524,3.204490707916608,2.399184789457387,2.3903024280852603,2.3017177079360867,0.35651134683668817,0.013287338557918768,0.2920971942544724,0.03236654756329115,0.3527367185265446,0.0350309402590043,0.4259583371657621,0.033502721120766646
115,0.5564064064064064,4.887426027446086,4.910819088430456,4.709862526823365,4.1741118761715486,4.225176881501661,4.091322999427192,3.4055735361021537,3.4364129490566833,3.211016612183637,2.4063462357466103,2.397039702591932,2.3081352042843837,0.3565176698561003,0.013281641159253116,0.29206244345945975,0.03234417955381088,0.3528799966574831,0.03501176619521312,0.42582312718423027,0.03352220221907507
116,0.5568968968968969,4.894106401741098,4.917473075566987,4.716652939100848,4.180884693916252,4.231919812509325,4.098169471989154,3.4120137729186877,3.442818096722498,3.2175384899943755,2.4134808477902276,2.403769043925764,2.3145456427802276,0.35652557552887504,0.013276080306706744,0.2920280693978849,0.032321808185948896,0.353024031728365,0.03499238506148765,0.4256918067272119,0.03354106898213605
117,0.5573873873873874,4.900784817770923,4.9241245086277505,4.723440716278951,4.187653989273458,4.238659311789762,4.10501309626925,3.4184482345040044,3.4492182256502173,3.224056360049248,2.42058892325669,2.4104904476636992,2.3209489439583484,0.3565350503290368,0.013270654937691258,0.29199407968059404,0.032299434877722306,0.3531687905261865,0.034972801900248755,0.4255643673812802,0.03355932289328522
118,0.5578778778778779,4.90746126883284,4.930773397752615,4.730225836158732,4.1944197569866875,4.245395334291631,4.111853847505606,3.424876992260727,3.4556134070595155,3.230570226195396,2.4276707722196673,2.4172039087560995,2.327345027991107,0.3565460804545088,0.013265364303605047,0.29196048245899053,0.03227706177243036,0.3533142409798733,0.034953024226600765,0.4254407977495412,0.03357696956563908
119,0.5583683683683683,4.914135742406015,4.937419745546556,4.737008276660944,4.201181995923283,4.2521278369887145,4.118691698336132,3.4313001165948673,3.4620036986260643,3.2370800961897115,2.4347267130631054,2.4239094240280163,2.3337338177368854,0.35655865117478935,0.013260207522571297,0.2919272834550283,0.03225469050771713,0.3534603530710574,0.034933058300288734,0.4253210830328596,0.03359401425642915
120,0.5588588588588589,4.920808230284102,4.944063556981226,4.743788015630209,4.207940695853899,4.258856780353651,4.125526620049777,3.437717685783127,3.4683891669474964,3.24358597967855,2.4417570795742765,2.430606994170969,2.340115235292429,0.35657274687141444,0.013255183957966613,0.29189449035248966,0.03223232333029244,0.35360709307120636,0.03491291141209127,0.42520520845728327,0.0336104648510032
121,0.5593493493493493,4.9274787195231635,4.950704839836896,4.750565028778851,4.214695845021098,4.265582120458923,4.132358582749932,3.444129774039648,3.4747698653190278,3.250087872532667,2.448762219046228,2.4372966194680665,2.3464892054216033,0.35658835141272166,0.013250292804841857,0.2918621112770563,0.032209962520967354,0.35375443073001916,0.03489259118846027,0.42509315245865675,0.0336263311269415
122,0.5598398398398399,4.934147199833485,4.957343597686049,4.75733929161747,4.221447438282914,4.272303819945345,4.139187554436139,3.450536435544042,3.4811458625617737,3.2565857809644982,2.4557424645638823,2.4439783003773035,2.3528556543704493,0.35660544921185955,0.013245533469771701,0.29183015249631833,0.03218761082207346,0.353902336556762,0.03487210472828824,0.42498489613419765,0.033641622154783626
123,0.5603303303303303,4.940813657683665,4.963979831584581,4.764110781118109,4.228195463856598,4.279021840279863,4.146013501752987,3.456937753677028,3.4875172144893134,3.2630796959582793,2.4626981782683965,2.450652042910722,2.3592145077690865,0.356624022872293,0.013240905508443791,0.2917986209832725,0.03216527040956266,0.3540507795935126,0.03485146144417216,0.4248804157996873,0.03365635162306802
124,0.5608208208208209,4.947478078045248,4.970613548212501,4.770879470997523,4.234939909581454,4.285736145651664,4.152836389941316,3.4633337877916492,3.4938839781040283,3.2695696175546027,2.469629720647855,2.4573178502362727,2.3655656953188684,0.35664405526698295,0.013236408308237139,0.2917675237009579,0.032142944451102266,0.3541997310137313,0.0348306687628046,0.4247796858373436,0.03367053148244824
125,0.5613113113113113,4.95414044832988,4.977244747150488,4.777645335153635,4.2416807635751566,4.292446699327962,4.159656182974195,3.469724608039648,3.500246205016009,3.2760555393600788,2.4765374645996068,2.4639757274498484,2.371909146563789,0.3566655284457938,0.0132320413805217,0.2917368672408496,0.03212063573586078,0.354349161862934,0.03480973507324319,0.4246826784278843,0.03368417605628182
126,0.5618018018018018,4.960800753242967,4.983873429880702,4.784408346045093,4.24841800570962,4.29915346612398,4.166472843139592,3.476110269199441,3.5066039556740236,3.28253744861323,2.483421781554539,2.4706256823802253,2.3782447928267287,0.3566884242943086,0.013227804272964884,0.29170665908310633,0.03209834736010112,0.354499043840958,0.034788669608184844,0.4245893634433117,0.03369730119404034
127,0.5622922922922923,4.967458975804885,4.990499598501817,4.791168479755353,4.255151625016821,4.305856415679174,4.173286331544676,3.4824908404478196,3.5129572826318447,3.2890153373649333,2.490283043295771,2.4772677257353664,2.384572566852504,0.3567127246285737,0.013223696698534177,0.29167690522445233,0.03207608240166297,0.3546493488630157,0.03476748152860131,0.4244997117201058,0.033709923051533405
128,0.5627827827827828,4.974115099981839,4.997123249559822,4.797925706168117,4.261881600691959,4.312555516317005,4.180096608301636,3.488866373487459,3.519306235410249,3.295489194044581,2.497121638116577,2.4839018625403817,2.390892404936245,0.356738410344339,0.013219718157705196,0.2916476118557627,0.03205384423449661,0.3548000505787244,0.03474617926175745,0.42441368852040173,0.03372205817444985
129,0.5632732732732733,4.980769110551985,5.003744385027421,4.804679998456713,4.268607918697189,4.319250733461463,4.186903631801256,3.495236932691736,3.5256508596962606,3.301959001795106,2.5039379418491414,2.490528108300575,2.3972042416051473,0.35676546289364147,0.013215868343029982,0.29161878623659626,0.032031636280483215,0.354951122434392,0.03472477224568722,0.42433126016301914,0.03373372480411238
130,0.5637637637637638,4.987420985350743,5.010362999301996,4.8114313291005875,4.275330554753275,4.32594204284435,4.193707359668178,3.5016025733450067,3.531991207469402,3.308424744913077,2.5107323457286093,2.4971464711014106,2.4035080165491256,0.356793862510609,0.013212147002013551,0.2915904335256537,0.03200946171588445,0.3551025380128641,0.034703270334328344,0.4242523908258909,0.03374494186146832
131,0.5642542542542542,4.994070706711097,5.016979092478712,4.818179667866943,4.282049492593232,4.332629413293636,4.20050774836647,3.507963344809766,3.538327319030482,3.3148864061085,2.517505241365231,2.5037569656365046,2.4098036689249303,0.35682358975124007,0.01320855370998281,0.29156255997247565,0.031987324438842786,0.3552542736670588,0.03468168216566422,0.4241770409755795,0.033755728157879916
132,0.5647447447447448,5.0007182561998444,5.023592657312946,4.82492498729039,4.288764704275482,4.339312821014881,4.207304753085302,3.514319299344525,3.544659240778725,3.321343958624402,2.524257011092349,2.5103596033067985,2.4160911402847858,0.3568546253077171,0.013205088274861589,0.29153517186038164,0.03196522784922419,0.3554063050116866,0.034660018561435364,0.4241051724830935,0.03376610443350586
133,0.5652352352352352,5.00736361284928,5.030203692704734,4.831667257240582,4.2954761771837955,4.3459922385415615,4.214098328380654,3.520670492435424,3.5509870057616606,3.3277973892636394,2.530988051905503,2.5169544002195425,2.422370374968459,0.35688694906084145,0.013201750357632209,0.2915082740142035,0.03194317597346667,0.3555586087593997,0.03463828775528319,0.4240367445094017,0.03377608990604261
134,0.5657257257257258,5.0140067551724234,5.036812189654737,4.838406447554945,4.302183876603148,4.35266764248836,4.220888427547348,3.5270169596815153,3.5573106629723665,3.3342466680869034,2.537698746321057,2.523541369716116,2.42864131737512,0.35692054129109907,0.01319853972534555,0.2914818728262676,0.031921172351027885,0.3557111618262389,0.03461650043480029,0.42397171570907727,0.033785706178372156
135,0.5662162162162162,5.020647659854245,5.0434181408441985,4.845142530215495,4.3088877875411065,4.359339010755982,4.2276750032397565,3.5333587557023374,3.5636302417886974,3.3406917728314807,2.544389492604735,2.5301205276534784,2.434903914950589,0.3569553816324984,0.01319545613823195,0.2914559720294196,0.03189922060989967,0.355863943051635,0.034594666050667466,0.42391004267672827,0.03379497430843296
136,0.5667067067067066,5.027286307383149,5.050021541150497,4.85187547288029,4.315587882827441,4.366006321406588,4.234458006948418,3.539695921305763,3.5699457760684217,3.347132675435678,2.551060672198206,2.5366918907733957,2.4411581168010725,0.35699145044017916,0.01319249935907352,0.29143057750710094,0.031877325226832585,0.35601693155739034,0.034572794419651255,0.42385168188364236,0.03380391556261947
137,0.5671971971971972,5.033922671252072,5.056622379222981,4.858605246841398,4.322284131036854,4.372669553886525,4.241237389711308,3.5460284916395595,3.5762573014949246,3.3535693493943053,2.5577126758744373,2.5432554766717903,2.44740387416028,0.3570287271029352,0.013189669028816266,0.2914056942356498,0.031855489500531055,0.35617010631396173,0.034550895091602134,0.42379658768885164,0.033812551607958145
138,0.5676876876876877,5.0405567279287995,5.063220646732289,4.865331819501801,4.328976515297669,4.37932868931323,4.248013101665775,3.55235651172796,3.582564838726638,3.360001763377024,2.5643458890049016,2.549811299477562,2.453641138876595,0.3570671918257504,0.013186965001562063,0.29138132527804345,0.031833717885158264,0.3563234499540263,0.03452897784418126,0.4237447142024228,0.033820904188827605
139,0.5681781781781782,5.047188454032362,5.069816331622007,4.872055161130768,4.335664997892601,4.385983708291706,4.254785092299986,3.558680013021494,3.5888684257627923,3.366429885762542,2.5709606925018207,2.556359380513099,2.4598698663275336,0.35710682414187056,0.013184386988285461,0.2913574767804174,0.031812014023861176,0.35647694142116604,0.034507052974976776,0.4236960151309297,0.03382899598890805
140,0.5686686686686686,5.053817822477909,5.076409423809835,4.878775240752724,4.342349560880193,4.392634593931231,4.261553310530819,3.5649990317286293,3.5951680762728766,3.3728536845302535,2.57755746881776,2.5628997378648974,2.466090012323899,0.3571476041135536,0.01318193467152398,0.29133415131561574,0.03179038205811733,0.35663056569275065,0.03448512955929532,0.423650441472562,0.03383684844389096
141,0.5691591591591592,5.060444806619021,5.082999911887776,4.885492027491043,4.349030169641015,4.399281331447132,4.268317704629189,3.571313597969793,3.6014638183584964,3.379273128298655,2.584136595903037,2.569432387911668,2.472301536105556,0.3571895115392512,0.013179607790520612,0.2913113535453762,0.031768826045013555,0.3567843042426874,0.03446321740307437,0.4236079459285445,0.03384448368408081
142,0.5696496496496497,5.0670693821157675,5.089587777839741,4.892205490852326,4.35570679734065,4.405923905230844,4.275078222155451,3.5776237457401825,3.60775566864182,3.385688183288507,2.5906984422364663,2.5759573517543806,2.4785043970358127,0.3572325264834237,0.013177406067119111,0.2912890866593325,0.031747349708407174,0.3569381408977404,0.03444132599750583,0.42356848042175943,0.0338519235516408
143,0.5701401401401401,5.0736915181424145,5.096173012031364,4.898915596778141,4.362379418223035,4.412562300687156,4.2818348108566875,3.583929496847329,3.6140436430523044,3.3920988119059254,2.5972433828603685,2.5824746477397995,2.4846985568894913,0.3572766289425454,0.013175329190410595,0.2912673532756521,0.03172595754942046,0.3570920622313637,0.03441946471540453,0.42353199355768106,0.03385919008753121
144,0.5706306306306306,5.080311187797173,5.102755597897416,4.905622315937329,4.3690479945622585,4.419196506627271,4.288587417266054,3.5902308779329375,3.6203277600326573,3.3985049792253736,2.603771784470755,2.588984295952409,2.490883980450704,0.35732179885758514,0.013173376799961568,0.2912461576769673,0.03170465334920259,0.3572460519516615,0.034397643179722125,0.4234984359127678,0.03386630527168678
145,0.5711211211211211,5.086928364389529,5.109335518467802,4.912325615576497,4.3757125068711575,4.425826508830602,4.2953359878724955,3.596527914592783,3.6266080263784874,3.404906644751793,2.610284010802474,2.595486314889644,2.497060632867301,0.35736801667808854,0.01317154860422417,0.29122550142743336,0.031683441293770716,0.3574000986055454,0.03437587077438228,0.42346775602546766,0.033873290954245974
146,0.5716116116116116,5.093543013848912,5.115912755845578,4.919025466718536,4.382372921281794,4.432452299046475,4.302080469191271,3.6028206202342026,3.6328844598546643,3.4113037710918266,2.6167804063124653,2.6019807279303455,2.503228481583244,0.35741526303372106,0.01316984426032436,0.291205386649119,0.031662324875005796,0.35755418925361654,0.03435415692840085,0.42343990445846286,0.0338801683253969
147,0.5721021021021021,5.100155110868809,5.122487295857853,4.925721834042258,4.38902920426979,4.439073863760434,4.3088208068736495,3.6091090208579018,3.639157063008041,3.41769632215867,2.623261339156854,2.6084675522685288,2.5093874957004836,0.35746351792368236,0.013168263339003127,0.29118581719088255,0.03164130882312386,0.35770831030993916,0.034332510127185335,0.4234148288081399,0.03388695878312099
148,0.5725925925925925,5.10676462170678,5.129059118228556,4.932414688294148,4.395681324674873,4.445691195816621,4.315556946650478,3.6153931314037324,3.6454258386144276,3.42408425853116,2.629727143672878,2.614946810966198,2.5155376462618966,0.35751276244136404,0.013166805392528673,0.29116679440095633,0.031620396650528744,0.3578624515136135,0.03431093911540593,0.4233924783854391,0.03389368254246368
149,0.5730830830830831,5.113371514820322,5.135628202301791,4.9391039974530555,4.40232926002152,4.452304286485046,4.322288834107728,3.6216729648523676,3.6516907952752757,3.4304675361249206,2.6361781675434175,2.6214185200329143,2.521678906125744,0.35756297739922993,0.01316547015981039,0.29114831848200967,0.031599592293060336,0.3580166037274764,0.03428945357805785,0.4233728012121216,0.033900361218477726
150,0.5735735735735735,5.119975761336733,5.142194528973269,4.945789729957124,4.408972975390345,4.458913127109498,4.3290164145571595,3.6279485332703527,3.6579519297508063,3.4368461143824884,2.64261474132622,2.6278827044572997,2.527811249537247,0.35761414405711917,0.01316425707224885,0.2911303921447626,0.03157889977382364,0.358170757319869,0.034268061708153635,0.42335574495247597,0.03390701467830678
151,0.5740640640640641,5.126577325639268,5.1487580782199505,4.952471854802821,4.415612438425427,4.465517711076848,4.3357396335465115,3.634219847439833,3.66420924221623,3.4432199572480022,2.649037202363962,2.634339381741492,2.5339346521538957,0.3576662433095537,0.013163165645087934,0.2911130163704302,0.03155832276888963,0.35832490240005266,0.034246771450128805,0.4233412581280121,0.033913662591864756
152,0.5745545545545545,5.133176176668426,5.15531882732748,4.9591503393911776,4.422247620871267,4.47211803141063,4.342458436077881,3.640486912788103,3.6704627293246825,3.4495890183677442,2.655445863336199,2.640788574156668,2.5400490926621435,0.3577192571190299,0.013162195422149851,0.29109619171737683,0.031537865239080816,0.3584790323151302,0.03422559156376399,0.42332928892588245,0.0339203245152907
153,0.5750450450450451,5.139772281756946,5.161876755250977,4.965825152810312,4.428878492404658,4.478714084630465,4.349172767553819,3.646749740818345,3.676712381487136,3.455953254360731,2.6618410454742576,2.6472303013955134,2.5461545492519253,0.3577731672719881,0.013161345925592866,0.2910799187323804,0.031517531134605384,0.3586331402706799,0.03420453040038875,0.4233197851466732,0.033927019914877496
154,0.5755355355355355,5.146365605388782,5.168431840019385,4.97249626398274,4.435505021594711,4.4853058626585,4.355882573311762,3.6530083359818084,3.682958198805476,3.4623126281281538,2.668223068649494,2.6536645832732013,2.5522510034241863,0.35782795508100007,0.013160616620867758,0.29106419822709734,0.03149732393091815,0.3587872173454777,0.034183595656139036,0.42331269558226603,0.03393376773875327
155,0.576026026026026,5.15295611429799,5.174984054976332,4.979163641884755,4.442127180684996,4.491893361939696,4.362587798764668,3.659262700497507,3.689200164890331,3.4686670907939665,2.674592224628801,2.660091441153327,2.5583384370930036,0.3578836034518895,0.013160006945465326,0.2910490294708247,0.03147724716801446,0.3589412602313423,0.034162795411159165,0.42330796839368384,0.03394058606559906
156,0.5765165165165165,5.159543773509265,5.181533378315302,4.985827254637078,4.448744937293227,4.498476579688686,4.36928838958931,3.6655128304152993,3.695438272168572,3.475016605043106,2.6809488118229576,2.6665108940118367,2.5644168347285694,0.3579400948361684,0.01315951628998459,0.291034412583686,0.03145730473449128,0.35909526304321476,0.03414213664234722,0.4233055528125889,0.03394749204106431
157,0.577007007007007,5.166128549250971,5.188079785024249,4.992487072121853,4.455358258380683,4.505055511022838,4.375984291497271,3.6717587305858124,3.701672506350118,3.4813611233407884,2.687293124100242,2.672922961660655,2.5704861806800103,0.35799741191955625,0.013159144073566702,0.29102034804459687,0.03143749999292537,0.35924922068022935,0.034121627407809225,0.4233053974469516,0.033954503990245154
158,0.5774974974974975,5.172710403729303,5.1946232486469945,4.9991430628184625,4.461967126276303,4.511630152834356,4.38267545026527,3.678000394427127,3.7079028462721983,3.487700602618108,2.6936254506023367,2.679327664590234,2.57654646287899,0.35805553755912173,0.01315888961164827,0.29100683284701373,0.03141783641980529,0.35940313253603273,0.03410127434230527,0.4233074489686817,0.03396163826843639
159,0.577987987987988,5.179289302779893,5.201163746262008,5.005795196404286,4.468571502138474,4.518200503894691,4.389361812457848,3.684237819061042,3.714129284276012,3.494035004374,2.699946060796059,2.685725022674862,2.5825976683148215,0.35811445531414954,0.013158752348822614,0.2909938678735833,0.031398317627672735,0.35955699217328657,0.03408108458216327,0.4233116602758667,0.033968911228373457
160,0.5784784784784784,5.185865208589038,5.207701249481709,5.012443441741165,4.475171358729497,4.524766558776952,4.396043324382184,3.690471002223932,3.720351793665955,3.5003642802647104,2.706255228902797,2.6921150526653737,2.58863978700165,0.3581741486230826,0.01315873154761202,0.290981451534493,0.03137894662708112,0.35971079828122876,0.03406106496217831,0.4233179795008107,0.033976339022370634
161,0.578968968968969,5.192438085827092,5.214235731604571,5.019087770014283,4.481766671618421,4.531328319061576,4.402719932960195,3.6966999326375207,3.7265703623059308,3.5066883865073635,2.712553212912448,2.698497776622202,2.594672809752701,0.35823460165067544,0.013158826646003942,0.29096958167023,0.031359726788551166,0.35986454959586667,0.0340412227848092,0.4233263577041994,0.0339839374165762
162,0.5794594594594594,5.199007898697585,5.220767166681325,5.0257281485977545,4.488357410054136,4.537885780835098,4.4093915854674295,3.702924602594213,3.7327849599105454,3.5130072863072326,2.7188402660772524,2.7048732119655337,2.6006967278307602,0.3582957987402963,0.01315903680033126,0.2909582572699589,0.0313406615644975,0.3600182442929743,0.03402156286762747,0.4233367461403965,0.033991719797008775
163,0.57994994994995,5.205574608591355,5.2272955254171505,5.032364548917,4.494943547995186,4.544438944882273,4.416058229450994,3.709145001460981,3.738995568195537,3.519320929571147,2.725116643341314,2.711241375827101,2.6067115350372494,0.3583577241738637,0.013159361395820026,0.29094747561659373,0.03132175382657252,0.36017188256087074,0.03400209276491309,0.4233490948817909,0.0339997019662897
164,0.5804404404404404,5.2121381773149436,5.233820782438633,5.03899694077253,4.501525058346007,4.5509878076445265,4.422719813030745,3.7153611166788583,3.7452021574513314,3.5256292773515177,2.7313825832678105,2.71760228702475,2.612717225158618,0.3584203629520093,0.013159799572348984,0.2909372350841245,0.03130300663874742,0.3603254642087341,0.033982817364186416,0.4233633558109277,0.034007896788459197
165,0.580930930930931,5.218698569992438,5.240342906857121,5.045625294896178,4.508101918254553,4.557532368040596,4.429376284677791,3.7215729377914757,3.751404709298156,3.5319322877850654,2.7376383188509634,2.7239559662510624,2.6187137940731944,0.3584837000400899,0.013160350717239802,0.29092753283942635,0.03128442287922954,0.3604789885470816,0.0339637430447352,0.4233794825647644,0.03401631821041247
166,0.5814214214214214,5.225255746351429,5.246861872180251,5.052249580166107,4.514674089896699,4.564072627734729,4.436027593459373,3.727780448500627,3.7576031871308753,3.5382299183637227,2.7438840776270568,2.7303024262955766,2.624701237695542,0.35854772104758087,0.013161013894072891,0.29091836731991183,0.03126600567037893,0.36063245678017886,0.03394487455169991,0.42339742713178596,0.03402497817677403
167,0.5819119119119119,5.231809669907016,5.253377647838624,5.058869768930664,4.52124156699819,4.570608583988912,4.442673689021995,3.7339836380669125,3.76379756900423,3.5445221231722828,2.7501200755917803,2.73664168683238,2.6306795540520103,0.3586124119906034,0.01316178859328809,0.2909097334095647,0.031247757606826947,0.360785871692447,0.033926218465874874,0.42341714430251715,0.03403389008393903
168,0.5824024024024024,5.238360301798059,5.259890206447543,5.065485831543428,4.527804307967953,4.577140235397351,4.449314521351942,3.7401824825631547,3.769987818509114,3.5508088686207926,2.756346526490875,2.742973764548684,2.6366487411394632,0.35867775879728414,0.013162673645790235,0.2909016306912194,0.03122968134446282,0.360939233416441,0.033907777778757246,0.4234385874111396,0.034043063887414175
169,0.5828928928928929,5.244907604922647,5.266399516942528,5.0720977390997675,4.534362299112448,4.583667583707543,4.4559500412479185,3.746376967090862,3.7761739132189023,3.55709010491833,2.7625636378348597,2.7492986759167763,2.642608797933597,0.3587437479448528,0.013163668573376478,0.29089405396439033,0.031211779670781023,0.36109254571151495,0.0338895594175722,0.4234617115697658,0.03405251280825345
170,0.5833833833833834,5.251451539324372,5.272905551583538,5.078705462029556,4.540915513219648,4.590190626720814,4.462580200012356,3.752567071003101,3.7823558101719303,3.5633657966842383,2.7687715988817816,2.7556164351263384,2.648559724801281,0.35881036665980365,0.013164772339013,0.29088700045562865,0.03119405514526345,0.36124581160050123,0.03387156625361278,0.4234864729430485,0.03406224552414691
171,0.5838738738738739,5.257992066291064,5.279408278718291,5.085308972202397,4.547463928000873,4.5967093643917325,4.469204949544089,3.758752776770914,3.7885334876483405,3.569635901634976,2.774970607625516,2.7619270595076655,2.654501523087267,0.3588776014153943,0.013165984298600018,0.2908804661028951,0.03117651006053818,0.36139903268986673,0.0338538039392596,0.4235128283619306,0.03407227377303808
172,0.5843643643643643,5.264529148827114,5.285907669478991,5.091908240920444,4.554007522802935,4.60322379468891,4.4758242427293355,3.7649340659233532,3.7947069041481987,3.5759003818653152,2.781160842543969,2.7682305628252917,2.6604341939580527,0.3589454401117058,0.013167303550972039,0.29087444732139367,0.03115914689390335,0.3615522130442821,0.03383627584541948,0.42354073565858286,0.03408260632110672
173,0.5848548548548549,5.271062748661362,5.292403694028369,5.098503241220442,4.56054627575778,4.609733918293229,4.482438032548242,3.7711109089598316,3.8008760286485463,3.5821591963698465,2.787342483565784,2.7745269611968557,2.6663577398796465,0.35901387048093225,0.013168729207093116,0.2908689402220669,0.031141967912728667,0.36170535748759086,0.033818986125324385,0.423570151397586,0.034093252649083215
174,0.5853453453453453,5.277592824968367,5.2988963209284945,5.105093944345908,4.567080163055041,4.616239733314218,4.489046273271734,3.7772832929760143,3.8070408225855705,3.5884123054783132,2.7935156962454464,2.7808162671294148,2.6722721640925173,0.3590828805473005,0.013170260503077501,0.2908639405213317,0.03112497509503718,0.36185846887288964,0.03380193875850599,0.42360103613915046,0.034104221579981935
175,0.5858358358358359,5.284119340433072,5.305385522305279,5.111680321924563,4.573609171008299,4.6227412389221145,4.495648919429084,3.7834511847299064,3.813201254077541,3.59465967543386,2.799680642807205,2.7870984951377946,2.6781774704604366,0.3591524589670511,0.013171896574758861,0.29085944335877983,0.03110817094823336,0.36201155283061354,0.033785136618141594,0.42363334942390607,0.034115520611535465
176,0.5863263263263263,5.290642256456727,5.311871266612212,5.118262346856946,4.580133275871504,4.629238434621671,4.502245926859545,3.7896145659641847,3.8193572817110635,3.600901265104511,2.8058374804011756,2.7933736588302813,2.6840736627321284,0.3592225944071987,0.013173636568549193,0.29085544455900536,0.031091557319625405,0.3621646140512371,0.03376858335614565,0.42366705139667443,0.03412715796415315
177,0.5868168168168169,5.297161534701657,5.31835352196963,5.124839991998778,4.586652460108953,4.6357313179999275,4.50883725154336,3.7957734083518937,3.8255088728784745,3.6071370413845925,2.8119863545001555,2.799641771728459,2.689960746013785,0.35929327594791965,0.013175479641489124,0.29085193928784814,0.031075135984813304,0.36231765688810996,0.03375228173083327,0.4237021046877375,0.03413914047307847
178,0.5873073073073073,5.30367713716868,5.324832260174923,5.131413229686837,4.59316670571706,4.642219886258682,4.515422850663498,3.801927693440971,3.831655987211708,3.613366964095666,2.8181274098930764,2.8059028446224383,2.6958387252908396,0.35936449305165585,0.01317742501601765,0.2908489231667229,0.03105890895341078,0.3624706864629752,0.03373623517919391,0.4237384717214965,0.03415147566396323
179,0.5877977977977978,5.310189023400065,5.331307450465431,5.1379820333827055,4.599675996493026,4.648704138580271,4.522002682330195,3.808077386899222,3.8377985835710584,3.6195909990942448,2.824260776294956,2.812156889291385,2.7017076063169174,0.35943623581193757,0.013179471739551809,0.2908463905717215,0.031042877853634868,0.3626237101161564,0.03372044559545436,0.42377611531319503,0.03416416884402065
180,0.5882882882882883,5.316697156569162,5.337779062258758,5.144546376819453,4.606180317238355,4.655184075389873,4.5285767048382155,3.814222465133811,3.843936628854915,3.6258091108580826,2.8303865817336287,2.8184039189170647,2.7075673954156545,0.3595084942705442,0.01318161912302463,0.2908443361179653,0.03102704454622411,0.3627767330212794,0.03370491625947089,0.4238150007554764,0.03417722657431914
181,0.5887787787787788,5.323201499632631,5.344247066792387,5.151106231152675,4.612679648703398,4.661659688878788,4.535144877970653,3.820362897988921,3.8500700830235552,3.632021266977671,2.83650495802676,2.82464394328749,2.7134180982508997,0.3595812584324842,0.013183866201241862,0.29084275584251623,0.031011410698079916,0.3629297602928553,0.0336896486168665,0.42385509187529063,0.03419065429585964
182,0.5892692692692693,5.32970201206355,5.350711431134723,5.157661572471297,4.619173976246193,4.668130979079209,4.541707162058516,3.8264986617771912,3.8561989127149925,3.6382274332724744,2.8426160104572604,2.8308769730744268,2.7192597216519223,0.35965451927153297,0.013186212319065062,0.29084164350733765,0.030995977357379117,0.36308279728010706,0.03367464560283922,0.4238963576909628,0.03420445735113371
183,0.5897597597597597,5.3361986592296695,5.357172127951293,5.164212373509591,4.625663287938322,4.6745979422830795,4.548263518363047,3.832629726185948,3.862323068189868,3.6444275786287004,2.8487198580294844,2.8371030183869577,2.7250922725673843,0.35972826782540074,0.013188656466892427,0.2908409940663303,0.030980746430265424,0.36323585220431515,0.03365990793449902,0.42393876241258527,0.03421863968894962
184,0.5902502502502502,5.342691400669491,5.36362912563278,5.170758608250368,4.632147567665173,4.681060574890405,4.554813908899334,3.8387560626646136,3.8684425146604395,3.6506216672729397,2.8548165903483675,2.8433220876495975,2.7309157583031447,0.35980249585902824,0.013191197957309778,0.29084080167266185,0.03096571897406665,0.3633889310605109,0.03364543807596849,0.4239822764434177,0.034233205774671614
185,0.5907407407407408,5.349180200063401,5.370082395929544,5.177300250211471,4.638626806073386,4.6875188719991145,4.561358296840518,3.844877641990498,3.8745572157622337,3.656809672871897,2.8609063119621423,2.849534191588651,2.73673018524343,0.3598771947257232,0.01319383601909976,0.29084106054020986,0.030950896464539267,0.36354203976062494,0.03363123705680724,0.42402686886470103,0.034248159513192364
186,0.5912312312312312,5.355665020750864,5.376531907789688,5.183837273889733,4.645100987615464,4.693972830855632,4.567896645905399,3.8509944363577677,3.8806671322296524,3.6629915596176668,2.8669891183695353,2.8557393371621744,2.742535561339009,0.3599523562814161,0.013196569894520227,0.29084176507622705,0.030936280065215864,0.36369518529637324,0.03361730697672229,0.42407250879999553,0.03426350524056058
187,0.5917217217217217,5.362145826172284,5.382977632933779,5.190369654945397,4.651570102702174,4.700422444622242,4.574428921003569,3.8571064149360863,3.88677221970387,3.6691673045664586,2.8730650846841623,2.861937533531502,2.7483318931122915,0.360027973384672,0.013199398687285667,0.2908429098286634,0.030921870733721987,0.36384837441605467,0.03360364751969351,0.4241191688988371,0.0342792444992686
188,0.5922122122122122,5.368622577550896,5.389419542782226,5.1968973677402195,4.658034139035777,4.706867708531433,4.5809550876577285,3.863213550543458,3.8928724446974576,3.6753368711068677,2.8791343013880053,2.868128787708741,2.754119188516928,0.36010403807937913,0.013202321770502377,0.2908444887967198,0.03090766950628241,0.36400161374096346,0.03359026116480579,0.42416681981325954,0.03429538200148201
189,0.5927027027027028,5.375095241600384,5.3958576056346725,5.203420385223909,4.664493087036896,4.713308617580526,4.587475112694565,3.8693158106812238,3.8989677711442625,3.681500238473807,2.8851968355690802,2.8743131069890464,2.7598974546145505,0.3601805434331731,0.013205338440525344,0.29084649556997927,0.030893677570286902,0.36415490928962885,0.03357714785332263,0.4242154368210927,0.03431191915190456
190,0.5931931931931932,5.381563781311214,5.402291794970516,5.209938683749936,4.670946937389525,4.719745163815633,4.5939889633686635,3.8754131624963493,3.9050581493848746,3.6876573742343006,2.8912527617930626,2.880490496643418,2.7656666986610667,0.360257482817596,0.01320844775277594,0.2908489247687838,0.03087989567464269,0.3643082704616475,0.03356430774938358,0.4242649906743397,0.034328857998520715
191,0.5936836836836836,5.3880281583969625,5.408722080552435,5.216452237516043,4.677395678263415,4.726177341443919,4.600496608405334,3.881505580945342,3.911143554473176,3.693808255876194,2.8973021386354407,2.8866609642919516,2.7714269275059156,0.36033484930551957,0.013211649262321615,0.290851769816724,0.03086632450270697,0.3644617006740472,0.03355174205532834,0.424315460302945,0.03434620104919626
192,0.5941741741741742,5.394488341569837,5.415148435646201,5.222961022056444,4.683839305590796,4.7326051429617575,4.606998016948308,3.8875930339093245,3.9172239412684786,3.699952853476774,2.9033450250784214,2.89282451492962,2.7771781485980633,0.3604126371499647,0.013214942190052292,0.2908550249145005,0.030852965128374675,0.36461520930101815,0.03353945095178765,0.42436681985069097,0.034363949758996426
193,0.5946646646646646,5.4009442934181475,5.421570832372906,5.229465013927942,4.69027781064154,4.739028560644174,4.613493159464116,3.893675492433922,3.9232992755551295,3.706091144860137,2.9093814800776494,2.8989811541877177,2.78292036796909,0.36049084000010434,0.013218325887761496,0.2908586838741079,0.030839817954236924,0.3647688020401218,0.033527434500842626,0.4244190467394108,0.03438210573183363
194,0.5951551551551552,5.4073959807009375,5.42798923992099,5.235964187077007,4.696711184389428,4.745447586488727,4.619982006867742,3.899752922498171,3.9293695174709713,3.7122231037259654,2.9154115459968266,2.9051308848488766,2.788653592144488,0.3605694524813439,0.01322179967830506,0.290862740326999,0.030826883657300973,0.36492248671875815,0.03351569255406412,0.42447211898580334,0.03440066959832627
195,0.5956456456456456,5.413843368351879,5.434403635377662,5.242458516989737,4.703139417930159,4.751862209877627,4.626464531587044,3.9058252979223864,3.9354346289677014,3.7183487115401084,2.92143526975575,2.911273712610424,2.794377828231571,0.36064846893360336,0.01322536286711321,0.29086718914867393,0.030814162944631154,0.36507626850038505,0.03350422427013993,0.42452601596282374,0.03441964179186071
196,0.5961361361361361,5.420286423241906,5.440813988948586,5.248947981003295,4.7095625095955125,4.758272422969188,4.632940706683583,3.91189258807088,3.941494584910014,3.7244679369960103,2.927452691316088,2.917409640356901,2.8000930811480047,0.3607278842984935,0.013229015104423142,0.29087202322569405,0.03080165608685957,0.36523015471433073,0.03349303137433755,0.4245807181501767,0.03443902486076867
197,0.5966266266266266,5.426725112195496,5.447220272080568,5.255432552538419,4.715980452320702,4.764678214736275,4.639410505929251,3.9179547627357287,3.9475493363144603,3.730580766872809,2.933463842094186,2.92353867205105,2.805799356934325,0.36080769363822224,0.01323275558024909,0.2908772361901518,0.030789363638003973,0.36538415232265464,0.033482111219071416,0.4246362061737163,0.03445881695543835
198,0.5971171171171171,5.433159401124047,5.453622460174031,5.261912210196825,4.722393241106695,4.771079576024286,4.645873904308899,3.9240117881588525,3.9535988585345145,3.7366871755762867,2.9394687605767897,2.929660809121092,2.8114966611499788,0.36088789214873146,0.013236583819462655,0.290882822118606,0.030777285798938195,0.36553826781517,0.0334714644683103,0.4246924612902719,0.034479019659423044
199,0.5976076076076076,5.43958925807412,5.460020526127527,5.268386926471726,4.728800868479712,4.777476494195147,4.652330877823625,3.9300636388571544,3.959643111328811,3.742787144494028,2.945467461351522,2.935776054692846,2.8171849984925976,0.36096847567972734,0.013240499296946586,0.290888774865657,0.03076542315590243,0.36569250701520456,0.03346108983278085,0.4247494680464946,0.034499632048418445
200,0.5980980980980981,5.4460146524954505,5.466414445148154,5.2748566814909434,4.735203332030155,4.7838689579452724,4.65878140288624,3.936110281819689,3.9656820656073495,3.748880650917601,2.9514599755296564,2.9418844106410242,2.822864372627577,0.3610494400606631,0.013244501475774132,0.29089508894255045,0.030753775690686283,0.3658468768003911,0.03345098712159856,0.4248072088591386,0.03452065490800803
201,0.5985885885885885,5.452435550959615,5.472804190180829,5.281321448078732,4.741600629833741,4.790256955068619,4.665225457489275,3.9421516942384605,3.971715687668072,3.754967679071864,2.957446321607823,2.9479858773849323,2.828534788713836,0.36113078096227536,0.013248589994578293,0.29090175689079123,0.030742343820606984,0.36600138240360175,0.03344115527029358,0.4248656697786578,0.034542087630699506
202,0.5990790790790791,5.458851925067208,5.479189735469776,5.287781203894458,4.747992756820096,4.796640472765388,4.671663019813866,3.9481878397864008,3.9777439404617443,3.761048206916878,2.9634265094922814,2.9540804553427837,2.8341962493417876,0.3612124953082406,0.013252764245463334,0.2909087733820525,0.03073112764150817,0.36615603189217555,0.03343159301042705,0.4249248351225155,0.03456392931603704
203,0.5995695695695695,5.465263741210265,5.485571058193706,5.29423592563851,4.754379709751396,4.803019496839105,4.678094069752955,3.954218691602883,3.983766798960406,3.767122224344469,2.969400552799191,2.9601681464784737,2.839848757778185,0.36129457917150004,0.0132570238428709,0.2909161323090674,0.03072012713094597,0.36631082880639526,0.033422298791449055,0.42498469318740606,0.0345861791132601
204,0.6000600600600601,5.471670970896871,5.491948129663115,5.300685588979541,4.760761482829746,4.809394015844884,4.68451858722733,3.9602442212298485,3.9897842323006216,3.7731897051768852,2.9753684632306374,2.966248950132895,2.845492316614104,0.361377029117317,0.013261368446434225,0.29092382727456556,0.03070934237209121,0.36646578012063236,0.033413272694403744,0.4250452296223147,0.03460883751178768
205,0.6005505505505505,5.47807358546377,5.498320929604589,5.307130170516058,4.767138078171812,4.815764011711274,4.690936553672586,3.966264398951353,3.9957962061597962,3.779250641691714,2.9813302379688693,2.9723228650123317,2.851126927241903,0.36145984266130393,0.01326579756226765,0.2909318528036902,0.030698773512406668,0.3666208912261842,0.033404511748694854,0.4251064344324108,0.034631901887047345
206,0.6010410410410411,5.4844715545141485,5.504689431355685,5.313569646764681,4.773509493596958,4.822129470959102,4.697347950997646,3.972279201136596,4.001802694993638,3.785305012191782,2.9872858796418713,2.9783898895423206,2.8567525914569325,0.36154301671920086,0.013270310998085566,0.2909402021226419,0.030688420360128872,0.3667761674969206,0.033396015914887014,0.4251682969454666,0.034655372457703296
207,0.6015315315315315,5.490864850591703,5.511053612613608,5.320003993988898,4.779875724514934,4.828490378780927,4.703752762261799,3.9782885962615757,4.007803670140726,3.7913528053046535,2.9932353941107066,2.9844500247991714,2.862369309736768,0.3616265482869605,0.013274908322188878,0.29094886985236335,0.03067828304275611,0.36693161403138064,0.03338778305181434,0.42523080572899735,0.03467924790210179
208,0.602022022022022,5.497253445066981,5.517413448363256,5.326433188867599,4.786236769971312,4.834846716807374,4.710150971428457,3.9842925563821368,4.013799107058098,3.7973940043900445,2.999178764573345,2.9905032664755065,2.867977082177338,0.36171043542343784,0.013279589308821324,0.29095784996987445,0.03066836114401728,0.3670872357178394,0.033379811962086475,0.4252939538177995,0.03470352691000624
209,0.6025125125125125,5.503637311794207,5.523768916322077,5.332857209354077,4.792592631298812,4.841198470138361,4.716542562773708,3.9902910527661195,4.0197889746390025,3.8034285993314882,3.0051159955991666,2.9965496129547873,2.873575908207689,0.36179467555317046,0.013284353567274075,0.2909671365132155,0.030658654622918065,0.36724303844302875,0.03337210026707506,0.4253577307399812,0.03472820789732991
210,0.603003003003003,5.510016423545155,5.53011999378875,5.339276029601857,4.798943298787254,4.847545620398307,4.7229275219355245,3.9962840649666513,4.025773249514422,3.809456572974093,3.0110470666455673,3.0025890624132487,2.879165786445215,0.36187926668479997,0.01328920097564434,0.2909767246576301,0.03064916342193392,0.3673990248884269,0.03336464711753937,0.42542213110713384,0.03475329010156324
211,0.6034934934934935,5.51639075226207,5.536466658309268,5.345689628479113,4.805288782773169,4.853888149772408,4.729305835236531,4.002271559345028,4.0317519077691735,3.815477915044938,3.016971973646876,3.008621611726137,2.884746714692537,0.36196420679022623,0.013294131280716912,0.29098660709424096,0.030639887052549247,0.3675552018103759,0.03335745026080319,0.4254871464593455,0.034778771970833046
212,0.603983983983984,5.52276027498647,5.542808887092813,5.3520979809902505,4.811629077130448,4.860226039666989,4.7356774898166165,4.008253513020836,4.037724924309572,3.821492614287136,3.0228906906499122,3.0146472561445754,2.8903186906235714,0.3620494945448633,0.013299144318170218,0.29099677902192217,0.03063082548823009,0.3677115723431924,0.033350507775495496,0.42555277300336547,0.034804651524722514
213,0.6044744744744744,5.5291249653669,5.549146659406538,5.358501065176851,4.817964177493032,4.866559270739857,4.742042473386614,4.0142299050872445,4.043692275258415,3.827500657197623,3.028803211549217,3.020665991891499,2.8958817111284794,0.36213512783715096,0.013304239891184766,0.29100723565687625,0.030621978236321838,0.3678681397136379,0.03334381815661225,0.4256190041821095,0.03483092817362341
214,0.604964964964965,5.535484798975857,5.555479953118792,5.364898856209503,4.824294090298317,4.872887824241111,4.748400774725388,4.020200701047467,4.049653942212917,3.8335020360787975,3.034709504546999,3.026677816046425,2.9014357715972707,0.36222110581127775,0.013309417934436199,0.2910179700713937,0.030613345222792653,0.36802490928720843,0.03333737897476136,0.42568583691658746,0.03485759944288396
215,0.6054554554554554,5.541839752703099,5.561808746925203,5.371291333379015,4.830618810564516,4.879211678800288,4.754752383215541,4.026165880611749,4.055609904216876,3.8394967397389648,3.0406095585038178,3.0326827235169653,2.9069808670180506,0.3623074267854782,0.013314678275460986,0.29102897818974277,0.03060492569094464,0.36818188330312634,0.03333118847126435,0.42575326669101604,0.034884664597480346
216,0.605945945945946,5.548189801066309,5.5681330199314605,5.377678469995314,4.836938337967238,4.885530816453662,4.7610972890177985,4.032125421429264,4.061560138228388,3.845484756866359,3.0465033444554055,3.0386807074642914,2.912516992549116,0.36239408976538295,0.013320020948163262,0.2910402535062916,0.030596719725331567,0.3683390658983518,0.033325244818211364,0.42582129118051576,0.0349121218325753
217,0.6064364364364364,5.554534923069797,5.574452751986388,5.384060245518381,4.843252671057872,4.891845212839311,4.767435483099971,4.038079295347271,4.067504627990677,3.851466078413257,3.0523908395497634,3.0446717660995684,2.9180441412822042,0.3624810937115971,0.013325445779044156,0.29105179213494997,0.030588726492690673,0.3684964597676118,0.03331954573154916,0.4258899072135581,0.034939969895420836
218,0.606926926926927,5.560875096169554,5.580767921867725,5.390436635588012,4.849561810800607,4.898154847854055,4.773766957040218,4.04402747956039,4.073443352427712,3.857440697455722,3.0582720156800685,3.050655889447068,2.9235623062462874,0.3625684379585768,0.01333095277567841,0.2910635882032397,0.030580945710534692,0.3686540682758952,0.03331408876658274,0.4259591139574893,0.03496820666488759
219,0.6074174174174174,5.567210297838341,5.587078510727263,5.396807616744069,4.855865757134472,4.904459701053847,4.780091703204889,4.04996995152924,4.079376294238447,3.86340860538119,3.064146841560634,3.0566330744446755,2.929071479340744,0.3626561218281394,0.013336541985334155,0.2910756363987377,0.030573377075659738,0.3688118943640012,0.033308871922155106,0.42602891054305875,0.0349968307134049
220,0.6079079079079079,5.573540508486893,5.593384497419233,5.403173166004499,4.862164505778913,4.910759747225344,4.786409714495938,4.055906691174581,4.085303441171461,3.8693697922542594,3.070015284559307,3.062603312853543,2.9345716519681977,0.362744144783613,0.013342213478245062,0.29108793279467743,0.03056601985552563,0.3689699388533428,0.033303893548862096,0.4260992980129088,0.03502584105448491
221,0.6083983983983984,5.5798657057849965,5.599685864807084,5.409533260159026,4.868458061536303,4.917054964396688,4.792720984725175,4.061837670678743,4.0912247786579155,3.875324251807654,3.0758773212348527,3.0685665995118585,2.9400628147792065,0.3628325061174223,0.013347967291653504,0.2911004716989975,0.03055887370978685,0.36912820540590663,0.03329915117014112,0.4261702748178679,0.035055236286422584
222,0.6088888888888889,5.586185871179664,5.605982591428489,5.415887875288255,4.874746417411312,4.923345329787772,4.799025508283697,4.067762871937116,4.097140286417945,3.881271978419279,3.08173291212639,3.074522926008144,2.945544957575433,0.36292120569971614,0.013353803448828722,0.291113248978609,0.03055193807397396,0.36928669526988867,0.033294642087981725,0.4262418429939267,0.03508501423330146
223,0.6093793793793794,5.592500982816711,5.612274658658058,5.422236987880965,4.881029576918305,4.929630819062078,4.8053232798995955,4.073682273097337,4.103049953037584,3.8872129637369204,3.0875820232992095,3.0804722845040176,2.9510180687079557,0.3630102432962382,0.013359722151691315,0.2911262591473973,0.030545212351697826,0.3694454106926877,0.033290364435082105,0.42631400424981303,0.035115173891993826
224,0.6098698698698699,5.598811026271027,5.618562049002823,5.4285805753535055,4.887307537572655,4.935911407694547,4.811614295309871,4.079595851197172,4.1089537670267875,3.893147200787291,3.0934246229873765,3.0864146684028917,2.9564821365538014,0.36309961885782877,0.01336572347713191,0.2911394988426142,0.030538696162789366,0.36960435314408396,0.033286315985771246,0.426386759824703,0.03514571417100977
225,0.6103603603603603,5.605115979382085,5.624844742686628,5.434918613917164,4.893580295656428,4.942187071278393,4.8178985508228465,4.085503586715298,4.11485171694839,3.8990746853743414,3.099260674824495,3.0923500687246834,2.9619371483858727,0.36318933210049803,0.013371807601812,0.2911529631554296,0.030532388670765815,0.3697635231073222,0.033282494298904654,0.4264601130364677,0.0351766336135793
226,0.6108508508508509,5.611415825249688,5.631122721626546,5.441251079173803,4.899847854248846,4.948457785846997,4.8241760431172525,4.091405459368565,4.12074379009131,3.9049954080485834,3.105090142997572,3.0982784772489627,2.9673830910611594,0.3632793831924711,0.013377974771863956,0.29116664699408823,0.03052628957370757,0.36992292322219733,0.03327889752315632,0.4265340660178855,0.035207931347409925
227,0.6113413413413413,5.6177105470693425,5.637395970076538,5.447577949449173,4.9061102051494805,4.954723523955373,4.83044676945379,4.097301452846557,4.126629978043653,3.9109093692581545,3.1109129829472835,3.1041998860383107,2.972819949489255,0.36336977250979713,0.013384225133444541,0.291180548065506,0.030520398056769954,0.37008255144599933,0.03327552276195477,0.4266086250391522,0.03523960560336813
228,0.6118318318318319,5.624000128727146,5.643664466595474,5.453899198988585,4.91236735169736,4.960984260408423,4.8367107278416785,4.103191543255865,4.132510269878666,3.916816558152479,3.1167291581374688,3.1101142844862593,2.9782477090661295,0.3634605003005264,0.013390558972710215,0.2911946606568466,0.030514713626412927,0.37024241093805915,0.03327236815587405,0.4266837924274957,0.03527165563302368
229,0.6123223223223223,5.630284552191545,5.649928196286506,5.460214805603025,4.918619287938553,4.967239970877545,4.842967916585639,4.109075711707443,4.138384661025768,3.9227169746625736,3.1225386337662564,3.1160216648510333,2.983666353996889,0.36355156658223575,0.01339697652624549,0.29120898141830975,0.030509235666581817,0.3704025004752299,0.03326943116944272,0.42675957322216956,0.035304080371274756
230,0.6128128128128127,5.636563803024487,5.656187140025489,5.466524745214311,4.924866014825928,4.973490626495434,4.8492183346265545,4.114953943327094,4.144253140922056,3.9286106099905482,3.1283413702029526,3.1219220168411486,2.989075867307524,0.36364297183306693,0.013403478113697848,0.29122350619994697,0.030503963428720783,0.3705628208191824,0.033266709882049904,0.4268359721513662,0.035336879338036184
231,0.6133033033033033,5.642837866685787,5.662441282932248,5.472828994238361,4.931107524194974,4.979736201690302,4.8554619814632245,4.120826215898586,4.150115704582333,3.9344974608556633,3.134137321193159,3.127815331449326,2.9944762315414244,0.36373471685481734,0.013410063987806028,0.2912382322849655,0.030498896477135686,0.3707233714262766,0.03326420181003727,0.4269129953293904,0.03537005125742322
232,0.6137937937937938,5.649106726679323,5.668690606219505,5.479127528428585,4.937343818288691,4.985976669816961,4.861698856770512,4.126692516555135,4.155972346486618,3.9403775244129347,3.139926453252164,3.1337015964583554,2.9998674285961417,0.36382680178251753,0.013416734587140326,0.2912531546351631,0.030494034098004993,0.37088415179047657,0.033261904856429846,0.42699064891926003,0.035403595680674
233,0.6142842842842843,5.655370370927797,5.6749350925342155,5.485420325223016,4.943574888191449,4.992212002718554,4.86792896110565,4.132552822869109,4.161823058625782,3.9462507957239867,3.14570872206482,3.139580804444634,3.00524943854503,0.36391922745405375,0.01342349009450814,0.2912682710100071,0.030489375447921935,0.371045161746733,0.03325981629296595,0.42706893817452823,0.03543751164308819
234,0.6147747747747747,5.661628783921483,5.681174726529037,5.491707360078012,4.94980073360044,4.998442173347156,4.874152295008271,4.138407122504883,4.167667839693898,3.95211727068483,3.1514840855608517,3.145452941939738,3.0106222427980067,0.3640119945515385,0.013430331027557486,0.29128357727072696,0.03048492004300416,0.3712063999826719,0.033257934438301294,0.4271478712575052,0.03547179879470034
235,0.6152652652652653,5.66788195416663,5.687409490918163,5.497988608552803,4.956021346090238,5.004667153765556,4.880368859657656,4.144255399347787,4.173506684113082,3.957976945649708,3.1572525035476215,3.1513180006124832,3.0159858201368426,0.36410510364997917,0.013437257722789767,0.29129907080620376,0.030480667283477158,0.371367865073077,0.0332562568800688,0.42722745459629086,0.035506456734509376
236,0.6157557557557558,5.674129866928664,5.693639369503242,5.504264046952498,4.962236728341885,5.010886916103081,4.8865786567183696,4.1500976313882,4.179339590144055,3.9638298155114207,3.1630139398758934,3.157175968725185,3.0213401493648475,0.3641985554543579,0.013444270607971796,0.2913147471138536,0.030476616462386565,0.3715295577896944,0.033254781464121065,0.4273076940144137,0.035541485284395664
237,0.6162462462462462,5.680372511100186,5.699864345898957,5.510533652133492,4.968446866653683,5.017101431551737,4.892781688079563,4.155933811565907,4.185166556716424,3.969675878952134,3.1687683482368394,3.163026833798679,3.0266852082636326,0.3642923508323672,0.013451370132152567,0.2913306047437435,0.030472766755950922,0.3716914736199008,0.033253506144277134,0.42738859987094624,0.03557688417048808
238,0.6167367367367367,5.686609874773431,5.706084402701981,5.516797399100196,4.974651760179373,5.0233106725385746,4.898977955905719,4.161763920993446,4.190987582735248,3.975515131414809,3.1745156869519158,3.1688705859688344,3.032020973868615,0.36438649063647566,0.01345855679074558,0.29134663963493684,0.030469117628906837,0.3718536123153832,0.0332524288577478,0.42747017939947113,0.035612653315033105
239,0.6172272272272272,5.692841945821927,5.71229952527116,5.523055264969797,4.980851400067257,5.029514609602634,4.905167462895858,4.167587941998192,4.196802666075218,3.981347570970219,3.1802559204038334,3.1747072107136924,3.037347422847691,0.3644809757001849,0.013465830929252545,0.2913628497553986,0.030465668248864382,0.3720159718658682,0.03325154698592653,0.4275524400907268,0.03564879242705466
240,0.6177177177177177,5.699068714057916,5.718509697879356,5.529307224096335,4.98704578354129,5.035713214611747,4.911350211837067,4.173405861880679,4.202611805618539,3.987173192715573,3.1859890028614437,3.180536700219943,3.0426645311238434,0.36457580701919906,0.013473193118260143,0.29137923171188074,0.030462418276375462,0.372178550910411,0.03325085872985404,0.42763539047156796,0.03568530174954592
241,0.6182082082082082,5.70529016812689,5.7247149030712245,5.535553254277924,4.993234898857866,5.0419064579638775,4.917526206015899,4.179217667187895,4.208415003111715,3.992991993742438,3.191714898532118,3.1863590403797337,3.047972273750134,0.3646709852892994,0.013480643797364631,0.2913957836292947,0.030459366557080588,0.3723413460551237,0.0332503620343973,0.42771903926153865,0.03572218172291099
242,0.6186986986986986,5.711506297839811,5.73091512549276,5.5417933288625445,4.999418741255942,5.048094311584955,4.92369544887633,4.185023348163689,4.21421226110232,3.9988039716483645,3.1974335602835313,3.192174218668604,3.0532706246047674,0.3647665116826535,0.013488183658655293,0.29141250220643394,0.030456512841964906,0.3725043544365418,0.03325005515853136,0.4278033974870222,0.035759432618304554
243,0.6191891891891892,5.717717093602791,5.73711034904609,5.548027426239948,5.00559730306189,5.054276745397478,4.929857944168019,4.190822886244503,4.2200035788653345,4.00460912072232,3.203144958285444,3.197982222356457,3.0585595578206544,0.3648623869864111,0.013495813074157459,0.29142938551784914,0.03045385606916519,0.37266757475151235,0.033249935939063294,0.42788847143483827,0.03579705518446618
244,0.6196796796796796,5.723922545648336,5.74330055911421,5.55425552026453,5.01177057487301,5.060453730511232,4.936013695798024,4.196616271022068,4.225788959140532,4.010407440551736,3.2088490400978955,3.203783040826701,3.063839046802068,0.364958612518826,0.013503532669694406,0.29144643122642044,0.030451395877221125,0.372831003192027,0.03325000225333751,0.4279742729136302,0.03583504932477347
245,0.6201701701701702,5.730122644794612,5.749485737775903,5.560477587713486,5.01793854768502,5.066625238915738,4.942162707977089,4.202403485971591,4.231568409333814,4.0161989280189525,3.2145457772688206,3.209576658753293,3.069109063437205,0.36505518891866856,0.013511343026480655,0.2914636367956025,0.030449131371714556,0.3729946367806399,0.033250252410528584,0.4280608105591064,0.03587341630668992
246,0.6206606606606606,5.736317381325599,5.755665870420761,5.566693603620471,5.024101208473182,5.072791238865906,4.948304984954071,4.208184527693181,4.237341925347126,4.021983578716946,3.2202351276160748,3.215363065663057,3.074369579783869,0.3651521171312274,0.01351924468020326,0.29148100095554635,0.030447061819878135,0.37315847137476055,0.03325068440563788,0.4281480943155312,0.03591215690553163
247,0.6211511511511512,5.742506748332461,5.761840941669794,5.572903544594238,5.0302585529828905,5.078951702243783,4.954440531328095,4.213959374360462,4.243109515772755,4.027761387719951,3.2259170550099276,3.221142246101779,3.0796205671441332,0.3652493985201124,0.013527238242357213,0.2914985211141456,0.030445186657408533,0.37332250558268076,0.033251296616128155,0.4282361331759879,0.03595127215144511
248,0.6216416416416416,5.748690735647478,5.768010935078309,5.579107385206896,5.036410568910786,5.0851065999863465,4.960569351644291,4.2197280202119805,4.248871185359518,4.033532355078634,3.2315915202403063,3.22691418894794,3.084861996256806,0.365347033762796,0.013535324389747042,0.2915161950682167,0.03044350519778386,0.37348673421323775,0.03325208717169281,0.4283249385234528,0.03599076303858891
249,0.6221321321321321,5.75486933714511,5.774175834516767,5.585305101784719,5.04255724510212,5.091255902353805,4.966691450970834,4.225490452225772,4.254626934593718,4.039296477349599,3.2372584887231084,3.232678880387576,3.0900938370709037,0.3654450239842953,0.013543503644130973,0.2915340213552815,0.030442016702818545,0.37365115439323976,0.03325305389624301,0.4284145194013833,0.036030630499975465
250,0.6226226226226226,5.7610425435859565,5.780335625501342,5.591496669891021,5.048698566930226,5.097399579780619,4.9728068339460485,4.231246660185693,4.260376770024409,4.045053747372201,3.2429179216539,3.2384363063718946,3.0953160589399573,0.3655433703035442,0.01355177667755298,0.2915519987294898,0.030440720491628777,0.37381576196415073,0.03325419569667674,0.4285048863301234,0.03607087631899023
251,0.6231131131131131,5.76721034723739,5.786490291582528,5.597682064607664,5.054834525056431,5.10353760236039,4.978915505856472,4.2369966354222734,4.266120700849666,4.050804164495463,3.24856978149034,3.244186453320595,3.1005286316359935,0.36564207363132856,0.013560144217252898,0.2915701249988502,0.03043961586278038,0.3739805520276845,0.033255510922186135,0.4285960510686659,0.036111501817097415
252,0.6236036036036036,5.773372742340926,5.7926398150924445,5.6038612626179845,5.060965108000341,5.109669942611222,4.985017471834862,4.24274036263743,4.27185873021071,4.0565477251755695,3.2542140398401025,3.2499293090900565,3.105731523070439,0.3657411348292254,0.013568606831602131,0.29158839829394295,0.030438702065969922,0.3741455219594208,0.033256997616824935,0.4286880218575804,0.03615250854397506
253,0.6240940940940941,5.77952972042742,5.798784182247079,5.610034238266893,5.067090298265931,5.115796569353991,4.991112736761431,4.248477838618888,4.277590862497982,4.06228442780564,3.2598506570486245,3.2556648578039082,3.1109247016791923,0.36584055497130474,0.013577165200587858,0.2916068180193052,0.03043797851620203,0.37431066548145586,0.033258654035978844,0.42878081124310263,0.036193897773458356
254,0.6245845845845845,5.785681275871971,5.804923375761251,5.616200967762619,5.073210086807004,5.121917454478955,4.997201305989962,4.254209046290113,4.283317106811562,4.068014264887112,3.265479605992347,3.261393086891878,3.1161081345824457,0.3659403349448045,0.013585820012019356,0.29162538201798527,0.03043744452302421,0.3744759802301941,0.03326047906656562,0.4288744274911041,0.03623567197015022
255,0.6250750750750751,5.791827400443421,5.811057380181146,5.622361426570129,5.079324455247188,5.128032568049084,5.0032831847153965,4.259933980258155,4.2890374680376855,4.073737233088333,3.271100846424133,3.267113983097609,3.1212817893642995,0.3660404758183509,0.013594571935481806,0.29164408955145865,0.03043709929658789,0.37464146051926006,0.033262471151493646,0.4289688824840308,0.036277832701139434
256,0.6255655655655655,5.797968088269246,5.817186178996579,5.628515590353879,5.085433388335994,5.134141882207245,5.009358378290484,4.265652629119263,4.294751956521086,4.0794533296012805,3.2767143501022256,3.272827531268937,3.1264456328429704,0.3661409783980596,0.013603421682813479,0.2916629393221433,0.030436942209525433,0.3748071014428867,0.03326462892001798,0.4290641867475399,0.03632038210858652
257,0.6260560560560561,5.804103333116322,5.8233097559571565,5.6346634343960105,5.091536876517642,5.140245366586042,5.0154268919223775,4.271364987701206,4.300460571944791,4.085162550062344,3.282320089698651,3.278533716664206,3.1315996312659724,0.366241843566982,0.013612369927829621,0.2916819295225988,0.030436972593517565,0.37497289940175643,0.03326695060610296,0.42916034983166607,0.03636332215571851
258,0.6265465465465465,5.810233127645796,5.829428094895228,5.640804934622875,5.097634897277978,5.146342993923714,5.0214887307026,4.277071043340763,4.3061633317647,4.090864889409873,3.2879180290484222,3.2842325272155724,3.1367437500419473,0.36634307221276813,0.013621417453495805,0.2917010597336214,0.030437189718970425,0.3751388479660787,0.03326943559395845,0.4292573836875007,0.03640665559225654
259,0.6270370370370371,5.816357467311206,5.835541178728013,5.646940066885417,5.103727436812188,5.152434734980837,5.027543899944299,4.282770791424879,4.311860234442414,4.0965603441999265,3.293508141936838,3.2899239469365247,3.1418779557918137,0.36644466522239605,0.013630564874047091,0.2917203287902584,0.03043759289113139,0.375304943062794,0.03327208195145205,0.4293552978673367,0.03645038418823361
260,0.6275275275275275,5.822476344806968,5.841648992087911,5.653068806631487,5.109814477893893,5.1585205601099124,5.0335924046456935,4.288464219214078,4.317551292761946,4.102248910839534,3.299090398218933,3.295607963318652,3.147002213311045,0.3665466233713782,0.013639812918265671,0.29173973591806474,0.030438181407955973,0.37547117914346845,0.03327488843278267,0.42945410312857146,0.03649451050171699
261,0.628018018018018,5.828589754298186,5.847751516416481,5.659191129213488,5.115896003113981,5.164600443856098,5.039634249998168,4.294151322752924,4.323236516140976,4.107930581184397,3.3046647711861468,3.3012845601730545,3.152116487647488,0.3666489474043199,0.013649162448200287,0.2917592794713015,0.030438954660353044,0.37563755114270614,0.0332778547574724,0.42955381035282336,0.036539037757491635
262,0.6285085085085085,5.8346976895056,5.853848736094836,5.665307011759385,5.12197199560376,5.170674355593161,5.045669440731102,4.299832091864586,4.328915908072952,4.113605354425628,3.310231235712883,3.3069537251086087,3.1572207430627377,0.3667516380476736,0.01365861402829104,0.29177895915976776,0.030439911733592416,0.3758040539541775,0.03328097870395575,0.4296544290602411,0.03658396794027976
263,0.628998998998999,5.84080014506477,5.859940633517425,5.671416428049349,5.1280424352268374,5.176742268397723,5.051697981764419,4.305506517669426,4.334589476840982,4.119273224169636,3.315789764840582,3.3126154429191264,3.1623149449446664,0.36685469599068543,0.013668168413212438,0.29179877396287485,0.030441052205641164,0.37597068248943843,0.03328425935052218,0.42975596935349186,0.036629303781327276
264,0.6294894894894895,5.846897114693459,5.866027192029967,5.677519354669512,5.13410730307457,5.182804155059792,5.0577198779375045,4.311174595752241,4.340257234412372,4.124934183717086,3.3213403342756815,3.318269699041508,3.1673990565926187,0.366958121891873,0.013677826443191965,0.2918187231465014,0.030442375327122385,0.3761374306492549,0.03328769631726268,0.42985844229406855,0.036675048835781945
265,0.62997997997998,5.852988592463205,5.872108394354087,5.683615768605652,5.140166576811137,5.188859988039134,5.063735133647711,4.3168363182870895,4.3459191860027735,4.1305882281714785,3.326882919917493,3.32391647971197,3.172473042516644,0.36706191637992336,0.013687588749752781,0.2918388066031796,0.03044388024911631,0.37630429293662926,0.03329128828694797,0.4299618574143924,0.03672120576771933
266,0.6304704704704704,5.859074572621676,5.878184222445606,5.68970564424326,5.146220243448952,5.194909739196201,5.0697437534616965,4.322491683428304,4.351575340634582,4.136235354035438,3.3324174975953476,3.3295557697156,3.1775368663157066,0.3671660800177831,0.013697456220339967,0.2918590224726033,0.030445566436782517,0.3764712635262496,0.033295034391066895,0.43006622621834084,0.036767777635054705
267,0.630960960960961,5.865155048406922,5.884254659390296,5.695788958287445,5.152268275364023,5.200953382879598,5.075745741471721,4.328140672048497,4.357225706924935,4.141875552899358,3.3379440457246425,3.335187555749614,3.182590491210329,0.3672706134398713,0.013707429427603684,0.2918793710750004,0.030447433137860733,0.37663833803705904,0.03329893353311099,0.4301715563418252,0.036814767491042046
268,0.6314514514514514,5.871230014307659,5.89031968661485,5.701865687214545,5.1583106554245886,5.20699089135156,5.081741102036775,4.33378328868995,4.3628702900587255,4.147508820884871,3.343462541034282,3.340811822254265,3.187633881914156,0.36737551712633637,0.013717509188710533,0.29189985138287133,0.03044947952908047,0.3768055097578549,0.033302984909956763,0.4302778593611103,0.03686217839405773
269,0.6319419419419419,5.877299464504637,5.896379286606387,5.707935806076627,5.164347360840528,5.213022238531947,5.087729838675215,4.339419520671484,4.368509101796665,4.153135152024134,3.348972965555009,3.346428556794437,3.1926670005216384,0.3674807913902468,0.013727696251883298,0.2919204629723212,0.030451705123569175,0.3769727731204621,0.0333071877297048,0.43038514416788537,0.036910013935045456
270,0.6324324324324324,5.883363391409497,5.902433441828611,5.713999291651519,5.17037836884404,5.219047398305427,5.093711955419592,4.345049365825666,4.374142148651259,4.158754537332281,3.3544752999763023,3.352037743196361,3.197689810702204,0.3675864366686954,0.01373799138831606,0.29194120533721707,0.030454109088860877,0.3771401223037725,0.033311541662206005,0.43049342048673767,0.03695827780067957
271,0.632922922922923,5.889421790506882,5.90848213315057,5.7200561203970475,5.176403658464902,5.225066346195867,5.099687455672576,4.35067281558441,4.37976943660663,4.164366973405659,3.3599695262781277,3.3576393672676486,3.2027022757091137,0.3676924533852057,0.01374839529355393,0.2919620777327728,0.030456690833945553,0.3773075520881355,0.033316045459109406,0.4306026974337319,0.03700697290399365
272,0.6334134134134134,5.895474654278497,5.914525341993407,5.726106268907304,5.182423206050954,5.231079054585638,5.105656342642064,4.35628986653272,4.385390978466198,4.16997245363578,3.3654556248715677,3.36323341707123,3.2077043585524154,0.3677988416294857,0.013758908773894782,0.29198307995035866,0.03045944943264952,0.3774750551134429,0.033320698871741265,0.430712985330003,0.03705610327938949
273,0.6339039039039038,5.901521975495922,5.920563050240905,5.73214971312145,5.188436989597537,5.237085498858857,5.1116186193401045,4.3619005097210835,4.391006777140355,4.175570968588444,3.370933576184484,3.3688198754616305,3.2126960224010417,0.3679056020427631,0.01376953253123333,0.2920042111507748,0.03046238429451597,0.377642627306711,0.03332550116392137,0.4308242925828208,0.03710567211719415
274,0.6343943943943944,5.907563748532219,5.926595238563079,5.738186430440525,5.194444985648421,5.243085654900761,5.1175742884229605,4.367504745280917,4.396616842350923,4.181162512917743,3.376403371742829,3.3743987292596698,3.21767723035517,0.3680127343871813,0.013780267369049127,0.29202547095167536,0.03046549468402805,0.37781026151336367,0.03333045209161195,0.4309366283211107,0.03715568370320636
275,0.6348848848848849,5.913599965733336,5.932621888118947,5.744216396043983,5.200447168690162,5.2490794973507375,5.12352335264701,4.373102562724398,4.402221180675931,4.186747079652904,3.3818649918471304,3.37996996562938,3.2226479455407233,0.3681202389094875,0.01379111397387206,0.292046858890117,0.030468779965493752,0.3779779523427771,0.03333555075516394,0.43105000101780516,0.03720614132987858
276,0.6353753753753754,5.919630620063902,5.938642979802894,5.750239588631849,5.206443514325937,5.255067002469001,5.129465813966146,4.378693957034647,4.4078197995393875,4.192324661654694,3.3873184209919383,3.385533568605703,3.227608130744018,0.3682281159322044,0.013802073073812161,0.2920683747839496,0.03047223924479456,0.37814569379436036,0.03334079676005996,0.4311644199309179,0.03725704869911736
277,0.6358658658658658,5.92565570535099,5.944658494103555,5.756255984319796,5.2124340003881455,5.261048145951879,5.135401674469777,4.384278925637627,4.413412706556016,4.1978952491612285,3.3927636510150245,3.391089526086139,3.2325577492078037,0.36833636520488044,0.013813145470598224,0.2920900178823138,0.03047587193809532,0.37831348012664423,0.033346190157471235,0.4312798926317621,0.03730841039739988
278,0.6363563563563563,5.931675211476445,5.9506684106963235,5.762265559489546,5.2184185991334076,5.267022904572133,5.141330935912248,4.389857461314854,4.418999906115252,4.203458837491817,3.3982006623467274,3.3966378229007534,3.237496764562769,0.36844498686413113,0.013824331835839178,0.29211178748385774,0.03047967719832714,0.3784813053019893,0.03335172990862624,0.43139642832726044,0.03736022932795362
279,0.6368468468468469,5.937689132694803,5.956672710287893,5.768268292001324,5.2243972873646,5.272991254838091,5.1472535994592805,4.395429564740802,4.424581410181106,4.209015419105129,3.403629450708713,3.4021784457097106,3.2424251400650244,0.36855398048912974,0.013835633015325668,0.2921336833489273,0.03048365436391939,0.3786491619923671,0.03335741637066418,0.4315140356250158,0.037412510400595386
280,0.6373373373373373,5.943697460903048,5.962671373021016,5.774264159886238,5.23037003761337,5.278953173523291,5.153169666294211,4.4009952237068655,4.430157218112146,4.214564982580954,3.4090499996025803,3.4077113790729934,3.2473428385913565,0.3686633465453848,0.01384704956971063,0.2921557054170577,0.030487802561236756,0.37881704654373505,0.03336324875892151,0.4316327210092447,0.03746525691932927
281,0.6378278278278278,5.949700186044493,5.9686643779269595,5.780253139808841,5.236336824696694,5.284908639687641,5.159079136942599,4.406554438289649,4.435727340046946,4.220107520615891,3.414462300494939,3.413236612599556,3.252249824794182,0.3687730843267931,0.013858582345707075,0.2921778524196295,0.030492121108029208,0.378984951933648,0.03336922739083815,0.43175249275815025,0.037518473437148946
282,0.6383183183183183,5.955697301306139,5.974651705580167,5.786235208946528,5.242297621876559,5.290857629514321,5.164982012118481,4.412107204429745,4.441291782738749,4.2256430299694445,3.4198663467588806,3.4187541300469575,3.257146061373781,0.3688831936021595,0.013870232041733576,0.292200124469507,0.030496609334174994,0.3791528710260488,0.03337535142163203,0.4318733595029596,0.037572163645277816
283,0.6388088088088089,5.961688797365419,5.980633335762887,5.792210346575055,5.24825240334363,5.296800122055763,5.170878291618338,4.417653517283776,4.446850547466332,4.231171494570317,3.4252621297481616,3.4242639187095496,3.2620315128871287,0.3689936742595305,0.013881999331695205,0.29222252108836605,0.030501266368833765,0.3793207998653077,0.03338162138976155,0.431995326622992,0.03762633217007132
284,0.6392992992992993,5.967674665501518,5.986609245586974,5.798178528524064,5.254201143187171,5.3027360958756,5.176767975283719,4.423193372053689,4.452403643032512,4.236692909944066,3.430649638735111,3.429765965375733,3.2669061433854925,0.36910452579643,0.01389388499641413,0.2922450410784575,0.030506091570920952,0.379488731642284,0.03338803691856035,0.4321184027199307,0.03768098278535732
285,0.6397897897897897,5.97365489439625,5.99257941441845,5.804139734880972,5.260143811924271,5.3086655302513135,5.182651062547683,4.428726767277592,4.457951075198677,4.242207265441908,3.4360288686463174,3.435260256377531,3.2717699171723176,0.36921574768152066,0.0139058897374327,0.29226768428164307,0.030511083836563115,0.379656659926078,0.03339459837339798,0.43224259475532173,0.03773612011515324
286,0.6402802802802803,5.979629475643821,5.9985438221173375,5.810093943532412,5.266080387926228,5.314588404227051,5.188527552477906,4.434253695194783,4.463492844364683,4.247714554533291,3.4413998079879033,3.440746778533931,3.2766227993874897,0.36932733987140354,0.013918014188395762,0.2922904496639752,0.030516242606546375,0.37982458042796186,0.03340130495763852,0.4323679093367539,0.0377917473395853
287,0.6407707707707708,5.985598398797697,6.004502446898047,5.81604113225796,5.272010836773545,5.320504697776545,5.1943974435988665,4.43977415748118,4.4690289562178975,4.253214767335448,3.446762463580623,3.4462255186983044,3.281464754015698,0.36943930106701833,0.013930259066849643,0.29231333743807475,0.030521567077129115,0.37999248541723263,0.033408157138189495,0.4324943522290095,0.03784786973740723
288,0.6412612612612613,5.991561653465398,6.010455266738245,5.821981280287055,5.277935137647634,5.326414391295122,5.200260734393312,4.445288147072253,4.474559417089262,4.25870789139411,3.4521168182998707,3.4516964648257797,3.2862957468950107,0.3695516312927647,0.013942625138084674,0.29233634597608227,0.03052705641492919,0.3801603707315171,0.03341515547326087,0.43262193069111055,0.037904491322307055
289,0.6417517517517517,5.997519227793407,6.016402260738383,5.827914366225157,5.283853256333335,5.332317465019286,5.206117422619577,4.4507956600552605,4.480084227856661,4.264193921817459,3.4574628746774123,3.4571596029254463,3.2911157433731444,0.36966432950051364,0.013955112945386972,0.2923594755780536,0.030532709773730807,0.38032822937959376,0.033422299217402356,0.43275065025086684,0.03796161589638311
290,0.6422422422422422,6.003471111919925,6.022343405520715,5.833840369345642,5.289765170344732,5.33821389948683,5.21196750606667,4.45629669610552,4.485603394507266,4.269672847423892,3.462800628230704,3.4626149214687847,3.2959247090939665,0.3697773949745925,0.013967723280709072,0.2923827248242727,0.030538526284233012,0.3804960557677497,0.03342958910962236,0.43288051740070266,0.038019248232144434
291,0.6427327327327327,6.0094172928531995,6.028278679655157,5.839759268451711,5.295670850139997,5.344103677261931,5.217810981862525,4.461791251425918,4.491116918228244,4.275144657912859,3.4681300799620693,3.4680624066247883,3.3007226100920786,0.36989082679700563,0.01398045679335492,0.2924060928796025,0.030544505207715875,0.3806638445484848,0.03343702532523378,0.43301153704576983,0.03807739264313144
292,0.6432232232232232,6.015357759533682,6.034208060790458,5.845671042653145,5.301570268471879,5.349986779982753,5.223647846792396,4.467279321837515,4.496624800604774,4.280609343588276,3.473451219350781,3.4735020462263586,3.3055094131728042,0.37000462450755245,0.01399331413496399,0.2924295789511393,0.030550645792841582,0.38083159043296305,0.03344460796653869,0.4331437154967515,0.03813605286498636
293,0.6437137137137137,6.021292498895298,6.040131525866837,5.85157567278,5.30746339656563,5.35586318885317,5.229478097344527,4.47276090619528,4.502127046088319,4.2860668953982035,3.478764049366195,3.478933827978973,3.310285084761853,0.37011878691154465,0.01400629596283254,0.29245318242896484,0.030556946901286824,0.38099928685796347,0.03345233740486745,0.43327705813223266,0.03819523354132927
294,0.6442042042042042,6.027221498409793,6.046049052485594,5.857473137805382,5.313350206448921,5.3617328870231615,5.235301729603128,4.478236001740648,4.507623653787535,4.291517301149751,3.484068569542112,3.4843577404693904,3.3150495925643373,0.37023331302119517,0.014019402912546684,0.2924769022684978,0.030563407850077672,0.3811669290613972,0.03346021405660567,0.43341156905362294,0.03825493900128785
295,0.6446946946946946,6.0331447449864894,6.051960617776011,5.8633634181898575,5.319230668749719,5.367595857123902,5.241118739152605,4.483704607597291,4.51311462823489,4.296960555637644,3.489364779139428,3.4897737709310888,3.319802903808917,0.3703482017177773,0.01403263563882958,0.2925007378408254,0.030570027699864503,0.38133450986187056,0.03346823795622718,0.43354725473593814,0.038315173221197804
296,0.6451851851851852,6.039062223395735,6.057866198452432,5.8692464936786015,5.325104759783395,5.37345208355357,5.246929121497588,4.4891667185311475,4.518599968109904,4.302396642609334,3.494652678852559,3.4951819077162796,3.3245449866669774,0.37046345200329445,0.01404599481359517,0.29252468697616724,0.030576805627940785,0.38150202622297935,0.033476410021337215,0.43368411807084173,0.03837594084878486
297,0.6456756756756756,6.044973921263446,6.063765772498335,5.8751223455486485,5.330972446974396,5.379301548946143,5.252732871284249,4.494622331645381,4.524079673106016,4.307825557385761,3.4999322667244352,3.500582138444295,3.329275809484131,0.37057906288209325,0.014059480937064845,0.29254874999037545,0.03058374072474653,0.38166947128099743,0.03348472977779143,0.4338221645752725,0.03843724525594386
298,0.6461661661661662,6.0508798229026,6.069659314934616,5.880990953140192,5.336833704825191,5.385144237935441,5.258529983249501,4.5000714489687175,4.529553748646049,4.313247285454668,3.505203548066805,3.505974452374823,3.3339953410666134,0.37069503271577053,0.014073094819076766,0.2925729246831506,0.030590832121941386,0.38183683938052815,0.03349319884392547,0.43396139852871374,0.038499091865169914
299,0.6466566566566566,6.056779912888282,6.075546802332843,5.88685229923614,5.342688505241813,5.390980135321593,5.264320451319014,4.505514065142294,4.535022189344181,4.318661818218688,3.510466524808122,3.511358838756475,3.338703551172234,0.3708113603311221,0.014086836911230697,0.29259721008423883,0.030598078692207643,0.38200412617484686,0.03350181693356583,0.43410182278637244,0.03856148416470355
300,0.6471471471471472,6.062674176992923,6.081428211689323,5.8927063640078385,5.348536817052097,5.396809225178389,5.270104269455985,4.510950181539077,4.540484995754044,4.324069143959519,3.515721191707912,3.516735284204683,3.3434004090097904,0.37092804476872654,0.014100707869889128,0.2926216056254763,0.030605479642925586,0.3821713253893427,0.03351058487056123,0.4342434430844884,0.038624426268185776
301,0.6476376376376376,6.06856259805319,6.087303519168899,5.8985531283283406,5.354378616812886,5.402631493817841,5.275881430806983,4.5163797946042985,4.545942167569736,4.329469254355717,3.5209675628747594,3.5221037795443015,3.348085885477631,0.37104508400659364,0.014114708295754928,0.29264610897023463,0.030613034155123134,0.3823384324201374,0.033519502988937744,0.43438626115822765,0.03868792259008606
302,0.6481281281281281,6.074445160724877,6.093172701046349,5.904392574816981,5.360213876200099,5.408446927396458,5.281651928323782,4.521802904736825,4.55139370459421,4.334862138440996,3.526205631814087,3.5274643125885574,3.352759951134114,0.37116247712644196,0.014128838813153138,0.2926707190712417,0.030620741251383733,0.38250544170083106,0.033528572116923706,0.43453028241579006,0.03875197694465803
303,0.6486186186186186,6.08032184722674,6.099035732239958,5.910224685372377,5.36604256355192,5.414255510416618,5.287415754803891,4.527219507728073,4.556839604548619,4.340247784718789,3.5314354063043845,3.5328168724152373,3.35742257678255,0.3712802223585255,0.014143099910866895,0.2926954349727008,0.030628599697189823,0.3826723479651781,0.03353779265015832,0.43467550893548,0.03881659357069969
304,0.6491091091091091,6.086192639688369,6.104892589087019,5.916049442245438,5.371864655120678,5.420057230546813,5.293172902269816,4.532629605142676,4.562279865152587,4.345626182533544,3.5366568911118934,3.538161449554752,3.3620737349881358,0.37139831805082363,0.014157492216541535,0.2927202544704896,0.030636608637098047,0.382839146481486,0.03354716545959834,0.43482194372360794,0.03888177662573876
305,0.6495995995995996,6.092057521793525,6.1107432481212225,5.9218668265592616,5.377680122466582,5.425852074306757,5.298923362523901,4.5380331942858145,4.5677144834303265,4.35099732042003,3.54187008720693,3.5434980326983063,3.366713397489792,0.3715167628546845,0.014172016288713044,0.2927451763280683,0.030644767346560967,0.38300583247513614,0.03355669116187902,0.4349695898873653,0.0389475299423519
306,0.6500900900900901,6.097916472696517,6.11658768331443,5.927676822320174,5.38348893841842,5.431640028818158,5.304667127022745,4.543430275927763,4.573143457193393,4.356361187610857,3.5470750019522086,3.54882661228677,3.3713415375110927,0.3716355547710312,0.014186672676749577,0.29277019847897645,0.030653074404171903,0.3831724006756254,0.03356637058340498,0.43511844985696035,0.039013857718616915
307,0.6505805805805805,6.103769477132869,6.122425871780871,5.9334794115261325,5.389291077999394,5.437421082733649,5.310404186864156,4.54882084735581,4.578566783721044,4.361717775068255,3.552271638476531,3.5541471775653277,3.375958128507225,0.37175469239999503,0.014201461937390482,0.29279531934152414,0.030661529287314943,0.38333884663069256,0.033576204248002575,0.4352685264842024,0.039080763505941335
308,0.6510710710710711,6.109616512156191,6.128257787944376,5.9392745779017435,5.395086513774397,5.443195222202463,5.3161345326992375,4.554204912348363,4.58398445589567,4.3670670720866855,3.557460006725312,3.559459718421734,3.3805631436354937,0.3718741735707502,0.014216384581345954,0.2928205368653802,0.030670130528458784,0.3835051650433881,0.03358619273832851,0.43541982164593646,0.039148251398953796
309,0.6515615615615615,6.115457560136633,6.134083407242758,5.9450623049050595,5.400875214652545,5.448962436523613,5.3218581547886314,4.5595824673570196,4.58939647594806,4.372409067140943,3.5626401057462065,3.5647642259540357,3.385156558396849,0.37199399666438726,0.01423144114275836,0.2928458500078392,0.03067887721773876,0.3836713503129907,0.033596337261715674,0.43557233845613075,0.03921632521514533
310,0.6520520520520521,6.121292600075368,6.139902705272654,5.9508425757425405,5.406657159975248,5.454722714780257,5.327575043068352,4.564953510934162,4.594802836312905,4.377743747912693,3.5678119426818826,3.570060689742533,3.389738347112974,0.372114159943304,0.014246632171939349,0.29287125579306983,0.030687768432940632,0.38383739949959417,0.03360663858408681,0.4357260780184847,0.0392849887157986
311,0.6525425425425425,6.1271216120191845,6.14571565776193,5.956615374270828,5.412432320947181,5.460476045502954,5.333285187204546,4.570318045376996,4.600203530002149,4.38307110713113,3.572975528485655,3.5753491000068585,3.3943084859073767,0.3722346612123961,0.014261958101324539,0.29289675280670774,0.03069680313587348,0.38400330700992485,0.03361709697182428,0.43588104188804616,0.039354245351458185
312,0.6530330330330331,6.132944573108838,6.151522237717914,5.96238068596342,5.41820067237771,5.466222418816946,5.338988576230726,4.575676070874778,4.6055985561040025,4.3883911290255995,3.578130868981262,3.5806294485278274,3.398866950756883,0.37235549839547405,0.01427741952019679,0.29292233839281945,0.030705979924574106,0.384169068567819,0.03362771428939452,0.43603723150166857,0.039424099648822986
313,0.6535235235235235,6.138761463072137,6.1573224229629355,5.968138493734133,5.423962189827749,5.471961823082849,5.344685199226662,4.581027587780204,4.610987906141574,4.393703806446131,3.5832779619932817,3.5859017260816732,3.4034137185791593,0.372476669945174,0.01429301688300975,0.29294801073643806,0.030715298086311054,0.3843346795806802,0.033638490648059786,0.4361946496399016,0.0394945541987195
314,0.654014014014014,6.1445722593466705,6.163116186842725,5.973888783021831,5.42971684678814,5.477694249482597,5.350375044599678,4.586372594785102,4.6163715765080795,4.399009130660616,3.5884168244298467,3.5911659229327277,3.4079487664521073,0.372598173293985,0.014308750654370393,0.2929737673971303,0.0307247563566117,0.38450013523177196,0.03364942682919685,0.4363532966071235,0.03956561286927856
315,0.6545045045045045,6.1503769390604415,6.168903504759043,5.979631538389417,5.435464614812939,5.483419688632116,5.356058100487039,4.591711096216198,4.621749559985905,4.404307085799094,3.593547459935845,3.5964220318391935,3.4124720725808553,0.37272000636484187,0.014324621340436671,0.29299960646188966,0.03073435367270518,0.3846654310432425,0.0336605244790394,0.43651317336325984,0.03963727968119007
316,0.6549949949949949,6.156175479886331,6.174684352041823,5.985366745841963,5.441205477922343,5.48913812977135,5.361734354817154,4.597043091146459,4.627121851385373,4.409597663496946,3.598669875335089,3.6016700411584477,3.4169836156304294,0.37284216729252095,0.014340629439222926,0.29302552471973664,0.030744088884337675,0.3848305634929462,0.033671784256764564,0.43667428159807153,0.03970955764894524
317,0.6554854854854855,6.16196785695618,6.1804587030350335,5.991094389662092,5.446939405413971,5.494849565552494,5.3674037950407385,4.602368578915284,4.632488442273991,4.4148808547720755,3.6037840737568048,3.606909946035098,3.4214833745363,0.37296465371913745,0.01435677535413859,0.293051519906245,0.030753960931070957,0.38499552787251123,0.03368320673546908,0.4368366219941983,0.039782449786358455
318,0.655975975975976,6.16775404678378,6.186226533494812,5.996814456819546,5.452666374637342,5.5005539859381,5.373066408350836,4.6076875620222,4.637849326690654,4.4201566451594765,3.6088900682497833,3.6121417363876804,3.4259713290031817,0.37308746335935555,0.01437305954917639,0.2930775898115159,0.03076396853834174,0.38516032019101715,0.033694793472804734,0.43700019446497984,0.03985596011775626
319,0.6564664664664664,6.173534025277623,6.191987817448712,6.002526932793655,5.458386362521719,5.506251383063,5.3787221816184525,4.613000043975525,4.643204498429458,4.425425027790175,3.6139878661745506,3.617365405526327,3.430447459839617,0.3732105937132341,0.014389482495483628,0.2931037314650149,0.030774110609011737,0.3853249354543177,0.0337065452346375,0.43716500030667516,0.03993009167202733
320,0.6569569569569569,6.179307767025847,6.197742530830602,6.008231804332926,5.464099346732792,5.5119417498992185,5.384371101439438,4.618306024855258,4.648553947410836,4.430685992019943,3.61907747294287,3.6225809434013954,3.434911747351248,0.3733340427929437,0.01440604461228303,0.293129941976794,0.030784386034181647,0.38548937045983306,0.033718462866640646,0.43733104005324086,0.04000484727296347
321,0.6574474474474474,6.185075246739476,6.203490648964178,6.013929057640823,5.469805301957201,5.517625077290149,5.390013154001494,4.623605503379955,4.653897668658213,4.43593952463504,3.6241588959430966,3.6277883435996627,3.439364173739751,0.3734578081428911,0.014422746299903456,0.2931562191059592,0.03079479360451255,0.3856536210368153,0.03373054774569182,0.4374983133212575,0.04008023037973762
322,0.657937937937938,6.190836439257883,6.209232145750227,6.019618678795977,5.475504209419139,5.523301357897336,5.395648325262078,4.628898487349259,4.6592356512961475,4.441185617956058,3.629232144293735,3.632987599487321,3.443804720711594,0.3735818871932295,0.014439588042690302,0.2931825592298566,0.03080533222798436,0.3858176829289468,0.033742800719031726,0.4376668208423126,0.04015624396981976
323,0.6584284284284284,6.196591318006492,6.214966996665579,6.025300656571242,5.481196047271805,5.528970585281501,5.401276601032275,4.634184974661731,4.664567888328704,4.44642426039838,3.634297224768032,3.6381787017699487,3.4482333713334063,0.37370627776663745,0.014456570214860544,0.2932089594749193,0.03081600055085552,0.3859815529813677,0.03375522296884448,0.43783656243871527,0.04023289089771314
324,0.6589189189189189,6.202339855875895,6.220695178016452,6.030974977099917,5.48688078785361,5.534632751249312,5.40689796655666,4.6394649702785875,4.66989437207106,4.4516554423981205,3.639354146551059,3.64336164334096,3.452650108736594,0.3738309771420834,0.01447369320701335,0.2932354178058195,0.030826797445864095,0.38614522564627646,0.033767815597325834,0.4380075384727565,0.040310174261927734
325,0.6594094094094094,6.208082025831392,6.226416663065362,6.036641628086582,5.492558415223763,5.540287850498849,5.412512406996327,4.644738473436215,4.6752150900031575,4.456879152864325,3.644402916603705,3.648536418865675,3.4570549172301903,0.37395598289163634,0.014490957401733319,0.29326192988164146,0.030837721687991367,0.3863086992289125,0.03378057952577913,0.43817974745192967,0.040388096639307
326,0.6598998998998999,6.213817800979912,6.2321314281298195,6.042300597848631,5.498228910016184,5.545935875599037,5.418119907204021,4.6500054901931795,4.680530035887797,4.462095383349291,3.6494435415598647,3.6537030192890216,3.4614477812342184,0.37408129261091005,0.01450836324773126,0.2932884927616672,0.030848772058041686,0.38647196890599045,0.03379351603002202,0.4383531907333789,0.04046666079280011
327,0.6603903903903904,6.219547153151895,6.237839448370033,6.047951874319243,5.503892246995184,5.551576820769532,5.423720451849866,4.655266020922928,4.685839200742461,4.467304122211887,3.654476030627369,3.6588614405479594,3.465828685914148,0.3742069035167283,0.014525911073971963,0.2933151037344136,0.03085994728238737,0.38663503089976975,0.03380662634115468,0.43852786678832123,0.04054586970878331
328,0.6608808808808808,6.2252700546130235,6.243540698988505,6.0535954463944,5.5095484106701935,5.557210678877061,5.429314025316304,4.660520071813082,4.691142573325261,4.4725053584477035,3.65950038957813,3.6640116739473054,3.470197617063462,0.37433281326823153,0.01454360129195924,0.2933417591236601,0.030871246041687506,0.38679788199897264,0.03381991176170437,0.4387037757718147,0.04062572593021201
329,0.6613713713713714,6.23098647608251,6.249235156274081,6.059231301318281,5.515197382494636,5.562837446367136,5.434900611641327,4.665767641321387,4.696440144482781,4.477699084977919,3.664516632954152,3.6691537143080835,3.4745545612055078,0.3744590188949757,0.014561434260106471,0.2933684549216374,0.03088266741962845,0.3869605192665257,0.03383337306970043,0.4388809157062473,0.04070623192749027
330,0.6618618618618619,6.236696390022453,6.254922796091524,6.064859429270097,5.520839138572801,5.568457115434153,5.440480194823238,4.671008738864512,4.701731905069768,4.482885290300903,3.669524759636744,3.6742875537152178,3.4788995049170426,0.37458551817361124,0.014579410338526212,0.2933951891319053,0.03089420989035879,0.3871229374224514,0.03384701185213724,0.4390592882168635,0.04078739018168091
331,0.6623523523523523,6.242399765279377,6.260603593048217,6.070479818158947,5.526473665118543,5.574069682428496,5.446052758482721,4.676243362744547,4.707017843193743,4.488063965688025,3.6745247815803346,3.6794131875138834,3.4832324360942644,0.37471230816549256,0.014597529878357732,0.29342195671347604,0.030905872315546885,0.38728513480252424,0.033860828944639515,0.4392388907681335,0.04086920290938368
332,0.6628428428428428,6.248096573292004,6.266277523368568,6.076092458964131,5.532100940547055,5.579675140518919,5.4516182862133045,4.681471521907949,4.712297950984784,4.493235102700081,3.6795167053456357,3.684530608500827,3.487553342527107,0.374839386221789,0.014615793224932738,0.2934487552726557,0.0309176531548546,0.3874471059838753,0.03387482572510883,0.43941972415480723,0.04095167260086037
333,0.6633333333333333,6.2537867842453485,6.271944564210023,6.081697340991932,5.53772095024308,5.585273486649119,5.457176761139715,4.686693214725528,4.717572216170996,4.49839868825118,3.684500538875181,3.6896398124365355,3.491862213329503,0.3749667497937059,0.014634200701716234,0.29347558063957746,0.030929551408897006,0.3876088498721024,0.03388900360713605,0.4396017855099724,0.04103480160159686
334,0.6638238238238239,6.259470367443639,6.277604689615781,6.087294453501423,5.543333679667624,5.5908647145136126,5.46272816651019,4.691908450377219,4.722840627628899,4.503554715783744,3.689476289970754,3.6947407914690995,3.4961590375255156,0.375094396012042,0.014652752696279962,0.2935024285006463,0.030941565616789967,0.38777036225525685,0.03390336361270024,0.43978507519915105,0.04111859189318926
335,0.6643143143143143,6.265147293229468,6.283257877567131,6.092883786165711,5.548939103518175,5.596448820858889,5.468272485131945,4.697117229408732,4.728103176346021,4.50870317661332,3.6944439624077368,3.699833541437194,3.5004438050153084,0.37522232222543933,0.014671449454196798,0.2935292965028248,0.03095369469074408,0.38793163899341226,0.03391790685817037,0.4399695922574234,0.04120304536946395
336,0.6648048048048047,6.270817529302122,6.288904103988297,6.098465330588939,5.554537214868109,5.602025799518703,5.473809699860709,4.702319556463192,4.73335984907774,4.513844059537654,3.699403567923712,3.7049180572663465,3.5047165058526364,0.3753505256124169,0.014690291321956619,0.2935561796466301,0.03096593705134662,0.38809267857618157,0.033932634675182795,0.4401553342931842,0.04128816439143404
337,0.6652952952952953,6.276481046236952,6.2945433457837305,6.104039076746288,5.560127994959133,5.6075956482931,5.479339793353464,4.70751544098395,4.738610637328801,4.518977356224443,3.704355110067039,3.709994332333921,3.5089771314794884,0.3754790035142926,0.014709278691202563,0.2935830744224193,0.03097829165520607,0.3882534765278618,0.03394754874082084,0.44034230192140694,0.04137395089446151
338,0.6657857857857857,6.282137811968965,6.300175579232378,6.109605015268497,5.565711428190443,5.613158361976796,5.484862747914373,4.712704883308034,4.743855530877699,4.524103057466034,3.709298597995058,3.7150623622311008,3.5132256730775264,0.3756077529971716,0.01472841182239724,0.29360997697172064,0.03099075707740933,0.38841403003859715,0.03396265015740902,0.4405304929673886,0.04146040683197644
339,0.6662762762762763,6.28778779517329,6.305800781890668,6.115163137494832,5.571287500904017,5.618713936069044,5.490378546012623,4.717887889745306,4.749094514728478,4.5292211555367,3.7142340358953265,3.7201221412802146,3.5174621224398344,0.3757367714918519,0.014747690976495588,0.2936368834235813,0.031003331986237358,0.3885743363176462,0.03397793980810912,0.4407199064590633,0.04154753356472084
340,0.6667667667667667,6.293430963932785,6.311418930671511,6.120713435033045,5.576856198235547,5.624262367564756,5.495887169711341,4.723064465804175,4.754327580406925,4.534331641159735,3.719161433950739,3.7251736652864875,3.5216864724181014,0.3758660559543252,0.01476711647834843,0.2936637897839089,0.031016015043817565,0.3887343919538053,0.03399341933127817,0.44091054079210135,0.041635333245398205
341,0.6672572572572573,6.299067285860849,6.317030003296182,6.126255898373303,5.582417508640281,5.629803653352483,5.501388601266904,4.728234616015333,4.759554715771533,4.539434505062349,3.724080796145613,3.7302169286666857,3.525898715825483,0.3759956037544404,0.014786688656334106,0.29369069145275256,0.031028805098654154,0.3888941947008719,0.034009090048548594,0.4411023947942196,0.04172380737714855
342,0.6677477477477477,6.304696730290207,6.322633976139938,6.131790520388095,5.58797141817466,5.635337788651621,5.5068828225426,4.733398347759063,4.764775910765377,4.544529739443995,3.7289921232808627,3.7352519271986773,3.530098846290837,0.3761254122681149,0.01480640778428458,0.2937175848748833,0.03104170060240635,0.38905374073941584,0.03402495330502314,0.44129546836627886,0.04181295738129881
343,0.6682382382382382,6.310319263739611,6.328230828720073,6.137317291651405,5.593517915836916,5.640864770288455,5.512369815546712,4.738555663564351,4.7699911507318955,4.549617335068083,3.7338954308596746,3.7402786545623306,3.5342868578940614,0.3762554784442594,0.0148262741025786,0.293744465530342,0.031054700480917727,0.38921302850553774,0.03404101014220527,0.4414897579431388,0.041902784886976
344,0.6687287287287287,6.315934854365462,6.333820537691202,6.142836205581677,5.599056985163517,5.646384595958667,5.517849561995992,4.74370657349387,4.775200426846681,4.554697283848747,3.738790716834998,3.74529710827043,3.538462744950826,0.37638579960676083,0.014846287924581295,0.293771329840623,0.031067803203481983,0.38937205362683414,0.03405726228184334,0.4416852640128009,0.04199329139164024
345,0.6692192192192192,6.321543469302346,6.339403082509376,6.148347253528434,5.604588620017448,5.651897260884767,5.523322043709594,4.7488510808836555,4.780403727654541,4.559769579293369,3.7436779930712283,3.7503072826569723,3.5426265022304135,0.3765163728086976,0.014866449526620258,0.2937981730336275,0.0310810076001287,0.3895308140065918,0.03407371068089797,0.4418819843199087,0.04208447824555846
346,0.6697097097097097,6.327145075620653,6.344978440758373,6.153850429314639,5.610112806582218,5.657402762946923,5.528787242359691,4.753989192081732,4.785601041505138,4.5648342099110675,3.74855725851127,3.75530917290236,3.546778125661234,0.3766471955572962,0.014886759159513707,0.293824991163252,0.03109431214113073,0.38968930711563154,0.03409035712925673,0.4420799178735599,0.042176346706252005
347,0.6702002002002002,6.332739640789129,6.350546591513066,6.159345724417931,5.61562953594582,5.662901099121151,5.534245139627466,4.759120912156552,4.790792357366713,4.569891171420919,3.753428524199358,3.7603027762509895,3.550917610761977,0.3767782647058213,0.014907217091283292,0.2938517796369864,0.03110771571127904,0.3898475300571252,0.03410720249490976,0.4422790626395843,0.04226889801089743
348,0.6706906906906906,6.338327131831636,6.356107514012575,6.164833132314706,5.621138797875588,5.6683922659445924,5.539695717033996,4.7642462514122945,4.795977662474888,4.574940452214379,3.7582917884873686,3.7652880875624466,3.5550449541973443,0.3769095778147531,0.014927823606814355,0.293878534388941,0.031121216907152322,0.3900054802100036,0.034124248659784875,0.4424794180468977,0.042362133367900956
349,0.6711811811811812,6.343907515638031,6.361661187225993,6.170312645829088,5.626640581449406,5.673876260567176,5.545138956215046,4.769365214318379,4.801156946546191,4.5799820468371,3.7631470571430317,3.770265101068799,3.5591601522768403,0.3770411320793207,0.014948578940486843,0.29390525119480476,0.031134814398327364,0.39016315455331124,0.03414149665762627,0.44268098299851577,0.042456053635838625
350,0.6716716716716716,6.34948075985082,6.367207590737293,6.175784258254924,5.632134880095512,5.679353080509235,5.550574838881262,4.774477805633752,4.8063301976362105,4.585015947324047,3.7679943402470486,3.7752338151342304,3.5632632021913078,0.37717292449512574,0.014969483332339694,0.29393192540199714,0.031148506944883723,0.39032055132232385,0.034158947783438476,0.4428837544853235,0.042550660166788594
351,0.6721621621621622,6.355046831598763,6.372746704354316,6.181247963439874,5.637621683677698,5.684822723274993,5.5560033463639495,4.779584034155397,4.811497405338305,4.590042145005238,3.7728336374466918,3.780194223697799,3.5673541019834465,0.3773049525496971,0.014990537045267274,0.2939585529693984,0.03116229321114369,0.3904776674739343,0.03417660372063965,0.443087732231013,0.04264595379180153
352,0.6726526526526526,6.360605696607166,6.378278508110047,6.186703755529513,5.643100983610838,5.6902851853744165,5.5614244603549885,4.784683908569505,4.816658558215532,4.595060631994488,3.7776649504791147,3.785146323320938,3.571432849484661,0.3774372135153079,0.015011740323737,0.29398512959563333,0.031176171699063244,0.39063450014956674,0.03419446590647498,0.4432929152559705,0.04274193544394788
353,0.6731431431431432,6.366157322743104,6.383802982137984,6.192151626997538,5.648572773138504,5.6957404644438965,5.566838162485487,4.78977743206511,4.821813643951041,4.600071403157898,3.782488288635515,3.790090110558639,3.5754994426663638,0.3775697044495083,0.015033093371805908,0.2940116506428991,0.031190141326189302,0.39079104743438614,0.034212535180107966,0.44349930094294715,0.04283860585270005
354,0.6736336336336336,6.371701677152508,6.389320107627625,6.19759157219647,5.654037046713557,5.7011885575631736,5.572244434362338,4.794864615354843,4.826962653910875,4.60507444997579,3.787303650434634,3.79502558078957,3.5795538800346742,0.37770242289757594,0.015054596512808825,0.29403811170288374,0.03120420079716351,0.3909473063723665,0.03423081344014168,0.4437068894592141,0.042935965952107566
355,0.6741241241241241,6.377238726657542,6.394829866031222,6.203023586527335,5.659493794985158,5.706629462870866,5.577643257647646,4.799945464160263,4.832105573196883,4.610069763150813,3.792111036061047,3.799952730289349,3.5835961615732916,0.3778353664074619,0.015076249871469447,0.2940645088995898,0.031218348702265187,0.39110327536006756,0.03424930196703667,0.44391567864519327,0.043034016135142156
356,0.6746146146146146,6.382768437964773,6.400332237331017,6.208447662262219,5.664943012600086,5.7120631770513075,5.583034614111102,4.805019984584754,4.837242394988697,4.615057337094028,3.796910455937542,3.804871554283008,3.5876262857699524,0.3779685318505485,0.015098053754107329,0.2940908372907584,0.031232583858088424,0.39125895141630807,0.03426800217616488,0.4441256669893256,0.04313275752161069
357,0.6751051051051051,6.3882907794072255,6.4058272031879655,6.213863795402734,5.670384694709445,5.717489698635003,5.588418485494269,4.8100881861396605,4.842373106530297,4.620037166349611,3.8017019069376468,3.80978204953154,3.591644252925801,0.37810191691499123,0.015120008360441285,0.29411709261631214,0.03124690494216309,0.3914143322427534,0.0342869152743444,0.44433685410998747,0.04323219020271201
358,0.6755955955955956,6.393805717384839,6.411314746535848,6.219271980021949,5.675818837469667,5.72290902366381,5.593794853616581,4.815150075317495,4.847497697704867,4.625009240627628,3.806485392746367,3.8146842125518723,3.5956500627163117,0.3782355189735998,0.015142113938179042,0.29414327044486377,0.03126131071445296,0.3915694160923768,0.03430604300760287,0.4445492380106335,0.04333231517105519
359,0.6760860860860861,6.39931321979707,6.4167948495325415,6.224672211108085,5.681245432430771,5.728321150753027,5.599163700496929,4.820205659333545,4.8526161568996145,4.6299735538663525,3.811260916201251,3.8195780383380833,3.5996437156702092,0.37836933545968,0.015164370656901382,0.2941693668476908,0.03127579992931695,0.3917242004525582,0.03432538658279474,0.44476281741449814,0.043433132703864154
360,0.6765765765765765,6.404813254275006,6.422267492764465,6.2300644829299445,5.686664479195332,5.733726076650802,5.604525008142197,4.8252549484997305,4.857728474404594,4.634930098707358,3.8160284759511294,3.8244635230439266,3.6036252121251535,0.3785033638710044,0.01518677882468961,0.2941953766318914,0.031290371288460274,0.3918786831683372,0.03434494765231831,0.444977592047007,0.04353464330659448
361,0.6770670670670671,6.410305787463558,6.42773266097943,6.2354487910885945,5.692075967666559,5.739123799120021,5.609878758736396,4.830297948592374,4.8628346415046115,4.639878869229159,3.8207880739028477,3.8293406635728204,3.60759455315435,0.3786376016024056,0.015209338584212181,0.29422129648867396,0.03130502350222302,0.3920328611577374,0.034364727484617386,0.4451935606423615,0.04363684733973035
362,0.6775575575575575,6.41579078951839,6.433190337567517,6.240825130366325,5.6974799004055985,5.744514315817434,5.615224934513394,4.835334667003114,4.86793464518704,4.644819859124745,3.8255397162831617,3.8342094547232044,3.6115517398769885,0.37877204623530825,0.015232050159529838,0.2942471214781234,0.03131975560855205,0.39218673360714684,0.03438472726504521,0.44541072116337493,0.04373974507736327
363,0.678048048048048,6.42126822640949,6.438640504437314,6.246193495950571,5.702876271812935,5.749897623730314,5.620563517716335,4.840365113229084,4.87302847680422,4.64975306046698,3.830283394699392,3.8390698946515904,3.61549677345514,0.3789066954119112,0.015254913798642378,0.2942728471755183,0.031334566133622954,0.3923402977238431,0.03440494869923329,0.44562907389906126,0.04384333674977319
364,0.6785385385385385,6.4267380682889454,6.4440831472272,6.251553884259815,5.708265078338356,5.755273721143492,5.62589449112716,4.845389292785212,4.87811612703338,4.654678465701319,3.8350191165811314,3.8439219764393804,3.6194296554993706,0.3790415468035437,0.015277929668889781,0.29429846991720704,0.03134945399551126,0.39249355189789,0.03442539325730433,0.44584861689741856,0.04394762279219118
365,0.6790290290290291,6.432200282446685,6.449518247953535,6.256906289386286,5.71364631803634,5.760642604240892,5.63121783728077,4.8504072158159826,4.883197586179341,4.659596069686093,3.8397468758172377,3.84876569782143,3.623350388455473,0.3791765979412806,0.015301098007449415,0.2943239848716942,0.031364417904280524,0.39264649344616726,0.03444606221799137,0.44606935033768486,0.04405260304207784
366,0.6795195195195195,6.437654837892293,6.454945792731026,6.2622507079778735,5.719019987982621,5.766004272053665,5.636533539052092,4.8554188893810455,4.888272844243682,4.664505864546067,3.84446667730789,3.8536010543428594,3.627258973282937,0.37931184652188465,0.015324419018099304,0.2943493880999823,0.031379456764923486,0.39279912089146857,0.03446695715168884,0.4462912724510083,0.04415827803393362
367,0.6800100100100099,6.443101704452645,6.4603657663541645,6.267587134849544,5.724386087806768,5.771358720932541,5.641841579263467,4.86042432012953,4.893341891941416,4.669407844213693,3.8491785199677953,3.858428040986003,3.631155412974916,0.37944729030359214,0.015347892887797192,0.2943746753508631,0.03139456953289295,0.3929514324251087,0.03448807932270308,0.4465143824276322,0.044264647596857734
368,0.6805005005005005,6.448540851556376,6.46577815314995,6.272915566577811,5.729744616384527,5.776705948385429,5.647141941219368,4.865423517699277,4.898404720631127,4.674302000598789,3.853882401605425,3.863246654846138,3.6350397096032956,0.37958292706935043,0.015371519850945129,0.2943998423746234,0.03140975491729629,0.39310342613356963,0.03450943046593183,0.4467386796784518,0.044371712054451395
369,0.680990990990991,6.453972248734863,6.471182939140833,6.27823599863324,5.735095569983182,5.782045951763749,5.6524346081947865,4.8704164911569325,4.90346132097536,4.679188329383453,3.85857831635692,3.8680568905481936,3.638911865536476,0.37971875480934864,0.015395300093863017,0.29442488542629774,0.03142501184805022,0.3932550993361555,0.03453101172290733,0.44696416482332363,0.04447947092881618
370,0.6814814814814815,6.45939586629375,6.476580111041897,6.283548426956931,5.740438948750175,5.787378728760724,5.657719563835243,4.875403244917965,4.9085116835667195,4.684066820913602,3.8632662696371765,3.8728587448988194,3.642771883455647,0.37985477121182937,0.015419233794213375,0.29444980037656265,0.0314403393254354,0.39340645147294345,0.034552824714426125,0.4471908350322773,0.0445879247195201
371,0.6819719719719719,6.464811673827796,6.481969654080884,6.288852848103808,5.745774754612841,5.792704276212377,5.662996791784276,4.880383792045494,4.913555799535273,4.688937470883044,3.867946255609954,3.8776522115738303,3.64661976601695,0.37999097432485673,0.015443321207393562,0.29447458273344185,0.031455736102306446,0.3935574800134308,0.03457487081646218,0.44741869166483955,0.04469707301100078
372,0.6824624624624624,6.470219642741799,6.487351554993061,6.294149257688519,5.75110298280093,5.798022591411487,5.668266275948213,4.885358134838442,4.918593663806174,4.693800271479228,3.872618274345869,3.8824372869699615,3.650455516478573,0.38012736196399954,0.015467562479214127,0.2944992292145168,0.03147120117575313,0.39370818307818345,0.03459715156090997,0.4476477332279039,0.04480691592552847
373,0.682952952952953,6.475619744937016,6.492725801467557,6.2994376520562465,5.756423638849543,5.803333671851276,5.673528000671008,4.890326282912148,4.923625264604178,4.6986552176794865,3.877282323124712,3.887213966686502,3.654279137112574,0.38026393234732075,0.015491957833901447,0.29452373526885817,0.03148673364905492,0.3938585598789351,0.034619668048955096,0.44787795938363095,0.04491745308624889
374,0.6834434434434434,6.481011951322498,6.498092379837816,6.304718028457572,5.761736717845787,5.808637514641651,5.678781950095046,4.895288245325981,4.928650596402015,4.703502301986922,3.881938395580319,3.891982245717421,3.658090631769304,0.3804006835400234,0.01551650744223574,0.2945480977338866,0.031502332232564344,0.39400860756442635,0.03464242203307897,0.4481093706469561,0.04502868431424417
375,0.6839339339339339,6.486396233633095,6.5034512785835386,6.3099903819396035,5.767042224242778,5.813934116978281,5.684028108917645,4.900244031262628,4.933669648931795,4.708341517315183,3.8865864939385166,3.8967421185247026,3.6618900029880286,0.3805376135533485,0.015541211551135907,0.29457231210966806,0.0315179961785428,0.3941583253410069,0.03466541491916463,0.44834196594681736,0.045140609628892554
376,0.6844244244244244,6.4917725656697804,6.508802485058928,6.315254709247139,5.772340156496044,5.819223474848866,5.689266462193155,4.905193645443981,4.938682416380288,4.71317285507545,3.8912266104872812,3.901493581500308,3.6656772542025284,0.3806747207447437,0.015566070312682811,0.294596375269629,0.03153372439225648,0.39430771164199363,0.034688648283436166,0.4485757450235251,0.04525322880241844
377,0.684914914914915,6.497140919096528,6.5141459878911485,6.320511007642374,5.777630515619868,5.824505586193492,5.694496994838721,4.91013709521619,4.94368889223596,4.717996311438459,3.8958587408312906,3.9062366276771767,3.66945238791302,0.3808120034655209,0.015591083929945876,0.2946202834038227,0.03154951584564861,0.3944567645660683,0.03471212331338899,0.4488107087264894,0.04536654125806009
378,0.6854054054054054,6.502501267729168,6.519481776556205,6.325759273067832,5.782913303562369,5.8297804488092755,5.699719692299344,4.915074389174225,4.9486890683051765,4.722811878413734,3.9004828840439343,3.910971253709646,3.6732154084475273,0.3809494598383007,0.015616252602099126,0.29464403275475104,0.03156536981112785,0.39460548306793924,0.03473584161727654,0.44904685594899874,0.045480546934608415
379,0.6858958958958958,6.507853585586035,6.52480983908852,6.330999502717322,5.788188521539814,5.8350480578522,5.704934540226329,4.920005535935065,4.953682936860326,4.727619549225193,3.9050990362874076,3.9156974525343333,3.67696631801524,0.38108708829565535,0.015641576509505036,0.2946676200251068,0.03158128513806314,0.3947538653974385,0.034759804524627166,0.44928418709715967,0.04559524553515507
380,0.6863863863863864,6.513197847421255,6.5301301657324515,6.336231693106552,5.793456172964186,5.840308411044026,5.710141524430878,4.9249305422973455,4.958670491259325,4.732419317399351,3.909707187669921,3.9204152195180115,3.6807051204596615,0.38122488753251565,0.015667055858976275,0.2946910415334117,0.031597261118312424,0.39490191057912305,0.03478401347486046,0.44952270280280987,0.04571063637691121
381,0.6868768768768769,6.5185340271077825,6.5354427459913085,6.341455840093834,5.798716257108886,5.845561505095378,5.71534063126257,4.929849413824555,4.963651726806845,4.7372111765975635,3.914307339186352,3.925124548615873,3.684431819005299,0.3813628556811849,0.015692690834916517,0.29471429393573867,0.031613296878106475,0.395049616847454,0.034808469849255,0.4497624025382724,0.04582671934896573
382,0.6873673673673674,6.523862102491988,6.54074757030766,6.346671941681627,5.80396877690286,5.850807337032106,5.720531847109016,4.9347621586803125,4.9686266365648395,4.7419951189260185,3.9188994794589393,3.929825433852256,3.6881464161557966,0.3815009918214535,0.015718481637206592,0.29473737432940667,0.03162939161624431,0.39519698319061874,0.034833175228016544,0.45000328748794655,0.045943493896382144
383,0.6878578578578578,6.529182046483936,6.546044628823714,6.3518799940151895,5.809213732445419,5.856045902761094,5.725715158755202,4.939668782606272,4.973595213884868,4.746771135428067,3.9234836079286577,3.9345178697219634,3.691848915528331,0.3816392941812313,0.015744428427162997,0.2947602792988855,0.0316455443485871,0.39534400854526436,0.03485813111555435,0.4502453565781998,0.046060959927368035
384,0.6883483483483483,6.534493838179281,6.551333912691916,6.357079994418679,5.81445113193189,5.861277199722599,5.730890553269405,4.944569293704086,4.978557452455219,4.751539222741502,3.92805971554766,3.9392018486437244,3.6955393200885567,0.3817777618627345,0.015770531437108874,0.2947830052060025,0.031661754513194376,0.39549069208277493,0.03488333860194585,0.4504886115594128,0.04617911642980291
385,0.6888388388388388,6.539797453704643,6.556615413079053,6.362271939439461,5.819680971229526,5.866501223972499,5.736058017993238,4.949463698893323,4.98351334843904,4.756299372911969,3.9326277993523724,3.943877365557467,3.69921763261496,0.3819163932937327,0.015796790830619134,0.2948055498179093,0.03167802123672882,0.3956370315066569,0.03490879926662404,0.4507330524856575,0.04629796338933508
386,0.6893293293293293,6.545092871035569,6.561889121612396,6.367455826290714,5.824903256201586,5.8717179721422585,5.741217540569286,4.954352003362457,4.988462896201013,4.7610515750021,3.9371878466341634,3.9485444133604544,3.7028838564816144,0.38205518776895203,0.015823206824871868,0.29482790975850015,0.03169434382832974,0.39578302703717294,0.03493451496316901,0.45097868008844294,0.046417500216723695
387,0.6898198198198198,6.550380068804813,6.567155030183365,6.372631651984854,5.830117986735141,5.876927441165974,5.7463691090957525,4.959234214167131,4.993406087191843,4.765795828362448,3.9417398553407335,3.9532029856737974,3.706537993923196,0.38219414396034557,0.015849779526135768,0.2948500825113598,0.03171072158816097,0.39592867680142363,0.034960486028131316,0.45122549495456077,0.04653772592512454
388,0.6903103103103103,6.5556590254019955,6.572413131194824,6.377799413607443,5.835325168699071,5.882129627049549,5.751512711821933,4.964110337427517,4.9983429196271345,4.770532117478863,3.9462838174941828,3.9578530741057705,3.710180047738147,0.3823332610811186,0.015876509231092014,0.2948720648560453,0.031727153838266665,0.39607398098795826,0.034986715166841084,0.4514734974304059,0.04665864081251135
389,0.6908008008008008,6.5609297216321565,6.57766341682627,6.38295910724789,5.840524804563662,5.887324526086195,5.75664833738001,4.968980377885327,5.003273389017285,4.775260442179578,3.9508197257052418,3.962494673507234,3.713810020812983,0.3824725380237168,0.01590339608651985,0.2948938541402137,0.031743640084873306,0.396218937760484,0.035013202823717275,0.45172268892486345,0.04678024370490906
390,0.6912912912912913,6.5661921374300825,6.582905880383993,6.388110731347779,5.845716895256847,5.892512134420215,5.761775974702086,4.973844342751124,5.00819749052637,4.7799807906913045,3.9553475693807707,3.967127775165276,3.7174279152877645,0.3826119742372944,0.015930440279670423,0.2949154482905899,0.03176017952882249,0.3963635464535151,0.03503995095369148,0.45197307056237146,0.04690253429090722
391,0.6917817817817817,6.571446253505916,6.588140515619249,6.393254282543158,5.8509014437217,5.897692448974431,5.766895613174276,4.9787022350811085,5.013115217149873,4.784693155821498,3.959867343605192,3.9717523705370614,3.72103373319943,0.3827515689683456,0.01595764195826312,0.2949368446790318,0.03177677170395525,0.39650780712392547,0.035066960599703774,0.4522246423835528,0.04702551184131014
392,0.6922722722722723,6.5766920514557885,6.593367315312416,6.3983897575361395,5.85607845337368,5.902865465448772,5.772007242317705,4.9835540628089205,5.018026566525104,4.789397532530171,3.9643790368538356,3.9763684538157675,3.7246274772235974,0.3828913214251375,0.0159850013454538,0.2949580407637738,0.03179341604067915,0.39665171804981764,0.035094233061922844,0.45247740658692753,0.047149175611621415
393,0.6927627627627627,6.581929513610771,6.59858627412359,6.403517154477787,5.861247929660251,5.908031179933904,5.777110852154201,4.988399830147279,5.022931534589495,4.794093909431885,3.968882642827514,3.9809760150202074,3.728209148977238,0.38303123120539956,0.016012518646631717,0.29497903416810695,0.031810111974637185,0.39679527963584427,0.03512177014215571,0.4527313636687659,0.04727352534121535
394,0.6932532532532533,6.587158623434407,6.603797386164645,6.40863646952211,5.866409869583017,5.913189588551735,5.78220643301113,4.993239541822436,5.027830118602478,4.798782281101774,3.973378150878138,3.985575047032128,3.7317787504664124,0.38317129766289004,0.016040194006912062,0.29499982348470655,0.03182685908636018,0.3969384899841479,0.035149572906492434,0.4529865154127301,0.04739856019373308
395,0.6937437437437437,6.592379363946716,6.609000645559328,6.413747700408444,5.871564282915263,5.918340687798263,5.787293975534807,4.998073200145296,5.032722311236761,4.803462637551698,3.9778655541301244,3.9901655406925234,3.735336282976307,0.3833115205199158,0.01606802762063135,0.2950204055240424,0.03184365689592793,0.3970813508203424,0.03517764266364718,0.45324286178188694,0.0475242795430841
396,0.6942342342342342,6.597591721063659,6.614196047385797,6.418850843581351,5.876711166514836,5.923484473530127,5.792373470682095,5.002900813079285,5.037608114181541,4.808134972397397,3.982344840439874,3.9947474875082536,3.7388817479877803,0.38345189934488466,0.01609601971652039,0.29504077938384365,0.03186050508609742,0.3972238593074702,0.03520598104799961,0.45350040602247804,0.04765068288531002
397,0.6947247247247247,6.602795678676189,6.619383587834391,6.423945897332459,5.8818505281002675,5.928620941678071,5.7974449099171235,5.007722380954263,5.042487521278775,4.8127992738180465,3.986816001641192,3.9993208788198435,3.7424151468330806,0.38359243405616994,0.016124170449050238,0.2950609426406763,0.03187740318536102,0.39736601729307963,0.03523458949309434,0.45375914782245047,0.04777776969041314
398,0.6952152152152152,6.607991222548785,6.624563261393351,6.429032858485593,5.886982369516051,5.933750087764567,5.80250828477616,5.012537910680076,5.047360527477217,4.817455536826281,3.991279024373828,4.003885703598574,3.7459364799643255,0.38373312458243436,0.01615247999885677,0.2950808935824522,0.03189435078372459,0.3975078236236843,0.03526346887880529,0.4540190901940834,0.0479055387648714
399,0.6957057057057057,6.613178340246421,6.629735063827714,6.434111724350801,5.892106691985458,5.938871908801898,5.807563587522895,5.01734740310758,5.0522271344782625,4.822103751957247,3.9957338999311385,4.008441953559935,3.749445749175275,0.3838739707054335,0.01618094856279067,0.2951006307819082,0.03191134762545514,0.39764927792461047,0.03529262091879192,0.454280234336723,0.0480339897466883
400,0.6961961961961962,6.618357018306824,6.634898992365164,6.439182491917272,5.897223499525824,5.943986399243321,5.812610810539324,5.0221508623070825,5.057087334927472,4.826743910717298,4.000180618565487,4.0129896183556255,3.7529429536850363,0.38401497253409794,0.016209576297969073,0.2951201527772107,0.0319283934192275,0.39779038057664273,0.03532204653421725,0.45454258156759203,0.04816312186550485
401,0.6966866866866867,6.623527245320827,6.64005504266239,6.444245159415649,5.902332792974096,5.949093555850829,5.817649946499408,5.026948290948035,5.061941127546072,4.831376003425003,4.004619167815387,4.017528686711876,3.7564280946574806,0.38415613026693346,0.016238363368217275,0.2951394584399558,0.0319454877972366,0.3979311313718487,0.03535174727600651,0.4548061339540241,0.048292934340736345
402,0.6971771771771772,6.628689010308571,6.6452032114445405,6.449299723025262,5.907434577078923,5.954193374691223,5.822680988705623,5.031739692667718,5.06678851083541,4.8360000198916655,4.009049534325616,4.022059150307071,3.7599011719630417,0.38429744409736144,0.016267310033041427,0.29515854600498176,0.031962630706201055,0.39807153062407824,0.035381724755794146,0.45507089348745206,0.04842342671557575
403,0.6976676676676676,6.633842303300841,6.650343496307478,6.454346180902926,5.91252885524328,5.9592858508583575,5.827703930547268,5.0365250680802784,5.07162948168216,4.840615953292006,4.0134717121494345,4.026580997661395,3.7633621848005037,0.3844389142171125,0.0162964164255891,0.2951774145888373,0.031979821885921515,0.39821157850858124,0.03541197981838039,0.4553368614567627,0.0485545982747111
404,0.6981581581581582,6.638987112958493,6.655475893665633,6.45938453019628,5.917615627674829,5.96437098027095,5.8327187659190685,5.041304419618532,5.076464037305873,4.845223793848059,4.01788568301761,4.031094216921799,3.7668111331956777,0.384580541163335,0.01632568271243867,0.2951960630626202,0.03199706101893957,0.3983512750465954,0.035442513770485184,0.45560404075303595,0.048686447900139825
405,0.6986486486486486,6.644123432275361,6.660600402238247,6.464414768104615,5.922694897693571,5.969448759816562,5.837725489047492,5.046077747896459,5.081292176872979,4.849823531115919,4.022291437296216,4.035598796843968,3.7702480162818612,0.38472232547266433,0.016355109103171984,0.2952144906269878,0.032014348246691735,0.39849062097606297,0.03547332813570536,0.45587243298047564,0.04881897514482425
406,0.6991391391391392,6.649251251910885,6.665717019064281,6.469436892030334,5.9277666673673,5.974519183408398,5.842724094511262,5.050845055236555,5.086113895786712,4.854415155803691,4.026688963436396,4.040094726305815,3.773672832881565,0.38486426756453607,0.01638469573503295,0.29523269649168077,0.032031683231161956,0.39862961660473795,0.035504423884602614,0.4561420399171221,0.048952179228831626
407,0.6996296296296296,6.654370565696028,6.670825742210513,6.47445089969137,5.9328309392828755,5.979582248292708,5.847714577265188,5.055606343351271,5.090929193663405,4.858998660181313,4.031078245967823,4.044581992838768,3.7770855813408715,0.38500636829038,0.016414442825011644,0.2952506799079403,0.03204906601264282,0.39876826210477373,0.03553580225190438,0.45641286492029476,0.049086059206552034
408,0.7001201201201201,6.659481366831812,6.675926570447562,6.479456788784265,5.937887715591604,5.984637949238585,5.852696932693963,5.060361610286586,5.095738069580725,4.863574029790422,4.035459274410997,4.049060584332921,3.780486260406811,0.3851486283765026,0.016444350534094914,0.29526844049403417,0.032066496470381865,0.3989065588716761,0.035567464944055584,0.45668490893207303,0.049220614809151936
409,0.7006106106106106,6.664583649153449,6.681019502823335,6.484454556213527,5.942937000329062,5.989686282586746,5.857671156386115,5.065110859870407,5.100540520140027,4.868141258176992,4.039832033270335,4.053530489548794,3.7838748679775303,0.38529104866055985,0.01647441907677815,0.2952859773557221,0.032083974736908306,0.39904450719346707,0.03559941282828377,0.45695817525485466,0.049355844968350465
410,0.701101101101101,6.669677407287865,6.686104537356544,6.489444200083539,5.947978790264819,5.994727244523544,5.86263724434229,5.069854086315998,5.105336543367842,4.872700334567747,4.044196508085949,4.057991694027782,3.787251401655527,0.3854336302092961,0.016504648523721566,0.29530329075263273,0.03210150063984919,0.3991821081544422,0.03563164685711517,0.45723266573909793,0.049491748641307946
411,0.7015915915915916,6.674762638555666,6.691181673285682,6.494425717012977,5.953013091384506,5.999760829702118,5.8675951930797945,5.074591292528175,5.110126138504088,4.877251249191981,4.048552687493541,4.062444183418932,3.7906158589466394,0.3855763740207724,0.016535039122517754,0.2953203801088482,0.032119074409897856,0.3993193624468739,0.03566416835749134,0.45750838336456134,0.04962832522349065
412,0.7020820820820821,6.679839338105574,6.696250910617281,6.499399105480445,5.958039904255255,6.004787034040559,5.872544999181925,5.079322479234677,5.114909303871664,4.881793988628323,4.052900556299753,4.066887945728565,3.793968237348889,0.3857192812155825,0.01656559104708438,0.2953372455062094,0.03213669598890971,0.39945627114770454,0.03569697894433453,0.4577853303487931,0.049765574246704844
413,0.7025725725725726,6.684907504213817,6.701312248551826,6.504364362803213,5.963059229643011,6.009805854290897,5.877486659885998,5.0840476409306685,5.119686037389896,4.886328544213979,4.057240099819775,4.071322967649114,3.7973085327447706,0.38586235312143985,0.016596304435184995,0.2953538869503178,0.03215436557912943,0.399592835849867,0.03573007930862098,0.4580635089879922,0.0499034946895268
414,0.703063063063063,6.689967134586233,6.706365687255889,6.509321486599765,5.968071068967119,6.0148172851550585,5.882420172503713,5.088766779118917,5.124456336851931,4.890854906480969,4.061571302970517,4.075749233941931,3.8006367424868968,0.38600559102653553,0.016627179439377773,0.29537030473908776,0.032172083267386166,0.399729057075245,0.035763470462630474,0.45834292258237064,0.05004208552165426
415,0.7035535535535535,6.695018228218494,6.711411225936063,6.514270474718535,5.973075422806094,6.019821323240404,5.887345534899716,5.093479888476633,5.129220202620692,4.8953730616092,4.065894149259383,4.080166730410421,3.8039528623107666,0.3861489964775898,0.016658216242179603,0.2953864990173105,0.03218984917738659,0.3998649368260043,0.03579715390386022,0.4586235734733165,0.050181346177062346
416,0.7040440440440441,6.700060785228681,6.7164488658242005,6.519211324399483,5.978072293600967,6.024817964069648,5.892262745180854,5.09818697107848,5.133977633003484,4.8998830015977095,4.07020862488761,4.084575441810526,3.807256888334785,0.3862925708966641,0.016689415039694986,0.29540247014969173,0.03220766365328112,0.40000047563626784,0.035831130533908795,0.4589054653241646,0.050321275718920394
417,0.7045345345345345,6.705094805389777,6.721478606735906,6.524144033975243,5.983061681140347,6.0298072032218455,5.897171801897172,5.102888018606258,5.138728625438342,4.904384710216622,4.074514716604834,4.088975352032052,3.810548815637215,0.38643631598674716,0.01672077593542332,0.2954182187157993,0.032225526727652984,0.4001356765501146,0.035865401678302565,0.4591885991732052,0.05046187363142849
418,0.705025025025025,6.71012029011052,6.7265004498587,6.529068601127544,5.988043586889287,6.0347890372345026,5.902072703861426,5.107583032248752,5.143473178038605,4.90887818167063,4.078812404006083,4.093366448268436,3.8138286397737837,0.38658023344317827,0.016752299109525515,0.2954337452169065,0.0322434387561177,0.4002705400464981,0.03589996790239596,0.4594729795316903,0.05060313858389324
419,0.7055155155155155,6.715137241565576,6.731514395747042,6.533985023403406,5.993018009374716,6.039763461151041,5.906965450073822,5.112272005790335,5.148211290964041,4.913363399018013,4.083101670612373,4.097748711139393,3.8170963554903232,0.386724325288856,0.01678398471296244,0.29544905076851125,0.0322613999714657,0.4004050683791375,0.03593483086852276,0.45975860902215854,0.05074506999381349
420,0.706006006006006,6.720145662516497,6.736520445807806,6.538893299168846,5.997984950181684,6.044730472118908,5.911850040198543,5.1169549365036815,5.15294296159225,4.917840355703709,4.087382504664836,4.102122127727674,3.820351956934175,0.38686859310882654,0.016815832896904,0.29546413596961646,0.03227941071233864,0.4005392630393226,0.03596999097599316,0.4600454903407085,0.05088766700290838
421,0.7064964964964965,6.725145556289882,6.741518600327847,6.543793425961468,6.002944408097973,6.049690065351291,5.916726474010166,5.121631818047287,5.157668188058904,4.922309035147057,4.091654886637526,4.106486678682518,3.823595438648675,0.38701303914716684,0.016847843788665797,0.29547900188793674,0.03229747121675761,0.4006731267141838,0.03600544964149206,0.4603336263170408,0.051030928720509516
422,0.7069869869869869,6.730136926925101,6.746508861375077,6.548685402134528,6.0078963856345275,6.054642237062525,5.921594751595096,5.126302647542206,5.162386970820851,4.926769428764897,4.09591879789711,4.110842348010841,3.826826794361586,0.3871576655159162,0.01688001758461577,0.2954936493412272,0.032315581869543974,0.40080666082486943,0.03604120769493431,0.4606230212786674,0.051174854117295054
423,0.7074774774774775,6.735119779246645,6.751491231066323,6.55356922568203,6.012840879928921,6.0595869836370495,5.926454873503641,5.13096741866777,5.167099307081407,4.93122152208399,4.100174223155481,4.115189119039322,3.8300460175469695,0.3873024743565949,0.01691235439312443,0.2955080799020683,0.03233374305452488,0.40093986792834774,0.036077266210040086,0.4609136773821178,0.051319442543111875
424,0.707967967967968,6.740094119339423,6.756465710076973,6.558444894513705,6.017777890825677,6.0645243009265615,5.931306840453732,5.135626125556973,5.17180519492671,4.935665302502666,4.1044211454839665,4.119526973280985,3.833253101187723,0.38744746795800766,0.016944854355454946,0.29552229476562053,0.032351955126139746,0.40107275045618856,0.036113626109281406,0.4612055978194871,0.05146469309338674
425,0.7084584584584585,6.745059953940161,6.76143230130066,6.563312407352907,6.022707420126079,6.069454185092618,5.9361506534823665,5.140278762962812,5.176504632423284,4.9401007603713225,4.108659545431929,4.123855892661849,3.8364480387316178,0.3875926488263464,0.01697751759626912,0.2955362952859963,0.032370218549512116,0.40120531070000753,0.036150287989611105,0.4614987865351484,0.051610604451435754
426,0.7089489489489489,6.7500172894452755,6.766391005848609,6.56817176214953,6.027629464176468,6.074376633235963,5.940986314075481,5.144925322685015,5.181197618876699,4.944527879935061,4.112889407786316,4.128175859229288,3.8396308217850343,0.3877380192870137,0.01701034427147886,0.2955500829867748,0.032388533696581116,0.4013375514946795,0.03618725313727609,0.4617932459770316,0.05175717623970558
427,0.7094394394394394,6.754966133482673,6.771341826545117,6.5730229573502355,6.032544024300569,6.0792916409875835,5.9458138238236335,5.1495658002111675,5.185884152303209,4.948946649508202,4.117110709528663,4.132486854255238,3.8428014425738635,0.3878835821192861,0.017043334536286182,0.2955636593667927,0.03240690103510441,0.4014694752617018,0.03622452237273937,0.462088980681892,0.051904407234816645
428,0.70992992992993,6.759906494761422,6.77628476562679,6.577865991639844,6.037451096397955,6.084199205288795,5.95063318477995,5.154200186889047,5.190564229502888,4.953357055391163,4.121323434989042,4.136788857570731,3.8459598937746766,0.3880293399119088,0.017076488445653248,0.2955770265593736,0.03242532099497771,0.4016010849608989,0.03626209645633482,0.46238599319912405,0.05205229642024307
429,0.7104204204204204,6.764838382667711,6.781219825181277,6.582700862844481,6.042350681203978,6.08909932208113,5.955444399107755,5.158828474264312,5.195237851664933,4.957759085504045,4.125527563838629,4.141081851331968,3.8491061662191663,0.3881752953880234,0.017109806188138028,0.2955901860787225,0.03244379413482243,0.40173238322485594,0.03629997629818726,0.4626842875815478,0.0522008429849459
430,0.7109109109109109,6.769761806444795,6.786147008347295,6.5875275704890885,6.047242775472018,6.093991988678277,5.960247469472077,5.163450653908059,5.1999050116069006,4.96215272557349,4.129723080538158,4.145365814544996,3.852240250901719,0.38832145142778457,0.017143287799824183,0.29560314012161865,0.03246232086314961,0.4018633739067497,0.03633816242055129,0.4629838660953303,0.05235004588008594
431,0.7114014014014014,6.774676777511959,6.791066317833568,6.592346112909113,6.052127379049211,6.098877200907875,5.965042398607064,5.168066719328433,5.204565713200335,4.9665379638547265,4.133909959976674,4.149640727217988,3.8553621390779007,0.3884678110959507,0.017176933483114255,0.29561589072266425,0.03248090177064954,0.401994058855807,0.03637665594733666,0.4632847344560955,0.05249990402670125
432,0.7118918918918918,6.779583305812206,6.795977755847441,6.597156488866474,6.057004489360753,6.103754956571098,5.969829189642752,5.172676658790089,5.209219948188803,4.970914784876736,4.138088187701011,4.1539065685141905,3.8584718213023748,0.3886143772988463,0.017210743264333403,0.2956284396995066,0.03249953733769673,0.4021244429678585,0.036415457317078355,0.4635868940061698,0.05265041641154102
433,0.7123823823823824,6.784481403632629,6.8008813254849025,6.601958697743615,6.061874105463385,6.1086252518104205,5.974607845980857,5.177280467167773,5.21386771868338,4.97528317498007,4.142257740402816,4.158163318475879,3.8615692872694813,0.38876115322544275,0.017244717351315345,0.29564078939220995,0.03251822806129745,0.4022545284541234,0.03645456779005432,0.4638903500871013,0.0528015823272697
434,0.7128728728728728,6.789371082830192,6.80577703069391,6.606752737980151,6.066736222617975,6.1134880842844925,5.979378371058538,5.1818781306469,5.218509019333595,4.979643123432645,4.146418599364984,4.162410954730803,3.8646545269688697,0.3889081420936674,0.017278855745457206,0.2956529423903072,0.032536974627096864,0.40238431911523054,0.03649398728659187,0.46419510576827644,0.052953400165597624
435,0.7133633633633634,6.794252357396068,6.810664873217194,6.611538608750323,6.071590840257405,6.118343450311841,5.984140768933873,5.1864696389231755,5.223143849308437,4.983994612803719,4.150570744088646,4.1666494561118865,3.8677275304215906,0.3890553472046599,0.017313158579462466,0.29566490087955366,0.03255577752407912,0.40251381905895933,0.03653371704069853,0.4645011643907002,0.05310586923526679
436,0.7138538538538538,6.799125239508481,6.8155448572225215,6.61631630980776,6.076437955455219,6.123191347852555,5.988895043533431,5.191054985250048,5.22777220527837,4.9883376302340405,4.15471415315021,4.17087879985903,3.8707882864528957,0.3892027719787749,0.01734762597929926,0.295676667341133,0.03257463731564091,0.4026430314550146,0.03657375774674703,0.4648085306480971,0.053258988406127084
437,0.7143443443443444,6.803989744023064,6.820416985797956,6.621085840282561,6.081277566083268,6.128031773351247,5.993641199345241,5.195634155255551,5.232394082548812,4.992672162105432,4.158848805503042,4.175098964919252,3.8738367838398333,0.38935041992914055,0.017382257975574366,0.2956882444197987,0.03259355459246807,0.4027719608619269,0.03661410962108999,0.46511720752810065,0.0534127564147525
438,0.7148348348348348,6.808845885191908,6.825281262225255,6.625847199794101,6.086109667778565,6.132864725001659,5.998379240746381,5.2002071388300655,5.2370094800840645,4.996998194512377,4.162974680123916,4.179309928049202,3.8768730118397934,0.3894982945264343,0.017417054669317436,0.2956996348581764,0.032612529946679035,0.4029006106467334,0.036654773481807935,0.4654271993676269,0.05356717216300673
439,0.7153253253253253,6.8136936782574695,6.830137689815462,6.630600387635084,6.090934256865839,6.137690199480304,6.003109172610625,5.204773924387594,5.24161839451132,5.001315711289927,4.167091755899023,4.183511665907587,3.8798969582858853,0.3896463994245691,0.017452016146267416,0.29571084154739224,0.03263156395061145,0.40302898500743567,0.03669575007744023,0.4657385098579237,0.0537222347183251
440,0.7158158158158158,6.818533138760318,6.834986272534489,6.635345404248455,6.0957513335655245,6.142508195388176,6.007830999909425,5.209334500653045,5.2462208195086655,5.0056246992809985,4.17120001076531,4.1877041548190235,3.8829086114848876,0.3897947384842811,0.01748714247022718,0.29572186682634505,0.03265065725295086,0.4031570889452203,0.03673703969751178,0.46605114286096483,0.05387794260519547
441,0.7163063063063063,6.823364283188054,6.839827013234231,6.640082248952564,6.100560892249252,6.147318710345874,6.01254472781647,5.213888851875024,5.250816755015769,5.009925145043215,4.17529942207533,4.1918873718109175,3.8859079588199505,0.38994331542753546,0.017522433711501556,0.2957327138063102,0.032669810465064744,0.4032849262847768,0.036778642819416923,0.46636510257243874,0.054034294678913096
442,0.7167967967967968,6.8281871278950765,6.8446599161089345,6.644810922498638,6.105362928629032,6.152121740884185,6.017250361671985,5.218436970196918,5.2554061942603205,5.014217032753506,4.179389966325936,4.196061291544369,3.888894988120871,0.3900921342349505,0.01755788990467769,0.2957433859206538,0.03268902405007634,0.40341250108458915,0.03682056001690659,0.4666803934163957,0.05419128964232685
443,0.7172872872872873,6.833001690734911,6.8494849856691,6.649531424087079,6.110157440389435,6.156917286789715,6.021947907125275,5.222978839093034,5.259989134480227,5.018500346084325,4.183471625424941,4.200225890191059,3.891869686600894,0.3902411987797221,0.01759351114196767,0.29575388583941004,0.03270829895686132,0.4035398189522412,0.03686279200594573,0.4669970181566754,0.054348926621741525
444,0.7177777777777777,6.837807987771463,6.854302223638264,6.654243755475896,6.11494442342224,6.161705344674361,6.026637369804552,5.227514444203432,5.2645655722490865,5.022775072534799,4.187544372668569,4.2043811425813935,3.8948320408024717,0.39039051315939277,0.017629297436706343,0.29576421666251007,0.03272763532350167,0.4036668840018192,0.0369053388854103,0.4673149818663734,0.05450720397974646
445,0.7182682682682683,6.84260603771843,6.8591116356695645,6.658947916163755,6.119723875508506,6.166485914056863,6.0313187557376144,5.232043777149719,5.26913549984922,5.027041196583993,4.191608184240599,4.208527023840454,3.8977820375204733,0.39054008160442366,0.017665248888380808,0.29577438136311973,0.03274703414497401,0.40379370129207287,0.03694820123050102,0.46763428892886216,0.054666120437452705
446,0.7187587587587587,6.84739585982555,6.863913224651812,6.663643906963056,6.124495789622917,6.171258992619582,6.035992070865545,5.236566817809497,5.27369891495469,5.031298703089654,4.195663038763275,4.212663508404812,3.900719663718882,0.39068990821127125,0.017701365454837654,0.29578438375620086,0.0327664959263924,0.40392027577232575,0.036991379291361294,0.46795494258493575,0.054825674654422875
447,0.7192492492492493,6.852177471312777,6.868706994634573,6.668331729279733,6.1292601648259,6.1760245784763095,6.040657321495298,5.241083554267566,5.278255812605506,5.03554757796045,4.199708913897122,4.216790569915015,3.903644905172851,0.39083999719614404,0.017737647216190547,0.29579422662041,0.03278602115110283,0.40404661242939255,0.037034873439377836,0.46827694746088,0.05498586535462886
448,0.7197397397397397,6.856950892598954,6.873492949706842,6.673011383385959,6.134016995558649,6.180782670734318,6.04531451402156,5.245593971247084,5.282806185458215,5.039787805458159,4.203745780462569,4.2209081819997465,3.9065577473607673,0.3909903532329077,0.017774094179688928,0.2958039135512509,0.032805610604522174,0.4041727168080079,0.037078683898284864,0.46860030814776443,0.05514669083238872
449,0.7202302302302303,6.861716143019831,6.878271093367933,6.677682871617576,6.138766277026997,6.1855332681764255,6.049963654853893,5.250098054058217,5.287350030320071,5.044019368834722,4.2077736202058595,4.22501631820987,3.9094581765823144,0.3911409804582347,0.01781070636889213,0.29581344813493776,0.032825264709018975,0.40429859397911766,0.03712281136911434,0.468925028087021,0.05530815018320268
450,0.7207207207207207,6.8664732414968865,6.883041430085228,6.682346193977669,6.143508004097814,6.1902763693543905,6.054604750635512,5.254595786214315,5.29188734175853,5.0482422536322895,4.21179240454774,4.2291149515742275,3.9123461781732796,0.39129188346491356,0.0178474838015577,0.2958228337488491,0.03284498418248274,0.4044242492177909,0.03716725596990986,0.4692511121771414,0.05547024165454428
451,0.7212112112112112,6.871222209181143,6.887803963372118,6.687001353385506,6.148242177583236,6.195011974054961,6.059237808116572,5.259087153659697,5.296418110585993,5.05245644744648,4.215802110242634,4.233204054774196,3.915221736783051,0.39144306693597314,0.017884426490844162,0.29583207332224926,0.03286476958086122,0.40454968874843766,0.037212017505130666,0.4695785647997443,0.05563296353566407
452,0.7217017017017017,6.875963065607518,6.892558696764742,6.691648350838395,6.152968788317656,6.1997400802552365,6.063862834232303,5.263572140591725,5.300942334758747,5.056661930160606,4.219802714673577,4.237283599964176,3.918084838121419,0.3915945352168652,0.017921534457241418,0.295841170955116,0.03288462135733449,0.4046749174510452,0.03725709701816897,0.4699073898330411,0.05579631496632043
453,0.7221921921921922,6.880695831839434,6.897305635358422,6.696287188522462,6.157687832978708,6.204460688065642,6.06847983578771,5.268050728581415,5.305460003683624,5.06085869163379,4.223794186676872,4.241353559226228,3.9209354668124554,0.3917462933912008,0.017958807613802755,0.29585013023064033,0.032904540219614614,0.4047999415151925,0.037302493672634406,0.4702375923864389,0.055960293364465265
454,0.7226826826826827,6.885420529372554,6.902044782714644,6.700917868631934,6.162399308112502,6.209173796939856,6.073088819938433,5.272522902254634,5.309971114060976,5.065046712137658,4.227776505458026,4.2454139050270046,3.923773606982959,0.3918983460323155,0.01799624604164764,0.29585895463706763,0.03292452672481423,0.404924766956956,0.03734820851567838,0.47056917619470917,0.05612489807567119
455,0.7231731731731732,6.890137178030251,6.9067761427625625,6.7055403937074605,6.167103209513689,6.213879405855786,6.077689793623503,5.276988645003495,5.314475656380748,5.069225978062851,4.231749643178822,4.249464606237408,3.9265992433513786,0.39205069810658405,0.01803384967080288,0.2958676477329476,0.032944581300014056,0.40504939977522914,0.037394241248599774,0.4709021462553605,0.05629012688292178
456,0.7236636636636636,6.894845801103423,6.911499719331182,6.710154766338682,6.171799529227827,6.218577515272648,6.0822827642776405,5.281447939358024,5.318973624916168,5.073396474003352,4.235713574045693,4.253505636851156,3.9294123600501747,0.3922033544009893,0.018071618468196972,0.2958762138279358,0.03296470454288694,0.4051738455495753,0.03744059206007833,0.4712365067759283,0.05645597839208981
457,0.7241541541541541,6.899546418852664,6.916215516743726,6.714760988739362,6.176488266755939,6.223268123921852,6.086867739029812,5.285900767423601,5.323465010593899,5.077558183956657,4.23966827357296,4.257536965019153,3.932212941304769,0.39235631991068026,0.018109552406899904,0.2958846560252375,0.03298489699059543,0.40529811127674836,0.03748726094993823,0.47157226197469915,0.05662245075506996
458,0.7246446446446446,6.9042390524205315,6.920923538689349,6.719359064834869,6.181169415447408,6.227951233061397,6.0914447251382144,5.290347113071816,5.327949807472136,5.081711092586822,4.2436137109109735,4.261558562688733,3.935000970301208,0.3925095997413933,0.018147651484725368,0.29589297821779653,0.03300515902621977,0.40542220264191386,0.0375342482144959,0.4719094173976294,0.05678954230604039
459,0.7251351351351352,6.908923725305412,6.925623788121811,6.7239489973049835,6.1858429717852115,6.232626841728083,6.096013729975094,5.2947869583533205,5.332428006480452,5.0858551833464,4.247549861277437,4.265570398963488,3.9377764315591115,0.39266319892127827,0.01818591562883306,0.2959011842042276,0.03302549116410343,0.40554612637073706,0.03758155388658437,0.4722479770390503,0.056957251243972655
460,0.7256256256256256,6.913600457905279,6.930316270949007,6.7285307893155295,6.190508931590844,6.23729495084742,6.1005747609378425,5.299220282834204,5.336899597319572,5.089990441668764,4.251476699685126,4.269572443079469,3.9405393080278532,0.3928171226077946,0.01822434476226155,0.29590927765103225,0.03304589399561006,0.4056698896210005,0.03762917761947536,0.47258794488028266,0.057125575638232104
461,0.726116116116116,6.918269272940657,6.93500098987474,6.7331044454930336,6.195167289190789,6.241955560291487,6.10512782544353,5.303647072176965,5.34136457523528,5.094116853443903,4.2553941953975185,4.273564665909138,3.943289582690883,0.39297137594895004,0.018262938884565896,0.29591726267463087,0.03306636775013552,0.4057934974330332,0.0376771196667579,0.4729293272444917,0.05729451379112429
462,0.7266066066066066,6.922930192361173,6.939677949034949,6.737669968960087,6.199818041838971,6.246608670780856,6.109672930874963,5.308067304950275,5.345822929174521,5.098234399709142,4.259302319254582,4.277547034954622,3.9460272395730827,0.3931259644071251,0.018301697899327903,0.2959251427277879,0.033086912989905494,0.40591695803010835,0.037725380141994294,0.47327212792248446,0.0574640636028605
463,0.7270970970970971,6.9275832383186255,6.944347152873656,6.742227364104428,6.2044611836901264,6.251254283119407,6.114210084732073,5.31248096340284,5.350274647019907,5.102343067580941,4.2632010474717195,4.281519519307258,3.9487522613830732,0.3932808931086649,0.01834062168612656,0.2959329219399217,0.03310753010639742,0.40604027795715614,0.037773958438266315,0.4736163511460866,0.05763422306938024
464,0.7275875875875876,6.932228433015307,6.94900860386314,6.746776635220765,6.2090967112373825,6.255892397700439,6.1187392943087096,5.31688802951019,5.354719723573362,5.106442839909667,4.267090349678647,4.285482087912253,3.951464630899319,0.39343616737223114,0.018379710244981546,0.2959406038996083,0.033128219389958254,0.4061634636638041,0.03782285504698646,0.47396200245609,0.05780499052018692
465,0.728078078078078,6.9368657989110964,6.9536623072757635,6.75131778693172,6.213724618816008,6.260523015755679,6.123260567101619,5.321288484984048,5.359158147926432,5.110533701458315,4.270970198258092,4.28943470821903,3.954164330698557,0.39359179266031324,0.018418963472259405,0.2959481928471718,0.03314898130126454,0.40628652202601717,0.03787206975609293,0.47430908665251625,0.057976363894069974
466,0.7285685685685686,6.9414953579523315,6.958308266331848,6.7558508242417705,6.218344904533882,6.26514613795604,6.127773910563366,5.325682307475523,5.3635899086836005,5.114615636179088,4.274840560363088,4.293377347572893,3.95685134409184,0.39374777466374405,0.01845838123029996,0.2959556922482501,0.03316981610553801,0.4064094611540359,0.03792160224416925,0.4746576084255155,0.05814834066837391
467,0.7290590590590591,6.946117132026545,6.9629464854769925,6.760375751622694,6.22295756173424,6.269761765610289,6.132279331962998,5.3300694813135285,5.368014996824667,5.1186886286355,4.278701408862048,4.2973099743839045,3.9595256529792997,0.3939041186653934,0.01849796347562218,0.2959631062842103,0.03319072419796356,0.40653228713505124,0.03797145260700257,0.4750075730870327,0.058320919142009583
468,0.7295495495495495,6.950731143283402,6.967576967351052,6.764892575260749,6.227562589491577,6.274369900251625,6.136776838619923,5.334449983852705,5.372433399255512,5.122752662703591,4.282552717497942,4.301232555229492,3.962187239782613,0.39406083023134814,0.018537710061929898,0.2959704382916899,0.033211705739524665,0.4066550086246305,0.03802162044934551,0.47535898431329654,0.05849409711022386
469,0.73004004004004,6.955337413587172,6.972199715918193,6.769401300041179,6.23215998349233,6.27897054251594,6.14126643778577,5.338823799258544,5.376845107992037,5.126807723245394,4.286394450931941,4.30514505709124,3.9648360877045925,0.3942179150093889,0.01857762092802017,0.29597769219956627,0.03323276103150343,0.40677763177969867,0.038072105900028665,0.4757118487921319,0.058667872204003456
470,0.7305305305305305,6.959935965151038,6.976814735686456,6.773901932218282,6.236749735705821,6.283563694708737,6.145748136770848,5.343190905326605,5.381250108632714,5.130853794834978,4.290226583038172,4.309047445857746,3.9674721779339124,0.39437537864084776,0.018617695873989044,0.2959848725520632,0.033253890303157445,0.40690016436211657,0.03812290834738562,0.4760661704346071,0.05884224221375099
471,0.7310210210210211,6.964526818880325,6.981422029813455,6.778394477061861,6.241331846832138,6.2881493574939435,6.150221942748391,5.347551285291474,5.3856483919375995,5.134890860230023,4.294049083559318,4.312939688255275,3.9700954934758514,0.3945332266464827,0.018657934867740474,0.2959919823596367,0.03327509377535796,0.40702261386851996,0.03817402811226971,0.47642195463727893,0.059017205128938634
472,0.7315115115115115,6.969109997617066,6.986021601874309,6.782878942146481,6.245906312067646,6.2927275334397885,6.154687862578841,5.351904915707275,5.39003994545906,5.138918905411959,4.297861915855688,4.316821749632982,3.9727060156951577,0.3946914651974684,0.018698337714674492,0.2959990258735492,0.03329637157403151,0.40714498819396516,0.03822546458128848,0.4767792071927251,0.05919275805992029
473,0.7320020020020019,6.973685521072204,6.990613455551241,6.787355332644713,6.250473128160914,6.297298224102579,6.159145903488422,5.356251779919729,5.394424756490521,5.142937914540023,4.301665056959868,4.320693596032597,3.975303726637852,0.3948500995208129,0.01873890433134455,0.2960060064284061,0.03331772389490972,0.4072672946827649,0.03827721762270283,0.4771379323972833,0.05936889916861115
474,0.7324924924924925,6.978253412067926,6.995197594618328,6.791823656149694,6.255032292348958,6.3018614312046415,6.163596072301714,5.360591852941341,5.398802812142114,5.146947870465376,4.305458468865083,4.324555192831792,3.9778886090116417,0.39500913588689596,0.018779634489853727,0.29601292813632146,0.03333915085332896,0.40738954213808654,0.03832928689741859,0.47749813530254975,0.05954562552005693
475,0.732982982982983,6.982813690155087,6.99977402216553,6.796283919323358,6.259583799441698,6.306417156876329,6.16803837581958,5.364925120803384,5.403174100320104,5.150948758513846,4.309242124451338,4.328406505236575,3.9804606439238723,0.3951685797215897,0.018820528117064993,0.29601979469771766,0.033360652447122816,0.4075117369987468,0.0383816723359899,0.47785982170925195,0.059722935125904666
476,0.7334734734734735,6.987366377011256,7.004342741846249,6.800736129658626,6.264127649791728,6.310965403052405,6.172472820712103,5.369251560125492,5.407538608109054,5.154940563943919,4.313015989170037,4.332247496633314,3.983019813473119,0.3953284371869158,0.018861585033153782,0.29602660956761756,0.0333822287991616,0.40763388794987643,0.03843437342743721,0.4782229971222665,0.05990082503266595
477,0.7339639639639639,6.99191149248715,7.00890375739402,6.80518029409909,6.268663836719569,6.315506172683112,6.176899413636793,5.37357115214209,5.411896320894378,5.158923268715645,4.316780029435009,4.336078132597581,3.9855660992201285,0.3954887141499246,0.01890280507479741,0.2960333767414682,0.03340387996780146,0.4077560028592098,0.0384873901339326,0.4785876666126673,0.06007929286881966
478,0.7344544544544545,6.996449057789633,7.013457071924354,6.809616421278624,6.273192362188528,6.32003946701009,6.181318161009949,5.377883874865988,5.4162472268384,5.162896859362768,4.320534216219988,4.339898377477297,3.9880994827405116,0.3956494164748845,0.01894418808415865,0.29604009959735766,0.0334256058722528,0.4078780899656559,0.03854072193593811,0.4789538353647162,0.06025833609843999
479,0.7349449449449449,7.000979091268702,7.018002689337483,6.814044518513977,6.277713219600161,6.3245652889431945,6.185729069072591,5.382189710080433,5.420591310032103,5.1668613184696826,4.324278512442934,4.3437081936059245,3.9906199461259564,0.3958105502529988,0.0189857338612891,0.29604678204604135,0.033447406483259993,0.4080001571000957,0.03859436866578224,0.47932150933049367,0.06043795178709117
480,0.7354354354354354,7.0055016133993755,7.022540612202369,6.818464594465122,6.28222640769205,6.329083640658472,6.1901321441742025,5.38648863671283,5.424928558331804,5.1708166301456915,4.328012888893704,4.34750754558267,3.9931274708698146,0.3959721212869442,0.01902744224819872,0.29605342762569375,0.033469281651632675,0.4081222124229352,0.03864833014503117,0.4796906934335399,0.06061813762475891
481,0.7359259259259259,7.010016643268637,7.027070844366438,6.822876657224168,6.286731926759732,6.333594525222903,6.1945273922280455,5.390780634023521,5.429258954293472,5.174762779974786,4.33173730881025,4.351296395788125,3.995622038313439,0.39613413586060475,0.019069313047839452,0.29606003948505716,0.033491231416927864,0.40824426489156673,0.03870260569473938,0.48006139352820293,0.060798890387373725
482,0.7364164164164164,7.014524199274844,7.031593389058133,6.827280715724782,6.291229772771002,6.3380979441849545,6.198914819202492,5.395065682650351,5.433582487003832,5.1786997500750065,4.335451740703126,4.355074708922988,3.9981036302278454,0.3962965997410727,0.019111346101087542,0.29606662154375946,0.033513255481666976,0.4083663219819392,0.03875719552902381,0.48043361495056397,0.060980207890810115
483,0.7369069069069069,7.019024300335182,7.036108249753475,6.831676778823334,6.295719943811979,6.342593901208417,6.203294430732974,5.399343761821342,5.437899137654494,5.182627527301345,4.339156148585759,4.358842446400417,4.0005722277192,0.39645951921492295,0.019153541164154204,0.2960731772565029,0.0335353537788565,0.40848839239597035,0.03881209871816991,0.48080736359861326,0.0611620867467709
484,0.7373973973973974,7.023516965335362,7.040615428553424,6.836064855564671,6.300202440232887,6.3470823988086424,6.207666232418367,5.40361485314315,5.442208892940693,5.186546094488985,4.342850497868587,4.362599570217841,4.003027812747055,0.39662290035242925,0.019195898090325708,0.29607970974543973,0.03355752608891644,0.40861048443264747,0.03886731536816646,0.48118264551912776,0.061344524255380325
485,0.7378878878878878,7.028002210248702,7.045114930177047,6.84044495576766,6.304677258906699,6.35156343911958,6.212030229647466,5.407878933909666,5.446511736594617,5.190455434578033,4.346534753693057,4.3663460433480505,4.00547036658463,0.3967867492887384,0.019238416622663165,0.29608622279118146,0.03357977206667995,0.40873260684004176,0.038922845080798164,0.48155946571789093,0.06152751755750488
486,0.7383783783783784,7.032480053224756,7.049606757559114,6.84481708829434,6.309144399977757,6.356037025617159,6.216386427591769,5.412135985308379,5.450807653193539,5.1943555320795065,4.3502088812730575,4.3700818259036796,4.007899870740666,0.39695107221760323,0.019281096591551097,0.2960927194561685,0.03360209161620621,0.40885476808921034,0.03897868763353762,0.4819378304835617,0.061711063619200125
487,0.7388688688688688,7.036950511115542,7.054090912688689,6.849181264048873,6.313603860959928,6.360503160862317,6.2207348312789925,5.416385985554829,5.455096626201852,5.198246372819016,4.353872845749841,4.37380688164579,4.01031630640113,0.3971158751694612,0.01932393772940328,0.2960992033078009,0.03362448417628301,0.40897697651816983,0.039034842335746826,0.48231774523284343,0.06189515942645853
488,0.7393593593593594,7.041413600481081,7.0585673997322935,6.853537492118227,6.318055645019384,6.364961847823403,6.2250754455273825,5.420628917441284,5.4593786396148,5.202127940035945,4.357526608136913,4.377521170805956,4.012719655337906,0.39728116453300877,0.019366939888812378,0.29610567707645086,0.033646949662668055,0.4090992409468431,0.0390913091924883,0.4826992167711209,0.06207980181482407
489,0.7398498498498498,7.045869336232143,7.063036221311954,6.857885783860182,6.322499747660811,6.369413089127625,6.229408274877165,5.4248647577721405,5.463653675929088,5.206000215822911,4.361170134619103,4.381224653063736,4.015109898754554,0.3974469464860311,0.01941010276123647,0.2961121445576282,0.03366948740890457,0.4092215702461877,0.03914808785378841,0.48308225006755845,0.06226498777051768
490,0.7403403403403404,7.050317734683051,7.067497380661278,6.8622261485263465,6.326936170268879,6.3738568879080555,6.233733323849976,5.429093489881041,5.467921717749557,5.209863187069957,4.364803386746719,4.384917290945908,4.017487018127511,0.3976132271947701,0.019453426164514894,0.2961186086119098,0.03369209723798284,0.4093439725535576,0.03920517778028018,0.4834668519659138,0.06245071399731252
491,0.7408308308308308,7.054758810014405,7.071950881081586,6.866558597600758,6.331364912740465,6.378293247432661,6.238050596510222,5.433315091486238,5.472182750607439,5.213716834325203,4.368426329496389,4.3885990444188865,4.0198509945124785,0.3977800129178912,0.01949690988748134,0.296125072386006,0.033714778610553574,0.4094664570516241,0.03926257922014218,0.4838530279381325,0.06263697775570633
492,0.7413213213213213,7.059192576932046,7.076396724946598,6.870883142038175,6.335785976792105,6.382722170163685,6.242360096931801,5.437529543918933,5.476436752363956,5.217561143103687,4.372038925188635,4.392269872859248,4.022201809649862,0.39794730998647654,0.019540553634806928,0.296131538743603,0.033737530994423566,0.4095890329394996,0.03932029133539311,0.48424078395865267,0.0628237753701577
493,0.7418118118118118,7.063619048786851,7.08083491555347,6.875199793137155,6.340199361636535,6.387143658867062,6.246661828768075,5.441736827047872,5.480683710479836,5.2213960975167115,4.3756411337225645,4.395929736223332,4.024539444808688,0.39811512469283933,0.019584357208485524,0.29613801091506414,0.0337603538193516,0.4097117080621716,0.03937831416889692,0.48463012731150507,0.06301110367265467
494,0.7423023023023023,7.068038239723867,7.085265456179833,6.879508561451683,6.344605067806936,6.391557717305643,6.250955795556727,5.445936920309076,5.484923603886933,5.225221681040303,4.379232917942129,4.399578594612626,4.026863881324887,0.39828346336429854,0.01962832033240898,0.2961444918163794,0.03378324673250701,0.40983449197264427,0.03943664722022821,0.4850210634344234,0.06319895927306086
495,0.7427927927927928,7.072450161435155,7.089688349712211,6.883809459019785,6.349003097076957,6.395964347415116,6.255242000643967,5.450129804094014,5.489156414590226,5.229037874611153,4.382814240884221,4.403216406663165,4.029175100489008,0.39845233229351773,0.019672442761026296,0.296150984279303,0.033806208967924425,0.40995739389568076,0.03949529053943943,0.4854135981715153,0.06338733908642842
496,0.7432832832832833,7.076854826906143,7.094103598308998,6.888102497522994,6.353393450463011,6.40036355270455,6.259520446929033,5.4543154611986395,5.493382124908845,5.232844664769032,4.386385060025431,4.406843130320551,4.031473083922024,0.39862173792421746,0.01971672425435398,0.2961574911123645,0.033829239934963895,0.4100804219047964,0.03955424369943866,0.4858077394286318,0.06357623927892816
497,0.7437737737737737,7.081252246634851,7.098511206113786,6.892387688694488,6.357776128474058,6.404755336417715,6.263791137316581,5.458493868936423,5.497600716526019,5.23664203198108,4.389945340084733,4.410458725962999,4.033757812551405,0.39879168645586344,0.01976116455123134,0.29616401516995056,0.03385233901892851,0.4102035857272529,0.039613506713236775,0.48620349204659047,0.06376565694511244
498,0.7442642642642643,7.085642432496319,7.102911174934061,6.896665044400407,6.362151134080672,6.409139700686945,6.268054074326813,5.462665010317426,5.50181216995804,5.240429961572226,4.393495039728353,4.414063152015727,4.036029268028096,0.39896218424639196,0.01980576339538643,0.29617055904705103,0.03387550549997092,0.41032689387114407,0.03967307915550597,0.4866008632793966,0.0639555883600628
499,0.7447547547547547,7.090025394334502,7.107303508784567,6.9009345771316735,6.366518469154809,6.413516648658745,6.27230926022981,5.466828865308582,5.50601646524732,5.244208436181943,4.397034116538169,4.417656364445433,4.038287431854563,0.3991332379337834,0.019850520495570585,0.2961771255030399,0.03389873868836543,0.4104503556940283,0.03973296081155557,0.4869998600175336,0.06414602969539891
500,0.7452452452452453,7.094401142522326,7.111688209647314,6.905196299646621,6.3708781352080655,6.417886183305059,6.276556697093336,5.470985413312792,5.510213583482109,5.2479774367941685,4.400562533429364,4.421238323429646,4.040532284821514,0.3993048537250582,0.019895435591850575,0.2961837172250368,0.03392203774913543,0.41057398061665273,0.03979315173332357,0.4874004877029535,0.06433697794416861
501,0.7457357357357357,7.098769685284856,7.116065281230904,6.909450223759836,6.375230136115884,6.422248306894979,6.280796386660361,5.475134636773055,5.514403506747456,5.251736946886038,4.404080247942497,4.424808984290139,4.042763808406188,0.3994770381072494,0.019940508458640913,0.29619033650912047,0.03394540198590115,0.41069777730787094,0.039853651895268356,0.4878027541045492,0.06452842934562013
502,0.7462262262262263,7.103131031693535,7.120434725018584,6.913696362427965,6.379574472002271,6.42660302290925,6.285028330415447,5.479276516822411,5.518586213892885,5.255486950884358,4.407587217011624,4.428368305457652,4.044981984020757,0.3996497974627925,0.019985738783256282,0.2961969860221518,0.033968830488979564,0.4108217545520047,0.03991446085957664,0.48820666611781716,0.06472038004409579
503,0.7467167167167167,7.107485189548859,7.124796545858385,6.917934728161564,6.383911146794165,6.430950333206154,6.289252529641727,5.483411033127588,5.522761685245492,5.2592274277560875,4.411083400004236,4.43191624329857,4.047186793284635,0.39982313832818106,0.020031126286932845,0.2962036683830317,0.033992322544955364,0.41094592220863474,0.039975578912000626,0.48861222976605906,0.06491282661845833
504,0.7472072072072071,7.111832165559751,7.129150745167583,6.922165334230982,6.388240162102651,6.435290240823708,6.293468985278513,5.487538168484604,5.526929900062715,5.262958362514331,4.414568757145054,4.435452754345712,4.049378216838016,0.3999970669358056,0.020076670698637517,0.2962103858802228,0.0340158771130833,0.41107028874966695,0.04003700568299017,0.4890194522395736,0.06510576538933857
505,0.7476976976976977,7.1161719670125745,7.13349732663145,6.926388193567462,6.392561525030927,6.439622747848825,6.297677698142484,5.49165790289258,5.53109083697046,5.266679734417235,4.418043241953365,4.438977795722437,4.0515562362227,0.40017159005022135,0.02012237174471749,0.29621714052538933,0.03403949341670369,0.4111948646160638,0.040098741382184014,0.4894283401539299,0.06529919257517057
506,0.7481881881881882,7.120504599674974,7.137836292958525,6.93060331942504,6.396875235663325,6.443947856676479,6.301878668492141,5.495770218505842,5.535244478652667,5.2703915275515945,4.42150681335402,4.4424913214811435,4.053720832605257,0.4003467139914543,0.02016822915165811,0.2962239350679646,0.03406317044801901,0.4113196575980192,0.040160785990613596,0.48983890143952424,0.06549310442069609
507,0.7486786786786787,7.124830068656327,7.142167647104528,6.934810724938059,6.401181298814518,6.448265570216084,6.3060718965007245,5.499875095511616,5.539390801114882,5.274093721640954,4.424959428400634,4.445993288639131,4.055871987109665,0.40052244527384445,0.020214242614973045,0.29623077143362686,0.03408690730273453,0.41144467811585106,0.04022313951130385,0.4902511419913864,0.065687497225464
508,0.7491691691691691,7.129148378541637,7.14649139209158,6.939010423419107,6.4054797167633835,6.452575890025287,6.310257382120657,5.503972514841371,5.543529784377511,5.277786298685196,4.428401042439382,4.44948365160755,4.058009681010803,0.4006987904190431,0.02026041182832312,0.2962376521023086,0.03411070293267103,0.4115699349766443,0.04028580192617391,0.4906650693256426,0.06588236704477307
509,0.7496596596596596,7.133459533450731,7.150807530528208,6.943202428124543,6.409770495339129,6.456878818561627,6.314435124850237,5.508062460906636,5.547661407750983,5.2814692390352835,4.431831609180745,4.452962366940814,4.060133895219705,0.40087575594347225,0.020306736571396734,0.2962445788400926,0.03413455638231483,0.41169543740367426,0.040348773657510904,0.49108069109991564,0.06607771022560195
510,0.7501501501501502,7.137763536361978,7.155116065642727,6.947386753343497,6.414053638304123,6.461174357248374,6.31860512399972,5.512144913498718,5.551785648725359,5.285142523801295,4.435251085405712,4.4564293873966125,4.062244611005498,0.40105334843637014,0.020353216492775453,0.2962515539632042,0.03415846647647405,0.41182119496653946,0.0404120545964467,0.4914980142026437,0.0662735227082131
511,0.7506406406406406,7.142060391017504,7.159417000702811,6.9515634117799285,6.418329147592654,6.4654625087641096,6.322767378660765,5.516219854026185,5.5559024866382964,5.288806132845051,4.4386594255433005,4.459884668514468,4.0643418091387,0.40123157441245244,0.020399851318415433,0.2962585797892171,0.03418243233985444,0.4119472167993916,0.04047564507132804,0.49191704585310203,0.06646980078060248
512,0.7511311311311311,7.146350098303809,7.163710338472953,6.9557324175319994,6.422597030902504,6.469743274153321,6.326921887454433,5.520287263365954,5.560011898912125,5.292460046657419,4.442056583725581,4.463328163628374,4.066425471112247,0.40141044045770324,0.020446640740405732,0.29626565782163333,0.03420645276660602,0.4120735128292204,0.04053954517283775,0.49233779326508353,0.06666654032424169
513,0.7516216216216216,7.150632659784599,7.167996081535859,6.959893784435939,6.426857292317478,6.474016655707153,6.33106864889057,5.524347126185106,5.5641138657219695,5.296104245655883,4.445442513353472,4.466759826629273,4.068495577271087,0.401589953096132,0.020493584533174587,0.2962727899565606,0.034230526634724465,0.412200091687644,0.04060375542670247,0.49276026478035395,0.06686373760669449
514,0.7521121121121122,7.154908076785184,7.172274233600763,6.9640475260144,6.4311099343041125,6.478282654144438,6.335207661102518,5.528399422135551,5.568208360300625,5.299738706446898,4.4488171665405245,4.4701796108015435,4.070552108918978,0.40177011909396093,0.02054068229359317,0.29627997868952466,0.03425465283879078,0.41232696377276523,0.040668275977142114,0.4931844665933246,0.06706138848042288
515,0.7526026026026026,7.159176348659976,7.176544798090501,6.968193656015255,6.435354963171367,6.48254127125031,6.339338921958334,5.532444133002025,5.572295364887994,5.303363410493608,4.452180499254675,4.473587469202183,4.072595046636711,0.40195094483868554,0.020587933799156372,0.29628722554967246,0.03427883026147966,0.4124541378391456,0.04073310728229785,0.49361040679375157,0.06725948920533466
516,0.753093093093093,7.163437475408379,7.180807776945919,6.9723321878055815,6.439592384587253,6.4867925079077295,6.3434624290268555,5.5364812421035605,5.576374854696785,5.306978335939865,4.455532459482907,4.476983354153448,4.0746243708709065,0.4021324371501569,0.020635338753964616,0.29629453215656326,0.03430305772522884,0.41258162365033574,0.04079824970804656,0.49403809347684546,0.06745803552857693
517,0.7535835835835836,7.167691455197364,7.18506317470045,6.976463136347309,6.443822201720354,6.491036365524362,6.347578179625335,5.540510729089176,5.580446807188388,5.310583461073306,4.458873002066237,4.480367218159501,4.0766400629233885,0.4023146025940599,0.020682896795548824,0.2963019007929688,0.03432733395244927,0.41270943083253864,0.040863703611496084,0.49446753341051247,0.06765702347632391
518,0.7540740740740741,7.171938286666581,7.189310992848452,6.980586514166707,6.448044420649317,6.4952728444859344,6.351686170687304,5.544532579827712,5.584511200183259,5.314178763460638,4.46220207586149,4.483739013090371,4.0786421028155075,0.40249744779885915,0.020730607709604956,0.2963093327997554,0.03435165779177351,0.41283756838171576,0.040929469783737085,0.49489873535415396,0.0678564491103661
519,0.7545645645645646,7.176177967005347,7.1935512367399514,6.984702335922284,6.452259047435241,6.49950194607244,6.355786399037229,5.548546771753404,5.588568008762801,5.317764219740806,4.465519632961663,4.487098690765608,4.080630471258648,0.4026809796080621,0.02077847112366102,0.29631683006354015,0.03437602808187492,0.4129660471568186,0.04099554855644733,0.49533170575424196,0.06805630827765229
520,0.755055055055055,7.180410493918583,7.197783907572399,6.988810615241263,6.456466086554365,6.503723670146689,6.359878860948938,5.552553290705608,5.59261721271008,5.321339809354318,4.468825621381474,4.490446201823515,4.082605148379656,0.4028652046345134,0.020826486797544785,0.2963243943094449,0.0344004434638236,0.41309487519952515,0.04106194062990013,0.4957664542062329,0.068256596845832
521,0.7555455455455455,7.184635862448187,7.202009009939402,6.992911365766241,6.460665542399373,6.507938017307306,6.363963552728704,5.556552115225015,5.596658784088683,5.324905506548485,4.472119994270546,4.493781498173258,4.084566114933973,0.4030501295205678,0.020874654340011595,0.2963320272718277,0.034424902710319165,0.4132240635765264,0.04112864643387215,0.4962029863613629,0.06845731079382818
522,0.7560360360360361,7.188854069456889,7.206226547315378,6.997004600520419,6.464857421300159,6.512144987562705,6.3680404701434155,5.560543229769537,5.600692702955956,5.3284612882946565,4.475402697440952,4.4971045283941775,4.0865133504275235,0.40323576120057075,0.02092297353825916,0.2963397305800388,0.034449404724827395,0.413353621063262,0.041195667001292145,0.49664131200418105,0.06865844596738674
523,0.7565265265265265,7.193065108953513,7.210436521716014,7.001090334294843,6.469041728803171,6.516344581165119,6.37210960879669,5.564526614065263,5.604718945057503,5.332007130709564,4.478673679630072,4.500415244519441,4.088446835369795,0.40342210631083797,0.020971444048653462,0.29634750559678635,0.03447394795909693,0.4134835577663258,0.04126300291320081,0.4970814384175727,0.06885999820161416
524,0.757017017017017,7.197268976298192,7.21463893808165,7.005168580076804,6.473218469480683,6.520536797475935,6.37617096398403,5.568502251902377,5.608737483445188,5.335543006970014,4.481932889415558,4.503713594543279,4.090366549254174,0.40360917181278844,0.021020065555124777,0.2963553543572619,0.03449853131577319,0.413613883704935,0.04133065507544134,0.4975233734121194,0.06906196339641515
525,0.7575075075075075,7.201465664676235,7.218833799227297,7.009239351286871,6.477387650136403,6.52472163630727,6.380224530686445,5.5724701245146475,5.612748296394933,5.339068894069865,4.485180273492294,4.506999528914586,4.092272472297418,0.40379696438405216,0.02106883778245081,0.29636327799411294,0.03452315346725757,0.4137446083023092,0.04139862426377176,0.4979671255496488,0.06926433729934355
526,0.757997997997998,7.205655168092923,7.223021108963965,7.013302661849903,6.481549275172487,6.528899096340849,6.384270303665654,5.576430213649817,5.616751360152275,5.34258476460861,4.48841577833194,4.510272995925337,4.094164583944604,0.40398549097117176,0.021117760416359693,0.2963712785189267,0.03454781305216074,0.41387574129429183,0.0414669116098944,0.4984127029925901,0.06946711585190632
527,0.7584884884884885,7.209837479209718,7.227200870584235,7.017358524761915,6.485703349548168,6.533069178024078,6.388308277419229,5.580382500718313,5.620746648003516,5.346090591999315,4.491639351726777,4.513533944405344,4.096042863430625,0.40417475839363615,0.02116683314899763,0.2963793572412232,0.03457250884745582,0.4140072930741888,0.04153551799844267,0.49886011330531227,0.06967029491703601
528,0.7589789789789789,7.214012589790478,7.231373087778982,7.021406952586898,6.489849878112118,6.537231879163385,6.392338446103317,5.584326966773575,5.624734137056414,5.349586350241238,4.494850936441723,4.5167823220811725,4.097907290644611,0.40436477356490874,0.021216055669050365,0.29638751578345157,0.03459723953370206,0.4141392730011608,0.04160444441640062,0.49930936543136334,0.06987387004724527
529,0.7594694694694695,7.218180491879603,7.235537763920818,7.025447960147328,6.493988869594105,6.541387198402646,6.39636080359934,5.588263594221215,5.6287137987432345,5.353072012198223,4.49805047829333,4.520018076836653,4.099757843816957,0.4045555435709307,0.021265427658955633,0.29639575544623936,0.034622003638520665,0.4142716918679103,0.041673691718201435,0.49976046729964924,0.07007783703628319
530,0.75995995995996,7.222341177117815,7.239694903321947,7.029481558785137,6.498120323798743,6.545535134628776,6.400375343649515,5.592192364711635,5.632685612214666,5.356547547912854,4.501237922459668,4.523241155361128,4.101594503003898,0.4047470751824067,0.021314948832118163,0.29640407838095323,0.03464680004752055,0.4144045585905132,0.041743261604876035,0.5002134274397181,0.07028219189697704
531,0.7604504504504505,7.226494636026136,7.243844509681745,7.033507762251988,6.50224425105699,6.549675686018875,6.404382059536943,5.596113257469175,5.636649549767722,5.360012928261708,4.504413213238892,4.526451505602053,4.103417246135029,0.40493937553311266,0.02136461888794801,0.2964124854823704,0.03467162740484853,0.41453788466231645,0.041813155133651185,0.5006682534115832,0.0704869304760139
532,0.7609409409409409,7.230640858537686,7.2479865860996275,7.037526582976253,6.506360652287358,6.553808850278531,6.408380944453929,5.600026254658291,5.640605585422046,5.363468125463509,4.507576291594354,4.529649072963353,4.105226052235933,0.4051324516241325,0.021414437475464853,0.29642097872573503,0.034696484281048434,0.41467167926337606,0.0418833733342603,0.5011249543368714,0.07069204819334914
533,0.7614314314314314,7.234779834677603,7.252121137801614,7.0415380337181634,6.510469534286032,6.557934624948314,6.412371991298311,5.603931337595702,5.644553694756593,5.366913108098337,4.510727099214818,4.532833803914906,4.107020899383667,0.40532631065152125,0.0214644043279844,0.2964295596711482,0.03472136946049801,0.4148059527818481,0.04195391787099327,0.5015835387914587,0.07089754102082937
534,0.761921921921922,7.23891155293636,7.256248167795588,7.045542126666725,6.514570900907965,6.562053007950179,6.416355192612433,5.607828487041701,5.648493850104212,5.370347846819054,4.513865578865586,4.536005643684829,4.108801766292954,0.40552095958586376,0.02151451910545216,0.2964382296747823,0.03474628156818881,0.41494071543425665,0.04202478985963715,0.5020440150324216,0.07110340450217191
535,0.7624124124124124,7.243036003681034,7.260367680100862,7.049538874355647,6.5186647575026475,6.5661639963643035,6.42033054076163,5.611717682095994,5.652426025349456,5.37377230780287,4.516991672128955,4.539164537487306,4.110568630434817,0.40571640571739104,0.0215647815014034,0.29644699049192497,0.03477121934470477,0.41507597816967706,0.04209599102257783,0.5025063910064754,0.07130963462961849
536,0.7629029029029029,7.247153174831035,7.264479679560843,7.053528288045884,6.52275110755516,6.570267587465151,6.424298027965783,5.615598903730465,5.656350196811894,5.377186461691471,4.520105318849693,4.542310428444398,4.1123214699111745,0.405912656196202,0.02161519123230688,0.2964558437214093,0.034796181607476745,0.41521175040452396,0.04216752278864625,0.5029706763932318,0.07151622690887191
537,0.7633933933933934,7.251263054013103,7.268584169198293,7.057510380360931,6.526829955472219,6.574363777252138,6.428257645998431,5.619472132430839,5.660266334225408,5.380590273786789,4.5232064584101845,4.545443263001077,4.114060261935807,0.40610971822222947,0.0216657479507819,0.2964647909691584,0.0348211668414071,0.41534804323619884,0.04223938670383203,0.5034368787900079,0.07172317722912477
538,0.7638838838838838,7.255365629447972,7.272681153635507,7.061485162518426,6.530901305694802,6.578452563127696,6.432209386478122,5.62333734624263,5.664174410506331,5.383983711389276,4.526295031384844,4.548562983781269,4.115784984420943,0.40630759909234354,0.02171645132293306,0.29647383376949266,0.034846173939470836,0.4154848675509665,0.04231158426797407,0.5039050064703636,0.07193048113348342
539,0.7643743743743743,7.259460887660014,7.27677063778439,7.065452646145502,6.534965162135111,6.582533940703188,6.436153240853668,5.627194526342814,5.6680744011275515,5.387366738991681,4.529370972483613,4.5516695331584645,4.1174956136988285,0.4065063063165521,0.021767301093045924,0.29648297387276845,0.034871201576153116,0.4156222334577213,0.04238411761733717,0.5043750692387767,0.07213813443158819
540,0.7648648648648648,7.263548817339796,7.280852624983441,7.069412842053184,6.539021527454823,6.586607905757013,6.44008920034442,5.631043651746229,5.671966277430603,5.390739321755201,4.532434222614927,4.554762855222022,4.11919212655056,0.4067058470943787,0.02181829692521556,0.29649221318708247,0.034896248541171696,0.4157601516895964,0.04245698837431191,0.5048470748747181,0.07234613303367106
541,0.7653553553553554,7.267629403546808,7.284927119921866,7.073365761937603,6.543070405815739,6.590674454467456,6.44401725580641,5.634884700173127,5.675850011151274,5.394101425445937,4.5354847160839,4.557842891457685,4.120874499960046,0.4069062289823178,0.021869438469393356,0.29650155319608673,0.03492131349120015,0.41589863324495124,0.04253019811176767,0.505321032418371,0.07255447221254532
542,0.7658458458458458,7.271702633174768,7.2889941269126926,7.077311415852916,6.547111799515745,6.594733582101296,6.447937397997706,5.638717650778839,5.679725573523609,5.397453012661473,4.538522391039776,4.560909583282736,4.122542710385698,0.4071074593784845,0.021920725401579588,0.2965109957727739,0.03494639528134866,0.41603768902975624,0.04260374878036716,0.505796950115833,0.07276314777422825
543,0.7663363363363362,7.275768492833069,7.293053651005363,7.0812498142787605,6.551145710026875,6.598785283748523,6.451849617458483,5.642542482411585,5.683592938003128,5.400794043134197,4.5415471787719,4.563962871991748,4.124196732898132,0.4073095460787236,0.02197215744099747,0.29652054309386733,0.03497149274484457,0.4161773299109378,0.0426776428564065,0.5062748372872943,0.07297215560676343
544,0.7668268268268268,7.279826968083909,7.297105696022524,7.08518096771214,6.555172141298234,6.60282955418028,6.455753904394638,5.646359172120368,5.6874520749247,5.404124482775316,4.544559021538641,4.567002698896665,4.125836544179511,0.4075124962419335,0.022023734220922943,0.29653019674536707,0.03499660461890056,0.4163175668372147,0.04275188172095311,0.506754701611458,0.07318149135806488
545,0.7673173173173173,7.283878044585379,7.301150266414788,7.089104885883529,6.559191095948103,6.606866388822565,6.459650248989082,5.6501676965792385,5.6913029565182605,5.407444289408369,4.547557844417699,4.570029003226226,4.127462118864586,0.40771631803565334,0.02207545545708031,0.29653995840828085,0.03502172980319575,0.4164584116068715,0.04282646794536779,0.5072365529014013,0.07339115049996822
546,0.7678078078078078,7.287921707393404,7.305187367839064,7.0930215788237625,6.563202575479954,6.6108957811924665,6.463538641068292,5.653968032069673,5.695145553016557,5.410753424885736,4.55054358545753,4.573041725429587,4.129073432480208,0.40792101893898514,0.022127320775486445,0.29654983038388216,0.03504686711092097,0.416599875291585,0.04290140332107681,0.5077203990239547,0.07360112880169772
547,0.7682982982982982,7.2919579425079375,7.3092170040624005,7.096931055445638,6.56720657932043,6.6149177251541085,6.467419070326287,5.657760157765993,5.698979835914276,5.414051848450354,4.553516175667461,4.576040804619235,4.13067045999492,0.40812660668007134,0.02217932986419976,0.2965598149442561,0.03507201541106495,0.41674196846973266,0.04297669021796268,0.5082062493630044,0.07381142194908995
548,0.7687887887887888,7.295986734627235,7.313239179721775,7.100833324683148,6.57120310913803,6.618932215733221,6.4712915263157536,5.661544049179484,5.702805774142237,5.41733951803323,4.556475547484627,4.579026178688524,4.13225317560978,0.4083330891498519,0.022231482395598325,0.2965699138298108,0.03509717367511899,0.4168847032832909,0.04305233088370531,0.5086941122919746,0.07402202559477768
549,0.7692792792792793,7.300008068796327,7.3172539006234025,7.104728396059718,6.57519216815475,6.622939244964214,6.475155998259956,5.66531968011261,5.7066233376592965,5.420616390454041,4.559421633419611,4.581997785446733,4.133821553101261,0.40854047434996693,0.022283778015676804,0.29658012934158345,0.03512234077717399,0.4170280918778364,0.04312832760488651,0.5091839959878576,0.07423293552233388
550,0.7697697697697697,7.304021929985789,7.3212611704772455,7.108616277451807,6.579173753374558,6.626938807712559,6.479012475353694,5.669087025417925,5.710432496324399,5.423882423326286,4.562354357143699,4.584955563135019,4.135375567517454,0.4087487703514696,0.022336216349043144,0.29659046372238,0.03514751571594294,0.4171721456520426,0.04320468266804038,0.5096759099131286,0.07444414684832669
551,0.7702602602602602,7.308028302086379,7.32526099444282,7.112496977136002,6.583147866241375,6.630930895649688,6.482860946511825,5.6728460628240605,5.714233220244226,5.427137571668772,4.5652736508622755,4.587899449142243,4.13691519110649,0.4089579850531567,0.02238879712655063,0.29660091918661774,0.03517269738861434,0.41731687606782186,0.04328139877890448,0.5101698629001422,0.07465565574953248
552,0.7707507507507507,7.312027170965815,7.329253377819746,7.116370502964545,6.587114506391629,6.634915502455907,6.486701400583257,5.6765967634153425,5.718025477762434,5.430381790442482,4.568179446330295,4.590829378667582,4.138440398080636,0.4091681265812024,0.022441519943241187,0.29661149817415405,0.035197884954070294,0.4174622958321499,0.04335847825964143,0.5106658626536539,0.07486745771975199
553,0.7712412412412413,7.316018521033295,7.3332383252075415,7.120236862644291,6.591073671260705,6.638892620393875,6.490533826130358,5.680339102079224,5.721809236055505,5.433615034044627,4.571071666178041,4.593745287984524,4.139951160604607,0.4093792033137337,0.022494384435432634,0.2966222033566468,0.035223077369018335,0.4176084167866831,0.04343592352358958,0.5111639186402214,0.07507954815287508
554,0.7717317317317317,7.3200023366119735,7.337215841789982,7.124096063691186,6.59502536274769,6.642862241303761,6.494358211587233,5.68407305163632,5.725584466939662,5.436837256071834,4.573950237485991,4.596647113186086,4.1414474514818895,0.40959122346003957,0.022547390300964875,0.2966330368837834,0.03524827370525134,0.4177552510829665,0.04351373739995055,0.5116640398723928,0.07529192281746905
555,0.7722222222222221,7.323978602173301,7.341185932734265,7.127948112315742,6.598969572030837,6.64682435732832,6.498174545326743,5.687798584343607,5.729351135334722,5.440048407261114,4.576815089221134,4.599534787481216,4.142929242850484,0.409804195248346,0.02260053709738419,0.2966440022524004,0.03527347305549872,0.41790281084940606,0.0435919223936624,0.5121662341095446,0.07550457735817251
556,0.7727127127127127,7.327947302330845,7.345148602306074,7.131793014942543,6.602906303669233,6.650778960527411,6.5019828154597565,5.6915156701712855,5.733109208390577,5.443248439077671,4.579666145819279,4.602408245401685,4.144396506407252,0.4100181272206857,0.022653824501851987,0.2966551009932442,0.03529867465857368,0.4180511100043468,0.04367048116315364,0.512670509736579,0.07571750728487704
557,0.7732032032032032,7.331908422736116,7.349103857030855,7.13563077844324,6.606835552550921,6.654726042285668,6.505783009992565,5.695224283459141,5.736858656119833,5.446437303780656,4.582503328535911,4.605267421423586,4.145849213777593,0.4102330279578823,0.022707252160898837,0.2966663366920869,0.03532387772678812,0.4182001597912999,0.04374941656139616,0.513176876779121,0.07593070812646388
558,0.7736936936936937,7.335861947272404,7.353051700484818,7.139461408035784,6.610757313487531,6.65866559317859,6.509575116765069,5.698924392230701,5.740599441507486,5.449614948419344,4.585326562435531,4.608112247646521,4.1472873365340455,0.41044890595751093,0.02276081961474438,0.29667771216466643,0.035349081342988,0.4183499739874226,0.04382873121440175,0.5136853423771397,0.07614417536084729
559,0.7741841841841841,7.3398078610801685,7.356992139029427,7.143284909782421,6.614671585631127,6.662597604831641,6.513359123606571,5.702615967982765,5.744331533616552,5.452781322892596,4.58813576776463,4.610942656512142,4.148710844499304,0.41066577009811595,0.022814526564139122,0.29668923015533744,0.035374284876929125,0.41850056535346786,0.04390842814291661,0.5141959163670919,0.07635790459402764
560,0.7746746746746747,7.343746149560729,7.360925177636752,7.14710128863228,6.618578362461211,6.666522067999343,6.517135018068928,5.70629897774503,5.748054897853962,5.45593637274104,4.590930867604395,4.613758580549369,4.150119708619856,0.4108836290671274,0.022868372570661093,0.29670089407137773,0.035399487634192706,0.4186519474696244,0.04398851032307475,0.5147086061928811,0.07657189148802952
561,0.7751651651651652,7.347676796952158,7.3648508209165495,7.150910548909714,6.6224776394470535,6.6704389724415485,6.520902787620262,5.709973392505533,5.751769499116824,5.4590800471898016,4.593711782733996,4.616559949702079,4.151513898932708,0.41110249162026025,0.02292235724941256,0.29671270687683815,0.035424688890775206,0.41880413301540576,0.044068980396328436,0.515223421170155,0.07678613132848765
562,0.7756556556556556,7.351599789498722,7.36876907449528,7.154712695909137,6.62636940931086,6.674348308566948,6.524662419659453,5.713639177105996,5.755475301213527,5.462212288304404,4.596478433568606,4.619346695055254,4.1528933844622955,0.41132236687387363,0.022976480148406742,0.2967246724275824,0.03544988798193835,0.41895713644038873,0.04414984153876168,0.5157403685648119,0.07700061988658857
563,0.7761461461461461,7.355515112661093,7.372679943985271,7.158507732977496,6.630253668611053,6.678250066999709,6.528413901417335,5.717296299616662,5.759172270503625,5.4653330444801504,4.5992307368934755,4.6221187456129424,4.154258135461729,0.4115432639006828,0.02303074088607633,0.2967367936198516,0.03547508452441321,0.41911097100334127,0.044231096542441235,0.5162594580446359,0.07721535217283519
564,0.7766366366366366,7.359422751664115,7.376583434621219,7.162295663763213,6.634130411654442,6.682144236919088,6.53215722006821,5.720944726762316,5.762860369133289,5.468442258241347,4.601968610947982,4.62487603296418,4.155608120262098,0.41176519177904136,0.023085139048510183,0.2967490738480327,0.03550027794564524,0.4192656510743593,0.04431274846507653,0.516780697316293,0.07743032389483728
565,0.7771271271271272,7.363322693194025,7.380479550802991,7.166076492204732,6.637999627769028,6.686030807599648,6.535892362614623,5.7245844241422725,5.766539563697161,5.471539870541811,4.604691973493752,4.627618483714666,4.156943306936808,0.4119881597769211,0.023139674216889134,0.29676151737102535,0.035525467599023794,0.4194211900380131,0.044394800818554465,0.5173040951680273,0.07764553071849664
566,0.7776176176176176,7.367214922500746,7.38436829896129,7.169850221275262,6.641861310168029,6.689909768716158,6.539619316051264,5.7282153539735505,5.770209813003984,5.474625826422196,4.607400740583109,4.63034602627319,4.158263664707547,0.4122121772566882,0.023194345850854364,0.2967741277748221,0.0355506531048366,0.41957760292324575,0.04447725586904704,0.517829659183144,0.07786096743576185
567,0.778108108108108,7.3710994273646,7.388249683472424,7.173616853257844,6.645715452913264,6.693781109395584,6.543338067191999,5.731837482614759,5.773871081764994,5.477700063500706,4.610094824383291,4.633058589638294,4.159569160772111,0.41243725376620394,0.02324915360320188,0.29678690859704415,0.03557583415785199,0.4197349043968479,0.04456011751655396,0.5183573980945052,0.07807662984064843
568,0.7785985985985986,7.374976194163522,7.392123710195535,7.177376389940362,6.649562045420941,6.697644818214808,6.547048602826011,5.735450771998859,5.777523333405086,5.480762524870841,4.6127741413499965,4.63575609818498,4.160859762688497,0.41266339876208186,0.023304096994101013,0.2967998640710041,0.03560101043665162,0.4198931084041484,0.04464338854830236,0.5188873205970709,0.07829251303043917
569,0.7790890890890891,7.378845209645522,7.395990384258272,7.18112883401362,6.653401078124177,6.7015008839585075,6.550750909632907,5.739055183237812,5.78116652702994,5.483813147702731,4.6154386075119085,4.638438480011773,4.162135437201216,0.4128906217929208,0.02335917552578106,0.2968129983469736,0.03562618151785552,0.4200522306535248,0.04472707216462475,0.5194194334247296,0.07850861264508552
570,0.7795795795795796,7.38270646209963,7.399849711446262,7.18487418698196,6.657232542071614,6.705349294845325,6.554444974135469,5.7426506788837415,5.784800624925622,5.486851870655671,4.618088130263177,4.641105660365153,4.1633961513554185,0.41311893284709233,0.023414388735301734,0.2968263157373422,0.03565134723874862,0.4202122859533456,0.044811171690821806,0.5199537458151712,0.07872492367648712
571,0.78007007007007,7.38655993894096,7.403701696193887,7.188612449883041,6.661056424549376,6.7091900389758585,6.558130782982402,5.746237218905107,5.788425586066851,5.489878632158986,4.620722621008247,4.643757563313976,4.164641870846311,0.4133483417659821,0.023469736106188407,0.2968398207083552,0.03567650727928773,0.4203732894551203,0.044895690030595375,0.5204902659047582,0.0789414412292295
572,0.7805605605605606,7.3904056288159685,7.407546344114071,7.192343623341422,6.6648727162586585,6.713023105069118,6.561808322529184,5.749814762915633,5.792041371861832,5.4928933657799135,4.623341994437361,4.646394113432627,4.165872562243604,0.41357885836950015,0.023525217180777165,0.29685351747386435,0.03570166162959989,0.42053525725474594,0.044980630984942364,0.5210290007514746,0.07915816098052324
573,0.7810510510510511,7.394243520540079,7.411383661093096,7.196067708039835,6.668681404911767,6.716848480210758,6.565477579185464,5.753383267888936,5.795647941555509,5.49589600944825,4.625946157122928,4.64901523489914,4.167088190994054,0.41381049285807914,0.023580831403928488,0.29686741098147185,0.03572681015401357,0.42069820485063664,0.04506599737050583,0.5215699587446098,0.07937507776003341
574,0.7815415415415415,7.39807360294019,7.4152136508899655,7.199784704267543,6.672482478607819,6.7206661521444175,6.5691385392916155,5.756942693975763,5.799245250372819,5.498886496027564,4.628535016163306,4.651620850989528,4.168288721833349,0.41404325547005555,0.023636578256527405,0.2968815056743052,0.035751952671313814,0.4208621487378585,0.04515179254120134,0.5221131475754018,0.07959218673816446
575,0.782032032032032,7.401895865841681,7.419036320342147,7.203494611151691,6.6762759218445025,6.724476108383149,6.572791189055265,5.760492995789436,5.802833261130347,5.501864760511997,4.631108480649955,4.6542108830919835,4.169474120056046,0.4142771564235338,0.023692457205457606,0.2968958069914141,0.03577708934349358,0.42102710423170714,0.04523801985468346,0.5226585754447559,0.07980948303411468
576,0.7825225225225225,7.405710299552109,7.422851673805082,7.207197428954198,6.680061724156813,6.728278336410847,6.576435514662331,5.764034130735103,5.806411928277934,5.504830735292117,4.6336664611929645,4.656785252973101,4.170644350208391,0.4145122060397427,0.023748467699853597,0.2969103195247549,0.035802220133895606,0.42119308855329823,0.045324682546874884,0.5232062492033229,0.080026961867172
577,0.7830130130130131,7.409516893774642,7.426659716241042,7.210893156442947,6.683839869752081,6.732072822773339,6.580071502347518,5.7675660521806735,5.8099812093709335,5.50778435219659,4.636208853057862,4.659343882918043,4.171799376329174,0.4147484151726778,0.02380460915287419,0.29692504855034807,0.035827345052655855,0.4213601182399774,0.0454117838588917,0.5237561777052747,0.08024461773852212
578,0.7835035035035035,7.413315640568214,7.430460453728777,7.214581792004814,6.687610347044867,6.735859555123173,6.5836991381670655,5.771088714311312,5.813541061032177,5.510725542705192,4.638735571539234,4.661886692295698,4.172939161928683,0.4149857941714024,0.023860881040288457,0.29693999904827906,0.03585246450466252,0.4215282106397206,0.04549932716154434,0.5243083673367682,0.08046244618257407
579,0.7839939939939939,7.417106531429452,7.434253890326406,7.218263335012843,6.691373134999345,6.739638519758023,6.587318408119618,5.774602071837974,5.817091438569735,5.5136542369113775,4.64124651123276,4.664413601057266,4.174063670595657,0.4152243540601133,0.02391728271032208,0.29695517734003685,0.0358775783801384,0.421697381842851,0.04558731574909578,0.5248628270698729,0.08068044162943357
580,0.7844844844844845,7.420889558334081,7.438040031511492,7.221937782956861,6.695128222789362,6.743409703763325,6.590929298264476,5.7781060736250405,5.820632297392532,5.5165703645243065,4.643741583053667,4.666924528444835,4.175172865350917,0.4154641054592077,0.023973813595016404,0.2969705881485059,0.03590268712821508,0.42186765042792435,0.0456757528459307,0.5254195628116207,0.08089859934206635
581,0.784974974974975,7.424664713861726,7.441818881961582,7.225605133305238,6.69887559166854,6.747173092859376,6.59453179449332,5.7816006723965225,5.824163589573961,5.519473854031602,4.646220681731306,4.669419393273707,4.176266708975062,0.4157050595847958,0.024030473035661727,0.2969862375335336,0.03592779098266893,0.42203903370600143,0.04576464161092271,0.5259785828077836,0.08111691370315739
582,0.7854654654654654,7.428431991680817,7.445590446900511,7.229265383754012,6.702615225473235,6.750928674107782,6.598125882796764,5.785085818212617,5.827685270997661,5.5223646324570295,4.64868371185093,4.671898112851114,4.177345163838358,0.41594722745199897,0.024087260441506435,0.29700213124224445,0.03595289035867711,0.4222115496164809,0.04585398565330012,0.5265398941091108,0.08133537981947989
583,0.7859559559559559,7.432191384764621,7.449354731333709,7.232918532233727,6.70634710587328,6.754676433364817,6.601711548976278,5.788561458698606,5.831197293135573,5.525242629575559,4.651130574409041,4.674360604456941,4.17840819197695,0.41619062022573944,0.02414417510396388,0.2970182754389652,0.03597798550013659,0.4223852161761247,0.04594378768176654,0.5271035037453331,0.08155399216521193
584,0.7864464464464465,7.435942888093358,7.45311174028527,7.236564575291165,6.710071215826943,6.758416356714731,6.605288778921778,5.792027542884293,5.834699608680915,5.528107769118445,4.653561163255376,4.676806784470215,4.179455755146203,0.4164352495332252,0.02420121638652622,0.29703467614861456,0.03600307695470345,0.42256005212881664,0.046034051381145906,0.5276694194570474,0.08177274531670115
585,0.7869369369369369,7.439686497242703,7.456861477730399,7.240203509161944,6.713787537133927,6.762148430509405,6.608857558427443,5.795484018211521,5.838192169160316,5.530959977442411,4.655975379501739,4.679236569626912,4.180487815055221,0.41668112662716245,0.024258383619706676,0.2970513394282591,0.03602816527238546,0.4227360760942902,0.04612477992790599,0.5282376478698952,0.08199163401313174
586,0.7874274274274273,7.44342220718245,7.4606039487151055,7.243835329989361,6.717496047573924,6.765872639998911,6.612417873183474,5.798930829048503,5.841674925170343,5.533799180290708,4.658373117499477,4.681649874911718,4.181504332618234,0.41692826317180964,0.02431567605498636,0.29706827214541726,0.03605325093252962,0.4229133066041712,0.04621597625517292,0.5288081962883867,0.08221065250522691
587,0.7879179179179179,7.447150013773749,7.464339158097684,7.247460034754639,6.721196731720341,6.769588971281717,6.6159697089980485,5.8023679196904325,5.845147826846214,5.536625301517004,4.660754277129807,4.684046613683239,4.182505268579281,0.4171766708836563,0.02437309299971479,0.2970854802673842,0.036078334500675976,0.42309176366437623,0.04630764362219862,0.5293810711256349,0.08242979539554893
588,0.7884084084084084,7.450869914730965,7.468067109701073,7.251077618751431,6.724889565662488,6.773297409909052,6.619513051518187,5.80579523680508,5.848610822795167,5.539438264069786,4.66311874983318,4.686426701514814,4.183490583645846,0.4174263615812024,0.02443063370984308,0.29710297096630106,0.036103416614922675,0.4232714659588412,0.04639978528137259,0.5299562796925857,0.08264905702039227
589,0.7888988988988989,7.454581907349392,7.471787808968339,7.25468807753867,6.72857453318734,6.776997941528302,6.623047886448629,5.809212721971796,5.852063864426391,5.542237992215057,4.665466431771939,4.68879005131149,4.184460238169541,0.41767734720059035,0.024488297483711886,0.2971207504899566,0.03612849809772014,0.4234524334484015,0.046492404381773246,0.5305338289141422,0.0828684317447043
590,0.7893893893893893,7.45828598903287,7.475501259731465,7.258291405996784,6.73225161096982,6.780690551704282,6.626574199377443,5.812620315977448,5.855506894016559,5.545024407361471,4.6677972128032446,4.691136574939507,4.1854141918268315,0.4179296400107073,0.0245460834666905,0.29713882582881823,0.03615357963635253,0.42363468688590694,0.04658550359109954,0.5311137250256636,0.08308791336712426
591,0.7898798798798798,7.461982159530483,7.479207466075291,7.261887599887799,6.735920775905592,6.784375225171231,6.630091975892958,5.816017962314596,5.8589398641326875,5.547797431298749,4.670110985923344,4.693466185036971,4.186352404181914,0.41818325206411067,0.02460399093842006,0.2971572045653385,0.03617866190757719,0.4238182449994289,0.0466790864489499,0.5316959756491252,0.08330749644645143
592,0.7903703703703704,7.465670417903819,7.482906432391365,7.2654766536933355,6.739582007082715,6.788051948447886,6.63360120160143,5.819405597843295,5.862362719907742,5.550556986805733,4.672407646827878,4.695778794042897,4.18727483483258,0.418438195478313,0.024662019070830397,0.29717589346317624,0.03620374586701546,0.424003128988501,0.046773155550152434,0.5322805861465323,0.0835271750946531
593,0.7908608608608608,7.469350764171087,7.486598163380458,7.269058561712311,6.743235283792926,6.791720705563267,6.637101861975237,5.822783162383238,5.865775404510085,5.553302989934204,4.674687078361675,4.698074310387879,4.188181442989118,0.4186944832148309,0.024720167022740134,0.29719489979311037,0.03622883243118182,0.4241893605321338,0.04686771425678673,0.532867563546814,0.0837469429529004
594,0.7913513513513513,7.473023198938078,7.490282662257409,7.272633319155935,6.746880580838306,6.795381481883384,6.640593942487055,5.8261505938947185,5.869177864459416,5.556035366674065,4.676949175989207,4.700352646260956,4.189072187344029,0.4189521273358804,0.024778433943557786,0.2972142312842908,0.036253922339887196,0.42437695919831486,0.04696276481497327,0.5334569142375573,0.08396679408768856
595,0.7918418418418418,7.476687724547186,7.493959933174404,7.2762009199669,6.750517876147055,6.799034262986927,6.644077428567253,5.829507829122101,5.872570043674283,5.5587540335431385,4.679193820473853,4.702613709961536,4.189947026846049,0.419211141001073,0.02483681897370913,0.2972338953921076,0.036279016709129516,0.4245659469560512,0.047058310488603504,0.5340486453367341,0.08418672196846175
596,0.7923323323323324,7.480344341599352,7.497629979237505,7.279761358223729,6.754147146408855,6.802679033561225,6.647552305638861,5.832854804180628,5.875951886525576,5.561458907856246,4.681420906566744,4.704857411201273,4.190805919303016,0.419471536595674,0.02489532128319265,0.29725389949746567,0.03630411640229371,0.42475634537517026,0.047154354387643635,0.5346427619878873,0.08440672106292728
597,0.7928228228228228,7.4839930538133945,7.501292805110068,7.283314627069001,6.757768367807936,6.806315778791891,6.65101855911506,5.836191454326438,5.879323333181136,5.564149912130475,4.683630318823354,4.707083657654252,4.191648822903474,0.4197333271798143,0.024953939935638086,0.29727425152504267,0.036329222687386684,0.42494817600275164,0.04725089858529158,0.5352392710706696,0.08462678448245557
598,0.7933133133133132,7.487633864322711,7.504948414556701,7.286860721276028,6.761381515636311,6.809944483787413,6.654476174224531,5.8395177114976775,5.882684326901894,5.566826960377222,4.6858219368140315,4.709292356839988,4.192475696221339,0.4199965261361532,0.025012673985177373,0.2972949595877681,0.03635433653709228,0.425141461482723,0.04734794633647457,0.5358381788891114,0.0848469056603471
599,0.7938038038038038,7.491266777144556,7.508596810157037,7.29039963426277,6.764986565462306,6.8135651331021085,6.657925136286955,5.842833509943695,5.886034808027902,5.569489973927001,4.687995652094962,4.711483415979683,4.1932864960492795,0.4202611462453513,0.02507152251932733,0.2973160315858239,0.036379459018393644,0.42533622346067035,0.04744549980268349,0.5364394912844532,0.08506707833935236
600,0.7942942942942943,7.4948917963766934,7.512237994963476,7.293931358865356,6.7685834922359,6.817177711615281,6.661365430468666,5.846138781985081,5.889374717367328,5.572138868955626,4.690151345094688,4.713656741778865,4.194081180488785,0.4205272008249511,0.025130484588255373,0.2973374754799257,0.03640459132412243,0.42553248447518044,0.04754356177276208,0.5370432146363374,0.08528729576828359
601,0.7947847847847848,7.49850892847356,7.515871973376639,7.297455888685734,6.772172270351822,6.820782204391723,6.664797042027776,5.8494334591171295,5.892703995364661,5.574773562630195,4.692288899653223,4.715812238336526,4.19485970660072,0.4207947033957295,0.025189559221553862,0.2973592999182339,0.03642973476410283,0.4257302670532172,0.04764213483256148,0.5376493553299083,0.08550755124697443
602,0.7952752752752752,7.502118178354448,7.519498747289709,7.300973216756055,6.775752875020592,6.824378596286006,6.668219955914034,5.852717468747522,5.89602257839596,5.577393970280708,4.694408195328953,4.7179498129679915,4.195622031242281,0.42106366748222807,0.02524874539322418,0.29738151283817255,0.03645489048922782,0.4259295952114244,0.047741221296017045,0.538257918487355,0.085727837913228
603,0.7957657657657657,7.505719552859937,7.523118320466111,7.304483336756414,6.779325281068734,6.827966871571399,6.67163415726017,5.855990742046116,5.8993304043486665,5.58000000971296,4.696509116735268,4.720069368876868,4.196368111413776,0.4213341066311026,0.02530804208929393,0.29740412293309787,0.036480059744748806,0.42613049173136064,0.04784082342509551,0.5388689101954298,0.08594814890970022
604,0.7962562562562563,7.509313059422745,7.526730695023151,7.3079862408267475,6.78288946140998,6.831547015996924,6.6750396309963875,5.859253205547877,5.902627411047596,5.5825915960342325,4.698591539686793,4.722170809617958,4.19709790284868,0.4216060347960473,0.02536744830025626,0.29742713861341236,0.03650524394965792,0.42633298037268275,0.04794094364659765,0.5394823368765016,0.08616847712108681
605,0.7967467467467467,7.512898705495117,7.530335875099281,7.311481922723577,6.786445390764144,6.8351190133643565,6.6784363620665355,5.86250478896024,5.905913535929164,5.585168646108266,4.700655347280951,4.724254039766358,4.197811363198809,0.42187946557810163,0.025426962969186152,0.29745056883742177,0.036530444379389244,0.4265370842192782,0.048041584224969014,0.5400982041305461,0.08638881563936597
606,0.7972372372372372,7.516476499796299,7.53393386145611,7.314970374519579,6.789993043480152,6.838682849203537,6.6818243352464615,5.865745416977442,5.9091887122838305,5.58773107574531,4.70270041364474,4.726318960586482,4.198508448228335,0.4221544131939459,0.025486585009060116,0.29747442184208733,0.036555662457015616,0.42674282800561714,0.04814274706012904,0.5407165181302428,0.08660915681167981
607,0.7977277277277277,7.520046450657539,7.537524657476326,7.318451589805184,6.793532392123336,6.842238507937869,6.685203535283051,5.868975014706324,5.9124528761748865,5.59027880080208,4.704726620692384,4.728365475066498,4.199189113552596,0.42243089152752167,0.025546313334044245,0.2974987068299278,0.03658089948474154,0.42695023557573736,0.04824443421652955,0.5413372841608279,0.08682949371330569
608,0.7982182182182183,7.52360856834646,7.541108264600305,7.321925560501258,6.7970634094216695,6.845785973415394,6.688573946837372,5.872193507887701,5.915705960925712,5.592811734684901,4.706733842134488,4.730393483966895,4.1998533153848285,0.4227089148758054,0.02560614682689099,0.2975234328330789,0.036606156909912,0.4271593313611006,0.04834664787504823,0.5419605082714718,0.08704981880537292
609,0.7987087087087087,7.527162862469379,7.544684686206675,7.325392279999127,6.800586071796503,6.8493252320669,6.691935554400622,5.875400820121932,5.918947899544637,5.595329792533543,4.708721951761946,4.732402888493587,4.200501009098905,0.422988497767564,0.025666084392550387,0.29754860839743286,0.036631436325539564,0.4273701407816691,0.04844939002939015,0.5425861964522218,0.08727012449945971
610,0.7991991991991991,7.53070934336089,7.548253923156213,7.3288517407734854,6.804100348587788,6.852856267520121,6.6952883425227165,5.878596874130157,5.922178624946722,5.597832892704905,4.710690830255443,4.734393588682566,4.201132150809119,0.42326965415873186,0.025726124833516578,0.2975742430995403,0.03665673901001288,0.42758268751003925,0.04855266198063613,0.5432143540828466,0.0874904031873373
611,0.7996896896896897,7.534248023025922,7.551815977584733,7.332303935733538,6.807606216540881,6.8563790644492215,6.6986322954175295,5.881781592554749,5.92539806784295,5.600320945454877,4.71264034662156,4.73636548461331,4.201746694352025,0.4235523990238713,0.025786267045180347,0.29760034583035744,0.036682066575815186,0.4277969978969051,0.04865646607074498,0.5438449870533401,0.08771064736922396
612,0.8001801801801802,7.537778912633453,7.555370851656108,7.335748857011272,6.811103647384316,6.859893608212725,6.701967397448384,5.88495489486974,5.9286061598863995,5.6027938689877494,4.7145703773780046,4.738318473767786,4.202344596350862,0.4238367467908933,0.02584650979328492,0.29762692585692635,0.03670742062765616,0.42801309685904165,0.0487608034730732,0.544478100967329,0.08793084884929911
613,0.8006706706706707,7.541302023918193,7.558918546077497,7.339186497784942,6.814592613805643,6.863399882925673,6.70529363262089,5.888116703891906,5.931802831261458,5.605251577874693,4.716480793553762,4.740252456255203,4.202925810255012,0.42412271217273206,0.02590685192947769,0.29765399256173375,0.03673280254349569,0.42823100947490866,0.048865675867509395,0.5451137020474949,0.08815099999076392
614,0.8011611611611611,7.544817370639516,7.562459062439908,7.342616850163195,6.818073088718007,6.866897873856343,6.708610984934818,5.891266940432713,5.934988009442284,5.607693986665956,4.718371465335797,4.7421673283793195,4.203490291968019,0.42441031014588265,0.025967292200516044,0.29768155539471425,0.03675821406650245,0.42845076170740093,0.04897108467321195,0.5457517961483602,0.08837109238619821
615,0.8016516516516516,7.548324964347809,7.565992401844591,7.346039908486365,6.821545048586342,6.870387565577079,6.711919438171087,5.894405520185287,5.938161624791911,5.610121008567791,4.720242265865049,4.744062987667416,4.204037995385058,0.42469955566225714,0.026027829394964667,0.2977096233564435,0.036783656556686126,0.4286723804184693,0.049077031479120944,0.5463923882931212,0.0885911182254447
616,0.8021421421421422,7.551824819367731,7.569518565572644,7.349455663655116,6.825008461630929,6.873868942323221,6.715218976104625,5.897532364419149,5.941323605009557,5.612532559403013,4.7220930685601505,4.745939332218789,4.204568875434104,0.424990463366563,0.02608846226123449,0.29773820662039624,0.03680913178154201,0.4288958904264504,0.049183517484897736,0.5470354840328799,0.0888110694897593
617,0.8026326326326326,7.555316949660952,7.573037554514761,7.352864110015754,6.828463306842729,6.877341989120316,6.718509582172844,5.900647389200695,5.944473876827892,5.614928556167087,4.723923735869655,4.747796256071325,4.205082884872765,0.42528304900231173,0.026149189558316382,0.2977673141250401,0.03683464130507613,0.42912131889782323,0.04929054358637957,0.5476810906855684,0.08903093726093363
618,0.8031231231231231,7.558801369305502,7.57654936991077,7.356265239692409,6.831909553061294,6.880806690978239,6.721791239757422,5.903750512789315,5.94761236577092,5.617308912355556,4.725734142455623,4.749633655355526,4.205579978807153,0.42557732740184884,0.026210009973331828,0.2977969560344416,0.03686018681318905,0.4293486918833325,0.04939811102373105,0.5483292127939443,0.08925071345596627
619,0.8036136136136136,7.562278092353396,7.580054011152388,7.35965904584895,6.835347175633614,6.884263032353633,6.725063932051342,5.906841650996912,5.950738999233692,5.6196735414889725,4.727524151680852,4.751451424652824,4.206060110623723,0.42587331408540907,0.026270922255584372,0.29782714155723417,0.03688576983249373,0.4295780363481935,0.04950622112671503,0.5489798569298713,0.08947038947110672
620,0.8041041041041042,7.56574713482114,7.583551479006869,7.363045521182871,6.838776148751374,6.887710997904271,6.728327642068354,5.909920720292087,5.953853700801177,5.622022361881117,4.729293635617566,4.753249457706246,4.206523233539398,0.4261710243234104,0.026331925096958055,0.29785788048213235,0.03691139214503325,0.42980937885615234,0.04961487433252695,0.5496330287876994,0.08968995669515277
621,0.8045945945945946,7.569208511240236,7.587041774452188,7.36642465983583,6.842196446202536,6.891150572678661,6.731582352567252,5.91298763619298,5.956956393888642,5.624355287923033,4.731042458087341,4.755027647778107,4.206969301627028,0.42647047380479897,0.026393017145768013,0.29788918266123277,0.036937055328703415,0.43004274666220066,0.04972407155463581,0.5502887344718295,0.08990940616265837
622,0.805085085085085,7.572662236931112,7.590524896941681,7.369796454994243,6.845608040870764,6.894581740731441,6.734828046149199,5.916042310343598,5.960047004756891,5.626672233828614,4.732770483356616,4.756785888875815,4.207398266707109,0.426771678178917,0.026454197099822597,0.29792105799944824,0.03696276094944578,0.4302781668982729,0.04983381370818509,0.5509469800659109,0.09012872930855804
623,0.8055755755755756,7.5761083283093456,7.5940008458181865,7.373160899391738,6.849010907516185,6.89800448734459,6.7380647052256775,5.919084663422551,5.963125454262004,5.628973117715772,4.73447758186004,4.758524072450642,4.207810082150838,0.4270746528271107,0.026515463666877008,0.2979535160568245,0.03698851079496173,0.430515666027522,0.04994410132212593,0.5516077719968486,0.09034791731751192
624,0.8060660660660661,7.579546801004864,7.59746962212506,7.376517986859928,6.852405024601912,6.901418796438273,6.741292311861621,5.9221146018019395,5.966191664943575,5.631257853561535,4.736163614134074,4.7602420900481865,4.208204700802271,0.4273794139383707,0.026576815438140434,0.2979865663960458,0.037014306603552205,0.4307552732286727,0.05005493486971797,0.552271115760293,0.09056696085182535
625,0.8065565565565566,7.582977670898354,7.6009312242852385,7.379867710748647,6.855790360544386,6.904824653466903,6.74451084801956,5.925132043253578,5.969245559184074,5.633526357560839,4.7378284473739205,4.761939832929319,4.208582074178614,0.427685977039082,0.02663825110527509,0.29802021941413265,0.0370401499270922,0.43099701448471905,0.05016631505062977,0.5529370180698486,0.09078585128368587
626,0.807047047047047,7.586400954792531,7.60438565199959,7.383210065564084,6.859166894531217,6.908222042611393,6.747720295349307,5.9281368987129275,5.972287056850981,5.6357785493478,4.739471940458152,4.763617190812408,4.208942154827117,0.42799435840338845,0.026699769258584707,0.2980544846643245,0.03706604244888803,0.431240917964186,0.050278241661579376,0.5536054860613892,0.09100457873193475
627,0.8075375375375375,7.5898166692012925,7.607832905292524,7.386545044479913,6.86253459998559,6.911610948388668,6.750920635288293,5.931129081891048,5.97531607748676,5.638014343015734,4.741093959850343,4.765274053333671,4.209284894204969,0.4283045739336441,0.026761368541562358,0.298089372328574,0.03709198595133786,0.43148701146636503,0.05039071529301192,0.5542765254950862,0.09122313437234747
628,0.8080280280280281,7.593224830210928,7.611272981991809,7.389872642294396,6.8658934542806245,6.914991355249967,6.754111848896634,5.9341085041565655,5.978332543836619,5.6402336553267505,4.742694367229508,4.766910310882512,4.2096102441202365,0.4286166396483092,0.02682304761211292,0.29812489193643793,0.03711798194355677,0.4317353227873379,0.05050373638667043,0.5549501431748087,0.09144150900630729
629,0.8085185185185184,7.596625454414151,7.614705882270601,7.393192852817205,6.869243432261677,6.918363247552118,6.757293916963759,5.937075076923192,5.981336372009589,5.642436403988558,4.744273023965645,4.768525850864637,4.209918154543518,0.42893057190941225,0.0268848050618898,0.2981610537059864,0.037144032206726095,0.4319858801216706,0.05061730471247089,0.5556263458298266,0.09165969310822425
630,0.809009009009009,7.600018558930321,7.61813160379581,7.396505670064655,6.872584508140184,6.92172661020531,6.760466820077912,5.940028709484406,5.984327481007223,5.644622506204407,4.745829790373405,4.770120560350044,4.210208577366949,0.4292463869709884,0.02694663945586304,0.29819786763941414,0.03717013839007984,0.4322387115843701,0.05073142025099491,0.5563051401513867,0.09187767694968017
631,0.8094994994994995,7.603404160299289,7.621550145843088,7.399811089066895,6.875916660795566,6.925081427023169,6.7636305384286075,5.942969315547566,5.987305790559953,5.646791881974349,4.747364525424587,4.771694326621316,4.2104814623637985,0.42956410124790295,0.027008549467291646,0.2982353435753867,0.03719630214612577,0.4324938446003686,0.050846082935789634,0.5569865344504651,0.09209545097737477
632,0.80998998998999,7.606782274941919,7.624961505828969,7.403109104534394,6.87923986929697,6.928427682550577,6.7667850519393005,5.945896803082405,5.990271216241829,5.648944447672804,4.748877093916086,4.773247037598374,4.210736759686585,0.4298837309632972,0.027070533686719057,0.29827349092512095,0.03722252509939417,0.43275130864657546,0.050961292595637954,0.5576705340904354,0.09231300590815011
633,0.8104804804804804,7.610152919456338,7.628365683510277,7.406399711116338,6.8825541078718935,6.931765361036354,6.769930340137768,5.948811084523591,5.993223675437245,5.651080121698733,4.75036735031146,4.774778576583987,4.210974418522735,0.43020529293793486,0.027132590722757456,0.2983123202564551,0.0372488089741047,0.4330111311973393,0.05107704911297904,0.5583571479402087,0.0925303317491629
634,0.8109709709709709,7.6135161100695,7.631762675526185,7.4096829041004675,6.885859354027387,6.935094445850472,6.773066382217499,5.951712068227512,5.9961630854341985,5.653198823848774,4.751835157084714,4.776288830234356,4.2111943879911635,0.43052880344835875,0.027194719174664903,0.29835184142546467,0.03727515521803525,0.43327334042816396,0.051193351988130416,0.5590463828315128,0.09274741900385138
635,0.8114614614614615,7.61687186374225,7.63515248090091,7.412958678193068,6.889155587174727,6.938414921575483,6.776193157016639,5.954599665808242,5.999089360367819,5.655300472182771,4.753280367757423,4.777777680963663,4.211396617085686,0.43085427952337496,0.027256917652577612,0.2983920642557997,0.03730156567983624,0.43353796515056925,0.05131020096317576,0.5597382472880243,0.09296425748778409
636,0.8119519519519519,7.6202201961792255,7.638535096748305,7.416227029661044,6.892442783740364,6.941726772268343,6.779310642987224,5.957473784469818,6.002002416105561,5.657384986289134,4.75470284543353,4.779245013212148,4.21158105385408,0.4311817376192098,0.02731918473672936,0.2984329989027071,0.03732804177048451,0.43380503377834956,0.051427595444712634,0.5604327481235262,0.09318083768704578
637,0.8124424424424423,7.623561123174392,7.641910521250124,7.419487953282545,6.89572092495082,6.945029980678935,6.7824188181190275,5.96033433484225,6.004902167934831,5.659452287990986,4.7561024441762285,4.780690710601978,4.211747645614899,0.43151119460784915,0.02738151907905609,0.29847465503469384,0.03735458519859251,0.4340745744285464,0.05154553470692153,0.5611298944200748,0.09339714952829758
638,0.8129329329329329,7.626894660427086,7.645278751079246,7.422741444338465,6.898989988996873,6.948324531701496,6.7855176601915606,5.963181225845533,6.007788531204148,5.661502294724753,4.757479020547765,4.7821146539760475,4.211896339669843,0.4318426673978018,0.027443919323352352,0.2985170423203988,0.03738119759382321,0.4343466159324627,0.051664018577719364,0.5618296944289902,0.09361318319309027
639,0.8134234234234234,7.630220823828395,7.648639783953545,7.425987500063877,6.902249954513266,6.951610408135186,6.788607146267008,5.966014366175295,6.010661417786897,5.663534928642098,4.75883243118756,4.783516724860403,4.212027082384584,0.43217617299479577,0.027506384028662702,0.2985601712332592,0.03740788037042019,0.4346211866314922,0.051783045930684744,0.5625321565740705,0.09382892855020507
640,0.8139139139139139,7.633539628122902,7.651993616791723,7.429226115175373,6.905500802810824,6.95488759296014,6.791687253271898,5.9688336654390515,6.013520743519277,5.665550110376959,4.760162534557644,4.784896802656426,4.212139819969036,0.43251172822136563,0.027568911888167576,0.2986040512064975,0.03743463519859614,0.43489831477501945,0.051902616247382585,0.5632372898313618,0.09404437578328873
641,0.8144044044044043,7.63685108811978,7.65534024704589,7.432457286875523,6.9087425135300276,6.958156070017509,6.794757957451771,5.971639031435189,6.016366418632506,5.667547760343096,4.76146918075753,4.786254767505096,4.212234497696323,0.43284935049466694,0.027631501481415053,0.2986486923355324,0.037461463563847275,0.43517802950185985,0.052022728549438756,0.5639451033108777,0.09425951449445284
642,0.8148948948948949,7.640155218142759,7.658679670807825,7.435681010637679,6.911975067174646,6.961415821293805,6.797819234744383,5.974430374544292,6.019198358729047,5.6695277993346656,4.762752228879837,4.787590499130907,4.2123110595790605,0.43318905661940993,0.02769415154263144,0.2986941043863179,0.03748836696968525,0.4354603585563136,0.05214338231439823,0.5646556062699636,0.0944743352430034
643,0.8153853853853854,7.643452032312076,7.66201188551579,7.438897283514252,6.915198447729559,6.964666830388533,6.8008710604070854,5.977207603110142,6.022016474905267,5.671490151787137,4.764011530956407,4.788903873579094,4.212369450414681,0.43353086405677055,0.02775686070285934,0.2987402968799173,0.03751534702257421,0.43574533074167654,0.05226457622595287,0.5653688089870827,0.09468882733501967
644,0.8158758758758758,7.646741544062956,7.665336886781487,7.442106102220368,6.918412631030419,6.9679090797758185,6.803913409459986,5.979970624248231,6.024820678650773,5.673434736673444,4.765246941166008,4.790194770117272,4.212409612857425,0.43387478995756135,0.0278196276020406,0.2987872803019612,0.0375424050140045,0.43603297439593114,0.05238630950832644,0.5660847203620015,0.09490298108382633
645,0.8163663663663663,7.650023766382923,7.668654671664588,7.445307463769902,6.921617603453961,6.971142551066544,6.80694625619905,5.982719345429662,6.027610881670842,5.675361478653022,4.766458313622451,4.791463062831394,4.2124314889823875,0.434220851821047,0.027882450942956785,0.29883506402995097,0.03756954246988859,0.43632331824733483,0.052508580809772214,0.5668033510437593,0.09511678615489791
646,0.8168568568568568,7.653298712238917,7.671965235838133,7.4485013646199025,6.924813346572246,6.974367226861644,6.809969574542149,5.985453679917632,6.0303869959086525,5.677270299569755,4.767645501160542,4.792708626336829,4.2124350203550325,0.434569067008653,0.027945329501722026,0.2988836577640222,0.03759676088944512,0.4366163899518478,0.052631389468010145,0.5675247123290241,0.09533023264243633
647,0.8173473473473474,7.656566392726876,7.675268575672301,7.4516878025689,6.9279998427038,6.977583088876791,6.812983337755475,5.9881735328478936,6.033148932798678,5.67916112027999,4.768808357799207,4.793931337297076,4.21242014809544,0.43491945289592615,0.028008261966689738,0.29893307134300845,0.03762406157344258,0.4369122184441691,0.05275473448894781,0.5682488137178534,0.095543310738387
648,0.8178378378378378,7.659826819440405,7.6785646872575954,7.454866774191633,6.931177074551208,6.980790118405882,6.815987518595726,5.9908788131242945,6.035896601142402,5.6810338649999155,4.76994672725431,4.795131067351504,4.2123868117958665,0.4352720274737431,0.028071247055314563,0.29898331453935656,0.03765144599762548,0.43721083192906995,0.05287861443589904,0.5689756678010268,0.09575600966267744
649,0.8183283283283282,7.6630800044934055,7.68185356569459,7.458038277079663,6.934345024439249,6.983988296775636,6.81898208924001,5.99356943080918,6.038629914240279,5.682888458719074,4.7710604735641065,4.796307690194534,4.212334950110501,0.43562680771916407,0.02813428358868094,0.2990343973385721,0.03767891551730301,0.43751225754651946,0.05300302821184679,0.5697052849966154,0.09596832026965493
650,0.8188188188188188,7.666325956184012,7.6851352073151835,7.461202308929508,6.93750367783441,6.987177605316637,6.821967021274792,5.996245293610357,6.041348780586778,5.684724822579912,4.772149440045783,4.797461074603692,4.212264500588065,0.43598381185935703,0.028197370346475754,0.29908632899735466,0.037706471465181086,0.43781652439986696,0.053127974791391884,0.5704376780006797,0.09618023204130476
651,0.8193093093093093,7.669564684651699,7.68840960692491,7.464358867228722,6.94065301725264,6.9903580239217575,6.824942285746187,5.998906310615894,6.044053109684776,5.6865428811453445,4.773213479122572,4.798591093388007,4.212175400780329,0.4363430573999608,0.028260506109048546,0.29913911950123834,0.03773411509483719,0.43812366003801473,0.053253452777003336,0.5711728584479446,0.09639173511603155
652,0.8197997997997998,7.672796199170458,7.691676760249801,7.467507949139458,6.943793028743648,6.993529533286933,6.827907852951568,6.001552391599005,6.046742810874201,5.688342557783133,4.774252441628442,4.799697613890032,4.212067585434994,0.4367045623247617,0.02832368976432447,0.29919277827718666,0.037761847888189044,0.4384336926267134,0.05337946106856755,0.5719108393030676,0.09660281964856239
653,0.8202902902902902,7.676020506738216,7.694936661839132,7.470649553331992,6.946923694985128,6.99669211294455,6.830863692764831,6.004183444752152,6.049417794780765,5.690123776092256,4.775266176739944,4.800780505292327,4.211940989560105,0.43706834444298653,0.02838692015374314,0.2992473151885345,0.03778967085352605,0.4387466496230482,0.05350599847995389,0.5726516334573564,0.09681347580366048
654,0.8207807807807808,7.6792376153505835,7.698189307179826,7.473783676940175,6.950045002075979,6.99984574288437,6.833809774211284,6.00679937812507,6.052077971603283,5.6918864607231505,4.776254532504135,4.801839633787744,4.2117955464552885,0.43743442187116494,0.028450196190470282,0.29930273971772803,0.03781758545520962,0.4390625588529875,0.05363306375078469,0.5733952547155049,0.09702369361832767
655,0.8212712712712713,7.682447530753221,7.701434690942618,7.476910318675937,6.9531569326039,7.002990401679128,6.836746065714339,6.009400102814567,6.0547232480991795,5.69363053285795,4.777217359969547,4.802874865751303,4.211631188045633,0.43780281255849274,0.028513516776084342,0.29935906193236134,0.03784559269790313,0.4393814479011046,0.053760655888990344,0.5741417160611415,0.09723346370202195
656,0.8217617617617617,7.685650259523221,7.704672808445662,7.480029475693248,6.95625947491126,7.006126068457109,6.839672535008337,6.011985526615592,6.0573535331098585,5.695355920501845,4.778154508770079,4.803886064623414,4.211447845307849,0.4381735346810344,0.028576880868276117,0.2994162910748322,0.037873694053658175,0.4397033443542849,0.05388877312491139,0.5748910320562359,0.09744277602594435
657,0.8222522522522522,7.688845805128388,7.707903653213711,7.48314114630644,6.959352612886181,7.009252721047935,6.842589149286408,6.014555559801244,6.059968737345999,5.697062544140505,4.779065820886812,4.804873094904791,4.2112454478076335,0.4385466065547199,0.028640287486727478,0.2994744367569486,0.03790189045982917,0.4400282753474534,0.054017414871903174,0.5756432179621797,0.09765162108867885
658,0.8227427427427427,7.692034172104654,7.711127220122948,7.48624532839659,6.9624363295989475,7.012370337729578,6.845495874896698,6.017110113079634,6.062568767520736,5.698750330724588,4.779951149872086,4.805835817745145,4.211023923212046,0.43892204624760006,0.02870373563296319,0.29953350905387777,0.037930183131914236,0.44035626741955014,0.05414657944648427,0.5763982885453891,0.09785998946546579
659,0.8232332332332333,7.695215363407913,7.714343504075337,7.489342020217282,6.965510614654872,7.015478896016076,6.848392677458866,6.019649094296172,6.065153531370879,5.700419201222903,4.780810339749816,4.806774094953788,4.210783198569283,0.4392998723746663,0.028767224366390315,0.2995935171397187,0.03795857329629038,0.4406873489716938,0.05427626597226402,0.5771562588135772,0.09806787172000857
660,0.8237237237237237,7.6983893813508555,7.717552498466309,7.492431219985491,6.968575450168978,7.018578371654437,6.851279521953364,6.022172412519151,6.067722939838644,5.70206907995629,4.781643236688003,4.807687785343022,4.210523199136148,0.4396801033149003,0.02883075276454457,0.2996544713047338,0.037987061857599,0.44102154584601816,0.05440647330763617,0.5779171452835764,0.09827525852020012
661,0.8242142142142141,7.701556226019245,7.720754196992955,7.495512925090917,6.9716308248717125,7.021668741944936,6.854156372509385,6.0246799814506655,6.070276899476237,5.703699890873563,4.782449689690587,4.808576746835972,4.210243848036303,0.44006275744362466,0.028894320044902888,0.2997163803814073,0.038015650010089316,0.4413588849625274,0.05453720044994134,0.5786809644806382,0.09848214089984648
662,0.8247047047047047,7.704715898281655,7.723948594735954,7.498587134035178,6.97467672206303,7.024749981937991,6.857023192577526,6.02717170635909,6.072815317295057,5.7053115567530135,4.783229537693657,4.809440836117448,4.209945068444448,0.44044785377872064,0.028957925244449914,0.299779254886889,0.03804433877042682,0.4416993933550259,0.054668446009034255,0.5794477332354783,0.09868850910205543
663,0.8251951951951952,7.707868397182433,7.727135684236435,7.501653844653373,6.977713127432189,7.027822068227082,6.859879944769167,6.029647500268181,6.075338103022903,5.706903999946303,4.78398263332592,4.810279908498468,4.209626779950879,0.44083541063963516,0.02902156768232369,0.2998431041623413,0.03807312917584959,0.44204309705091227,0.05480020941280781,0.5802174685685597,0.09889435492252337
664,0.8256856856856857,7.711013720987592,7.730315459358892,7.504713054923391,6.980740027703952,7.0308849737855885,6.862726591085755,6.032107273508361,6.077845163877985,5.708477142991319,4.78470881837137,4.811093818167399,4.209288900856402,0.44122544697780347,0.0290852466072972,0.29990793811095245,0.03810202214964869,0.44239002234137115,0.0549324896140725,0.5809901886932308,0.09909966943476538
665,0.8261761761761761,7.714151865829372,7.733487914147545,7.507764762112584,6.983757408024862,7.033938674138047,6.865563092466987,6.034550933858861,6.0803364047894695,5.710030909243763,4.785407933933149,4.811882416182164,4.2089313492020946,0.4416179818626863,0.02914896124296089,0.299973766263031,0.03813101881311475,0.44274019608703513,0.05506528527986535,0.5817659118298765,0.09930444328640681
666,0.8266666666666667,7.717282828992152,7.736653041066852,7.510808964145382,6.986765252563487,7.036983141607341,6.868389409183523,6.036978394357937,6.082811737165287,5.711565220323944,4.786079824272215,4.812645553806667,4.208554039371871,0.4420130341714592,0.029212711007405478,0.3000405988840177,0.03816012000869895,0.4430936429986258,0.055198595983816774,0.582544657689345,0.09950866836809558
667,0.8271571571571572,7.72040660451406,7.73981083369757,7.51384565916188,6.989763546651092,7.040018349771067,6.871205500749147,6.039389564771645,6.0852710637880545,5.713079996477974,4.786724333889011,4.813383080174252,4.208156884872841,0.442410623034535,0.02927649522737915,0.3001084457218456,0.038189326622665574,0.4434503899485282,0.055332420728522486,0.5833264444619001,0.099712336202691
668,0.8276476476476476,7.723523186387423,7.742961285238634,7.516874843690564,6.9927522767077255,7.043044270785857,6.874011325718217,6.041784355212319,6.087714297547377,5.714575160288786,4.787341302102121,4.814094842915941,4.20773979740509,0.44281076765867905,0.02934031341456584,0.3001773164162181,0.03821863971991181,0.4438104617705937,0.055466759028301844,0.5841112934185871,0.09991543844506652
669,0.8281381381381381,7.726632567987492,7.746104387617096,7.519896515556236,6.995731424356295,7.046060875903539,6.876806841909561,6.0441626756405205,6.09014134140344,5.716050629387832,4.7879305726648145,4.8147806858926705,4.207302686146313,0.44321348743002936,0.02940416497049696,0.3002472214529638,0.038248060012594745,0.44417388454295553,0.05560161019379709,0.5848992239231933,0.10011796701867129
670,0.8286286286286286,7.729734740375348,7.74924013416696,7.522910671624585,6.998700976750579,7.049068135751546,6.879592006186815,6.046524436978041,6.092552103861414,5.717506325606978,4.788491987003099,4.81544045464137,4.2068454587036985,0.44361880165236717,0.029468049466312752,0.3003181704757259,0.038277588449247335,0.44454068336581093,0.05573697356276713,0.5856902572110833,0.10031991400721842
671,0.8291191191191192,7.7328296949353765,7.7523685175449515,7.525917309446137,7.001660912831051,7.052066020459893,6.88236677461535,6.048869550094495,6.09494649035582,5.718942168015587,4.78902538101073,4.816073990817103,4.2063680205110225,0.444026730094625,0.029531966407265596,0.30039017455261197,0.0383072257520514,0.4449108828147789,0.05587284850442064,0.5864844153430994,0.1005212712781342
672,0.8296096096096096,7.735917420619638,7.755489529842797,7.52891642473921,7.004611222460929,7.055054500268081,6.885131102254461,6.051197926211666,6.097324409419293,5.720358072148895,4.789530595298573,4.816681134947482,4.205870275161596,0.4444372923863824,0.029595915530555354,0.3004632426011484,0.038336972994818974,0.44528450892905086,0.056009235315371046,0.5872817201147252,0.10072203155864994
673,0.8301001001001,7.7389979050946405,7.758603163333766,7.5319080147134585,7.007551883202956,7.058033542700849,6.887884943567064,6.0535094731881065,6.099685767998213,5.721753958584477,4.790007472654214,4.817261725273524,4.205352123138116,0.44485050808655857,0.02965989643783402,0.30053738585494616,0.03836683067849358,0.44566158547436213,0.05614613307662942,0.5880821938010997,0.10092218742188454
674,0.8305905905905906,7.742071137675316,7.7617094100063495,7.534892075253355,7.010482879335878,7.061003116480127,6.890628251778468,6.055804104255331,6.102030471237077,5.723129742714526,4.790455847277029,4.817815596917544,4.204813464570286,0.445266397399507,0.02972390885939452,0.3006126145867937,0.03839679982862094,0.4460421374165343,0.056283541897923776,0.5888858601895173,0.1011217312679192
675,0.831081081081081,7.74513710313988,7.764808262396707,7.537868602905129,7.013404190331477,7.063963187448977,6.8933609793849895,6.058081726698527,6.1043584253600045,5.724485340998499,4.790875555203656,4.818342586365441,4.2042541950754275,0.4456849803752233,0.02978795253117733,0.300688939805976,0.038426880996178865,0.4464261890532426,0.05642146137055933,0.5896927427071117,0.10132065607300643
676,0.8315715715715715,7.748195785904402,7.767899711694677,7.540837592393801,7.016315800092986,7.066913723326945,6.896083077936126,6.060342252615933,6.106669538270804,5.725820666414112,4.79126643480862,4.818842525058101,4.203674210502926,0.44610627705192335,0.029852027352148557,0.30076637123470346,0.0384570751169331,0.44681376502237696,0.05655989211781371,0.5905028655752051,0.10151895508485664
677,0.832062062062062,7.751247171605033,7.77098374920966,7.5437990399861805,7.019217687144914,7.069854689004774,6.898794498171112,6.062585590657905,6.108963713934129,5.7271356346681825,4.791628320534018,4.819315244195582,4.203073401589968,0.4465303079331086,0.02991613315085594,0.3008449203177754,0.03848738281257659,0.44720488933067376,0.05669883375942936,0.5913162536850215,0.1017166214914795
678,0.8325525525525526,7.75429124190879,7.774060367007464,7.54675294075,7.022109830463584,7.072786048797888,6.901495189670481,6.0648116524165046,6.111240861440439,5.72843015630442,4.791961047017017,4.819760570591465,4.202451659732277,0.446957093423502,0.02998026988049436,0.30092459804693633,0.038517804766687876,0.44759958537879535,0.05683828720282785,0.5921329328596765,0.10191364884084468
679,0.833043043043043,7.75732797890296,7.777129556055458,7.549699288606104,7.024992209600946,7.075707766436883,6.904185101224373,6.067020345120099,6.113500884031431,5.7297041442511105,4.792264448419175,4.820178331964222,4.201808871423706,0.44738665414455164,0.0300444375042349,0.3010054152654786,0.03854834179111214,0.44799787758485304,0.056978252365397795,0.5929529284365562,0.10211003078453292
680,0.8335335335335334,7.760357362861927,7.780191307222842,7.552638078858335,7.027864802572935,7.078619805023573,6.906864180649454,6.069211579968517,6.115743687503263,5.730957510506756,4.7925383598573275,4.820568351019094,4.201144922221709,0.44781901078523056,0.030108636056409007,0.30108738319456035,0.03857899445180346,0.4483997891025225,0.057118729704983016,0.593776267286178,0.10230576113917843
681,0.834024024024024,7.763379374193189,7.783245611697639,7.555569305611537,7.030727584983126,7.081522126358372,6.90953237480385,6.071385263885007,6.117969178024829,5.73219016279043,4.792782607993183,4.820930449946123,4.200459694615248,0.44825418457573285,0.0301728655955483,0.3011705136235759,0.038609763443176126,0.44880534359374463,0.05725972001115084,0.5946029768372073,0.10250083381265651
682,0.8345145145145145,7.766393990839904,7.786292460071453,7.558492961726106,7.033580531776018,7.084414691618607,6.91218962962578,6.073541305599871,6.12017726145901,5.733402006882049,4.7929970254699485,4.821264448619196,4.199753068716597,0.4486921964777784,0.030237126283997037,0.3012548180374589,0.03864064947065501,0.4492145644651027,0.05740122441510028,0.5954330842683322,0.10269524341110674
683,0.835005005005005,7.769401190014117,7.789331843267481,7.561409040776902,7.036423619065173,7.087297460459148,6.914835890003118,6.075679614275427,6.122367839506154,5.734592953604399,4.793181444061185,4.82157016343568,4.199024922515818,0.44913306770836375,0.030301418255697033,0.30134030816994783,0.0386716531611967,0.4496274747299849,0.057543243078630464,0.5962666178846184,0.10288898400547777
684,0.8354954954954954,7.772400947928081,7.792363750984585,7.564317535562158,7.039256820678118,7.090170392766942,6.9174710999473605,6.077800096884213,6.124540820523532,5.735762903999028,4.79333569085334,4.821847409478903,4.198275130602977,0.4495768197969593,0.030365741822219166,0.3014269957445879,0.038702775147773254,0.4500440977468634,0.057685777894419546,0.5971036065827919,0.1030820507129883
685,0.835985985985986,7.775393240666148,7.795388173929522,7.567218439215882,7.042080108407561,7.093033445739373,6.920095202425235,6.079902659217595,6.12669610745787,5.736911764986468,4.793459593904599,4.822095998762403,4.197503566406786,0.45002347439419077,0.030430097171847584,0.3015148934960946,0.03873401597370259,0.4504644561422197,0.05782882940057775,0.597944079628248,0.10327443796434606
686,0.8364764764764765,7.778378042327095,7.7984051014101565,7.57011174217106,7.04489345325862,7.09588657743225,6.922708139498764,6.08198721028396,6.128833603679144,5.738039434786944,4.793552980554667,4.8223157409717725,4.196710099466122,0.45047305324881226,0.030494484707556342,0.30160401339893295,0.03876537642248824,0.4508885731543357,0.05797239956642955,0.5987880665579934,0.10346614126651087
687,0.8369669669669669,7.781355324994156,7.801414523904411,7.572997437269631,7.047696824200538,7.098729743873386,6.925309852146782,6.084053655292808,6.130953212987454,5.739145818620649,4.793615673884423,4.8225064439869545,4.195894597404106,0.4509255783969774,0.030558904756598743,0.3016943683990171,0.03879685690128622,0.4513164707507087,0.05811648920851573,0.5996355985899627,0.10365715541209215
688,0.8374574574574574,7.784325062708971,7.804416430221693,7.575875514792022,7.050490191215425,7.101562899953876,6.92790028048472,6.086101897638214,6.133054839845976,5.740230812370657,4.793647499820504,4.822667911683044,4.195056925649578,0.4513810720593782,0.03062335774525649,0.30178597125633005,0.038828458134394624,0.4517481722744225,0.05826110034845286,0.6004867059090336,0.10384747606201156
689,0.8379479479479479,7.787287225611049,7.8074108102423185,7.578745965620029,7.053273519986389,7.104386000475545,6.930479363590229,6.088131844340613,6.135138387287565,5.741294315045169,4.793648280724131,4.822799947628005,4.1941969461830135,0.4518395565222261,0.030687844168452223,0.30187883519355146,0.038860180650936806,0.45218369951274195,0.058406234668365295,0.6013414205302132,0.10403709892124065
690,0.8384384384384385,7.790241784776124,7.81039765302783,7.581608779168956,7.056046776463698,7.107198997958015,6.9330470395011075,6.0901433982420246,6.137203756151283,5.7423362194255105,4.793617839285596,4.822902349787081,4.193314518984245,0.45230105446723035,0.030752364506544776,0.3019729736803092,0.03889202510325373,0.4526230756345948,0.05855189424382465,0.6021997736976653,0.10422601986055324
691,0.8389289289289289,7.793188709490983,7.813376947471137,7.584463945176233,7.0588099250516025,7.110001844679032,6.935603245359789,6.092136462270126,6.139250848987304,5.743356423218251,4.793555993809737,4.822974916524926,4.192409500741242,0.45276558868499217,0.03081691932165729,0.30206840033791604,0.038923992038418,0.45306632244735545,0.058698080651530454,0.6030617986822501,0.1044142346733901
692,0.8394194194194193,7.7961279678553606,7.816348682088172,7.587311453205075,7.061562929546476,7.11279449234378,6.938147917204426,6.094110938137228,6.141279568493799,5.744354817029968,4.793462561985362,4.8230174406194175,4.191481747025792,0.45323318229364223,0.030881509207412568,0.30216512886679575,0.03895608198852937,0.453513462609999,0.05884479638356369,0.6039275286320129,0.10460173941612264
693,0.8399099099099099,7.799059529001896,7.81931284504679,7.590151290518557,7.064305748707852,7.115576889801624,6.940680990214872,6.0960667272855495,6.1432898132042935,5.7453312882929035,4.793337368359163,4.823029714428743,4.190531109378714,0.4537038582200839,0.030946134774947905,0.3022631740003617,0.038988295591263454,0.4539645186161946,0.05899204387422678,0.6047969952449918,0.10478853108389388
694,0.8404004004004004,7.801983358848604,7.822269424780303,7.592983446328026,7.067038340644326,7.118348986742849,6.9432023985192135,6.0980037325744645,6.145281486817483,5.74628572886699,4.793180221812861,4.8230115264127935,4.189557437755469,0.45417764009436346,0.03101079672386374,0.30236255045188976,0.03902063324012771,0.454419511240993,0.059139825533570736,0.6056702348746645,0.10497460568424384
695,0.8408908908908909,7.8048994240152805,7.825218409387568,7.595807905410637,7.069760664846582,7.121110731384139,6.945712075263466,6.099921849670179,6.147254488607058,5.747218021933737,4.792990941521055,4.822962662065255,4.188560578501833,0.4546545514867603,0.031075495789670178,0.3024632725013334,0.03905309588802195,0.4548784640422609,0.05928814419681966,0.6065472803981865,0.10515996033035425
696,0.8413813813813813,7.80780768956817,7.828159786471008,7.598624657139365,7.0724726767560355,7.123862069410657,6.948209952591912,6.1018209779660015,6.1492087146192,5.748128055441226,4.792769336368174,4.822882904716989,4.187540376338955,0.4551346165034975,0.031140232618943255,0.302565355894876,0.03908568369067434,0.45534139871782675,0.059437001908910284,0.6074281674930134,0.1053445912473532
697,0.8418718718718718,7.810708120195521,7.831093543811989,7.60143368614659,7.075174331244228,7.12660294740399,6.950695961713139,6.10370101421258,6.151144067762211,5.749015707061541,4.792515222023239,4.8227720351922905,4.186496673814427,0.4556178590237353,0.03120500807744077,0.3026688157517965,0.03911839748120167,0.45580833775410995,0.059586402558689494,0.6083129306551744,0.10552849618029038
698,0.8423623623623624,7.813600680543584,7.834019667532199,7.604234978007077,7.077865577840074,7.129333309506706,6.95317003278554,6.105561854395838,6.153060443168684,5.749880861837689,4.792228409366463,4.822629829373273,4.185429310303942,0.45610430334309954,0.03126982289493995,0.30277366835999475,0.0391512377080181,0.45627930252829385,0.05973634828612227,0.6092016060792785,0.1057116717738693
699,0.8428528528528528,7.816485333513835,7.836938144888515,7.607028518076099,7.0805463665643655,7.132053099237481,6.955632095053291,6.107403394531716,6.154957738668971,5.750723394062932,4.791908700964017,4.822456062917668,4.184338123583267,0.45659397426249754,0.03133467791527521,0.3028799300388074,0.03918420488617258,0.4567543154274035,0.05988684290543287,0.610094230266313,0.10589411534304298
700,0.8433433433433433,7.819362042275384,7.839848963322927,7.609814290708762,7.083216649444506,7.1347622591360595,6.9580820767670915,6.109225524034135,6.156835850162456,5.751543181073384,4.791555908155655,4.822250506925075,4.183222946969922,0.4570868966495795,0.031399574002335305,0.302987617023372,0.03921729974211747,0.457233399638194,0.06003788935438381,0.6109908389576342,0.10607582446969321
701,0.8438338338338338,7.822230768244962,7.842752107563342,7.6125922793539,7.085876369023864,7.137460730082217,6.960519905221111,6.111028137879922,6.158694672997305,5.752340097760598,4.791169837031469,4.822012929107754,4.182083615221084,0.4575830952389012,0.031464511983945266,0.3030967465227755,0.039250522636192484,0.45771657622405826,0.06018949101497844,0.6118914693081511,0.10625679639794645
702,0.8443243243243244,7.825091474073272,7.845647565460138,7.615362466220447,7.088525470671221,7.140148452479869,6.962945506738913,6.112811125099251,6.160534101195124,5.753114015460237,4.790750286507683,4.821743096678603,4.180919957719672,0.4580825956437436,0.031529492762458304,0.30320733599764665,0.039283874458112385,0.4582038680156866,0.060341651383909234,0.6127961587939165,0.10643702865396587
703,0.8448148148148148,7.827944120081893,7.84853532164716,7.61812483544622,7.091163895232913,7.142825365136738,6.965358806644815,6.114574375109355,6.1623540296667825,5.753864802817242,4.790297065712158,4.821440770960615,4.179731802205926,0.4585854231213962,0.03159451725244768,0.3033194034154528,0.03931735544030777,0.4586952970181039,0.060494374337891045,0.6137049442983955,0.1066165194493904
704,0.8453053053053052,7.830788667960073,7.851415361571442,7.620879367742632,7.09379158328152,7.145491405668478,6.967759729363892,6.116317772685886,6.164154350087797,5.754592326811135,4.789809967127174,4.821105712048851,4.178518975588822,0.45909160379129565,0.0316595863163092,0.30343296690572835,0.03935096634295298,0.4591908862753555,0.06064766346421905,0.6146178640314497,0.10679526594339155
705,0.8457957957957958,7.833625076989566,7.854287670087053,7.623626044879718,7.096408472696082,7.148146511066049,6.970148198390783,6.118041206443786,6.165934953998473,5.755296454695872,4.789288792581832,4.820737676911043,4.177281300871801,0.4596011634689508,0.03172470092988886,0.3035480449319558,0.03938470763236939,0.4596906576404781,0.06080152250009745,0.6155349564439093,0.10697326622974325
706,0.8462862862862863,7.836453308519217,7.857152233279136,7.626364846354873,7.099014500193603,7.150790617161241,6.972524136208046,6.119744557618501,6.167695730841629,5.755977046455038,4.788733339294816,4.820336419255556,4.176018601612431,0.46011412852631234,0.03178986196189372,0.3036646565886197,0.039418580223468995,0.4601946349083951,0.06095595557756886,0.6164562586212278,0.10715051812264713
707,0.8467767767767768,7.839273321414462,7.860009033391316,7.629095754091117,7.101609597054838,7.153423658103383,6.974887464435736,6.121427708523359,6.169436571087135,5.756633965119202,4.788143398375509,4.819901688886638,4.174730696621942,0.4606305256168726,0.03185507034224155,0.3037828215611232,0.03945258423134644,0.4607028399728131,0.06111096647066941,0.6173818105313681,0.10732701930176225
708,0.8472672672672672,7.842085074783748,7.862858056384689,7.63181874568848,7.104193694747619,7.156045567372731,6.977238103836976,6.123090539538964,6.171157362771446,5.757267067890128,4.787518767659518,4.819433235017841,4.173417405210403,0.4611503812184577,0.03192032700058091,0.3039025596762198,0.0394867205778259,0.46121529600947925,0.06126655945390714,0.618311649706,0.10750276804065931
709,0.8477577577577577,7.844888527918362,7.865699285749543,7.6345338009003445,7.106766723856252,7.158656277180596,6.9795759740228345,6.124732928838421,6.172857991164154,5.757876211473673,4.786859233280016,4.818930801456077,4.172078544077599,0.4616737226908003,0.03198563282189344,0.3040238912195545,0.03952098978177354,0.46173202650766393,0.061422738528147905,0.6192458157395613,0.10767776179681605
710,0.8482482482482483,7.847683640733837,7.868532703805033,7.6372408976838715,7.109328612028374,7.161255718861623,6.981900993969159,6.126354751870284,6.174538341849284,5.7584612498203525,4.786164584769438,4.818394129881833,4.170713928168592,0.46220057732317993,0.03205098871502415,0.3041468367815665,0.03955539247197576,0.46225305506041997,0.061579507899238974,0.6201843475484733,0.10785199847573225
711,0.8487387387387387,7.8504703715365025,7.871358294841534,7.639940013770678,7.111879280069763,7.163843822426359,6.984213081591555,6.127955881430578,6.1761983012044706,5.759022034552263,4.785434611774615,4.817822960126381,4.1693233706743715,0.4627309724893783,0.03211639555750423,0.3042714183080823,0.03958992922928863,0.46277840453135033,0.06173687191719965,0.621127283948045,0.10802547625454584
712,0.8492292292292292,7.853248678876527,7.874176041055596,7.642631126093336,7.114418654083188,7.166420515766755,6.986512153940557,6.129536192713952,6.177837747305937,5.759558416397481,4.784669096120465,4.8172170283773355,4.167906684218262,0.4632649361026108,0.03218185419874596,0.3043976570265522,0.03962460065335727,0.4633080991028845,0.061894834555984345,0.6220746645116378,0.10819819250661421
713,0.8497197197197197,7.8560185218980205,7.876985925020485,7.64531421083753,7.116946652037026,7.168985728096588,6.988798127307068,6.1310955525063155,6.179456564165693,5.760070241677399,4.783867821564272,4.816576065120266,4.1664636802271025,0.4638024962914629,0.03224736546727855,0.3045255752930088,0.03965940747233568,0.4638421628571941,0.06205340037576474,0.6230265285356089,0.10837014487084388
714,0.8502102102102103,7.858779859396592,7.8797879274813605,7.647989244143712,7.119463192940481,7.17153938556697,6.991070916899774,6.132633826948363,6.181054631066537,5.760557354482285,4.783030571683512,4.815899804596987,4.164994166694233,0.46434368114698504,0.03231293021191004,0.3046551955911991,0.03969435020730097,0.4643806205281082,0.062212573775026724,0.6239829141946068,0.10854133162544347
715,0.8507007007007007,7.861532649877018,7.882582031753335,7.650656200915383,7.121968190677044,7.174081413681827,6.993330437336682,6.134150886028183,6.18263182458444,5.761019600117282,4.7821571240401894,4.81518797185075,4.163497955592702,0.4648885191671681,0.032378549142685904,0.3047865414769609,0.03972942959188738,0.4649234955872491,0.06237235892564409,0.6249438616306005,0.10871174956333851
716,0.8511911911911911,7.864276852734922,7.8853682181628235,7.653315056955143,7.124461560251844,7.176611737430016,6.995576602219543,6.135646588376104,6.184188021527526,5.761456814788839,4.7812472562156385,4.814440292863067,4.161974853250634,0.4654370392883561,0.03244422301647699,0.30491963639190345,0.03976464617923685,0.46547081437469817,0.06253276066050253,0.6259094087363528,0.10888139663054515
717,0.8516816816816817,7.867012426275791,7.888146467475696,7.655965785132994,7.126943212539809,7.179130279697087,6.997809324236695,6.13712079612782,6.185723097414324,5.761868846155804,4.780300740464132,4.813656488039876,4.16042466646958,0.465989270442879,0.03250995255013503,0.30505450429352704,0.03980000070708948,0.46602260021724323,0.06269378228447282,0.6268795968930788,0.10905026926652535
718,0.8521721721721722,7.869739331446297,7.890916759936789,7.658608360135548,7.129413054412208,7.181636963284165,7.000028515527042,6.138573365424377,6.18723692303595,5.762255523056234,4.779317354204085,4.812836277864133,4.15884720245694,0.46654524184933305,0.03257573832515795,0.30519117038058463,0.039835493761907,0.46657888004708925,0.06285542888891985,0.62785446238774,0.10921836524618371
719,0.8526626626626627,7.872457525953067,7.893679075098051,7.661242754596741,7.131870995923017,7.184131709723013,7.002234087127134,6.140004153691906,6.188729369672981,5.762616683188986,4.778296866885172,4.811979378146452,4.157242267406329,0.4671049829171641,0.03264158099612597,0.30532965886792096,0.03987112604286505,0.4671396793742201,0.06301770453923662,0.6288340450236659,0.10938568114286455
720,0.8531531531531531,7.875166970078408,7.8964333945047915,7.663868941043581,7.134316937169182,7.186614439469964,7.004425949496056,6.141413013598649,6.190200305011446,5.762952158573787,4.777239048103031,4.811085504157242,4.15560966739771,0.4676685233067194,0.03270748103588467,0.3054699962970466,0.03990689830648329,0.4677050240591877,0.06318061337546099,0.6298183826464347,0.1095522136899049
721,0.8536436436436436,7.87786762435038,7.899179694645275,7.666486891833125,7.136750784757704,7.189085071700247,7.0066040122413265,6.142799792537882,6.191649597632595,5.7632617822547205,4.776143664617264,4.8101543673672165,4.153949208141121,0.4682358928782089,0.03277343893852555,0.3056122078546727,0.03994281113147031,0.4682749410819778,0.06334415926070955,0.6308075136300532,0.10971795910200577
722,0.8541341341341341,7.880559448991003,7.901917956243454,7.669096579104333,7.139172434255112,7.191543524130289,7.008768184071134,6.144164341162862,6.193077111688114,5.763545381549849,4.775010482033605,4.809185676581489,4.152260695294924,0.46880712172701416,0.032839455083885735,0.30575632120445845,0.03997886515162088,0.4688494564811704,0.06350834649923064,0.6318014759106948,0.10988291375406588
723,0.8546246246246245,7.883242404505302,7.90464815655652,7.671697973703299,7.141581788686295,7.1939897155983665,7.010918373147138,6.14550650297782,6.194482710119273,5.763802782549736,4.77383926404237,4.8081791390789,4.150543935516655,0.46938224011526114,0.032905529844374684,0.30590236219901057,0.04001506120407751,0.46942859884619204,0.06367317924027766,0.6328003063902706,0.11004707355840823
724,0.8551151151151151,7.885916453025604,7.907370273807908,7.674291046863334,7.143978740303386,7.196423561537146,7.013054486714023,6.146826117629999,6.195866250408032,5.764033812713338,4.772629772943389,4.807134458995086,4.148798733738337,0.4699612786028931,0.0329716633774846,0.3060503593077211,0.04005139987450838,0.4700123957317718,0.06383866058395513,0.6338040417262267,0.11021043392920016
725,0.8556056056056056,7.888581556113923,7.9100842848758885,7.67687576844418,7.146363185388134,7.1988449775115875,7.015176431302259,6.148123027326745,6.197227594766431,5.764238293629542,4.771381766609641,4.806051339397218,4.147024899372171,0.4705442676804505,0.033037855914387015,0.3062003400247383,0.04008788194232992,0.47060087498616066,0.06400479502207303,0.634812718928549,0.1103729902225295
726,0.856096096096096,7.891237675731391,7.912790167693934,7.6794521092655925,7.148735014251116,7.20125387759416,7.017284112806914,6.149397065944758,6.198566597665287,5.7644160492372,4.770095006167725,4.804929480580989,4.145222238198981,0.47113123816149555,0.03310410749149479,0.30635233336618023,0.04012450800534346,0.47119406527159985,0.06417158556227621,0.635826373476672,0.11053473749343128
727,0.8565865865865865,7.893884775119972,7.915487898199837,7.682020037987873,7.151094116419671,7.203650176293605,7.019377436296086,6.150648069634945,6.199883112667665,5.7645669002816495,4.768769247637757,4.80376857986762,4.143390559446579,0.47172222094546706,0.03317041812071329,0.3065063681020126,0.04016127892393201,0.4717919953448789,0.06433903574075148,0.6368450412563724,0.11069567023033518
728,0.857077077077077,7.896522817483184,7.918177452471439,7.684579524382228,7.1534403804838,7.20603378578374,7.02145630613478,6.151875866720477,6.201176991700594,5.764690665517821,4.767404242724615,4.802568335939558,4.141529673391361,0.47231724717548085,0.0332367876509008,0.3066624737532207,0.040198195332714466,0.4723946950454594,0.06450714873457367,0.6378687567711029,0.11085578253206134
729,0.8575675675675676,7.89915176700155,7.920858806084883,7.687130537752833,7.155773694908977,7.208404617763506,7.023520626169514,6.153080286113784,6.202448082416099,5.7647871600723635,4.7659997485902315,4.8013284432720535,4.1396393896548975,0.47291634805886823,0.033303215912095244,0.3068206800038189,0.04023525794799069,0.4730021951097843,0.0646759279070084,0.6388975533793627,0.111015068770174
730,0.858058058058058,7.901771588635341,7.923531934869882,7.689673046183989,7.158093939916005,7.210762583441273,7.0255702993465725,6.154261152391215,6.203696230542482,5.764856203957176,4.764555512678835,4.800048593773802,4.137719522792584,0.47351955499449494,0.033369702470897385,0.30698101790569304,0.04027246755722932,0.47361452507840623,0.06484537549778664,0.6399314653047485,0.11117352145851818
731,0.8585485485485485,7.904382247358352,7.92619681292977,7.6922070180224065,7.160401002390081,7.213107592396377,7.027605228012852,6.155418285059601,6.2049212815395265,5.764897609984853,4.763071288427272,4.798728480779588,4.13576988584715,0.4741268993074527,0.03343624694810826,0.30714351765858267,0.04030982489061415,0.4742317169490164,0.06501549446305144,0.6409705241009044,0.11133113417193008
732,0.859039039039039,7.9069837097077365,7.928853414546815,7.69473242191248,7.162694760951836,7.2154395543510335,7.029625313928654,6.156551505216538,6.206123077281523,5.764911192047601,4.761546822249408,4.797367794160578,4.13379029546129,0.4747384125976929,0.03350284877440271,0.3073082110181972,0.04034733061904505,0.47485380159112967,0.06518628734655466,0.6420147621859397,0.1114878992944919
733,0.8595295295295295,7.909575942335744,7.93150171296309,7.697249224428972,7.164975095186184,7.217758377132995,7.031630458104726,6.1576606264056055,6.207301453573862,5.764896763908468,4.759981862548205,4.795966222621257,4.131780568621037,0.4753541264592446,0.03356950723446988,0.30747512954988004,0.04038498555422816,0.4754808116219116,0.06535775579191204,0.6430642098183865,0.11164380875529309
734,0.86002002002002,7.912158913083534,7.934141683243633,7.699757394163816,7.167241881294764,7.220063969044105,7.033620560964862,6.158745462627817,6.208456246951028,5.764854136614219,4.7583761533744795,4.794523455136598,4.129740527269952,0.47597407263804076,0.033636221471247056,0.3076443060531223,0.0404227904606054,0.4761127793738643,0.06552990189186503,0.6441188969085279,0.11179885398433889
735,0.8605105105105104,7.914732589765619,7.93677329707487,7.702256897938598,7.169495000079329,7.22235623616703,7.03559552226239,6.159805821266824,6.209587291736526,5.764783121573187,4.756729441439038,4.793039178851982,4.127669994422859,0.47659828271998306,0.033702990557970505,0.30781577233055274,0.040460746095336085,0.4767497386527972,0.06570272715916232,0.6451788518656614,0.11195302603360852
736,0.861001001001001,7.917296942124972,7.939396527103873,7.704747702882658,7.171734323119512,7.224635084970204,7.037555241165384,6.160841510980105,6.210694419186624,5.764683530747862,4.755041469148765,4.791513080103381,4.125568795813782,0.47722678841533533,0.03376981339827266,0.3079895620115098,0.04049885321698496,0.47739172208000236,0.06587623278396926,0.6462441032662714,0.1121063152574779
737,0.8614914914914915,7.919851940151134,7.942011344778675,7.707229775730208,7.173959725420593,7.226900420469213,7.039499616251545,6.161852335417665,6.211777451826767,5.76455516777988,4.753311979972777,4.789944845950336,4.123436757628065,0.4778596216180304,0.03383668877392211,0.3081657083301215,0.040537112591190506,0.4780387656702885,0.06605042012361699,0.6473146761695953,0.11225871222056417
738,0.861981981981982,7.922397554763148,7.944617722269411,7.709703083340718,7.176171078534869,7.229152147513934,7.0414285454408505,6.162838092658699,6.212836220064628,5.764397848617304,4.751540714178079,4.7883341606917345,4.12127371381265,0.47849681394752464,0.033903615257029986,0.30834424539681665,0.04057552503262734,0.47869090270323905,0.06622528918192519,0.6483905974906137,0.112410205476169
739,0.8624724724724724,7.924933756711958,7.947215629975064,7.712167592448271,7.178368255221563,7.231390169934095,7.043341925990851,6.163798579791564,6.213870543429451,5.764211374351452,4.749727416674715,4.78668071104798,4.119079498753312,0.4791383969877531,0.033970591326602774,0.30852520709199494,0.040614091259568164,0.4793481702585668,0.06640084104852219,0.6494718891890932,0.11256078464743435
740,0.8629629629629629,7.927460519568195,7.949805039393306,7.71462326904884,7.180551125446556,7.233614390943795,7.045239654720131,6.164733593001523,6.214880238250553,5.76399555918682,4.747871821111306,4.784984181794354,4.116853951788377,0.47978440263309463,0.034037615223132686,0.308708628313492,0.04065281222397014,0.4800106035545852,0.06657707471416155,0.6505585757240429,0.11271043686874561
741,0.8634534534534535,7.929977815845197,7.952385919922171,7.7170700794614815,7.182719556282345,7.2358247129499516,7.0471216277306326,6.165642921522787,6.215865123381295,5.763750206497114,4.745973671266354,4.783244256947627,4.1145969142674375,0.48043486231744736,0.034104685119374145,0.3088945441883593,0.04069168859419142,0.4806782393789432,0.0667539904023107,0.6516506776978743,0.11285915036408492
742,0.8639439439439439,7.932485620303814,7.954958241646027,7.719507990030641,7.1848734170491895,7.238021037116605,7.048987740554863,6.166526354270594,6.216825010931183,5.763475126130171,4.744032709158305,4.781460625205232,4.112308230994431,0.48108980734119317,0.034171799004813756,0.30908299020900304,0.04073072120607435,0.4813511146675508,0.06693158692732917,0.6527482147049061,0.11300691238858776
743,0.8644344344344344,7.934983908014431,7.957521973499262,7.721936966661108,7.1870125763198915,7.2402032669260095,7.0508378881852565,6.167383675266541,6.217759710419267,5.763170120461316,4.742048668706612,4.7796329706609955,4.109987753553733,0.4817492694377553,0.03423895467831722,0.30927400153330886,0.040769911055400426,0.48202926867071555,0.06710986373365774,0.653851205031588,0.11315370902067731
744,0.8649249249249249,7.937472654257194,7.960077084090465,7.724356975278327,7.189136901324443,7.242371300195155,7.052671965089959,6.168214667077776,6.218669027336755,5.762835003267518,4.740021292493986,4.7777609833657335,4.107635335486778,0.4824132794217384,0.03430614973937858,0.30946761439577575,0.040809258782901064,0.4827127386914096,0.06728881813048194,0.6549596654214725,0.113299525907678
745,0.8654154154154154,7.9399518364567365,7.962623541673308,7.72676798229183,7.191246257215802,7.244525038366551,7.054489864912428,6.1690191089033135,6.219552766416252,5.762469576800382,4.737950319733964,4.775844350236851,4.10525083689155,0.48308186844121204,0.034373381637445286,0.30966386525526834,0.0408487653016398,0.48340156440325877,0.06746844887565265,0.6560736103444266,0.11344434836587172
746,0.8659059059059059,7.942421430758755,7.965161314273091,7.729169952948226,7.193340510152051,7.246664381050163,7.056291480949386,6.1697967776447715,6.220410727756259,5.762073651521028,4.735835487364399,4.773882760129608,4.102834119751884,0.483755067425551,0.03444064769281897,0.30986279035407144,0.040888431513215986,0.48409578512490176,0.06764875309155631,0.6571930542312293,0.11358816062191276
747,0.8663963963963963,7.9448814171242415,7.967690369749364,7.731562852921207,7.195419524740216,7.248789226613505,7.058076705902047,6.170547441744861,6.221242708959382,5.761647035105014,4.73367653616706,4.77187590639925,4.1003850533272965,0.48443290695267643,0.03450794490568243,0.31006442701523257,0.04092825838018043,0.48479544167348776,0.06782972756908881,0.6583180072623718,0.11373094644030658
748,0.8668868868868869,7.94733177276203,7.970210674554592,7.733946648006786,7.19748316379783,7.2508994736967916,7.0598454318168224,6.171270877085768,6.22204850474361,5.7611895291828805,4.731473207873807,4.769823480121043,4.097903509250166,0.4851154173700285,0.034575270306350214,0.3102688122917661,0.040968246652244696,0.4855005747675183,0.06801137011106341,0.6594484792516375,0.1138726898804588
749,0.8673773773773774,7.949772479552509,7.9727221950183385,7.736321304216525,7.199531296130528,7.252995020068282,7.0615975501899735,6.171966849352996,6.222827905755946,5.76070094970717,4.729225242106022,4.76772517652026,4.0953893667223005,0.4858026288799543,0.03464262056632889,0.3104759832653788,0.04100839739015987,0.48621122577862486,0.06819367578260356,0.6605844786296359,0.11401337265813469
750,0.8678678678678678,7.952203517252733,7.975224897474496,7.738686786765808,7.2015637828209185,7.255075762720281,7.0633329518591434,6.172635123061202,6.223580697951051,5.760181103978157,4.726932382608097,4.7655806934016685,4.092842510895332,0.48649457108627636,0.03470999213732692,0.31068597792146013,0.04104871147880527,0.48692743685406875,0.06837664027488331,0.6617260098940357,0.11415297668635965
751,0.8683583583583583,7.9546248670579915,7.977718747379627,7.74104306059183,7.203580490210788,7.257141598428512,7.065051527198418,6.173275458163319,6.22430666898029,5.759629800845353,4.724594373585015,4.763389729944379,4.090262828848018,0.4871912735270467,0.03477738145061244,0.31089883362344345,0.04108918998093839,0.48764925099447304,0.0685602590318382,0.6628730768074148,0.11429148365291625
752,0.8688488488488488,7.957036511015458,7.980203710060671,7.743390092566706,7.205581280809915,7.259192423651467,7.066753165880426,6.173887614524484,6.225005599509748,5.7590468493554114,4.72221095662136,4.761151988065691,4.087650215874366,0.48789276552313676,0.03484478460729158,0.31111458882163795,0.04112983372151133,0.4883767114936455,0.06874452688515219,0.6640256809306241,0.1144288740352536
753,0.8693393393393394,7.959438431675379,7.982679750393559,7.745727847220576,7.2075660191859825,7.261228134085394,7.068437756862548,6.174471351957127,6.2256772664073665,5.758432063686174,4.719781876858734,4.758867175395739,4.0850045713718535,0.4885990757050399,0.03491219760588093,0.31133328155083156,0.04117064384118433,0.48910986154406816,0.06892943770550787,0.6651838220738772,0.11456512787983075
754,0.8698298298298298,7.961830613092334,7.985146832334311,7.748056289949084,7.209534571679128,7.263248625506223,7.070105188813854,6.175026420891713,6.226321447667119,5.757785252900103,4.717306891296672,4.7565349972906015,4.082325804224731,0.4893102321541992,0.03497961616165711,0.31155494982932364,0.041211621456308495,0.4898487465003058,0.06911498565516201,0.6663474953509327,0.11470022483732877
755,0.8703203203203203,7.964213038566369,7.987604920820518,7.750375386313582,7.211486801104762,7.265253791661927,7.071755349424054,6.175552573002534,6.22693791491995,5.7571062314612975,4.714785742135399,4.754155168724935,4.079613824316728,0.4900262630520544,0.03504703585386308,0.31177963267787845,0.04125276756657375,0.49059341073042745,0.06930116366172777,0.6675166965217331,0.11483414365332106
756,0.8708108108108108,7.966585692944031,7.990053978353728,7.752685101399016,7.213422572527376,7.267243527658351,7.073388125919987,6.17604955812231,6.227526435194289,5.756394814373733,4.712218181730498,4.751727404713337,4.076868550250677,0.49074719583026843,0.03511445203157406,0.31200736846436783,0.04129408330829137,0.49134389991237565,0.06948796421425009,0.6686914177533596,0.11496686235234688
757,0.8713013013013013,7.968948560694564,7.992493968526693,7.754985400780481,7.215341751801888,7.269217727589623,7.075003404822233,6.176517122852777,6.228086775387379,5.755650815047811,4.709603970414424,4.74925142633752,4.074089907714031,0.49147305711350553,0.035181859855161444,0.31223819586524354,0.04133556982448429,0.49210026030723364,0.06967537982955542,0.6698716474367966,0.11509835904706675
758,0.8717917917917918,7.971301627354538,7.994924854263821,7.757276248847962,7.217244203705197,7.2711762843565335,7.076601071995915,6.1769550091621594,6.228618698844064,5.754874049682533,4.706942860529197,4.746726959179275,4.071277826826933,0.4922038734871279,0.035249254285783724,0.31247215386685334,0.04137722835339055,0.492862538533727,0.06986340208239637,0.6710573730452702,0.11522861072112808
759,0.8722822822822822,7.973644879094262,7.997346597620854,7.759557611127391,7.219129796768111,7.273119091784801,7.0781810125910365,6.177362962449743,6.229121964838634,5.754064337334827,4.704234619040108,4.744153730479053,4.0684322431896875,0.4929396706557789,0.03531663017560406,0.31270928101217477,0.0414190601729148,0.49363078146323597,0.07005202214785725,0.6722485792227736,0.1153575943860169
760,0.8727727727727728,7.975978301760347,7.999759160487354,7.761829452094947,7.220998397845039,7.275046041821199,7.079743111028445,6.17774072208802,6.229596330081966,5.753221496102684,4.701479005726859,4.741531476209297,4.065553104210474,0.49368047375348045,0.03538398201366483,0.3129496162415449,0.04146106655705667,0.494405036729276,0.07024123073307276,0.6734452472976886,0.11548528566982195
761,0.8732632632632633,7.97830188183196,8.002162504725293,7.7640917365429365,7.2228498748886985,7.276957026258078,7.081287251037569,6.178088023515373,6.2300415509267415,5.752345347960726,4.698675789627659,4.738859936857769,4.062640355168378,0.49442630745820576,0.035451304292827356,0.31319319859209493,0.041503248841167246,0.4951853520620865,0.07043101781565848,0.6746473568524756,0.11561166087562529
762,0.8737537537537537,7.980615606306222,8.004556591414875,7.766344429667382,7.224684092747199,7.278851937841359,7.082813315676946,6.178404602670077,6.230457371382779,5.7514357099827755,4.6958247412993055,4.736138856760962,4.059693955548246,0.4951771958054947,0.035518591033797564,0.3134400675297251,0.04154560833218437,0.4959717772072992,0.07062137311077656,0.6758548822121917,0.11573669486653432
763,0.8742442442442442,7.982919461649588,8.006941381391853,7.768587494750808,7.226500925507006,7.280730666891428,7.084321186986879,6.178690194158767,6.230843545701298,5.750492409112366,4.692925639111175,4.7333679897154,4.05671386711794,0.49593316167685675,0.03558583639957102,0.3136902612922658,0.041588146647827264,0.49676436003079155,0.07081228581611348,0.6770677975895343,0.11586036300243639
764,0.8747347347347347,7.985213435082129,8.00931683571268,7.770820895958491,7.228300242487214,7.282593105021707,7.085810746302217,6.178944530817309,6.231199815808595,5.749515267326077,4.689978256659501,4.730547090705591,4.053700060899498,0.4966942280037019,0.03565303414543606,0.3139438189914733,0.04163086538871259,0.4975631505529549,0.0710037447436027,0.6782860736169266,0.11598263921220407
765,0.8752252252252253,7.987497513611987,8.011682912946029,7.773044598121038,7.230081911279702,7.284439141937017,7.0872818743108565,6.179167339164518,6.231525924199964,5.748504113418063,4.686982391943186,4.727675926497796,4.050652510830757,0.4974604158535049,0.03572017785861294,0.31420078006459023,0.0416737657977816,0.4983681980193573,0.07119573741581164,0.679509675421283,0.11610349850137443
766,0.8757157157157157,7.989771684853092,8.014039574315087,7.775258563885028,7.231845808115949,7.28626866808925,7.088734450664452,6.179358352564713,6.2318216114255485,5.747458768634015,4.683937820876515,4.7247542679870085,4.04757120129544,0.4982317468258578,0.03578726108866436,0.31446118289581804,0.04171684989580375,0.4991795532677689,0.07138825278500134,0.6807385688333492,0.11622291457046312
767,0.8762062062062062,7.992035934458318,8.016386778081525,7.777462756343548,7.233591806190088,7.288081572011398,7.090168354032441,6.179517294310175,6.232086613052906,5.746379066903897,4.680844352082778,4.721781893788454,4.044456119710358,0.499008240386761,0.03585427706741603,0.314725066081063,0.04176011925570356,0.4999972666194218,0.0715812770777754,0.6819727130489114,0.11634086148170861
768,0.8766966966966967,7.994290249738364,8.018724484507187,7.779657138762538,7.2353197764864445,7.289877743870353,7.0915834623968586,6.179643890748874,6.232320662063809,5.745264835167051,4.677701771323024,4.71875858940193,4.041307263933215,0.4997899164851547,0.03592121882349591,0.3149924689536848,0.0418035757525606,0.5008213891566365,0.07177479748795335,0.6832120671213154,0.11645731192738966
769,0.8771871871871871,7.996534617049407,8.021052651309434,7.781841673415381,7.237029594611846,7.2916570714544475,7.092979652679832,6.179737868738175,6.232523488215651,5.744115907834149,4.674509900796049,4.715684148852978,4.038124633261349,0.5005767928079363,0.035988079338650406,0.31526343002541807,0.041847221201731684,0.5016519714445883,0.07196879999882896,0.6844565840749183,0.11657224026993764
770,0.8776776776776776,7.998769023157236,8.023371236743934,7.78401632280564,7.23872113929548,7.293419442680826,7.094356800598962,6.179798944985005,6.232694824031154,5.742932112643184,4.67126854137231,4.712558374707021,4.034908237555228,0.5013688874229478,0.03605485134581347,0.3155379876822616,0.04189105762715513,0.5024890663798083,0.07216327124388072,0.6857062152211535,0.11668561946264526
771,0.8781681681681681,8.000993452885178,8.025680199745711,7.786181048100457,7.240394285743903,7.295164744750459,7.095714781180874,6.179826846136885,6.2328343944225395,5.741713288492849,4.667977518034497,4.709381078242584,4.031658091730209,0.5021662163733528,0.03612152743688087,0.31581618064755285,0.04193508709068349,0.503332724192176,0.07235819626644213,0.6869609083407218,0.11679742285151644
772,0.8786586586586587,8.003207891793467,8.0279794967288,7.788335809739968,7.242048909825273,7.29689286532615,7.097053468292807,6.179821292749832,6.232941920032103,5.740459270883798,4.664636656085893,4.706152076857444,4.0283742132304585,0.5029687954024242,0.036188100071326695,0.3160980472863177,0.041979311747718594,0.5041829970982538,0.07255355996916728,0.6882206079240911,0.11690762384773426
773,0.8791491491491491,8.005412325303011,8.03026908613119,7.790480569071189,7.243684897610677,7.29860369017997,7.098372734478021,6.179782002404922,6.233017123946663,5.739169890689741,4.6612457917592796,4.702871198999357,4.025056632548625,0.503776639029249,0.03625456148989526,0.3163836253560443,0.042023734000325136,0.5050399390728568,0.07274934802815805,0.6894852526443099,0.11701619611227014
774,0.8796396396396395,8.007606736027418,8.032548923994211,7.792615285114046,7.245302122862234,7.300297104640669,7.099672451270042,6.179708693486448,6.233059727304666,5.737844992360658,4.657804764386461,4.69953828587965,4.021705380649604,0.5045897603572471,0.036320903825846726,0.3166729535162484,0.04206835600474179,0.5059036002989549,0.07294554405223215,0.6907547806093022,0.11712311312415785
775,0.8801301301301301,8.00979110812945,8.034818966843742,7.7947399168864315,7.246900472189369,7.301972994593843,7.100952489080088,6.179601083791038,6.2330694425053395,5.736484411086991,4.654313421605337,4.696153180399345,4.0183204944526585,0.5054081723322305,0.036387119094995875,0.3169660689425803,0.04211318044459038,0.5067740354281569,0.07314213241342882,0.692029124927312,0.117228348623017
776,0.8806206206206206,8.011965423406341,8.03707917155053,7.796854423938664,7.24847982568296,7.303631244538073,7.10221271692188,6.179458892207267,6.233045988095728,5.735087986931849,4.650771622296888,4.692715744833154,4.0149020194464,0.5062318858235249,0.036453199153483065,0.31726300994200163,0.04215820973999319,0.507651296011863,0.07333909730203278,0.6933082147872636,0.11733187720225588
777,0.8811111111111111,8.014129664658789,8.03932949401488,7.798958761820499,7.250040065881646,7.305271737329746,7.103453002708813,6.1792818345151,6.232989074266954,5.733655560219155,4.647179229697753,4.6892258398002795,4.011450003372594,0.507060911470952,0.03651913571283282,0.3175638142897846,0.04220344679373277,0.5085354351807054,0.0735364220626803,0.6945919770391146,0.11743367285715742
778,0.8816016016016015,8.01628381176705,8.041569889365078,7.801052888470567,7.251581080715459,7.306894357146365,7.104673212815948,6.179069625958749,6.232898412486749,5.732186975659233,4.6435361207540335,4.685683350018679,4.007964501872377,0.5078952578733441,0.036584920369474076,0.3178685188234506,0.042248894390168795,0.5094265060721097,0.07373408971016135,0.6958803326582166,0.11753371068589055
779,0.882092092092092,8.018427843304092,8.043800312473602,7.803136759512249,7.253102751885545,7.308498985970381,7.105873212352368,6.178821983450961,6.232773710911504,5.730682076733367,4.639842175932174,4.682088161297779,4.004445572460399,0.5087349330807426,0.03665054462279712,0.3181771612218304,0.042294555327437505,0.510324560836484,0.07393208315344688,0.6971732012653329,0.11763196589805298
780,0.8825825825825826,8.020561738020138,8.046020719239687,7.8052103291687125,7.254604969273348,7.310085505627285,7.107052864911265,6.178538622451029,6.232614676629044,5.729140700852736,4.636097295176367,4.678440173308597,4.000893279857031,0.5095799435924074,0.036715999883097816,0.31848977819330315,0.04234043294727905,0.5112296538101234,0.07413038612499424,0.6984704953678905,0.11772841526485558
781,0.883073073073073,8.022685474018742,8.048231062896114,7.807273551454276,7.25608761585304,7.311653796236778,7.10821203273423,6.178219255970273,6.232421014550004,5.727562695594865,4.632301374642388,4.674739297724254,3.9973076910302248,0.5104302950758439,0.036781277373195406,0.31880640737892296,0.04238653026226719,0.5121418370846219,0.07432898059000453,0.6997721267610608,0.1178230348820298
782,0.8835635635635635,8.024799025234506,8.050431298668094,7.809326379215667,7.257550583133325,7.313203739061514,7.109350576315681,6.1778636008557735,6.232192429884095,5.72594790558189,4.628454325998005,4.670985458874719,3.993688881912397,0.5112859915383742,0.03684636828976188,0.31912708478760354,0.042432850774721725,0.5130611637288616,0.07452784938455952,0.7010780020351617,0.11791580189715783
783,0.884054054054054,8.026902367609441,8.052621379331415,7.811368763209068,7.258993758471976,7.314735212043445,7.110468354802401,6.177471374081823,6.231928620660227,5.72429617459981,4.624556076590876,4.667178589365805,3.990036925638766,0.5121470359449728,0.03691126375106129,0.31945184733835286,0.04247939796910065,0.5139876866771592,0.07472697478588484,0.7023880235753441,0.11800669492474547
784,0.8845445445445446,8.028995472755433,8.054801258622682,7.813400654019628,7.260417030000625,7.316248094205177,7.111565225579945,6.177042288709121,6.231629292925595,5.722607348031062,4.620606556057843,4.663318637160418,3.98635190440672,0.5130134298657442,0.036975954779074394,0.31978073142415797,0.04252617545324911,0.514921458052013,0.07492633940204198,0.7037020907256386,0.1180956928133227
785,0.885035035035035,8.031078311268873,8.056970889406045,7.815422000187852,7.261820285294686,7.317742261817529,7.112641044127351,6.176576060931191,6.231294142177948,5.720881265742417,4.616605716062857,4.659405559062028,3.9826339019121617,0.5138851734060826,0.037040432262328615,0.32011377362358395,0.04257318694156646,0.5158625310931816,0.07512592591091301,0.7050200962724494,0.11818277607529394
786,0.8855255255255254,8.033150854197538,8.059130224101766,7.81743274968249,7.263203419808627,7.319217592742682,7.113695664659901,6.17607240597428,6.230922867687174,5.71911778059171,4.6125535044794255,4.655439330216079,3.9788830035899996,0.5147622658295228,0.03710468715197624,0.3204510092454752,0.042620436602618585,0.5168109579417655,0.07532571570246982,0.70634193293058,0.11826792508997369
787,0.886016016016016,8.035213068123944,8.061279214610714,7.819432847843505,7.264566320649431,7.3206739607375715,7.114728939114827,6.175531041423498,6.230515165624502,5.71731672961236,4.608449885102445,4.651419929740028,3.975099298804325,0.515644705060891,0.037168710280876885,0.3207924746290168,0.0426679284067115,0.517766791004282,0.07552569203790907,0.7076674875682438,0.1183511222044483
788,0.8865065065065065,8.037264918821313,8.063417813126447,7.8214222391950665,7.2659088768231905,7.322111241050843,7.1157407178493965,6.174951681614467,6.230070734060187,5.715477956164992,4.60429484808254,4.647347356164488,3.9712828815910184,0.5165324867307071,0.03723249237419162,0.32113820565836143,0.042715666680277646,0.5187300822289378,0.07572583744783468,0.7089966404720784,0.11843235132632521
789,0.886996996996997,8.039306369974138,8.065545970530444,7.823400866686949,7.267230978902691,7.323529306227137,7.116730849197704,6.17433404474246,6.229589265041283,5.713601305648522,4.600088379296557,4.643221620998961,3.967433845600314,0.5174256058481715,0.03729602414697613,0.3214882379549541,0.04276365578795023,0.5197008831245468,0.07592613394833342,0.7103292707062215,0.11851159671096528
790,0.8874874874874874,8.041337384257236,8.067663637596674,7.825368672602488,7.26853252041196,7.324928027823034,7.1176991794490005,6.173677847594575,6.2290704554161405,5.711686621893053,4.595830487908515,4.639042743947643,3.9635522843120747,0.5183240559575897,0.03735929637777245,0.3218426068938554,0.04281190030508886,0.520679244924005,0.07612656416749208,0.7116652530661036,0.11858884473250716
791,0.887977977977978,8.043357920490738,8.069770764325316,7.827325595148452,7.269813387715497,7.326307275950726,7.118645553008524,6.172982812861056,6.2285139997781656,5.709733743858157,4.591521177768993,4.634810763281416,3.9596382986335636,0.5192278291929301,0.03742229974077865,0.32220134810822604,0.04286040494782379,0.5216652175188744,0.07632711148785876,0.7130044591763748,0.11866408236258676
792,0.8884684684684685,8.045367937213776,8.07186730070367,7.829271573136649,7.2710734696511565,7.327666920724434,7.119569812136008,6.172248655880113,6.22791958725445,5.707742507857722,4.587160487412199,4.630525728893496,3.9556919845281078,0.5201369161339842,0.037485024841719415,0.3225644972285153,0.04290917460273806,0.5226588530871217,0.07652775894250724,0.7143467524352699,0.11873729940453319
793,0.8889589589589589,8.04736738935443,8.073953195804682,7.8312065422042485,7.272312658561696,7.3290068300447055,7.120471797099169,6.171475096793501,6.227286912170642,5.705712755461949,4.582748458764251,4.626187700272275,3.951713442421637,0.5210513060372727,0.037547462357099375,0.3229320888719282,0.04295821440544985,0.5236602014963816,0.07672848959652669,0.7156919959238054,0.11880848593160677
794,0.8894494494494494,8.049356229507024,8.076028399152785,7.833130436065768,7.273530842750502,7.33032686982671,7.121351345819932,6.17066185857286,6.2266156662634335,5.703644322781235,4.578285139124961,4.621796755793426,3.947702772556195,0.5219709869027896,0.03760960295089401,0.3233041583166092,0.04300752962052421,0.5246693121580385,0.07692928719546782,0.7170400484819716,0.11887763397644006
795,0.8899399399399399,8.051334409115475,8.078092857287581,7.835043187028059,7.274727907932862,7.331626905349895,7.122208293894278,6.169808662156326,6.225905543416321,5.701537043084306,4.573770601195041,4.617352987543939,3.943660077092892,0.5228959446669943,0.0376714372310034,0.32368074084169685,0.04305712553204975,0.525686234075038,0.07713013598077341,0.7183907626149001,0.11894473783031329
796,0.8904304304304305,8.05330187723009,8.08014651883147,7.836944725472323,7.2759037392324695,7.332906800745755,7.123042474924848,6.168915228845564,6.225156233696032,5.699390753414528,4.569204925694527,4.612856497465837,3.939585448797703,0.5238261647422784,0.037732955936860234,0.3240618719429593,0.04310700776131906,0.5267110156634079,0.07733101945283616,0.7197439896467579,0.11900979339264826
797,0.8909209209209209,8.055258578909804,8.082189330958329,7.838834978513636,7.277058224605147,7.334166416776841,7.123853720155652,6.167981286509536,6.224367429285582,5.697205277431017,4.564588219434329,4.608307398534143,3.9354789912209873,0.5247616301084393,0.037794149739826186,0.32444758627499776,0.04315718207932783,0.5277437056005083,0.0775319234828447,0.7210995732857889,0.1190727988831363
798,0.8914114114114113,8.057204456999239,8.084221239347023,7.840713874299755,7.278191245059685,7.335405614849985,7.12464185815217,6.167006559119579,6.223538818999318,5.694980446194551,4.559920571144145,4.6037058283103685,3.931340803425135,0.5257023234094425,0.03785500924433989,0.3248379194051035,0.043207654066925186,0.5287843512439289,0.07773283252537973,0.7224573569677992,0.11913375268661881
799,0.8919019019019019,8.059139453665567,8.086242189575133,7.842581333748918,7.279302687902977,7.336624252907976,7.125406715348211,6.165990771759401,6.222670097094385,5.692716084890233,4.555202118920861,4.599051925435002,3.9271709801098758,0.5266482249404085,0.03791552529664517,0.32523290563957236,0.043258430193520346,0.5298329999545731,0.07793373238148246,0.7238171775556917,0.11919265711716984
800,0.8923923923923924,8.06106350651394,8.088252126546065,7.844437280977526,7.280392429540817,7.337822187583041,7.126148115671708,6.164933653707856,6.221760957259895,5.690412017594167,4.5504329996669455,4.594345850729571,3.92296961695852,0.527599313704283,0.03797568862430023,0.32563258112024707,0.043309516208552695,0.53088969659823,0.07813460912786074,0.7251788690963897,0.11924951590785056
801,0.8928828828828829,8.062976551468653,8.090250995786414,7.846281633672091,7.281460350200619,7.338999273836038,7.126865880590386,6.163834933438453,6.220811088604484,5.6880680599577795,4.545613355639498,4.589587777845472,3.918736805080963,0.5285555679831492,0.0380354900817808,0.32603698094990663,0.04336091874965189,0.5319544879950905,0.07833544968352331,0.7265422616671365,0.11930433484354676
802,0.8933733733733733,8.064878521381148,8.092238738815562,7.84811431009818,7.282506323737118,7.340155366173702,7.127559828913464,6.1626943411060875,6.219820184768948,5.685684032082299,4.54074336550442,4.584777888307309,3.914472637648901,0.5295169634723871,0.038094920439014766,0.3264461406633507,0.043412644052530286,0.5330274180485298,0.07853624085288931,0.7279071801798997,0.11935712169806077
803,0.8938638638638639,8.066769346182516,8.094215299315598,7.849935223855158,7.28353022752859,7.3412903143993855,7.128229777004247,6.161511608113458,6.218787936992945,5.683259745504868,4.535823203999959,4.579916380130031,3.9101772032041593,0.5304834753754901,0.03815397059838767,0.32686009553507944,0.04346469888319739,0.5341085315437812,0.07873697047544181,0.7292734469915129,0.11940788623885001
804,0.8943543543543544,8.068648953792236,8.096180619902082,7.851744287282717,7.284531933797157,7.342403968181418,7.128875538737546,6.160286470829863,6.21771404204002,5.680795013985189,4.530853066695713,4.575003463637255,3.905850586721392,0.5314550771265679,0.03821263159463943,0.3272788813378518,0.0435170900864487,0.5351978702994539,0.07893762685882584,0.7306408820181023,0.11945664069359273
805,0.8948448448448448,8.070517269718897,8.098134640342042,7.8535414119102915,7.285511310489523,7.343496175074622,7.129496925199784,6.159018662840484,6.2165981957794045,5.67828963779015,4.525833161537892,4.570039368145428,3.9014928677674536,0.5324317408843513,0.03827089450689377,0.32770253429430385,0.043569824319635464,0.5362954772913968,0.07913819991388507,0.7320092989316712,0.1195034007134788
806,0.8953353353353353,8.072374214916694,8.100077301079628,7.85532650419316,7.2864682243751675,7.3445667794591785,7.130093744812129,6.157707918622082,6.215440088960764,5.675743419182064,4.520763706221458,4.565024326747168,3.89710412933772,0.5334134376132734,0.03832875025850041,0.3281310903470511,0.043622908652209455,0.5374013948028231,0.07933867893408164,0.7333785086267623,0.11954818181159375
807,0.8958258258258258,8.07421970990997,8.102008542156815,7.857099469107407,7.2874025380806176,7.3456156250797,7.130665803568864,6.156353978495821,6.214239417448128,5.673156163660839,4.515644952412722,4.559958588911536,3.892684446505106,0.5344001360250611,0.03838618997058861,0.32856458614721573,0.043676350358283954,0.5385156620187229,0.07953905355444249,0.7347483179113574,0.11959100326084177
808,0.8963163163163164,8.076053670257181,8.103928301542824,7.858860210542879,7.288314111213197,7.346642552199147,7.131212904827171,6.154956577695631,6.2129958831997625,5.670527657632784,4.510477142456173,4.554842417622921,3.888233885685433,0.5353918048019786,0.03844320499835254,0.32900305849257744,0.04373015641657221,0.5396383194195346,0.07973931615269013,0.7361185316213051,0.11963188743266667
809,0.8968068068068068,8.077876010156722,8.105836515537499,7.860608627470839,7.289202802586365,7.347647399249203,7.131734849053534,6.153515462353913,6.211709179598078,5.66785769873049,4.505260545088303,4.549676085064376,3.8837525188141173,0.536388410219725,0.038499786515222574,0.329446543828821,0.04378433430895099,0.5407694047257926,0.07993945759734625,0.7374889506025388,0.11967085683705304
810,0.8972972972972972,8.079686641299967,8.107733121131119,7.862344618302722,7.29006846522405,7.34863000250624,7.132231434152205,6.152030368206081,6.210379010456684,5.665146071480356,4.499995436902885,4.544459876933742,3.8792404097647646,0.5373899179098672,0.03855592582012109,0.329895079778666,0.043838891470694634,0.5419089560293404,0.08013947074564481,0.7388593718817709,0.11970793736375258
811,0.8977877877877878,8.081485471473743,8.109618054659322,7.864068079725456,7.290910949008408,7.349590196132261,7.132702455393071,6.150501042783108,6.209005070099423,5.662392553765939,4.494682113515933,4.539194092507619,3.8746976139300395,0.5383962921321122,0.03861161434725223,0.3303487041974409,0.04389383534025728,0.5430570109076053,0.08033934928275813,0.7402295883661255,0.1197431580872098
812,0.8982782782782783,8.083272406833755,8.111491248496744,7.865778903450337,7.291730096237928,7.350527810874736,7.13314770550716,6.148927234551014,6.207587063043866,5.659596931454261,4.489320882934704,4.533879034185308,3.8701241852986334,0.5394074956017796,0.038666843599673005,0.33080745537032535,0.04394917340569634,0.5442136022115449,0.08053908658413476,0.7415993936868797,0.119776548781931
813,0.8987687687687688,8.085047350027947,8.11335263703936,7.8674769809731275,7.292525751829963,7.351442676147777,7.133566974470351,6.147308686926543,6.206124691256921,5.656758968392112,4.483912069855986,4.528515026166149,3.8655201781113546,0.5404234896852648,0.03872160500088541,0.3312713715488678,0.04400491338278365,0.5453787668673226,0.08073867864188573,0.7429685715789176,0.11980814292121143
814,0.8992592592592592,8.086810201579555,8.115202150952632,7.869162200049315,7.293297753164627,7.352334617520042,7.133960049714489,6.1456451448794835,6.20461766002607,5.653878440331607,4.4784560040772705,4.523102396850025,3.860885631468073,0.5414442351413405,0.03877589022261866,0.33174049161162683,0.04406106286555683,0.546552537356001,0.08093812008762505,0.7443369090515068,0.11983797520175406
815,0.8997497497497497,8.088560859797795,8.117039721359207,7.870834447259325,7.294045931367167,7.353203459941778,7.134326716009211,6.14393636726237,6.203065675142072,5.650955118097871,4.472953036585344,4.517641480533067,3.85622059558756,0.5424696906672773,0.03882969076263689,0.3322148553931287,0.044117629565500756,0.5477349434089047,0.08113740707129365,0.7457041889525892,0.11986608134436545
816,0.9002402402402402,8.090299219586038,8.118865277673013,7.872493605922204,7.2947701155366635,7.354049024149454,7.134666755822547,6.142182098933189,6.201468440269564,5.647988751514868,4.467403519749765,4.512132630071051,3.8515250960792478,0.5434998152130066,0.038882998466363804,0.3326945027518735,0.04417462117768468,0.5489260188947771,0.08133653756966605,0.7470701894317792,0.11989250214872513
817,0.9007307307307306,8.092025174419087,8.120678748943622,7.87413955858186,7.295470133061376,7.3548711290335556,7.1349799488955306,6.140382097299326,6.199825669401503,5.644979109076788,4.4618078307895885,4.506576196958098,3.846799168057942,0.5445345654916179,0.0389358050859185,0.33317947408426984,0.04423204548529696,0.5501257907580072,0.0815355086127663,0.7484346898771134,0.11991727765705872
818,0.9012212212212212,8.093738613019731,8.12248005943205,7.8757721826790315,7.296145798543284,7.355669590865521,7.135266072604468,6.138536114256051,6.198137067112866,5.641925936766306,4.456166355559207,4.500972551993315,3.842042843549135,0.5455738967857402,0.0389881022175166,0.3336698102393069,0.044289910049433175,0.5513342887907334,0.08173431908229688,0.7497974606588491,0.11994045104126339
819,0.9017117117117117,8.095439424626907,8.124269137181937,7.877391356532453,7.296796927233917,7.3564442219826045,7.13552490203201,6.136643907603057,6.196402347328216,5.638828982876206,4.450479486345478,4.495322064420424,3.8372561329321284,0.5466177649960795,0.03903988196958337,0.3341655536229275,0.044348222573019236,0.5525515394348879,0.08193296860685112,0.7511582771174872,0.11996206843102003
820,0.9022022022022022,8.097127495037647,8.126045903963668,7.878996954347339,7.297423333680039,7.357194834104793,7.135756209936384,6.134705236709724,6.1946212251499775,5.635688003270845,4.444747624656863,4.489625113990735,3.8324390652573954,0.5476661235528909,0.03909113606707166,0.33466674516704686,0.044406990807123826,0.5537775671106779,0.08213145606702188,0.752516910528352,0.11998217420859535
821,0.9026926926926926,8.098802706943127,8.127810284377423,7.880588848943237,7.298024819168378,7.3579212347243965,7.135959766636758,6.132719863115512,6.192793411605106,5.632502731933434,4.438971203854404,4.483882093436754,3.827591647491452,0.548718924882125,0.03914185649405189,0.3351734284477164,0.04446622232840722,0.5550123967970689,0.08232978290267003,0.7538731254299418,0.1200008192542809
822,0.9031831831831831,8.10046494224532,8.129562197974975,7.882166912855095,7.298601186359703,7.358623228978315,7.13613534069794,6.1306875396021105,6.190918626431571,5.6292729111492825,4.4331506387684945,4.478093391251377,3.8227138897986723,0.5497761218347548,0.03919203513346365,0.3356856465507438,0.04452592442184946,0.5562560518819057,0.0825279496604786,0.7552266903892313,0.12001805206150948
823,0.9036736736736737,8.10211407983421,8.131301565132233,7.883731012853775,7.299152223392871,7.3593006197225685,7.136282698074341,6.1286080343068825,6.188996585542221,5.6259982789739125,4.427286368020201,4.472259404513769,3.81780580449062,0.550837665030317,0.039241663794996856,0.33620344422112297,0.044586104663773524,0.5575085518857918,0.08272595788441439,0.7565773700322108,0.12003392313793382
824,0.9041641641641641,8.10374999701838,8.133028303206405,7.885281018151966,7.2996777243902455,7.359953205585953,7.136401603433836,6.12648111413024,6.187027013285457,5.622678572146051,4.421378844113709,4.466380542124536,3.812867388809752,0.5519035044543756,0.03929073462811592,0.3367268658234024,0.04464677007989777,0.5587699155458555,0.08292380989336856,0.757924928296709,0.12004848635880264
825,0.9046546546546546,8.105372569944452,8.134742328892376,7.886816793872532,7.300177474589428,7.36058078469562,7.136491819075665,6.124306542502477,6.185009629451592,5.619313509007274,4.415428520602152,4.460457209734126,3.8078986394740544,0.5529735901663987,0.039339239663763355,0.3372559565676922,0.044707928020145594,0.5600401637229707,0.0831215099287722,0.7592691256896758,0.12006179659565319
826,0.9051451451451451,8.106981670649953,8.136443557327176,7.888338202804011,7.300651255276529,7.361183150075951,7.136553105820826,6.122084089446602,6.182944156566301,5.6159028349831965,4.4094358602143195,4.454489818400067,3.8028995590815575,0.5540478703100821,0.039387170711270736,0.337790762030536,0.04476958550779158,0.5613193104820808,0.08331905901101526,0.760609725026963,0.12007390648003632
827,0.9056356356356356,8.108577172379611,8.138131901451418,7.8898451080014596,7.301098840457095,7.3617600940554,7.13658522281494,6.119813518580117,6.18083032291378,5.6124462713573875,4.403401329183786,4.448478782721708,3.7978701370233705,0.5551262934844076,0.039434519811070476,0.33833132908110625,0.04483174937951016,0.5626073720794591,0.08351646148869284,0.7619464864276401,0.12008487254370198
828,0.9061261261261261,8.110158945009012,8.139807272750275,7.891337369450759,7.301519996920715,7.3623114046879286,7.1365879278232764,6.117494604616232,6.178667852041076,5.608943544149613,4.3973254179156465,4.4424245236892625,3.792810367417923,0.5562088060659858,0.03948127880099596,0.33887770530907646,0.04489442622992174,0.5639043613020084,0.08371372115013917,0.7632791665081978,0.12009475183296864
829,0.9066166166166165,8.11172685776877,8.14146958186073,7.892814848513326,7.301914492540799,7.362836866899881,7.136560977180724,6.11512711929516,6.176456480381135,5.6053943802229185,4.3912086034384465,4.436327456921169,3.7877202396397824,0.5572953552405664,0.039527439690355215,0.33942993879003114,0.044957622367965806,0.565210288876577,0.0839108425042741,0.7646075268430876,0.12010360117386605
830,0.9071071071071071,8.113280777059503,8.14311873501351,7.8942774023714195,7.302282083361265,7.363336266550996,7.136504126182865,6.11271083937848,6.174195933035641,5.601798510365279,4.385051372667588,4.430188000540135,3.782599739603333,0.5583858871720114,0.03957299436381857,0.33998807767483163,0.045021344017094324,0.5665251641474437,0.08410782885810147,0.7659313273686149,0.12011147732831569
831,0.9075975975975976,8.114820571671025,8.144754640665012,7.89572488824753,7.302622525940009,7.3638093811992364,7.136417128884024,6.110245534599469,6.17188594899762,5.598155654016907,4.378854227374651,4.424006580710962,3.777448861643184,0.5594803468004201,0.03961793448583595,0.3405521720953225,0.045085597214345144,0.5678489958010309,0.08430468553451989,0.7672503228380368,0.12011843862479817
832,0.908088088088088,8.116346103431237,8.14637720242722,7.897157161528131,7.302935578613437,7.364255990331694,7.1362997389253175,6.107730988551029,6.16952625737371,5.594465545717794,4.372617661648328,4.417783612003921,3.7722675876459353,0.5605786796228116,0.03966225204264448,0.3411222697315003,0.04515038778438314,0.5691817902395734,0.08450141593761357,0.7685642753584405,0.12012454195338575
833,0.9085785785785785,8.117857240208323,8.147986323779465,7.898574078970697,7.3032209773727415,7.364675868423447,7.1361517088774375,6.105166975688373,6.167116601729774,5.590727911716299,4.366342181729838,4.411519513101716,3.7670559064457585,0.5616808300756689,0.03970593861111029,0.3416984234323746,0.04521572087281212,0.5705235501799503,0.08469802481261221,0.7698729432465881,0.1201298452155683
834,0.909069069069069,8.119353842566774,8.149581905847262,7.899975493648573,7.303478468454931,7.365068788532388,7.135972791250298,6.102553280185314,6.164656719036314,5.586942474359457,4.3600282867985385,4.405214705054461,3.761813809443113,0.5627867422466712,0.03974898590258864,0.34228068284627866,0.045281601708524744,0.5718742797209547,0.0848945175510157,0.7711760850146857,0.1201344059282603
835,0.9095595595595596,8.120835776563498,8.1511638476,7.901361261082101,7.303707790894396,7.365434519946041,7.135762738094225,6.099889684337625,6.162146350563962,5.583108984883234,4.353676488583855,4.398869601127275,3.7565412842675627,0.5638963598127097,0.03979138540139174,0.34286910011379707,0.04534803496310109,0.5732339767736121,0.08509089568392854,0.7724734635637525,0.1201382792650572
836,0.91005005005005,8.12230289997159,8.152732046097663,7.902731232806324,7.303908677589246,7.365772831115221,7.135521301172606,6.097175972957303,6.1595852385860566,5.579227169133809,4.347287295805194,4.392484609015023,3.751238320042765,0.5650096263541738,0.0398331287185075,0.3434637263739464,0.04541502506781791,0.5746026413640948,0.08528716430295587,0.7737648396545067,0.1201415220235509
837,0.9105405405405405,8.123755078586813,8.154286397998503,7.904085261996402,7.304080853816591,7.366083486443831,7.135248233182361,6.0944119295563715,6.156973130027683,5.575296768661468,4.3408612250768215,4.386060144950581,3.7459049156363267,0.5661264842855525,0.03987420701390893,0.34406461566037777,0.045482576047131205,0.5759802692059945,0.08548332639441214,0.7750499730168042,0.12014418924156495
838,0.911031031031031,8.125192172088902,8.155826796612203,7.9054232010382774,7.304224054480647,7.366366250157778,7.134943286310275,6.091597350501372,6.1543097772323865,5.571317535196721,4.334398762609778,4.379596609272853,3.7405410662403282,0.5672468774638074,0.03991461189789608,0.3446718192283023,0.04555069179019795,0.577366853187929,0.08567938487270824,0.7763286347338171,0.12014633347264765
839,0.9115215215215215,8.126614041288562,8.157353135313592,7.906744903085955,7.304338000121735,7.366620881012083,7.134606213778299,6.088732017416515,6.151594918544096,5.567289215594343,4.327900430436353,4.373094397173593,3.735146766768371,0.5683707487256523,0.03995433432198357,0.34528539133879765,0.045619375329397874,0.5787623883436509,0.08587534095405858,0.7776005866218422,0.1201480074902139
840,0.912012012012012,8.128020548672879,8.158865302514949,7.908050220191883,7.304422406003447,7.366847139115306,7.134236769979671,6.0858157343689685,6.148828313588226,5.563211567771903,4.321366738465558,4.366553906113512,3.729722026148893,0.5694980397035906,0.039993365475907254,0.3459053860161317,0.04568862940998713,0.580166861377269,0.08607119722961537,0.7788655978261454,0.1201492628299445
841,0.9125025025025024,8.129411554885676,8.160363187882174,7.909339004015774,7.304476996771923,7.367044779187712,7.133834709924284,6.082848287290265,6.146009717493043,5.559084361013653,4.314798179006619,4.359975525864678,3.7242668484794206,0.5706286935253719,0.04003169637057862,0.3465318564748616,0.04575845661852531,0.5815802612913248,0.08626695329535407,0.7801234402212786,0.1201501478594774
842,0.912992992992993,8.130786921629436,8.161846678162595,7.910611106948323,7.30450149427364,7.367213557207953,7.133399790154394,6.079829476356375,6.143138884532727,5.554907364227725,4.308195258518667,4.353359633756385,3.718781256337789,0.5717626522044578,0.04006931775520441,0.3471648557674055,0.04582885918160832,0.5830025752030663,0.08646260946995041,0.781373884643365,0.12015070914762409
843,0.9134834834834835,8.132146510957835,8.163315659086745,7.911866381072307,7.304495595245199,7.367353223660173,7.132931768753956,6.076759106179957,6.140215572604551,5.550680362494973,4.3015584588077855,4.346706606584998,3.7132652549013034,0.5728998587900117,0.04010622052548586,0.3478044410125046,0.04589983815658809,0.5844337825144728,0.08665816383019553,0.7826167116015712,0.12015099242465667
844,0.913973973973974,8.133490185743943,8.164770012144285,7.91310468120702,7.304459025721377,7.367463530300359,7.132430405731941,6.073636977580112,6.13723954096195,5.546403143770907,4.294888280486013,4.340016812006944,3.707718878365094,0.5740402550855167,0.040142395177908,0.3484506645256036,0.04597139468536454,0.5858738672683622,0.0868536143042969,0.7838516960683023,0.12015104000578955
845,0.9144644644644644,8.134817809290448,8.16620961968038,7.914325858936051,7.30439149012986,7.3675442257578,7.13189546327682,6.070462895740714,6.13421055819813,5.54207552206548,4.288185196882714,4.333290608023402,3.702142151147496,0.575183783936459,0.040177832346567834,0.34910358160483923,0.046043529364673375,0.5873228044867812,0.0870489557924184,0.7850786255343158,0.12015089124514584
846,0.9149549549549549,8.136129245075864,8.167634362858337,7.915529767426677,7.304292700664882,7.367595057862783,7.131326705892429,6.067236674779947,6.1311283811914805,5.537697293457991,4.281449693924097,4.3265283440146955,3.696535113928105,0.5763303877687294,0.040212522388084565,0.3497632462881337,0.04611624245638717,0.5887805735338635,0.08724418515568004,0.7862972815624792,0.12015058498821786
847,0.9154454454454455,8.137424356979555,8.169044118516489,7.916716263508274,7.30416236863034,7.367615771472865,7.13072390065712,6.063958119339564,6.127992788147332,5.533268291667737,4.274682231279677,4.319730366161744,3.690897808984564,0.5774800094715956,0.04024645565359956,0.3504297127620134,0.04618953308414936,0.5902471464227209,0.08743929509461114,0.7875074569130107,0.12015015533934215
848,0.9159359359359359,8.13870301220265,8.17043876442276,7.917885200410612,7.304000202545482,7.367606112616039,7.130086817685936,6.060627049511277,6.124803541129248,5.5287883594969545,4.267883275715114,4.312897008815531,3.6852302879466032,0.5786325916611799,0.04027962224500289,0.3511030351014316,0.046263400667279686,0.5917224941576493,0.08763427653847335,0.788708944892302,0.12014963355264777
849,0.9164264264264264,8.139965076541738,8.171818174032142,7.919036434713486,7.303805910409286,7.367565823770349,7.129415230479115,6.057243286955308,6.121560419900899,5.524257337851785,4.261053272120367,4.306028596520877,3.6795326076074293,0.5797880777410559,0.04031201245856662,0.35178326713778485,0.04633784333411739,0.5932065851288469,0.08782912186352616,0.7899015451606054,0.1201490497019429
850,0.9169169169169169,8.141210418950072,8.173182222086753,7.920169823835316,7.303579207573284,7.367494647979503,7.128708915460448,6.053806653309761,6.118263194276315,5.519675099861981,4.254192676568184,4.299125439911531,3.673804830342072,0.5809464110551045,0.04034361624863921,0.3524704618976706,0.04641285926707255,0.5946993860747339,0.08802381829473561,0.7910850601863656,0.12014842893972195
851,0.9174074074074074,8.142438909392737,8.17453078053036,7.921285222909014,7.303319803276002,7.367392325057457,7.1279676533076115,6.050316973171166,6.114911644922453,5.515041525078781,4.247301894623167,4.292187854113501,3.668047039079421,0.5821075355095932,0.04037442340034958,0.3531646725548901,0.04648844595987347,0.5962008600680367,0.08821835281442736,0.7922592990530383,0.12014779197363715
852,0.9178978978978979,8.143650417120542,8.175863718924873,7.922382492172145,7.3030274096576395,7.367258597269794,7.127191228279349,6.046774077951547,6.111505553659437,5.5103565068186136,4.240381370570194,4.285216133468163,3.662259307030001,0.5832713945558549,0.04040442391215586,0.35386595128062553,0.0465646000545237,0.5977109683285675,0.0884127109784503,0.7934240728008007,0.12014715982533299
853,0.9183883883883883,8.144844815510353,8.177180906918583,7.92346149103322,7.302701743982614,7.367093204311652,7.126379429252588,6.043177809398532,6.1080447047085,5.505619965760598,4.233431496318221,4.278210564858966,3.6564417223388923,0.584437933265439,0.040433607689605064,0.354574349697607,0.04664131795592139,0.5992296673094011,0.08860687517567624,0.7945792047746549,0.12014654663759188
854,0.9188788788788789,8.14602197965703,8.178482213010296,7.924522078459595,7.302342525555594,7.366895886412886,7.1255320493230005,6.039527999553016,6.104528886585368,5.500831823783781,4.226452684461334,4.271171426659371,3.650594383895144,0.5856070958793899,0.04046196439599517,0.3552899184635096,0.04671859577770001,0.6007569150568989,0.0888008272753069,0.7957245143919248,0.12014596534513668
855,0.9193693693693694,8.14718178393535,8.17976750412457,7.9255641166473305,7.301949472642786,7.3666663829141665,7.124648886411785,6.035824499108976,6.100957890215562,5.495992036974932,4.2194453006172745,4.264098988576989,3.6447173973057225,0.586778828045913,0.04048948378375888,0.35601270795176254,0.046796428586175914,0.602292662035694,0.08899454549153474,0.7968598361536886,0.12014542272879214
856,0.9198598598598599,8.148324105496043,8.18103664435962,7.926587466832799,7.3015223186540865,7.366404432322229,7.123729743439598,6.032067160409183,6.097331512710986,5.491100565586043,4.212409732368448,4.256993518903387,3.638810860359262,0.587953074922283,0.040516156007693434,0.35674276559427626,0.0468748113086849,0.6038368597684781,0.0891880079888818,0.7979850044553627,0.12014492705561199
857,0.9203503503503503,8.149448825256062,8.182289498163913,7.9275919921084546,7.301060779157235,7.366109776503481,7.122774428563976,6.028255831249833,6.093649547528493,5.486157401834362,4.205346328234604,4.249855262591427,3.632874903320935,0.5891297827469204,0.04054197030478406,0.35748014102601555,0.04695373811097895,0.6053894549993684,0.08938118771491113,0.7990998614645618,0.12014447618534388
858,0.9208408408408408,8.150555823206604,8.183525930563324,7.928577557894035,7.300564596872071,7.365782152999921,7.121782755068839,6.024390381688888,6.089911797455367,5.481162548057242,4.198255425467947,4.242684467134068,3.6269096358090596,0.5903088989207292,0.04056691695509023,0.3582248801216588,0.0470332027790751,0.6069503924807723,0.08957405819231874,0.8002042596397423,0.12014406994081395
859,0.9213313313313314,8.151644983872481,8.184745801560352,7.929544026440851,7.300033502053631,7.365421302543499,7.120754542320274,6.020470675919105,6.0861180659824825,5.476116027553323,4.1911373675519235,4.235481367366709,3.620915194290899,0.5914903695238538,0.04059098556691845,0.35897702868849607,0.047113198599186765,0.6085196142156737,0.0897665895039882,0.8012980507701181,0.12014370234418083
860,0.9218218218218218,8.152716190506903,8.185948973278439,7.930491264421253,7.299467245482468,7.365026966601766,7.119689615413327,6.016496589934604,6.0822681666867275,5.4710178828616485,4.183992462169918,4.228246197368014,3.614891701709482,0.5926741428356556,0.04061416651525915,0.3597366293895687,0.04719371846148725,0.6100970601604139,0.08995875061949356,0.8023810998487313,0.12014336601523044
861,0.9223123123123123,8.15376933219992,8.18713530582347,7.931419139293669,7.298865570678102,7.364598887216654,7.118587805043348,6.012467999145964,6.078361918305081,5.465868179902346,4.176820979947178,4.220979171277725,3.6088393022542764,0.5938601684676796,0.04063644978375422,0.360503725711878,0.04727475457641727,0.6116826660667868,0.09015050738816618,0.8034532810913383,0.12014304620371197
862,0.9228028028028028,8.154804297242386,8.188304659232468,7.9323275170416885,7.298228228844698,7.36413680553099,7.117448948381253,6.00838479723661,6.0743991313168815,5.460667007566,4.169623244998227,4.213680506539051,3.602758121001968,0.5950483940077583,0.04065782577327156,0.3612783588835147,0.04735629875162482,0.6132763648311644,0.09034182269240783,0.804514468034127,0.1201427304599802
863,0.9232932932932932,8.15582097705224,8.189456892872675,7.93321626449432,7.297554981148919,7.3636404681509005,7.116272888819802,6.004246872880486,6.0703796335738796,5.45541446359149,4.162399511506369,4.206350422470095,3.596648310230046,0.5962387689678091,0.04067828485556123,0.3620605674768695,0.04743834279191093,0.6148780894130964,0.09053265934429909,0.8055645431983657,0.12014240010119519
864,0.9237837837837837,8.156819264258889,8.190591864770017,7.934085250408134,7.2968455985782965,7.363109618099975,7.115059476445624,6.000054136152491,6.0663032558882515,5.450110687561343,4.155150031960235,4.198989114820796,3.5905100029984838,0.5974312440983783,0.04069781801956474,0.362850388452452,0.04752087758665285,0.616487765060101,0.09072297562723644,0.8066034051286749,0.12014203357174755
865,0.9242742742742742,8.157799054927668,8.191709432848182,7.934934345642332,7.296099847535534,7.3625440035253815,7.113808567412067,5.995806492756838,6.062169834335532,5.444755810203579,4.147875035419725,4.191596784584665,3.5843433398597053,0.5986257710613698,0.04071641626046888,0.36364785860151994,0.04760389355704295,0.6181053191285292,0.09091273102183686,0.8076309527650073,0.12014160854652954
866,0.9247647647647648,8.158760247357545,8.19280945344235,7.935763413930419,7.295317516432012,7.361943372785239,7.112520024551706,5.9915038568651715,6.057979204167334,5.439350012365917,4.14057474252931,4.18417363349884,3.5781484601070463,0.5998223012072492,0.04073407084949846,0.3644530095936348,0.04768738176231814,0.6197306747961888,0.09110187864683601,0.8086470947022776,0.12014109743269916
867,0.9252552552552552,8.159702739652833,8.193891785743569,7.936572328307687,7.294498385403829,7.361307477153522,7.111193717545759,5.987146161371746,6.053731210761151,5.433893461038828,4.1332493690787855,4.176719852462198,3.5719255013425606,0.6010207869655538,0.0407507734470486,0.3652658746145924,0.04777133174623559,0.62136375328627,0.09129037499739953,0.8096517442222265,0.12014047451326973
868,0.9257457457457456,8.160626432176729,8.194956284676081,7.937360957749114,7.293642252818274,7.3606360692492485,7.1098295224552945,5.982733341594891,6.049425711715204,5.428386378688248,4.125899105780121,4.1692356339267755,3.5656745859054304,0.6022211815474601,0.0407665163316032,0.36608648221419515,0.0478557332047317,0.6230044694285419,0.09147817018321622,0.8106448303726156,0.12013970947442984
869,0.9262362362362362,8.161531228985478,8.19600280885892,7.938129169569617,7.292748919849458,7.359928904335927,7.108427322410972,5.978265333537736,6.045062563664885,5.422828977576314,4.11852411769179,4.161721169107938,3.559395846045308,0.6034234394833162,0.040781291804451496,0.36691485995883827,0.047940575929139376,0.62465274138276,0.09166521544430575,0.8116262831418694,0.12013877050181707
870,0.9267267267267267,8.162417033920281,8.197031213284001,7.93887683160226,7.291818195560626,7.359185740218949,7.1069870069472065,5.9737420976802875,6.0406416372898315,5.417221511615803,4.111124569087287,4.1541766547731305,3.553089390059694,0.6046275150754101,0.04079509311431253,0.367751032496635,0.048025849130863926,0.6263084781397117,0.09185145877806992,0.8125960469017832,0.12013762581991538
871,0.9272172172172172,8.163283754107994,8.19804135580522,7.9396038141883984,7.29084990698594,7.358406336515275,7.105508472008461,5.969163598249581,6.036162801965035,5.411564223353943,4.10370058916628,4.146602281717879,3.546755334153749,0.6058333649494716,0.04080791372328646,0.36859502193701266,0.048111541997933084,0.6279715937737023,0.09203684981835196,0.8135540695296225,0.12013624190075418
872,0.9277077077077076,8.1641312986354,8.199033090859537,7.940309983674686,7.289843870056161,7.357590457651266,7.103991620032348,5.964529805002398,6.0316259376303645,5.405857397920003,4.096252334201287,4.138998240893777,3.540393770189174,0.6070409445226035,0.04081974757929817,0.36944684957135515,0.04819764337690745,0.6296419938935504,0.09222133332374631,0.814500306979256,0.12013458509727061
873,0.9281981981981982,8.164959575348973,8.200006278044588,7.940995208218255,7.2887999267447805,7.3567378703442845,7.102436360295873,5.95984070480772,6.027030936239808,5.400101324350673,4.088779902154151,4.131364731972721,3.534004777152847,0.608250212204596,0.04083058967038905,0.3703065324288385,0.04828414232167056,0.6313195844177814,0.09240485553381132,0.8154347290294399,0.12013262167689602
874,0.9286886886886887,8.165768495844505,8.200960771997327,7.941659353358681,7.287717915660211,7.355848343629969,7.100842607594901,5.9550962850906215,6.02237770286172,5.394296302815319,4.081283393010469,4.123701958979908,3.5275884391645285,0.6094611254447584,0.04084043509581289,0.37117408633694904,0.04837102748959567,0.6330042683216961,0.0925873620305283,0.8163573073833175,0.12013031708647033
875,0.9291791791791791,8.166557974364252,8.201896430496124,7.942302284136996,7.286597684978001,7.354921651311702,7.099210283500077,5.9502965566153625,6.017666135589183,5.388442658184499,4.073762904755698,4.116010126614871,3.521144798193453,0.6106736435213815,0.04084928001515469,0.372049524832948,0.048458287772189496,0.6346959456917487,0.09276879580459288,0.8172680259826589,0.1201276386553772
876,0.9296696696696696,8.167327919617277,8.202813112179138,7.942923865078295,7.285439096392023,7.3539575688705145,7.097539315011694,5.945441526087871,6.012896151263621,5.382540714182838,4.06621851109462,4.108289447525751,3.5146738872567873,0.6118877266879775,0.04085712126723426,0.3729328577169967,0.04854591183086195,0.6363945176395517,0.09294910123553123,0.8181668743901931,0.120124554708691
877,0.9301601601601601,8.168078249995355,8.203710673529375,7.943523957653757,7.284242014916572,7.352955877357711,7.095829634210011,5.940531224211356,6.0080676783812645,5.376590814274282,4.058650257265873,4.1005401413748,3.508175742395098,0.6131033355930654,0.040863956175738396,0.3738240934144234,0.0486338888351527,0.6380998792804499,0.09312822231312362,0.8190538528551949,0.12012103174939111
878,0.9306506506506507,8.168808878294527,8.204588974438975,7.944102423489308,7.283006315392492,7.351916361457339,7.094081179490399,5.9355656906526235,6.0031806484768655,5.37059329614578,4.051058210073222,4.092762427464736,3.501650346811432,0.6143204323668248,0.04086978341386186,0.3747232371937759,0.048722207770865125,0.6398119276912487,0.0933061045073578,0.8199289671073083,0.12011704332301998
879,0.9311411411411411,8.169519720335229,8.205447872745706,7.944659123520756,7.281731873298983,7.350838808771732,7.092293892991872,5.930544961158262,5.998235014768883,5.364548527773424,4.04344239152053,4.084956561997191,3.4950976820265365,0.6155389789778376,0.04087460191849361,0.3756302933072992,0.04881085749164535,0.6415305540492466,0.09348269064308679,0.8207922312198305,0.1201125608168311
880,0.9316316316316315,8.170210693252816,8.206287227537672,7.9451939138961825,7.280418580023367,7.349723011554647,7.090467722447797,5.925469113335522,5.993230735724424,5.358456860667147,4.035802847759093,4.077122772009764,3.4885176934498228,0.6167589390193402,0.04087841225407453,0.3765452618993375,0.04889982762486359,0.6432556488818558,0.09365792862927881,0.8216436696559891,0.12010756215099606
881,0.9321221221221221,8.170881711598412,8.20710689961262,7.94570665109221,7.279066321076095,7.348568767286572,7.088602619620128,5.92033821210587,5.988167772992257,5.352318660074824,4.028139568796115,4.069261311743632,3.4819103205567243,0.6179802775630515,0.04088121504473691,0.37746814254610617,0.04898910753760829,0.6449871025926608,0.09383176399391861,0.8224833125405181,0.12010202268068136
882,0.9326126126126126,8.171532693022362,8.207906749474555,7.946197187993078,7.277675009389516,7.3473758767542705,7.086698539384229,5.9151523272336455,5.9830461057110895,5.3461342919626365,4.020452584498901,4.061372462650972,3.4752754629063647,0.6192029586234061,0.040883012211352654,0.37839892981083395,0.04907868766263962,0.646724807147326,0.09400414416366691,0.8233111894040854,0.1200959257767279
883,0.9331031031031031,8.172163553158237,8.208686639157865,7.9466653788888,7.276244535135082,7.346144144491782,7.08475544086937,5.909911567587889,5.9778657366178205,5.3399041189002,4.012741849714675,4.053456489210377,3.468612991875584,0.6204269504017261,0.040883807044971715,0.3793376205265311,0.0491685575108327,0.6484686437893581,0.09417502069056584,0.8241273557600785,0.12008925646771114
884,0.9335935935935935,8.172774205257788,8.209446430985977,7.947111070097102,7.274774818648037,7.344873381280004,7.082773285351699,5.904616035860082,5.972626664096723,5.333628512163082,4.005007408205264,4.045513693729226,3.4619227595632913,0.6216522165796337,0.04088360326009644,0.3802842044873663,0.0492587083033236,0.6502184996081228,0.09434434381287077,0.8249318513005822,0.12008200579504602
885,0.934084084084084,8.173364565349493,8.210185984573496,7.947534112877529,7.2732657704686225,7.343563402252746,7.0807520370948644,5.899265847485598,5.967328902998669,5.32730782212876,3.9972491945469373,4.037544363429228,3.455204592172344,0.6228787274221342,0.0408824057239925,0.38123867256807814,0.049349130398933926,0.6519742601343035,0.09451206847424047,0.8257247386599647,0.12007416508257308
886,0.9345745745745746,8.173934549126368,8.210905165629706,7.947934350166308,7.2717173095461085,7.342214025303162,7.078691661702004,5.893861136662852,5.961972493141122,5.320942403927438,3.9894672049741566,4.029548825770332,3.4484582945186806,0.6241064490656081,0.04088022025401838,0.3822010134615157,0.049439815625278875,0.6537358056907421,0.0946781521486751,0.8265060758361887,0.12006573409734168
887,0.935065065065065,8.174484067299865,8.211603839319134,7.948311627388514,7.270129356844716,7.3408250751891435,7.076592126087486,5.888402040870956,5.956557474896946,5.314532585226634,3.9816613946580612,4.0215273901775275,3.4416836268417876,0.6253353525066147,0.04087705392216531,0.38317121394552106,0.049530755677424494,0.6555030214958661,0.09484255645337387,0.8272759324153723,0.12005671685801447
888,0.9355555555555555,8.175013031295238,8.21228186690916,7.948665783119394,7.268501838211138,7.339396380009592,7.074453398885308,5.882888716852583,5.951083903242718,5.308078728969472,3.9738317045824805,4.013480407802454,3.4348803205978404,0.6265654075029987,0.040872914744704995,0.3841492579060743,0.049621942889722034,0.657275784198059,0.09500524060355107,0.8280343881731755,0.12004711941579621
889,0.936046046046046,8.175521348367354,8.212939116271713,7.948996657095172,7.266834686471636,7.3379277749766025,7.072275447663053,5.877321319340065,5.9455518513330725,5.30158114305245,3.965978134399434,4.005408234831341,3.428048124006574,0.6277965812255366,0.040867810918137217,0.3851351278638468,0.049713370472113494,0.6590539779597593,0.09516617294635718,0.8287815056082625,0.12003695545442077
890,0.9365365365365366,8.176008929407693,8.213575452769804,7.949304086053605,7.265127815462884,7.336419097440622,7.070058240221666,5.871700042348306,5.939961416180536,5.29504013573618,3.9581005689397535,3.997311227840974,3.4211866840926723,0.6290288489683716,0.04086175346253731,0.38612880847437264,0.04980503152196262,0.6608374753444934,0.09532532566445578,0.8295173876275415,0.1200262462985088
891,0.937027027027027,8.176475677332327,8.214190741679321,7.949587906100862,7.2633811655197205,7.334870190023392,7.067801743322002,5.866025052662551,5.934312686983238,5.288456011770933,3.950198983047986,3.989189755596256,3.414295698935023,0.6302621799952262,0.04085475214186405,0.38713027868605115,0.04989692000225347,0.662626158945639,0.0954826698947699,0.8302421093705175,0.12001501112578221
892,0.9375175175175174,8.176921495444226,8.214784851085138,7.949847946811281,7.261594663990132,7.333280902853273,7.065505922419552,5.860296561249909,5.928605789787647,5.281829024032303,3.9422733209299032,3.9810442116155684,3.407374801617653,0.6314965459829295,0.040846819329081456,0.3881395179466696,0.04998903102906565,0.6644199061535643,0.09563818927312523,0.8309557604583429,0.12000328479790277
893,0.938008008008008,8.177346282105168,8.215357647653665,7.950084044180848,7.259768236095727,7.331651085771569,7.063170739865294,5.8545147754105935,5.9228408526998,5.275159449309896,3.9343234988545404,3.972874994569544,3.4004236363965883,0.6327319187125238,0.04083796696921002,0.3891565065117939,0.050081358961032774,0.6662185903306089,0.09579186430462525,0.8316584354224736,0.1199910971630977
894,0.9384984984984985,8.177749931538733,8.215908999235573,7.95029602399491,7.257901815823754,7.329980597329825,7.060796156744311,5.8486799127471585,5.917018014836406,5.268447534274625,3.926349449354071,3.964682494391346,3.39344177645817,0.6339682725151422,0.040828209081349355,0.3901812203845874,0.05017390006221386,0.6680220884605014,0.09594368148991446,0.832350236718551,0.11997848914525144
895,0.938988988988989,8.178132339584835,8.216438774081944,7.950483716015041,7.255995318275185,7.328269302923035,7.058382129958504,5.842792198981553,5.9111374575708435,5.261693461385144,3.9183510911648556,3.9564671284716324,3.38642884357349,0.6352055792442641,0.04081755961511529,0.3912136387847395,0.0502666506507919,0.6698302771810093,0.09609363992338855,0.8330312557881282,0.11996550735838771
896,0.9394794794794794,8.178493395404782,8.216946838533945,7.950646948309944,7.254048674248236,7.326517065412588,7.055928613149201,5.83685188012816,5.905199346012546,5.2548974612778805,3.9103283608445696,3.9482293130788655,3.3793844023049227,0.6364438114537622,0.04080603343525898,0.39225373800994096,0.05035960735774647,0.6716430270058844,0.09624173238184407,0.833701597494754,0.1199521990071881
897,0.93996996996997,8.17883298269702,8.217433062252347,7.950785545349458,7.252061791026236,7.324723758900865,7.05343555469857,5.830859201770667,5.899203870293869,5.248059682758877,3.902281178369035,3.9399694755037853,3.372308017430496,0.637682942255006,0.0407936461727561,0.3933014960647942,0.05045276785999659,0.6734602141967818,0.0963879649237281,0.8343613591895169,0.11993862113905879
898,0.9404604604604605,8.179150981863241,8.217897313108216,7.950899336838707,7.2500346002430325,7.322889256801716,7.050902899749396,5.824814433309509,5.893151245811045,5.24118031029463,3.8942094699765413,3.9316880284731415,3.3651992567955054,0.6389229440620434,0.04078041398119148,0.3943568880189718,0.05054612994193293,0.6752817057043031,0.09653234260276736,0.8350106512487689,0.11992482851000695
899,0.9409509509509509,8.179447269605868,8.218339458067334,7.950988147864374,7.247967002221313,7.321013439749487,7.048330587675842,5.8187178340714185,5.88704170212564,5.234259422996571,3.8861131230917034,3.9233853938626075,3.3580576935029187,0.6401637909820402,0.040766353524773966,0.39541989192955557,0.05063969190881382,0.6771073788158599,0.09667488528052784,0.8356495729227652,0.11991088572054398
900,0.9414414414414414,8.17972171641597,8.21875936563015,7.9510518036246,7.245858893834151,7.319096193763532,7.045718552407204,5.812569680713414,5.880875461532604,5.22729716070691,3.877992089818029,3.915062005026779,3.3508828868330407,0.6414054531410559,0.04075148130681602,0.3964904857007916,0.0507334527270675,0.6789371000622686,0.09681560550085838,0.8362782246863697,0.11989685559917025
901,0.9419319319319319,8.179974188487598,8.219156902660576,7.951090135625783,7.2437101890746565,7.317137406273895,7.043066722288646,5.806370268049823,5.87465279754704,5.220293589932148,3.8698462989133695,3.906718262986016,3.343674391064622,0.642647903561507,0.040735815501652534,0.39756864541695663,0.05082741153746777,0.6807707384215729,0.096954531228032,0.8368967152259699,0.11988281049858579
902,0.9424224224224225,8.180204547385681,8.219531937198415,7.951102966036577,7.241520774344658,7.31513696777991,7.0403750194594465,5.800119889067509,5.868373962538903,5.213248781079526,3.8616756258387075,3.8983545751224864,3.336431800308721,0.6438911148500369,0.04071937317678802,0.3986543497589615,0.05092156843653139,0.6826081611844363,0.09709168819319058,0.8375051514952463,0.11986881502604847
903,0.9429129129129129,8.180412644464552,8.219884332795742,7.951090133410557,7.239290537462386,7.313094777448148,7.037643360646333,5.793818841053143,5.862039250458479,5.206162758605318,3.853479969569696,3.889971342004093,3.329154719799912,0.6451350585468043,0.040702172026283547,0.3997475769756671,0.05101592235330687,0.6844492363279847,0.09722711238667074,0.8381036364097011,0.11985494106834112
904,0.9434034034034033,8.180598333004745,8.220213955350257,7.95105146373709,7.237019356753019,7.311010733072687,7.034871656986141,5.78746743637904,5.8556489477508915,5.199035552162193,3.8452593273522724,3.8815689461469605,3.3218427676029356,0.6463797013676019,0.04068422934100915,0.40084830649765796,0.051110473937666025,0.6862938275975342,0.09736083945165758,0.8386922612643031,0.11984126210571289
905,0.9438938938938939,8.180761452541606,8.220520669668128,7.950986797409156,7.234707118895006,7.308884738405919,7.032059811698739,5.7810660027792125,5.849203377047448,5.1918671631687525,3.837013551678172,3.873147754638979,3.3144955819635973,0.647625015844664,0.040665563282172884,0.4019565167671028,0.05120522319803136,0.6881417962890958,0.09749291323098458,0.8392711409963162,0.11982784874494043
906,0.9443843843843844,8.180901842335643,8.22080433837828,7.950895967204495,7.232353682008133,7.3067166970667,7.02920772465823,5.77461485871283,5.8427028533780385,5.184657561958471,3.828742572360749,3.8647081132005083,3.3071128122902644,0.6488709713886828,0.040646191441949156,0.40307218940674855,0.05130017035973049,0.6899930060038321,0.09762338037586024,0.8398403738837518,0.1198147752134683
907,0.9448748748748749,8.181019328719705,8.221064823825447,7.950778819889997,7.229958897975687,7.30450652062459,7.026315288605342,5.768114343835592,5.836147721437307,5.177406733784675,3.8204463094074264,3.856250324966575,3.29969420428766,0.6501175345066048,0.04062613018231971,0.4041953069363724,0.0513953148269445,0.6918473100356056,0.09775228960069995,0.840400061371503,0.11980210529704581
908,0.9453653653653653,8.181113737600294,8.221301985468509,7.950635199419994,7.227522639029536,7.302254121269614,7.023382391764771,5.761564794804578,5.829538312328713,5.170114655577249,3.812124676402658,3.8477747151405213,3.29223947383224,0.6513646726541754,0.040605396508443206,0.4053258486072833,0.051490657142251754,0.6937045676666587,0.09787969002762732,0.8409503033510898,0.11978990648628843
909,0.9458558558558559,8.181184884576854,8.22151568039433,7.950464957024359,7.225044748953654,7.299959411106147,7.02040891837834,5.754966571178658,5.822875001837584,5.162781262454404,3.803777606732708,3.8392815215891347,3.284748404468009,0.6526123522028893,0.04058400707594499,0.40646379759578366,0.05158619622170204,0.6955646297411228,0.09800564093052189,0.8414912034256831,0.11977824482289627
910,0.9463463463463463,8.181232579782291,8.221705768495507,7.950267947106807,7.222525068592099,7.297622309911678,7.01739474826225,5.748320022132543,5.816158152104437,5.155406491909184,3.7954049997601986,3.8307709900625024,3.2772208368346982,0.6538605385200748,0.04056197728789498,0.4076091371079187,0.05168193156557263,0.6974273502824133,0.09813020007496508,0.8420228575824459,0.11976717857009786
911,0.9468368368368367,8.181256626092729,8.221872103823864,7.950044032457548,7.219963437744382,7.295242735287335,7.014339758468754,5.741625494173021,5.8093881383811325,5.1479903399346725,3.7870068060995923,3.822243300694332,3.2696566372608165,0.6551091951919579,0.04053932172886747,0.40876185053413394,0.05177786129251582,0.6992925724669607,0.09825341828981955,0.8425453701497776,0.11975675690889899
912,0.9473273273273273,8.181256815715077,8.222014537370399,7.949793082066602,7.217359689775701,7.292820606758388,7.011243824216051,5.734883383578076,5.802565359573429,5.1405327256470965,3.778582919034002,3.813698604255619,3.262055736833683,0.6563582863884936,0.04051605535577813,0.40992192109318354,0.05187398247225438,0.7011601390524688,0.09837536138131026,0.843058848131837,0.11974703154528275
913,0.9478178178178178,8.18123294140034,8.222132923892213,7.949514964291919,7.214713669229316,7.29035584850993,7.008106819412164,5.728094066699607,5.795690188905795,5.133033595034573,3.7701332812109483,3.805137009448606,3.2544180806142817,0.6576077759971961,0.040492192233757676,0.41108933043318446,0.05197029329815753,0.7030298976119814,0.0984960888209374,0.8435633927414942,0.11973804764588465
914,0.9483083083083083,8.181184782842273,8.222227108440794,7.9492095656458766,7.212025196706851,7.287848385063945,7.004928618746527,5.721257915077664,5.788763042648509,5.125492958606234,3.7616578677132515,3.796558582259677,3.2467437362663105,0.6588576210094157,0.040467743923367265,0.41226406283912953,0.05206678835819939,0.704901677539221,0.09861565413857801,0.8440591038066282,0.11972983389571072
915,0.9487987987987987,8.181112111667213,8.222296939429276,7.948876768320537,7.209294099025543,7.2852981390824665,7.001709098443586,5.71437533926027,5.781784324940732,5.117910808879608,3.7531565441259027,3.787963310543551,3.2390327153432787,0.6601077885666334,0.0404427239069686,0.4134461004365896,0.05216346250502749,0.7067753077943993,0.09873411443134746,0.844546117726323,0.11972241902093743
916,0.9492892892892892,8.181014697358192,8.22234225972829,7.948516471338046,7.206520226050911,7.282705040514009,6.9984481377857986,5.707446732125103,5.774754447722031,5.110287146775672,3.7446292997400192,3.779351149884048,3.231285159243592,0.6613582371020278,0.040417143100030126,0.41463542184080554,0.052260309328118995,0.7086506223841247,0.09885152570482905,0.8450245386537876,0.11971582239440462
917,0.9497797797797798,8.180892299664118,8.222362910883186,7.948128572901522,7.203703394188912,7.28006901234848,6.995145621309588,5.700472514515493,5.767673818583115,5.102621987398269,3.7360760493700265,3.7707220061531133,3.2235012754668926,0.6626089259993434,0.040391011271560015,0.41583200903797907,0.052357320184647616,0.7105274447524034,0.09896794227208038,0.8454944846232945,0.11971005151963338
918,0.9502702702702702,8.18074467190109,8.222358730885773,7.947712984712069,7.200843446234873,7.277389986172452,6.991801440175838,5.693453088572894,5.760542857674278,5.094915432187751,3.7274967858522,3.7620756937535154,3.2156811669098473,0.6638598193631366,0.040364339668866454,0.41703583849893644,0.05245448530329454,0.7124055927576768,0.09908340715659698,0.84595610236795,0.11970511309467458
919,0.9507607607607607,8.180571562262694,8.22232955908123,7.947269626481722,7.197940229309603,7.274667891072895,6.9884154940425836,5.686388909515843,5.753361979695111,5.087167577255587,3.7188914361090957,3.753412014092598,3.2078250997331508,0.6651108773558183,0.040337137268965706,0.41824688581415437,0.052551793133462275,0.7142848796296076,0.09919796616000535,0.8464095325324299,0.11970099843365549
920,0.9512512512512512,8.180372712211588,8.222275224628955,7.946798419469364,7.1949935896051604,7.271902651936336,6.9849876933484705,5.679280389069763,5.746131606370258,5.079378554046227,3.7102600138785378,3.7447306789823083,3.1999333355452815,0.666362059888979,0.04030941242526489,0.4194651235309684,0.05264922972160902,0.7161651195803043,0.09931165770639476,0.8468549166585565,0.119697693372544
921,0.9517417417417418,8.18014785422793,8.222195560120129,7.946299296301933,7.192003407254413,7.269094201192608,6.981517960162018,5.672128022686984,5.738852151790177,5.071548541280732,3.701602520134669,3.736031289980652,3.1920061545472858,0.6676133306449255,0.04028117418836192,0.42069051734982105,0.05274678017968758,0.7180461166513732,0.09942451816106015,0.847292429264766,0.11969517457921613
922,0.9522322322322322,8.179896721189282,8.222090395612112,7.945772194919109,7.188969528588294,7.266242467227698,6.978006232486798,5.664932240408117,5.731524028810775,5.063677792479311,3.692918840274117,3.727313500985052,3.1840437766792844,0.6688646583721892,0.04025243111142818,0.42192303660287916,0.0528444262206038,0.7199276705322682,0.09953656864529946,0.8477222639280607,0.11969341118299011
923,0.9527227227227226,8.179619034194733,8.221959556446999,7.945217064161735,7.185891861418014,7.263347377545338,6.974452463908608,5.657693529344288,5.724147648257453,5.055766537700279,3.684209086913992,3.718576788117557,3.176046510806522,0.6701160062127591,0.04022319125510223,0.4231626387844807,0.05294214777774826,0.7218095873692625,0.09964783647355588,0.8481445987656999,0.11969237016688906
924,0.9532132132132132,8.179314516377934,8.221802863577892,7.944633853133382,7.182770303456579,7.260408862200617,6.970856626745562,5.650412372049096,5.716723395284312,5.047815130121143,3.6754732648918687,3.7098206567271133,3.168014572943723,0.6713673434789271,0.040193463170652276,0.4244092794668954,0.053039922667909405,0.7236916614806346,0.09975832924067769,0.8485596501553488,0.11969200896533257
925,0.9537037037037037,8.178982882663954,8.221620142496699,7.944022524444277,7.179604789175988,7.257426852303615,6.967218714646694,5.643089284334001,5.709251687404723,5.0398239480753775,3.6667113765060755,3.7010444601610453,3.159948229790447,0.6726186439627406,0.04016325552475013,0.42566290708432564,0.05313772630016445,0.7255736826060131,0.09986805499377241,0.848967662650126,0.11969227382996926
926,0.9541941941941942,8.178623847299237,8.22141120817167,7.9433830382900386,7.17639525477644,7.254401276211867,6.963538743809558,5.635724793103224,5.701732906780791,5.031793406484605,3.657923564784619,3.6922475737249396,3.1518475578052696,0.6738698821945914,0.04013257949850075,0.42692346498378414,0.05323553129304678,0.7274554418160709,0.09997701352347116,0.8493688865767595,0.11969312996133293
927,0.9546846846846846,8.178237120562109,8.221175881988643,7.942715359009651,7.173141670188891,7.2513320622091655,6.959816753742607,5.628319426414472,5.694167442653579,5.0237240018733615,3.649109795027111,3.6834292564957622,3.143712688156606,0.6751210429057618,0.040101445509867134,0.4281908892197436,0.05333330872051393,0.7293367254234314,0.10008519358849151,0.8497636199015546,0.11969451606555703
928,0.9551751751751751,8.177822405866186,8.220913974250331,7.942019466474723,7.169844041501841,7.248219138750695,6.956052810585885,5.620873704161126,5.6865556779554245,5.015616223670857,3.640270242875009,3.6745887564315267,3.1355436197238156,0.6763721090394248,0.04006986602281609,0.42946510638256935,0.05343102549859492,0.7312173319775299,0.10019258306896445,0.8501521477788068,0.11969639137583779
929,0.9556656656656657,8.177379418497189,8.22062530377625,7.941295325954418,7.166502367921873,7.245062436811491,6.952247008146543,5.613388251879435,5.678897961342386,5.007470697901141,3.631405021050249,3.6657252673750347,3.127340227520898,0.677623071579039,0.04003785553161729,0.4307460405265532,0.05352864829625187,0.7330970332960519,0.10029915348497458,0.8505348203421746,0.11969870885763137
930,0.9561561561561561,8.176907861319059,8.220309682592932,7.940542926184942,7.163116727539189,7.241861886525275,6.948399465006641,5.605863604801211,5.671194645658792,4.999288039893782,3.6225142324461257,3.656837951432652,3.1191023603010386,0.6788739275282878,0.040005428684123975,0.43203360143724984,0.05362614012373674,0.7349756300957764,0.10040487281074394,0.8509119835293412,0.11970141921995997
931,0.9566466466466466,8.17640744392249,8.21996692070298,7.939762232559061,7.159687175887304,7.238617415606358,6.9445103320722605,5.598300387273539,5.6634460878326855,4.9910688579174955,3.6135980784376427,3.647925865761158,3.1108296570878085,0.6801246813300356,0.03997260476820541,0.43332769513798935,0.05372346251873626,0.7368529116874301,0.10050971320340915,0.8512840270455558,0.11970449646333271
932,0.9571371371371371,8.175877873673414,8.219596831564344,7.938953226301166,7.156213841466158,7.235328956656806,6.940579785423583,5.590699205496935,5.655652619883629,4.98281390057825,3.6046567952270325,3.638988127869959,3.1025216094738095,0.6813753405205689,0.039939404408092405,0.43462821520723716,0.05382057537624049,0.7387286682135704,0.10061362507398769,0.8516513622432318,0.11970791429283262
933,0.9576276276276277,8.1753188680821,8.219199225340638,7.938115889137923,7.152696877381591,7.231996438789,6.9366080308644085,5.583060687758991,5.647814554614886,4.974523863814479,3.59569050692884,3.6300238118460326,3.0941776182406593,0.6826259251099329,0.03990585049754238,0.43593504892799034,0.05391743618548895,0.740602704385393,0.1007165643026249,0.8520144289245952,0.11971165354850657
934,0.9581181181181181,8.174730143732397,8.2187739147115,7.937250195201332,7.1491364606668935,7.228619799779442,6.932595299173121,5.575385501815189,5.639932202402374,4.966199483700836,3.5866995966343587,3.6210319621389817,3.08579681674578,0.6838764562174866,0.039871970547778905,0.4372480743803697,0.054014002129394924,0.7424748220751671,0.10081848285148369,0.8523736835776959,0.11971572558983161
935,0.9586086086086085,8.174111421037585,8.21832071333583,7.9363561157595575,7.145532791106621,7.2251989703016655,6.9285418468892574,5.567674309573001,5.632005869064694,4.957841519293193,3.5776842729580047,3.6120116199140884,3.077378291387924,0.6851269652239212,0.039837792859811136,0.438567163931411,0.05411022842795877,0.7443448273292476,0.10091932765768732,0.8527296170426628,0.1197201353890749
936,0.9590990990990991,8.173462433466959,8.217839433366949,7.935433620275945,7.141886132266531,7.221733890340982,6.924447951481016,5.5599277861976715,5.624035849725088,4.949450679947481,3.5686448866113842,3.6029618666641747,3.0689208635975187,0.686377489561486,0.03980335104540015,0.4398921777479463,0.0542060711836651,0.7462125466288713,0.10101905241830439,0.8530827252851787,0.11972492504334549
937,0.9595895895895896,8.172782920594987,8.217329893088953,7.9344826765018635,7.138196763466165,7.218224497632166,6.920313910449935,5.5521466060587334,5.616022398729333,4.941027734453134,3.5595816680332457,3.593881719628485,3.06042316506636,0.687628083600543,0.03976868113563979,0.44122297266538996,0.054301485560009743,0.7480778087246466,0.10111759885862567,0.8534335610368912,0.11973013606945933
938,0.9600800800800801,8.172072628956728,8.216791907891578,7.933503242443782,7.134465007731768,7.214670737619787,6.91614003196544,5.544331494324734,5.607965806994121,4.932573371406743,3.550495067116746,3.5847703479651774,3.051883870997956,0.6888787842414688,0.03973381992375156,0.4425593957094494,0.05439642845030384,0.7499404503158276,0.10121492549196884,0.8537826180076767,0.11973583604481797
939,0.9605705705705705,8.17133132045303,8.21622530163697,7.932495279710313,7.130691185544019,7.211072552090806,6.9119266344857,5.536483163995588,5.599866311139675,4.92408824174753,3.5413855198994777,3.575626936663501,3.0433013608742736,0.6901296439000585,0.03969880832632718,0.4439012972867821,0.054490856144078434,0.7518003237663861,0.10131099033991851,0.8541304173582317,0.11974211930814956
940,0.961061061061061,8.170558765915002,8.215629898339115,7.931458743305964,7.126875681556423,7.207429896204581,6.907674038693928,5.5286022888539845,5.591724203637063,4.9155730177189865,3.5322532953397374,3.5664506253284314,3.0346739491725625,0.6913807277556056,0.039663689444528985,0.4452485166148432,0.054584728406605505,0.7536572874961517,0.10140575202484843,0.8544775259089726,0.11974907601850837
941,0.9615515515515516,8.169754756589473,8.215005522717895,7.930393572888832,7.123018908972181,7.203742722014517,6.903382557389391,5.520689611901343,5.583539692823501,4.907028159089856,3.523098894049391,3.5572407716842815,3.025999879293182,0.6926320883376672,0.03962850847772554,0.4466008912050935,0.05467800867676412,0.7555112353850493,0.10149919576352857,0.8548244227403984,0.11975684450274336
942,0.962042042042042,8.16891909544683,8.21435201186212,7.929299720211728,7.119121239792027,7.200010994576109,6.899052490010346,5.512745838297567,5.575313047332243,4.898454252287281,3.5139227348237023,3.5479966533643896,3.017277501981455,0.6938837793567229,0.03959330730092618,0.4479582698242541,0.054770661589397175,0.7573620337100713,0.10159129308396976,0.8551716164180605,0.11976553369594564
943,0.9625325325325325,8.168051603447667,8.213669206101423,7.928177120698385,7.1151831344023595,7.196234682654878,6.8946841108099255,5.504771660391049,5.567044520349271,4.8898515851086115,3.5047252988576956,3.538717835321077,3.0085051134425664,0.6951358476175229,0.03955813139118513,0.4493204922623808,0.05486265943956863,0.7592096057564742,0.10168205623787405,0.8555195254540624,0.11977530612348314
944,0.963023023023023,8.167152126324902,8.21295694620367,7.927025723803076,7.11120502937974,7.192413757102234,6.890277658714171,5.4967677548839236,5.5587343092404495,4.8812206098010975,3.4955069146895514,3.529403821082382,2.9996812531563166,0.6963883381892062,0.039523019010384255,0.4506874122492423,0.05495397711864616,0.7610538530897878,0.10177147217797508,0.8558685775950617,0.11978627023566318
945,0.9635135135135136,8.166220520731049,8.212215085455881,7.925845463600789,7.107187333488159,7.18854820541435,6.88583332726878,5.488734780504697,5.5503826839118275,4.872561450113088,3.486268131576582,3.520054329784524,2.9908046328109847,0.6976412732095164,0.03948800807677501,0.4520588928675197,0.055044597280572954,0.762894708745125,0.10185957891750538,0.8562190728373683,0.11979857963016062
946,0.964004004004004,8.165256679572252,8.21144347873485,7.924636275109669,7.103130522781588,7.1846380174737146,6.881351249127966,5.480673378858642,5.541989901858284,4.863874190004492,3.4770092823041177,3.510669146979836,2.9818742528312363,0.6988946716085807,0.03945313198314451,0.4534348015430908,0.05513451199699692,0.7647321170648426,0.10194642230479585,0.8565712810657212,0.11981235963738184
947,0.9644944944944944,8.1642605129248,8.210641994191082,7.923398115102871,7.099034997396783,7.18068319744861,6.876831485987732,5.47258418671346,5.533556217996612,4.8551589396464525,3.4677307521144436,3.5012482975684933,2.972889666007253,0.7001485157301178,0.03941841243858585,0.45481503245270855,0.05522371877049182,0.7665660004760418,0.10203204766669295,0.8569253526796287,0.1198276970137232
948,0.964984984984985,8.163231959632348,8.209810502519861,7.922130937346281,7.094901179217254,7.1766837561744,6.87227401601187,5.464467679053816,5.525081896040938,4.8464154902035625,3.4584328340766453,3.49179184409375,2.963850892864264,0.701402777236718,0.03938386415526265,0.45619949184987857,0.05531222607836604,0.7683963417545,0.10211653944738408,0.8572813099331815,0.11984466416422093
949,0.9654754754754755,8.162170977699438,8.208948886326139,7.920834681379567,7.09072943239111,7.172639720366207,6.867678717532142,5.456324407982741,5.516567187994194,4.837643681784368,3.4491159058124565,3.4823000916635123,2.9547586680629117,0.702657379594939,0.03934948866590461,0.4575881089379656,0.05540005492547756,0.7702230866105811,0.10219998443806894,0.8576390408977229,0.11986328311187155
950,0.965965965965966,8.161077571587285,8.208057036963766,7.91950933635435,7.086520091179357,7.1685511261203425,6.863045365196937,5.4481547965213615,5.508012422341532,4.8288433108927435,3.439780143017136,3.472773483128518,2.945614564693646,0.7039122167932992,0.03931527165313202,0.45898084607246603,0.05548723391752106,0.7720461767034164,0.10228247936615181,0.8579983076339758,0.11988350401679225
951,0.9664564564564564,8.159951758842622,8.207134854597525,7.918154863283262,7.082273438470992,7.164418025019399,6.8583736090740794,5.4399591870475215,5.499417900181555,4.820013908027296,3.430425652102706,3.4632126394408225,2.936421007918962,0.7051671439100039,0.039281184807365345,0.46037768793505096,0.055573807794441266,0.7738655846093883,0.10236415642884186,0.8583586789524446,0.11990523235129928
952,0.9669469469469469,8.158793590714104,8.206182242831678,7.916771268524825,7.077989695584082,7.160240482105713,6.853662976741816,5.4317379049248045,5.490783975394695,4.81115520860797,3.421052482726808,3.4536182981167474,2.927181412196855,0.7064219680895404,0.03924717976794721,0.46177865584564026,0.055659829872390376,0.7756812233646007,0.10244513003441107,0.8587196066333602,0.11992826914971051
953,0.9674374374374375,8.157603159278137,8.205199126709687,7.9153585488390865,7.073669036133635,7.156018573233812,6.848912865603191,5.423491118984878,5.482110993411545,4.802266752708161,3.4116606017819437,3.4439914854669516,2.917900373829139,0.7076764412869568,0.03921318687429858,0.4631838029339873,0.05574536989958045,0.7774930339827321,0.102525537921755,0.8590802893788928,0.11995233599020369
954,0.9679279279279279,8.156380587250325,8.204185426842002,7.913916723197833,7.069311541289483,7.151752401468648,6.844122545869633,5.415218920801855,5.473399326420104,4.793348122841314,3.402249769834404,3.434333262853847,2.908583711672924,0.7089302692345435,0.0391791135065194,0.4645932171956285,0.05583050857104989,0.7793009307877093,0.1026055165713262,0.8594397725359039,0.11997703329243309
955,0.9684184184184184,8.155126010045041,8.203141086900732,7.912445812200918,7.064917174313224,7.147442077613571,6.839291161091255,5.406921290596406,5.464649432541667,4.784398985611137,3.3928197060236105,3.4246449165046298,2.899237861663504,0.7101831202445605,0.039144853996192996,0.4660070263234591,0.05591533851999868,0.7811047853252698,0.10268519697553666,0.8597969940580497,0.12000190763806357
956,0.9689089089089089,8.1538396278938,8.202066050454098,7.910945824108699,7.060485854630511,7.143087729196397,6.834417752037152,5.398598083788802,5.455861708852444,4.775418993056301,3.3833698174837523,3.414927920475856,2.8898706006641603,0.711434613081812,0.039110277529394555,0.4674253843961179,0.055999966402476314,0.7829044793496802,0.10276470600933464,0.8601506867436817,0.12002637571678114
957,0.9693993993993993,8.152521644264509,8.200960270204105,7.909416789257395,7.056017372814455,7.138689507083652,6.829501280549784,5.390249091843031,5.4470366995414246,4.7664078815514035,3.3738995759254093,3.405183680479824,2.880490511215734,0.712684328085828,0.03907523847612566,0.4688484771793105,0.05608450361046136,0.7846998436677028,0.10284417015512798,0.8604994915498456,0.12004978001475913
958,0.9698898898898898,8.151172306143623,8.199823718016285,7.907858674195693,7.051511396292723,7.134247579723891,6.824540665407923,5.381873833295811,5.438174868548985,4.757365616932029,3.364407903100387,3.3954140797625594,2.8711059263470746,0.7139318591690368,0.03903958988949153,0.47027651179468843,0.05616907308674527,0.7864907054796901,0.10292366487830482,0.860842078129181,0.12007144286346264
959,0.9703803803803803,8.149791888659628,8.198656359730904,7.9062714059671615,7.046967485847627,7.129762126854586,6.819534844944493,5.373471891323185,5.429276792403058,4.748292084231308,3.3548938477022583,3.3856207439557364,2.8617255422832,0.7151767868970914,0.03900318140053315,0.47170970382018573,0.05625379842348712,0.7882768670536218,0.10300328636597757,0.8611770964319565,0.1200906680061663
960,0.9708708708708709,8.14838068238494,8.197458177426261,7.904654843585895,7.042385142274032,7.12523336279465,6.814482843208224,5.365042560514387,5.42034308505573,4.73918737086681,3.3453562443239204,3.375805493058778,2.852356436236755,0.7164187630061074,0.03896588785543341,0.4731482548411574,0.0563388039643717,0.7900581464495874,0.10308308572136075,0.8615034265797509,0.12010687017278054
961,0.9713613613613613,8.146939014885474,8.196229162787326,7.903008705057833,7.0377636325897175,7.120661501621331,6.809383886869362,5.356585041846174,5.411374325727559,4.73005162512985,3.3357935983934275,3.365970191566474,2.8430036263889784,0.7176575374399606,0.038927618383234844,0.47459235732121824,0.05642420344049145,0.7918343669497813,0.10316308316890274,0.8618202782122759,0.12011962286276615
962,0.9718518518518517,8.145467234505572,8.194969295936547,7.901332551253457,7.033102277386322,7.116046792179644,6.80423751797289,5.348098476514003,5.402371190308087,4.720884767693684,3.3262042888349006,3.3561166826161775,2.833668157317347,0.7188930413169167,0.038888358352137956,0.4760421238665052,0.056510098560316704,0.793605437891376,0.1032433174982742,0.8621274300013819,0.12012887534488019
963,0.9723423423423423,8.143965680764717,8.193678588009613,7.899625677065079,7.028400150803091,7.111389499787797,6.799043770016798,5.339581797208471,5.393334405982941,4.711686918507765,3.316586380740768,3.3462467427720055,2.8243450613738887,0.7201254759722271,0.03884819653796025,0.47749759393875785,0.056596564281605456,0.7953713003738734,0.10332376228408553,0.8624255921368346,0.12013506284098957
964,0.9728328328328328,8.142434734598478,8.192357025701465,7.897887043398557,7.023656336760151,7.106689901661558,6.793803372970934,5.331033867081579,5.3842646316849905,4.702457327058656,3.3069379456165033,3.3363620845685946,2.8150211323711005,0.7213554142632675,0.038807377356765864,0.4789586571447521,0.0566836397147428,0.7971321454194292,0.10340445919384916,0.8627165298402338,0.12013943536506819
965,0.9733233233233233,8.140874768444784,8.19100461928184,7.8961152087797934,7.0188697965533855,7.101948294569672,6.788518019286331,5.3224534950737175,5.375162617647531,4.693194738062057,3.297256802759858,3.326464341880118,2.8056710513191616,0.7225839718604338,0.038766366193876016,0.48042502261111303,0.05677130624208924,0.7988883561664395,0.10348546558463774,0.8630037420350807,0.12014435464343609
966,0.9738138138138137,8.139286148639547,8.189621371749332,7.894308084916995,7.014039499761781,7.097164998560218,6.783190671942359,5.313839405084301,5.366029163266173,4.6838968967695305,3.2875408068069856,3.3165547471338273,2.796253099960746,0.723812997711244,0.03872593180702839,0.48189611539510435,0.05685948260770532,0.8006406541314671,0.1035668999276394,0.8632930048004189,0.12015371600543459
967,0.9743043043043043,8.13766924462525,8.188207287589199,7.892462862283758,7.009164360870055,7.0923403367453695,6.777825959523425,5.305190283547983,5.356865062153265,4.674559342137693,3.2777874055443865,3.3066345978216645,2.786704460012984,0.7250452967702324,0.03868723936277183,0.48337102322063785,0.05694799002643099,0.8023903200746614,0.1036490766113426,0.8635928725805881,0.12017349951950967
968,0.9747947947947948,8.136024394914479,8.186762363539113,7.890575780478863,7.004243369033743,7.0874746630545795,6.772430652908406,5.296504847940282,5.347670997576753,4.665175353806107,3.2679944363004125,3.296704598952947,2.776934017615409,0.7262849350861376,0.03865197927586845,0.4848483651594032,0.05703653065828673,0.8041392987060323,0.10373248532978424,0.863915686853012,0.12021240551696515
969,0.9752852852852852,8.134351916042725,8.185286588731227,7.888641816628618,6.9992755085282194,7.08256833389879,6.76701421728591,5.287781974048673,5.338447862248616,4.655734485201362,3.2581595639353065,3.286765346448311,2.7668142099596125,0.7275376053680586,0.03862253275243737,0.4863261835449192,0.057124659187295014,0.8058904106160745,0.10381798352594052,0.8642786201938435,0.12028277461512261
970,0.9757757757757757,8.132652096638022,8.183779960950895,7.886654442773208,6.9942599294590755,7.0776217094908125,6.7615895100295935,5.279020400357448,5.329196328770089,4.6462213364338645,3.2482806961055033,3.2768169123743545,2.756170757139593,0.728811103671067,0.03860216307870537,0.4878017844139899,0.05721174284631609,0.8076477608280525,0.10390687367021974,0.864704880052164,0.12040161466972288
971,0.9762662662662662,8.130925170630569,8.18224245910816,7.884605213851898,6.9891959753950745,7.072635177996298,6.756173570490692,5.270219309343191,5.3199172279882,4.6366135459304765,3.2383557243591903,3.26685900497595,2.7447696838204148,0.7301159044440989,0.03859528982176916,0.4892715481673194,0.057296924312633286,0.8094170124457671,0.10400118989277606,0.8652254500519876,0.12059209650899747
972,0.9767567567567568,8.129171308331646,8.180674058456056,7.882483297105044,6.984083138434909,7.067609105789698,6.750788588021813,5.261377943103097,5.310611166704867,4.626879895870682,3.228383217848773,3.2568909012752285,2.732300473162711,0.7314658959492149,0.038607821573875975,0.4907307359252343,0.05737907041102982,0.8112058983353952,0.10410384421302996,0.8658810527916215,0.12088539328407426
973,0.9772472472472472,8.12739063454981,8.17907471012745,7.880274954072086,6.978921304738826,7.062543892106743,6.745463007180469,5.2524959516217455,5.301278850130747,4.616977679385469,3.2183621338187285,3.2469111421802186,2.718355225966373,0.7328793373337318,0.03864761484658856,0.4921732107487564,0.057456729455506415,0.8130247086164327,0.10421897012076183,0.8667249688751059,0.12132314511333185
974,0.9777377377377376,8.125583166703464,8.177444382779273,7.877962885660658,6.9737106891924245,7.057439911043617,6.740232851136526,5.243573282032757,5.291920938673813,4.606848355497119,3.20829187260315,3.236918000468881,2.7023996221513076,0.7343801516721368,0.038725126514787295,0.4935911661701535,0.057528070545398324,0.8148871301645655,0.10435241684884039,0.8678264991842152,0.12196111912327524
975,0.9782282282282282,8.123748860103365,8.17578299547815,7.875525425855909,6.968451938172645,7.052297543232121,6.7351432168468675,5.234610455913144,5.282537878895002,4.59641393896419,3.1981726204531724,3.2269090020905487,2.683736188765014,0.7359995654385261,0.03885428556864515,0.4949747703988737,0.05759083845133018,0.8168109894753975,0.10451217500344183,0.8692757950956833,0.12287392687994446
976,0.9787187187187187,8.121887540790903,8.17409048171039,7.872935651305647,6.963146194303687,7.04711715050306,6.730250034648206,5.225608626036577,5.273130062899621,4.585570942665532,3.1880056804483408,3.2168813411414092,2.6614498266802693,0.7377785136588332,0.03905384622753367,0.4963117765308508,0.057642305252569755,0.8188193587377159,0.10470914005499912,0.8711907906816385,0.12416245155424697
977,0.9792092092092092,8.119998953906494,8.172366743318072,7.870160211902595,6.957795275571464,7.041899110442916,6.725622051589316,5.216569309772029,5.263697979258115,4.574183692808293,3.1777933276924766,3.206831502208485,2.6343332823292047,0.7397709788871691,0.039349352902778974,0.49758703554274447,0.05767925683460346,0.8209418583515408,0.10495796323559387,0.873727082945765,0.12596439212413058
978,0.9796996996996996,8.118082701422539,8.170611671282208,7.86715804449563,6.952401473753845,7.036643751953635,6.721343053975824,5.207495027135529,5.254241711953415,4.56207617648862,3.167538738146118,3.1967555053237344,2.6007718617435565,0.7420490771586757,0.03977626915121305,0.4987820208397372,0.05769798874118131,0.8232161005193661,0.10527813220499492,0.8770934356633601,0.12847088059709022
979,0.9801901901901902,8.116138295209625,8.168825154500945,7.86387880898671,6.94696804250626,7.031351400382286,6.717514374089968,5.1983888586272124,5.244761332119593,4.549019369883219,3.157247192766996,3.186649109932536,2.5585669406940377,0.744710824640559,0.04038501319326097,0.4998741707346023,0.0576943908446007,0.8256899710536548,0.10569573558888748,0.881575283329055,0.13195287189636595
980,0.9806806806806807,8.114165088745963,8.167007057121122,7.860260986075005,6.941498617207705,7.026022355646627,6.714257616764285,5.189254891681331,5.23525694791438,4.534718853624617,3.146924016757194,3.176507605477752,2.504641919178104,0.7478931227511283,0.041249466531116094,0.5008362923408682,0.05766409446113873,0.8284236579442799,0.10624531337257859,0.8875759062371859,0.13680437863167025
981,0.9811711711711711,8.112162340781186,8.165157227617083,7.856229645679995,6.93599773429996,7.02065688637063,6.711717584896217,5.180097830625956,5.225728219536322,4.518795656750481,3.136577493276352,3.166326146072206,2.434534979634105,0.751793892322038,0.042481993782089375,0.5016357512048478,0.057602805478371336,0.8314930489981682,0.10697271485415356,0.8956864912043874,0.14361748284122566
982,0.9816616616616616,8.110129193849977,8.163275521268307,7.851693655834222,6.930470642996713,7.015255229767321,6.710065331336845,5.1709232791729836,5.216174854334006,4.500761706343084,3.126216970552318,3.1560997343773756,2.3414401945284253,0.7567140650998321,0.04426199729886281,0.5022336528636885,0.05750686147192479,0.8349935878302737,0.10793904786423801,0.9068217803620533,0.1533215331792366
983,0.9821521521521521,8.108064695392876,8.161361774331189,7.846542507139161,6.924923007988806,7.009817579878454,6.709501245476374,5.161737602651943,5.206596387297547,4.479987596680637,3.1158522083490845,3.1458238088515964,2.2142254898314158,0.7631440392308552,0.046895026969584225,0.5025839803680995,0.0573741136007334,0.8390453935663368,0.10922596112854539,0.9225022923129684,0.16746669595424388
984,0.9826426426426427,8.105967839978865,8.159415835439036,7.840642224770607,6.919360920970436,7.004344094428953,6.710257978796721,5.152547569040885,5.196992141972732,4.4556570409468055,3.1054960683060258,3.1354935986240613,2.032742396680964,0.7719678187532093,0.050952469713171265,0.5026325869644892,0.05720535685619625,0.8438003384356376,0.11094324738711561,0.9455263576320246,0.18888814495056228
985,0.9831331331331331,8.103837578441679,8.15743754919941,7.833830531250002,6.913790649107972,6.998834900534633,6.7126030254542695,5.143360134274269,5.187361314025593,4.426701697054921,3.095160809083876,3.125105279373753,1.754252754555391,0.7850533738851136,0.05767536325303079,0.5023161567914585,0.057006464096403406,0.8494518396729768,0.11323978863572143,0.9819259699282846,0.22362080638641807
986,0.9836236236236235,8.101672879700716,8.155426775189486,7.825910671724759,6.9082181732600825,6.9932900702467915,6.716840587336624,5.134182452742169,5.177702955692161,4.391706146183982,3.0848588531000996,3.1146560635324447,1.2575704923720374,0.8076796263876534,0.07064024538272558,0.5015611230920711,0.05679156313632571,0.856248815620569,0.11631937242328355,1.0490392107060151,0.28879754954753895
987,0.9841141141141141,8.099472834143008,8.153383392994645,7.816643867080624,6.902648809156007,6.987709627003375,6.723312441477859,5.125020624771608,5.168016065745916,4.348759417013741,3.074603371198415,3.104143776056584,-0.2666410682306755,0.8750173446299958,0.1141064771451011,0.5002825197203938,0.05658757185928887,0.8645174197580923,0.12046461709564628,1.263752069368802,0.4994133620117811
988,0.9846046046046046,8.097236667595787,8.151307324109135,7.805739453392177,6.897086341994858,6.982093562235728,6.732397295630087,5.115879377119118,5.158299525459243,4.295220492802414,3.0644039499702718,3.093568115536173,0.9440058537037969,0.8236987571818641,0.07918589612550701,0.4983827750400144,0.0564404951243057,0.8746948263879751,0.12607357723875207,1.0810199803822325,0.33229350185820816
989,0.9850950950950951,8.094963937500102,8.149198511404139,7.792842477387558,6.891532214439676,6.976441810963421,6.744508136961097,5.106761080383947,5.148552009725861,4.227314438578135,3.0542685509242493,3.082930139005213,1.887815805978567,0.7841306435628238,0.05531442101044471,0.4957504465086105,0.05642368965541661,0.8873873474248918,0.13372033308910986,0.9348352354676133,0.21505211725816525
990,0.9855855855855855,8.092654646068626,8.147056958991357,7.777517085206358,6.8859844857150705,6.970754286892602,6.760087130127746,5.097664481577447,5.138772482426164,4.139403411814223,3.044198337993851,3.072233659133362,2.4397578415081553,0.761811904974791,0.04571587819633224,0.4922587222910384,0.05664798878596817,0.9034751919927885,0.14426123376636693,0.8424807049678802,0.16772904940102765
991,0.9860760760760761,8.090309387444172,8.144882744814218,7.759224437215783,6.8804361785198935,6.965030864216667,6.779597614014429,5.088582638890507,5.128959660851403,4.022538678383132,3.0341876391302662,3.06148410291141,2.851883065539276,0.7459090092707794,0.043533880199525955,0.4877636477619486,0.057272558436157556,0.9243210595565253,0.15904238377364668,0.766171637065282,0.159903222758948
992,0.9865665665665666,8.087929620444518,8.14267601151458,7.737292430406621,6.8748736323789705,6.959271406109042,6.803512877309171,5.079501602250806,5.119112530952032,3.8612449143341285,3.024217447949159,3.0506899383076833,3.1918908492421623,0.733684044990202,0.046885120821596356,0.4821016396891305,0.058513964243066145,0.9522339171849559,0.1803593542741632,0.6938666206982688,0.1807156280455863
993,0.987057057057057,8.085517893845605,8.140436994186544,7.710873353092126,6.869274051221071,6.953475779019027,6.832301830162828,5.070396936725784,5.109230069432122,3.6250475159947073,3.014254388356572,3.039862274862895,3.4879928716760507,0.7243240566030766,0.05495667412754934,0.4750858199488678,0.060649341728582,0.9916936633661004,0.21267329815506966,0.6170694842399206,0.22237417804473372
994,0.9875475475475475,8.083078208880513,8.138166051164848,7.678882915218525,6.8636028450951825,6.947643835549737,6.866411854035308,5.061231140582214,5.099311654972647,3.239221159871703,3.0042428009318245,3.029014944615431,3.7546307275612634,0.7182450547528737,0.06876340000708903,0.4665001162372521,0.0640098697777859,1.0535831518811518,0.2668306097681043,0.522872530430791,0.2871916928693252
995,0.988038038038038,8.08061637500068,8.135863669734523,7.639909383094047,6.857810559324407,6.941775510049022,6.906249770411589,5.051949432050947,5.089356851432224,2.4063250017428066,2.994098607791694,3.0181642518003864,4.000164547141504,0.7193377386867694,0.09684229399572629,0.4560893460760337,0.06896521916073077,1.1810210734276565,0.38587425739523884,0.3670083516429893,0.4117084743124039
996,0.9885285285285286,8.078140529159176,8.133530461745291,7.592074129507437,6.851827830100961,6.935870766526557,6.952162167118164,5.042474847949192,5.079365745600311,1.8240709019196204,2.9837007517621803,3.007328641849574,4.229849829185023,0.7172018254882658,0.1179511983760837,0.4435426897632783,0.07590835574335125,1.27305454711655,0.4687992184610329,0.24972399904220866,0.5015263865384587
997,0.989019019019019,8.075661632236,8.131167187396143,7.532806999801719,6.84556106884493,6.929929703983362,7.004416790718835,5.032701993938782,5.069338626782385,3.291977379213666,2.9728802497028486,2.9965279877703312,4.447192431628005,0.6855337675133756,0.07946358703885809,0.4284645498215816,0.08525827785134163,1.0692170271412123,0.2554674502144437,0.4310253057013874,0.33120883353638325
998,0.9895095095095094,8.07319418795637,8.128774795408264,7.458466415197097,6.838885897868011,6.923952545582646,7.063186875923551,5.0224899651639765,5.059276667806587,3.944160438700684,2.96140903262782,2.9857822432041137,4.654637457649739,0.6655695864448419,0.0701758748923768,0.41032288561403335,0.0975002786040084,0.9844150484591231,0.16135160269536306,0.4956890045899422,0.29061924540228645
999,0.99,8.070756989217665,8.126354388480577,7.363652802679467,6.831639415597517,6.917939769565033,7.12854007884506,5.011652570607371,5.04918134876911,4.396182280112154,2.94897899449397,2.975109559408152,4.853951581670752,0.6481016392568306,0.0695446676564372,0.38835262802844817,0.1132848993562112,0.9295498762175505,0.09959199990770554,0.5325863345375867,0.28891865569931
