,Ewe_RHE,Logj100a,Logj100b,Logj100c,Logj10a,Logj10b,Logj10c,Logj1a,Logj1b,Logj1c,Logjpt1a,Logjpt1b,Logjpt1c,CO_Order_overall,CO_Order_overall_std,CO_Order100x10,CO_Order100x10_std,CO_Order10x1,CO_Order10x1_std,CO_Order1xp1,CO_Order1xp1_std
0,0.5,3.835421559444765,3.760969695018228,3.7764713970537525,3.1572610075526697,3.095540441639967,2.975386790451939,2.4471700095491884,2.4039995407054566,2.0239242868614573,1.4721059753260128,1.525379122119002,0.7856068933437729,0.36368408216705317,0.02626475267665464,0.31047342085172847,0.025195540193539298,0.3406453048051818,0.06283380448246356,0.44761311329820636,0.11879715201685263
1,0.5004904904904904,3.8427654381111376,3.7698144830622033,3.7832620617345896,3.1654700114101693,3.1050527909353596,2.9835748085508675,2.4549124834260243,2.4130307747475443,2.03487508870848,1.4799333623069357,1.5303463189173045,0.7986734160873734,0.36353265144192487,0.026094365744763322,0.31004925413731826,0.02518582181810236,0.3403825365916569,0.06249082089657668,0.44788286854688897,0.11774948184181572
2,0.500980980980981,3.8500766928131562,3.778446726433348,3.7900810031208296,3.173567223387047,3.114302646744023,2.9917566991479188,2.46258694442813,2.421913484101568,2.0458027778822943,1.4878422842329246,1.5356092638802474,0.8116665218922077,0.36335656673192585,0.025926920710457338,0.30964875950317755,0.025167971486819023,0.34009939089984265,0.06213156470979694,0.44807394173678516,0.11673158661095816
3,0.5014714714714714,3.857358540636428,3.7868842820399986,3.796933546167185,3.1815616028318354,3.1233125084003617,2.9999315259275177,2.4701994408302794,2.4306571798508028,2.0567001287599505,1.495823014378198,1.5411454662856425,0.8245745850464024,0.3631591998264196,0.025762530249124952,0.3092713400233097,0.025141632574934857,0.3397990798632565,0.061758315720161966,0.44819388624708056,0.11574360111871496
4,0.501961961961962,3.8646139406557887,3.7951437366670375,3.803824336687936,3.1894615069632293,3.132103240871755,3.008098471464055,2.4777555924881276,2.4392708017385174,2.0675607006149397,1.503866484196299,1.5469334968282884,0.8373876148898234,0.362943653418492,0.025601292972676614,0.3089163857909798,0.025106691789350988,0.33948454016497875,0.06137320448926269,0.4482497387173552,0.11478552489990203
5,0.5024524524524524,3.8718456179480576,3.8032405321297467,3.8107571623309373,3.1972747550164042,3.140694189165401,3.0162568522765687,2.485260605200745,2.447762764899744,2.078378793988269,1.5119642728553215,1.5529530114332077,0.8500970472613637,0.3627127708357103,0.025443296456486943,0.3085832415685206,0.025063229767578195,0.33915845853688575,0.060978212574788304,0.4482480498346664,0.11385724777116156
6,0.502942942942943,3.879056076128881,3.8111890274574214,3.8177351012218117,3.205008630762478,3.1491032785502324,3.0244060888835724,2.4927193067264786,2.4561409777943544,2.0891493901417983,1.520108574864489,1.5591847089676445,0.862695671471431,0.3624691533041214,0.025288615171224313,0.30827122858434686,0.0250114756972383,0.3388232832530987,0.06057517686105994,0.4481949047585929,0.11295855442696949
7,0.5034334334334334,3.8862476041905163,3.8190025704489727,3.8247604883891477,3.2126699377607215,3.1573471427608073,3.032545707362246,2.5001361740277384,2.4644128757292534,2.0998680964821563,1.5282921576861621,1.5656103422518173,0.8751775163293382,0.3622151707959092,0.02513731148616348,0.307979624237404,0.02495177538542648,0.3384812500174666,0.060165795919805365,0.44809594505900485,0.1120891375676218
8,0.5039239239239239,3.893422298578917,3.8266935817361927,3.83183520992186,3.2202650195145033,3.165441201938436,3.0406753193757408,2.5075153388766878,2.4725854608285274,2.1105310954374334,1.5365083485500903,1.5722126623184116,0.8875376961124262,0.36195299030828354,0.02498943566831538,0.3077077087365339,0.024884556793941352,0.33813439407630647,0.05975163522829782,0.44795640018933597,0.11124861281335509
9,0.5044144144144144,3.9005820662970665,3.83427359887322,3.8389604776975443,3.227799780128465,3.1733997355300114,3.0487946288719203,2.5148606229720802,2.4806653144973576,2.1211351288435294,1.5447509762416338,1.5789754485026979,0.8997723778330685,0.36168457176106245,0.024845025661076933,0.30745472480756164,0.02481030982361475,0.33778456010405283,0.05933412807676517,0.4477811009239092,0.11043652000347763
10,0.5049049049049049,3.9077286437975607,3.8417533365809406,3.8461370243431103,3.2352797228026904,3.181235997943494,3.0569034173625558,2.522175545764139,2.4886586245008924,2.1316774150391353,1.5530143943283001,1.5858834347588993,0.9118786399092534,0.36141169094309217,0.024704108452223768,0.30721989718859577,0.024729567162165737,0.33743342933654635,0.05891458759503328,0.4475745001729828,0.10965234042221664
11,0.5053953953953954,3.9148636157310355,3.84914274574802,3.853365161786665,3.24270996630243,3.188962239356355,3.065001531578449,2.5294633473628467,2.496571212403123,2.14215563967706,1.561293388195236,1.5929222920891284,0.9238543845813694,0.36113595380104485,0.024566699802100026,0.30700244875220495,0.024642886790750718,0.337082517222195,0.05849420877969616,0.4473407076216845,0.10889550021035165
12,0.5058858858858859,3.921988406110427,3.856451059832044,3.860644719989351,3.250095263982359,3.196589805349263,3.073088886140565,2.5367270128193753,2.50440854800334,2.15256790120638,1.5695832091102015,1.6000786167736756,0.9356982874407108,0.3608587986188452,0.024432805156570394,0.30680157950990944,0.024550840156727306,0.3367331932734364,0.05807407686623897,0.4470834915216592,0.10816538017317201
13,0.5063763763763763,3.9291043038983817,3.8636868269986975,3.8679752306669224,3.2574400373204844,3.2041291941512546,3.081165454421476,2.543969274604096,2.5121757812763583,2.162912691450144,1.577879503645889,1.6073398722147612,0.9474097097007795,0.3605815168692624,0.024302419368737605,0.30661648974670686,0.024454001003713265,0.3363866907145287,0.0576551716972395,0.4468063121981294,0.10746131861582484
14,0.5068668668668669,3.93621246663676,3.870857971739043,3.8753558142720594,3.2647483805593316,3.2115901016188793,3.0892312594538986,2.5511926315731412,2.5198777402531043,2.1731888397389287,1.5861783130411082,1.6146943449034659,0.9589886191672105,0.3603052576631317,0.024175528026734904,0.3064463672383706,0.024352938326996202,0.33604411799732764,0.057238375343766454,0.446512334308965,0.10678262069612401
15,0.5073573573573573,3.9433139332291716,3.877971822670678,3.8827853989608063,3.2720240947473274,3.218981458984842,3.0972863702783258,2.558399372362898,2.527518971659129,2.1833955218626087,1.5944760357460135,1.6221311686436193,0.9704355489502685,0.3600310413190079,0.024052107071526073,0.30629041496124376,0.02424820657336601,0.33570645809959315,0.05682447515947769,0.44620444530265824,0.10612856267447147
16,0.5078478478478479,3.9504096207608574,3.885035144446685,3.8902625990275523,3.2792706843558577,3.2263115189644127,3.105330906772952,2.565591583233596,2.5351037371967884,2.193532181013258,1.6027694321961392,1.6296401984062971,0.9817515184383584,0.3597597663867204,0.023932124199655163,0.3061478249781728,0.024140341369992328,0.33537459204706305,0.056414173714373204,0.4458852735814777,0.10549839785367413
17,0.5083383383383383,3.9575003551193726,3.8920541773270636,3.8977857176106596,3.2864914058305623,3.233587880452965,3.1133650057969917,2.572771151941805,2.5426360448920797,2.2035985474608224,1.6110555519283878,1.6372120534938055,0.9929380016401057,0.359492215254466,0.023815539109123023,0.3060177832889385,0.024029863285507227,0.3350492966691847,0.05600809116384848,0.445557205333702,0.10489135752838594
18,0.5088288288288288,3.964586855427312,3.899034678999954,3.905352994576126,3.2936892446498973,3.240817499370808,3.1213888572524886,2.579939794100542,2.550119646806836,2.2135945827956545,1.6193317660702313,1.6448380417490052,1.0039968655698102,0.3592290714165204,0.02370230306866924,0.30589950604642174,0.023917257914103943,0.33473125265533044,0.055606770599948424,0.4452223951348724,0.10430665938233952
19,0.5093193193193193,3.9716697548425763,3.9059819314416067,3.9129624958382996,3.3008669658637357,3.2480067970480877,3.129402673873056,2.5870990577489135,2.5575580751730453,2.2235204785356295,1.627595717061469,1.6525101439333263,1.0149303059557038,0.35897092281614634,0.02359236126597937,0.3057922089053592,0.0238029871789782,0.3344210574969423,0.05521068493628732,0.4448827904858724,0.10374351205834044
20,0.5098098098098098,3.9787495979607965,3.912900783346467,3.920611996026236,3.3080270970860557,3.255161633771366,3.1374066866629997,2.5942503358688045,2.5649546273006196,2.2333766195754325,1.6358453050020103,1.660220949117925,1.0257408492664692,0.35871826166181314,0.023485651948504452,0.30569510275474526,0.02368748502968437,0.33411922419979717,0.054820240303331026,0.4445401371849022,0.10320111164767201
21,0.5103003003003003,3.9858268613558505,3.9197956809404952,3.9282993335959673,3.3151719701721145,3.2622873522935087,3.1454011568925617,2.6013948720892963,2.572312405011243,2.243163561137206,1.644078681608379,1.6679636626443335,1.036431283977489,0.35847150606869105,0.023382106990851144,0.3056074384912481,0.02357115043615612,0.3338261921548891,0.054435782899082824,0.4441959921978699,0.10267865302760962
22,0.5107907907907908,3.9929019449959524,3.926670673969906,3.936022151765771,3.3223037171065237,3.269388841470879,3.1533863588669644,2.6085337818613272,2.579634299517878,2.252882027339034,1.6522942071161923,1.6757320358292835,1.0470046341586836,0.35823099531190744,0.023281652986783887,0.30552846301733044,0.023454354010830965,0.3335423325919601,0.054057601006674436,0.4438517445664143,0.10217532597488886
23,0.5112812812812813,3.9999751834437407,3.9335294730490125,3.943778064804691,3.32942427652538,3.2764705442510693,3.1613625805364243,2.615668049110091,2.5869230268445085,2.2625328915564142,1.6604904699651104,1.6835203518139976,1.057464126357709,0.3579970012621476,0.023184211247493532,0.30545745104848077,0.023337432011741665,0.3332679489683777,0.05368592938347077,0.4435086212008407,0.10169032160349968
24,0.5117717717717718,4.007046857446192,3.9403754273332683,3.9515645853830987,3.336535430496659,3.283536496029447,3.169330119367006,2.6227985404087133,2.5941811231637972,2.272117141715514,1.6686662347782644,1.6913233974280821,1.067813161137867,0.3577697308741622,0.02308969896411322,0.3053936827623541,0.02322069322157938,0.33300329089597386,0.053320956655897145,0.4431676989568882,0.10122283361757416
25,0.5122622622622622,4.014117186241158,3.947211581971545,3.9593792509082895,3.343638777203329,3.290590318143667,3.1772892936177133,2.629926010031201,2.6014109545665534,2.2816358806025363,1.6768204581729949,1.6991364260104271,1.0780552857585757,0.35754933540350853,0.02299802859329497,0.3053364725548115,0.02310440871968422,0.33274854868673226,0.05296282414761728,0.4428299138745738,0.10077206057531492
26,0.5127527527527528,4.021186344006121,3.9540406812827156,3.967219534244391,3.350735788171469,3.2976352970915643,3.1852404200921622,2.637051127256998,2.6086147367104484,2.2910903197103014,1.6849522501291094,1.7069551225982382,1.088194166023532,0.35733591285621924,0.022909109687301678,0.30528514242455473,0.022988824620616247,0.33250386397821147,0.05261163438471628,0.44249608179189415,0.10033720686687898
27,0.5132432432432432,4.028254460000195,3.960865193448927,3.97508294438118,3.3578277677144626,3.3046743489273416,3.193183814637024,2.6441744461942327,2.615794529813681,2.300481746511945,1.6930608826651579,1.7147755982838042,1.0982335803238656,0.35712951345413735,0.022822847671329548,0.3052390510947814,0.022874153853907345,0.33226932861135966,0.05226745058142961,0.4421668889371971,0.09991748455678813
28,0.5137337337337338,4.0353216224194846,3.9676873249993636,3.9829669514186072,3.3649159048024107,3.3117101210516773,3.201119819917755,2.6512964505400713,2.622952254569512,2.309811522368181,1.7011457680803057,1.722594340383417,1.108177361760824,0.3569301445746333,0.022739146531176955,0.3051975595429985,0.02276058161808271,0.3320450024153223,0.05193030303190354,0.44184291915201607,0.09951211852268126
29,0.5142242242242242,4.042387874796193,3.9745090336900977,3.990869119954218,3.3720012484130755,3.3187449167264877,3.209048747605477,2.658417531264993,2.630089702578993,2.319081077592342,1.709206447578426,1.7304081855702815,1.1180294289099701,0.35673777522826944,0.022657906523498198,0.3051600745193278,0.022648265343467467,0.3318308927768604,0.051600189910452496,0.4415246525390896,0.09912033994042668
30,0.5147147147147147,4.049453245048262,3.981332057102753,3.998787013211662,3.3790847484787143,3.325780797481894,3.2169709352475357,2.6655380176391077,2.6372085337070224,2.3282918896951754,1.717242565633099,1.7382143331551554,1.1277937231096464,0.35655234046146433,0.022579027044376136,0.30512601402768713,0.022537336958782225,0.33162698266641405,0.05127708214248535,0.4412124772886422,0.0987413963480665
31,0.5152052052052052,4.05651771246316,3.9881579233534055,4.00671819918203,3.386167232909282,3.3328195548179935,3.2248866976759887,2.6726581673777394,2.6443102947578585,2.3374454858170517,1.7252538965957822,1.7460102696512112,1.1374742180158282,0.3563737407513564,0.022502405853588023,0.3050948194426882,0.02242790399380877,0.33143321455185787,0.05096092478556879,0.44090669699268936,0.09837454713154348
32,0.5156956956956957,4.063581237297699,3.9949879458468502,4.014660348976279,3.3932494354617995,3.3398627434326604,3.232796363275162,2.6797781667014084,2.6513964167657282,2.3465434353821863,1.7332403021667522,1.7537937906690089,1.147074893669806,0.3562018509114257,0.022427939471694594,0.30506595917823565,0.02232004965907099,0.33124950594044006,0.05065163747033824,0.44060753593926305,0.09801906631603091
33,0.5161861861861862,4.070643765003782,4.001823286200992,4.022611208807519,3.4003319906900815,3.3469117027277595,3.240700249359201,2.6868981636737077,2.658468227179071,2.3555873141563204,1.7412017355492797,1.7615629364286038,1.156599741869946,0.3560365239210573,0.022355523280927905,0.30503893553474853,0.02221383498989605,0.3310757468097413,0.05034912375202618,0.4403151484557875,0.0976742420766633
34,0.5166766766766767,4.077705202259944,4.008664897576331,4.0305685117637875,3.4074154526150977,3.3539675681895904,3.248598662998121,2.6940182374579984,2.6655269527595675,2.3645787440916237,1.7491382288343622,1.7693160392227838,1.1660527241733205,0.3558775841755754,0.022285053241852704,0.3050132557833917,0.022109303871688905,0.3309118023402884,0.05005326466191457,0.4400296216814753,0.09733938085638964
35,0.5171671671671672,4.08476545946951,4.0155136058574925,4.038530170996006,3.414500283016823,3.361031281920003,3.2564919052552166,2.7011384301784487,2.672573725998747,2.373519337340442,1.7570498867151425,1.7770516286143003,1.1754377730088776,0.3557248458901582,0.022216424614503683,0.30498847759433123,0.022006478966535865,0.3307575159221725,0.04976392825415265,0.4397509874766327,0.09701380589340909
36,0.5176576576576577,4.091824410326171,4.022370077696493,4.046494078125328,3.421586883347226,3.3681036218671094,3.264380275230217,2.7082587402304794,2.6796095941145297,2.382410730578228,1.7649368836419603,1.7847684514633797,1.1847588148852777,0.35557809986014355,0.022149532728799735,0.30496415993675036,0.021905367722255393,0.33061271328908953,0.04948096664540444,0.43947922187827543,0.09669685325578294
37,0.5181481481481481,4.098881931702089,4.029234844292987,4.054458268758091,3.428675575581533,3.375185186633307,3.2722640628952813,2.7153791267510394,2.6866355146415266,2.3912545619398275,1.7727994503134388,1.792465472901218,1.1940196867114605,0.35543712732505406,0.022084274298934743,0.304939902264956,0.021805961177965683,0.33047719983996143,0.04920421857185057,0.439214255698609,0.09638788355729778
38,0.5186386386386387,4.105937878789116,4.036108316681549,4.062420870894657,3.4357666208697024,3.3822764574909603,3.280143543388179,2.72249951319685,2.6936523717768557,2.4000524528646765,1.7806378708066875,1.8001418149303565,1.2032242070670036,0.35530169806783846,0.022020545974444427,0.3049153248125552,0.021708237709338152,0.3303507712344309,0.04893351483146764,0.4389559737676652,0.09608627053872681
39,0.5191291291291291,4.112992106383175,4.042990791865313,4.070380080061662,3.442860219588346,3.389377756887613,3.2880189857625925,2.7296197942025886,2.70066097394329,2.4088060391184896,1.7884524763839056,1.8077967966816115,1.2123761188547306,0.35517157055047055,0.021958245933818718,0.304890073694379,0.021612163058092437,0.33023320352922464,0.04866867368743944,0.43870422343488996,0.09579140897629868
40,0.5196196196196197,4.1200444544318024,4.049882457232371,4.078334127451084,3.4499565239711254,3.3964892911547007,3.295890648091796,2.73673983783022,2.707662060805003,2.417516918505262,1.7962436380120947,1.8154298557121076,1.2214790893518963,0.355046495188065,0.02189727414278207,0.3048638075389298,0.021517693371673793,0.3301242667087012,0.04840950966148235,0.4384588208096852,0.09550271287507409
41,0.5201101101101101,4.127094768081268,4.056783406484294,4.086281463808145,3.457055630050332,3.4036111637859623,3.303758778280371,2.7438594863068597,2.714656305216105,2.426186696411416,1.80401176042988,1.8230405937251954,1.2305367189118397,0.3549262211807151,0.02183753132140262,0.30483622844370994,0.02142477466471866,0.330023718575943,0.04815582745511816,0.43821955072408314,0.0952196142187759
42,0.5206006006006006,4.134142868441508,4.063693656019848,4.094220505340657,3.4641575939961156,3.410743372998896,3.311623609683595,2.750978562937444,2.7216443227172946,2.4348169539393116,1.8117572834648095,1.8306287389292553,1.239552529192498,0.3548104873706874,0.02177892055624421,0.30480704195323766,0.021333345285976666,0.32993130836858214,0.04790742819195839,0.437986171457611,0.09494156481873484
43,0.5210910910910911,4.1411885940168185,4.070613131980136,4.102149868549606,3.471262422566002,3.4178858075370306,3.3194853766121777,2.7580968692938845,2.728626665586628,2.443409236103839,1.8194806739093314,1.8381941159379385,1.2485299615802552,0.3546990357292784,0.021721346028272012,0.30477599492227103,0.021243335320537547,0.3298467799899533,0.04766410913603264,0.43775841752205275,0.09466803460233131
44,0.5215815815815816,4.148231774048055,4.077541695778861,4.110068206706033,3.4783700945685765,3.4250382990063404,3.327344279651974,2.7652141933280636,2.7356038367384437,2.451965081056608,1.8271824138544197,1.8457366816694356,1.2574723338059342,0.35459160486244834,0.021664715491512193,0.30474284601701246,0.021154673368320182,0.329769870255079,0.047425664659225104,0.43753600985104346,0.09439851774523352
45,0.5220720720720721,4.1552722387174645,4.084479138551858,4.117974259573659,3.485480555201243,3.4322006041722517,3.3352005245039544,2.7723303185538066,2.7425762886825504,2.460485991203189,1.8348630047064567,1.8532564813466197,1.266382916948066,0.35448793128889794,0.021608937820775977,0.30470737134678616,0.02106728209725311,0.3297003141335218,0.047191888137936344,0.4373186474381783,0.09413252238896684
46,0.5225625625625625,4.162309811992721,4.091425199305595,4.125866868019372,3.4925937120106663,3.4393724014548983,3.3430543011197313,2.7794450057940634,2.749544427080849,2.4689734363702476,1.8425229718948415,1.8607536191510354,1.2752648485972133,0.35438775514889276,0.021553924895956516,0.3046693722830471,0.020981079806861435,0.329637842305795,0.046962571307609606,0.4371060218055356,0.09386957937459811
47,0.523053053053053,4.169344332881658,4.098379565303785,4.133744985952438,3.4997094477056145,3.4465533137509285,3.3509057912315057,2.7865580073933276,2.756508608979275,2.4774288646372584,1.8501628388972418,1.8682283043413022,1.284121169691845,0.35429081947597396,0.021499590963109088,0.3046286740719486,0.020895983215785244,0.3295821840425212,0.04673750421891986,0.43689781212460294,0.09360923887270108
48,0.5235435435435436,4.1763756330140485,4.105341878869425,4.141607646139518,3.5068276295495697,3.453742922334615,3.3587551579203043,2.793669076283651,2.763469155003349,2.4858536813020247,1.8577831466039505,1.875680813648531,1.292954839482834,0.35419686835929337,0.021445852742845512,0.3045851167629276,0.020811909208824933,0.3295330690335175,0.04651648053008003,0.4366936857233603,0.09335106923816971
49,0.524034034034034,4.183403553550986,4.112311747119189,4.149454012150188,3.5139480870896214,3.460940746991473,3.366602552389872,2.8007779624489446,2.770426347075395,2.4942492584241043,1.865384436038576,1.8831114887237157,1.3017686868617904,0.35410565276591094,0.02139263002932491,0.30453857170507276,0.020728772402020198,0.3294902217291489,0.046299294298054586,0.43649330854243173,0.09309466126093478
50,0.5245245245245245,4.190427929580049,4.119288731225263,4.157283207667916,3.521070645700447,3.468146296727815,3.37444812069262,2.8078844003249657,2.777380430419125,2.5026169323122907,1.8729672590406101,1.8905206897898128,1.3105654455970617,0.35401692350926967,0.021339845519412464,0.3044888998531914,0.020646488914037902,0.32945337640852834,0.04608574110356308,0.4362963432996698,0.09283962094576395
51,0.525015015015015,4.197448612123327,4.126272377049662,4.165094586838524,3.5281951095148125,3.475359032105383,3.3822919861052845,2.814988130212169,2.7843316190712044,2.5109580087043044,1.8805321583504453,1.8979088629784033,1.319347726506595,0.3539304429132663,0.021287424757983012,0.3044360090005833,0.020564976407273807,0.3294222620569021,0.04587561915045587,0.4361024513011015,0.09258557707484338
52,0.5255055055055055,4.204465451854216,4.133262198674078,4.172887520004107,3.535321266151891,3.482578391943433,3.3901342772832423,2.8220888986270136,2.791280092274247,2.51927373830141,1.8880796784683664,1.9052764777662514,1.3281180463686935,0.3538459763381316,0.021235296125784557,0.3043798093935447,0.020484151955748382,0.3293966150044587,0.04566873125887661,0.43591129172761556,0.09233217546921237
53,0.525995995995996,4.211478312204006,4.140257692758275,4.180661473556737,3.5424488903989544,3.489803790272616,3.3979750950680545,2.829186438173309,2.798226005903348,2.527565357179944,1.895610356719329,1.9126240424924066,1.336878803004838,0.3537632967071639,0.021183390906612445,0.3043202339804298,0.02040393687158674,0.3293761696228307,0.04546488058919173,0.4357225288796759,0.09207907962895255
54,0.5264864864864864,4.218487051429173,4.1472583381916985,4.188415950444867,3.549577757384666,3.4970346215649863,3.405814539679652,2.836280498728863,2.8051694871012294,2.535834038490275,1.9031247355440224,1.9199520825879786,1.3456322783524965,0.35368218239272453,0.021131644044071883,0.304257220551989,0.02032425404316263,0.32936066817992166,0.04526387827101707,0.43553582985053074,0.09182597383016147
55,0.526976976976977,4.2254915376601625,4.154263602324753,4.196150605641995,3.5567076233140673,3.5042702792026774,3.4136526900552453,2.8433708202705086,2.8121106373196922,2.5440809269973124,1.9106233408863467,1.9272611717867076,1.3543806476717972,0.3536024218771954,0.021079992967251337,0.3041907346440543,0.020245030253319325,0.32934985622705937,0.04506553735909543,0.435350863310518,0.0915725595212301
56,0.5274674674674674,4.232491654455648,4.161272944864149,4.203865108747668,3.563838237420309,3.5115101335760377,3.421489626257323,2.8504571522862903,2.8190495385873273,2.5523071298724416,1.9181066902685144,1.9345518801480124,1.3631259659207142,0.35352381063645144,0.021028378472950252,0.30412074921150783,0.02016619391382028,0.329343482017915,0.044869675013236375,0.4351673102194434,0.09131855558755897
57,0.527957957957958,4.239487281846036,4.168285816079854,4.211559214262575,3.5709693513265806,3.518753580908195,3.429325414147627,2.8575392586856148,2.825986250042817,2.5605136961419834,1.925575288563582,1.9418248028634477,1.371870191264145,0.3534461520993758,0.02097674443203201,0.30404724559315044,0.02008767857256642,0.32934130547937013,0.04467611709758645,0.4349848540989419,0.0910636984208868
58,0.5284484484484484,4.246478309088658,4.17530166196578,4.219232758488482,3.5781007111603826,3.5259999724865296,3.4371600977246493,2.864616889580064,2.832920814050127,2.568701660247252,1.93302964444323,1.949080551207941,1.3806151484146305,0.3533692580018888,0.02092503797958487,0.3039702281521413,0.020009422288689835,0.32934308260980333,0.04448469003497899,0.43480318837441667,0.09080774333853223
59,0.528938938938939,4.253464640750186,4.182319939427161,4.226885621717048,3.585232059713764,3.5332486949299686,3.444993735570424,2.8716898187726576,2.839853253803317,2.576871993460765,1.9404702422211986,1.9563197301724764,1.3893625696059322,0.35329294999949423,0.020873209047337853,0.30388970467256576,0.01993136432641478,0.32934858464074734,0.044295228805623324,0.4346220158047518,0.09055046053513137
60,0.5294294294294294,4.2604461743433175,4.189340092666903,4.2345177508137,3.592363134619026,3.5404991325039163,3.452826351409458,2.878757816021816,2.8467835787161113,2.585025639118703,1.9478975441530713,1.9635429578351993,1.3981140704748944,0.35321705728338004,0.020821210742312815,0.30380569584983236,0.019853450785809454,0.3293575832945563,0.044107572724162505,0.4344410507020258,0.09029163645563494
61,0.5299199199199199,4.267422827347487,4.196361582585831,4.242129160182847,3.5994936810670635,3.5477506653613218,3.4606579733200196,2.885820666200412,2.853711780262059,2.5931634904571803,1.9553120192697182,1.9707508631321837,1.4068711523490136,0.3531414186479258,0.02076899950817705,0.30371823633521994,0.019775630930519452,0.3293698590845284,0.04392156806361217,0.4342600137118281,0.09003107717411452
62,0.5304104104104104,4.274394520584781,4.203383867079248,4.249719930951443,3.6066234459896567,3.5550026963979158,3.4684886188980286,2.892878154205996,2.8606378432404913,2.6012864112605087,1.9627141131190755,1.9779440471189806,1.4156352189738657,0.353065882993802,0.020716534304399487,0.3036273684609918,0.019697859377954534,0.3293851997770648,0.04373706555124854,0.4340786418155952,0.08976860013154557
63,0.5309009009009009,4.281361178343065,4.210406422838782,4.257290159510006,3.613752170477155,3.5622546262093056,3.4763182986197516,2.899930083501565,2.867561732344481,2.609395219080372,1.9701042448103356,1.985123136970576,1.4244075660103288,0.3529903060299871,0.02066377730261603,0.3035331422010938,0.01962009262692376,0.3294033978451944,0.04355392255341164,0.4338966807719374,0.08950404036437433
64,0.5313913913913914,4.288322735447267,4.217428727154735,4.264839998809931,3.6208796028548145,3.5695058862046083,3.4841470085413198,2.9069762556079275,2.8744834106202517,2.617490695108889,1.9774828408109915,1.9922887284450066,1.4331893724934635,0.35291455343570416,0.02061069398818803,0.3034356139090159,0.019542293833149565,0.32942425496564254,0.043372002456041975,0.4337138909224746,0.08923724889780374
65,0.5318818818818819,4.295279138143436,4.224450269906873,4.2723697044449125,3.6280054991320134,3.576755919029622,3.4919747453455305,2.914016488245039,2.881402825748396,2.6255735779579297,1.9848502927937652,1.999441429154929,1.4419817448082426,0.3528385014293973,0.020557251769100414,0.3033348554433459,0.019464430688365966,0.3294475816883795,0.04319117519709836,0.4335300404034727,0.08896808805715553
66,0.5323723723723723,4.302230330818014,4.231470555741451,4.279879515246008,3.635129613797055,3.5840041639528937,3.4998014862674656,2.9210506048137903,2.8883199164916955,2.6336445740773358,1.9922069770323556,2.006581818866635,1.4507856440824225,0.3527620344086279,0.020503422057177735,0.30323094162894343,0.01938647433956616,0.3294731901634408,0.04301131597247538,0.43334491951522836,0.08869643849432389
67,0.5328628628628629,4.309176272711656,4.238489109373798,4.287369722629138,3.6422517126615217,3.591250108183734,3.5076272159536925,2.928078438858911,2.895234621358394,2.6417043446074144,1.9995532704430674,2.013710474636559,1.45960195983706,0.3526850452489944,0.020449178612723686,0.30312395030649997,0.01930839976138612,0.3295009073207376,0.04283230735223082,0.43315832409583105,0.08842219356395907
68,0.5333533533533533,4.316116922108087,4.245505460588644,4.294840642553977,3.6493715586132787,3.5984932348444465,3.5154519068888734,2.9350998333936773,2.902146863903148,2.649753522629695,2.00688950859994,2.0208279563756193,1.4684315022759513,0.35260743426346064,0.020394497142499052,0.3030139662406419,0.019230185495406157,0.329530562170624,0.04265403613842093,0.4329700650767283,0.08814525520224621
69,0.5338438438438439,4.323052255548243,4.25251916483919,4.30229270650967,3.6564889299063,3.6057330553398685,3.523275515238565,2.942114643391351,2.9090565661597503,2.657792698018051,2.0142160308292767,2.027934813125268,1.4772749580611757,0.3525291152344933,0.020339356809032205,0.3029010933231382,0.01915181759123814,0.3295619924235403,0.04247639760239616,0.43277996756045223,0.08786554429441956
70,0.5343343343343343,4.329982242100611,4.259529780030099,4.3097262633153175,3.663603603862682,3.6129691013450076,3.5310980050319962,2.949122723335154,2.9159636446848394,2.665822429456766,2.021533149342777,2.0350315812840334,1.4861329306866917,0.3524500044064671,0.020283739387065017,0.30278541881329296,0.019073282144045807,0.32959504510681065,0.042299290616977306,0.4325878690658498,0.08758299204014147
71,0.5348248248248249,4.336906866816199,4.266536898822855,4.317141783963603,3.6707153693300105,3.620200934276863,3.5389193290310965,2.9561239526838223,2.922868012976919,2.673843240234291,2.028841158166153,2.0421187621264214,1.4950059421019186,0.3523700320193462,0.020227628658060624,0.3026670506591485,0.01899457115413073,0.32962957354193595,0.042122621997598746,0.43239362468275744,0.08729754006692506
72,0.5353153153153153,4.343826119545905,4.273540122287278,4.3245397212739825,3.6778240210955633,3.627428115917602,3.5467394323876986,2.963118210046213,2.929769579621272,2.6818556208862256,2.0361403419369513,2.0491968645911594,1.5038944273065338,0.3522891324871969,0.020171011047346126,0.30254609627894224,0.018915679961935,0.32966543643721957,0.04194630335770996,0.4321970967620879,0.08700914335156865
73,0.5358058058058058,4.35073999036011,4.280539067618616,4.331920532337113,3.684929361075538,3.6346502518642945,3.5545582646616958,2.970105382053191,2.9366682512561195,2.689860028194463,2.0434309642954256,2.0562663547750093,1.5127987309703872,0.35220724901690204,0.020113875499783967,0.30242265806239393,0.018836606213444955,0.32970250452088207,0.041770251847645004,0.43199816596610324,0.086717766999409
74,0.5362962962962963,4.3576484794691135,4.2875333753220914,4.339284759076167,3.6920311988933436,3.641866960478592,3.562375757886185,2.9770853733783054,2.9435639320840252,2.6978568877684737,2.0507132706829103,2.063327686105575,1.5217191145076372,0.3521243351765816,0.020056213170833618,0.3022968550960231,0.018757353376026104,0.3297406512007976,0.0415943915251002,0.431796727224852,0.08642338772076179
75,0.5367867867867868,4.364551594982021,4.294522705718914,4.346632918464686,3.6991293511385557,3.6490778830737507,3.5701918423576595,2.9840580869376208,2.950456524282115,2.7058465965264924,2.05798749507464,2.0703813183964317,1.5306557765924103,0.3520403484779131,0.01999801716590711,0.3021688027870063,0.018677927112844297,0.32977975866559783,0.041418650699817997,0.4315926805852405,0.08612599195837818
76,0.5372772772772773,4.371449344351411,4.301506737804215,4.353965547693195,3.7062236472428856,3.6562826925000316,3.5780064550451844,2.991023442706447,2.9573459278167182,2.7138295127337932,2.065253852497312,2.0774276469831485,1.5396088359337081,0.3519552562727371,0.01993928273292607,0.30203861468702076,0.018598335408001116,0.32981971994046305,0.04124296461030262,0.4313859463014853,0.08582557422322498
77,0.5377677677677678,4.3783417401870555,4.308485163529318,4.36128321998669,3.7133139163807876,3.6634810608417325,3.585819520765784,2.9979813660192436,2.964232047571919,2.721805981320022,2.072512539614328,2.0844670719789313,1.5485783205967805,0.35186903264467906,0.019880007590584853,0.3019064140937633,0.018518589891901333,0.3298604265860549,0.04106727169781227,0.43117645927376025,0.08552214128911263
78,0.5382582582582582,4.385228807315956,4.315457703812194,4.368586500815775,3.7204000003652493,3.6706727062540176,3.593630958203948,3.0049317959089032,2.97111478109589,2.729776304556157,2.079763740650336,2.091499978620694,1.5575642164674943,0.35178165743386214,0.019820190880804636,0.3017723215330629,0.018438705513444804,0.32990178302872075,0.04089151809336102,0.43096415920818315,0.0852157068059377
79,0.5387487487487488,4.39211056465522,4.322424092240641,4.375875961465832,3.727481750586186,3.6778573677305997,3.6014406933860714,3.011874671652874,2.977994027419833,2.737740761388023,2.0870076275244327,2.0985267147798248,1.5665664304115976,0.35169311747476084,0.019759833844701032,0.3016364538851846,0.018358698669669916,0.32994370228731756,0.04071565343707615,0.4307490013142617,0.08490629305798152
80,0.5392392392392392,4.3989870440827135,4.329384084959162,4.38315222327374,3.734559022935028,3.685034793265022,3.6092486390491816,3.0188099418929917,2.9848696910944716,2.745699613685397,2.0942443526437073,2.105547611614034,1.5755848044161718,0.35160340774377175,0.019698939333246273,0.3014989403870815,0.018278590046645872,0.32998609772873316,0.0405396317510423,0.43053095512051326,0.08459393010491764
81,0.5397297297297298,4.405858271251013,4.3363374521998725,4.390415849214034,3.741631687250171,3.69220475820963,3.617054708989202,3.0257375713892687,2.9917416741850262,2.7536530903812646,2.1014740556808937,2.1125629907605266,1.5846191241152938,0.3515125253307465,0.019637512310258017,0.30135989683216746,0.01819840147627081,0.3300288916473266,0.04036341345326842,0.430309998740552,0.08427865663203733
82,0.5402202202202202,4.41272428764277,4.343283989513909,4.397667461666125,3.7486996135524393,3.6993670688346163,3.6248588208302186,3.0326575264859126,2.998609877878218,2.7616013907378947,2.108696865096935,2.119573135448452,1.5936691216496366,0.35142047709564445,0.019575558796440875,0.30121944851412424,0.018118157032413974,0.330072015586982,0.04018696311385231,0.4300861210220479,0.08396051701014953
83,0.5407107107107108,4.419585127234216,4.350223503339423,4.404907684714952,3.7557626816750096,3.706521536802467,3.6326608813250565,3.039569781135455,3.0054742074377687,2.769544703831635,2.1159128937688134,2.1265783267928198,1.6027344619517354,0.3513272738477697,0.019513086825432926,0.3010777208356047,0.018037883928278712,0.3301154015018446,0.040010248637029275,0.4298593233211684,0.08363956434617628
84,0.5412012012012012,4.426440835975927,4.357155827132723,4.412137080228795,3.762820789103408,3.7136680063175675,3.640460802055063,3.046474312227491,3.012334568072468,2.7774831919193463,2.1231222361498903,2.1335788093360524,1.6118147744513387,0.35123293046120035,0.0194501055032767,0.3009348278718578,0.01795761011682815,0.33015899277670857,0.03983324258841939,0.42962961662986526,0.08331585464096156
85,0.5416916916916917,4.433291451726665,4.364080804586911,4.419356267564513,3.7698738236089433,3.7208063418668593,3.6482584895779175,3.0533711163813377,3.0191908695228564,2.7854169936790796,2.130324983486014,2.1405748180426047,1.6209096319671326,0.35113746748410524,0.019386625622010517,0.3007908915283017,0.017877365405840676,0.33020273350021573,0.0396559225336448,0.4293970220850947,0.08298945284109774
86,0.5421821821821822,4.44013702401727,4.370998300083293,4.426565857146155,3.7769216974046214,3.7279364157463397,3.656053847387165,3.0602601830876366,3.026043019618168,2.7933462266345526,2.1375212071924037,2.147566558947897,1.630018557807253,0.3510409116095436,0.01932265911496865,0.300646032876632,0.01779718313587819,0.3302465763572788,0.03947826959307387,0.4291615706788082,0.08266042822779802
87,0.5426726726726727,4.446977602115475,4.377908197670221,4.43376645902533,3.783964316017354,3.7350581370137372,3.663846789435533,3.0671415162891744,3.0328909332597935,2.801270997176194,2.1447109754465075,2.1545542338169112,1.6391410459486757,0.35094329239339217,0.019258218955777312,0.30050036987562057,0.017717095554822513,0.330290478396573,0.039300267385053246,0.4289233002402559,0.08232885489879614
88,0.5431631631631632,4.4538132395204,4.3848103859553715,4.440958667191284,3.7910016021042066,3.7421714085661457,3.6716372130464774,3.0740151211478324,3.0397345235705613,2.809191381842688,2.1518943342153247,2.1615380136025455,1.6482765336075766,0.3508446442018672,0.01919331964060362,0.30035402025069213,0.017637139576813208,0.33033440024991506,0.039121905177496356,0.4286822600889785,0.08199481281286802
89,0.5436536536536537,4.460643982777068,4.391704787328983,4.44814303478591,3.7980334800283027,3.7492761852650607,3.6794250266677837,3.080881014610643,3.0465737077413677,2.8171074513628938,2.159071329305392,2.1685180411274767,1.6574244382041414,0.350745003673338,0.019127976388170723,0.3002070903178237,0.017557349419747095,0.3303783104751972,0.038943174077131354,0.4284385079597068,0.08165838358150561
90,0.5441441441441441,4.467469889474349,4.398591329371184,4.455320161171496,3.805059884786131,3.756372411554385,3.6872101339959893,3.0877392129462695,3.0534084049039896,2.8250192547009245,2.1662419901242895,2.1754944653995,1.6665841273019424,0.3506444129984914,0.01906220567538993,0.3000596960907312,0.01747776364590952,0.3304221799417374,0.03876406887272341,0.428192107315257,0.08131965611939697
91,0.5446346346346347,4.474291014600581,4.405469952349913,4.462490611672875,3.8120807560680086,3.7634600505493188,3.6949924427119645,3.094589738683096,3.0602385386288766,2.8329268222721806,2.1734063351205646,2.1824674052016118,1.67575495088927,0.35054291638931595,0.018996024569851937,0.29991194615674727,0.017398420656493517,0.330465984614543,0.03858458775180557,0.42794312898824843,0.08097872047846986
92,0.5451251251251251,4.481107416173288,4.412340614600965,4.469654940372887,3.8190960381208297,3.7705390998846013,3.7027718527922406,3.1014326275989683,3.0670640312551067,2.840830178159554,2.1805643793164466,2.189436959247232,1.6849362208422538,0.3504405615332492,0.018929451311344762,0.29976394598833955,0.017319360545655738,0.33050970417707914,0.03840473160219222,0.4276916535530524,0.08063567102202272
93,0.5456156156156156,4.487919150252895,4.419203295347023,4.476813722792156,3.8261056828614013,3.7776095482469416,3.7105482747065346,3.1082679047966963,3.0738848149001226,2.8487293254457398,2.187716126691117,2.1964032088893752,1.6941272264595264,0.35033740053533635,0.018862504455048473,0.29961580556776246,0.017240623246301802,0.3305533228167251,0.03822450359124709,0.4274377657943917,0.08029060438898403
94,0.5461061061061061,4.494726272647352,4.426057971902366,4.483967460677505,3.833109651244235,3.7846714244395403,3.7183216069876726,3.115095613820269,3.080700816871322,2.8566242596430196,2.1948615697374434,2.2033662277233765,1.7033272332637859,0.35023348452219033,0.018795203812254118,0.2994676184968429,0.017162250851950757,0.3305968292312376,0.03804391040052865,0.42718155760214144,0.07994362016038835
95,0.5465965965965967,4.501528845837438,4.432904644002327,4.491116679231214,3.84010790335882,3.7917247519499298,3.7260917652632632,3.1219157941854516,3.087511971835299,2.8645149579332854,2.2020006962540517,2.210326077319484,1.7125354778754645,0.3501288692590706,0.018727569704076914,0.2993194844047273,0.017084283987339806,0.33064021586973813,0.0378629603391987,0.4269231252991906,0.07959482179029595
96,0.5470870870870871,4.508326925920736,4.439743329183955,4.498261884919236,3.8471004113552656,3.7987695711578158,3.733858650118151,3.128728491613361,3.094318217207996,2.8724013918894227,2.2091334833802496,2.2172827889381295,1.7217511915096517,0.3500236123603804,0.018659622606731655,0.2991714998475178,0.01700676539394225,0.33068347671069265,0.03768166453156625,0.42666257240615973,0.07924431142639961
97,0.5475775775775775,4.515120571115375,4.44657404699213,4.505403618577484,3.8540871467246594,3.8058059443722145,3.741622172093125,3.1355337582940126,3.101119490991123,2.8802835260243795,2.216259907929876,2.2242363846905193,1.7309735753803215,0.34991777527901924,0.01859138382352145,0.2990237624340617,0.01692973911710769,0.3307266102537898,0.037500035209239266,0.426400008157616,0.07889219521907175
98,0.5480680680680681,4.521909842634479,4.4533968253256395,4.512542276088403,3.8610680908389803,3.8128339283947996,3.7493822359130258,3.1423316386575593,3.1079157350230044,2.8881613021016155,2.223379932501491,2.2311868898378853,1.7402018291197456,0.34981141458001136,0.01852287514853789,0.2988763506407729,0.01685324709575559,0.3307696186511843,0.03731808793910284,0.426135539757686,0.07853858008917851
99,0.5485585585585585,4.528694794907154,4.460211715308527,4.519678371672328,3.868043227768038,3.8198536129271865,3.757138759711189,3.1491221950245056,3.114706896526261,2.896034668641087,2.230493519805655,2.23813428975432,1.749435126184178,0.3497045958206795,0.018454118710267767,0.2987293553609592,0.016777332941727462,0.33081250680196095,0.03713583874625392,0.4258692883053578,0.07818357412500183
100,0.549049049049049,4.535475490638243,4.4670187696229195,4.52681234138593,3.875012547131254,3.826865074620155,3.7648916536634105,3.1559054850869135,3.121492923431095,2.903903552703938,2.237600623733005,2.245078571930668,1.7586726384374196,0.34959738209471275,0.018385136903793585,0.29858285983405447,0.01670204055576073,0.3308552810414035,0.0369533067758248,0.42560137242645024,0.07782728641851526
101,0.5495395395395395,4.542251980191621,4.473818050257348,4.533944573805758,3.881976042529495,3.8338684226120736,3.7726408249529557,3.162681566299701,3.1282737642900074,2.9117678880995483,2.244701190867206,2.252019727076712,1.7679135311231147,0.34948983514838233,0.018315952533393944,0.29843693514052383,0.01662741299224216,0.33089795151835155,0.0367705107497152,0.42533191332961545,0.07746982626791019
102,0.55003003003003,4.549024326251063,4.480609632395013,4.54107554113569,3.8889337077513217,3.840863758649473,3.780386195601072,3.1694504985310443,3.1350493755686166,2.919627586611002,2.2517951723260285,2.25895770620332,1.7771569590684824,0.3493820237273843,0.018246588243783127,0.2982916670556285,0.016553494874601178,0.3309405311804932,0.036587472181214914,0.4250610371283283,0.07711130366944738
103,0.5505205205205205,4.555792581150378,4.487393593051513,4.548205575190016,3.895885546460825,3.847851198595297,3.7881276762970715,3.176212351270754,3.141819712868243,2.9274825628143772,2.258882507085353,2.265892469911811,1.7864020684186168,0.3492740106143906,0.018177067620995385,0.29814711796538723,0.016480328834413777,0.3309830331361587,0.03640421398960745,0.4247888732343699,0.07675182980309313
104,0.551011011011011,4.562556798078309,4.494170021144838,4.555335070109546,3.902831561932646,3.854830871585227,3.795865189460859,3.1829671896938536,3.1485847357675927,2.935332727479849,2.265963125714085,2.2728239520024616,1.7956480149934149,0.3491658633781199,0.018107413529866022,0.2980033575620948,0.016407958264350833,0.33102547465670723,0.03622075889848005,0.4245155541560286,0.07639151246259268
105,0.5515015015015015,4.569317031333934,4.5009390139259375,4.562464359290968,3.9097717646804377,3.8618028928868853,3.803598657701885,3.189715080151541,3.1553444058798177,2.943177983047221,2.2730369675805275,2.279752095856199,1.8048939375277069,0.3490576472839781,0.01803764960551455,0.29786044904370346,0.016336425269993585,0.33106787282244465,0.03603713119271454,0.4242412114729642,0.0760304634932301
106,0.551991991991992,4.576073334116378,4.50770067108252,4.5695937803307345,3.916706164492784,3.8687674172359174,3.811327995109251,3.1964560879759207,3.1620986880613136,2.951018225355438,2.280103961523511,2.28667683255248,1.8141389845966038,0.3489494289028754,0.017967799248199183,0.2977184520344961,0.016265773652410984,0.3311102497224403,0.03585335658754542,0.4239659780118349,0.0756687924450293
107,0.5524824824824824,4.5828257554885345,4.514455104413073,4.576723669785606,3.92363477133741,3.875724581797398,3.819053130341956,3.203190287330262,3.168847551179034,2.9588533495503975,2.2871640351404565,2.293598072291118,1.8233823187259453,0.34884127524501535,0.017897885357999577,0.2975774275711374,0.016196045008783966,0.3311526252786042,0.03566946103325148,0.42368998954077486,0.07530660608696294
108,0.552972972972973,4.589574341550286,4.52120242004408,4.583854317963124,3.930557607637854,3.882674526356244,3.8267739884176604,3.209917744502009,3.1755909611427238,2.9666832516955592,2.294217112608763,2.300515725294742,1.8326230809314479,0.348733252327791,0.01782793156947822,0.29743742708969884,0.01612728187780009,0.33119502250354454,0.03548547025981159,0.4234133839982119,0.07494401334488345
109,0.5534634634634634,4.5963191425801515,4.527942744981011,4.590985964328716,3.9374746905530786,3.8896174096317258,3.8344904963564,3.216638533672495,3.182328894849175,2.9745078177512543,2.301263118195361,2.307429702212552,1.8418604324960215,0.3486254242459881,0.017757961246489682,0.2972984960247873,0.016059523227281824,0.3312374654079285,0.035301412222893264,0.42313629758460175,0.074581121769896
110,0.553953953953954,4.603060204958022,4.534676194551089,4.598118875977333,3.9443860413822884,3.8965533846580978,3.842202584572886,3.2233527253554755,3.1890613225557005,2.982326933456921,2.3083019729537018,2.314339890576307,1.8510935415209566,0.3485178566444388,0.017687997311717777,0.297160681288009,0.015992810284666554,0.33127997979430057,0.035117314216144745,0.42285886780105275,0.07421803601187199
111,0.5544444444444444,4.609797565487006,4.541402899272553,4.60525332147496,3.9512916831227503,3.9034826205604105,3.8499101843980035,3.230060387230328,3.195788224809498,2.9901404905765636,2.3153335954218286,2.3212461954846604,1.860321579764018,0.34841061473884694,0.017618062691593203,0.29702402810883666,0.015927183142410168,0.3313225922215959,0.034933203023496846,0.42258123139185844,0.07385486102129671
112,0.554934934934935,4.616531271139209,4.548122989001825,4.612389464129216,3.9581916421097976,3.9104052631335064,3.8576132307471003,3.236761596506933,3.2025095781792956,2.997948367577697,2.322357907771954,2.328148499825329,1.8695437282637928,0.3483037598648002,0.017548180334276242,0.2968885702305942,0.015862678527639985,0.3313653279946194,0.03474910765148054,0.42230352532591414,0.07349170042862262
113,0.5554254254254254,4.623261362305595,4.5548365982361,4.619527533608906,3.9650859449248457,3.9173214927933295,3.865311659512624,3.243456417774824,3.2092253657023586,3.005750450301403,2.3293748271966086,2.3350466791396505,1.878759176677736,0.34819735681786057,0.01747837265112915,0.2967543455334823,0.015799335272883557,0.33140821743029986,0.03456505536433605,0.4220258872856532,0.07312865515349762
114,0.5559159159159159,4.629987871394348,4.561543858127938,4.626667674131263,3.971974621182561,3.9242314673895464,3.8730054081729723,3.2501449278039325,3.215935568607045,3.013546622770585,2.336384269178565,2.341940616247261,1.8879671353376528,0.34809146466718527,0.017408661918954526,0.29662138048561404,0.015737188911346844,0.3314512870092424,0.03438107452085479,0.42174845239268033,0.07276582435965409
115,0.5564064064064064,4.636710839393169,4.568244910926768,4.633810086369542,3.9788576993735547,3.9311353603339705,3.880694418986768,3.256827192162103,3.2226401743963207,3.0213367669539672,2.3433861567070076,2.3488301914419685,1.8971668072428558,0.34798614626974556,0.017339070310390593,0.29648970979426065,0.015676276204762817,0.33149456700488655,0.03419719281714938,0.42147135509837563,0.07240330833310389
116,0.5568968968968969,4.643430295916307,4.574939891590682,4.640954893070058,3.985735209520341,3.938033332997284,3.8883786318168703,3.2635032840861715,3.2293391687565776,3.02912076884837,2.350380400520629,2.355715272733772,1.9063574263478014,0.34788145967887946,0.01726961938452032,0.29635935605179753,0.01561663117486267,0.3315380843921322,0.034013438023454454,0.4211947303549577,0.07204120175645981
117,0.5573873873873874,4.650146273525077,4.581628946893983,4.648102174812466,3.9926071859996908,3.9449255612941623,3.8960579931782915,3.2701732708969065,3.236032542068224,3.0368985153429238,2.357366924079136,2.3625957278950396,1.915538230123758,0.34777746143758537,0.01720033074433382,0.29623033418475453,0.01555828473979413,0.33158186989241395,0.03382983734931379,0.4209187107506445,0.07167959949094845
118,0.5578778778778779,4.656858802094201,4.588312212857489,4.655252097278151,3.9994736608272077,3.9518122044734283,3.9037324468430965,3.27683721599706,3.2427202848172287,3.044669885195789,2.3643456442486412,2.3694714172045788,1.924708473273388,0.34767421092228107,0.01713122515170855,0.29610267264527373,0.01550127213522896,0.33162595280462875,0.03364641868266405,0.4206434266894914,0.07131859361945224
119,0.5583683683683683,4.663567905370023,4.59498983191099,4.662404695374778,4.006334667384617,3.958693446006414,3.9114019444036434,3.2834951907107546,3.249402387017441,3.0524347721089526,2.37131647747734,2.37634221624993,1.9338674312671478,0.3475717604529767,0.017062323401043935,0.2959763761582446,0.015445621165731633,0.33167036402238054,0.03346320815395693,0.4203690066551703,0.07095827387929016
120,0.5588588588588589,4.670273608000055,4.601661950235939,4.6695600823306105,4.013190239416673,3.965569439583641,3.919066440261918,3.290147262064518,3.2560788460547965,3.0601930616839152,2.378279349517396,2.3832079814362213,1.9430143892590732,0.3474701656492023,0.016993645605514873,0.2958514653121163,0.01539136217132197,0.3317151313149362,0.03328023278258543,0.42009557843197626,0.07059872861160156
121,0.5593493493493493,4.676975932298995,4.6083287045147046,4.676718244873977,4.0200404102019425,3.9724403560678776,3.9267258809688763,3.2967934867007083,3.2627496569624843,3.0679446468639915,2.3852341800486485,2.390068582093646,1.95214864480867,0.34736947549273056,0.016925211918598134,0.2957279393878573,0.015338520803285127,0.33176028451447975,0.033097517841528284,0.41982326623527144,0.07024004409895498
122,0.5598398398398399,4.683674900516273,4.614990237387871,4.683879263621791,4.026885216140952,3.979306355257264,3.9343802243387063,3.303433936391679,3.269414814767117,3.075689416360251,2.392180892118513,2.3969238780594195,1.9612695201410186,0.3472697423840058,0.016857041619116577,0.2956058116305908,0.015287125116182543,0.3318058523572377,0.032915089961346004,0.4195521931731117,0.06988230388224316
123,0.5603303303303303,4.690370526614163,4.621646689581707,4.691043112786972,4.033724687531826,3.986167609989434,3.9420294305096255,3.310068665553237,3.2760743192759487,3.0834272709076673,2.3991194044508,2.403773719717751,1.9703763519167534,0.3471710137728036,0.016789153665673757,0.29548507706438615,0.015237196564858155,0.33185186500003117,0.032732972464776536,0.41928248217825115,0.06952558741603906
124,0.5608208208208209,4.697062827676751,4.628298198314406,4.698209846383916,4.040558862128336,3.993024268524884,3.9496734548395476,3.31669773638436,3.2827281691191708,3.0911581040650975,2.4060496501046864,2.4106179871670306,1.9794684910538805,0.34707333771681187,0.016721566670293005,0.29536574538045124,0.015188761393273843,0.33189834951158936,0.03255119067456876,0.4190142476601357,0.06916997592685836
125,0.5613113113113113,4.703751817719677,4.634944901696307,4.7053794195789695,4.047387776543652,3.999876497620194,3.9573122604927646,3.323321206777784,3.2893763665108993,3.098881819510701,2.4129715576687225,2.4174565304855884,1.9885453145297987,0.34697675848067255,0.016654298660201388,0.29524780800266925,0.01514183923111556,0.3319453352428405,0.032369767854107126,0.41874760660911864,0.06881554428107677
126,0.5618018018018018,4.710437502550085,4.641586934335728,4.712551804589225,4.054211459680518,4.006724437372719,3.9649458110940707,3.3299391300389773,3.2960189123722445,3.106598320370815,2.4198850524392705,2.424289212362124,1.9976062110097361,0.34688131925090104,0.016587367137476567,0.29513126203685286,0.01509644890775324,0.3319928475670022,0.032188726453400984,0.41848267204348105,0.06846236628879271
127,0.5622922922922923,4.717119894551774,4.648224429255463,4.7197269369141095,4.061029947998173,4.0135682532136405,3.9725740717065547,3.336551563096456,3.3026558100051235,3.114307511110139,2.426790069891244,2.431115906416862,2.0066505967749615,0.34678706011066607,0.016520789261715185,0.295016095026352,0.015052607429250645,0.3320409157639734,0.03200808928719337,0.41821955099057023,0.06811051367571463
128,0.5627827827827828,4.723798996842982,4.6548575154809475,4.726904815846798,4.067843274404618,4.020408086046287,3.9801970062849192,3.343158559782865,3.3092870631078464,3.1220093022908526,2.4336865409846085,2.437936472157321,2.015677891571795,0.3466940235244429,0.016454581662482246,0.29490230605492346,0.015010333916376618,0.33208956439642184,0.03182787792826927,0.417958353164657,0.06776005601753858
129,0.5632732732732733,4.7304748171156765,4.661486325161335,4.734085305190465,4.074651470514211,4.027244074521076,3.987814586570921,3.3497601659478233,3.3159126757612345,3.1297036125057853,2.4405744046804116,2.444750772959234,2.0246875527910024,0.3466022443115528,0.016388760206952332,0.2947898750925822,0.01496963853068636,0.3321388185786219,0.0316481117296102,0.41769918117443144,0.06741105797108163
130,0.5637637637637638,4.737147351415385,4.66811097606374,4.741268344078608,4.081454568438099,4.03407636006071,3.995426784271723,3.356356433076948,3.322532654698823,3.1373903534056877,2.4474536001240423,2.451558680806497,2.0336790385880406,0.34651175904473486,0.016323340830148435,0.2946787887782764,0.014930535126132315,0.332188703698142,0.03146881149437915,0.4174421364399837,0.06706358541554415
131,0.5642542542542542,4.743816602811146,4.674731596735579,4.748453859619462,4.088252598629535,4.040905081725305,4.00303357093464,3.362947404155593,3.3291470057485637,3.145069444445084,2.4543240690677464,2.458360071272626,2.042651845653341,0.34642260256770085,0.016258338167385665,0.29456903519265043,0.014893034942357861,0.3322392447693101,0.03128999604345734,0.41718731367393885,0.06671769879538873
132,0.5647447447447448,4.750482564536641,4.681348303731292,4.755641705796749,4.095045591042606,4.0477303619171305,4.01063491769276,3.3695331253356913,3.335755735385186,3.1527408119929463,2.461185753743312,2.465154809835647,2.051605473859034,0.3463348054701781,0.01619376700042231,0.29446059121421386,0.014857144830485312,0.3322904627097472,0.031111683502783545,0.4169348100733835,0.0663734572300515
133,0.5652352352352352,4.757145235671337,4.687961211693633,4.762831802540007,4.101833574519318,4.054552330658967,4.018230804804174,3.3761136380485235,3.3423588524851793,3.1604043861088553,2.4680386011350515,2.471942783718972,2.0605394556348386,0.346248399018452,0.01612964110217871,0.29435344157445725,0.014822873524777914,0.3323423805016702,0.030933890673345333,0.41668471448482236,0.0660309170031868
134,0.5657257257257258,4.763804607975218,4.69457043146016,4.770023975708482,4.1086165781603885,4.061371110390713,4.025821208550652,3.3826889809128797,3.3489563645824654,3.1680600941695056,2.4748825628446363,2.478723855605276,2.0694533343913935,0.3461634102340122,0.01606597408181033,0.29424755741225544,0.014790223629616437,0.33239502048127506,0.030756634510089663,0.4164371160594185,0.06569013169642562
135,0.5662162162162162,4.770460672443004,4.701176072576926,4.777218135116166,4.115394631181961,4.06818681081249,4.033406106276562,3.389259192450426,3.3555482810940793,3.1757078764104683,2.481717589197436,2.4854979178748366,2.078346677392157,0.34607986704551674,0.016002778693877534,0.294142923396163,0.014759201290607408,0.33244840119096214,0.030579930233785513,0.41619209850094313,0.0653511529171948
136,0.5667067067067066,4.777113416317167,4.7077782361664875,4.784414079268012,4.122167755894018,4.074999545970655,4.040985480154856,3.395824310449927,3.3621346095114495,3.183347670806862,2.488543636114188,2.492264849748766,2.087219065985627,0.3459977918395849,0.015940067602373136,0.2940395059900601,0.01472980443524193,0.33250254221364567,0.030403792600838055,0.41594974385702865,0.06501403002386925
137,0.5671971971971972,4.783762826826147,4.714377022505856,4.7916116942698155,4.128935976676797,4.0818094222377,4.048559311422321,3.4023843606898274,3.368715361425352,3.1909794174813877,2.4953606609509733,2.499024548078733,2.0960701119801586,0.3459172086078457,0.01587785231106528,0.29393728516164075,0.014702035124499501,0.33255746301984634,0.03022823533453844,0.4157101261713831,0.0646788091757263
138,0.5676876876876877,4.790408889204649,4.720972528356212,4.7988107965566575,4.135699323236716,4.088616535270395,4.056127581193714,3.4089393790025904,3.3752905445519907,3.1986030644341414,2.502168625828644,2.5057768927511153,2.104899437053231,0.3458381378948596,0.015816144264951346,0.29383623079301935,0.014675890721456064,0.3326131802472681,0.030053271956692575,0.4154733218601552,0.06434553427079455
139,0.5681781781781782,4.797051586760554,4.727564844661547,4.806011213441415,4.1424578104157295,4.095420980492591,4.063690278154187,3.4154893953898777,3.3818601707052727,3.2062185651630357,2.50896749173441,2.512521779007585,2.113706683591537,0.34576059870079306,0.015754954247826292,0.2937363143096163,0.014651366316569875,0.3326697088989716,0.029878913924595248,0.4152394028277318,0.06401424699552519
140,0.5686686686686686,4.803690903750595,4.73415405525641,4.813212758591504,4.149211463480508,4.102222849852151,4.071247384555364,3.4220344289694453,3.388424250252145,3.2138258733915883,2.5157572261048267,2.5192591124784767,2.122491520047114,0.34568460748507757,0.015694292374587776,0.2936375041950486,0.01462845695138352,0.3327270658050173,0.029705172315087663,0.41500843301518675,0.0636849862886821
141,0.5691591591591592,4.810326813699757,4.740740246037098,4.820415250848363,4.155960301535319,4.109022225283005,4.078798890963021,3.428574512482792,3.3949827919060733,3.2214249456126525,2.5225377981430412,2.525988788318591,2.1312536241094158,0.3456101802051705,0.015634168512695574,0.29353976956500655,0.014607154709360212,0.3327852645235222,0.029532058295409083,0.4147804784208654,0.06335778966443867
142,0.5696496496496497,4.816959300978653,4.747323494385693,4.8276185169786565,4.162704345371566,4.1158191777822735,4.0863447853098185,3.4351096607545566,3.401535807929246,3.2290157466145053,2.529309183379443,2.5327107182321003,2.139992699607123,0.3455373310511292,0.015574591643125866,0.2934430827401909,0.014587452591090396,0.33284431777150914,0.029359580736646133,0.4145555970682277,0.06303269160645918
143,0.5701401401401401,4.8235883362575,4.753903871721981,4.834822305240056,4.169443606573854,4.122613785120965,4.093885053367765,3.4416398960678296,3.4080833091427105,3.2365982474349977,2.5360713537416477,2.539424809383361,2.148708464714175,0.3454660694360105,0.015515570620332037,0.29334740249448177,0.014569336299941548,0.332904235825201,0.029187747801086003,0.4143338478586185,0.06270972409845048
144,0.5706306306306306,4.83021389813976,4.760481445576919,4.842026461353115,4.1761781061261525,4.1294061157501245,4.101419689435428,3.4481652357122274,3.414625304785513,3.244172410762335,2.5428242854539276,2.5461309683809126,2.1574006584075396,0.3453964084559975,0.015457113443530585,0.29325270105060547,0.01455279746063772,0.3329650323672935,0.029016568361844304,0.41411528397966174,0.06238891697431282
145,0.5711211211211211,4.836835958488066,4.7670562833621215,4.849230764475359,4.18290785613341,4.136196223120657,4.108948682927339,3.454685692725863,3.421161807796736,3.251738214626459,2.5495679632736046,2.552829118737182,2.1660690346223896,0.34532835563370495,0.015399227787838785,0.2931589441660904,0.014537821384180515,0.3330267147754725,0.028846048878433193,0.41389995491229603,0.0620702987600697
146,0.5716116116116116,4.843454488404759,4.773628440632152,4.8564349954826,4.189632871398136,4.142984166970806,4.1164720254793385,3.4612012850311284,3.4276928267107767,3.2592956326662756,2.5563023675006877,2.5595191755645232,2.1747133734148747,0.34526191766122716,0.015341920715455173,0.2930660943984006,0.014524393237206234,0.3330892926159278,0.02867619655179367,0.41368790765111946,0.06175389414262912
147,0.5721021021021021,4.850069459897445,4.780197974074227,4.863638957253349,4.196353159119465,4.149769990056275,4.123989716532879,3.4677120143574087,3.434218371923572,3.26684465277297,2.5630274844744,2.5662010667795103,2.1833334617387634,0.3451971009150363,0.01528519871864039,0.2929741202144337,0.014512497196208344,0.33315277303711505,0.028507014818519572,0.4134791854528672,0.06143972667024814
148,0.5725925925925925,4.856680841106114,4.786764933863397,4.87084241639223,4.203068734065484,4.156553741094301,4.131501743301818,3.4742179001187505,3.4407384572408093,3.274385253170546,2.5697433049577993,2.5728747264573513,2.191929108895002,0.3451339081687801,0.015229068228698042,0.29288298313866334,0.014502115512803762,0.33321716172184196,0.028338510810033055,0.4132738284614809,0.0611278190939733
149,0.5730830830830831,4.863288602999423,4.793329363600606,4.8780451527062425,4.209779602936908,4.163335460859591,4.139008101651751,3.480718939273664,3.447253090573361,3.281917426712088,2.5764498198928423,2.579540078842534,2.200500143856742,0.3450723422637515,0.015173534591833954,0.29279264712979874,0.01449322956998849,0.33328246527406985,0.028170686810571215,0.41307187338394613,0.06081818904774732
150,0.5735735735735735,4.8698927099136595,4.799891301973864,4.885246953426409,4.2164857732013274,4.170115169300224,4.1465087916544086,3.4872151408849787,3.4537622807216826,3.2894411593778043,2.5831470227952096,2.5861970597431054,2.2090464063738957,0.34501240446213977,0.015118603064059362,0.2927030778449791,0.014485820329082048,0.33334868711660526,0.02800354715662045,0.41287335420667987,0.060510854655020256
151,0.5740640640640641,4.87649312852634,4.806450787160371,4.892447607669192,4.223187250115891,4.176892902345707,4.15400380596478,3.493706506710483,3.4602660391003277,3.2969564519013823,2.5898349130316154,2.592845618408361,2.21756775818693,0.34495409434093816,0.015064278260165938,0.2926142405593973,0.014479867818912024,0.33341583013542386,0.027837093703678484,0.41267830039649817,0.0602058313105285
152,0.5745545545545545,4.88308982372719,4.813007849317103,4.8996468780432645,4.229884040483352,4.183668676372282,4.161493142053909,3.5001930396456413,3.4667643761616405,3.304463298300015,2.5965134864703585,2.5994856899817,2.226064073555621,0.34489741002452623,0.015010564464688968,0.29252609720067635,0.0144753497828975,0.3334838962537317,0.027671329317087785,0.41248674120943557,0.05990313210141272
153,0.5750450450450451,4.889682757677757,4.819562516473875,4.906844530784606,4.236576146026366,4.190442511173076,4.168976798572324,3.506674735304704,3.47325730096099,3.311961702149156,2.603182747049668,2.606117233939728,2.234535241815461,0.34484234750222775,0.0149574655134825,0.29243860958869033,0.014472242513087088,0.33355288719730486,0.027506254571731566,0.4122986991556622,0.059602769382007495
154,0.5755355355355355,4.896271896482901,4.826114807416655,4.914040374244395,4.243263566334391,4.197214411229069,4.17645477313071,3.5131515895817227,3.47974482096897,3.3194516645089385,2.6098426985715433,2.612740189333299,2.242981166632724,0.344788904420528,0.01490498461311319,0.2923517475487863,0.014470525647604272,0.3336228025689587,0.027341870415192076,0.41211419709436214,0.05930475245242963
155,0.576026026026026,4.902857201332116,4.832664742654518,4.921234151457405,4.249946305840859,4.203984384013631,4.1839270660827514,3.519623600848758,3.486226946282703,3.3269331953887233,2.6164933453909773,2.619354523515158,2.2514017786174474,0.3447370729770175,0.014853124588905937,0.29226546945714676,0.014470172505692358,0.33369364146853675,0.027178177023857372,0.41193325184152924,0.059009088635046725
156,0.5765165165165165,4.909438630209943,4.8392123324404155,4.9284256564564455,4.256624361413875,4.210752425954308,4.1913936733215404,3.526090758369324,3.492703685969264,3.3344063035935196,2.6231347005128747,2.6259601854022048,2.259797005884897,0.3446868473630487,0.014801887997214373,0.2921797424639629,0.014471160081244674,0.333765401297966,0.0270151738361521,0.41175588034891164,0.0587157846378987
157,0.577007007007007,4.916016148059674,4.845757587752096,4.935614679447612,4.26329773067975,4.217518533332946,4.198854596173314,3.5325530570743475,3.49917504685721,3.341871000984422,2.6297667698671874,2.6325571468074926,2.2681667998584354,0.34463822023175056,0.014751276838061933,0.29209453340256203,0.014473463960881946,0.33383807939557364,0.026852860135228668,0.41158209484250835,0.058424845206649624
158,0.5774974974974975,4.9225897140933075,4.852300508852851,4.94280099938172,4.269966412101709,4.224282698576156,4.206309834644248,3.5390104839676555,3.5056410369616926,3.34932730184166,2.636389569085347,2.639145376434426,2.2765111246091716,0.34459118219740076,0.014701292808767974,0.29200980572418184,0.014477059094477501,0.3339116730972238,0.026691234385329596,0.41141190413752243,0.05813627344971457
159,0.577987987987988,4.929159286947738,4.858841101817999,4.949984379381615,4.276630399259928,4.231044903879773,4.213759385371938,3.5454630293467195,3.51210166394381,3.356775224850209,2.6430031158953606,2.6457248421078927,2.284829960929985,0.3445457222613168,0.014651937047843244,0.291925524022451,0.014481917486731869,0.33398617599997743,0.02653029475993326,0.41124531551530175,0.057850070258346924
160,0.5784784784784784,4.935724828143005,4.865379359041073,4.957164621899688,4.283289686872162,4.237805119181608,4.221203254216798,3.551910679972521,3.5185569335183495,3.3642147866198417,2.649607421100847,2.6522955144949587,2.293123295908475,0.3445018306497516,0.014603210431748627,0.2918416572959796,0.014488014878606988,0.3340615825203184,0.026370039245826468,0.4110823348427677,0.05756623542347235
161,0.578968968968969,4.9422862932793405,4.871915270626997,4.964341512478527,4.289944266059802,4.244563335699044,4.228641436810457,3.5583534202474296,3.525006854122084,3.3716460163377495,2.6562025079026514,2.658857379028099,2.30139113072027,0.34445949462717074,0.014555113618575772,0.2917581698280041,0.014495324742159983,0.33413788628049756,0.026210464017915585,0.41092296388856814,0.05728476788830861
162,0.5794594594594594,4.948843642599054,4.878448828318702,4.971514846060404,4.296594131466977,4.251319513634902,4.236073940158787,3.564791231346406,3.5314514313741627,3.379068931305095,2.662788394473501,2.665410408484089,2.3096334858147496,0.34441870209620656,0.014507646484552213,0.29167503050489946,0.01450382075860382,0.3342150811652939,0.026051566645407833,0.4107672015953971,0.05700566351064888
163,0.57994994994995,4.955396835180673,4.8849800142903765,4.978684418540011,4.303239273286192,4.258073619482147,4.243500758686945,3.571224097716195,3.5378906688138025,3.386483562191625,2.669365104962675,2.671954595849266,2.3178503829066623,0.3443794389762509,0.0144608089901163,0.291592208352317,0.014513477255023296,0.3342931573965555,0.025893343255221694,0.41061504503977864,0.05672891898966053
164,0.5804404404404404,4.961945825965382,4.891508811304296,4.985850027634599,4.30987968070969,4.2648256187007965,4.250921894872138,3.577652001148048,3.5443245739381206,3.3938899327744187,2.6759326616059504,2.6784899196535856,2.326041869502619,0.34434169087057365,0.014414600353657396,0.29150967127462707,0.014524267294281256,0.3343721068767194,0.02573579064900564,0.41046648912499273,0.05645452703169743
165,0.580930930930931,4.968490573469622,4.898035193576202,4.993011478570067,4.316515340374029,4.271575456413528,4.258337349987506,3.584074919109919,3.5507531501084237,3.4012880765712628,2.6824910920467286,2.6850163785029078,2.334207990977257,0.3443054421111022,0.014369019749567589,0.2914273910319334,0.014536165400698003,0.3344519178342816,0.025578903979210674,0.41032152555936574,0.05618248145891298
166,0.5814214214214214,4.975031037522015,4.9045591329086236,5.000168561415025,4.323146241781631,4.278323105205337,4.265747126757946,3.590492831981639,3.5571764013019136,3.4086780240264423,2.6890404209310885,2.691533963170315,2.34234880802656,0.3442706765821071,0.01432406611967136,0.2913453324300887,0.014549144039737196,0.3345325830325923,0.025422678905653653,0.410180145466812,0.05591277374571407
167,0.5819119119119119,4.981567172484656,4.911080603602475,5.007321115495184,4.329772370144866,4.285068500595248,4.273151223903234,3.596905715618282,3.5635943329357285,3.4160598071387343,2.6955806799346007,2.698042672157565,2.350464395520178,0.34423737828715295,0.014279737705407693,0.29126347354265764,0.01456317964328802,0.33461408888984195,0.025267111038917774,0.41004233556139635,0.05564539427001504
168,0.5824024024024024,4.98809893679224,4.917599570606608,5.01446894460398,4.336393713939026,4.291811593452175,4.280549644630962,3.6033135480959904,3.570006947414655,3.42343346170139,2.702111893914769,2.704542501234577,2.3585548313605993,0.34420553003134646,0.014236032856982512,0.29118178319094246,0.014578245999610091,0.33469642473362254,0.02511219542263526,0.40990808393538225,0.05538033222122045
169,0.5828928928928929,4.994626290008756,4.924115995892091,5.021611863927555,4.343010252597746,4.29855232378438,4.287942387567312,3.6097163035005964,3.5764142452159224,3.4307990218473976,2.70863409639215,2.711033459380537,2.3666202115531005,0.34417511305346354,0.014192949307407369,0.29110023512229366,0.01459431764072373,0.3347795774441913,0.024957926871016802,0.4097773717969966,0.055117575795420565
170,0.5833833833833834,5.00114918809138,4.93062984092487,5.028749716115014,4.349621974611194,4.305290636402912,4.295329453015414,3.616113951561869,3.582816232820339,3.4381565279957194,2.7151473164431197,2.717515543270246,2.3746606316203334,0.34414611046480537,0.014150484768990513,0.291018804215363,0.01461137154828722,0.3348635350024211,0.024804299595625547,0.40965018399742675,0.05485711175617562
171,0.5838738738738739,5.007667589399951,4.937141063270531,5.03588230993966,4.356228861179639,4.312026455807465,4.302710845210537,3.6225064739243695,3.589212908321983,3.445506016630276,2.7216515913329027,2.7239887672486316,2.382676208267852,0.3441185014606646,0.01410863652358769,0.2909374636544209,0.01462938165558257,0.3349482820216447,0.024651308995855836,0.4095264985189347,0.05459892637927886
172,0.5843643643643643,5.014181450377602,4.943649616093458,5.043009516977172,4.362830893671948,4.318759724189081,4.310086558662156,3.6288938369798487,3.5956042750866226,3.4528475238486576,2.728146951154526,2.730453138239615,2.3906670531111507,0.3440922688120947,0.014067401741971604,0.29085619362316184,0.014648327769441145,0.3350338057935769,0.024498949534989253,0.40940629469238465,0.05434300521091214
173,0.5848548548548549,5.020690732118176,4.950155456015151,5.050131139588904,4.369428057115871,4.325490361048007,4.3174565994680085,3.635276016039915,3.601990332899436,3.4601810947280587,2.7346334311453844,2.7369086692560036,2.3986332948495797,0.3440673910914864,0.0140267772802893,0.290774966536787,0.014668183147822377,0.33512009045948493,0.024347215373914807,0.409289549822188,0.05408933207100894
174,0.5853453453453453,5.02719538948251,4.9566585273928485,5.0572470340382365,4.376020327529156,4.332218305672716,4.3248209619116755,3.6416529771971975,3.608371082216736,3.467506765320613,2.741111068633021,2.7433553696170554,2.4065750710136697,0.34404384833433826,0.013986759670347145,0.29069376008582837,0.014688926420923686,0.3352071225546075,0.02419610086702983,0.4091762376224893,0.05383788975312184
175,0.5858358358358359,5.03369538529277,4.9631587793963545,5.064357085319392,4.3826076868334605,4.338943470027134,4.332179652090673,3.64802469654519,3.6147465237941745,3.4748245778468636,2.747579895560673,2.7497932634090296,2.4144925195933085,0.34402162157376287,0.013947345409829082,0.2906125593599565,0.01471053900418538,0.3352948848393953,0.024045600926651194,0.40906633276672616,0.053588661686272986
176,0.5863263263263263,5.040190676877138,4.9696561586244306,5.0714611134720675,4.389190116936024,4.345665783726158,4.339532663287332,3.654391139821884,3.6211166563853627,3.4821345759915814,2.7540399519360106,2.7562223660566767,2.422385787909533,0.34400068851985144,0.013908530777893426,0.2905313381802147,0.014732996325805107,0.335383362349232,0.02389570942159594,0.40895980708698076,0.053341629520278724
177,0.5868168168168169,5.046681222968087,4.9761506029307965,5.078559015525825,4.395767592662948,4.352385159706633,4.34687999968024,3.6607522768278282,3.627481478093022,3.489436803470214,2.760491272722635,2.762642699882781,2.4302550374619187,0.3439810289751918,0.013870311580993827,0.29045008231248837,0.014756281555097018,0.3354725377590711,0.02374642039262135,0.40885663059272254,0.053096773368785884
178,0.5873073073073073,5.053166984814393,4.982642059805877,5.0856506574252105,4.402340095047407,4.359101517298045,4.354221655166977,3.6671080736952666,3.633840988752223,3.4967312988193786,2.76693389642334,2.7690542817375694,2.43810042837356,0.3439626222004735,0.013832683608399501,0.2903687744463071,0.014780374421248672,0.3355623951095033,0.023597728882214963,0.4087567727426003,0.05285407363555108
179,0.5877977977977978,5.059647920911918,4.989130462130811,5.092735884688957,4.408907602522473,4.3658147738990305,4.361557632652026,3.6734585059726617,3.64019518396113,3.5040181069964604,2.773367860539761,2.775457138261668,2.445922122469434,0.3439454452565182,0.01379564291092015,0.2902873911528652,0.014805253851034952,0.33565291740979664,0.023449629566034736,0.40866020315579993,0.052613511023029684
180,0.5882882882882883,5.066123996316004,4.995615749641398,5.099814622050248,4.415470090202101,4.372524836232029,4.3688879277709045,3.679803532776295,3.6465440642029576,3.511297270345083,2.7797932020590705,2.7818512938086233,2.453720305268164,0.34392947821679065,0.013759184388417823,0.29020592549103824,0.014830906067657992,0.3357440866408981,0.023302116591677795,0.40856688637706673,0.05237506258489492
181,0.5887787787787788,5.0725951705862355,5.002097860111903,5.10688674153028,4.422027536708225,4.379231620715207,4.37621253795716,3.68614312720256,3.6528876249425415,3.5185688339727537,2.7862099612527795,2.7882367760151445,2.461495144504054,0.3439146990762047,0.013723303775845245,0.29012435963758293,0.014857312219294,0.33583588525802166,0.023155184852493623,0.40847679027240397,0.052138708463211725
182,0.5892692692692693,5.079061405768607,5.008576723664019,5.113952142449304,4.428579918020147,4.385935033319553,4.383531462841555,3.6924772532587213,3.6592258623495413,3.5258328354394086,2.7926181759733755,2.7946136147827123,2.4692468304963096,0.34390108588969337,0.013687996081205479,0.2900426805501858,0.014884457190730114,0.3359282964458917,0.023008829675227847,0.4083898771542699,0.05190442598147136
183,0.5897597597597597,5.085522663564602,5.015052274210024,5.121010722055115,4.435127210571105,4.392634984506962,4.390844699647555,3.698805879345986,3.6655587718007525,3.5330893240584,2.7990178821766825,2.800981835638562,2.4769755517674743,0.343888616936671,0.013653256338947668,0.2899608750180361,0.014912325240536905,0.3360213015337898,0.022863045307330836,0.40830611272581435,0.051672191772177516
184,0.5902502502502502,5.091978910942152,5.021524444440371,5.128062397546929,4.441669391505316,4.399331378862561,4.398152239702868,3.7051289715367264,3.671886351838275,3.540338340145052,2.80540911938224,2.8073414731373494,2.4846815018917496,0.34387727073048874,0.01361907942562813,0.2898789349054305,0.014940903362112401,0.33611488143118057,0.022717827590658417,0.40822545895462475,0.05144198318704025
185,0.5907407407407408,5.098430110061912,5.027993163834577,5.135107079456572,4.448206434653558,4.406024122233246,4.405454085392571,3.7114464968463725,3.6782085957884343,3.547579922186837,2.8117919269708973,2.8136925533659762,2.4923648766313993,0.34386702564414223,0.013585460188836423,0.28979684864699773,0.014970177684009857,0.33620901923438534,0.022573172259781442,0.4081478778542962,0.05121377680194499
186,0.5912312312312312,5.104876226128043,5.034458360630031,5.142144699093869,4.454738317577361,4.412713118830268,4.412750229799667,3.7177584206827556,3.6845254985216265,3.5548141178625414,2.8181663398431853,2.820035107305446,2.500025877775552,0.34385786051505374,0.013552393250470439,0.28971460898938173,0.015000137345359106,0.33630369567502755,0.02242907427636025,0.4080733318274272,0.05098754788414049
187,0.5917217217217217,5.111317222453456,5.0409199644877845,5.149175159424299,4.461265015262482,4.419398274727329,4.420040668964273,3.724064708707074,3.690837054036467,3.562040963608448,2.8245324006003436,2.8263691726584828,2.5076647099744784,0.34384975238292925,0.013519873261342581,0.2896322041834496,0.015030768232830952,0.3363988935265963,0.022285530112611866,0.4080017790575195,0.050763272977514394
188,0.5922122122122122,5.117753071242969,5.047377903693921,5.15619840205042,4.4677865007236806,4.426079489456573,4.427325395457948,3.7303653309486884,3.6971432573369487,3.5692605041076537,2.8308901410631306,2.8326947820122537,2.515281585996127,0.3438426802591095,0.013487894514176152,0.2895496308959908,0.015062060836193679,0.3364945918563891,0.02214253587547144,0.4079331808258557,0.05054092625713949
189,0.5927027027027028,5.124183732659586,5.053832103610052,5.1632143704259414,4.474302751107415,4.432756667237914,4.434604407433886,3.7366602519141905,3.7034441019713022,3.5764727769732505,2.837239601155436,2.8390119723604506,2.5228767090276887,0.3438366228700023,0.01345645169568976,0.28946688181041097,0.01509400605889662,0.3365907738502103,0.02200008823232718,0.4078674959559831,0.05032048418182878
190,0.5931931931931932,5.130609179890968,5.060282493975852,5.170223034207751,4.480813741324197,4.439429707187311,4.441877695794238,3.7429494352715245,3.7097395807641678,3.5836778219857974,2.843580818340884,2.845320772618643,2.5304502970037586,0.34383156043301305,0.013425538827675412,0.2893839580349723,0.01512659767130103,0.33668742049399275,0.02185818380282083,0.4078046827497474,0.05010192043685167
191,0.5936836836836836,5.137029379749574,5.066728997523173,5.177224304943539,4.487319446476614,4.446098513829364,4.449145255685739,3.749232853095524,3.7160296866579583,3.59087567894658,2.8499138263991197,2.8516212191456316,2.538002563301964,0.34382747011414194,0.013395150427356726,0.289300848903124,0.015159824099081265,0.3367845129618512,0.021716820014735305,0.4077447008615475,0.049885209931781145
192,0.5941741741741742,5.143444302193812,5.0731715417964764,5.184218140997155,4.493819841029598,4.452762986369023,4.456407079691366,3.755510469238035,3.722314412307046,3.5980663841937752,2.856238661958766,2.8579133512296293,2.5455337297086515,0.34382433089207504,0.013365280530271834,0.28921755291131857,0.015193678439284071,0.3368820329277836,0.02157599435004728,0.4076875061585535,0.04967032675382134
193,0.5946646646646646,5.149853916263824,5.0796100546671,5.191204515439909,4.500314900246941,4.459423026488847,4.463663161442516,3.7617822505918097,3.7285937496424197,3.6052499754697998,2.8625553592941366,2.8641972024916056,2.55304400922525,0.3438221230971784,0.013335923417952963,0.28913406997342683,0.015228155430658544,0.3369799621530997,0.02143570453249815,0.4076330574797015,0.049457245672714444
194,0.5951551551551552,5.156258195016897,5.086044458820071,5.198183418853109,4.506804599270709,4.466078535735728,4.470913492003915,3.768048166148488,3.7348676912762513,3.612426486629314,2.8688639531408975,2.870472805699333,2.560533630942995,0.34382082706289047,0.013307073003847338,0.28905040277772226,0.015263252684615997,0.337078282150638,0.021295949311746932,0.40758131123106156,0.049245939675496966
195,0.5956456456456456,5.1626571082429065,5.092474680915494,5.205154797234726,4.513288912317687,4.4727294150517665,4.478158062843739,3.774308183012214,3.7411362295118598,3.619595953652311,2.875164473316589,2.8767402005505507,2.5680028135303217,0.3438204215671552,0.013278723483261522,0.2889665478239209,0.015298962734988906,0.3371769742804219,0.021156727163988222,0.40753222502603403,0.04903638307916941
196,0.5961361361361361,5.169050630294038,5.098900648668563,5.212118639314102,4.51976781661372,4.479375566689982,4.485396865821493,3.7805622680846875,3.7473993522721853,3.626758412374938,2.8814569560396324,2.882999421775328,2.575451780016638,0.34382088737266797,0.01325086884172337,0.2888825079289073,0.015335282907902372,0.3372760212687624,0.021018036692916908,0.4074857549549696,0.04882854966362175
197,0.5966266266266266,5.175438734558866,5.105322285419143,5.2190749118661035,4.526241284566365,4.486016888164815,4.492629891175072,3.7868103907016035,3.7536570527545403,3.633913894052797,2.8877414345933174,2.8892505036338614,2.582880753488421,0.34382220399507973,0.013223503174860495,0.28879828357668996,0.015372208882894292,0.33737540377092134,0.020879877787548892,0.4074418580456806,0.04862241347487124
198,0.5971171171171171,5.181821395930216,5.111739521969179,5.226023625833615,4.532709295944618,4.492653285952874,4.499857131223634,3.7930525213105843,3.759909321333853,3.6410624283431594,2.8940179372451755,2.895493481777705,2.5902899613549213,0.3438243535416445,0.013196620408862247,0.288713880278885,0.01540974043744482,0.3374751055855344,0.02074225082763372,0.40740049074588414,0.048417947865069776
199,0.5976076076076076,5.188198588521463,5.118152280758333,5.2329647559152015,4.539171823167036,4.499284662645513,4.507078572241577,3.799288626277673,3.766156149101986,3.6482040463567262,2.9002864930325827,2.901728394018626,2.597679628886275,0.3438273158916825,0.013170214543397141,0.2886292994784056,0.015447874589733946,0.33757510828631254,0.020605155797423592,0.40736160911211955,0.048215126450870054
200,0.5980980980980981,5.194570291320988,5.124560492908857,5.239898334705937,4.545628841826065,4.505910922213686,4.514294206753743,3.8055186768934464,3.7723975246797776,3.655338779824102,2.906547132650283,2.907955270493766,2.605049977575989,0.3438310745649798,0.013144279569887824,0.28854455139817686,0.015486613847540031,0.3376753945660732,0.020468593217567218,0.4073251710636583,0.04801392308676995
201,0.5985885885885885,5.200936478274218,5.130964086084916,5.246824321438918,4.552080329182224,4.512531965912219,4.521504022784768,3.811742644126284,3.7786334387674736,3.6624666524554885,2.9127998842450586,2.914174152286447,2.612401235873643,0.3438356088695784,0.013118809500988898,0.28845963521343126,0.015525953594119611,0.33777594722113186,0.020332565222795303,0.407291131390321,0.04781431178741792
202,0.5990790790790791,5.207297127428187,5.137362987252363,5.253742761554847,4.558526263963757,4.519147700038246,4.528708009169904,3.8179604956148223,3.7848638814620323,3.669587691891305,2.9190447739922054,2.9203850685878834,2.6197336284241044,0.3438409028786148,0.013093798287256448,0.2883745620121353,0.015565898854212596,0.337876750107983,0.02019707326470909,0.4072594474392701,0.047616265797308606
203,0.5995695695695695,5.213652221054736,5.143757126465488,5.260653636449031,4.56496661779647,4.525758034511758,4.535906152575652,3.824172204811795,3.791088839967619,3.6767019267258054,2.9252818279507293,2.926588054820676,2.6270473792384865,0.3438469378254616,0.013069239933763225,0.28828933548711555,0.015606447149323492,0.33797778570445774,0.020062119041576603,0.4072300763251462,0.04741975899729535
204,0.6000600600600601,5.220001734486448,5.150146438781543,5.267556991051389,4.571401372008726,4.532362876861914,4.543098442496467,3.830377745642448,3.797308306168391,3.683809373825947,2.931511069877906,2.9327831383574186,2.634342710317004,0.34385369839754143,0.013045128535857244,0.28820396678059895,0.01564760294197227,0.33807903890805446,0.019927706764510666,0.4072029760004663,0.04722476564919852
205,0.6005505505505505,5.226345649954274,5.156530849702347,5.274452808344703,4.577830502553225,4.538962126130497,4.550284866120933,3.8365770885634816,3.8035222669386752,3.690910058253347,2.9377325265272076,2.938970358673567,2.641619848426604,0.3438611653838297,0.013021458071953514,0.288118460023085,0.01568936546325635,0.33818049231665503,0.01979383933386509,0.40717810150080724,0.047031259699762996
206,0.6010410410410411,5.232683949059517,5.162910295548557,5.281341155764067,4.584253985131777,4.5455557018136465,4.557465407870847,3.8427702047526733,3.80973071177075,3.6980040040169073,2.943946216370601,2.94514974267508,2.6488790089247236,0.34386932530391073,0.012998222659086725,0.2880328305216175,0.01573174146493454,0.3382821307213804,0.019660519749708314,0.4071554128629111,0.04683921537898211
207,0.6015315315315315,5.239016613907613,5.16928470695157,5.28822204081911,4.590671801486985,4.55214351180322,4.564640057108378,3.848957072129089,3.8159336295005057,3.7050912246621124,2.9501521642766466,2.95132132552293,2.6561204170338018,0.34387816083927386,0.012975416462442631,0.2879470842477212,0.015774732602237312,0.3383839394570019,0.019527753829418952,0.40713486594052245,0.04664860745404178
208,0.602022022022022,5.245343626628199,5.175654024049303,5.295095495044815,4.597083925773845,4.558725463100332,4.5718087984134765,3.8551376608027885,3.8221310082915108,3.7121717399179457,2.9563503897830397,2.9574851335383388,2.6633442901552287,0.3438876569251139,0.012953033473484919,0.28786123395032415,0.015818341954573396,0.33848590227127173,0.019395545891990516,0.4071164194383601,0.04645941012215594
209,0.6025125125125125,5.251664972816341,5.182018175954942,5.301961542298007,4.603490340780451,4.565301476921488,4.578971617724053,3.8613119490005134,3.8283228355795287,3.7192455682466448,2.9625409098566493,2.9636411933148037,2.670550844403354,0.34389779825238925,0.012931068090465002,0.287775286668264,0.01586257323558948,0.3385880055299154,0.019263901381450607,0.4071000334664798,0.04627159799489343
210,0.603003003003003,5.2579806328200815,5.188377104746134,5.308820263890526,4.609891023943985,4.571871465776067,4.586128500167295,3.867479911142735,3.834509100756826,3.726312722395552,2.968723744328659,2.9697895374403704,2.677740295102237,0.3439085718863101,0.012909514470300074,0.2876892610275306,0.0159074351963887,0.3386902345412814,0.01913282662134778,0.4070856658717945,0.046085146594747425
211,0.6034934934934935,5.264290594707534,5.194730749047756,5.315671644901339,4.616285953054498,4.578435346331222,4.593279431451135,3.873641523698693,3.8406897902762682,3.733373215559771,2.974898911050251,2.975930191390568,2.684912858786234,0.34391996132051,0.012888366839985408,0.28760316160368005,0.01595292635074391,0.3387925754148847,0.019002328169307966,0.40707327557817374,0.045900030692087625
212,0.603983983983984,5.270594843920898,5.201079046214564,5.322515756622721,4.6226751083025945,4.584993037788752,4.600424394855021,3.8797967642873132,3.8468648923587168,3.7404270587085913,2.9810664204696242,2.982063182992347,2.6920687440113142,0.3439319542157723,0.012867619633247474,0.28751700452603013,0.015999055248944922,0.33889501452296605,0.01887241342199379,0.4070628234959229,0.04571622599143956
213,0.6044744744744744,5.276893368311888,5.207421939247102,5.329352660600975,4.629058473375858,4.591544458057684,4.607563375409948,3.885945608974917,3.853034394968439,3.747474262767171,2.9872262911677443,2.98818853315224,2.699208160848189,0.3439445381251147,0.012847267195686326,0.2874308051064947,0.016045829032281772,0.33899753907871744,0.018743090104655195,0.4070542698722644,0.04553370801286235
214,0.604964964964965,5.283186153685065,5.2137593706356835,5.336182386561028,4.635436025308183,4.598089531931079,4.614696356743406,3.892088039704538,3.8591982868078816,3.754514835387622,2.993378532059242,2.9943062687467807,2.7063313170381647,0.34395769930483716,0.012827304037749208,0.2873445738499853,0.016093250938840183,0.3391001356417166,0.0186143669042663,0.40704757631051647,0.04535245277648678
215,0.6054554554554554,5.289473186122369,5.22009128416928,5.343004980776746,4.641807747913824,4.604628177176498,4.621823324212806,3.8982240320392942,3.8653565521088242,3.761548785736901,2.9995231591085063,3.0004164118705674,2.7134384143110406,0.34397142511762674,0.012807724717006655,0.2872583236703279,0.016141326582380353,0.33920279233797224,0.018486252289885537,0.4070427036044651,0.04517243683835775
216,0.605945945945946,5.295754459001989,5.226417626196045,5.349820517954781,4.648173619805431,4.611160326567434,4.628944257866298,3.9043535691798072,3.8715091814813167,3.768576117389879,3.0056601782400545,3.006518987163693,2.720529660434592,0.34398570459538474,0.01278852368571723,0.28717207237340836,0.01619006402970898,0.33930549672476634,0.018358756218457388,0.4070396139781858,0.04499363617719114
217,0.6064364364364364,5.302029959340535,5.232738344846759,5.356629037841049,4.654533625416132,4.617685900643838,4.636059141016741,3.9104766313686024,3.8776561603893165,3.7755968331336662,3.011789601957522,3.0126140098268714,2.7276052482438464,0.3440005259087131,0.0127696957537531,0.28708583249692743,0.016239467837993626,0.33940823719085167,0.018231889175117283,0.40703827094431383,0.04481602840005436
218,0.606926926926927,5.308299677068583,5.239053387705365,5.363430608369568,4.660887745522079,4.6242048369373725,4.6431679579108875,3.9165931985836164,3.883797477091394,3.7826109370300167,3.0179114336594397,3.018701502833348,2.7346653787185944,0.3440158784108422,0.012751235573604377,0.2869996189363129,0.016289545298818417,0.3395110036397943,0.01810566126949705,0.4070386375801017,0.04463958990792423
219,0.6074174174174174,5.314563601500032,5.245362708365091,5.37022528864019,4.667235964577124,4.630717055896836,4.650270691139389,3.922703256083241,3.8899331181433974,3.78961843159202,3.024025684484272,3.0247814827605883,2.7417102381912515,0.34403175163588123,0.012733138116422864,0.28691344826911747,0.01634030281205015,0.33961378350108146,0.017980084293188682,0.4070406791823781,0.04446429939716076
220,0.6079079079079079,5.320821726382559,5.251666254080524,5.377013122582165,4.67357826608185,4.637222495090858,4.657367320994805,3.9288067840702285,3.896063070272503,3.796619311566146,3.0301323552606556,3.030853969152231,2.7487400261056454,0.3440481345097784,0.012715398071393096,0.28682733259330034,0.016391745314469523,0.33971656804327616,0.017855170401838042,0.40704435838159303,0.0442901335574931
221,0.6083983983983984,5.327074043466142,5.257963984523573,5.383794189789898,4.6799146324821255,4.643721094919645,4.664457831458395,3.9349037694306817,3.9021873212429417,3.803613579731011,3.0362314530089134,3.0369189765620224,2.7557549236066308,0.34406501855352045,0.012698010554946073,0.2867412898870546,0.01644388028896232,0.3398193470457484,0.01773093159015755,0.4070496425636821,0.04411707141963817
222,0.6088888888888889,5.333320541417658,5.26425585237249,5.390568540168791,4.686245049400361,4.650212784017951,4.671542202618193,3.940994194538091,3.9083058570630103,3.8106012288100803,3.0423229774223532,3.0429765157682023,2.7627551190457784,0.3440823937858932,0.012680970492995935,0.28665533417886374,0.016496713254094398,0.33992211084399004,0.017607381574046874,0.40705649731546006,0.0439450906506516
223,0.6093793793793794,5.3395612187186225,5.27054181404063,5.39733625213233,4.692569501105231,4.656697502444673,4.678620414205424,3.9470780453818577,3.9144186655744475,3.8175822562333286,3.048406929837865,3.049026608014303,2.7697407913355185,0.34410025192988386,0.012664273060804358,0.28656948417951833,0.01655025229159909,0.34002484970946933,0.017484533805466572,0.40706488930746887,0.04377417088526986
224,0.6098698698698699,5.345796063471087,5.276821831175356,5.404097371031833,4.698887970696368,4.663175195295073,4.6856924500839,3.953155309677949,3.920525733706056,3.82455665430141,3.0544833134531184,3.0550692587151485,2.7767121168324227,0.34411858394504885,0.012647913549625545,0.2864837519105824,0.01660450079115811,0.34012755569652015,0.017362402755231057,0.4070747869775536,0.043604291480919835
225,0.6103603603603603,5.352025073986902,5.28309586256725,5.41085199119715,4.705200447091596,4.6696458039000035,4.692758289171603,3.9592259728433867,3.9266270475434926,3.8315244157764816,3.060552124981055,3.061104481310237,2.783669269951592,0.34413738325176957,0.012631887216161508,0.28639815796711526,0.016659468679284355,0.3402302208288637,0.017241003239383105,0.40708615843363155,0.043435432016509526
226,0.6108508508508509,5.3582482425474085,5.289363871696037,5.417600156933364,4.711506914735843,4.6761092701331215,4.699817913077236,3.9652900242883247,3.9327225959364838,3.8384855288187,3.066613360661205,3.06713228297661,2.790612423299041,0.3441566413615857,0.012616189425786534,0.28631271568758243,0.016715159338847214,0.34033283663880826,0.017120351443966758,0.40709897333262546,0.04326757228618833
227,0.6113413413413413,5.364465563472662,5.295625823611192,5.4243419377325175,4.7178073609363915,4.682565547863306,4.706871305611121,3.971347451825623,3.9388123647992357,3.8454399865470643,3.072667019469065,3.0731526787796564,2.797541743030182,0.34417635109613426,0.012600815734773918,0.28622744010944373,0.016771578659081725,0.34043539706655807,0.017000462679428927,0.4071132007889261,0.04310069326570708
228,0.6118318318318319,5.3706770317455526,5.301881684005795,5.431077408622804,4.7241017730677015,4.689014581078675,4.7139184408873875,3.9773982444465457,3.9448963392231895,3.85238777414152,3.0787130930950832,3.0791656669341845,2.8044573904899526,0.34419650665868334,0.012585761659391969,0.2861423500850542,0.016828733465800588,0.34053789432580045,0.01688135408579399,0.40712881300948983,0.042934775395904
229,0.6123223223223223,5.376882644096711,5.308131418619454,5.437806616777312,4.730390135485577,4.69545632083254,4.720959302782918,3.9834423944418904,3.950974509061514,3.859328879096043,3.0847515783512556,3.0851712584340305,2.8113595270357523,0.34421710039245296,0.012571022924667913,0.28605745869497695,0.016886627094067595,0.34064032112734516,0.016763043119315955,0.4071457811100724,0.04276980036459892
230,0.6128128128128127,5.38308239587341,5.314375001828178,5.444529635976453,4.736672438511774,4.701890721521808,4.727993872086671,3.9894798894478884,3.9570468601372664,3.866263289352407,3.0907824656747898,3.0911694538168697,2.8182483096549653,0.34423812724125374,0.012556595164192665,0.2859727830208932,0.016945265021371746,0.3407426722750841,0.016645546983562694,0.4071640780831735,0.04260574903087667
231,0.6133033033033033,5.389276284214181,5.320612398901721,5.451246533474669,4.742948670269558,4.70831774079958,4.735022125437326,3.9955107244480588,3.9631133799628215,3.8731909844614187,3.09680574959369,3.0971602635041373,2.825123892395564,0.3442595810144247,0.01254247430919044,0.28588833858849466,0.01700465290455557,0.34084494203174776,0.016528884949657287,0.40718367541725714,0.042442604307608905
232,0.6137937937937938,5.395464304683843,5.32684358649915,5.4579573844182745,4.749218820111909,4.714737333479906,4.742044044573657,4.001534889500396,3.969174054950522,3.880111951493908,3.102821420326457,3.103143684589934,2.831986420170378,0.34428145748192246,0.012528656309563428,0.28580414298155404,0.017064796168925613,0.34094712494905927,0.016413075337855357,0.40720454869277534,0.04228034852074713
233,0.6142842842842843,5.4016464523995795,5.333068538224235,5.464662227647664,4.755482874742332,4.7211494596076315,4.7490596087468395,4.0075523791665,3.975228872409767,3.8870261695132786,3.108829463167561,3.1091197160388506,2.8388360377427793,0.34430375086302506,0.012515137225995494,0.2857202080073543,0.017125696050104198,0.3410492159696773,0.016298138110104103,0.4072266735764931,0.04211896438727564
234,0.6147747747747747,5.40782273012787,5.339287232739336,5.471361156119016,4.761740826011427,4.727554081672904,4.756068797955119,4.013563187266419,3.9812778201782013,3.8939336199482066,3.114829871207574,3.115088364089507,2.8456728883938793,0.34432645777858506,0.012501913102527,0.285636553939634,0.017187359707605022,0.341151210931993,0.01618409328921123,0.40725002407965893,0.041958435658214194
235,0.6152652652652653,5.413993128938674,5.34549964416667,5.478054203037396,4.767992662912133,4.733951162715802,4.763071591718344,4.019567306503567,3.9873208858512625,3.9008342832817324,3.120822630315144,3.1210496175573543,2.8524971085597857,0.34434957290997276,0.01248898023700196,0.2855531904551076,0.017249787634047904,0.34125310560467137,0.01607096118362948,0.4072745784385731,0.04179874531828036
236,0.6157557557557558,5.4201576500682975,5.351705754668934,5.484741448683392,4.774238374693173,4.740340667886743,4.770067967903409,4.025564733557183,3.9933580556959267,3.9077281366985885,3.1268077257297286,3.127003482493464,2.8593088313340336,0.34437309321744053,0.012476334886443546,0.2854701365778361,0.017312984911514496,0.3413548959538531,0.015958763161495602,0.4073003128751614,0.04163987818888555
237,0.6162462462462462,5.4263162895998525,5.357905542558675,5.491422952006304,4.7804779525447145,4.746722567628615,4.7770579069947745,4.031555464538836,3.9993893173587947,3.914615156957669,3.13278514354938,3.1329499516392736,2.8661081837874676,0.34439701528315336,0.012463973599674915,0.2853874055143443,0.01737695443984752,0.34145657931593104,0.01584752088287763,0.407327206341592,0.04148181904610942
238,0.6167367367367367,5.432469045528684,5.364098995261223,5.498098761065715,4.786711389108453,4.753096826984829,4.784041388088456,4.037539496195831,4.005414658541179,3.921495322336579,3.1387548671609973,3.1388890172515223,2.87289529724542,0.34442133553994314,0.012451892666751148,0.285305011263266,0.017441696946973156,0.34155815193496686,0.015737256477414162,0.40735523795658857,0.0413245517871612
239,0.6172272272272272,5.438615917318162,5.370286095176251,5.504768930826423,4.79293867294147,4.759463422641089,4.791018390248647,4.043516826614587,4.0114340666657,3.928368607679924,3.1447168823031317,3.144820679305517,2.87967028598234,0.34444605101248643,0.012440088914772803,0.28522296721836815,0.01750721407497659,0.3416596114879678,0.015627992420941084,0.40738438750596323,0.04116806347035829
240,0.6177177177177177,5.4447569016095105,5.3764668281073495,5.511433534952166,4.799159795949956,4.7658223223948415,4.797988891658375,4.049487452456982,4.017447530298206,3.9352349870025307,3.150671171181368,3.1507449245351893,2.886433271136032,0.34447115991638044,0.01242855891010945,0.2851412904940212,0.017573509713782978,0.3417609548833525,0.015519751996944954,0.4074146360494434,0.04101233906092958
241,0.6182082082082082,5.450891998194539,5.382641181247544,5.518092619233569,4.805374751766381,4.772173506379305,4.804952871795308,4.055451371846096,4.023455036119912,3.942094434686668,3.1566177110738667,3.1566617490275997,2.8931843688898202,0.34449665969996435,0.012417299400638925,0.2850599926036767,0.017640583833734437,0.34186218126075374,0.015412558390594454,0.4074459647151995,0.040857364461535595
242,0.6186986986986986,5.4570212022299085,5.388809144640564,5.524746233377089,4.811583532488264,4.778516950399064,4.811910311154678,4.061408583877218,4.029456572599691,3.9489469210300396,3.162556489855906,3.162571138879481,2.8999236866095,0.3445225482097543,0.012406307348822528,0.2849790860708697,0.017708436691538317,0.34196328925003994,0.015306435993875829,0.4074783556282581,0.04070312702782521
243,0.6191891891891892,5.463144514805711,5.394970707041048,5.531394419999056,4.817786129331982,4.784852634294151,4.8188611873727805,4.067359091781479,4.035452127015947,3.9557924229520696,3.168487482267685,3.1684730871071913,2.9066513301333052,0.3445488233881,0.01239557975718694,0.28489858302231114,0.017777067628253915,0.3420642761388608,0.015201408753613822,0.40751179341954125,0.04054961366873377
244,0.6196796796796796,5.469261933347964,5.401125861539254,5.538037233132372,4.823982535597785,4.791180536875476,4.825805480354542,4.073302891456069,4.041441689457868,3.9626309067124286,3.174410667912848,3.1743675842585066,2.9133674014694724,0.34457548403256455,0.012385113645452007,0.28481849685353827,0.01784647696917614,0.3421651418939257,0.01509750185016998,0.4075462607297757,0.04039681222040705
245,0.6201701701701702,5.475373456225545,5.407274602026413,5.544674728048793,4.830172744884952,4.797500643097927,4.832743166093448,4.079239986054551,4.0474252455894595,3.9694623458016536,3.1803260286474564,3.1802546155474425,2.9200719984952315,0.34460252927446083,0.012374906167649398,0.28473884102539443,0.01791666478299794,0.34226588539179453,0.014994740001628514,0.4075817427004154,0.04024471068150947
246,0.6206606606606606,5.481479080428677,5.4134169233074445,5.55130694592435,4.8363567500224205,4.803812938380094,4.839674228131046,4.085170378382177,4.053402784483512,3.9762867073659955,3.1862335392082723,3.1861341682529756,2.9267652183614414,0.34462995801616014,0.01236495456271144,0.2846596258425437,0.017987629466464625,0.34236650703270993,0.014893149272871067,0.40761822483437704,0.0400932971004308
247,0.6211511511511512,5.48757880722402,5.419552820285202,5.557933908766484,4.842534544683145,4.8101174054418845,4.846598641213471,4.0910940681048364,4.059374295665024,3.9831039640244827,3.192133176919598,3.1920062220223566,2.9334471477786215,0.34465776899551215,0.012355256182358948,0.2845808610097243,0.018059367012998206,0.34246700527189816,0.014792754898129304,0.4076556952794518,0.03994256017343671
248,0.6216416416416416,5.493672631854254,5.425682289207707,5.564555683058653,4.84870612295362,4.816414038150152,4.853516387586139,4.097011059893449,4.065339766769983,3.9899140821194883,3.1980249213231895,3.1978707682748446,2.9401178775175874,0.34468596221651915,0.012345808470266631,0.28450255923372664,0.018131878380999382,0.34256738178131846,0.014693583290348642,0.40769413911291247,0.039792489414157015
249,0.6221321321321321,5.499760553102715,5.431805329652029,5.571172301154047,4.854871477235666,4.822702821877844,4.860427444568196,4.102921355153544,4.071299187386883,3.9967170302942616,3.20390874315646,3.203727795040561,2.9467774885609486,0.3447145372209568,0.012336608908106663,0.28442473146162045,0.018205160203590247,0.342667635903252,0.014595660771263095,0.4077335447372328,0.03964307457927211
250,0.6226226226226226,5.505842569253964,5.437921941834341,5.5777837795019,4.86103060528209,4.8289837492624645,4.867331790979076,4.108824958303428,4.077252544930626,4.003512776439029,3.209784622513617,3.2095772762357333,2.95342606076047,0.3447434933248058,0.012327655092837939,0.28434738431498136,0.018279206938394087,0.3427677690109831,0.014499013989341062,0.4077739014197272,0.03949430533005106
251,0.6231131131131131,5.511918678050848,5.444032125755662,5.584390152739996,4.867183497653238,4.835256809569488,4.874229407040832,4.114721873463511,4.083199829640525,4.010301288474106,3.215652531316729,3.2154191976493367,2.9600636685120807,0.3447728305076814,0.012318944724506582,0.28427052826519583,0.0183540153431848,0.34286778078137276,0.014403669916651447,0.4078151990519119,0.039346172289256326
252,0.6236036036036036,5.5179888773711,5.45013588306698,5.590991479761794,4.873330151216706,4.841522004921145,4.881120270212891,4.120612105857438,4.089141029166073,4.017082530272381,3.221512446790295,3.2212535462017864,2.966690384464558,0.3448025499941303,0.012310475597051227,0.28419417517906087,0.018429584441186333,0.3429676740667549,0.014309655610981686,0.4078574260457002,0.039198666907243385
253,0.6240940940940941,5.524053163501654,5.456233218039387,5.597587748342216,4.87947055961501,4.847779325117403,4.8880043623715475,4.1264956597970865,4.095076134511436,4.023856469605889,3.2273643392755895,3.2270802976521002,2.9733062783217723,0.3448326506233855,0.012302245496309726,0.2841183283882184,0.018505904884441555,0.3430674491900566,0.014216998500630714,0.40790057476965746,0.03905177957513403
254,0.6245845845845845,5.530111532370936,5.462324133249549,5.604179016168933,4.8856047195024255,4.854028771491912,4.8948816603565275,4.132372540921964,4.101005133990166,4.030623074854703,3.2332081836777937,3.2328994323566693,2.979911413705993,0.3448631341966294,0.012294252423371295,0.28404299967147506,0.018582975476503713,0.3431671079600447,0.014125725381639078,0.40794463703723,0.03890550207585337
255,0.6250750750750751,5.536163985201108,5.468408632963292,5.610765275105292,4.891732623911857,4.86027033947206,4.901752145180158,4.138242754141408,4.106928017171901,4.037382307048633,3.2390439537950115,3.238710930032599,2.986505853135808,0.3448940001046404,0.012286494297334737,0.2839681930646881,0.018660787112296556,0.34326665239819143,0.014035864440261302,0.4079896040865247,0.03875982650111934
256,0.6255655655655655,5.542210515566192,5.474486723960567,5.617346563802714,4.897854269485361,4.866504030354899,4.908615795350176,4.144106308501032,4.1128447740583765,4.044134136842551,3.24487162011,3.244514771817875,2.993089654033288,0.3449252497463153,0.012278969281276286,0.2838939176241349,0.018739335862167944,0.34336608348088105,0.013947442768298079,0.4080354702224078,0.038614745161613076
257,0.6260560560560561,5.54825112117155,5.480558413473401,5.623922896445145,4.903969650952772,4.872729850560046,4.915472589860196,4.14996320743158,4.118755394500121,4.050878524432556,3.2506911558147515,3.250310937783956,2.999662871567745,0.34495688397187807,0.012271675472951537,0.2838201789924979,0.018818614543803656,0.34346540506836803,0.013860487950982743,0.4080822274892714,0.03847025101497952
258,0.6265465465465465,5.554285796292652,5.4866237062100565,5.630494279355585,4.910078762181741,4.878947796515631,4.922322507749615,4.155813459597525,4.124659867211973,4.057615440468384,3.2565025338011164,3.256099402811192,3.006225555399838,0.3449889031421951,0.012264611168363493,0.2837469823771931,0.018898615747079205,0.3435646173497346,0.013775027269581812,0.40812987163047776,0.038326337041532585
259,0.6270370370370371,5.560314538760636,5.492682614123883,5.637060739282949,4.916181600138273,4.885157874002524,4.9291655312917495,4.161657072186956,4.130558183523998,4.064344845055766,3.2623057267511584,3.261880146024814,3.012777753604228,0.345021309231144,0.012257774653145254,0.2836743352355213,0.018979333457435858,0.34366372414623664,0.013691088891005676,0.40817839667330963,0.03818299711370979
260,0.6275275275275275,5.566337343704289,5.498735142964102,5.643622265760655,4.922278161106977,4.891360093728821,4.936001635618328,4.167494052628279,4.136450333976401,4.071066706489916,3.2681007038909464,3.2676531448637767,3.0193195105288626,0.3450541024422059,0.012251164352427662,0.2836022387671482,0.019060757443443148,0.343762727753933,0.013608699266188556,0.4082277990349609,0.03804022483780266
261,0.628018018018018,5.572354206012756,5.504781304704168,5.6501788613637025,4.928368437964432,4.897554454383345,4.942830806300259,4.173324408641186,4.142336307932996,4.077780986417791,3.273887438787101,3.273418374432246,3.0258508697088513,0.3450872837901963,0.01224477861026839,0.28353069764816374,0.019142879156988285,0.34386163083734317,0.013527886669851307,0.4082780738693662,0.03789801431364379
262,0.6285085085085085,5.578365121472165,5.5108211080173986,5.656730547117276,4.934452429612668,4.903740967990756,4.949653018203973,4.179148147601266,4.148216097179816,4.0844876537447234,3.279665898365695,3.279175811644025,3.032371866702652,0.34512085553322985,0.012238616037464926,0.2834597176245024,0.01922569187337601,0.3439604359625921,0.013448677180941516,0.408329219536141,0.037756360035472954
263,0.628998998998999,5.5843700834958545,5.516854562985694,5.663277318445257,4.940530127801211,4.9099196389597815,4.956468253795706,4.184965280860316,4.154089690858629,4.09118666977287,3.285436058170357,3.284925431414019,3.038882538084947,0.3451548184311263,0.012232675193244233,0.2833893016341132,0.01930918611761655,0.34405914556589356,0.013371098654210933,0.40838123238178287,0.03761525721173213
264,0.6294894894894895,5.5903690878718475,5.522881681711633,5.6698191554514965,4.946601530320081,4.916090485391576,4.9632764930006985,4.1907758160766795,4.15995708124696,4.097878001585949,3.291197886393614,3.290667214629755,3.0453829139646116,0.34518917328318144,0.012226954807120986,0.28331944854465096,0.019393349720797773,0.34415776381601554,0.013295176850891691,0.40843411064459967,0.037474701432014666
265,0.62997997997998,5.59636212722069,5.528902477369657,5.676356064669785,4.952666634137213,4.922253510771693,4.970077714902012,4.196579760516657,4.165818258989402,4.104561613086078,3.296951357190224,3.2964011281331276,3.0518730243519263,0.34522392214055464,0.0122214535006873,0.2832501631032773,0.01947817424742534,0.34425629327870266,0.013220938393061602,0.4084878529936346,0.03733468780767436
266,0.6304704704704704,5.602349195271075,5.534916959232744,5.682888016941435,4.958725432914928,4.928408731596224,4.976871899526031,4.202377124633013,4.171673214931106,4.111237470609597,3.3026964388701407,3.3021271520026554,3.0583528988960738,0.34525906514752625,0.012216170019741865,0.2831814429442718,0.019563646838317173,0.3443547372184809,0.013148408818296521,0.4085424579228414,0.03719521195586747
267,0.630960960960961,5.6083302852461445,5.540925142257427,5.689415048545766,4.964777920388873,4.9345561544650955,4.9836590285865245,4.208167917208391,4.1775219404309185,4.117905537769024,3.3084331011603494,3.3078452665091653,3.064822555681519,0.34529460588594707,0.012211103275690909,0.2831132971023569,0.01964976250955574,0.3444530982838707,0.013077614191467374,0.40859792480563906,0.03705627120542359
268,0.6314514514514514,5.614305391348927,5.546927037035252,5.695937104492768,4.970824096365711,4.940695798650095,4.990439081180401,4.213952149259378,4.183364426215134,4.124565782306264,3.3141613178172555,3.313555434361354,3.0712820185228273,0.34533054431622767,0.012206252141459505,0.28304571857514355,0.01973650505408953,0.34455138062825796,0.013008578993806658,0.4086542549746049,0.03691786101506595
269,0.6319419419419419,5.620274502959441,5.5529226576029505,5.70245416084123,4.976863954368171,4.946827678132126,4.997212037761913,4.219729829261934,4.189200666014516,4.131218169629544,3.319881059383744,3.3192576381428323,3.077731304339918,0.3453668811423639,0.012201615584844313,0.28297870613468595,0.019823861976156158,0.34464958719658395,0.012941327693452166,0.40871144807774823,0.03677997891762261
270,0.6324324324324324,5.626237614228573,5.5589120166307575,5.708966226478185,4.982897488209777,4.952951802076408,5.003977879357455,4.225500967961715,4.195030649379853,4.137862666710554,3.325592294428908,3.324951849740956,3.084170430112703,0.34540361913736045,0.012197192526152104,0.28291226437046585,0.019911825201217696,0.34474772041177826,0.012875884553720176,0.40876950553836433,0.03664262149445334
271,0.632922922922923,5.632194716738264,5.564895129912817,5.715473283936416,4.988924693969937,4.959068191609923,5.010736587655733,4.2312655750604415,4.200854370263242,4.144499238151648,3.3312949981374316,3.3306380471811305,3.0905994050025516,0.3454407599406956,0.012192982127555827,0.2828463919815938,0.020000382669679382,0.34484578470927935,0.012812272846981401,0.4088284282083527,0.03650578732979367
272,0.6334134134134134,5.638145799952654,5.57087200759273,5.721975271124997,4.994945568416338,4.965176859185682,5.0174881412461945,4.237023659514622,4.206671819848094,4.1511278523219035,3.336989138362023,3.3363162017430668,3.0970182423015826,0.3454783031843482,0.012188983410227174,0.2827810816873637,0.0200895178211361,0.34494378288321487,0.01275051505745399,0.408888218416177,0.036369473214640416
273,0.6339039039039038,5.644090857665046,5.5768426653824115,5.728472183187761,5.000960106179116,4.971277828269746,5.024232523327827,4.2427752340527825,4.212482990164083,4.157748475888215,3.342674686834275,3.3419862852745723,3.1034269478474332,0.34551625169942773,0.012185195602123678,0.2827163339732985,0.020179220184587468,0.34504171925772315,0.012690633128030284,0.40894887934782964,0.03623367742911682
274,0.6343943943943944,5.650029876134124,5.582807115706749,5.734963985167481,5.006968300865004,4.977371108255681,5.030969712804526,4.248520306286653,4.218287874039846,4.164361076838995,3.3483516180186292,3.3476482789631135,3.1098255280733222,0.345554605752288,0.012181617834910192,0.28265214620788437,0.020269476531180032,0.34513959578357006,0.012632648366661666,0.40901041192164883,0.03609839873453022
275,0.6348848848848849,5.655962846867504,5.588765372646899,5.7414506462733055,5.012970148411951,4.983456722143015,5.037699691689928,4.254258889915364,4.2240864641844755,4.170965624053942,3.354019902796862,3.353302150676297,3.1162139865256386,0.34559336712599226,0.012178249398099153,0.28258851460505846,0.02036027351389042,0.34523741617588377,0.012576581097630223,0.40907282091373737,0.035963635243874414
276,0.6353753753753754,5.661889759998139,5.59471745033864,5.747932137477626,5.018965643476991,4.989534686442675,5.044422439875825,4.2599909920832655,4.229878752978272,4.177562083862267,3.3596795129148713,3.358947875163399,3.122592324205731,0.34563253739036576,0.012175089493677866,0.28252543687484055,0.02045159825703111,0.34533518408359,0.012522450817174511,0.40913610898159203,0.03582938578826061
277,0.6358658658658658,5.667810603145076,5.600663360215525,5.754408398606273,5.024954780261367,4.995605022463178,5.051137941795247,4.2657166240278075,4.235664734292264,4.184150427689943,3.3653304192953244,3.3645854337439416,3.12896053835121,0.3456721164238674,0.012172137575091717,0.28246290417725844,0.02054343443793454,0.34543290289539347,0.012470275992471809,0.4092002800417747,0.03569565001133133
278,0.6363563563563563,5.673725365843237,5.606603118422055,5.7608794271765,5.0309375542801735,5.0016677476443085,5.057846176757711,4.271435799455006,4.241444399805094,4.19073062384571,3.370972596038391,3.370214796200705,3.135318625557682,0.345712107219153,0.012169392982799954,0.2824009180949218,0.020635772280778276,0.34553057529972125,0.01242007468790226,0.4092653389026264,0.03556242721494605
279,0.6368468468468469,5.679634035676198,5.612536733864888,5.767345141572672,5.0369139588920495,5.007722878959035,5.064547125153196,4.277148524332396,4.247217743306285,4.197302642510523,3.376606018306347,3.375835937286143,3.141666581564221,0.34575250874037206,0.01216685505429084,0.2823394676478553,0.02072859326920917,0.3456282043053037,0.012371863245714402,0.40933128907964667,0.035429716876561275
280,0.6373373373373373,5.685536600716137,5.6184642235164945,5.773805514008261,5.042883988493076,5.013770442135813,5.071240769642279,4.282854812225745,4.252984759156582,4.203866457472246,3.3822306590760194,3.3814488352003695,3.148004399367744,0.3457933227293857,0.012164523260414352,0.2822785491406474,0.02082188436025333,0.34572579296244227,0.012325656892277966,0.40939813600738195,0.03529751900813573
281,0.6378278278278278,5.691433046346912,5.624385597818665,5.780260510294655,5.048847638537969,5.019810454167625,5.077927091189967,4.288554671761913,4.258745439773369,4.210422036679447,3.387846488768606,3.3870534586574745,3.154332071223857,0.34583455085328146,0.012162397041327959,0.282218157973299,0.02091563286595219,0.3458233448062788,0.012281470504796261,0.40946588512926757,0.03516583289803103
282,0.6383183183183183,5.697323361347537,5.630300868730611,5.786710060432266,5.0548049003324085,5.025842937072862,5.084606073006435,4.294248116579692,4.2644997787540255,4.216969352276451,3.393453484653709,3.392649788574891,3.16064958283401,0.3458761927892948,0.012160475993581561,0.28215828462092063,0.021009821451484806,0.3459208623200729,0.012239317729061495,0.4095345415832983,0.03503466002905896
283,0.6388088088088089,5.703207531487007,5.636210046813627,5.793154132815114,5.0607557693799246,5.0318679074339965,5.091277696083549,4.2999351533085255,4.270247771210905,4.223508378353901,3.39905162226833,3.398237802175711,3.166956923839907,0.34591824975653324,0.012158759598736179,0.2820989249789139,0.02110443789204934,0.34601834800035625,0.012199210540699213,0.40960411020905546,0.03490400062954024
284,0.6392992992992993,5.709085542384596,5.642113146395396,5.799592652146942,5.0667002380301005,5.037885392701719,5.097941940461297,4.305615794180981,4.275989410314762,4.230039086996184,3.4046408741123955,3.4038174742136875,3.173254079443445,0.34596072173962156,0.012157247380103113,0.2820400681624749,0.021199463745547212,0.346115805082992,0.012161159594472618,0.40967459752560764,0.034773855364604395
285,0.6397897897897897,5.714957377948538,5.648010176687548,5.806025588387511,5.072638301364417,5.0438954083825855,5.10459879083104,4.311290050027672,4.281724690519798,4.236561454984306,3.4102212166334995,3.4093887795134648,3.1795410323369064,0.34600361019429887,0.01215593906106859,0.28198170951020923,0.021294887512876552,0.34621323548084126,0.01212517504657076,0.4097460104963318,0.03464422527771128
286,0.6402802802802803,5.720823026389631,5.653901148146985,5.812452871565465,5.078569950762053,5.049897977877267,5.111248227588278,4.316957931111186,4.287453605816379,4.243075453009277,3.415792626883698,3.4149516916302205,3.1858177686441707,0.3460469150644986,0.012154834101150208,0.28192383939829485,0.021390692153354696,0.3463106421226974,0.012091265516152198,0.40981835465310396,0.034515111050675264
287,0.6407707707707708,5.726682468742411,5.659786070570194,5.818874433442512,5.084495179825883,5.055893120470315,5.1178902333641405,4.322619445856819,4.293176150664062,4.249581059065693,3.421355080990057,3.4205061956828327,3.1920842657325865,0.3460906358663797,0.012153932247741637,0.2818664472696377,0.021486861355482733,0.34640802712778795,0.01205943797970579,0.4098916361145774,0.03438651496227412
288,0.6412612612612613,5.732535691242183,5.66566495238926,5.825290245488686,5.09041398120305,5.061880861548195,5.124524790258083,4.32827460680055,4.298892320260409,4.2560782491979605,3.426908554612222,3.4260522632119437,3.1983405045878364,0.3461347744849174,0.012153233215111876,0.28180952820286437,0.02158338354901323,0.34650539286375887,0.012029698237343303,0.40996586292851506,0.03425843797978028
289,0.6417517517517517,5.738382677839701,5.671537804250638,5.831700223582571,5.096326347711502,5.067861219562433,5.1311518791605195,4.333923421092115,4.304602109240661,4.262566998782146,3.4324530276577137,3.4315898759304226,3.204586464800773,0.3461793298024184,0.012152736549587416,0.28175307037299135,0.02168024046323792,0.34660274150191467,0.012002050844264124,0.41004104029918376,0.03413088208322108
290,0.6422422422422422,5.7442234104167875,5.677404633136223,5.838104306228944,5.10223227107035,5.073834213039972,5.137771485663711,4.339565902209065,4.310305512522746,4.269047285844625,3.4379884755555294,3.4371190090404684,3.210822123269807,0.34622430194820303,0.012152442058467279,0.2816970638679966,0.02177741733468506,0.34670007440542844,0.011976499779208363,0.4101171767521089,0.03400384893030936
291,0.6427327327327327,5.7500578725047955,5.683265445917036,5.844502425906265,5.108131744144338,5.079799862711122,5.1443835886629055,4.34520205576865,4.316002524407523,4.275519089746117,3.44351487974289,3.4426396454779784,3.217047456460407,0.3462696903336317,0.012152349378188688,0.28164149861087784,0.02187489831535306,0.34679739348685623,0.011953046148014347,0.41019427785208623,0.03387734087340238
292,0.6432232232232232,5.755886047735113,5.689120250465389,5.850894526431483,5.1140247580034295,5.085758194298818,5.150988172110691,4.350831894496078,4.32169314132031,4.281982390893209,3.4490322180975763,3.4481517563962316,3.2232624385018775,0.34631549564878705,0.012152458335856781,0.2815863651304194,0.021972668940682966,0.34689470036588116,0.011931690333901623,0.41027235321102923,0.03375135968140878
293,0.6437137137137137,5.761707916889855,5.694969052468803,5.857280551376804,5.1199113050078084,5.0917092269172795,5.157585217314363,4.356455426990652,4.3273773582871184,4.288437166267356,3.4545404689278683,3.45365533036448,3.2294670438519515,0.3463617175794522,0.012152768670142129,0.28153165434409716,0.02207071523617149,0.34699199680500475,0.01191243165018456,0.4103514085140706,0.03362590826894381
294,0.6442042042042042,5.767523460927189,5.700811856987983,5.863660418360704,5.125791376782891,5.097652979182836,5.164174709549859,4.362072661213167,4.333055170713548,4.294883397268478,3.4600396138956806,3.459150343369615,3.235661244441996,0.34640835515458657,0.012153280182911303,0.28147735295086984,0.022169020418651854,0.3470892843606473,0.011895268027731326,0.41043145175022255,0.03350098906635636
295,0.6446946946946946,5.773332664644048,5.706648668524973,5.8700340585909725,5.131664962881098,5.103589468864392,5.170756627784561,4.367683608471901,4.338726574304678,4.301321066253625,3.46552963292566,3.464636778045982,3.2418450139906523,0.34645540764465804,0.012153992555405333,0.28142345142782654,0.022267569197302994,0.34718656258668684,0.011880195798700246,0.4105124906054511,0.03337660463480073
296,0.6451851851851852,5.7791355062078305,5.712479491926295,5.8764014004137115,5.137532057453618,5.109518722985063,5.17733095742179,4.37328827684675,4.344391564649081,4.307750156316359,3.4710105084286202,3.47011461422951,3.2480183215938396,0.3465028744686915,0.01215490571774903,0.2813699359908074,0.022366345949654632,0.34728383435172444,0.011867209412019814,0.41059453310253186,0.03325275801348468
297,0.6456756756756756,5.78493196628517,5.7183043290937166,5.882762384380279,5.143392648595463,5.115440755809184,5.183897679658917,4.378886675015725,4.35005013809093,4.314170649977808,3.4764822223042207,3.475583831231028,3.2541811395030584,0.34655075511981787,0.012156019405513642,0.2813167978906666,0.022465337307828175,0.3473810990786413,0.01185630285634862,0.41067758707053814,0.03312945173744872
298,0.6461661661661662,5.790722027386031,5.724123181114459,5.889116934494763,5.149246727563712,5.121355588511733,5.1904567779408595,4.384478811216503,4.355702290708143,4.320582530700569,3.4819447579089475,3.4810444135902423,3.2603334365377705,0.3465990484508576,0.012157333463827738,0.28126402434818687,0.022564527808223874,0.34747835793985676,0.011847468298850292,0.41076165990152935,0.033006689218411586
299,0.6466566566566566,5.796505667932691,5.729936052592807,5.895464985331758,5.155094285853731,5.127263240310211,5.197008234392755,4.390064694274967,4.3613480183706415,4.326985782819726,3.4873980965488007,3.4864963456959273,3.266475181542385,0.3466477537813151,0.012158847695466372,0.2812116044717198,0.02266390306231163,0.34757561148650706,0.011840696624830616,0.41084675948398786,0.0328844736724867
300,0.6471471471471472,5.802282868956125,5.735742940869945,5.901806446850206,5.16093531220532,5.133163727464804,5.2035520308962635,4.395644332073064,4.3669873171985625,4.3333803931871735,3.4928422228666975,3.4919396090746004,3.2726063438935338,0.34669686900316515,0.012160561893288485,0.28115952399461247,0.02276344663356971,0.34767285914353796,0.011835977423550621,0.4109328938245539,0.032762808146549055
301,0.6476376376376376,5.808053608211255,5.741543847283411,5.908141253782566,5.166769797786476,5.139057072973568,5.2100881537458825,4.401217732488645,4.37262018506277,4.339766350081065,3.498277120927569,3.497374186534808,3.278726889146539,0.34674639340158847,0.01216247603501807,0.2811077703750724,0.0228631447268756,0.347770101842321,0.011833298763054967,0.4110200718404612,0.032641696210269466
302,0.6481281281281281,5.8138178663743085,5.747338768304488,5.914469343963702,5.172597731059133,5.144943288046641,5.2166165823177755,4.406784905258306,4.37824661705173,4.346143635784416,3.5037027769300755,3.5028000639341528,3.284836787256277,0.34679632568606267,0.012164589850619441,0.2810563343386169,0.02296298467469272,0.3478673384160737,0.011832648499020803,0.41110830006016047,0.03252114138672724
303,0.6486186186186186,5.819575622056636,5.753127704237752,5.920790632349454,5.178419103028329,5.150822400079418,5.223137300508066,4.41234585388482,4.383866610990523,4.352512244049729,3.509119176256965,3.5082172264215563,3.290936002821563,0.34684666416920945,0.012166903244709591,0.2810052001891494,0.023062950199429486,0.34796456990944846,0.011834010856749998,0.4111975871622845,0.03240114730165467
304,0.6491091091091091,5.8253268537188,5.758910651028384,5.92710504640363,5.184233901954719,5.156694415009363,5.229650292167919,4.417900588837862,4.389480163508379,4.358872159920409,3.514526302061558,3.513625659128087,3.297024504356358,0.34689740713007317,0.012169416011615978,0.2809543568985246,0.023163028092627935,0.3480617942822707,0.011837372098204216,0.41128794115869177,0.0322817173104473
305,0.6495995995995996,5.831071541038672,5.764687603707847,5.933412517523472,5.190042117756278,5.162559355488199,5.236155538735714,4.423449117578344,4.395087271292925,4.36522337421965,3.5199241454789774,3.5190253489394254,3.3031022564465933,0.3469485529695215,0.012172128073621752,0.2809037917416962,0.02326320488235067,0.34815901139503747,0.011842714897173971,0.41137936962999233,0.03216285573127324
306,0.6500900900900901,5.836809660623261,5.770458558885976,5.9397129652498375,5.195843738416531,5.168417240372654,5.242653023656819,4.428991444952137,4.400687932485697,4.371565879612607,3.525312691762582,3.524416278416735,3.309169225055952,0.3470000998283623,0.01217503927366152,0.2808534906000522,0.02336346590294366,0.348256220470804,0.011850021072664854,0.41147188153341685,0.03204456582634881
307,0.6505805805805805,5.84254119111947,5.7762235093035965,5.946006323862349,5.201638755462149,5.174268079939871,5.2491427298635305,4.43452757949256,4.406282143008679,4.3778996654590845,3.530691928301225,3.52979843825693,3.3152253775662994,0.3470520458466593,0.01217814945453319,0.28080344202721735,0.023463799075614397,0.34835342019525106,0.011859272588913398,0.411565483867979,0.03192685155966719
308,0.6510710710710711,5.848266110843037,5.78198244679442,5.952292504135072,5.207427153952607,5.180111891145103,5.255624641706055,4.4400575260254636,4.411869901103386,4.3842247242437695,3.5360618447849395,3.5351718168721167,3.321270676426954,0.3471043883018067,0.01218145852414129,0.2807536307589828,0.02356418945957384,0.3484506092384068,0.01187044954892646,0.4116601845958304,0.03180971738554557
309,0.6515615615615615,5.853984397197542,5.7877353667907565,5.958571449534257,5.213208924556095,5.185948689340938,5.262098739701703,4.445581292632075,4.417451203966122,4.390541048484678,3.5414224303426565,3.540536400995605,3.327305089878809,0.34715712582345426,0.012184966257519445,0.28070404662765325,0.023664625627981207,0.34854778597058744,0.011883530958863303,0.4117559914897443,0.0316931668573359
310,0.6520520520520521,5.859696027898454,5.79348225687231,5.964843085033474,5.218984054078565,5.191778486250142,5.2685650087652505,4.451098882998622,4.423026049411135,4.396848634134278,3.546773673937827,3.5458921798149583,3.333328579635032,0.34721025605489186,0.012188672635332283,0.28065467614480244,0.023765095234960773,0.34864494836371734,0.011898495211844051,0.41185291288654735,0.03157720438172781
311,0.6525425425425425,5.865400980380932,5.799223110809807,5.971107318928731,5.224752531353702,5.197601300864226,5.275023430642251,4.456610304100648,4.428594435411959,4.403147475189832,3.5521155679016085,3.5512391439501663,3.3393411144319147,0.34726377572541567,0.012192577370070446,0.28060550337633133,0.023865582802687815,0.3487420950605406,0.011915319165297306,0.41195095562766654,0.031461833844828715
312,0.6530330330330331,5.871099231858011,5.804957913534392,5.97736409628017,5.230514345077754,5.2034171411274475,5.28147398962692,4.46211556065518,4.434156359591505,4.4094375653463365,3.5574481002540264,3.556577281593469,3.3453426565711384,0.3473176832566678,0.012196680461834994,0.28055651764867096,0.023966078985717065,0.348839223875078,0.011933979998567821,0.4120501280401176,0.03134705949729658
313,0.6535235235235235,5.87679075920983,5.810686657774648,5.983613336523063,5.236269481599213,5.209226019648212,5.287916667069756,4.467614659072978,4.439711820025747,4.415718902244643,3.562771265017916,3.561906584288559,3.351333173219392,0.34737197556678073,0.012200981623613381,0.2805077057500911,0.024066570221511534,0.34893633164853294,0.011954453252418968,0.41215043727446754,0.031232885494701258
314,0.654014014014014,5.882475540413826,5.816409327286473,5.989854964434424,5.242017929799656,5.215027951540406,5.294351447652219,4.473107603629494,4.445260814731353,4.421991482119851,3.568085052974685,3.56722704442763,3.3573126266763795,0.3474266499524285,0.012205480843928,0.2804590528904654,0.02416704463112384,0.3490334169549289,0.011976713777924104,0.4122518910110577,0.031119316479559168
315,0.6545045045045045,5.888153552126229,5.822125909556541,5.996088929574298,5.2477596759724845,5.2208229466215625,5.300778314867923,4.478594399948472,4.450803341909151,4.42825530398554,3.573389454733197,3.572538651571534,3.363280985817972,0.3474817045423588,0.012210177919941055,0.2804105495295596,0.024267493259770446,0.34913047643085793,0.012000736074309754,0.41235449703715915,0.031006355907560106
316,0.6549949949949949,5.893824771000802,5.827836390217963,6.002315136853389,5.25349470853868,5.226611012766247,5.307197248189587,4.484075050635133,4.456339400287648,4.434510365046001,3.5786844666657895,3.57784139617132,3.3692382137351804,0.3475371354146,0.012215072628830615,0.28036217995015766,0.02436790181135574,0.3492275067800603,0.012026493591661538,0.41245826239176175,0.030894008482708915
317,0.6554854854854855,5.899489173166385,5.833540753413729,6.00853352997035,5.25922301435075,5.232392166785523,5.313608235056981,4.489549560001201,4.461868987971874,4.440756665324115,3.583970081762138,3.583135277520528,3.3751842755012764,0.34759294008651753,0.012220164937366442,0.2803139315384854,0.024468261003547803,0.34932450636143986,0.01205395927224641,0.41256319360132,0.030782278979892195
318,0.655975975975976,5.9051467376208535,5.839238983146218,6.014744037833972,5.264944580476272,5.238166412015375,5.320011255796813,4.495017933936605,4.467392103553404,4.44699420413182,3.5892462932713416,3.588420282313979,3.381119139330488,0.3476491156366055,0.012225454554575538,0.28026579288400255,0.024568559989422787,0.3494214703886115,0.012083106107659924,0.41266929871986746,0.030671170909275035
319,0.6564664664664664,5.910797440101431,5.8449310595780615,6.020946588930825,5.270659393087079,5.243933759392667,5.326406294361634,4.500480174696976,4.472908745674486,4.45322298352268,3.594513094954981,3.59369640854158,3.387042768815672,0.3477056586663079,0.012230941411141486,0.28021774999159516,0.024668788257522393,0.3495183956926454,0.012113905944150747,0.4127765846392374,0.030560689103676857
320,0.6569569569569569,5.916441257681631,5.850616968410923,6.0271411214288175,5.276367441717459,5.24969421667925,5.332793333078169,4.505936286886077,4.4784189132406755,4.459443003470966,3.5997704849973653,3.598963647671012,3.3929551324045635,0.3477625663479237,0.012236625238812296,0.28016979147119814,0.024768935950354065,0.34961527881934773,0.01214633050166113,0.4128850579294172,0.030450837666231512
321,0.6574474474474474,5.922078166985394,5.856296687260236,6.033327575187275,5.2820687107311945,5.255447791896971,5.339172356427431,4.5113862721972,4.48392260430174,4.465654266694137,3.6050184551073383,3.6042219955659647,3.398856196424569,0.34781983571380876,0.012242505913757614,0.2801219053409248,0.024868994492210236,0.3497121160636253,0.012180351147580438,0.4129947256202707,0.030341620708541052
322,0.657937937937938,5.927708144724123,5.861970196363351,6.039505874116499,5.287763186814986,5.261194492624983,5.345543345584795,4.516830133928709,4.489419818440708,4.471856773677549,3.6102570029819203,3.6094714488462816,3.404745925590197,0.3478774629647192,0.012248583243387356,0.2800740779086035,0.024968952952884385,0.34980890338284476,0.012215938724527196,0.4131055941300011,0.030233043134983588
323,0.6584284284284284,5.933331168571205,5.867637474929437,6.045675949273896,5.293450857608905,5.266934325474842,5.351906284712959,4.522267875566058,4.494910555424348,4.478050529938545,3.6154861255394253,3.6147120006589035,3.4106242893978944,0.3479354445507254,0.012254857013585023,0.2800262960767281,0.025068801623388346,0.34990563638263544,0.012253063952356508,0.413217670582176,0.030125108758042137
324,0.6589189189189189,5.938947217143376,5.873298500630691,6.051837747087836,5.299131709861435,5.272667294742927,5.358261156386476,4.5276994992080795,4.5003948135871426,4.484235540368205,3.6207058200394613,3.6199436500511513,3.4164912549671778,0.3479937773762862,0.012261327027512165,0.2799785495811666,0.02516853287750093,0.35000231047323166,0.012291697336839321,0.41333096104214495,0.030017822153197524
325,0.6594094094094094,5.9445562650631105,5.878953251737601,6.057991207997373,5.304805729053255,5.278393407493834,5.364607943533739,4.533125006806763,4.505872592485222,4.4904118075821975,3.6259160833828794,3.6251663918949886,3.4223467918023354,0.34805245807583074,0.012267993048405685,0.27993082653069723,0.025268138340410445,0.35009892150710326,0.012331809107607351,0.413445471712601,0.029911187273665738
326,0.6598998998998999,5.950158290066306,5.884601703213255,6.064136271920991,5.310472903597699,5.284112666076955,5.37094663085579,4.538544401008952,4.5113438899400675,4.496579337184532,3.6311169123707763,3.630380223515366,3.428190867081503,0.34811148322322893,0.012274854935563307,0.27988311493208995,0.025367610187941012,0.3501954650532065,0.012373369841447327,0.4135612090743978,0.029805208529433063
327,0.6603903903903904,5.955753270800796,5.890243830853754,6.070272886832565,5.316133216713292,5.289825075400028,5.377277198617899,4.543957682921278,4.5168087070121485,4.5027381345842,3.6363083049862066,3.635585145022958,3.4340234498814275,0.3481708494390534,0.012281912411174392,0.2798354052346696,0.02546694120193957,0.35029193543899584,0.012416349250836949,0.41367817897684733,0.02969989029436558
328,0.6608808808808808,5.961341185273251,5.895879610330586,6.076400985815129,5.32178665822008,5.29553063845028,5.383599632513229,4.549364853649929,4.522267042755206,4.508888206685706,3.6414902607572897,3.640781149961473,3.439844509820025,0.34823055301226297,0.012289165261715458,0.27978768415782146,0.025566122759095717,0.35038832852940843,0.012460717606688718,0.41379638784384387,0.029595236489418517
329,0.6613713713713714,5.9669220089658666,5.9015090144715625,6.082520506036067,5.327433212962609,5.3012293604362775,5.389913912896738,4.554765914968432,4.52771889694961,4.515029559644751,3.646662779311521,3.6459682390902164,3.44565401699261,0.34829058971115434,0.012296613238151021,0.2797399394065692,0.025665146757286234,0.3504846389244955,0.012506444483087683,0.4139158410646179,0.02949125151341839
330,0.6618618618618619,5.972495723229033,5.907132017401967,6.088631418122677,5.3330728668197676,5.30692124134,5.396220024554697,4.560160868405166,4.533164268683866,4.521162201040979,3.65182585699306,3.6511464110136114,3.4514519452166526,0.34835095713931047,0.012304256046056332,0.2796921645324848,0.025764009442563855,0.3505808611884263,0.012553500425733803,0.41403654434731496,0.02938793881673596
331,0.6623523523523523,5.978062303233959,5.9127485908496205,6.0947336439942,5.338705608184759,5.312606279371474,5.402517949459749,4.565549714592636,4.538603157769255,4.527286138105515,3.656979495026287,3.65631566406717,3.4572382605466245,0.3484116505269137,0.012312093508158074,0.2796443450941763,0.02586270144556924,0.3506769896610347,0.012601855723232098,0.41415850378082303,0.029285303269820394
332,0.6628428428428428,5.983621729452442,5.918358706745585,6.100827151589121,5.344331421461118,5.318284482487711,5.408807671704616,4.570932452946183,4.544035563316827,4.533401380335413,3.6621236928410577,3.661476000730216,3.4630129386671897,0.34847266693049456,0.01232012531294673,0.27959647296861007,0.025961218612998646,0.3507730197720701,0.012651480049367985,0.41428172377027833,0.029183348471778267
333,0.6633333333333333,5.98917397818406,5.923962336590115,6.106911875164554,5.349950293441884,5.3239558450996585,5.415089173169476,4.576309082350298,4.549461487008039,4.539507936204709,3.6672584500717624,3.6666274162852597,3.4687759495980384,0.3485340020853573,0.012328351182799244,0.27954853642589567,0.026059553348580986,0.35086894486874604,0.012702344128232325,0.41440621070030065,0.02908207832794514
334,0.6638238238238239,5.994719031295941,5.929559449373416,6.112987777031389,5.355562211595681,5.329620368240822,5.421362438080042,4.581679607238934,4.554880926426845,4.545605813157613,3.672383766885914,3.6717699119838474,3.4745272665781455,0.3485956527892502,0.012336770889586872,0.27950052684389454,0.026157701445908964,0.3509647596332317,0.012754418850425973,0.4145319696092973,0.028981496915695373
335,0.6643143143143143,6.000256865368457,5.935150016108381,6.1190548023956834,5.361167161324949,5.335278052419619,5.427627448983214,4.587044024361934,4.560293883588068,4.5516950231828925,3.6774996442084227,3.676903491786554,3.4802668651236384,0.3486576146253616,0.01234538407250153,0.2794524332699268,0.026255656528262825,0.3510604579426008,0.0128076745398471,0.41465900489114405,0.028881607956941897
336,0.6648048048048047,6.0057874603676895,5.940734006766457,6.125112928909083,5.366765130551741,5.340928898350484,5.433884187947006,4.5924023352163506,4.565700356857018,4.557775574631748,3.682606082673668,3.682028153575053,3.485994719207838,0.3487198851007012,0.012354190473108049,0.27940424946240905,0.02635341612530779,0.35115603436686077,0.01286208198980817,0.4147873217174471,0.028782415135069604
337,0.6652952952952953,6.0113107980994505,5.946311388211448,6.131162094179701,5.372356104568258,5.346572897011104,5.440132639268128,4.59775453796603,4.571100348257223,4.563847478579582,3.687703081982309,3.687143896772396,3.4917107994995082,0.3487824598543674,0.01236318982201748,0.2793559646669266,0.026450973874246227,0.3512514815669877,0.01291761321116401,0.41491692609164776,0.028683922507269127
338,0.6657857857857857,6.016826856100549,5.951882129333908,6.137202256237842,5.377940071344656,5.3522100528624375,5.446372786263945,4.603100632123698,4.576493855956458,4.569910745928517,3.692790645704699,3.6922507249981877,3.497415086831277,0.34884533478185903,0.012372381722506133,0.2793075685630771,0.026548325060670022,0.3513467947897525,0.012974239076159418,0.4150478209901163,0.028586133317513474
339,0.6662762762762763,6.022335614987009,5.957446196264646,6.143233387566161,5.383517015542321,5.3578403600982725,5.452604611439541,4.608440616252384,4.581880880472958,4.575965385764427,3.6978687707553854,3.697348639407666,3.5031075547629706,0.3489085069298685,0.01238176590719276,0.2792590550518069,0.026645467438750035,0.3514419672591652,0.013031931698967235,0.41518001170220126,0.028489051188128185
340,0.6667667667667667,6.027837056653145,5.963003557980362,6.14925544490269,5.389086926878209,5.3634638127773275,5.458828096934637,4.6137744887314245,4.587261423439232,4.582011412351736,3.7029374638172716,3.7024376418797713,3.5087881804445904,0.34897197220633924,0.012391341988638713,0.27921041569240745,0.02674239647877438,0.35153699197427235,0.013090663078508332,0.41531350236302694,0.028392679896917936
341,0.6672572572572573,6.033331161814317,5.968554180213049,6.155268383639275,5.394649789909051,5.369080410592533,5.4650432279182874,4.619102249490257,4.5926354834436145,4.588048835088333,3.7079967205398376,3.7075177325327426,3.514456940975899,0.34903572696925156,0.012401109649036436,0.2791616407017416,0.026839107880021015,0.3516318633620705,0.013150405827000819,0.41544829804633654,0.028297022439849318
342,0.6677477477477477,6.038817910259151,5.97409802899892,6.161272199623541,5.400205593498814,5.374690148018208,5.471249985453919,4.624423897557787,4.598003061966804,4.594077666976784,3.7130465466815994,3.7125889152275793,3.520113816007193,0.34909976844053237,0.012411068583083199,0.27911272678941373,0.02693560214059907,0.3517265743130921,0.01321113248485584,0.4155844022615712,0.028202082350971422
343,0.6682382382382382,6.044297285899581,5.979635069738176,6.167266824725689,5.405754324382221,5.380293017821927,5.4774483550123545,4.629739428471098,4.60336415938839,4.600097919987193,3.718086941170506,3.717651191050895,3.5257587825778773,0.3491640918352907,0.012421218360427746,0.2790636618254654,0.027031872448513596,0.3518211186149501,0.013272816645327406,0.41572181947223674,0.028107862801994846
344,0.6687287287287287,6.049769269953264,5.985165268685078,6.173252242062232,5.411295969790863,5.385889016235453,5.483638317029388,4.635048844204568,4.608718774609748,4.606109606502987,3.723117907436204,3.7227045625279978,3.5313918183590127,0.34922869413557384,0.01243155866479241,0.27901444098767636,0.027127917664796816,0.3519154891220468,0.01333543153111179,0.4158605539681739,0.028014367446474252
345,0.6692192192192192,6.055233843749482,5.990688589244134,6.179228433361644,5.416830517610662,5.391478134309837,5.489819857220366,4.640352137861241,4.614066909969368,4.612112736682731,3.7281394452403327,3.7277490323345495,3.537012907551908,0.3492935721351766,0.012442089073174983,0.2789650587474696,0.02722373735881547,0.3520096799065853,0.013398951503648695,0.41600060849433856,0.027921598562871734
346,0.6697097097097097,6.060690992487193,5.996204997694533,6.185195370911796,5.422357954822801,5.3970603707531675,5.49599295866268,4.6456493097928,4.6194085642491425,4.618107327720834,3.733151557363054,3.7327846023140836,3.5426220291788133,0.349358722545026,0.012452809238293915,0.2789155085903348,0.027319329093990128,0.35210368408335774,0.013463350450859297,0.4161419877819414,0.02782955943283669
347,0.6702002002002002,6.066140699086529,6.001714458513077,6.191153015652798,5.427878269399444,5.402635712658867,5.5021576029790324,4.6509403576610975,4.624743739693221,4.624093388980519,3.738154246205258,3.737811275540318,3.5482191659171,0.3494241411376165,0.012463718644853624,0.27886578351671254,0.027414689755157755,0.35219749404049466,0.013528603532414737,0.4162846948880161,0.02773825287923335
348,0.6706906906906906,6.071582944875508,6.007216934433962,6.197101342030613,5.433391450737771,5.408204158193096,5.508313775705881,4.656225277856045,4.630072436086359,4.630070935198779,3.743147510182853,3.742829057788281,3.553804298248501,0.3494898244920778,0.01247481702073413,0.2788158756236557,0.02750981778144393,0.35229110430416843,0.013594685565340903,0.4164287336110459,0.027647681885971977
349,0.6711811811811812,6.07701771668446,6.012712390518919,6.203040357871811,5.43889748519192,5.4137656953165525,5.514461458049928,4.661504068418934,4.635394652844898,4.636039978670423,3.74813135361426,3.7478379464934206,3.559377408820197,0.34955577075139355,0.012486103917236872,0.2787657855187561,0.027604715540162097,0.35238450702365137,0.013661572409852399,0.41657410762102054,0.02755784902056545
350,0.6716716716716716,6.08244499769037,6.018200790332524,6.208970016851999,5.444396362180974,5.4193203177815565,5.520600635649326,4.666776726724948,4.640710392498075,4.642000532300873,3.753105776706886,3.752837948869962,3.5649384823391093,0.34962197529561934,0.012497578888422485,0.27871550330120126,0.027699379099540827,0.35247769582925,0.013729240138900516,0.41672081991186344,0.02746875690863242
351,0.6721621621621622,6.087864774760634,6.023682098266172,6.214890316151937,5.449888070301158,5.424868015589401,5.5267312908289865,4.6720432475517795,4.6460196544210675,4.6479526110164295,3.758070781004928,3.757829061763616,3.5704875032674623,0.3496884359330957,0.012509241468253097,0.2786650271639097,0.027793809574209637,0.35257066374956164,0.013797665102437996,0.4168688742803271,0.027380407530236225
352,0.6726526526526526,6.0932770313948845,6.0291562762617374,6.220801226240211,5.455372597799103,5.430408780255637,5.532853406952968,4.677303629146481,4.65132243869066,4.653896226773014,3.7630263666774306,3.762811295177319,3.576024455105824,0.3497551486040247,0.012521091236986645,0.27861435027164383,0.027888005204366555,0.3526634039584153,0.013866824240025215,0.41701827313055145,0.0272928039356144
353,0.6731431431431432,6.098681755919878,6.034623289347907,6.226702742072348,5.460849933948162,5.435942602305989,5.538966969866363,4.682557867552042,4.6566187479443535,4.6598313922416885,3.767972535866783,3.76778464698822,3.5815493236917177,0.3498221110161184,0.012533127747598847,0.27856347011516586,0.027981966964004394,0.35275590983899,0.013936695134968148,0.41716902015324203,0.02720594803538134
354,0.6736336336336336,6.10407893244532,6.040083099854198,6.232594859668922,5.466320068395837,5.441469472986944,5.5450719603774115,4.687805958656649,4.661908580662456,4.665758122401152,3.7729092884462747,3.772749120633236,3.5870620965228617,0.34988932037991266,0.01254535052870083,0.2785123839088484,0.02807569594055772,0.35284817449397066,0.014007255061731363,0.41732111803223304,0.027119841762789802
355,0.6741241241241241,6.1094685498217505,6.0455356721886115,6.238477546292096,5.471782991534444,5.446989382067431,5.551168365065052,4.693047900793519,4.667191938491746,4.671676430148059,3.7778366261246314,3.777704722673094,3.592562759692106,0.34995677282061394,0.012557759085861453,0.27846108496173677,0.028169189919236007,0.3529401912444194,0.014078482654085098,0.41747456944775035,0.02703448763570773
356,0.6746146146146146,6.114850594867734,6.050980970229851,6.244350811185321,5.477238689719851,5.452502316862248,5.557256166739524,4.698283688298968,4.672468822681723,4.677586328125464,3.782754547569941,3.782651447029412,3.598051300888802,0.35002446670581094,0.012570352929521585,0.2784095737746903,0.02826245176824901,0.3530319525990514,0.014150356707155181,0.4176293784459442,0.02694988674787058
357,0.6751051051051051,6.1202250550167445,6.056418955536846,6.25021464430792,5.482687157158496,5.458008269226863,5.563335348337165,4.703513316345823,4.677739232243259,4.68348783045307,3.7876630535901477,3.7875893062637513,3.603527706317759,0.3500923988336974,0.012583131625826324,0.2783578459980296,0.02835548188889259,0.35312345286786184,0.014222855752342358,0.4177855462904793,0.026866041929654146
358,0.6755955955955956,6.125591920162989,6.061849594366343,6.25606903634238,5.48812838146466,5.46350722760642,5.569405896391307,4.708736781059076,4.683003169264844,4.689380949294183,3.7925621450256997,3.792518296277373,3.6089919676549154,0.35016056670654977,0.012596094572321281,0.27830589935036076,0.02844828081370928,0.353214685133404,0.014295959802974918,0.41794307616026655,0.026782954023985416
359,0.6760860860860861,6.13095117855057,6.067272848647349,6.261913974586709,5.49356235343499,5.468999178327015,5.575467793083117,4.713954079761316,4.6882606332632415,4.695265698419686,3.7974518206616232,3.797438421284161,3.614444071218845,0.3502289673299737,0.012609241302952661,0.2782537306710625,0.02854084886812212,0.3533056419683264,0.01436964883372242,0.4181019711377477,0.026700625132499593
360,0.6765765765765765,6.13630282046421,6.0726886832864375,6.267749478101667,5.4989890641026165,5.474484113467781,5.581521024182977,4.719165207686853,4.693511625549445,4.701142090724806,3.8023320801891676,3.8023496847964338,3.6198840090467845,0.3502975992053038,0.012622571318629705,0.27820134073743724,0.028633189811968808,0.35339631750127376,0.014443903050638316,0.41826223327854367,0.026619056493256847
361,0.6770670670670671,6.141646834845887,6.078097061964813,6.273575530039913,5.504408505311345,5.479962020520042,5.587565573902318,4.724370158732777,4.698756146198546,4.707010139735346,3.8072029216207293,3.8072520848446594,3.6253117731376587,0.35036645942639694,0.012636084026854882,0.2781487255292613,0.02872530336171867,0.353486705369626,0.014518703234418636,0.41842386539922705,0.026538248823350003
362,0.6775575575575575,6.146983212555808,6.08349794918618,6.2793921459490285,5.509820668763628,5.4854328869039755,5.593601425974602,4.729568929575521,4.703994196817331,4.712869856211287,3.8120643458197034,3.8121456260506332,3.630727350817885,0.35043554637351615,0.012649778976890848,0.2780958862126735,0.028817192955388017,0.35357679888711396,0.014594030576608713,0.4185868698495616,0.02645820422317665
363,0.678048048048048,6.152311946548328,6.088891311245103,6.285199311078924,5.515225543149797,5.490896697640646,5.5996285662690015,4.734761515249622,4.709225776477792,4.7187212544794885,3.8169163480345882,3.8170303102108645,3.636130736014341,0.3505048573211454,0.012663655470987667,0.2780428206043685,0.028908858524231085,0.3536665909815679,0.014669867297197702,0.4187512491573588,0.026378923227487406
364,0.6785385385385385,6.157633026299652,6.094277110407661,6.29099702852717,5.520623123181688,5.49635344605755,5.605646979063899,4.7399479099740836,4.714450887028121,4.724564346479034,3.8217589291668426,3.8219061357956674,3.6415219212209307,0.3505743901446288,0.012677713035711545,0.2779895261741671,0.029000301959789088,0.35375607648653906,0.014746194661665069,0.41891700565921,0.026300406696335092
365,0.6790290290290291,6.1629464446198465,6.09965531418989,6.296785319609988,5.52601340020937,5.501803116122651,5.611656649117751,4.745128109734962,4.719669527707067,4.730399143671311,3.8265920848438206,3.8267731069563733,3.6469008966178924,0.35064414380803643,0.012691951119766167,0.2779360060440436,0.029091527306478893,0.3538452486545816,0.014822995534681787,0.41908414177663555,0.02622265591213579
366,0.6795195195195195,6.168252194634993,6.105025887978468,6.302564186003829,5.531396366741226,5.507245696244998,5.617657562015073,4.750302109278555,4.724881700319619,4.7362256588844245,3.8314158138654144,3.8316312237812564,3.652267659459858,0.35071411612920905,0.012706369071738883,0.2778822593001354,0.029182536277502155,0.3539341012785495,0.014900252693383118,0.4192526594258288,0.026145671010433233
367,0.6800100100100099,6.173550269596536,6.110388797677042,6.308333623334515,5.536772015977053,5.512681171764428,5.62364970277779,4.755469903075626,4.7300874042079375,4.742043901433633,3.8362301113787387,3.836480487296415,3.657622201063094,0.35078430511484643,0.012720966281872803,0.27782828467131415,0.029273329908570005,0.35402262863058775,0.01497794953189998,0.4194225608707237,0.02606945281386147
368,0.6805005005005005,6.178840663932077,6.115744009406204,6.314093651356501,5.542140340421652,5.51810953191729,5.629633057655354,4.760631485841658,4.735286640110967,4.747853885685896,3.84103497516636,3.841320896246263,3.66296451575965,0.3508547097009279,0.012735742216905379,0.27777408393993125,0.02936391197428307,0.3541108246550697,0.01505606960444692,0.4195938488564026,0.02599400170767539
369,0.680990990990991,6.184123370237967,6.121091490031005,6.319844279358742,5.547501334027031,5.5235307621827285,5.635607611916191,4.765786853390138,4.740479408340792,4.753655622758437,3.8458303994160703,3.8461524508902625,3.668294599204765,0.35092532834426604,0.012750696269272978,0.2777196576923965,0.029454285058697693,0.3541986831932341,0.015134597028572314,0.41976652586417834,0.025919317757557014
370,0.6814814814814815,6.189398385168678,6.126431208940992,6.325585520759678,5.552854990309482,5.528944849240152,5.641573350386848,4.770935998693565,4.745665710252183,4.759449120740278,3.85061638023534,3.8509751521763724,3.673612447162905,0.35099615992342026,0.01276582771078802,0.277665008019145,0.02954445181716971,0.35428619883173856,0.015213516011706008,0.4199405932832715,0.025845401129005675
371,0.6819719719719719,6.194665702949634,6.131763132067639,6.331317380685957,5.558201303456616,5.534351781354452,5.647530259285977,4.776078916135275,4.750845544337153,4.765234392938254,3.855392914543374,3.8557890025142862,3.678918054237924,0.35106720265114383,0.012781135964772723,0.27761013442977,0.029634414309499656,0.35437336614030535,0.015292811241368595,0.4201160528869689,0.025772252377011865
372,0.6824624624624624,6.199925320494687,6.137087228876807,6.337039873929118,5.563540268484811,5.539751546465963,5.653478326400132,4.781215601539051,4.7560189117307505,4.771011447723752,3.8601599951100223,3.860593993819351,3.6842114175556975,0.3511384559989521,0.012796620402486886,0.2775550384338774,0.029724175454656374,0.3544601801119603,0.015372467915288056,0.42029290808001574,0.02569987060571812
373,0.682952952952953,6.205177233187635,6.142403468824944,6.342753029077574,5.568871879202901,5.545144127780313,5.659417535748877,4.7863460482502855,4.76118581270311,4.776780295609495,3.864917615381068,3.865390130246898,3.6894925323726784,0.3512099193677945,0.01281228037389105,0.27749972472107026,0.029813739837364062,0.3545466345081757,0.015452471504778341,0.4204711604940105,0.02562825608546595
374,0.6834434434434434,6.210421438696161,6.147711821081351,6.348456845997558,5.574196131668613,5.550529512179963,5.665347874645932,4.791470249830275,4.766346246334679,4.782540947286379,3.8696657708636693,3.8701774086356453,3.694761397451235,0.35128159121891045,0.012828115152947413,0.2774441927773333,0.029903108600138027,0.3546327245403145,0.015532807862136752,0.4206508118986156,0.025557408216736195
375,0.6839339339339339,6.215657935605629,6.1530122581261315,6.354151347450451,5.579513020533147,5.555907689671028,5.671269330788047,4.796588200884478,4.771500214460234,4.7882934098038925,3.874404451459675,3.8749558293531523,3.7000180088918557,0.3513534714254165,0.012844124085284809,0.27738844571117066,0.029992285183200358,0.3547184457010286,0.015613462917952452,0.4208318647721797,0.025487326581416204
376,0.6844244244244244,6.220886719725692,6.158304747442669,6.359836554941932,5.584822541571272,5.561278643968631,5.677181889420072,4.801699897406292,4.776647715417956,4.794037693953834,3.879133653110812,3.8797253863640666,3.7052623651981564,0.3514255592457916,0.012860306553647163,0.27733248642713987,0.030081273510573502,0.354803792143464,0.015694423257558487,0.42101432153421353,0.025418010460559956
377,0.684914914914915,6.226107791943132,6.163589264390437,6.365512489371136,5.5901246919334255,5.566642362070103,5.683085539372737,4.806805330350067,4.781788749869844,4.799773808093316,3.8838533653975604,3.8844860807096175,3.7104944651204512,0.35149785462683675,0.012876661782189368,0.2772763184237571,0.03017007663820939,0.35488875995969943,0.015775675714126667,0.4211981837194325,0.025349459026230658
378,0.6854054054054054,6.231321148978186,6.168865779995855,6.371179159630198,5.595419467400297,5.571998831509914,5.688980266210036,4.811904493941635,4.786923317529605,4.805501758123611,3.8885635799661746,3.88923790608853,3.715714305928765,0.35157035686079213,0.012893189073348025,0.27721994282434437,0.030258696476385228,0.35497334466757646,0.01585720706172584,0.42138345382152737,0.02528167131485397
379,0.6858958958958958,6.236526791979398,6.174134267373309,6.376836592740951,5.600706863991281,5.5773480388287435,5.694866058471151,4.816997384845286,4.792051418347571,4.811221553291307,3.8932642880155086,3.8939808648873,3.720921887196392,0.35164306579734006,0.012909887737402636,0.2771633639987023,0.030347137031457555,0.3550575412347863,0.015939004929095116,0.4215701336793829,0.025214646652136734
380,0.6863863863863864,6.241724719798708,6.179394700011604,6.38248481076987,5.60598688012504,5.582689967698864,5.700742903107058,4.822083994877627,4.797173052060852,4.8169332021462195,3.8979554787985267,3.89871494668524,3.726117208005689,0.35171598170308127,0.01292675707142906,0.27710658561883456,0.03043540171189688,0.3551413451646987,0.016021057067966537,0.42175822650517153,0.02514838329341267
381,0.6868768768768769,6.2469149349971635,6.184647054535735,6.3881238353746195,5.611259512691185,5.588024609266763,5.706610788902001,4.8271643162051046,4.8022882178183695,4.822636709715009,3.9026371436560767,3.903440150350408,3.7313002671857087,0.35178910480812764,0.012943796284416642,0.27704961116247995,0.03052349329636155,0.35522475363126027,0.016103351140737514,0.4219477333562653,0.025082880329030218
382,0.6873673673673674,6.252097436546504,6.189891305592105,6.393753675456728,5.616524759938621,5.593351948814077,5.712469704236047,4.832238345702354,4.807396915171645,4.8283320831754555,3.907309270768102,3.908156473128294,3.736471066162257,0.35186243446555376,0.012961004630606853,0.2769924421654572,0.030611413553399174,0.3553077620463918,0.016185875604949062,0.422138656657866,0.025018136178567397
383,0.6878578578578578,6.257272227291514,6.195127429249961,6.3993743733013355,5.621782618639354,5.598671972207533,5.718319636761039,4.837306075473765,4.812499143930399,4.834019327649018,3.9119718481352326,3.912863908001523,3.7416296027527722,0.3519359721295283,0.012978381410269529,0.27693508599754096,0.03069916791886577,0.3553903665383587,0.016268618976290533,0.42233099904974175,0.024954149361049078
384,0.6883483483483483,6.2624393091366315,6.200355403273984,6.404985949839715,5.6270330892518325,5.603984667919639,5.724160574718424,4.8423674980013995,4.817594903510333,4.839698449442887,3.916624862658446,3.917562450904566,3.746775878599404,0.3520097181957784,0.012995925827187622,0.27687754605027903,0.030786758994350166,0.35547256406238814,0.01635156973320201,0.42252476251913135,0.02489091798317371
385,0.6888388388388388,6.267598683156726,6.205575206064739,6.410588419350991,5.632276168251568,5.609290021887991,5.7299925085259105,4.847422608770245,4.822684192375634,4.845369453674684,3.9212683029353257,3.922252095420891,3.751909893651432,0.3520836727893328,0.01301363711615202,0.2768198253526942,0.030874188944420754,0.35555435082043213,0.016434717401963374,0.422719949517839,0.024828440369974846
386,0.6893293293293293,6.27275035352891,6.210786815930867,6.416181819660158,5.637511857127253,5.614588020519497,5.735815425886657,4.852471398864906,4.827767010882968,4.851032344336989,3.925902155880171,3.9269328356290543,3.7570316474712073,0.3521578373496106,0.013031514523819046,0.2767619303775096,0.030961462287376795,0.35563572394106757,0.01651805094769644,0.42291656219976875,0.0247667146980587
387,0.6898198198198198,6.277894322335687,6.2159902141634165,6.421766158379324,5.642740153779203,5.61987865333021,5.741629316537298,4.857513864953082,4.832843357334463,4.856687127459733,3.9305264058509586,3.931604662074957,3.762141143443276,0.3522322120828285,0.013049557206326778,0.2767038631272072,0.031048579849214848,0.35571667997212325,0.016601559931068672,0.4231146038527233,0.024705738259322742
388,0.6903103103103103,6.2830305953255445,6.221185380405644,6.427341469441954,5.647961059048793,5.62516190814009,5.74743417091224,4.862549997024327,4.837913230953719,4.862333804746773,3.935141039333725,3.93626757436412,3.76723838015346,0.35230679832259226,0.013067764391824652,0.27664562942559934,0.03113554567120805,0.3557972172022947,0.016685234061746268,0.4233140753799821,0.02464550968446041
389,0.6908008008008008,6.28815917550799,6.2263722973552715,6.432907783433294,5.6531745725170826,5.630437769572123,5.753229978522614,4.8675797903657765,4.8429766303669535,4.867972379685838,3.93974603902651,3.94092156032454,3.7723233610214986,0.3523815975651072,0.013086135257158217,0.27658723543638103,0.031222363316694913,0.35587733220269585,0.016769063629279463,0.42351498017704814,0.02458602585296952
390,0.6912912912912913,6.293280066199839,6.231550947380731,6.438465116624425,5.6583806945148485,5.635706228605406,5.759016727730654,4.872603236195481,4.848033554467478,4.873602854738479,3.944341392332588,3.9455666123476245,3.7773960840363383,0.35245661067342166,0.01310466899541716,0.2765286843855236,0.03130903426669232,0.3559570231057442,0.016853038283869002,0.42371732038488963,0.02452728500216224
391,0.6917817817817817,6.298393275212351,6.236721314517508,6.444013508705204,5.663579426131407,5.640967271571311,5.764794412308148,4.877620330022124,4.853084002033151,4.8792252339203115,3.948927079694893,3.950202724488541,3.782456552834798,0.35253183971905366,0.013123364831049433,0.27646998356108615,0.03139556309944412,0.3560362874345595,0.016937149127031016,0.4239210989230133,0.02446928422729898
392,0.6922722722722723,6.3034988050311895,6.241883383386855,6.449552968981048,5.668770767602565,5.646220885698669,5.770563021135638,4.882631064315195,4.858127971890449,4.88483951740891,3.9535030847284798,3.954829886005444,3.787504769050523,0.35260728543434045,0.013142221859943086,0.2764111358680862,0.03148195052215428,0.3561151229990874,0.017021386638562886,0.4241263182475985,0.02441202068639805
393,0.6927627627627627,6.308596663098807,6.247037138868679,6.455083533067933,5.673954721251715,5.651467063387148,5.776322543960931,4.887635432038013,4.86316546196554,4.890445707758883,3.958069389633101,3.959448088008962,3.7925407324069496,0.3526829500738539,0.013161239307771123,0.27635214759908416,0.031568199937078704,0.35619352850031993,0.017105741132017908,0.42433298131333574,0.02435549187088793
394,0.6932532532532533,6.3136868556173615,6.2521825697166875,6.460605227307765,5.679131289503597,5.656705788332005,5.782072975124038,4.892633425632545,4.868196470611935,4.896043803822925,3.9626259763967115,3.9640573213002583,3.797564445068408,0.3527588355172904,0.013180416291622402,0.2762930246659524,0.031654314111216775,0.3562715026081338,0.017190204454906214,0.4245410902475041,0.024299694797937373
395,0.6937437437437437,6.318769387634714,6.257319661867757,6.466118069389742,5.684300471692702,5.661937050257124,5.787814302928545,4.897625037730628,4.873220995789942,4.901633807476779,3.967172823982703,3.968657577366012,3.80257591120615,0.3528349430248554,0.013199751876812249,0.27623377160156287,0.03174029441325346,0.35634904313572285,0.017274767486493346,0.42475064763365816,0.024244626056460633
396,0.6942342342342342,6.32384426764354,6.262448404569703,6.471622094214646,5.689462272105764,5.6671608408477905,5.79354652180651,4.902610262646495,4.878239036496193,4.907215718112897,3.9717099156305475,3.9732488415671092,3.807575128967653,0.35291127542497963,0.013219245345544401,0.2761743945203762,0.0318261440800227,0.35642614975023745,0.017359421671290273,0.4249616572292394,0.02419028288500357
397,0.6947247247247247,6.328911500982618,6.2675687888883305,6.4771173149145005,5.694616693290082,5.672377147655937,5.799269622759557,4.907589092043292,4.883250590299858,4.912789534410229,3.9762372264997112,3.9778311086281244,3.81256210190161,0.3529878341870435,0.013238895707511338,0.27611489753888907,0.03191186370870717,0.3565028214657698,0.01744415861474718,0.42517412113022945,0.024136661827739273
398,0.6952152152152152,6.333971096079702,6.272680803137838,6.48260378289618,5.699763737894929,5.677585960381156,5.8049835979731155,4.912561519412117,4.88825565403989,4.9183552559369925,3.98075473950455,3.982404362079943,3.8175368308409032,0.3530646227455656,0.013258702215941656,0.27605528986624833,0.03199745853521624,0.35657905750580526,0.017528970132208346,0.42538804261123003,0.02408375956983976
399,0.6957057057057057,6.339023061190655,6.277784441432006,6.48808150245804,5.7049034075543545,5.682787266254563,5.810688441212636,4.917527538476274,4.893254227308625,4.9239128805292625,3.985262430567337,3.9869685944246163,3.8224993173110784,0.3531416425718385,0.013278663890117344,0.2759955749822211,0.03208292802280661,0.3566548566367884,0.017613848579848018,0.4256034247415227,0.024031572735769408
400,0.6961961961961962,6.34406740257156,6.282879695830696,6.493550493758058,5.710035708073097,5.687981059038784,5.816384143501511,4.922487139174133,4.8982463058690096,4.929462407331918,3.989760278393779,3.9915237923463507,3.827449562703162,0.3532188959940209,0.013298779837186117,0.27593575692330935,0.032168273101316654,0.35673021969032964,0.017698785424151455,0.4258202701363208,0.023980097795789298
401,0.6966866866866867,6.349104131120734,6.287966559773973,6.499010800995501,5.715160640531446,5.693167325861859,5.822070700286738,4.927440317525826,4.903231888526237,4.93500383132841,3.99424825840914,3.996069938283836,3.8323875694474556,0.3532963867553944,0.013319049225074752,0.27587584508219143,0.03225349806137294,0.3568051457756259,0.017783773610616043,0.42603858306828873,0.023929330409598642
402,0.6971771771771772,6.354133252802042,6.293045029456036,6.504462431805151,5.720278210641073,5.698346058229367,5.827748103245643,4.932387063723541,4.908210971510734,4.940537151556981,3.9987263491878537,4.000607027030766,3.8373133362918885,0.35337411654194933,0.01333947110703416,0.2758158424842012,0.03233860217764376,0.35687963538975886,0.017868805214700377,0.42625836546928464,0.023879267932356275
403,0.6976676676676676,6.359154776506062,6.298115100386936,6.509905426387186,5.725388422966041,5.703517246898258,5.833416347901751,4.9373273706689975,4.9131835523357825,4.946062361863454,4.003194523918681,4.005135040275658,3.842226868059573,0.353452089136173,0.013360044602596124,0.2757557569113562,0.032423588888513453,0.3569536894858188,0.01795387299099383,0.4264796208947954,0.023829905394902966
404,0.6981581581581582,6.3641687140292404,6.303176768421948,6.5153397817920276,5.730491280348598,5.70868088308631,5.839075427881744,4.9422612316764605,4.91814962865131,4.951579460426545,4.007652760074379,4.009653965414522,3.8471281626616474,0.3535303063376443,0.013380768772033987,0.27569559082689227,0.0325084563468329,0.35702730785299946,0.01803896972816484,0.42670235316125615,0.023781239569990363
405,0.6986486486486486,6.3691750718308935,6.3082300336095445,6.5207655489276295,5.735586788284654,5.7138369586118465,5.844725338489528,4.947188639698189,4.923109197443074,4.95708844138981,4.012101030387887,4.014163790312808,3.852017224200922,0.3536087722964842,0.01340164274129792,0.2756353536112237,0.03259320883349487,0.35710049172709496,0.018124088329173026,0.4269265650742637,0.02373326595960388
406,0.6991391391391392,6.374173859626763,6.313274893797268,6.526182742066214,5.740674950525695,5.718985461087981,5.85036607220272,4.952109585334982,4.928062254322993,4.962589300708432,4.01653930869798,4.018664496533254,3.856894049989317,0.35368749003886435,0.013422665590069272,0.27557505076444266,0.032677846481239024,0.3571732413504874,0.018209221977973842,0.42715226089778885,0.02368598067533935
407,0.6996296296296296,6.379165087452172,6.318311350680418,6.5315913837584025,5.745755772910598,5.724126384108987,5.855997626712232,4.957024063814384,4.933008796517741,4.968082032113003,4.020967570195129,4.023156070146415,3.861758642973916,0.3537664627663843,0.013443836391288816,0.2755146876656019,0.032762370103475276,0.35724555830679594,0.018294364013744388,0.42737944381328463,0.0236393793598033
408,0.7001201201201201,6.3841487659059695,6.323339403693415,6.536991488375091,5.750829260826389,5.729259723905956,5.861619996170524,4.961932064737695,4.937948820214147,4.973566628746404,4.025385784675986,4.027638497185865,3.866611002908006,0.3538456937116647,0.01346515420137033,0.27545426845983767,0.03284677935740525,0.35731744503379753,0.018379507185928318,0.42760811720064806,0.023593457678486272
409,0.7006106106106106,6.3891249028078505,6.3283590550952695,6.542383081737561,5.755895418324886,5.734385466565032,5.867233175259694,4.966833582105975,4.94288232271313,4.979043084978476,4.0297939258703845,4.032111762065564,3.871451129881081,0.35392518623539687,0.013486618108374001,0.2753938005417273,0.032931075659136506,0.3573889014081871,0.018464645436004633,0.4278382850320128,0.023548211393978467
410,0.701101101101101,6.394093510490087,6.333370309345428,6.547766188849598,5.76095425294236,5.739503606357992,5.872837162830719,4.971728606934729,4.94780929908581,4.984511393547336,4.034191965258928,4.036575845381686,3.8762790241567218,0.3540049445386522,0.013508227201073275,0.27533328986638533,0.03301525983586737,0.3574599305908015,0.018549772524357945,0.4280699511413868,0.023503635786416167
411,0.7015915915915916,6.39905459755783,6.338373171654944,6.553140815052769,5.766005770618984,5.7446141386243355,5.878431952552888,4.976617132519754,4.952729746046246,4.9899715467742585,4.038579873995891,4.041030733495695,3.8810946858229465,0.3540849714773492,0.013529980468429554,0.27527273993839674,0.03309933006264749,0.3575305344082581,0.01863488155316889,0.4283031191084232,0.02345972648187641
412,0.7020820820820821,6.404008174554244,6.3433676444580716,6.55850698897913,5.771049975391392,5.7497170539121925,5.884017542373801,4.981499149449944,4.957643659216518,4.995423537109044,4.042957621154384,4.045476409933578,3.885898113611282,0.3541652711730605,0.013551877059150317,0.2752121578624002,0.033183288054711,0.3576007148686757,0.018719966878438292,0.42853779288956734,0.023416478934756155
413,0.7025725725725726,6.40895425246542,6.348353736503233,6.563864738223616,5.7760868748244905,5.754812344380656,5.889593928383077,4.986374652164459,4.962551034067811,5.000867355927316,4.047325177939408,4.049912854931476,3.8906893069844646,0.3542458480238046,0.013573916023945738,0.27515155109607653,0.0332671345265388,0.3576704740751467,0.01880502239047195,0.4287739768830766,0.023373888369161017
414,0.703063063063063,6.413892840414373,6.353331453540397,6.569214069634617,5.781116474085555,5.759900007519618,5.8951611089492095,4.991243630253181,4.967451866847142,5.006302994586829,4.051682513497554,4.054340053330059,3.8954682655891166,0.35432670533157284,0.01359609642751269,0.27509092263543683,0.03335086808506225,0.35773981547756284,0.01889004201349957,0.4290116744997221,0.023331950097590353
415,0.7035535535535535,6.418823950226267,6.358300804462139,6.57455498982554,5.786138780510741,5.764980034057481,5.900719080969059,4.99610607815246,4.972346152793304,5.011730444035762,4.056029595835189,4.058757981672585,3.9002349874045614,0.3544078469868431,0.013618417312102473,0.2750302771664791,0.03343448712489199,0.35780874115157646,0.018975020103521985,0.4292508912542294,0.02329065899343286
416,0.7040440440440441,6.423747591115782,6.363261798684087,6.579887541915289,5.791153799842471,5.770052420128112,5.906267841656656,5.000961985727721,4.977233886086762,5.017149693841543,4.060366393034178,4.063166630168091,3.9049894705082635,0.35448927793506474,0.013640877779934548,0.2749696237600069,0.033517994147346734,0.3578772547853611,0.019059950753187963,0.4294916296430608,0.023250010857615164
417,0.7045345345345345,6.4286637746591975,6.368214445723618,6.58521171041815,5.796161539734452,5.775117158859239,5.911807390253024,5.005811345498901,4.982115063366027,5.022560733631718,4.064692873221012,4.067565974334201,3.9097317134845193,0.35457100123620505,0.013663476836758165,0.2749089632246019,0.033601385006995936,0.35794535945321,0.01914482852963796,0.42973389495846825,0.02321000026403574
418,0.705025025025025,6.433572510810481,6.373158756978102,6.590527537226154,5.801162006573203,5.780174245328958,5.917337725005417,5.010654149500173,4.9869896784321055,5.027963555562654,4.069009005778443,4.071955997225858,3.9144617148924685,0.35465302207950294,0.013686213624792758,0.27484830475739097,0.0336846620080521,0.35801305829946173,0.019229648037268097,0.4299776911083366,0.023170622535364515
419,0.7055155155155155,6.438473809560975,6.378094744109997,6.59583501522384,5.806155206339746,5.785223675009034,5.922858843238083,5.015490389566429,4.991857726950657,5.033358146754843,4.073314753617031,4.07633667877966,3.9191794693461772,0.3547353441620689,0.013709087184106118,0.2747876506400565,0.033767821655712356,0.3580803548210542,0.01931440361605506,0.4302230234721008,0.02313187266362393
420,0.706006006006006,6.443367682621992,6.383022421029921,6.60113416311882,5.811141147230475,5.7902654411157926,5.92837074515083,5.020320056111257,4.99671920303495,5.038744494068829,4.0776100855646,4.080707999723436,3.923884976332165,0.3548179720597343,0.013732096507185536,0.2747270070565195,0.03385086350436602,0.3581472533935231,0.01939909021672413,0.43046989528456414,0.023093745414344558
421,0.7064964964964965,6.448254140268852,6.387941801110088,6.6064250017229575,5.816119835119411,5.795299543780302,5.933873430527899,5.025143142105014,5.001574101791996,5.0441225889211445,4.081894966404034,4.0850699403081405,3.928578231558362,0.35490091065756385,0.013755240786543565,0.27466637960484597,0.03393378715334292,0.35821375782352133,0.019483702473191027,0.43071831215567175,0.023056235842733
422,0.7069869869869869,6.453133191469649,6.392852897097462,6.6117075296935255,5.821091278099814,5.800325975175912,5.939366898046165,5.029959639386979,5.006422416669989,5.049492418352876,4.086169362094833,4.089422479072649,3.93325923189279,0.3549841637720322,0.01377851906466262,0.27460577138717857,0.0340165899711967,0.3582798719639542,0.01956823543955477,0.4309682785676561,0.02301933869252126
423,0.7074774774774775,6.458004847585283,6.397755727456601,6.616981759509714,5.826055482386415,5.8053447311174065,5.944851147689582,5.0347695375558486,5.011264142231013,5.0548539702598205,4.090433237880635,4.0937655959272545,3.93792797196085,0.3550677362894274,0.013801930372495826,0.27454518823626356,0.03409927036723436,0.35834560015152533,0.019652684207134005,0.43121979919312736,0.022983049027450044
424,0.707967967967968,6.462869119358942,6.402650306401906,6.622247698556292,5.83101245597064,5.810355809142793,5.950326179009038,5.0395728311679315,5.016099272385583,5.060207231389825,4.094686558306729,4.098099273177998,3.942584446618318,0.3551516325783385,0.013825473837096078,0.27448463409868445,0.034181826386564085,0.35841094670973145,0.019737043648339374,0.43147287888280184,0.022947361967714693
425,0.7084584584584585,6.467726016213748,6.407536651593317,6.627505361090046,5.835962205857573,5.815359205052253,5.955791994418866,5.0443695088647145,5.020927801652215,5.065552188036836,4.098929285877437,4.102423486115766,3.9472286539672354,0.35523585773583977,0.013849148534461423,0.2744241142033836,0.034264256976171734,0.3584759168161798,0.019821309264560005,0.43172752249450946,0.022912271455794164
426,0.7089489489489489,6.472575548518245,6.412414780628606,6.632754753936212,5.8409047388702975,5.820354919452052,5.9612485914622635,5.049159561832725,5.02574972295605,5.07088882891114,4.103161386763437,4.106738214820753,3.9518605842910817,0.35532041649461493,0.013872953595948319,0.2743636328671034,0.03434655959477405,0.3585405151251456,0.019905475716430785,0.4319837352814187,0.022877773224153717
427,0.7094394394394394,6.477417725432751,6.417284711676694,6.637995879648886,5.845840062064465,5.825342944354218,5.966695974116019,5.0539429831754505,5.030565029775515,5.0762171372191816,4.107382822882501,4.111043437772981,3.9564802354500714,0.3554053133153326,0.013896888081151783,0.2743031939751684,0.03442873213925307,0.35860474645094337,0.019989539137871933,0.43224152180801567,0.02284386132379273
428,0.70992992992993,6.482252557789116,6.4221464660541,6.643228747029344,5.850768183988273,5.830323281029882,5.972134142403056,5.0587197621190345,5.035373716059154,5.081537099860497,4.11159355827653,4.115339132679064,3.9610875977040125,0.35549055350495556,0.013920951119569123,0.2742428020308343,0.03451077211326395,0.3586686165505854,0.020073494438545742,0.4325008875849038,0.02281053102160856
429,0.7104204204204204,6.487080053557268,6.427000061568573,6.648453354743018,5.855689109888766,5.835295926195547,5.977563097393578,5.063489890985764,5.040175774324236,5.086848704505362,4.115793554541787,4.119625280244302,3.9656826663142017,0.35557614127852416,0.013945141827969621,0.2741824601334239,0.03459267665869949,0.358732129842861,0.020157337392977665,0.4327618376711754,0.02277777698019
430,0.7109109109109109,6.491900223989456,6.431845518981917,6.653669716636218,5.860602849457394,5.8402608754210315,5.9829828403720855,5.068253360833416,5.044971198273262,5.092151933628015,4.119982775360166,4.123901854707234,3.970265432467434,0.35566208227565127,0.013969459346902066,0.27412217397430705,0.03467444428072565,0.3587952920186575,0.020241063509237208,0.4330243775863205,0.022745593869760144
431,0.7114014014014014,6.496713077068599,6.436682861221755,6.658877820827148,5.865509407257457,5.845218130576908,5.98839337447863,5.073010162328051,5.049759980368293,5.097446775259885,4.124161181636569,4.1281688353235895,3.974835889526125,0.35574838076590715,0.013993902772326169,0.2740619449222098,0.03475607043191852,0.3588581086390246,0.020324668607900668,0.43328851277878133,0.0227139764231511
432,0.7118918918918918,6.501518622172233,6.441512110121384,6.664077681327508,5.870408791952774,5.85016768766781,5.993794701168002,5.077760285454372,5.054542113764629,5.102733211478808,4.1283287359394,4.132426200285276,3.979394029566087,0.35583504222233797,0.014018471225743345,0.2740017786373341,0.0348375536643092,0.35892058562562584,0.02040814838434551,0.4335542479362912,0.022682919342779783
433,0.7123823823823824,6.506316867924683,6.446333286397101,6.669269293646614,5.875301010832028,5.855109544493001,5.999186822863577,5.082503722169753,5.059317590712201,5.108011228687103,4.132485399180851,4.1366739277565925,3.9839398409095574,0.35592207141140275,0.01404316394608712,0.2739416776297013,0.034918890553800604,0.35898272832052963,0.020491498847726584,0.43382158931426823,0.022652417884418827
434,0.7128728728728728,6.51110782316797,6.45114641433132,6.674452654838846,5.8801860701132895,5.8600437037062125,6.0045697428421105,5.087240463140216,5.0640864032036585,5.113280808628681,4.1366311338369846,4.140911991076434,3.988473316147623,0.35600947344423045,0.01406798002861221,0.27388164450945884,0.035000077428177075,0.35904454363567373,0.02057471567483008,0.4340905421237445,0.022622466285667258
435,0.7133633633633634,6.515891496449793,6.4559515179163975,6.679627760771432,5.8850639775189135,5.864970162763751,6.00994346356769,5.091970497727895,5.068848544178266,5.118541939195771,4.140765899916265,4.145140369779422,3.992994445447948,0.3560972531492889,0.014092918645369611,0.2738216822825809,0.03508111067592487,0.35910603699237353,0.020657795055562783,0.4343611122252174,0.022593059562832828
436,0.7138538538538538,6.520667895065258,6.460748621791631,6.6847946285056565,5.88993473906475,5.869888918260358,6.015307987770668,5.096693817351698,5.073604005345222,5.123794600346127,4.144889657372897,4.149359038772539,3.9975032181481573,0.3561854165581423,0.014117978999098547,0.27376179726873906,0.03516198925863957,0.3591672145076792,0.020740733180401885,0.43463330524816296,0.022564192243957046
437,0.7143443443443444,6.525437027926241,6.465537748628795,6.689953232762217,5.89479836203596,5.874799975497316,6.020663319112355,5.101410412924583,5.078352778782082,5.129038778148365,4.149002369489607,4.153567977855371,4.001999621480635,0.35627396765410463,0.014143160301906755,0.2737019880284775,0.03524270698096825,0.35922808301284337,0.020823525856013103,0.4349071268014134,0.022535859901673748
438,0.7148348348348348,6.530198901545704,6.470318925315796,6.6951035895836135,5.899654852547783,5.879703326734825,6.026009461046955,5.106120274100785,5.083094856420723,5.134274454642952,4.153103993941358,4.1577671620628625,4.00648364556827,0.35636291248884916,0.014168461743007784,0.27364226145458953,0.03532326282868039,0.3592886480383263,0.02090616992520923,0.4351825827904727,0.02250805682710244
439,0.7153253253253253,6.534953523015361,6.475092176285738,6.700245672982687,5.9045042182767915,5.884598979161579,6.031346416471292,5.110823391128119,5.087830229915623,5.139501613956323,4.157194493697516,4.161956564958062,4.010955278568446,0.3564522553224712,0.014193882517719133,0.2735826157774068,0.03540365030678777,0.3593489170732994,0.0209886609762709,0.4354596791997645,0.02248077788752188
440,0.7158158158158158,6.5397009007676985,6.479857529013342,6.705379496581967,5.909346465026864,5.889486930153796,6.036674191213437,5.115519755060776,5.092558890412942,5.144720237257173,4.161273825185538,4.166136166176984,4.015414505272027,0.3565420024039661,0.014219421926799397,0.2735230568630277,0.03548386800116561,0.35940889672470216,0.02107099587306556,0.43573842218392317,0.022454018306008704
441,0.7163063063063063,6.5444410400875315,6.484615007547967,6.710505046976534,5.914181598585913,5.894367177654477,6.041992787475868,5.120209355762489,5.097280829100505,5.149930310206428,4.165341952333502,4.17030593962223,4.019861314067534,0.35663215819717303,0.01424507919629647,0.27346358615850147,0.03556391146009353,0.3594685926703424,0.021153171176211173,0.4360188176049519,0.022427773032219968
442,0.7167967967967968,6.54917394815604,6.489364641309714,6.7156223049372255,5.919009625988699,5.899239726820753,6.047302210327392,5.124892181915023,5.101996037799052,5.155131811970814,4.169398830579777,4.174465862924529,4.02429568956966,0.3567227278652226,0.014270853522946337,0.27340420367995777,0.03564377490583403,0.35952801324743905,0.021235182945744606,0.4363008715408657,0.022402036961634245
443,0.7172872872872873,6.553899629952401,6.49410645486462,6.720731284082142,5.923830551581378,5.904104574687153,6.052602464510886,5.129568223827092,5.1067045066265155,5.160324728204326,4.17344442284947,4.178615908521416,4.028717619067017,0.3568137172215681,0.014296744287841898,0.27334491478945006,0.03572345731149021,0.35958716425279824,0.02131702839279654,0.43658459027871266,0.022376805017091723
444,0.7177777777777777,6.558618092510484,6.498840476447453,6.725831964555417,5.928644384008729,5.9089617252919036,6.057893553495104,5.134237473838582,5.111406227341541,5.165509039336104,4.177478689463178,4.182756057576732,4.033127085400429,0.3569051309694249,0.014322750740919698,0.2732857193799989,0.0358029528456587,0.35964605315977266,0.02139870351332344,0.4368699796383872,0.02235207290610119
445,0.7182682682682683,6.563329339530196,6.503566732537982,6.730924337838018,5.933451126361026,5.91381117710939,6.063175483272337,5.138899918477324,5.116101189855079,5.170684726868566,4.181501585771284,4.186886280332048,4.0375240737634615,0.3569969746423,0.014348872212662749,0.27322661949332255,0.03588225791608987,0.3597046871509779,0.021480205592597376,0.4371570464463734,0.02232783500060217
446,0.7187587587587587,6.5680333773374056,6.508285252587779,6.7360084003795215,5.938250785579507,5.918652933522839,6.06844825849995,5.143555549881865,5.1207893852349,5.175851774892605,4.185513074298079,4.191006555328145,4.04190856667815,0.3570892536486701,0.01437510805666332,0.273167617625918,0.03596136871776033,0.3597630731294693,0.021561531215969595,0.4374457970303568,0.022304087132042964
447,0.7192492492492493,6.572730210073824,6.512996062800513,6.741084128971697,5.943043366617624,5.923486994573799,6.073711884115349,5.148204356259954,5.12547080372211,5.181010164392609,4.189513113026618,4.19511685638137,4.046280547538257,0.3571819727126623,0.014401457587694642,0.2731087133731306,0.03604027979166091,0.35982121840574927,0.021642677357134738,0.4377362377947448,0.022280824273421023
448,0.7197397397397397,6.5774198415318095,6.517699190981603,6.7461515301493105,5.947828874823919,5.92831336279761,6.0789663638628,5.152846326678532,5.130145435667803,5.186159876936333,4.193501663220546,4.199217160676078,4.050639998028072,0.35727513769208563,0.014427920207762845,0.27304991057186406,0.03611898877126528,0.3598791303110509,0.02172364066697092,0.43802837465368694,0.022258042086145482
449,0.7202302302302303,6.582102276463559,6.522394666783264,6.751210577547456,5.952607313861474,5.933132038465814,6.0842117054703,5.157481451604537,5.134813270677952,5.191300893898685,4.197478681070747,4.203307439844436,4.054986899160176,0.35736875362224324,0.014454495287864244,0.27299120869761884,0.036197489825115954,0.3599368161147106,0.021804418675449657,0.4383222152235779,0.02223573558520239
450,0.7207207207207207,6.586777517909891,6.527082516643841,6.756261259753553,5.957378689391279,5.937943025143962,6.089447912339973,5.162109720549045,5.139474299773273,5.1964331981222305,4.2014441281434,4.207387673943507,4.0593212341189355,0.35746282526635015,0.014481182204941427,0.2729326085376143,0.03627577860763603,0.3599942829470199,0.021885008008177297,0.4386177650875261,0.02221390044290539
451,0.7212112112112112,6.591445569346743,6.531762769025339,6.76130357524563,5.962143006839204,5.942746325351073,6.094674990953189,5.16673112262324,5.144128511436785,5.201556768899233,4.205397962273034,4.211457833226517,4.063642980050307,0.35755735889397655,0.014507980480387333,0.2728741124065985,0.03635385205944068,0.36005153913771715,0.021965405798351587,0.4389150317230338,0.022192532132848414
452,0.7217017017017017,6.5961064317049685,6.536435452182242,6.7663374974066635,5.966900268309788,5.947541939690533,6.099892946697869,5.171345645894921,5.148775896596444,5.2066715902944525,4.209340144747428,4.215517894128064,4.067952118390927,0.3576523587794956,0.014534889502447915,0.2728157195043791,0.03643170446289026,0.3601085912063339,0.02204560953386913,0.4392140214854944,0.022171626314659597
453,0.7221921921921922,6.60076010987167,6.541100594959317,6.7713630207902495,5.971650480075374,5.952329871894566,6.105101785993113,5.175953279815247,5.153416443996369,5.211777641991482,4.2132706329630745,4.21956783278606,4.0722486270319,0.3577478308455933,0.01456190875744188,0.27275743154812715,0.036509332176960646,0.3601654476280976,0.0221256162897096,0.4395147410997206,0.022151178730064006
454,0.7226826826826827,6.605406603123795,6.5457582235010285,6.7763801266109915,5.976393643950685,5.957110120616117,6.110301513716981,5.180554014624294,5.158050143561193,5.216874905430827,4.217189386541109,4.223607624066568,4.076532484533875,0.35784377978996124,0.014589037755835095,0.27269924872463097,0.03658673071789849,0.36022211473509613,0.022205423656652356,0.4398171975951117,0.02213118508866926
455,0.7231731731731732,6.610045915473537,6.55040836761687,6.781388807158185,5.981129764512679,5.9618826944389545,6.115492135699376,5.185147838207088,5.162676984046639,5.221963362202936,4.221096365478629,4.22763723898194,4.080803667406143,0.3579402116425776,0.014616276025036769,0.2726411720646675,0.03666389593674175,0.3602786013231582,0.022285028505968446,0.44012139831304714,0.02211164117405695
456,0.7236636636636636,6.6146780473704245,6.5550510534640205,6.786389040356148,5.985858845271727,5.9666475898757705,6.120673658699084,5.189734738496434,5.167296954725566,5.227042993189703,4.224991528424615,4.231656657217114,4.085062153283017,0.3580371309545979,0.014643623074159756,0.27258320124239627,0.03674082317620204,0.3603349144415044,0.02236442886579754,0.4404273493509242,0.022092543094988794
457,0.7241541541541541,6.61930299745457,6.5596863094118145,6.7913808157042475,5.990580888678943,5.9714048144976175,6.125846088329445,5.19431470457027,5.171910044427946,5.232113780179841,4.228874835609031,4.235665850030818,4.089307917124163,0.35813454331568517,0.014671078540993704,0.27252533638424137,0.0368175083975723,0.36039106218811773,0.022443621859481015,0.4407350584172189,0.02207388684845699
458,0.7246446446446446,6.623920768319558,6.564314163530565,6.796364106410884,5.995295897079882,5.9761543692355135,6.131009429753338,5.198887725990779,5.17651624276371,5.237175703891132,4.232746246270601,4.239664793578387,4.093540935029758,0.3582324534405946,0.014698641910612851,0.2724675768290402,0.03689394590168131,0.36044705159126594,0.02252260505301271,0.4410445325179206,0.022055668471471546
459,0.7251351351351352,6.628531358897375,6.568934641797592,6.801338912894729,6.000003874140221,5.98089625678305,6.136163690871294,5.203453790420531,5.181115537259623,5.2422287443769635,4.236605720021415,4.24365345977765,4.097761181586102,0.3583308673609866,0.014726312904364465,0.2724099241790751,0.03697013352003911,0.3605028911945461,0.022601376270370677,0.441355778764819,0.022037883972129548
460,0.7256256256256256,6.633134768740128,6.573547771119361,6.806305212376514,6.00470482145217,5.985630479120615,6.141308875486231,5.208012886094473,5.185707917704246,5.247272884713976,4.240453216919294,4.2476318253953265,4.101968628818333,0.3584297898651644,0.01475409114462624,0.2723523778992652,0.03704606610545466,0.3605585876970037,0.02267993303939273,0.4416688047219443,0.022020530122432783
461,0.726116116116116,6.637730996309076,6.578153579432232,6.8112629762591155,6.009398740925797,5.990357039472685,6.146444992119392,5.212565001485228,5.190293371513287,5.252308104573442,4.244288697110815,4.251599863993751,4.106163251918913,0.35852922565499584,0.014781976235455595,0.27229493569432134,0.03712173812968612,0.36061414950892323,0.022758273378685807,0.4419836171437671,0.022003602956447675
462,0.7266066066066066,6.642320041876823,6.582752091077412,6.8162122018909805,6.014085634964966,5.995075943801686,6.15157204595606,5.217110126149095,5.194871887060621,5.257334384541972,4.248112120402524,4.25555754826687,4.110345020809728,0.3586291807187423,0.014809967980149687,0.27223759878181514,0.03719714687263614,0.3606695845974058,0.022836394642361823,0.44230022415078485,0.021987099118898106
463,0.7270970970970971,6.646901901201241,6.5873433332859435,6.821152873715219,6.018765503267047,5.999787192690902,6.156690043226391,5.221648244972828,5.199443454050207,5.262351707088758,4.251923447247279,4.259504857111072,4.114513910351553,0.358729659820859,0.014838066022817077,0.27218036729510586,0.03727228849843751,0.3607249001212035,0.02291429501919728,0.44261863194615286,0.0219710151454086
464,0.7275875875875876,6.651476573716486,6.591927331083537,6.826084960614297,6.023438349147128,6.004490790296354,6.161798989106617,5.226179348812276,5.204008058811664,5.267360052162617,4.2557226383607505,4.263441759198457,4.1186698879397765,0.35883066795849144,0.014866270132465699,0.2721232384395072,0.03734715708277397,0.3607801041166541,0.022991972071389664,0.4429388492665919,0.021955347801443835
465,0.728078078078078,6.656044056394592,6.596504108843852,6.831008466754161,6.028104171967534,6.009186738445384,6.166898891763838,5.230703423718655,5.2085656897792445,5.2723594006815295,4.259509652925331,4.267368229314363,4.122812925787011,0.3589322110951861,0.014894580148880414,0.272066214553677,0.03742175139378476,0.36083520439430045,0.0230694242062282,0.44326088323787616,0.0219400935460794
466,0.7285685685685686,6.660604345271978,6.601073692508463,6.835923367066604,6.032762972092094,6.013875043103244,6.17198975539286,5.2352204576955605,5.213116334749591,5.277349734171365,4.263284451658737,4.271284244076929,4.12694299261965,0.35903429394651853,0.014922995825101187,0.2720092936667721,0.03749606619644934,0.36089020865530996,0.023146648982411176,0.4435847412812095,0.021925249565535678
467,0.7290590590590591,6.665157437561567,6.605636105699166,6.840829623898469,6.0374147513625624,6.018555704597041,6.177071587465435,5.239730440618638,5.217659982019667,5.282331033941976,4.267046996940183,4.275189773973657,4.131060056321778,0.35913692081852433,0.014951516994798528,0.27195247194845246,0.03757009548526906,0.36094512416081886,0.023223644759611337,0.44391043189887036,0.021910812754151323
468,0.7295495495495495,6.669703330399034,6.610191371855302,6.84572725480248,6.042059507204586,6.023228727527703,6.18214439363082,5.244233357059195,5.222196618167412,5.287303280249972,4.270797249914983,4.279084795197282,4.135164083891598,0.35924009833628556,0.014980143573209587,0.27189575380708314,0.037643839401145913,0.36099995905674,0.023300409648931156,0.4442379619048822,0.021896780521840138
469,0.73004004004004,6.674242018305421,6.614739512997593,6.850616217348925,6.046697241667197,6.027894115966397,6.187208179569964,5.2487291957422295,5.2267262311848,5.292266453791367,4.274535170748894,4.282969278841137,4.139255044515345,0.3593438304864569,0.01500887540525764,0.27183913378660907,0.03771729130090144,0.36105472121656673,0.02337694151810399,0.4445673395461585,0.021883149468448587
470,0.7305305305305305,6.6787734956835285,6.6192805534170684,6.855496499764252,6.051327952879082,6.03255187228779,6.192262952748335,5.253217943708353,5.231248807680332,5.297220536516179,4.2782607220795015,4.286843200933644,4.143332903195567,0.35944812251133257,0.015037712436184054,0.2717826117352379,0.03779044825261083,0.3611094182215881,0.023453238988290565,0.4448985723404198,0.021869917394118376
471,0.7310210210210211,6.683297758780909,6.623814514950641,6.860368093320572,6.055951639959959,6.03720199916759,6.197308716868738,5.257699589496694,5.235764336115401,5.302165509338708,4.28197386320402,4.290706533261957,4.147397625103237,0.35955298001167707,0.015066654630224252,0.27172618821152195,0.037863307467542275,0.36116405696020853,0.02352929999161218,0.4452316692137902,0.021857081408108773
472,0.7315115115115115,6.687814801974047,6.628341417310419,6.8652309795777615,6.060568301434984,6.041844503366895,6.202345480007086,5.262174118209059,5.240272802985503,5.307101353275491,4.285674558932538,4.294559247519153,4.151449173520364,0.35965840803020255,0.015095702038774276,0.27166986065114135,0.03793586547669897,0.3612186462266485,0.023605122903238848,0.4455666378140026,0.021844639312966777
473,0.7320020020020019,6.692324619106016,6.632861281817727,6.870085147456518,6.065177936443825,6.0464793844617475,6.207373247014601,5.266641517799167,5.244774194861715,5.312028048547298,4.289362769011257,4.298401319609347,4.155487513994017,0.3597644117420272,0.015124854629772503,0.27161362912910725,0.03800811961938083,0.36127319308852546,0.0236807061648316,0.4459034858929495,0.02183258852584209
474,0.7324924924924925,6.696827203794831,6.637374128709769,6.874930564978226,6.069780543419173,6.051106647573839,6.212392023422498,5.271101775452149,5.249268499057125,5.316945577016671,4.29303845762933,4.302232719782855,4.159512610158994,0.35987099554991037,0.015154112410284443,0.27155748970651494,0.03808006476043294,0.36132770517854057,0.02375604799726944,0.44624222188846574,0.021820926629793683
475,0.732982982982983,6.70132254988013,6.641879977434582,6.879767225744821,6.074376118595737,6.055726296501852,6.217401814965657,5.275554878709519,5.253755702016214,5.321853919605466,4.296701586311179,4.306053426258683,4.163524421891239,0.3599781648488195,0.01518347549917963,0.2715014425456945,0.038151698920448236,0.36138218985949444,0.023831146888767488,0.4465828538043778,0.021809652101495054
476,0.7334734734734735,6.705810650271391,6.6463788451578,6.884595118072526,6.078964661284294,6.060338333265752,6.222402627445661,5.280000811480167,5.258235789947842,5.326753057716361,4.300352118232004,4.309863404351837,4.167522911930637,0.36008592509777265,0.01521294404055861,0.2714454863812582,0.03822301973377817,0.36143665518203344,0.023906001412282243,0.44692539036860623,0.021798762265846292
477,0.7339639639639639,6.710291497043326,6.650870751243579,6.889414221843274,6.083546167161006,6.064942762094466,6.227394466642003,5.284439563944607,5.262708750271414,5.331642972126739,4.30399001526495,4.313662629304416,4.17150803947084,0.3601942811079277,0.015242518190438174,0.2713896191338356,0.038294023744460545,0.3614911079945878,0.02398061004384743,0.4472698405664732,0.02178825539498459
478,0.7344544544544545,6.714765082812082,6.655355711738214,6.8942245263520725,6.088120634456427,6.069539585758537,6.232377337713551,5.288871118993939,5.267174568556779,5.336523643420731,4.30761524196463,4.317451076411662,4.175479765637485,0.36030323791798025,0.015272198074465308,0.27133383961599106,0.03836470877157952,0.3615455565653841,0.02405497132439498,0.44761621135676416,0.021778129816415134
479,0.7349449449449449,6.719231399519845,6.659833743624467,6.8990260050731305,6.092688059488912,6.074128808039391,6.237351245579202,5.293295466751477,5.271633232049834,5.341395053497073,4.311227761867028,4.321228713399683,4.1794380494847,0.3604128001893508,0.015301983906309467,0.27127814455321325,0.03843507077999621,0.3616000075175189,0.024129083736166988,0.4479645127212641,0.021768383421776075
480,0.7354354354354354,6.7236904382011495,6.664304860922029,6.903818668819855,6.097248439005347,6.078710432170873,6.242316195243865,5.297712589823255,5.276084724705568,5.346257181795509,4.31482753730544,4.324995512694655,4.183382847295124,0.36052297419703655,0.015331876009218667,0.2712225355208321,0.038505110302961734,0.36165446938992735,0.024202945911140677,0.44831475261605325,0.021759014831355797
481,0.7359259259259259,6.72814219098465,6.66876907971055,6.908602487676978,6.1018017682216,6.083284460648651,6.247272193138813,5.302122476937142,5.280529034573149,5.351110012268995,4.318414533299482,4.328751448436528,4.187314117355923,0.3606337640806128,0.015361874623011983,0.2711670087767102,0.0385748232383225,0.36170894846725793,0.024276556840859213,0.44866694020232206,0.02175002267527155
482,0.7364164164164164,6.732586649189202,6.673226413316743,6.913377445551203,6.106348043001021,6.087850899307484,6.252219241935602,5.306525112595341,5.284966146478612,5.355953524048025,4.3219887131029875,4.332496489204574,4.191231816986611,0.3607451749663453,0.015391979984441344,0.27111156203104453,0.038644206821912254,0.3617634528434476,0.024349914673025375,0.44902108406550956,0.02174140511491028
483,0.7369069069069069,6.737023802248013,6.67767687359374,6.918143539848295,6.110887259230115,6.0924097473455205,6.257157348408164,5.310920484269235,5.289396047887055,5.3607876987701495,4.32555004296205,4.3362306087473295,4.195135899944906,0.3608572120672706,0.015422192556028889,0.27105619482544074,0.03871326069612308,0.3618179890741065,0.024423018640336032,0.44937719329998604,0.021733161308552993
484,0.7373973973973974,6.741453641835041,6.682120474482385,6.9229007601387735,6.115419412441389,6.096961010951758,6.262086516000972,5.315308576935065,5.2938187221303385,5.365612517407002,4.3290984849148275,4.339953775006808,4.199026320547047,0.36096988100826943,0.015452512674133327,0.27100090571505064,0.03878198276146088,0.36187256524959727,0.024495867186671575,0.44973527731305113,0.02172528984288685
485,0.7378878878878878,6.745876156789843,6.686557224435602,6.927649083203459,6.119944497806785,6.101504690668174,6.267006748333594,5.319689375464766,5.298234156212765,5.370427960544363,4.33263400505693,4.343665963144506,4.2029030350744545,0.36108318579173865,0.015482940681362894,0.27094569104308763,0.038850370315606134,0.36192718815526004,0.02456845910472001,0.45009534405569446,0.02171778961747421
486,0.7383783783783784,6.750291337786887,6.690987136126226,6.93238851567508,6.1244625099845855,6.106040791184997,6.271918052405975,5.3240628668638665,5.302642334817231,5.375234010016823,4.336156569736803,4.347367137666531,4.206765994380852,0.3611971327531764,0.015513477140742051,0.2708905513352762,0.03891842376574729,0.36198186543836064,0.02464079349730752,0.45045740392416417,0.02171065961367821
487,0.7388688688688688,6.754699174189173,6.6954102174908385,6.937119026082036,6.128973442548458,6.110569313906641,6.276820430577738,5.3284290348056205,5.307043243534753,5.3800306451744335,4.339666141782447,4.351057273560159,4.210615150902419,0.36131172588017274,0.015544122403323913,0.2708354820301168,0.03898613941984957,0.3620366041523308,0.024712869066174172,0.45082146536735107,0.021703899021163854
488,0.7393593593593594,6.7590996549609645,6.699826476878575,6.941840632963748,6.13347729014695,6.115090263347226,6.281713886395157,5.332787867246034,5.311436867680102,5.384817848668773,4.343162687699629,4.354736338250789,4.214450456752087,0.3614269714875539,0.015574877098779282,0.27078048503038044,0.039053519185019564,0.3620914110702232,0.024784684524129266,0.4511875385011686,0.02169750686700549
489,0.7398498498498498,6.7634927692641105,6.704235921854957,6.946553304737985,6.13797404750008,6.119603640670959,6.2865984244527775,5.337139347679756,5.315823192520254,5.389595600546959,4.346646174709307,4.358404302562309,4.218271861802413,0.3615428736772784,0.015605741679664619,0.27072555522100056,0.0391205595723972,0.3621462936720399,0.024856238927965887,0.4515556321405412,0.021691482659442422
490,0.7403403403403404,6.767878506696004,6.7086385596010345,6.951257045221353,6.142463707573829,6.124109451826484,6.291474048161388,5.341483460394764,5.320202201647231,5.394363882259845,4.350116565514886,4.362061133813199,4.222079315281827,0.36165943848645565,0.015636716761367735,0.2706706923514807,0.039187260876799496,0.36220125962952937,0.024927531055301995,0.45192575643066574,0.021685825619439093
491,0.7408308308308308,6.772256854756976,6.713034394206286,6.95595184884257,6.146946263630237,6.128607695488384,6.296340760890106,5.3458201917902155,5.324573881580542,5.3991226739551195,4.3535738286526975,4.365706801748244,4.225872766681242,0.36177667079335485,0.01566780295943981,0.2706158950773593,0.039253622997281294,0.3622563150574695,0.024998560039449766,0.45229792082386433,0.02168053518461883
492,0.7413213213213213,6.776627803519272,6.717423431062557,6.960637698036029,6.151421710175284,6.133098375248536,6.301198566050629,5.350149525929864,5.328938216151463,5.403871955634933,4.357017929244152,4.3693412756164305,4.229652162409967,0.3618945755919094,0.01569900086362662,0.27056115998058405,0.03931964400015224,0.3623114677170458,0.02506932472042333,0.4526721350363859,0.021675611101442956
493,0.7418118118118118,6.780991339534835,6.721805673193036,6.96531458862041,6.155890039014222,6.137581494646987,6.306047466825448,5.354471447711738,5.333295189711621,5.408611708798024,4.360448835187921,4.372964520889211,4.233417449928547,0.36201315811491624,0.01573031118391533,0.2705064851598163,0.03938532386942583,0.3623667245250348,0.025139824131852086,0.45304840918985834,0.021671052902833873
494,0.7423023023023023,6.785347452195838,6.726181123269843,6.969982527810321,6.160351243340955,6.1420570556997625,6.3108874662963945,5.358785942660019,5.3376447872140895,5.413341914349573,4.363866512129013,4.376576509393557,4.237168576675238,0.3621324240084258,0.01576173462724161,0.27045187075795957,0.03945066384510698,0.3624220922722566,0.025210057294620277,0.453426752907118,0.021666860381406118
495,0.7427927927927928,6.7896961282258275,6.730549782661701,6.974641510650463,6.164805316691337,6.146525060177714,6.315718565966791,5.363092992916248,5.341986992651867,5.418062551049006,4.367270926729723,4.380177202634679,4.240905486281509,0.3622523788593478,0.015793271937473798,0.2703973147956361,0.03951566384775879,0.36247757847433093,0.02528002301167114,0.4538071767697486,0.02166303307047464
496,0.7432832832832833,6.794037357499746,6.734911652189238,6.9792915169689005,6.169252250177718,6.150985511899584,6.320540769111276,5.367392583554974,5.346321790048867,5.422773600382983,4.370662046294503,4.383766574431611,4.244628123713507,0.362373027023983,0.01582492379155526,0.2703428132654517,0.03958032214599658,0.36253319002504747,0.02534972042301096,0.4541896901144282,0.02165957138391194
497,0.7437737737737737,6.798371125530866,6.7392667318732355,6.983932563208135,6.173692037061907,6.155438410426873,6.325354078707172,5.371684700879439,5.350649163744836,5.427475042462033,4.374039837440085,4.387344585359144,4.248336430957808,0.36249437492181896,0.01585669113691381,0.27028836706146314,0.039644641500473046,0.36258893344564325,0.025419148757792602,0.4545743047504087,0.021656474970570747
498,0.7442642642642643,6.802697420253949,6.743615018951154,6.988564638908446,6.17812466872253,6.159883760476576,6.330158496287842,5.375969326675851,5.354969097458433,5.432166857050136,4.377404268885728,4.390911203658844,4.252030352427493,0.36261642736449,0.015888574722694702,0.27023397286617007,0.03970862144675802,0.36264481631602485,0.025488306848120982,0.4549610299274301,0.02165374391600849
499,0.7447547547547547,6.807016231695433,6.747956511627383,6.993187742022445,6.182550137083478,6.164321560243995,6.334954022440817,5.380246444421504,5.359281575205783,5.436849023576425,4.3807553062843345,4.394466395719207,4.25570982949675,0.3627391898832826,0.015920575332666352,0.27017963002475914,0.039772262559221595,0.3627008449746007,0.025557193843345007,0.455349876286715,0.02165137831601585
500,0.7452452452452453,6.811327543807927,6.7522912076088515,6.997801877634471,6.186968434879798,6.168751816274159,6.339740661394272,5.38451604007177,5.363586579857202,5.44152152230877,4.384092918425843,4.398010124181746,4.25937480186722,0.36286266828684266,0.015952693996224964,0.2701253361103394,0.03983556633631268,0.36275702729870357,0.025625808759690234,0.4557408551141979,0.021649378425395507
501,0.7457357357357357,6.815631345696899,6.756619100147864,7.002407037193903,6.1913795520426085,6.1731745254797294,6.344518411706244,5.388778094914546,5.367884096135482,5.446184331221025,4.387417073451634,4.401542353393662,4.263025209140238,0.3629868675922699,0.015984931522048672,0.2700710894444106,0.03989853301144189,0.3628133692840989,0.02569415064930104,0.45613397681769063,0.021647744429065523
502,0.7462262262262263,6.819927625346865,6.760940185629216,7.007003235314118,6.195783481927507,6.1775896950225375,6.349287276988629,5.393032593279114,5.372174106028994,5.450837432078543,4.390727735951861,4.405063051469095,4.266660991936519,0.36311179406816185,0.016017288928979957,0.27001688928192097,0.03996116503904375,0.36286987904432183,0.025762218547289988,0.45652925221952273,0.021646476783919
503,0.7467167167167167,6.824216368270466,6.765254457473193,7.0115904629326895,6.200180214529485,6.181997321306225,6.354047257830408,5.397279518273472,5.376456593512362,5.455480801551626,4.3940248774170865,4.408572177161283,4.270282088226805,0.3632374527552668,0.016049767128432414,0.2699627331449147,0.04002346290480864,0.3629265628382349,0.02583001177997641,0.4569266922549945,0.02164557553722928
504,0.7472072072072071,6.82849756278962,6.769561908270924,7.016168729459424,6.204569741314653,6.186397409157406,6.358798354476161,5.401518852854172,5.380731540767546,5.4601144204784005,4.397308464631857,4.412069696878827,4.2738884329843305,0.3633638496907132,0.01608236717608826,0.2699086201337575,0.04008542866664669,0.36298342798524397,0.025897529221423667,0.45732630818829456,0.021645041779203726
505,0.7476976976976977,6.832771196605091,6.7738625292587455,7.020738031373604,6.208952053526913,6.190789959159575,6.3635405673877,5.405750580601561,5.384998932204152,5.4647382659815875,4.4005784640658145,4.415555568474253,4.277479964772018,0.36349099044462374,0.016115090068762144,0.2698545478058578,0.0401470632834025,0.3630404813148526,0.02596476982640388,0.4577281119230846,0.021644875114171645
506,0.7481881881881882,6.837037256619858,6.778156310654374,7.025298380711244,6.213327141642809,6.195174970785091,6.368273897406501,5.40997468357682,5.389258749329608,5.469352318009154,4.403834846497792,4.419029755704941,4.281056619052323,0.3636188808763247,0.016147936878740336,0.2698005159247181,0.04020836970535843,0.36309772967064413,0.026031733044118165,0.45813211410217203,0.02164507654347196
507,0.7486786786786787,6.841295730295881,6.7824432434372595,7.029849782873185,6.217694997128378,6.199552446413954,6.372998344474293,5.4141911436668195,5.393510974742122,5.473956552881868,4.407077576994745,4.422492221957338,4.284618327568323,0.3637475271226753,0.016180908693895837,0.2697465230505772,0.0402693497946341,0.36315518072253694,0.02609841769978418,0.4585383263949578,0.02164564690180814
508,0.7491691691691691,6.845546604074504,6.78672331581933,7.034392241711462,6.22205561021595,6.203922389464117,6.377713908604929,5.418399944704703,5.397755590853966,5.4785509503635526,4.410306626699944,4.425942924769214,4.288165027507024,0.3638769347653249,0.016214006620544882,0.26969256698896976,0.04033000549268173,0.3632128413692844,0.026164822804397934,0.45894676040306737,0.021646586406826537
509,0.7496596596596596,6.8497898666687655,6.790996516203121,7.038925757369063,6.226408972024085,6.208284798101396,6.382420589997501,5.422601068236963,5.401992580284187,5.48313548668028,4.413521961020353,4.429381824543395,4.29169664944404,0.3640071097644058,0.016247231778126047,0.2696386459701598,0.040390338475942554,0.36327071871766053,0.02623094759383471,0.45935742828764553,0.02164789579960671
510,0.7501501501501502,6.854025504960837,6.795262830945463,7.043450354986933,6.230755073426133,6.212639671714558,6.387118388230813,5.426794496178104,5.406221925037465,5.487710139012186,4.416723549202969,4.432808880424032,4.295213125426194,0.36413805881626854,0.01628058537913912,0.26958476123029784,0.04045035337555782,0.3633288198237343,0.026296791230512647,0.4597703417256182,0.021649575809430867
511,0.7506406406406406,6.858253506438125,6.7995222463624945,7.047966024667497,6.235093905364121,6.216987014041493,6.391807300943719,5.430980209141583,5.4104436059450975,5.4922748844472,4.4199113597393795,4.436224052608898,4.298714387571539,0.36426978717706,0.016314068495192117,0.2695309086562096,0.04051005044706809,0.36338715247383957,0.026362352363546126,0.46018551196887086,0.02165162725446952
512,0.7511311311311311,6.862473859541196,6.803774748187315,7.052472785180697,6.239425456160135,6.221326826089806,6.396487329397684,5.435158192008644,5.414657605701622,5.496829700887462,4.4230853597684385,4.439627296613771,4.3022003657653505,0.36440230159751646,0.0163476824347059,0.26947708858844727,0.04056943375097023,0.3634457231987864,0.026427630391603108,0.4606029524715587,0.021654050677514317
513,0.7516216216216216,6.866686551953399,6.808020320037126,7.056970643583718,6.243749718927214,6.225659105459464,6.401158471333451,5.439328423019818,5.418863905575628,5.501374563734884,4.42624551898983,4.443018569219293,4.305670989097968,0.3645356081853225,0.016381428372949466,0.2694232995654632,0.04062850590975728,0.36350453974967645,0.02649262428549558,0.46102267471937647,0.021656846952576705
514,0.7521121121121122,6.870891571731788,6.812258946362213,7.06145960294452,6.248066683412758,6.229983855015969,6.405820725558695,5.443490883790028,5.423062487012245,5.505909448856611,4.4293918029780865,4.446397826787268,4.309126183340634,0.3646697132536227,0.016415307585733077,0.2693695392934188,0.04068726896419619,0.3635636097257048,0.026557332918638595,0.46144469191771703,0.021660017064677135
515,0.7526026026026026,6.875088905422899,6.816490608888467,7.065939686041305,6.252376339530678,6.234301074800736,6.410474091042783,5.447645557219929,5.427253330444909,5.510434331613513,4.432524179461283,4.44976502870221,4.312565880477754,0.36480462326023994,0.016449321339180926,0.2693158080800744,0.04074572760311851,0.36362294039836984,0.026621755398568193,0.46186901558956556,0.02166356152702459
516,0.753093093093093,6.879278544397463,6.820715289879832,7.070410903617354,6.2566786777885035,6.238610763488966,6.415118565719456,5.451792422327234,5.4314364170554095,5.514949186934701,4.435642618656246,4.453120123785741,4.315990003593531,0.3649403451358452,0.016483470919787562,0.26926210552898977,0.040803884901659274,0.36368253929368505,0.026685890791822608,0.4622956591989142,0.021667481286190438
517,0.7535835835835836,6.883460474614023,6.824932970478633,7.074873262111166,6.260973689760366,6.242912921056175,6.419754147131155,5.455931459436289,5.435611727875917,5.519453990345672,4.438747086975809,4.45646307087196,4.319398479061252,0.36507688493113793,0.01651775763193924,0.26920842938867734,0.040861743581988866,0.363742413969833,0.02674973798874998,0.4627246350886718,0.021671777438737848
518,0.7540740740740741,6.887634685961975,6.829143631553974,7.079326775600718,6.265261364553162,6.2472075503378965,6.424380833913473,5.460062650533899,5.439779243066893,5.523948715847311,4.441837551379653,4.459793821361404,4.322791232945292,0.36521424953208187,0.016552182801042373,0.2691547788279637,0.04091930715733672,0.3638025723063439,0.026813295874944645,0.4631559565371841,0.021676450471947835
519,0.7545645645645646,6.891801167942405,6.8333472528595225,7.083771466433958,6.269541694502907,6.251494649242862,6.428998623943564,5.464185974093333,5.443938942710508,5.528433337403149,4.444913978987602,4.463112326124929,4.326168188928457,0.3653524462549552,0.016586747794846972,0.2691011543507459,0.040976580240018386,0.3638630223525677,0.02687656350869114,0.4635896366956811,0.0216815011892516
520,0.755055055055055,6.895959908546883,6.837543811956721,7.088207334987939,6.273814668184,6.255774215921005,6.433607513592834,5.468301411528792,5.448090806894886,5.532907826777711,4.447976337855184,4.466418540130711,4.329529269912376,0.36549148103284385,0.01662145391479277,0.26904755347203846,0.04103356517276067,0.3639237713219738,0.026939539774589377,0.46402568820814266,0.021686930599914202
521,0.7555455455455455,6.900110897939085,6.841733287829188,7.092634399490152,6.2780802773854365,6.260046254056367,6.438207500086436,5.4724089405331435,5.452234814989814,5.537372159410866,4.451024593997263,4.4697124119219565,4.332874397066425,0.3656313613231299,0.016656302593192267,0.2689939754212,0.041090265809243146,0.36398482792877723,0.02700222339045549,0.4644641250841966,0.02169273970363688
522,0.7560360360360361,6.904254126557377,6.8459156586052075,7.097052686056708,6.282338512727731,6.264310760244803,6.442798582303707,5.4765085426531765,5.456370947468991,5.541826306323476,4.454058714640225,4.4729938923490655,4.336203492990233,0.3657720945822644,0.016691295234494256,0.2689404214413334,0.04114668748918535,0.36404619985338377,0.02706461354036692,0.4649049606950364,0.021698929075144466
523,0.7565265265265265,6.908389581804676,6.8500909002209065,7.101462190704298,6.286589365713874,6.268567732587758,6.4473807552399,5.480600194536186,5.460499182840927,5.546270239291156,4.4570786661447865,4.476262931434089,4.339516478715178,0.365913686940937,0.016726433170963496,0.2688868878780025,0.041202831980232134,0.3641078954441298,0.027126708956491788,0.46534820799961446,0.02170549961580703
524,0.757017017017017,6.912517256921644,6.854258989722878,7.105862946894103,6.290832825633383,6.272817175413281,6.451954015690373,5.484683877693979,5.464619500341453,5.55070393010706,4.46008441562711,4.479519474409229,4.342813272944201,0.36605614673707365,0.016761717884079434,0.2688333766617197,0.04125870491605035,0.3641699230788646,0.02718850815466054,0.46579388169003966,0.021712452023163954
525,0.7575075075075075,6.916637141091036,6.8584199027591985,7.110254967077353,6.295068884807962,6.277059082990342,6.456518361017957,5.488759567721211,5.468731878774541,5.555127349172454,4.463075927934541,4.482763471221147,4.34609379507118,0.36619948104151173,0.01679715077651083,0.2687798868266955,0.041314310242773454,0.3642322913209504,0.02725001037514999,0.466241994883743,0.021719787183955033
526,0.757997997997998,6.9207492261704715,6.862573613471141,7.114638258951743,6.299297534326251,6.281293457919274,6.4610737876740885,5.492827245365954,5.4728362971492235,5.559540467653177,4.46605316768441,4.4859948687281115,4.349357962896525,0.36634369698361796,0.01683273332794245,0.2687264159924422,0.04136965094152026,0.3642950087429938,0.027311214130578628,0.4666925622956257,0.021727505846502754
527,0.7584884884884885,6.924853502332467,6.866720097554926,7.11901284438362,6.3035187643440445,6.285520295882558,6.465620291186056,5.496886887264626,5.47693273288607,5.563943253981094,4.469016104019631,4.489213611623368,4.352605693863805,0.3664888022104895,0.016868466920156536,0.2686729650810425,0.04142473182614858,0.3643580838682715,0.027372118378086518,0.4671455971295607,0.021735608798167404
528,0.7589789789789789,6.928949961382558,6.870859329094235,7.123378746992281,6.307732567526775,6.289739597595473,6.470157867368057,5.500938471152909,5.48102116402412,5.568335677841154,4.471964698489904,4.492419645008496,4.355836904120929,0.366634804884883,0.01690435307198574,0.2686195341378955,0.04147955765542966,0.36442152592340427,0.027432721632102666,0.4676011142471751,0.021744096673663005
529,0.7594694694694695,6.933038595695758,6.874991281889908,7.12773598302171,6.311938934145215,6.293951361984412,6.474686512373685,5.50498197546714,5.485101568978871,5.5727177075562615,4.47489891695294,4.495612912054071,4.359051509099975,0.3667817127380278,0.01694039325248066,0.26856612273870656,0.04153413255910466,0.36448534361976354,0.02749302262190126,0.4680591282283682,0.021752970089648008
530,0.75995995995996,6.937119396947272,6.879115929054924,7.132084564165984,6.316137857000569,6.298155588418141,6.479206221934901,5.5090173761488375,5.48917392385134,5.577089310683508,4.477818724891816,4.498793355931041,4.362249425011661,0.3669295333433664,0.016976588893029883,0.2685127292303092,0.041588460075738985,0.3645495468451203,0.0275530199538913,0.46851965278741853,0.02176222964593981
531,0.7604504504504505,6.941192359125345,6.883233242817916,7.136424506866484,6.320329327485452,6.302352273478099,6.483716991133837,5.51304464980751,5.493238207090845,5.581450455100165,4.480724085535351,4.501960919227042,4.365430566262923,0.3670782746256828,0.01701294146417653,0.26845935355509754,0.041642544399361395,0.36461414430274897,0.027612712359519714,0.4689827027935136,0.02177187587914964
532,0.7609409409409409,6.945257474007466,6.887343196658477,7.140755832775381,6.324513336789557,6.306541417215518,6.488218816107608,5.517063774278211,5.497294395366279,5.585801106847706,4.483614962364928,4.505115540820842,4.368594843135583,0.36722794512081025,0.017049452536826073,0.2684059956452078,0.041696390210101034,0.36467914566766196,0.027672098408362395,0.46944829386727716,0.02178190945846747
533,0.7614314314314314,6.949314735866093,6.8914457619374945,7.145078566385661,6.328689878125627,6.310723015879116,6.4927116910698865,5.5210747245593685,5.50134246362702,5.59014123137065,4.486491318243022,4.50825716516966,4.3717421695294,0.3673785531527761,0.017086123542223886,0.26835265643454653,0.04175000253241113,0.36474456082480855,0.02773117669141664,0.4699164396416293,0.021792331097881538
534,0.761921921921922,6.953364138315721,6.895540911020726,7.14939271615085,6.332858943458554,6.314897070109448,6.497195611084864,5.525077476731736,5.505382389856766,5.594470793629135,4.489353117484475,4.511385727118132,4.374872460123797,0.36753010668986624,0.017122955930453817,0.2682993340070268,0.04180338441907675,0.3648103997115769,0.027789945484309915,0.4703871553437579,0.021803140509856204
535,0.7624124124124124,6.957405676071094,6.899628615714198,7.1536983047506455,6.337020524930152,6.319063576902111,6.501670571479461,5.529072005972163,5.509414148733286,5.598789759711945,4.492200321552635,4.514501167296727,4.377985622309314,0.3676826145289938,0.017159951262405698,0.2682460290482745,0.04185654072718933,0.3648766722473881,0.02784840359228568,0.4708604563851876,0.02181433885745509
536,0.7629029029029029,6.961439343061825,6.9037088474732125,7.157995353656364,6.34117461526396,6.323222532972364,6.506136567182028,5.533058288238029,5.513437716338384,5.603098091060742,4.495032890859148,4.51760342247011,4.3810815679379465,0.36783608541931234,0.017197111020245334,0.2681927419186211,0.041909476184465395,0.3649433886940855,0.02790654941643554,0.47133635788697276,0.021825925957049293
537,0.7633933933933934,6.965465134882312,6.907781575624507,7.1622838768705686,6.3453212079376655,6.3273739395276,6.510593592023216,5.537036297040887,5.517453067461502,5.607395753009094,4.497850789539807,4.520692429481874,4.384160206222381,0.3679905277727588,0.0172344367195184,0.26813947122947795,0.04196219443033461,0.36501055989182807,0.027964381175240166,0.47181487482394746,0.02183790251588675
538,0.7638838838838838,6.969483047246225,6.9118467743726395,7.166563894244775,6.349460295853705,6.331517791278109,6.5150416412002725,5.541006007851483,5.521460177304063,5.611682705375247,4.500653978569943,4.52376812213491,4.387221446100095,0.36814595071649087,0.01727192979448024,0.26808621798837506,0.042014699839563616,0.36507819630994404,0.028021897411657233,0.4722960226533355,0.02185026838899276
539,0.7643743743743743,6.97349307606853,6.915904412107064,7.170835426863975,6.353591872208232,6.335654087423973,6.519480708424989,5.544967393420083,5.525459019306529,5.615958911204713,4.503442416501175,4.526830435461344,4.390265196429222,0.3683023633086517,0.017309591785345208,0.26803298209128174,0.042066997000747584,0.3651463090767653,0.028079096446305345,0.4727798168352034,0.021863023817101222
540,0.7648648648648648,6.977495218212596,6.9199544610171415,7.175098490449482,6.357715930654236,6.339782823622338,6.523910788134245,5.548920428021839,5.529449568600347,5.620224329967822,4.506216064791787,4.5298793030055835,4.393291363763151,0.368459774590152,0.01734742414724353,0.2679797636868756,0.042119089787368676,0.3652149090308466,0.028135976631152124,0.4732662729058356,0.021876168908125597
541,0.7653553553553554,6.981489470392252,6.923996891242256,7.179353102013007,6.36183246529339,6.343903999733922,6.528331874974567,5.552865085205001,5.533431798096796,5.624478922450343,4.508974881995226,4.532914658961956,4.396299855375233,0.3686181937230856,0.01738542839544413,0.2679265620883935,0.042170982167875376,0.3652840079507782,0.028192536196670424,0.4737554063875209,0.021889703825992146
542,0.7658458458458458,6.985475829988738,6.928031674289035,7.1835992841710095,6.365941470040415,6.3480176105314055,6.532743961912548,5.5568013377927095,5.53740568209673,5.628722647234462,4.5117188282085126,4.535936430212668,4.399290577377119,0.36877763042389616,0.017423605999322068,0.2678733787218174,0.04222267872255623,0.36535361683113177,0.028248773379466935,0.4742472335829941,0.021903628133220967
543,0.7663363363363362,6.9894542954636885,6.932058779690987,7.187837045385705,6.370042938551478,6.3521236546611615,6.537147043726791,5.560729156853224,5.541371192701003,5.632955462720295,4.514447860208417,4.538944553306697,4.402263436110314,0.36893809360839214,0.017461958397157633,0.26782021204919615,0.04227418252045964,0.36542374805102545,0.028304686496843326,0.47474176924407724,0.021917942096638554
544,0.7668268268268268,6.9934248644506685,6.9360781796861195,7.192066407174799,6.374136865932919,6.356222129417521,6.54154111379962,5.564648514861569,5.545328302263872,5.637177325313656,4.5171619361045545,4.54193895557606,4.4052183351219645,0.36909959329067193,0.017500487067285322,0.26776706288212304,0.042325497806380584,0.3654944138500208,0.028360273554908437,0.4752390296200892,0.02193264544348146
545,0.7673173173173173,6.997387536905367,6.940089843972023,7.196287391151264,6.378223247384326,6.360313032445526,6.545926165903414,5.568559385148082,5.549276983491537,5.641388192866987,4.519861014115181,4.544919561991413,4.40815517997367,0.36926213946349323,0.017539193517292696,0.26771393189364473,0.042376628958531906,0.36556562620422706,0.028415532643031472,0.47573903137903006,0.021947737539057793
546,0.7678078078078078,7.001342311355612,6.944093744889193,7.2005000167959485,6.382302076786347,6.36439635842487,6.550302192712787,5.572461736205331,5.5532172077483075,5.64558802036057,4.522545049987007,4.547886305405903,4.411073872946335,0.3694257420403951,0.017578079133496835,0.26766082040317885,0.04242758005614947,0.3656373976210063,0.02847046198651836,0.4762417895701297,0.02196321859873233
547,0.7682982982982982,7.005289187660043,6.948089852748361,7.204704289719361,6.386373350894834,6.368472105365664,6.554669189382623,5.576355540599602,5.5571489460985815,5.649776762546626,4.525214000125893,4.550839109556381,4.41397432005961,0.3695904105815092,0.01761714536303134,0.2676077263636115,0.042478353665707694,0.36570974135183243,0.028525059650299438,0.476747320438976,0.021979087599137415
548,0.7687887887887888,7.009228167386182,6.952078139993222,7.208900230001955,6.3904370640842085,6.372540269197635,6.5590271477722695,5.580240767320683,5.561072169758701,5.653954373930076,4.527867818398838,4.5537779022088,4.416856421149677,0.36975615558691877,0.01765639361802737,0.2675546515017219,0.04252895365606834,0.36578267005674386,0.028579323614523883,0.4772556403790154,0.02199534450947975
549,0.7692792792792793,7.0131592497405695,6.956058577525948,7.21308785555302,6.394493213089309,6.376600847614745,6.563376062248025,5.584117386107553,5.564986849197155,5.658120806423099,4.530506462660422,4.556702605549051,4.41972007951231,0.36992298734536005,0.01769582533415201,0.26750159570501436,0.04257938389104714,0.3658561977309458,0.028633251788086837,0.47776676513825833,0.022011988423238905
550,0.7697697697697697,7.017082437198692,6.960031137653534,7.217267178130676,6.398541793041026,6.380653835547136,6.567715925212691,5.587985367073276,5.568892954058686,5.66227601303803,4.533129883840794,4.559613146470045,4.422565196243833,0.3700909161721574,0.01773544188896997,0.26744855956366104,0.04262964734070986,0.3659303373589299,0.028686842220356463,0.47828071119829024,0.022029018890226158
551,0.7702602602602602,7.020997731170197,6.963995792301787,7.221438208956803,6.402582801611161,6.384699229667517,6.57204673038017,5.591844678810719,5.572790453613946,5.666419945004891,4.535738036487994,4.562509444908738,4.42539167375212,0.37025995251872673,0.01777524467089449,0.26739554257082915,0.04267974690916847,0.36600510326732894,0.028740092804217778,0.47879749480182127,0.022046434822317725
552,0.7707507507507507,7.024905134577659,6.967952515157912,7.2256009735618925,6.406616234202857,6.388737024876455,6.576368470787022,5.595695288783138,5.576679317452532,5.670552550911295,4.538330872636789,4.565391425527225,4.4281994110262755,0.37043010763420336,0.017815235030214628,0.2673425474480978,0.04272968702895118,0.3660805095996378,0.028793001456925836,0.4793171318663963,0.022064235595422785
553,0.7712412412412413,7.02880464978084,6.971901278437852,7.229755482719756,6.410642088577767,6.39276721937639,6.580681138425817,5.599537164863562,5.580559514221552,5.674673782038474,4.5409083457436275,4.568259009672199,4.430988308784572,0.3706013920812023,0.017855414331308196,0.26728957381804336,0.04277947025605642,0.366156570854821,0.02884556578518358,0.47983963864620277,0.022082420430208326
554,0.7717317317317317,7.032696279876349,6.975842055757179,7.233901738859338,6.4146603621745095,6.396789808669765,6.584984727787473,5.603370276454462,5.5844310111768865,5.678783586183702,4.543470406239742,4.571112115990171,4.433758267991688,0.37077381643150026,0.017895783907806453,0.2672366204804419,0.042829098437131036,0.3662333019402323,0.028897783759196348,0.4803650317042493,0.0221009879396341
555,0.7722222222222221,7.036580029443128,6.979774821273965,7.238039763824806,6.418671051824132,6.400804788112349,6.58927923065582,5.607194588086778,5.588293776894831,5.682881909875911,4.546017004167506,4.5739506639142595,4.436509185004823,0.3709473923904909,0.017936345083460294,0.26718368983991486,0.04287857529462516,0.36631071795983416,0.028949653015206855,0.4808933275152757,0.02211993727778191
556,0.7727127127127127,7.040455902556276,6.983699549376435,7.242169562297912,6.422674155021472,6.404812151364618,6.593564640083593,5.611010066231167,5.5921477776108475,5.686968701282292,4.548548090376748,4.576774572952289,4.439240962344696,0.37112213058586463,0.01797709909007031,0.267130781742581,0.042927902789995545,0.3663888338728629,0.02900117160858613,0.48142454171315074,0.022139267120316036
557,0.7732032032032032,7.044323903524509,6.987616215024444,7.246291151040583,6.426669670876884,6.408811895629257,6.597840948822604,5.614816677634092,5.5959929803642785,5.691043903988628,4.551063613416535,4.579583762101347,4.441953497273801,0.37129804267638455,0.018018047232147935,0.26707789719682123,0.04297708391992047,0.3664676658485739,0.02905233688695371,0.48195869059302904,0.022158976211025798
558,0.7736936936936937,7.048184038426395,6.991524793918465,7.25040454222969,6.4306575971672695,6.412804016301568,6.6021081495638025,5.618614387799707,5.599829350442678,5.695107463581768,4.5535635210040875,4.582378144050617,4.444646685890424,0.37147514055937814,0.01805919081680916,0.26702503737418243,0.043026121177529915,0.36654722973648574,0.02910314662602482,0.4824957915084304,0.022179063194089802
559,0.7741841841841841,7.052036312883269,6.995425261654398,7.25450974405557,6.434637932001265,6.416788509367658,6.606366234738168,5.622403159479157,5.603656854882558,5.699159323917818,4.55604776201917,4.585157640345708,4.447320429903989,0.37165343530501554,0.01810053098402885,0.2669722026918543,0.043075016563351345,0.3666275418779363,0.02915359839055735,0.4830358591542823,0.02219952664586102
560,0.7746746746746747,7.055880732748697,6.99931759523671,7.258606756018621,6.4386106752901275,6.420765368313655,6.610615197495997,5.62618295834678,5.607475457911969,5.70319942735687,4.558516285092457,4.587922160560214,4.449974623593294,0.37183293855110483,0.018142068995525715,0.2669193925433816,0.043123771104060765,0.36670861881740274,0.029203689894063224,0.48357891087043103,0.02222036501292468
561,0.7751651651651652,7.059717304974147,7.003201773052909,7.2626955930134,6.442575825378907,6.424734588161342,6.6148550298852,5.629953748040157,5.611285124124628,5.707227715338544,4.560969033905082,4.590671624937443,4.452609166486219,0.37201366225648697,0.018183805972821845,0.2668666090740031,0.04317238729048262,0.3667904773105196,0.029253418655580392,0.4841249620335939,0.022241576755502233
562,0.7756556556556556,7.063546037090363,7.007077771461858,7.266776270946149,6.446533381641942,6.428696162720013,6.619085724088646,5.633715490412767,5.6150858175993665,5.711244128339695,4.563405953412915,4.593405942180972,4.45522395586553,0.3721956189508218,0.018225743119017916,0.2668138543725813,0.04322086789267146,0.3668731345781258,0.029302782250502337,0.4846740293593237,0.022263159743496543
563,0.7761461461461461,7.067366936573465,7.010945570035783,7.27084878283449,6.450483344510099,6.432650091273048,6.623307272352979,5.637468149005409,5.618877501404466,5.715248605685718,4.565826990361234,4.596125030123886,4.457818887356214,0.3723788200070407,0.018267881521899926,0.26676112671714935,0.04326921255345335,0.36695660886441317,0.029351777737625952,0.4852261281537687,0.022285112752806757
564,0.7766366366366366,7.071180010807563,7.014805148956175,7.274913140476197,6.454425712425617,6.436596362191969,6.627519667520679,5.6412116855657715,5.6226601387898425,5.71924108742043,4.5682320871627615,4.59882879564743,4.460393857440453,0.3725632780975165,0.018310222333873537,0.26670842896060776,0.04331742365540551,0.36704091676157624,0.029400403257006213,0.4857812756823456,0.02230743354647107
565,0.7771271271271272,7.074985269065258,7.0186564881231845,7.2789693498085875,6.458360486704324,6.440534973503145,6.6317229022918625,5.644946061373736,5.626433691803219,5.72322151089449,4.57062118912895,4.601517153173164,4.4629487636357705,0.37274900545404666,0.01835276660324866,0.266655761547059,0.043365502267117585,0.3671260772865091,0.02944865595099236,0.48633948691775125,0.022330120345498364
566,0.7776176176176176,7.078782720650382,7.022499568039137,7.283017409879494,6.462287667710977,6.444465918300755,6.635916967800504,5.648671236004775,5.630198122744232,5.727189811134444,4.5729942360553375,4.604190015673354,4.465483502014322,0.3729360143488286,0.01839551533297811,0.26660312509335793,0.043413448781173085,0.3672121089244141,0.029496533066275726,0.4869007775035184,0.022353171086890666
567,0.778108108108108,7.082572373770816,7.026334371505569,7.287057335012436,6.466207255306729,6.448389191354478,6.640101857718064,5.652387170709301,5.633953392436699,5.731145925601007,4.575351171868934,4.606847286978053,4.467997968626486,0.3731243180038683,0.018438469633229048,0.26655052206494234,0.04346126532267647,0.3672990303162745,0.029544032265266133,0.48746516419291963,0.022376583385317075
568,0.7785985985985986,7.086354239883564,7.030160880020696,7.291089118099079,6.470119251479069,6.452304785364956,6.644277561956963,5.656093825113782,5.637699460987122,5.735089788039618,4.577691935778843,4.60948888187442,4.470492059623786,0.37331392855363515,0.018481630405723214,0.2664979526422379,0.04350895128742156,0.36738686044396424,0.029591150598176092,0.48803266194459377,0.02240035534956909
569,0.7790890890890891,7.090128327784629,7.033979079347855,7.295112763560518,6.474023655667655,6.456212694656073,6.648444074696474,5.65979115761506,5.641436289709126,5.739021332425231,4.580016469652766,4.612114707894352,4.472965671889844,0.37350485891620466,0.01852499861455659,0.2664454184231039,0.0435565075220331,0.36747561874323176,0.029637885686960515,0.4886032863066026,0.022424484534958097
570,0.7795795795795796,7.093894647938418,7.037788951624176,7.299128275026976,6.477920470287803,6.460112913139076,6.6526013867657126,5.663479127278594,5.645163836256679,5.742940491465051,4.582324712122243,4.614724672885084,4.475418701562203,0.3736971220997875,0.018568575215203983,0.2663929207214374,0.043603934613590745,0.36756532515239876,0.02968423464873241,0.48917705274132234,0.022448968595916573
571,0.78007007007007,7.097653212680031,7.04159048405899,7.303135649091806,6.4818096966577015,6.46400543374063,6.656749489888845,5.66715769063272,5.648882061534371,5.746847198597316,4.584616602009582,4.6173186823400325,4.477851044183326,0.37389073119020694,0.018612361085533182,0.26634046100931774,0.043651232074491696,0.3676559992288831,0.029730194825006995,0.4897539773195279,0.022473805060541197
572,0.7805605605605606,7.101404032741784,7.0453836623201775,7.3071348913635,6.4856913360991895,6.467890252401604,6.660888377497134,5.670826805360747,5.652590922436939,5.750741382052558,4.586892076338873,4.619896646424897,4.4802625952920625,0.37408569958871285,0.01865635710946977,0.2662880409247183,0.04369840060014013,0.3677476623812882,0.029775763375572903,0.49033407452927374,0.022498991555767046
573,0.7810510510510511,7.105147119386237,7.049168474302419,7.311125990961279,6.489565390684849,6.471767356428076,6.665018040021704,5.674486428030272,5.65629037708083,5.754622972955558,4.58915107357877,4.622458472212922,4.482653250163996,0.3742820399821749,0.018700564069690544,0.26623566169331614,0.04374543899123412,0.3678403340082397,0.029820937833032066,0.49091735956961385,0.02252452578099948
574,0.7815415415415415,7.108882485212097,7.052944907791937,7.315108954951451,6.493431862761338,6.475636745433265,6.669138469391803,5.678136513451775,5.659980382473446,5.758491900507255,4.591393528852973,4.625004061955425,4.485022908722177,0.37447976631622,0.018744982776279732,0.2661833252784277,0.04379234751977338,0.36793403623998067,0.029865714966957172,0.4915038474556648,0.022550404389004738
575,0.782032032032032,7.112610142598852,7.056712952934097,7.319083780734616,6.497290754483647,6.479498405627567,6.673249657431744,5.681777018202091,5.663660894443963,5.762348092348595,4.593619379408666,4.6275333258401545,4.48737146445246,0.3746788918680524,0.018789613962501936,0.26613103453709674,0.043839125877565874,0.368028789364251,0.02991009245760886,0.4920935525374101,0.022576625405083078
576,0.7825225225225225,7.116330104145485,7.0604725988128765,7.323050453167513,6.501142067181035,6.483352335452379,6.677351595901205,5.685407895938657,5.667331869964633,5.766191473574229,4.595828558561843,4.630046164178246,4.489698815425874,0.3748794299608222,0.018834458354878913,0.26607878874685437,0.043885771830790156,0.36812461593627854,0.02995406698077419,0.4926864898741813,0.022603185252340553
577,0.7830130130130131,7.120042383460962,7.064223837383102,7.327008976164996,6.504985804181625,6.487198523630567,6.6814442761608,5.689029100691582,5.670993263249191,5.770021973648208,4.59802100137244,4.632542485416906,4.492004856915855,0.3750813944600742,0.018879516661237685,0.2660265916812918,0.04393228540728295,0.3682215370488357,0.029997636157711626,0.49328267378717466,0.022630081937152616
578,0.7835035035035035,7.123746992023058,7.067966661855664,7.330959355305163,6.508821967909605,6.491036964995299,6.68552769064163,5.692640587008154,5.674645029767128,5.77383951471851,4.60019664234504,4.635022191485702,4.494289486187472,0.37528479965737355,0.018924789558973018,0.26597444631942385,0.04397866662253526,0.36831957550581335,0.030040796831479748,0.49388211853073677,0.022657312046180707
579,0.7839939939939939,7.127443945461052,7.071701064056159,7.334901560001069,6.512650561395599,6.494867651186676,6.689601828811535,5.696242305051945,5.678287122941472,5.7776440226301515,4.602355411814612,4.637485185542143,4.496552600846259,0.37548965846598453,0.018970277596606567,0.2659223516087186,0.04402491127291216,0.3684187537033364,0.030083546085691703,0.4944848383401145,0.022684872685048138
580,0.7844844844844845,7.1311332560297025,7.075427040549555,7.33883559787773,6.516471586292773,6.498690570623367,6.693666683419285,5.699834208224121,5.681919496007792,5.78143541947673,4.604497244214143,4.639931371578786,4.498794097851609,0.3756959853228646,0.01901598135000449,0.2658703124167686,0.0440710197038694,0.36851909394825655,0.03012588145277797,0.495090846728438,0.022712760890167782
581,0.784974974974975,7.134814939153636,7.079144585635075,7.342761462714795,6.520285046931359,6.502505721324686,6.6977222453181335,5.7034162476525845,5.685542101670379,5.785213628831266,4.606622069440763,4.6423606529232915,4.501013874651503,0.37590379447706757,0.019061901412654795,0.2658183302347523,0.0441169900135243,0.3686206202422324,0.030167799534890065,0.49570015769916304,0.022740973712680704
582,0.7854654654654654,7.138489008671604,7.082853696165916,7.346679146014862,6.524090945981357,6.506313089446546,6.701768505152335,5.706988374794907,5.689154892553324,5.788978571211536,4.608729818325989,4.6447729338393495,4.503211829291144,0.3761130998554496,0.019108038245520063,0.2657664083523611,0.04416282055404311,0.3687233550050981,0.030209297690033075,0.49631278449234,0.02276950803912004
583,0.7859559559559559,7.142155478620846,7.086554370193595,7.350588640187298,6.527889285333506,6.510112669843433,6.705805453899813,5.710550537806441,5.692757819450889,5.792730167610967,4.610820421905791,4.647168113495699,4.505387860026028,0.3763239158750509,0.01915439231527985,0.26571454919802096,0.04420850930171853,0.3688273225255125,0.030250372906807613,0.4969287403514654,0.022798360616976935
584,0.7864464464464465,7.145814364465742,7.090246605828283,7.354489927016017,6.531680069423865,6.513904452228789,6.709833083183778,5.714102687449004,5.69635083331222,5.796468337279728,4.612893806725867,4.649546098409088,4.507541867527468,0.37653625628397996,0.019200964020357914,0.2656627541594118,0.04425405320917307,0.36893254666239467,0.030291022332211107,0.4975480379039953,0.022827528207398567
585,0.7869369369369369,7.149465681725213,7.093930404280446,7.358383009239413,6.535463300288243,6.517688426708983,6.713851383152763,5.7176447719991685,5.699933884409871,5.800192999231154,4.614949905089916,4.651906786979546,4.509673746977165,0.3767501362170423,0.019247753767363675,0.2656110286184658,0.0442994512811725,0.36903905126260167,0.030331243104652475,0.49817069042153966,0.022857007866735
586,0.7874274274274273,7.1531094429393836,7.097605766204947,7.362267869435507,6.539238981786159,6.521464586649044,6.71786034392484,5.7211767397570235,5.703506921737177,5.8039040716248085,4.616988642761154,4.654250080065021,4.511783400834495,0.37696556974490175,0.019294761906866416,0.26555937379560707,0.044344700180268495,0.3691468612097062,0.030371032024960866,0.49879671040779067,0.02288679588106721
587,0.7879179179179179,7.156745666051872,7.101272693245684,7.366144499130122,6.543007116261658,6.52523292360956,6.72185995763443,5.724698537318737,5.707069895580692,5.807601471073392,4.619009947719376,4.6565758831618735,4.513870728484337,0.3771825714497273,0.019341988728441017,0.2655077933207096,0.04438979762975478,0.3692560014819576,0.03041038627116874,0.4994261095357712,0.022916889256799418
588,0.7884084084084084,7.160374365074516,7.104931188836807,7.370012894795981,6.546767708622956,6.5289934232677815,6.725850212190285,5.728210112102407,5.710622752212565,5.811285114094708,4.621013745446135,4.658884094786518,4.515935628437329,0.37740115642349076,0.01938943452016576,0.2654562923219944,0.04443474174202767,0.3693664964412735,0.030449302917163832,0.5000589005012769,0.02294728470227775
589,0.7888988988988989,7.163995555946808,7.108581257986765,7.373873026194099,6.55052075985128,6.532746079794574,6.729831099771559,5.731711409881947,5.714165440185933,5.814954916609211,4.622999964055364,4.661174618441012,4.51797800550163,0.3776213382731908,0.01943709942229975,0.26540487128843465,0.04447952755067921,0.3694783717231513,0.030487779097694963,0.5006950939913327,0.0229779786522365
590,0.7893893893893893,7.167609253972145,7.112222904722803,7.377724889788363,6.554266272973075,6.5364908819155785,6.7338026101738,5.735202376235158,5.717697906639097,5.818610793271147,4.624968528205141,4.6634473545226,4.5199977576457595,0.3778431322351711,0.019484983711411212,0.2653535351777765,0.04452415316528127,0.36959165254233584,0.030525811921837807,0.501334702216346,0.023008968004219015
591,0.7898798798798798,7.171215475041977,7.115856138122576,7.381568479733825,6.558004252260764,6.540227821814605,6.737764731704049,5.738682956606484,5.721220097875295,5.822252657839824,4.626919362139197,4.665702201600335,4.52199478814044,0.37806655363102604,0.01953308749099185,0.26530228896426716,0.04456861568216002,0.36970636484883196,0.030563397974184277,0.5019777366740437,0.02304024894159163
592,0.7903703703703704,7.174814234643118,7.119480963359646,7.385403773281248,6.561734699502513,6.5439568865155,6.741717455397519,5.742153094193409,5.72473195909724,5.825880422992987,4.628852390182009,4.667939062851695,4.523969000807089,0.37829161662646577,0.019581410849442496,0.26525113526292565,0.04461291121581778,0.3698225345221445,0.030600534750927336,0.5026242074624343,0.02307181808471884
593,0.7908608608608608,7.178405548489235,7.123097390447393,7.389230763877147,6.565457618118951,6.547678066287362,6.745660770171637,5.745612732318559,5.728233435189258,5.829494002520241,4.630767536864833,4.670157839426836,4.525920297500675,0.3785183365017381,0.01962995386457974,0.26520007936728224,0.04465703690874398,0.3699401877083347,0.030637219237662792,0.5032741253607319,0.02310367230205461
594,0.7913513513513513,7.181989432719715,7.126705428800106,7.393049434074512,6.56917301027916,6.551391353052858,6.749594665259046,5.749061815020007,5.731724470685993,5.833093306671086,4.632664724513184,4.672358434071972,4.527848582483822,0.37874672803471365,0.019678716540977807,0.26514912486493797,0.04470098870906848,0.3700593511168288,0.030673448195520692,0.5039275004283357,0.023135808039713927
595,0.7918418418418418,7.185565902412512,7.1303050898908324,7.396859778619352,6.57288087839203,6.555096732513335,6.753519130410318,5.752500282886597,5.73520501009063,5.836678247681205,4.634543876124755,4.674540744416825,4.529753760443273,0.37897680669324824,0.019727698889842535,0.26509827804392744,0.04474476416814792,0.37018005088246897,0.030709219117799627,0.5045843430902748,0.02316822164662821
596,0.7923323323323324,7.189134973930094,7.133896384919724,7.4006617721071875,6.576581225143192,6.5587941965791385,6.757434153407532,5.755928079303777,5.73867499506851,5.840248735711647,4.636404913935877,4.676704672545251,4.531635736193173,0.379208587044124,0.019776900832316275,0.2650475417677108,0.04478835805988648,0.37030231410034065,0.030744528703879368,0.5052446629122483,0.023200909785728266
597,0.7928228228228228,7.192696662755206,7.1374793271982995,7.40445540650676,6.580274051908124,6.562483731386003,6.761339723518427,5.7593451429338485,5.742134368815237,5.8438046796996455,4.638247759895941,4.678850118729974,4.533494416982909,0.3794420844303615,0.019826322230747675,0.2649969224036325,0.04483176745319078,0.37042616769435793,0.03077937432702149,0.5059084687717619,0.02323386873124276
598,0.7933133133133132,7.196250984689153,7.141053930777337,7.408240669658381,6.583959360959544,6.5661653277180365,6.765235828512149,5.762751416012821,5.745583073504525,5.847345989589442,4.640072334283566,4.680976989371932,4.53532970814807,0.3796773139582248,0.01987596297153407,0.2649464252886535,0.04487498848868908,0.37055163865910906,0.030813752812596146,0.5065757696932838,0.02326709556031045
599,0.7938038038038038,7.1997979555002525,7.144620210315045,7.412017540888238,6.58763715342928,6.56983897275441,6.76912245717895,5.766146838221539,5.7490210496576974,5.8508725738420955,4.641878557731055,4.683085178510785,4.5371415183991815,0.3799142907925345,0.019925822883022734,0.264896055149557,0.04491801663036565,0.370678754273792,0.03084766149413923,0.507246575127169,0.023300586075452014
600,0.7942942942942943,7.203337589659419,7.148178182225114,7.415786008096296,6.591307432038364,6.573504655943104,6.7729995972815455,5.769531346808542,5.752448237856105,5.854384339518221,4.643666350986213,4.685174592416216,4.538929755798502,0.38015303007794565,0.019975901707869198,0.26484581761086834,0.04496084795402386,0.3708075427735155,0.0308810972972444,0.5079208922842632,0.02333433722850684
601,0.7947847847847848,7.206869904803698,7.151727862998273,7.419546068596772,6.594970196544993,6.577162364397326,6.77686723527778,5.772904882110465,5.755864578520594,5.857881194870662,4.6454356339072875,4.68724513169491,4.540694329263497,0.3803935476010292,0.02002619918907655,0.2647957210852685,0.04500347958621256,0.3709380308411769,0.030914057343206184,0.5085987297965933,0.023368345483099205
602,0.7952752752752752,7.2103949134552225,7.155269270828467,7.423297692635918,6.598625448385922,6.580812087732388,6.780725359501335,5.776267381700477,5.759270010232792,5.861363046059325,4.647186324111121,4.6892966981066655,4.54243514979641,0.38063585796597066,0.020076715035232777,0.2647457686962873,0.04504590566439679,0.3710702470057321,0.030946538740044136,0.5092800951826387,0.023402607204467372
603,0.7957657657657657,7.2139126327646945,7.158802425152668,7.427040869288297,6.602273188158173,6.584453811349946,6.784573956687501,5.779618782159014,5.76266447291976,5.864829798849252,4.6489183419286535,4.691329193400922,4.5441521266922775,0.3808799767106958,0.020127448869516514,0.26469596810607693,0.045088122276981266,0.37120421883929694,0.030978538707319786,0.5099649958105129,0.02343711904880748
604,0.7962562562562563,7.217423077749521,7.162327344918015,7.4307755962150015,6.605913416047235,6.588087524371568,6.788413013019588,5.782959020671296,5.766047903640612,5.868281360683976,4.650631605341614,4.6933425205890345,4.545845172284814,0.381125919595737,0.02017840034363558,0.2646463274410497,0.04513012637028424,0.3713399743976573,0.03101005436769961,0.5106534386811972,0.023471877744475986
605,0.7967467467467467,7.220926261449921,7.165844050384885,7.434501848459698,6.60954613178421,6.591713212663271,6.79224251613825,5.786288032899557,5.769420239109738,5.8717176352727805,4.652326032682643,4.695336580401318,4.547514199303829,0.3813737014856389,0.020229569033813607,0.2645968517833908,0.045171912650367504,0.3714775422214684,0.0310410831281169,0.5113454302067812,0.023506879643146027
606,0.7972372372372372,7.2244222000759635,7.169352563676151,7.438219614496469,6.6131713353441315,6.595330864067528,6.796062449190386,5.78960575464683,5.772781418093757,5.875138528043681,4.6540015406777675,4.6973112780121475,4.549159121864533,0.38162333777383883,0.020280954419941245,0.26454754921714746,0.04521347656472542,0.37161694995599687,0.03107162169671523,0.5120409767543195,0.02354212140553466
607,0.7977277277277277,7.227910907671978,7.172852907508732,7.441928890182549,6.616789025017872,6.598940465669155,6.7998728010812,5.792912121284001,5.776131375443522,5.87854394308081,4.655658047360611,4.699266514257583,4.550779852946369,0.3818748444175189,0.020332556075072925,0.26449842818755087,0.04525481504064894,0.3717582265505927,0.031101667777627438,0.512740084470055,0.023577599698295825
608,0.7982182182182183,7.231392398697579,7.17634510420216,7.445629656971378,6.620399200004548,6.6025420045775665,6.803673554765301,5.796207066735171,5.779470047642662,5.881933784758252,4.6572954695826,4.70120219313208,4.55237630943661,0.3821282364140201,0.020384373408821526,0.2644494957836543,0.045295922848035325,0.3719014001593113,0.031131218258624,0.5134427587173309,0.023613311069085555
609,0.7987087087087087,7.234866686483228,7.17982917813602,7.44932190256977,6.6240018587426635,6.606135465730612,6.807464696427541,5.799490524705805,5.782797368899623,5.88530795688598,4.658913724554453,4.703118217409631,4.553948407107575,0.38238352920709767,0.020436405861382307,0.2644007600913919,0.04533679577386211,0.37204649942203827,0.03116027072854418,0.5141490047028826,0.02364925228054258
610,0.7991991991991991,7.23833378467287,7.183305153484267,7.453005613982091,6.627596998825072,6.609720837153191,6.8112462098177575,5.802762428413219,5.786113275156718,5.888666360551476,4.660512726684564,4.705014493889688,4.555496062512451,0.3826407381462267,0.02048865280724868,0.26435222913865036,0.045377429194226215,0.3721935531644151,0.031188822070649748,0.5148588271295516,0.02368542007789084
611,0.7996896896896897,7.24179370717501,7.186773056111182,7.456680783582287,6.63118461761334,6.613298106321909,6.815018078683444,5.806022711813199,5.789417698826744,5.892008902167835,4.662092393421128,4.70689092404681,4.557019194433345,0.38289987885340804,0.02054111362562561,0.26430391212683646,0.04541781898998793,0.3723425897319728,0.031216869703630797,0.5155722310752267,0.023721811294672556
612,0.8001801801801802,7.245246467615039,7.190232911889282,7.460347404419662,6.6347647124963816,6.616867253876508,6.818780287478239,5.809271306533937,5.792710573767317,5.895335481644532,4.663652639584174,4.708747412955915,4.5585177228379505,0.3831609668928983,0.0205937875808554,0.2642558191988861,0.04545796153981012,0.37249363765597837,0.031244411245831532,0.516289220236137,0.023758422427506636
613,0.8006706706706707,7.24869207781338,7.193684747570898,7.464005455169637,6.638337279446298,6.620428271477582,6.822532818874011,5.812508144070857,5.795991833527137,5.898646001874702,4.665193381222894,4.710583862260018,4.559991567982501,0.3834240173240972,0.020646673978141256,0.2642079571505827,0.04549785095703209,0.3726467262320995,0.031271443577932045,0.5170097989536087,0.02379525005347295
614,0.8011611611611611,7.252130550825202,7.1971285892541665,7.467654939961681,6.641902314229351,6.623981141880264,6.8262756558308935,5.815733155696124,5.7992614089887375,5.90194036474234,4.6667145320633034,4.7124001849339745,4.561440648413675,0.383689045948788,0.020699772076978682,0.26416033782386983,0.045537484694416465,0.37280188404311393,0.03129796435605867,0.5177339699479381,0.023832292028605255
615,0.8016516516516516,7.255561899318911,7.200564466117482,7.471295848087727,6.645459811973804,6.62752585009587,6.830008780214715,5.81894627193811,5.802519232767771,5.905218473085835,4.668216008260056,4.714196278065191,4.562864888936449,0.38395606833350504,0.020753081060868456,0.2641129712268211,0.045576858145730544,0.3729591394662574,0.0313239709951708,0.5184617372631856,0.023869544315157663
616,0.8021421421421422,7.258986134260494,7.203992406287587,7.474928163600197,6.649009768320045,6.6310623814069425,6.833732174606272,5.822147424122504,5.805765236243251,5.908480226531014,4.669697724024792,4.715972053881526,4.564264212525406,0.3842250992785176,0.020806600081849765,0.2640658659934174,0.045615966295022285,0.37311852162433207,0.031349460805147576,0.5191931027691984,0.02390700422046923
617,0.8026326326326326,7.262403266666343,7.207412439296371,7.478551885682773,6.652552176488108,6.634590723379583,6.83744581975401,5.825336540495582,5.808999349160109,5.911725528388856,4.671159593535754,4.717727412561977,4.565638542904305,0.38449615478302174,0.020860328325317944,0.26401903344388916,0.045654805529818265,0.3732800595039468,0.031374431218779704,0.5199280698275874,0.023944668516681242
618,0.8031231231231231,7.265813309830791,7.2108245930179224,7.482167010591003,6.6560870305689175,6.638110857198717,6.841149697124175,5.82851355233025,5.812221502715379,5.914954279590527,4.672601529939858,4.7194622646464035,4.56698780462714,0.3847692502049816,0.020914264914898208,0.2639724852581337,0.04569337230809415,0.3734437810940761,0.03139887992890531,0.5206666406330368,0.023982534496433096
619,0.8036136136136136,7.269216272674002,7.214228898356408,7.485773531102605,6.659614323475133,6.641622770866215,6.8448437857770665,5.831678387415762,5.815431625738072,5.918166381107056,4.674023447979652,4.72117651512948,4.568311925477872,0.38504440085513253,0.020968408886521923,0.26392623195001785,0.045731662123562486,0.37360971569302737,0.031422804082448075,0.5214088166430542,0.02402059898967771
620,0.8041041041041042,7.2726121663331655,7.217625385247201,7.489371438378728,6.663134047380575,6.645126446487135,6.848528066758831,5.834830974246847,5.818629647589848,5.921361732865703,4.675425261284777,4.722870073450145,4.569610831478866,0.38532162188991315,0.021022759281123828,0.26388028465321484,0.045769670787755054,0.37377789189784366,0.03144620148108121,0.5221545991160377,0.02405885935592039
621,0.8045945945945946,7.276001000525905,7.221014083793667,7.492960742709007,6.666646193515182,6.6486218694671,6.852202518953405,5.837971240997762,5.821815496833261,5.924540236490472,4.676806882304323,4.7245428426168266,4.570884450420092,0.3856009294903843,0.021077315185070895,0.26383465706119225,0.045807395972002375,0.3739483382501677,0.031469069627291416,0.5229039902398652,0.02409731246295692
622,0.805085085085085,7.279382784631937,7.224395024870713,7.496541419512739,6.670150753967465,6.652109023317462,6.855867121059984,5.841099116507071,5.824989101547686,5.9277017931957925,4.678168224732698,4.726194735374706,4.572132713724832,0.3858823376929413,0.021132075521904964,0.26378935805887144,0.04584483145337693,0.37412108314803616,0.031491406094853396,0.5236569900535512,0.02413595572970709
623,0.8055755755755756,7.282757528189712,7.2277682399154335,7.500113491904702,6.673647718223449,6.65558789248774,6.859521850728168,5.844214525805342,5.828150389255251,5.930846304806969,4.679509202197743,4.727825655513715,4.573355548630389,0.38616586322534624,0.02118703931511611,0.2637444039330452,0.04588197625793728,0.3742961551401076,0.031513208573348966,0.5244135999646323,0.02417478656406113
624,0.8060660660660661,7.286125239219146,7.23113376030137,7.503676942478491,6.677137076261577,6.6590584591009705,6.863166686017865,5.847317397763181,5.831299287503817,5.933973669720426,4.680829727529365,4.729435514891148,4.574552888268217,0.3864515203882175,0.021242205434427487,0.26369980508154384,0.04591882508061973,0.37447358250568374,0.031534474669364904,0.5251738195382695,0.024213802102105247
625,0.8065565565565566,7.289485926962572,7.234491618133283,7.507231780528931,6.68061881616932,6.662520708649518,6.866801603474228,5.850407658377194,5.834435722760678,5.937083790709843,4.682129710878178,4.731024219544212,4.575724663179247,0.38673932520161997,0.02129757285226637,0.2636555760556829,0.04595537527329964,0.37465339345760634,0.03155520206253579,0.525937650006242,0.024252999803657277
626,0.807047047047047,7.2928395981833525,7.237841842859075,7.510778002443938,6.6840929267385665,6.665974624281934,6.870426580126745,5.8534852327967535,5.837559620592299,5.940176567577977,4.683409066770639,4.732591679121972,4.5768708084293594,0.38702929241020867,0.021353140431203236,0.26361172896203716,0.04599162317370325,0.3748356167246486,0.03157538852457781,0.5267050901057937,0.024292376977529607
627,0.8075375375375375,7.296186261137417,7.2411844682946835,7.514315621114443,6.6875593960422,6.669420189755537,6.874041592223956,5.856550047878112,5.840670907946678,5.943251902307125,4.684667706969163,4.7341378040467825,4.577991256168289,0.3873214378538192,0.02140890707123231,0.26356827927365817,0.04602756651440337,0.3750202801439571,0.03159503179129193,0.5274761400471294,0.02433193142221515
628,0.8080280280280281,7.299525922838722,7.244519525548331,7.517844626977485,6.6910182096977024,6.6728573868627645,6.877646613757369,5.859602029835516,5.843769509266666,5.946309695033666,4.685905542458342,4.735662499858005,4.579085941373633,0.38761577632424554,0.021464871597423628,0.2635252396079287,0.046063200761755234,0.3752074113088585,0.03161412961352277,0.5282507997277451,0.024371660266094063
629,0.8085185185185184,7.302858588537282,7.24784704614996,7.521365026681255,6.694469353362637,6.676286197023615,6.881241618674217,5.862641102888402,5.846855350176268,5.949349847730846,4.6871224855015665,4.737165680639629,4.580154801407385,0.3879123227085879,0.021521032795608637,0.26348262478925233,0.046098523246259564,0.3753970376100319,0.03163267990563259,0.5290290674259981,0.024411561409154355
630,0.809009009009009,7.306184265669571,7.251167061936981,7.524876840356736,6.697912812954763,6.679706608311205,6.884826582638701,5.865667191534408,5.849928354478831,5.952372261693995,4.688318447517466,4.738647253021379,4.581197770673209,0.3882110932337863,0.021577389557636,0.26344045070553873,0.04613353251124503,0.37558918800894947,0.031650680349265235,0.5298109427284828,0.024451632535534264
631,0.8094994994994995,7.3095029589260125,7.2544796049528015,7.5283800624796475,6.701348571973473,6.683118596273692,6.888401478253137,5.868680220485516,5.852988446879226,5.955376836644679,4.689493340036097,4.740107129389811,4.582214787562184,0.388512102220224,0.021633940577072103,0.2633987317695284,0.046168224776347556,0.3757838889268495,0.03166812917968793,0.5305964237287519,0.02449187131317174
632,0.80998998998999,7.3128146730685435,7.25778470671734,7.531874705999717,6.704776614489479,6.686522147775756,6.891966277821478,5.871680114899098,5.856035551134525,5.958363476849013,4.690647073818421,4.741545217547972,4.583205790941316,0.388815365092021,0.021690684696565026,0.2633574833251691,0.0462025977448523,0.3759811678775591,0.03168502406512415,0.5313855098114889,0.02453227543163505
633,0.8104804804804804,7.316119413354899,7.261082398108484,7.535360774398055,6.708196922761221,6.689917246447743,6.895520953150287,5.874666797998327,5.859069590002991,5.961332082057488,4.691779559604406,4.742961427861776,4.584170719745473,0.38912089676996364,0.02174762063017227,0.26331672012709273,0.04623664828315872,0.37618105265062984,0.03170136278051737,0.5321781989052796,0.024572842642408416
634,0.8109709709709709,7.319417183338243,7.264372710320361,7.538838294258552,6.711609478353767,6.693303869268523,6.8990654760378,5.877640194255439,5.862090486958528,5.964282555993632,4.692890708326892,4.744355671399281,4.585109512590903,0.3894287129004458,0.02180474717025228,0.26327646113790015,0.04627037624808214,0.37638356911155646,0.031717143851395777,0.5329744897148438,0.024613571145203877
635,0.8114614614614615,7.3227079866462415,7.267655673806525,7.542307258428032,6.7150142628013265,6.69668200233829,6.902599816475902,5.8806002262438835,5.865098163969204,5.967214799616421,4.693980430233178,4.745727860319311,4.586022110979457,0.38973882768758966,0.021862062993550323,0.2632367192853448,0.0463037771565174,0.37658874507339607,0.03173236485578727,0.5337743795754258,0.024654458900217002
636,0.8119519519519519,7.325991826165355,7.270931320985005,7.545767688131926,6.718411255618198,6.700051625208489,6.906123945337803,5.883546818227128,5.8680925435193565,5.970128716231373,4.695048635765828,4.747077902438635,4.586908454708181,0.3900512566980478,0.021919566857305936,0.26319751289534615,0.04633685007181384,0.37679660657726155,0.03174702420040277,0.5345778673284646,0.024695503882605864
637,0.8124424424424423,7.329268705460261,7.274199680430639,7.5492195985283255,6.72180043654059,6.703412719655762,6.909637830360831,5.886479892422442,5.871073547953317,5.973024207888892,4.696095232729999,4.7484057087552065,4.587768487709241,0.3903660149341634,0.021977257436431818,0.26315885905701947,0.04636959324279262,0.3770071800627357,0.031761119712885234,0.5353849506398776,0.02473670388086772
638,0.8129329329329329,7.33253862588788,7.277460782341393,7.552663012697001,6.72518178306383,6.706765268369166,6.913141440713356,5.889399372178432,5.874041097935128,5.975901179175655,4.697120134385838,4.749711188337721,4.588602150793152,0.3906831176720905,0.022035133471977962,0.26312077590677807,0.04640200593557027,0.3772204916965582,0.031774649691085205,0.5361956274047794,0.024778057338078575
639,0.8134234234234234,7.335801589128956,7.280714656437613,7.5560979266565536,6.728555273608726,6.710109253064359,6.916634744391626,5.892305180283933,5.8769951149922735,5.978759532055246,4.698123246682285,4.750994253268937,4.589409387333914,0.39100257909725916,0.022093193646652638,0.26308327781788404,0.046434084325663816,0.3774365678046193,0.031787612147823954,0.5370098954334872,0.02481956235814856
640,0.8139139139139139,7.33905759579809,7.283961332264979,7.559524374122741,6.7319208836422435,6.713444651024761,6.920117707878496,5.895197239172375,5.879935520291954,5.981599172036263,4.69910447991709,4.752254812842496,4.590190142138642,0.3913244146786104,0.022151436633931876,0.2630463857295268,0.04646582906436068,0.3776554330148926,0.031800005666106704,0.5378277525126508,0.024861217131737955
641,0.8144044044044043,7.3423066480273675,7.287200837340244,7.562942360858443,6.735278590596428,6.7167714478006095,6.923590298192627,5.898075470672446,5.882862233910999,5.984420001798741,4.700063742591019,4.753492777406851,4.5909443563747425,0.39164863906056396,0.022209861160729896,0.2630101149014791,0.04649723732679526,0.3778771141690049,0.03181182808703861,0.5386491964083945,0.024903020251261437
642,0.8148948948948949,7.345548744247681,7.290433199804653,7.566351924564658,6.738628367112312,6.720089621377584,6.927052480166755,5.900939797098433,5.885775175681351,5.98722192472019,4.701000943218485,4.754708055732392,4.591671976736274,0.39197526774480607,0.022268465866082963,0.26297448687672864,0.04652831032790782,0.3781016358676698,0.031823077868678676,0.539474224449065,0.024944969672929716
643,0.8153853853853854,7.348783885709755,7.2936584475312305,7.569753072416418,6.741970188128876,6.723399152980215,6.930504219360919,5.903790140979641,5.888674266650137,5.990004848771049,4.70191598818786,4.755900559446549,4.592372947534184,0.3923043150933503,0.022327249484858418,0.2629395182417392,0.04655904559813395,0.37832902274648494,0.03183375345813536,0.5403028350741151,0.02498706421436907
644,0.8158758758758758,7.352012071335449,7.296876607037189,7.573145819450233,6.745304026348753,6.726700024178546,6.933945480219702,5.906626422320626,5.8915594253117884,5.992768677677294,4.702808787117124,4.757070191947734,4.593047213096106,0.39263579595743164,0.02238621069784437,0.262905226622833,0.04658944170675808,0.378559300355327,0.03184385318209842,0.5411350260948365,0.025029301961980915
645,0.8163663663663663,7.355233298621625,7.300087704299517,7.576530198752025,6.7486298544769285,6.7299922131972965,6.937376225265416,5.909448564429632,5.89443057161691,5.995513316893534,4.70367924488012,4.758216869202848,4.593694720796683,0.3929697252445227,0.02244534817293273,0.2628716327369799,0.046619499337282114,0.3787924925425447,0.03185337537004812,0.5419707946880361,0.025071681734779642
646,0.8168568568568568,7.358447567479628,7.303291764802492,7.579906231204023,6.751947642774299,6.73327570165874,6.940796417623631,5.912256489204696,5.897287624214591,5.998238672595218,4.70452727055598,4.759340492410478,4.594315414643089,0.39330611807190824,0.022504660638756505,0.2628387555873298,0.04664921773206635,0.3790286236700565,0.03186231847261707,0.5428101397589556,0.025114201724436694
647,0.8173473473473474,7.361654874990912,7.306488812824217,7.583273936547145,6.755257362413209,6.736550469875809,6.9442060191580115,5.9150501176055466,5.900130501940495,6.000944650954663,4.705352769043692,4.760440977877319,4.594909239968927,0.39364498878672066,0.02256414678555198,0.2628066136678116,0.04667859612342712,0.3792677179687766,0.031870680867826705,0.543653058329555,0.025156861350409114
648,0.8178378378378378,7.364855219055755,7.309678872640966,7.586633351658041,6.758558981933668,6.739816496696525,6.947604991857646,5.917829370829059,5.902959123966791,6.003631160786743,4.706155645767306,4.761518224376639,4.595476143446666,0.3939863530922298,0.022623805395301205,0.2627752286462574,0.04670763581945914,0.3795097986290469,0.03187846138129208,0.5444995501557791,0.02519965853681903
649,0.8183283283283282,7.368048595963074,7.312861968049036,7.58998448283732,6.761852469769574,6.7430737629706385,6.950993294722324,5.920594169025592,5.905773406824199,6.0062981066179955,4.7069358058730195,4.76257214408633,4.596016071202179,0.3943302248262651,0.022683635074149867,0.2627446176197389,0.04673633444228906,0.3797548898375694,0.03188565819832145,0.5453496120177189,0.025242592389449106
650,0.8188188188188188,7.371235002834284,7.316038119954095,7.593327371780989,6.765137794362298,6.746322245369876,6.9543708887464435,5.9233444350012014,5.908573270509284,6.008945398815013,4.70769315470773,4.763602641981551,4.596528968495239,0.3946766194115222,0.022743634671979443,0.26271480282639065,0.04676469415099702,0.38000301373442846,0.03189227027057905,0.5462032435661123,0.025285661732802757
651,0.8193093093093093,7.374414435610113,7.319207349970706,7.596662035132428,6.7684149209575155,6.749561926439097,6.957737732652589,5.926080088890688,5.911358631342074,6.011572944593751,4.708427594817933,4.7646096222274235,4.597014781954874,0.39502555140289447,0.022803802914924166,0.2626858027505896,0.046792713916966475,0.3802541938934663,0.03189829603414198,0.5470604434011036,0.02532886517010108
652,0.8197997997997998,7.377586890550052,7.322369679622601,7.599988506120901,6.771683816181802,6.752792784774936,6.961093784481721,5.928801052099297,5.91412940743943,6.014180651560711,4.709139030649991,4.76559299027954,4.597473455595437,0.39537703596339885,0.02286413856166159,0.26265763878109555,0.04682039465235208,0.3805084529176209,0.03190373401017649,0.5479212105400726,0.02537220173991497
653,0.8202902902902902,7.380752362490683,7.3255251271147,7.603306808776623,6.774944444684764,6.756014798921244,6.964439002510791,5.931507243951334,5.916885515538108,6.016768431225518,4.709827365093864,4.766552648188047,4.5979049365626254,0.3957310876977427,0.02292464043469955,0.26263033054820795,0.04684773664243268,0.380765813086159,0.031908583234364886,0.5487855443293892,0.025415670254712558
654,0.8207807807807808,7.383910846459865,7.328673712138173,7.6066169728380695,6.778196770443311,6.75922794691966,6.967773343036575,5.934198586578305,5.919626872918415,6.019336191626753,4.710492498656503,4.767488502755356,4.598309168149036,0.39608772155190397,0.022985307331924307,0.26260389920817456,0.04687474057121609,0.381026296239016,0.031912842292261115,0.5496534443128174,0.02545927004406261
655,0.8212712712712713,7.387062336935308,7.331815451887236,7.609919018357444,6.78144075596096,6.7624322076608925,6.97109676267923,5.93687500093502,5.9223533966514355,6.0218838437756785,4.711134334401155,4.7684004529854995,4.59868609776887,0.3964469519401913,0.0230461380791904,0.262578364117464,0.046901406289919324,0.38128992394285444,0.03191651007747477,0.5505249104260347,0.02550299962250289
656,0.8217617617617617,7.390206828368025,7.334950363206617,7.613212988651978,6.7846763638336025,6.765627559925577,6.974409216388253,5.939536406194975,5.925065002654281,6.024411298088847,4.711752770326762,4.769288398941632,4.599035666004845,0.3968087947682542,0.0231071315941188,0.2625537481904587,0.046927736136882586,0.3815567180309409,0.03191958534669215,0.5513999436624676,0.025546858392198994
657,0.8222522522522522,7.393344314329737,7.3380784617433665,7.616498903679437,6.787903555740014,6.768813984662367,6.977710659739447,5.942182724653387,5.927761607296371,6.026918465890351,4.712347708625934,4.770152245911579,4.599357818047806,0.39717326419018817,0.023168286740042558,0.26253007038748655,0.046953729941579474,0.3818266999595225,0.03192206682340556,0.552278543633777,0.02559084581405179
658,0.8227427427427427,7.396474789153357,7.341199761442992,7.61977679252956,6.791122290941053,6.771991456503952,6.98100104681724,5.944813875389348,5.930443127172914,6.0294052580578565,4.712919045426188,4.7709918865234755,4.599652500017578,0.39754037539043435,0.023229602410861416,0.262507352334992,0.04697938893742434,0.38209989020211105,0.03192395371306532,0.5531607120303079,0.025634960017804985
659,0.8232332332332333,7.399598244777198,7.344314277078858,7.62304668283817,6.794332529856674,6.775159953019455,6.984280330036456,5.947429778733208,5.933109477474933,6.031871586148241,4.7134666813761035,4.7718072211393645,4.599919649618321,0.3979101432830101,0.023291077559723792,0.2624856148709449,0.0470047138841611,0.3823763095072195,0.03192524481253378,0.5540464500627962,0.025679201063912603
660,0.8237237237237237,7.402714675532695,7.347422019928107,7.626308609177115,6.797534231509959,6.778319454243133,6.987548462347659,5.950030355848946,5.93576057426456,6.03431736449675,4.71399050965982,4.772598143801727,4.600159211275011,0.3982825833003243,0.023352711225012847,0.26246487944551494,0.04702970646723652,0.3826559782065684,0.03192593902726314,0.5549357606134745,0.025723567658518614
661,0.8242142142142141,7.405824072175674,7.350523001117171,7.629562594926833,6.800727352777907,6.78146993683546,6.990805397205176,5.9526155267350385,5.9383963329231495,6.036742505387266,4.714490430631593,4.773364551735727,4.600371122630616,0.3986577100556479,0.023414502447311275,0.2624451660754648,0.04705436756585574,0.3829389164699636,0.03192603565976997,0.55582864548341,0.02576805971121906
662,0.8247047047047047,7.408926428332825,7.353617232596551,7.632808674683259,6.803911851425705,6.784611378095604,6.994051084024793,5.955185210998687,5.941016668195726,6.039146921431661,4.7149663349627025,4.774106338792513,4.600555327670542,0.39903553907518136,0.023476450171553788,0.2624264972996623,0.04707869872361023,0.3832251442048913,0.031925533467342046,0.5567251073444204,0.02581267596206393
663,0.8251951951951952,7.412021735660357,7.356704721639329,7.636046865992641,6.807087682903524,6.787743756067914,6.997285476019145,5.957739328425142,5.943621495480025,6.041530526771703,4.715418118165538,4.774823396247333,4.600711762852856,0.3994160850825483,0.02353855358829798,0.2624088919040051,0.047102700388392794,0.3835146812994911,0.03192443187129166,0.5576251499718341,0.025857416011142463
664,0.8256856856856857,7.415109986197733,7.359785477066291,7.639277211268717,6.810254804062334,6.790867046011892,7.000508521713246,5.960277800229885,5.946210729054963,6.043893236018988,4.715845672882643,4.775515613373174,4.600840366318182,0.3997993640045291,0.023600811809970135,0.2623923734328281,0.04712637533804208,0.38380754664984307,0.031922729874059225,0.5585287777158114,0.02590227908789168
665,0.8261761761761761,7.418191171279251,7.362859505194579,7.642499725304105,6.813413168431573,6.793981224368006,7.003720170627879,5.96280054536546,5.948784284364901,6.046234963685941,4.716248889130232,4.776182878858857,4.6009410743340755,0.4001853906505039,0.02366322403096883,0.262376961133102,0.047149723628556094,0.3841037591595345,0.03192042673786472,0.5594359954891984,0.0259472645626118
666,0.8266666666666667,7.421265281722879,7.365926812061776,7.64571444375655,6.816562730531312,6.797086269370665,7.006920372713898,5.965307483623611,5.951342074815365,6.048555624319496,4.7166276577392425,4.7768250827229615,4.601013821651071,0.4005741807376027,0.023725789477427466,0.2623626766917515,0.04717274760552038,0.3844033383661898,0.031917521677049664,0.5603468079453378,0.02599237223026083
667,0.8271571571571572,7.424332308824585,7.368987402057894,7.648921390375257,6.81970344282935,6.800182158248085,7.010109075093479,5.967798535247947,5.953884014869033,6.050855134080711,4.716981866342899,4.777442106837597,4.601058543541405,0.4009657497545571,0.02378850742954064,0.2623495407547006,0.04719544826701339,0.38470630250306176,0.03191401379987639,0.5612612217564077,0.026037601064164546
668,0.8276476476476476,7.4273922434113295,7.372041278586856,7.652120588741749,6.822835258465403,6.803268862985087,7.013286226311859,5.9702736188304595,5.9564100181462,6.05313340920286,4.717311404263924,4.77803383711028,4.601075171291169,0.4013601130335904,0.02385137719249717,0.2623375741887325,0.04721782705521697,0.3850126696982121,0.03190990285906139,0.5621792429922862,0.0260829510410886
669,0.8281381381381381,7.430445077181995,7.37508844419303,7.655312067746748,6.825958127714503,6.806346362985337,7.0164517737716,5.972732654467486,5.958919998021575,6.05539036417347,4.717616156355736,4.778600155105887,4.601063634463166,0.4017572866520136,0.02391439814556077,0.26232679813714327,0.04723988567134137,0.38532245864406406,0.0319051879586466,0.5631008791774831,0.026128421694738953
670,0.8286286286286286,7.4334907995580135,7.378128898991106,7.65849585143243,6.829072003269973,6.809414632576229,7.019605663693546,5.975175562268431,5.961413868082199,6.057625917315066,4.717896005774123,4.779140937617302,4.60102386340207,0.4021572864047903,0.023977569783346434,0.26231723291575615,0.04726162560591727,0.3856356868893849,0.03189986853968661,0.5640261392476982,0.026174012260507796
671,0.8291191191191192,7.436529401151172,7.381162643737494,7.661671961816349,6.832176834588186,6.812473646362799,7.022747842028065,5.9776022604423495,5.963891541620936,6.059839984140478,4.718150836792962,4.779656062086671,4.600955787232216,0.4025601280804536,0.024040891504974814,0.26230889928008,0.047283048118859736,0.3859523722398187,0.03189394408399804,0.5649550313350071,0.026219722085162864
672,0.8296096096096096,7.439560871836659,7.38418967554507,7.664840421661955,6.835272571534343,6.815523380480269,7.025878254925321,5.980012667792464,5.9663529317149715,6.062032482121827,4.718380530446762,4.7801454072554135,4.600859328525034,0.4029658276756692,0.024104362927846117,0.2623018171498886,0.04730415478108168,0.3862725324722048,0.031887414097896,0.5658875651394023,0.02626555149368064
673,0.8301001001001,7.442585201767605,7.387209993749801,7.668001246049417,6.838359162666066,6.818563807242051,7.028996847698449,5.9824067039376585,5.968797949859563,6.064203329144128,4.718584964935017,4.780608843716179,4.600734412181291,0.4033744012566412,0.02416798363028083,0.2622960065584776,0.04732494630078764,0.386596184550811,0.03188027842917851,0.5668237515625788,0.02631149978131079
674,0.8305905905905906,7.445602381379222,7.390223594082291,7.671154466719972,6.841436556398734,6.821594903658082,7.032103563990116,5.984784287252387,5.9712265090690915,6.066352442920959,4.718764019815754,4.781046243455707,4.600580962174853,0.40378586542978967,0.024231753226464273,0.2622914890525086,0.047345425133392356,0.38692334584243276,0.031872536348134334,0.5677636012568802,0.026357566483296752
675,0.831081081081081,7.448612400351711,7.393230471426694,7.6743000877256184,6.8445047007285815,6.824616641274142,7.035198349178423,5.987145335997139,5.9736385215951175,6.068479740702027,4.718917570436025,4.781457473286531,4.600398894494916,0.40420023624317974,0.024295671519233137,0.26228828253884673,0.047365591175330804,0.3872540333074792,0.03186418782053036,0.5687071271951136,0.02640375150422835
676,0.8315715715715715,7.451615248624586,7.396230620153048,7.677438145877993,6.847563542565131,6.827628997666383,7.0382811462457555,5.9894897679581955,5.976033899141004,6.070585141643027,4.719045490495265,4.781842402780443,4.600188128555368,0.40461753098362735,0.024359738263227043,0.2622864092610602,0.047385447549483706,0.3875882641473013,0.03185523226748715,0.5696543418212956,0.026450054751300096
677,0.832062062062062,7.454610915426462,7.399224033468305,7.680568637747448,6.85061302867714,6.830631941573215,7.041351898613966,5.991817502996847,5.978412552058781,6.072668562774135,4.719147652145752,4.7822008928646484,4.59994857841425,0.4050377656808071,0.024423953325674787,0.26228588660206054,0.04740499348055255,0.38792605453003454,0.03184566975072941,0.5706052596272506,0.026496475758421487
678,0.8325525525525526,7.457599390016107,7.402210702706281,7.6836915912342745,6.853653104772992,6.833625448511741,7.044410549658411,5.994128456627529,5.98077439328722,6.074729922268101,4.719223929515919,4.782532805469466,4.599680157559397,0.40546095763142,0.024488316604040973,0.26228673539235314,0.04742423153933522,0.38826742153429306,0.03183549996904841,0.571559894666656,0.0265430143589192
679,0.833043043043043,7.460580663927674,7.405190619167449,7.686807010546842,6.856683716236447,6.836609491250999,7.047457041991003,5.996422547900195,5.98311933234037,6.076769139332478,4.719274185514485,4.782837998059505,4.599382777293391,0.40588712390460563,0.02455282811480646,0.262288973912592,0.04744316164635495,0.3886123815175111,0.03182472287530917,0.5725182637460786,0.026589670089349624
680,0.8335335335335334,7.463554725260926,7.408163772303246,7.689914910593616,6.859704808207955,6.839584041765239,7.050491316336279,5.998699693942999,5.985447279911398,6.078786132993762,4.719298290542902,4.783116326655411,4.599056345621432,0.4063162816562777,0.02461748788990321,0.26229262165108075,0.047461785076594654,0.38896095054734237,0.03181333826273342,0.5734803831400551,0.02663644289397892
681,0.834024024024024,7.4665215640664915,7.411130150977192,7.693015306542838,6.862716325368215,6.842549073104715,7.0535133158372645,6.000959810963123,5.9877581468358505,6.0807808203254865,4.719296106090915,4.783367646916581,4.5987007642802205,0.40674844887125616,0.02468229612198962,0.2622976978917108,0.0474801032868578,0.38931314552619795,0.031801346117939396,0.5744462709775455,0.026683333120095742
682,0.8345145145145145,7.469481169419094,7.414089742880555,7.696108195988465,6.865718211640061,6.845504555143725,7.05652298249518,6.003202816954852,5.990051842364972,6.082753122330643,4.719267495968062,4.783591806900699,4.598315940424939,0.40718364253859785,0.024747252996193802,0.2623042197980323,0.047498115980963804,0.38966898202351047,0.031788746827386735,0.5754159459659465,0.026730340061158833
683,0.835005005005005,7.472433531168188,7.417042534612042,7.699193598387836,6.868710410461114,6.848450459495319,7.059520255657493,6.005428626987111,5.992328275458612,6.084702954780126,4.719212319071836,4.78378865519321,4.597901770443298,0.40762188134314276,0.024812358765450168,0.26231220785533366,0.04751582506758701,0.39002847662910733,0.03177554012317425,0.5763894277829991,0.026777463972689524
684,0.8354954954954954,7.475378639647307,7.419988511006131,7.702271504151758,6.871692864487588,6.851386757639232,7.062505077330057,6.00763715743324,5.994587356306129,6.086630238557655,4.719130433837371,4.7839580354111515,4.597458153011414,0.408063182703675,0.024877613829781244,0.2623216779062455,0.047533229586356064,0.3903916450782574,0.03176172638813179,0.5773667376683279,0.02682470459500151
685,0.835985985985986,7.478316483544015,7.422927658345574,7.705341917989887,6.874665517536609,6.854313419601345,7.065477388071893,6.009828323432913,5.996828993004929,6.088534890116444,4.719021694559948,4.784099790181364,4.596984984229148,0.4085075650731603,0.024943018555419777,0.2623326480866079,0.04755033004340397,0.3907585039771851,0.03174730573369403,0.578347896854346,0.026872061601745056
686,0.8364764764764765,7.481247053265694,7.425859959396101,7.708404847664529,6.877628311810075,6.857230416119979,7.0684371281780765,6.01200204073926,5.999053093486977,6.090416829228515,4.718885953798936,4.784213759725694,4.596482150788066,0.4089550474761009,0.025008573543221044,0.2623451368829072,0.04756712749120416,0.39112906921790885,0.03173227847809937,0.5793329290802173,0.02691953573064674
687,0.8369669669669669,7.484170338954583,7.428785397581556,7.711460285478629,6.880581188099711,6.860137714773277,7.071384238246841,6.014158223426523,6.0012595658790175,6.092275972820363,4.718723064316952,4.7842997768339055,4.595949543476081,0.40940564841962096,0.025074279302656273,0.26235916121828573,0.047583621454321136,0.39150335670148745,0.03171664519623152,0.5803218579118008,0.026967126335694758
688,0.8374574574574574,7.487086328512415,7.431703954697426,7.714508232239029,6.8835240897363255,6.8630352857882695,7.074318656973897,6.016296786214823,6.003448317224376,6.094112238534244,4.71853287082632,4.784357677376997,4.595387046572391,0.4098593871541486,0.0251401365427719,0.2623747382112586,0.04759981222484772,0.39188138276431994,0.03170040595486092,0.5813147086168103,0.02701483374580933
689,0.8379479479479479,7.489995013958954,7.434615611594118,7.717548675326493,6.886456957237421,6.865923097913933,7.077240324827735,6.0184176428303635,6.0056192551136105,6.095925545665798,4.71831522180197,4.784387290574144,4.594794543750302,0.4103162825826862,0.025206145977806488,0.2623918838606506,0.047615698845071254,0.39226316320351584,0.031683561448160695,0.5823115071436157,0.02706265789016312
690,0.8384384384384385,7.492896384507368,7.437520349488784,7.720581615603463,6.889379732215685,6.86880111720064,7.080149181515235,6.020520705146118,6.007772286027179,6.097715808864521,4.718069957799181,4.784388440627367,4.594171911494838,0.4107763550377189,0.025272308442855173,0.2624106161061271,0.04763128198530621,0.39264871457539613,0.031666112260214783,0.5833122812524074,0.02711059867093726
691,0.8389289289289289,7.495790429972619,7.440418147029288,7.723607039847318,6.89229235524898,6.871669314281826,7.083045166648805,6.0226058865397185,6.0099073140191805,6.099482946605937,4.717796919292088,4.784360954955653,4.593519025177173,0.4112396240747193,0.02533862486545373,0.26243095006352507,0.04764656070445791,0.39303805351582094,0.03164805895856392,0.584317058831111,0.027158656736982575
692,0.8394194194194193,7.4986771416616875,7.443308984037962,7.7266249315270095,6.895194766850441,6.874527654354699,7.085928219254602,6.024673099479404,6.01202424657486,6.101226874502422,4.717495945400374,4.784304649664069,4.592835756721782,0.4117061098379699,0.02540509621572309,0.262452901636964,0.047661533778817204,0.39343119582885905,0.0316294022245919,0.5853258700511236,0.02720683169045959
693,0.8399099099099099,7.501556508533321,7.446192838728689,7.729635274939846,6.898086907857399,6.877376103752668,7.088798278072359,6.026722253993801,6.014122987592637,6.102947508864198,4.717166868633511,4.784219347959197,4.5921219768680235,0.4121758324601585,0.025471723511745058,0.2624764861077412,0.047676200196450615,0.39382815825992223,0.03161014283531638,0.5863387444128909,0.027255124067592663
694,0.8404004004004004,7.5044285223592695,7.44906968791177,7.732638063871724,6.900968718290689,6.880214628318298,7.091655282153631,6.028753262808417,6.016203441325084,6.104644764750739,4.71680952424978,4.784104855461547,4.5913775475637415,0.4126488135329784,0.025538507965790446,0.2625017204789188,0.04769056009873937,0.3942289571496879,0.03159028158256476,0.5873557150980916,0.027303533610230635
695,0.8408908908908909,7.507293172847991,7.451939509097711,7.7356332716583465,6.903840138634493,6.883043194446192,7.0944991715918455,6.030766033032763,6.018265510938826,6.106318556864722,4.7164237383527325,4.783960989614151,4.590602333506632,0.4131250735974664,0.025605450745847642,0.2625286182979452,0.04770461140616348,0.3946336101585091,0.03156981949166303,0.5883768134822637,0.027352060838601217
696,0.8413813813813813,7.510150450822512,7.454802279150345,7.738620878392512,6.906701108789429,6.885861767488454,7.097329884553776,6.032760476570765,6.020309101046059,6.1079687999972965,4.716009338967013,4.783787556891085,4.589796190623698,0.41360463413924226,0.025672553208934898,0.2625571946725011,0.04771835271455812,0.3950421335162932,0.03154875732787894,0.5894020744365823,0.027400706109514162
697,0.8418718718718718,7.513000347284593,7.457657972429884,7.741600872946203,6.9095515679805,6.888670308865563,7.100147359290646,6.034736500669094,6.0223341125698795,6.109595406580576,4.715566149976583,4.783584361616624,4.5889589729142255,0.4140875173706465,0.025739816695043972,0.26258746629936347,0.04773178402584789,0.3954545443479693,0.03152709633063561,0.590431532472166,0.02744946979892173
698,0.8423623623623624,7.5158428528679595,7.460506565560738,7.744573210246734,6.912391456987709,6.891468782979493,7.102951536482875,6.036694012650293,6.024340447728831,6.111198289898445,4.715093992506053,4.783351199797769,4.5880905336974935,0.4145737446914109,0.025807242694246686,0.26261944422742556,0.047744901377797355,0.39587086046502956,0.03150483777682508,0.5914652241239045,0.027498351452831703
699,0.8428528528528528,7.518677959177474,7.4633480330388515,7.747537877512198,6.915220714289453,6.894257153634944,7.105742353232732,6.03863291972113,6.026328007208069,6.112777362250529,4.714592683533059,4.783087875552427,4.5871907186551955,0.41506333895727854,0.02587483271372898,0.26265314495025643,0.04775770436805056,0.3962910991225463,0.03148198267048796,0.592503186077277,0.02754735225582236
700,0.8433433433433433,7.521505656862969,7.466182348940795,7.750494834752882,6.9180392799329375,6.89703538360781,7.108519749103895,6.0405531289957555,6.02829669118788,6.114332533693509,4.714062038805007,4.7827941838773915,4.586259372426239,0.4155563223620933,0.025942588376575322,0.2626885803892266,0.04777018981604208,0.3967152784212848,0.0314585322644769,0.5935454562560379,0.027596472445283862
701,0.8438338338338338,7.524325937417599,7.469009488552903,7.753444061891174,6.920847094529948,6.899803434160656,7.111283662565852,6.04245454289851,6.030246399992275,6.115863715127499,4.713501870549213,4.782469912044401,4.585296335299426,0.4160527187549547,0.026010511355781963,0.26272576594123914,0.04778235662479992,0.39714341670227943,0.03143448791839601,0.5945920743055706,0.027645712074430364
702,0.8443243243243244,7.527138792772188,7.471829424123672,7.756385517804417,6.9236440963114365,6.902561264910591,7.114034033613358,6.044337067418245,6.032177032413791,6.117370815408602,4.712911988118009,4.782114850077646,4.584301442891395,0.4165525511302475,0.026078603454179613,0.2627647139422621,0.04779420184887755,0.3975755319460919,0.03140985135818662,0.5956430805637736,0.027695071815451857
703,0.8448148148148148,7.529944214216516,7.474642130189173,7.759319172427586,6.926430225558537,6.9053088372692875,7.116770800684286,6.046200605623831,6.03408848571724,6.118853743374055,4.712292198434084,4.781728783766928,4.583274529000505,0.4170558435002538,0.02614686647276111,0.2628054382361768,0.047805723341272886,0.3980116431110898,0.031384623987384674,0.5966985159498828,0.02774455218881307
704,0.8453053053053052,7.532742193739478,7.4774475790980555,7.762244990613274,6.929205421681771,6.908046111003693,7.119493902685949,6.0480450583894845,6.035980657655953,6.120312405878016,4.71164230315445,4.781311493099881,4.582215422111479,0.4175626203271227,0.0262153023512929,0.2628479520118346,0.04781691868086183,0.39845176939353444,0.031358807405790744,0.5977584232205283,0.027794153561088157
705,0.8457957957957958,7.535532723398122,7.480245745311777,7.765162927198043,6.931969624348385,6.910773044745272,7.12220327822246,6.049870327483161,6.037853444179257,6.121746706931468,4.710962104133227,4.780862755969462,4.581123948936296,0.4180729059293558,0.02628391299355534,0.2628922674949499,0.04782778418320522,0.39889593036194715,0.031332403172105505,0.5988228451203067,0.027843876170028158
706,0.8462862862862863,7.538315794435443,7.483036599489945,7.768072943536615,6.934722773089677,6.913489596772316,7.124898867970532,6.0516763138241,6.039706740936987,6.123156554294262,4.710251398408531,4.780382354484605,4.579999929687049,0.41858672500168936,0.026352700549064103,0.26293839695738513,0.04783831742173583,0.39934414543759794,0.03130541341637002,0.5998918257981154,0.027893721612566244
707,0.8467767767767768,7.541091399806141,7.485820116149456,7.770975006350793,6.937464808498575,6.916195723622153,7.127580609350198,6.053462913535652,6.041540442556612,6.124541849200294,4.709509981222224,4.779870053959306,4.578843184808796,0.41910410363281525,0.026421667007103383,0.2629863548239577,0.04784851598897015,0.39979643525896685,0.03127783973093169,0.6009654102734705,0.02794368945583633
708,0.8472672672672672,7.54385953139922,7.488596268033476,7.773869050599584,6.9401956692817715,6.918891382512864,7.130248443495753,6.0552300268667265,6.043354442334613,6.125902496318353,4.708737644013578,4.779325628564105,4.577653528681144,0.4196250663987371,0.026490814616851047,0.2630361501471179,0.04785837443302991,0.40025281992591083,0.03124968443646943,0.6020436446141247,0.027993780971508644
709,0.8477577577577577,7.54662018132613,7.491365025594882,7.776755051625829,6.942915295991934,6.921576531065783,7.132902307993517,6.056977548508895,6.045148633245819,6.127238393108656,4.707934175377605,4.778748843590928,4.576430772782344,0.4201496403452831,0.02656014556153322,0.2630877977141357,0.04786789162137454,0.40071332124489184,0.031220949027321605,0.6031265751102857,0.028043996528469308
710,0.8482482482482483,7.549373342654223,7.494126364355572,7.779632956979533,6.945623629483813,6.924251121110804,7.135542144934677,6.058705374010415,6.0469229064567545,6.128549441659538,4.707099361337061,4.7781394646063005,4.5751747244028005,0.42067785178710043,0.026629662141789915,0.26314130930357404,0.04787706355475085,0.40117796034762404,0.031191636356653396,0.6042142495232622,0.02809433728222615
711,0.8487387387387387,7.552119008188009,7.496880255750159,7.782502713159476,6.948320608400814,6.9269151099571555,7.13816789181683,6.060413397021656,6.048677153007418,6.129835537179655,4.706232984773031,4.777497250801004,4.57388518982568,0.4212097273710483,0.026699366641872183,0.26319669610396834,0.04788588583079327,0.40164675946292244,0.03116174808633485,0.6053067158489627,0.028144803431056097
712,0.8492292292292292,7.554857169481037,7.499626671814695,7.785364281339111,6.951006173837107,6.929568449950446,7.140779488818359,6.0621015095970145,6.050411262177903,6.131096578973857,4.70533482741294,4.776821959985424,4.572561967370618,0.4217452948007086,0.026769261533213948,0.2632539713098937,0.04789435610719597,0.4021197407367393,0.031131286824494616,0.6064040237101492,0.028195396313297278
713,0.8497197197197197,7.557587820275411,7.502365585892915,7.788217597222519,6.953680267491763,6.932211094437765,7.1433768770113675,6.063769603160177,6.052125122895467,6.132332459339823,4.704404665182979,4.776113352158872,4.571204856933764,0.4222845810656657,0.02683934920787757,0.2633131445730611,0.04790246899133394,0.4025969278337287,0.031100254898764848,0.6075062218675195,0.02824611678284271
714,0.8502102102102103,7.560310952079387,7.505096971231758,7.791062623496871,6.956342828255488,6.934842994486982,7.145959995422271,6.065417566881678,6.053818621600229,6.133543070491704,4.703442271671134,4.7753711780429455,4.569813654263325,0.4228276148773292,0.02690963209983725,0.263374230146635,0.04791022227276316,0.4030783440842175,0.031068654860878196,0.6086133606655056,0.028296965327378232
715,0.8507007007007007,7.563026560534305,7.507820801063529,7.793899296620133,6.958993797487178,6.937464101602652,7.1485287848781915,6.0670452901909036,6.055491645792596,6.134728307275824,4.702447423230869,4.77459518344359,4.5683881495548055,0.42337442433230177,0.026980112795610807,0.2634372384017183,0.04791761066664302,0.40356401292772365,0.031036489470615474,0.609725492135656,0.02834794277851464
716,0.8511911911911911,7.5657346354410775,7.51053704795272,7.79672757688054,6.961633117048087,6.94007436572476,7.151083185158288,6.068652657107188,6.057144078539985,6.135888056405824,4.701419886538558,4.773785124425115,4.566928130696529,0.42392503858410463,0.027050793794905055,0.263502182522513,0.047924631826089276,0.40405396010053923,0.031003761320948182,0.6108426659571167,0.028399050898369266
717,0.8516816816816817,7.568435171897792,7.513245686878381,7.799547400121765,6.964260727507803,6.9426737386259845,7.153623136686597,6.0702395548102,6.058775804904898,6.1370222052166294,4.700359426802071,4.772940747531934,4.565433385844511,0.42447948645869726,0.02712167765513847,0.26356907309921834,0.047931280269328205,0.40454821067437,0.030970472981003996,0.6119649341972794,0.028450290297773944
718,0.8521721721721722,7.571128161446453,7.515946691250361,7.802358708199205,6.966876570233812,6.9452621670656995,7.1561485812342145,6.071805866160003,6.060386707921355,6.138130640504809,4.699265812780859,4.772061789458108,4.5639036955967285,0.42503779748049847,0.02719276706811284,0.26363792126559543,0.047937551791443316,0.4050467903026008,0.030936627718858894,0.6130923499325984,0.028501661724476896
719,0.8526626626626627,7.573813597730934,7.5186400351701215,7.805161464978413,6.969480587150715,6.947839599205837,7.158659457584588,6.073351473519525,6.061976667556528,6.1392132446048375,4.698138803780613,4.771147998168432,4.562338840589637,0.4256000022718616,0.027264064575734413,0.26370874189491395,0.04794344419325072,0.4055497256516946,0.03090222819161987,0.614224964809032,0.02855316673353351
720,0.8531531531531531,7.576491473261311,7.521325692928239,7.807955598846843,6.972072720174747,6.950405982060407,7.1611557069961655,6.074876255566376,6.06354556419605,6.140269900053182,4.696978159890233,4.770199111020834,4.56073859964251,0.42616613044233304,0.02733557284940555,0.26378154439680246,0.047948951566636755,0.4060570440227035,0.030867277601884142,0.6153628317140365,0.028604806097582865
721,0.8536436436436436,7.579161781293504,7.524003641334133,7.810741060274397,6.974652911597701,6.952961262302564,7.163637271147694,6.076380091336325,6.065093277198745,6.141300485795643,4.695783637367795,4.769214866722041,4.559102746050895,0.4267362131182034,0.027407294565449252,0.26385634178439576,0.04795407032571855,0.40656877339914665,0.030831779120741285,0.6165060040774202,0.028656581172173665
722,0.8541341341341341,7.581824515712031,7.526673853887511,7.813517795001637,6.977221102970436,6.955505385439662,7.166104090447807,6.077862859855858,6.0666196824579774,6.142304879007943,4.694554992339888,4.768195003077717,4.557431054060686,0.42731028113743813,0.02747923236104793,0.2639331464579507,0.04795879654796267,0.4070849420639122,0.030795735957987843,0.6176545345816269,0.028708493115349336
723,0.8546246246246245,7.584479666923161,7.529336307992192,7.816285758712019,6.979777236991434,6.958038294249674,7.168556105549414,6.079324431819392,6.068124656660935,6.1432829548078285,4.693291979718029,4.767139253018655,4.555723291609342,0.42788836644632444,0.027551388884071895,0.2640119725123757,0.047963127398210716,0.4076055794954644,0.030759151595678103,0.6188084763147531,0.028760543381763776
724,0.8551151151151151,7.587127229551999,7.531990978517436,7.819044881430024,6.9823212561715495,6.960559934167039,7.170993257484553,6.080764682444725,6.069608074071275,6.144234586159875,4.691994348059743,4.7660473509089565,4.553979230695489,0.4284705000292704,0.027623766800825313,0.2640928301596012,0.047967057065605646,0.40813071559227093,0.03072202931646726,0.6199678824816053,0.028812732789944857
725,0.8556056056056056,7.589767195906576,7.534637843649729,7.821795125746618,6.984853104036661,6.963070245911936,7.1734154875858,6.08218348514703,6.0710698065866415,6.145159641487847,4.690661846820326,4.764919030988453,4.552198636803292,0.4290567146546721,0.02769636871181658,0.2641757349628373,0.047970583499780686,0.40866038102161006,0.030684372711666973,0.6211328058572562,0.028865062877935128
726,0.856096096096096,7.5923995579083625,7.5372768804093075,7.824536417072947,6.987372723339683,6.965569172842604,7.17582273693574,6.083580706269151,6.072509727530564,6.146057992209186,4.689294225082628,4.763754018017027,4.550381272301926,0.4296470420337395,0.027769197373304962,0.2642606966443623,0.0479737004093021,0.4091946070685976,0.03064618546455028,0.6223033007099724,0.028917534828367952
727,0.8565865865865865,7.595024308167995,7.539908066153019,7.8272687268006935,6.989880056790742,6.968056658840131,7.178214946051624,6.08495621350204,6.073927704309448,6.146929502537761,4.687891226041711,4.762552052003446,4.5485269051239,0.43024151544017164,0.02784225523323625,0.2643477317436584,0.0479764065913487,0.40973342671026136,0.03060747101895001,0.6234794174432318,0.028970150367056073
728,0.857077077077077,7.59764143981822,7.5425313792478565,7.829991990618382,6.992375048830524,6.970532638289866,7.180592056099967,6.0863098740190456,6.075323607719786,6.147774034641169,4.686452597258027,4.761312856070851,4.546635291254986,0.43084016761125776,0.02791554497141495,0.26443685288359875,0.047978697172239605,0.4102768717738887,0.030568233450693205,0.6246612101220754,0.029022910901544775
729,0.8575675675675676,7.600250943665497,7.545146799560616,7.832706161182085,6.994857642255304,6.9729970549962585,7.182954008458535,6.087641550518853,6.076697302767759,6.148591449089898,4.6849780783325015,4.7600361612643205,4.5447061965009645,0.4314430318477687,0.027989069062649058,0.2645280738676305,0.047980568781421734,0.41082497696006265,0.030528476455235033,0.6258487296781815,0.029075817414943278
730,0.858058058058058,7.602852811253045,7.547754305246951,7.835411185631145,6.997327781520267,6.975449845628228,7.185300743240137,6.088951104927742,6.078048654924558,6.1493816041821034,4.683467412051933,4.7587216951864635,4.542739380538854,0.43205014138563386,0.02806283001833075,0.26462140853545946,0.047982017712497924,0.4113777763668772,0.030488203997891865,0.62704202759415,0.0291288712872302
731,0.8585485485485485,7.6054470371049,7.550353877748645,7.838107028792733,6.999785410034236,6.977890948982289,7.187632202308517,6.0902383969839216,6.079377527723591,6.150144356502478,4.681920339936763,4.757369183567063,4.540734599535773,0.4326615309154235,0.028136830295610822,0.26471687378460246,0.047983041989234046,0.41193530534775197,0.030447420265582826,0.6282411554698063,0.029182074149013765
732,0.859039039039039,7.6080336088030505,7.552945496684518,7.840793635240876,7.002230472517253,6.980320300669876,7.189948325262405,6.091503282292756,6.080683782122616,6.150879557403983,4.680336600962512,4.7559783604949555,4.5386916144314515,0.4332772335206253,0.02821107222565154,0.26481448291093124,0.04798363765702584,0.41249760038546784,0.03040612930043204,0.6294461616438627,0.029235427749711735
733,0.8595295295295295,7.610612520003008,7.555529143412131,7.8434709564554685,7.004662911852741,6.982737837711067,7.192249052756955,6.092745618138373,6.081967279362159,6.151587055764621,4.6787159336262105,4.754548951081261,4.536610181230446,0.4338972835654676,0.028285558167720912,0.26491425125000845,0.04798380126649673,0.4130646981281093,0.03036433521884843,0.6306570964640712,0.029288933384278407
734,0.86002002002002,7.613183761692368,7.558104799744209,7.846138952966164,7.00708267412113,6.985143494800538,7.194534326132599,6.093965257146656,6.083227877008145,6.152266699081329,4.677058074739328,4.753080683889102,4.534490060085393,0.4345217156174029,0.02836029035439845,0.26501619490177186,0.04798353052772812,0.41363663685537566,0.030322042439892956,0.6318740080157367,0.029342592277945268
735,0.8605105105105104,7.6157473226275645,7.560672447894824,7.848797597811261,7.009489702462974,6.987537206570776,7.196804083957475,6.095162051614684,6.084465430985208,6.152918333884887,4.6753627620985085,4.751573284775505,4.532331008689932,0.43515056484810505,0.028435270982535805,0.26512033234800414,0.04798282450100789,0.4142134544361072,0.030279255270638628,0.6330969445642028,0.02939640573469781
736,0.861001001001001,7.618303194874694,7.563232071857661,7.85144683280473,7.011883942893606,6.989918905883318,7.199058267563876,6.096335847509901,6.085679797182636,6.153541799096104,4.673629734940251,4.750026492723704,4.530132786449832,0.43578386484556736,0.028510502014202434,0.2652266777271025,0.04798167865748197,0.4147951913221749,0.030235978236096434,0.6343259499952221,0.029450376037334334
737,0.8614914914914915,7.620851367806604,7.5657836528674896,7.85408663344928,7.014265338159138,6.992288527046315,7.201296815115964,6.097486494056786,6.086870826965373,6.154136933019084,4.671858728599386,4.748440026920915,4.527895150459681,0.43642165150865814,0.028585985542243147,0.26533524998760977,0.047980092384873246,0.4153818875157051,0.030192215637884316,0.6355610716869772,0.029504503659350825
738,0.861981981981982,7.623391831603487,7.568327177138718,7.8567169635394976,7.016633834021463,6.994646003057425,7.203519666388191,6.098613836079033,6.088038372820905,6.154703573670487,4.670049480492738,4.746813627694686,4.5256178621765875,0.4370639593807157,0.028661723400410722,0.2654460667409184,0.04797806343207138,0.41597358401498835,0.03014797205564884,0.6368023525081494,0.029558790839967642
739,0.8624724724724724,7.625924573949742,7.5708626280462425,7.859337782861508,7.018989374928052,6.996991262326661,7.205726760726829,6.099717714182555,6.08918228262659,6.155241551343387,4.6682017289278,4.745147027763639,4.523300684099233,0.43771082299378705,0.02873771730347744,0.2655591451621682,0.04797558964370451,0.41657032329799365,0.03010325241394485,0.6380498337531302,0.02961323878497577
740,0.8629629629629629,7.628449585246637,7.573389990555749,7.86194906119908,7.021331905582011,6.9993242372472375,7.207918035501969,6.100797970094995,6.090302403767499,6.15575069604199,4.666315211023923,4.74343995701128,4.52094337638317,0.4383622778055036,0.028813968959609325,0.2656745041698507,0.047972669398767216,0.41717214812093906,0.03005806111938793,0.6393035576872425,0.029667848687214834
741,0.8634534534534535,7.6309668528797125,7.57590925078964,7.864550785801991,7.023661370652028,7.00164485573007,7.210093429838317,6.101854439334783,6.09139858162948,6.156230834323379,4.664389664016733,4.741692156568924,4.51854570464168,0.43901835934948474,0.0288904798108132,0.2657921653416577,0.047969303479932675,0.4177791025275022,0.03001240329375158,0.640563562453288,0.029722622257251495
742,0.8639439439439439,7.63347636612329,7.578420394075532,7.867142911602654,7.0259777144663795,7.003953050572296,7.212252881219996,6.102886960788091,6.092470659696728,6.156681790173988,4.662424829058552,4.739903366515364,4.516107436947219,0.43967910163019297,0.028967251255392644,0.2659121453146595,0.047965488597348706,0.41839123114183774,0.029966283460620427,0.6418298852635334,0.02977756078990543
743,0.8644344344344344,7.6359781117921095,7.580923407341357,7.8697254348367,7.028280881563038,7.006248746591113,7.214396324946404,6.103895365360018,6.0935184786890595,6.157103384351316,4.660420445918232,4.738073322712135,4.513628339955519,0.4403445407715009,0.029044284483931072,0.26603446802191855,0.04796122635749188,0.41900857916996953,0.02991970664649689,0.6431025623231253,0.029832665377564165
744,0.8649249249249249,7.63847207643779,7.583418278282595,7.872298324897999,7.030570816349078,7.008531874879362,7.216523699421567,6.104879483991943,6.09454187816503,6.157495432952893,4.658376255672723,4.736201770955786,4.511108183179528,0.4410147113587398,0.02912158062002706,0.26615915224479253,0.04795651521704626,0.41963119399436366,0.029872677763306994,0.6443816269585222,0.029887937697002053
745,0.8654154154154154,7.640958248197519,7.585904993967138,7.874861569593393,7.032847463540422,7.010802360116304,7.218634939359025,6.1058391469241915,6.09554069492915,6.157857749417116,4.656292001786822,4.734288458537014,4.508546742673267,0.4416896483125548,0.029199140477594462,0.2662862209868763,0.04795135571709165,0.42025912246460767,0.02982520180898001,0.6456671101021627,0.029943378801426244
746,0.8659059059059059,7.643436612117592,7.588383540577462,7.877415150810349,7.035110767106453,7.013060130797029,7.220729980187116,6.106774180564132,6.0965147650698075,6.158190146691361,4.654167429417317,4.7323331310220285,4.505943796424984,0.4423693861689791,0.029276964869126416,0.26641569527141395,0.047945747811316615,0.4208924127077224,0.02977728379537524,0.6469590416815529,0.029998989441951108
747,0.8663963963963963,7.645907153901115,7.590853908409601,7.879959050316251,7.037360670642468,7.015305110950255,7.222808756222085,6.107684407173272,6.097463920212848,6.158492432420541,4.652002283501956,4.730335543591857,4.503299121826886,0.4430539593990458,0.029355054315448294,0.2665475976565673,0.04793969125111439,0.4215311140028123,0.029728929051161625,0.6482574483365022,0.030054771463765395
748,0.8668868868868869,7.648369859024584,7.5933160851244335,7.882493268197698,7.0395971173777765,7.017537226694323,7.2248712012348575,6.108569649897501,6.098387992348297,6.158764409618773,4.649796316765228,4.728295449728402,4.50061250412863,0.44374340260549094,0.02943340912823166,0.26668195276761514,0.047933187955993155,0.4221752762891888,0.029680142609327373,0.6495623541984361,0.030110725533353117
749,0.8673773773773774,7.650824712306877,7.595770059410573,7.885017801720636,7.041820050952365,7.019756402287274,7.226917247266959,6.1094297279696885,6.099286810522845,6.159005881906016,4.647549277712416,4.726212610658701,4.497883731303384,0.4444377500576797,0.02951202948067734,0.26681878533529535,0.04792623940922977,0.42282494995080777,0.029630929680956986,0.6508737815892268,0.030166852877837786
750,0.8678678678678678,7.65327169631087,7.5982158204099095,7.887532638069372,7.04402941570203,7.021962563247903,7.228946827362131,6.110264457592952,6.100160200323033,6.159216644466541,4.645260920062844,4.724086792781301,4.49511259717221,0.44513703506273916,0.02959091528064658,0.2669581179415802,0.04791884599973458,0.42348018796065173,0.02958129541401691,0.6521917483200147,0.030223154484690866
751,0.8683583583583583,7.655710796475965,7.600653357084501,7.890037768888773,7.046225153501487,7.024155631649542,7.230959871809189,6.111073654718433,6.101007986627478,6.159396494827134,4.64293100063773,4.721917757639944,4.4922988972025655,0.44584129109785475,0.02967006632086077,0.2670999754584376,0.04791100855810288,0.42414104183767376,0.02953124525217745,0.6535162724175131,0.030279630840579826
752,0.8688488488488488,7.658141993982229,7.603082660172388,7.892533215829363,7.0484072065327075,7.026335529720675,7.232956310204943,6.111857131962696,6.101829992157231,6.159545224688728,4.640559279451598,4.719705279408755,4.489442432875815,0.4465505520476165,0.029749482050040632,0.2672443867753335,0.04790273131506587,0.42480756470603676,0.02948078453672488,0.6548473671086726,0.030336282994406917
753,0.8693393393393394,7.660565271857884,7.605503717440279,7.895018964391238,7.0505755165548205,7.028502183966057,7.234936072863508,6.11261469782412,6.102626036824164,6.1596626225565565,4.638145522871923,4.717449128917113,4.486543012421097,0.44726484996686067,0.02982916178020471,0.2673913747241468,0.04789401438403007,0.425479811817049,0.029429918541610655,0.6561850427426569,0.030393110960353038
754,0.8698298298298298,7.662980611006228,7.607916520161867,7.897495032956845,7.052730025884849,7.030655513065248,7.2368990861669005,6.113346163139839,6.103395938613408,6.159748472548865,4.635689494091678,4.715149094974144,4.483600447927917,0.4479842174832857,0.029909104475336023,0.267540968718316,0.04788486151003614,0.42615783737617524,0.02937865260778589,0.6575293063910694,0.030450115995775313
755,0.8703203203203203,7.665387994336945,7.6103210565051915,7.899961420981351,7.054870675246523,7.032795440279987,7.238845277563429,6.11405132990726,6.1041395128462455,6.159802557399335,4.6331909658681045,4.712804959094229,4.480614558656741,0.4487086861901335,0.029989308895940966,0.2676931946850938,0.04787527435345259,0.4268416980416779,0.02932699223522364,0.658880161893114,0.030507298049582226
756,0.8708108108108108,7.6677874011795195,7.612717317274595,7.902418150138315,7.056997404970784,7.034921884208763,7.240774572705248,6.114730004480634,6.1048565735487905,6.15982465602659,4.630649711902375,4.710416515340615,4.477585167895754,0.44943828775538947,0.030069773563357546,0.26784808262348686,0.04786525716952219,0.4275314495889248,0.029274943077046575,0.6602376104425781,0.030564657800202125
757,0.8713013013013013,7.670178810411016,7.615105292770445,7.90486521988856,7.059110155220145,7.037034769994014,7.24268689529446,6.115381985428229,6.105546931423537,6.159814544998643,4.628065510835599,4.707983556036619,4.474512105411018,0.4501730526794329,0.030150496784646826,0.2680056585377754,0.04785481124577066,0.4282271503825027,0.029222510254135924,0.661601649883664,0.03062219515291177
758,0.8717917917917918,7.672562203226951,7.617484971195986,7.907302644208968,7.061208865666831,7.039134015704652,7.244582168680715,6.1160070731359815,6.106210396166816,6.159771997296248,4.625438150419495,4.705505891104429,4.471395212756744,0.450913010356333,0.030231476407927508,0.26816595171169166,0.04784393995529739,0.4289288580428321,0.029169699490263747,0.6629722720856424,0.03067991050290803
759,0.8722822822822822,7.6749375553767,7.619856342884167,7.909730462400174,7.063293473727143,7.041219539700417,7.246460314493229,6.116605063932168,6.1068467729960085,6.159696779051683,4.622767415744433,4.702983321619521,4.468234331581946,0.45165819180096395,0.030312710134326043,0.2683289951483885,0.047832649567184374,0.42963663188401785,0.02911651647146777,0.6643494683428011,0.03073780319531746
760,0.8727727727727728,7.677304848145983,7.622219396718889,7.912148667565814,7.065363918500721,7.043291265522335,7.248321252294844,6.11717575097548,6.1074558676644815,6.159588660768126,4.620053102056323,4.7004156645846145,4.465029315269371,0.45240862460136044,0.030394195382750715,0.2684948150603965,0.047820940455978615,0.43035053166328324,0.029062966437643552,0.665733224726427,0.030795873215290835
761,0.8732632632632633,7.679664054985466,7.624574122013098,7.9145572954148244,7.06742013747138,7.045349109140145,7.250164901138633,6.117718926312087,6.1080374806777975,6.159447402217522,4.617295008114334,4.697802738834704,4.461780021884742,0.4531643375457588,0.03047592921764819,0.26866344415963345,0.04780881857482926,0.4310706182083399,0.029009055221071042,0.6671235233817759,0.03085412004773112
762,0.8737537537537537,7.6820151566877435,7.626920508407661,7.916956356613803,7.069462066195662,7.047392993687344,7.251991178170781,6.118234381866355,6.108591413097488,6.1592727661375495,4.614492938043355,4.6951443789873295,4.458486321272653,0.4539253572368931,0.030557908383667978,0.2688349121610831,0.04779628624977476,0.43179695233672283,0.028954788200108723,0.6685203421795969,0.030912543596279506
763,0.8742442442442442,7.6843581260423734,7.629258542440216,7.9193458770965375,7.071489640227648,7.049422834192494,7.2537999977385645,6.11872190333457,6.109117461780131,6.159064507650431,4.611646705997609,4.692440415516736,4.455148088534727,0.4546917100776605,0.030640129308821814,0.2690092509609338,0.04778334829562887,0.43252959589990453,0.028900171135034597,0.6699236547647284,0.030971142855777397
764,0.8747347347347347,7.686692939552043,7.6315882136127815,7.921725893123824,7.07350279577653,7.051438551149021,7.255591275369148,6.11918127655397,6.109615421797075,6.158822382362479,4.608756125004087,4.689690684806436,4.451765207675238,0.455463422737608,0.030722588193950608,0.2691864938602667,0.04777001017081755,0.4332686119740744,0.028845209724511336,0.671333432632994,0.03102991635865969
765,0.8752252252252253,7.689019571479375,7.6339095088048765,7.924096415825371,7.075501465139797,7.053440061456339,7.25736492151565,6.1196122842337255,6.110085085408531,6.158546138366146,4.605821019759103,4.686895041601342,4.448337568287853,0.45624051904935553,0.030805280798660153,0.2693666716392441,0.04775627463197167,0.4340140637618465,0.02878990954017924,0.6727496401761459,0.031088864097724937
766,0.8757157157157157,7.691337997165145,7.63622241581896,7.92645745899941,7.077485581571632,7.055427284523242,7.259120848115282,6.12001470911435,6.110526244218315,6.158235527130103,4.602841222478696,4.684053342552199,4.444865079911481,0.4570230218045981,0.03088820254213016,0.26954981503741454,0.04774214461597773,0.434766014784172,0.028734276440099297,0.6741722379323499,0.031147983989011734
767,0.8762062062062062,7.69364818856589,7.638526919507558,7.928809063040854,7.079455077566966,7.057400137059214,7.260858961605345,6.120388328776146,6.110938685264003,6.157890289616499,4.599816565797672,4.681165445403499,4.441347646276338,0.4578109550248159,0.030971348630813994,0.2697359590244967,0.04772762619900891,0.4355245301941534,0.028678315816795558,0.6756011841326852,0.031207274755119075
768,0.8766966966966967,7.6959501198462545,7.640823007747238,7.931151252045245,7.081409882777342,7.059358541743694,7.262579169283081,6.120732921923739,6.11132219412933,6.1575101705851445,4.59674689558587,4.678231228323407,4.437785192298789,0.4586043398764683,0.031054713748550723,0.2699251363909591,0.047712723162079015,0.43628967521993434,0.02862203322346909,0.6770364295706894,0.03126673503281172
769,0.8771871871871871,7.698243761687022,7.643110665566569,7.93348404912846,7.0833499273076415,7.061302407025628,7.264281376283079,6.121048262359696,6.11167655482702,6.157094909639736,4.593632061790682,4.675250564535262,4.434177646730605,0.45940319701717197,0.031138292360413825,0.2701173811763415,0.04769744005496344,0.437061514465632,0.028565435211337607,0.6784779229267225,0.03132636251950764
770,0.8776776776776776,7.700529086751683,7.645389876131626,7.935807475072529,7.085275140756779,7.0632316594422235,7.265965484840007,6.121334123077912,6.112001548166035,6.156644240794642,4.590471924047122,4.672223347467133,4.430524948149844,0.4602075456349971,0.03122207853960903,0.2703127249742365,0.04768178012260427,0.43784011605085155,0.028508526606118013,0.6799256057412851,0.031386156019332936
771,0.8781681681681681,7.702806066411599,7.64766062456911,7.938121558646965,7.087185449008996,7.065146208089432,7.267631394457379,6.121590275000609,6.1122969526297775,6.156157899178624,4.5872663504971625,4.669149462375968,4.426827047191631,0.46101740445744427,0.03130606592663837,0.27051120408932755,0.04766574822135315,0.4386255451124288,0.028451313851247335,0.6813794172855816,0.031446112230790434
772,0.8786586586586587,7.705074670073577,7.649922893068476,7.940426313722725,7.089080779631864,7.067045975893616,7.269279005442211,6.121816487743835,6.112562543778435,6.155635616131227,4.584015210124259,4.666028827138519,4.423083908633545,0.4618327896369887,0.031390247860613035,0.2707128495977401,0.04764934713808499,0.4394178703101744,0.02839380247158884,0.6828392887786565,0.031506229538752366
773,0.8791491491491491,7.707334868167056,7.652176663942458,7.942721769636146,7.0909610553270905,7.068930878095208,7.27090821205119,6.1220125281740705,6.112798096307117,6.1550771179447725,4.5807183885913965,4.6628613388361275,4.419295496464717,0.46265371811661765,0.031474617360169724,0.2709176976732633,0.047632581463693084,0.4402171588648998,0.028335998213530725,0.6843051508955956,0.03156650461327129
774,0.8796396396396395,7.7095866296907545,7.654421918528922,7.945007939576249,7.092826201677179,7.070800830180761,7.272518909221076,6.122178162463101,6.113003382615391,6.154482131507508,4.57737577511664,4.659646932674657,4.415461798293816,0.4634802032874427,0.031559166909180716,0.2711257812527602,0.04761545402498336,0.44102347889514676,0.02827790706418148,0.6857769245118528,0.031626935310810296
775,0.8801301301301301,7.711829923559907,7.6566586370375616,7.947284848716346,7.094676139719006,7.0726557507973205,7.27411098866527,6.122313153849993,6.113178170709817,6.153850379586107,4.573987269941352,4.65638552716338,4.411582802426441,0.4643122593235479,0.031643888786521024,0.27133713549973965,0.047597968884124445,0.4418368995094756,0.028219534822738587,0.6872545295661191,0.0316875179566388
776,0.8806206206206206,7.714064719083695,7.658886799242265,7.949552494625202,7.096510790456234,7.074495552211079,7.275684338591274,6.122417261866399,6.1133222279608255,6.153181581691146,4.5705527797113135,4.653077065559762,4.407658515103046,0.4651498970329177,0.03172877469865321,0.27155179301154647,0.04758012697417098,0.44265748948054545,0.028160887554650377,0.688737877790785,0.03174824935289148
777,0.8811111111111111,7.716290982758484,7.66110638223181,7.951810911531503,7.098330073416235,7.076320156327006,7.277238847631674,6.122490248839688,6.113435318836834,6.152475456189031,4.567072221630378,4.6497214977854835,4.403688949759809,0.46599312765884376,0.031813816134266155,0.2717697896535076,0.04756193343285779,0.4434853190052166,0.02810197095526939,0.6902268772023492,0.031809126420898046
778,0.8816016016016015,7.718508682436314,7.663317364987089,7.954060096678965,7.100133905800221,7.078129475434123,7.278774398491545,6.122531871255061,6.113517205487034,6.151731720684351,4.563545522560851,4.64631877571559,4.399674129626699,0.4668419599202846,0.031899004134284085,0.27199115899388504,0.047543389002673755,0.4443204569852249,0.028042791171681392,0.6917214314267635,0.0318701453780643
779,0.882092092092092,7.720717785179009,7.665519722791353,7.956300058281393,7.101922203979775,7.079923426326677,7.280290875318429,6.122541886820333,6.113567648000995,6.150950083478883,4.559972611719116,4.6428688674957215,4.395614091310894,0.46769640164877485,0.03198432938295385,0.2722159347984244,0.047524495968485514,0.4451629745311109,0.027983354316617734,0.6932214379893439,0.03193130236760931
780,0.8825825825825826,7.722918256571694,7.667713430104787,7.95853079672426,7.103694882196184,7.081701925089029,7.281788155688933,6.122520049397362,6.113586404765917,6.150130259981276,4.556353438917874,4.63937174638602,4.391508889764379,0.46855645816387775,0.03206978203774943,0.27244415072907824,0.04750525541936563,0.44601294116539253,0.027923666296988996,0.6947267882633241,0.03199259246111066
781,0.883073073073073,7.725110062539155,7.6698984604875315,7.9607523158796205,7.105451854385216,7.083464886186318,7.283266117764796,6.122466112624867,6.113573229521601,6.149271957676241,4.552687954698201,4.635827390973971,4.3873585749182595,0.46942213503312374,0.03215535215357238,0.2726758410653371,0.04748566907560797,0.44687042806885235,0.02786373344742524,0.6962373716199384,0.032054011995473926
782,0.8835635635635635,7.727293169857972,7.672074788619118,7.962964607254578,7.107193031429105,7.085212227828381,7.284724635200692,6.122379826833236,6.113527876561941,6.148374883068657,4.54897612139678,4.632235804249476,4.383163223667157,0.47029343462839146,0.03224102903803194,0.27291103913444875,0.04746573668088013,0.44773550641042376,0.027803561636704784,0.6977530677462906,0.03211555671145098
783,0.884054054054054,7.72946754280296,7.674242383816969,7.965167658986901,7.108918322506787,7.08694386292752,7.286163580858161,6.12226094291897,6.11345009683132,6.147438741292091,4.545217912241911,4.62859698422838,4.3789229162864105,0.4711703583772056,0.032326801894371995,0.27314977776577964,0.04744545838048265,0.4486082468322053,0.027743157505846116,0.6992737543819653,0.03217722175981583
784,0.8845445445445446,7.731633146623133,7.676401218015963,7.967361464804183,7.110627636149725,7.088659706477285,7.287582822016858,6.122109209364109,6.113339638581995,6.146463232612361,4.541413310494864,4.624910938352192,4.374637746122045,0.47205290677745015,0.032412659351195035,0.2733920917183514,0.047424834220734874,0.4494887208197279,0.02768252704776984,0.7007993031135118,0.03223900187051156
785,0.885035035035035,7.7337899446578175,7.678551258767675,7.969545999595379,7.112320876926645,7.090359674301543,7.288982226449599,6.121924372546766,6.11319624767988,6.1454480595204695,4.53756230592658,4.621177691903067,4.370307816129252,0.4729410777552978,0.032498589826848195,0.2736380124950824,0.047403862638602356,0.4503769998043554,0.027621676926388058,0.7023295802834363,0.03230089277003514
786,0.8855255255255254,7.73593790208399,7.68069247283413,7.971721240305376,7.113997951314971,7.0920436800193825,7.2903616568383125,6.121706176936372,6.113019668651514,6.144392920600662,4.533664897759419,4.617397273430984,4.365933242942717,0.47383486825083704,0.03258458127043987,0.273887572828088,0.04738254195055045,0.451273155473373,0.027560613442391965,0.7038644473768715,0.032362888994704374
787,0.886016016016016,7.738076982963958,7.682824829776479,7.973887164596183,7.115658760289206,7.093711638152411,7.291720975689815,6.121454368943713,6.112809644023586,6.143297513193573,4.529721101900163,4.613569721354502,4.36151415675605,0.47473427351613456,0.03267062115021043,0.2741408064884757,0.047360870551538085,0.4521772590112391,0.027499343465549823,0.7054037598836537,0.03242498486434644
788,0.8865065065065065,7.740207150169799,7.684948292619952,7.976043729905771,7.11730320561947,7.095363461901601,7.293060039491165,6.121168688326159,6.1125659125097735,6.14216153076507,4.525730936793238,4.609695082595347,4.357050693586648,0.4756392869698398,0.0327566966981167,0.2743977441486007,0.04733884460114942,0.4530893827310596,0.027437873445744027,0.7069473687761193,0.03248717501862542
789,0.886996996996997,7.742328366970916,7.687062825425282,7.978190896591207,7.118931183952308,7.096999065138811,7.294378703545124,6.120848877956304,6.112288212599461,6.1409846702813,4.521694435443092,4.605773414015045,4.352543000499205,0.47654990050168655,0.03284279479613697,0.2746584179268618,0.047316460582284586,0.45400959720467965,0.027376210329270907,0.7084951208058538,0.03254945422671937
790,0.8874874874874874,7.744440597684845,7.689168390696089,7.9803286262621524,7.1205425942282705,7.098618361054288,7.2956768206646405,6.120494678496975,6.111976279406206,6.1397666214009785,4.517611631973587,4.601804782805731,4.347991239768136,0.4774661050498288,0.03292890187662485,0.27492286017632656,0.04729371498657976,0.45493797474338216,0.027314360922374124,0.710046856998593,0.03261181638325323
791,0.887977977977978,7.746543804101115,7.691264949582454,7.98245685482161,7.122137329411734,7.100221259710831,7.296954239654509,6.120105827495757,6.111629846687798,6.1385070739355045,4.513482585321622,4.597789267607794,4.343395584711227,0.4783878880857076,0.0330150038839532,0.2751911008648547,0.04727060156887559,0.4558745863854681,0.02725233249415502,0.7116024109068799,0.03267425594832248
792,0.8884684684684685,7.748637949514977,7.6933524621632925,7.984575541387144,7.123715283139728,7.101807677550079,7.298210808285919,6.119682063793111,6.111248645713223,6.137205719133035,4.5093073520697375,4.593726940516875,4.338756211398624,0.47931523845841373,0.033101086755606295,0.275463172512688,0.04724711643494677,0.4568195040055527,0.027190132033441124,0.7131616170079541,0.032736766390790345
793,0.8889589589589589,7.7507229968353215,7.695430888443598,7.986684609034817,7.125276345391823,7.10337752225236,7.299446368320874,6.119223121228648,6.110832404688213,6.135862245500529,4.505086001853114,4.5896179047629175,4.334073314287825,0.4802481406038689,0.03318713569554283,0.275739105023614,0.04722325158977804,0.4577727983747591,0.027127767026630906,0.7147242991562701,0.03279934253811715
794,0.8894494494494494,7.752798907119445,7.697500183467553,7.988783988364355,7.126820405250123,7.104930704728112,7.300660762497912,6.1187287361552825,6.110380852986499,6.1344763369580395,4.500818611099855,4.585462256692373,4.3293470954275595,0.48118657872415027,0.033273135862890324,0.2760189279253327,0.04719900036055579,0.45873454087436266,0.027065245187155113,0.7162902799893511,0.03286197765769721
795,0.8899399399399399,7.754865644104497,7.699560305750146,7.990873601836809,7.128347349103397,7.106467138793268,7.301853827690356,6.118198644530315,6.109893713904785,6.133047682980884,4.4965052746166165,4.58126010731559,4.324577761517647,0.48213053522943083,0.03335907197228657,0.2763026712761126,0.04717435425153207,0.45970480220007937,0.027002573884996155,0.7178593765552175,0.032924666743421
796,0.8904304304304305,7.756923170134955,7.701611208156429,7.992953374324305,7.12985706199952,7.1079867289436205,7.30302539851476,6.117632575845822,6.1093707120715885,6.131575965935267,4.492146088637025,4.57701157010701,4.319765538649691,0.4830799913078016,0.03344492828736683,0.2765903663337824,0.04714930588567425,0.4606836529498677,0.02693976133972033,0.7194314007590658,0.03298740248063248
797,0.8909209209209209,7.758971446942956,7.7036528459422335,7.995023209889276,7.131349425880951,7.109489387091631,7.304175306601842,6.117030265182427,6.108811568508681,6.130060870056776,4.487741159402232,4.572716776048362,4.31491065194531,0.4840349261314458,0.03353068896809661,0.276882041409242,0.04712384482549101,0.4616711633560445,0.02687681538893112,0.7210061612208511,0.03305018003778561
798,0.8914114114114113,7.761010436958572,7.7056851708818,7.997083008957527,7.13282431986983,7.110975019163343,7.305303381363219,6.116391441601042,6.108216004265233,6.128502078475053,4.483290605363688,4.568375852270261,4.310013342730009,0.4849953174700982,0.03361633774573939,0.2771777254801125,0.04709796068157441,0.4626674030823506,0.0268137446570305,0.7225834619770809,0.03311299241489929
799,0.8919019019019019,7.7630401015250055,7.707708135651093,7.99913267643283,7.134281623763319,7.112443532166411,7.306409449126398,6.115715834783418,6.107583735241137,6.126899272383909,4.47879455158565,4.563988937945899,4.305073853801226,0.4859611424801741,0.033701858109611724,0.27747744833763643,0.047071643270862426,0.46367244253615475,0.02675055767086423,0.7241631032147375,0.033175834054696096
800,0.8923923923923924,7.765060403820484,7.709721690012071,8.001172107902693,7.135721212908628,7.1138948338228944,7.307493331115341,6.11500317592005,6.10691447758192,6.125252135116481,4.474253129879224,4.559556186841233,4.300092447917009,0.48693237588865584,0.033787233110627465,0.2777812395477808,0.047044881201848195,0.4646863502815635,0.02668726289946036,0.7257448797056538,0.033238698590318104
801,0.8928828828828829,7.767071305857628,7.711725783638415,8.003201172065735,7.13714295956031,7.115328827979583,7.308554849616562,6.114253191403583,6.106207946862134,6.123560345856946,4.469666486662207,4.555077751763662,4.295069378456338,0.48790899106719304,0.03387244579424,0.2780891254573191,0.04701766038617748,0.46570919540563416,0.026623869897283207,0.727328584225812,0.03330158133992538
802,0.8933733733733733,7.769072769102093,7.713720364041863,8.005219762352683,7.1385467372355595,7.11674541448256,7.309593819009876,6.11346561016153,6.105463855416641,6.1218235865001605,4.465034770831581,4.550553800381418,4.290004922520112,0.488890960377457,0.03395747862828587,0.27840113714219716,0.046989969368886664,0.46674104516405857,0.026560387880128405,0.7289140038972481,0.03336447624432311
803,0.8938638638638639,7.771064757088501,7.715705379697624,8.00722775692564,7.139932414228652,7.118144500582358,7.310610055404379,6.112640155768119,6.104681913576413,6.120041533817815,4.460358144764677,4.545984484797062,4.284899350410292,0.48987825627283277,0.03404231407767827,0.27871730334084344,0.04696179473713576,0.4677819691853908,0.026496826439045586,0.7305009253214116,0.03342737696792475
804,0.8943543543543544,7.773047231111923,7.717680776277751,8.009225012085146,7.14129985807364,7.119525985934558,7.311603371129512,6.111776556997492,6.103861831774609,6.118213870157932,4.455636770323537,4.5413699942207595,4.279752951471817,0.4908708472889068,0.03412693427363263,0.27903765065359015,0.0469331209253901,0.4688320337666746,0.026433195849148973,0.7320891286205331,0.033490278764325844
805,0.8948448448448448,7.775020153494896,7.719646500259829,8.01121140751756,7.142648933183127,7.120889768952613,7.312573571042647,6.110874536355821,6.103003316635863,6.116340274757225,4.450870824670853,4.53671050602942,4.2745660074086915,0.49186870325733356,0.03421132106478609,0.2793622110449535,0.0469039346081637,0.46989130540069785,0.02636950609709953,0.7336783926118946,0.03355317721310315
806,0.8953353353353353,7.776983487342044,7.721602496549932,8.013186791706705,7.14397950218228,7.12223574818934,7.313520462516207,6.109933821475954,6.102106077454732,6.114420426694402,4.446060490836617,4.53200620827843,4.269338817454749,0.49287179104246087,0.034295456145312084,0.2796910117226302,0.046874219162577745,0.4709598495999573,0.02630576810665323,0.7352684922856293,0.033616066941226354
807,0.8958258258258258,7.778937193529051,7.7235487078995835,8.015151017678985,7.145291425827045,7.123563822566107,7.314443848102285,6.108954132520221,6.101169815567114,6.1124540057160575,4.441205954156424,4.527257290753347,4.264071679537754,0.49388007751918156,0.03437932103979677,0.2800240808324075,0.04684395844301194,0.4720377330988069,0.026241992761545024,0.7368592000997883,0.03367894319391307
808,0.8963163163163164,7.780881236613728,7.725485079900703,8.017103956036358,7.146584562429362,7.1248738819937,7.315343527035067,6.107935195223168,6.100194238292421,6.110440690295985,4.436307415474522,4.522463953488234,4.258764891331523,0.4948935291386499,0.034462896968501834,0.2803614521471626,0.046813138284926295,0.47312501900445614,0.026178191846739557,0.7384502863090622,0.033741802903588386
809,0.8968068068068068,7.782815577746243,7.72741155477488,8.019045432818846,7.1478587678719805,7.126165822607619,7.316219295430718,6.106876730820417,6.0991790468959355,6.108380157727577,4.431365069477266,4.517626395849643,4.253418767065472,0.4959121098794464,0.034546165055557555,0.2807031519094824,0.04678173922631593,0.4742217722207845,0.026114376880071094,0.7400415180609596,0.03380464065700936
810,0.8972972972972972,7.784740179068354,7.729328073981941,8.020975306048866,7.149113895499307,7.127439537086881,7.317070949077366,6.105778461599063,6.098123942321879,6.106272092147908,4.42637911944067,4.512744825076798,4.2480336139836625,0.49693578450635173,0.034629106385109486,0.2810492119404781,0.04674974585554158,0.47532805563988134,0.026050560344382363,0.7416326622275189,0.0338674532618416
811,0.8977877877877878,7.786655005945632,7.731234580536679,8.022893414675767,7.150349797416894,7.1286949132428505,7.317898278126429,6.104640109406659,6.097028625614752,6.1041161721639385,4.421349790337533,4.5078194558327,4.242609742481844,0.4979645156767543,0.03471170161204003,0.28139966369195574,0.046717140107407844,0.4764439313035102,0.025986754913091614,0.7432234801592119,0.03393023863517933
812,0.8982782782782783,7.788560018848348,7.733131015450231,8.024799572891474,7.1515663224174295,7.129931839299672,7.3187010710020735,6.1034613947256116,6.095892796330539,6.101912077301799,4.416277286186081,4.502850502560759,4.237147470139873,0.49899826524182195,0.034793931592997325,0.2817545347028661,0.04668390132048703,0.4775694608636058,0.025922973737109136,0.7448137349517331,0.03399299324022534
813,0.8987687687687688,7.790455180593262,7.735017320740229,8.026693684122048,7.1527633183879304,7.131150198420448,7.3194791149729,6.1022420400180595,6.094716153449019,6.099659489008679,4.411161840345806,4.497838179075224,4.231647113462271,0.5000369977222461,0.034875776655201196,0.2821138669465739,0.046650019442095986,0.4787047044597645,0.025859230863622663,0.7464031861812268,0.03405571460997281
814,0.8992592592592592,7.792340455775576,7.736893436111672,8.028575525137168,7.153940629875834,7.132349874319296,7.320232191698791,6.1009817640729045,6.093498393012818,6.097358089953929,4.406003674348283,4.492782710766118,4.226108980809225,0.5010806724359952,0.03495721756021272,0.28247768519935457,0.04661546918978667,0.47984972179597696,0.025795540253913854,0.7479915938593266,0.03411840245720669
815,0.8997497497497497,7.794215806406187,7.738759303594102,8.030444955801224,7.1550981003083,7.133530748461867,7.32096008362478,6.099680289382686,6.092239213773817,6.095007562593207,4.400803014510936,4.4876843232937285,4.220533400083923,0.5021292511030444,0.03503823456608428,0.2828460266030825,0.04658023529207126,0.4810045713047951,0.025731916817753414,0.7495787153340051,0.03418105412166595
816,0.9002402402402402,7.796081194119635,7.740614863814193,8.032301816873984,7.156235569447231,7.134692697760331,7.321662568179925,6.098337333183401,6.090938311121005,6.092607590879906,4.395560095768851,4.482543239018773,4.214920680756562,0.5031826950174728,0.03511880807617253,0.28321892719230835,0.04654430031003813,0.48216931053382056,0.0256683759237001,0.75116430882084,0.03424366949407718
817,0.9007307307307306,7.797936584565852,7.742460056325826,8.034145945977462,7.1573528763520535,7.135835601263055,7.3223394209230515,6.096952616961461,6.089595381143888,6.090157857793384,4.39027516176967,4.477359690165958,4.209271145106995,0.5042409640379076,0.035198918205683466,0.2835964230365212,0.04650764616519977,0.4833439963917489,0.025604933143588478,0.7527481285675055,0.03430624818361639
818,0.9012212212212212,7.799781938892187,7.744294822879895,8.035977177992146,7.158449856511515,7.136959327638103,7.322990417035891,6.0955258606979745,6.088210118988111,6.0876580515717,4.384948440570667,4.472133910524516,4.203585102000735,0.5053040187474036,0.03527854540491034,0.28397855154877033,0.04647025507534824,0.4845286833063531,0.02554160567619054,0.7543299332007708,0.034368791491218575
819,0.9017117117117117,7.801617219565059,7.746119104723662,8.03779536173649,7.159526345237481,7.138063748849802,7.323615326404258,6.094056783268904,6.086782221338581,6.085107855427937,4.379580175331792,4.466866129280056,4.197862860625417,0.5063718199347407,0.03535766990160068,0.28436535259296497,0.046432110374252884,0.4857234260549137,0.025478410301493202,0.7559094791162854,0.034431300748499996
820,0.9022022022022022,7.803442391606594,7.747932841627634,8.039600349866244,7.16058217439912,7.139148732438245,7.324213918659659,6.092545105601767,6.085311382235143,6.082506962543643,4.37417061390168,4.461556583353791,4.19210474171381,0.5074443273079463,0.03543627172074978,0.2847568679203836,0.04639319620800871,0.48692827688187845,0.025415364942362174,0.7574865205969326,0.03449377680283754
821,0.9026926926926926,7.80525741611061,7.749735976508432,8.041391988538596,7.161617173616091,7.1402141427302075,7.324785960502268,6.090990546940504,6.083797296235963,6.079855058477735,4.36871999272876,4.456205500214494,4.186311039231892,0.5085215023326348,0.035514331346836014,0.28515313944348614,0.04635349589925257,0.4881432880886928,0.025352488147980027,0.7590608175470391,0.034556222969949785
822,0.9031831831831831,7.807062254389945,7.751528450253998,8.043170129822311,7.162631170576933,7.141259842194373,7.32533121542681,6.089392829183684,6.082239659152113,6.077151838655259,4.3632285600243685,4.450813127861555,4.180482060354555,0.5096033043757661,0.03559182896433344,0.2855542106811278,0.04631299356917862,0.489368508970279,0.025289798874630284,0.7606321252777205,0.03461864342534373
823,0.9036736736736737,7.808856870947044,7.753310204831346,8.04493463300231,7.1636239928312415,7.142285689734516,7.325849448592696,6.087751671547127,6.080638165851849,6.07439699092937,4.357696555318122,4.445379686016543,4.174618111840151,0.5106896950588831,0.0356687448500578,0.2859601271099624,0.046271674336844315,0.4906039901473574,0.02522731729791451,0.7622002028898373,0.034681039241928904
824,0.9041641641641641,7.810641229151583,7.755081183225438,8.04668536255058,7.164595463818996,7.143291541311689,7.326340420255664,6.086066794427563,6.0789925126060504,6.071590215629819,4.352124222511265,4.439905428695991,4.168719465571162,0.5117806356680848,0.0357450596462039,0.2863709366717372,0.04622952384370248,0.49184977832966215,0.025165063940518376,0.7637648111156626,0.03474342018409578
825,0.9046546546546546,7.812415288200547,7.756841328231291,8.048422200101715,7.165545404598954,7.14427724627991,7.326803889507964,6.084337919368046,6.077302396432534,6.06873120869481,4.3465118102177485,4.434390568724044,4.162786430849734,0.5128760878937492,0.03582075355452514,0.2867866906307998,0.046186530317711014,0.49310591911897506,0.025103060546937506,0.7653257101897304,0.03480578671415768
826,0.9051451451451451,7.814179010951507,7.758590583320589,8.050145035082048,7.166473635698072,7.145242656621207,7.327239612344318,6.082564769399291,6.075567512321052,6.065819667758949,4.340859548385865,4.428835353696599,4.15681927535847,0.5139760150298132,0.03589580732745813,0.2872074421523058,0.046142682434122166,0.49437245780477473,0.025041328882052273,0.7668826642073715,0.03486814835178785
827,0.9056356356356356,7.815932358711617,7.760328893518232,8.05185373341501,7.167379975886591,7.146187616508487,7.327647347555331,6.080747067410806,6.073787559308018,6.06285529691876,4.335167689996061,4.423240017853181,4.150818279808025,0.5150803781155144,0.03597020158636923,0.28763324197947293,0.046097966693431004,0.4956494371956572,0.024979892472973407,0.7684354354780326,0.03493051212010977
828,0.9061261261261261,7.817675293171696,7.76205620440534,8.053548204568232,7.168264241108349,7.1471119669636005,7.328026847086696,6.078884534617208,6.071962236658904,6.059837798533369,4.329436461134158,4.417604790423471,4.144783713483429,0.5161891418642713,0.03604391711890143,0.2880641491514783,0.04605237452163818,0.4969368987048104,0.024918774962478612,0.7699837921230123,0.034992885405870984
829,0.9066166166166165,7.819407773463589,7.763772460018414,8.055228360375352,7.169126245165417,7.148015550792225,7.328377866727522,6.076976898447584,6.070091244303486,6.0567668806898896,4.3236661009502235,4.411929902536052,4.138715839837204,0.5173022703854567,0.03611693493665399,0.288500221951384,0.046005898217049056,0.49823488242498093,0.02485800118328119,0.7715275027668307,0.035055277086967866
830,0.9071071071071071,7.821129762077224,7.765477608297056,8.05689411186594,7.169965802289564,7.148898199425512,7.328700155475402,6.07502388094463,6.0681742827431115,6.053642252575828,4.317856839949857,4.406215583360793,4.13261490940723,0.5184197288872505,0.03618923608912498,0.28894152216461355,0.045958529597209405,0.4995434264190344,0.024797596531413987,0.7730663389008426,0.03511769740071389
831,0.9075975975975976,7.822841215910881,7.767171596381231,8.058545403994147,7.170782721183349,7.1497597449342685,7.328993466004193,6.073025211373712,6.066211054739371,6.050463627864773,4.312008908958304,4.400462050125556,4.126481168192662,0.5195414842556697,0.036260801922226686,0.2893881157380848,0.04591026536100318,0.500862566551976,0.02473758789053607,0.7746000763781794,0.03518015604131801
832,0.908088088088088,7.824542096065999,7.768854371404741,8.060182143915737,7.171576811965789,7.15060002036057,7.329257546185398,6.070980616088315,6.064201267735371,6.04723072088738,4.3061225364160265,4.394669542934575,4.120314851486425,0.5206675014223828,0.03633161393380866,0.28984006410397,0.045861097119501676,0.502192337987957,0.024678001941270036,0.7761284899866968,0.03524266664640748
833,0.9085785785785785,7.8262323606156174,7.7705258836386255,8.06180430605656,7.172347881589558,7.151418842342517,7.329492148107973,6.0688898232636,6.062144626764736,6.043943250836383,4.300197933167502,4.388838275889094,4.114116202919601,0.5217977494925143,0.03640165357296663,0.29029744067109425,0.045811025717946,0.5035327730498086,0.024618868151506837,0.7776513602375423,0.03530523844028509
834,0.909069069069069,7.82791196613851,7.772186083024143,8.06341185637784,7.173095736227258,7.152216038574579,7.329697017120831,6.066752565159835,6.060040840115478,6.040600946432051,4.294235323192827,4.382968479291532,4.107885429350886,0.522932197254298,0.03647090288404963,0.29076031684691916,0.045760050177758145,0.5048839021305352,0.02456021469445305,0.7791684711600272,0.03536788780941715
835,0.9095595595595596,7.829580870755021,7.773834920378213,8.065004765776461,7.173820179917177,7.152991422522738,7.329871903139679,6.064568573449905,6.05788961877978,6.037203527842174,4.2882349115137215,4.377060350731827,4.1016227502377784,0.5240708154345787,0.03653934395382163,0.2912287668109938,0.045708171153611525,0.5062457548471557,0.02450207255789229,0.780679611508061,0.03543062552962871
836,0.91005005005005,7.831239030806427,7.775472346384413,8.066583001506974,7.174521013042897,7.153744807127013,7.330016550713408,6.062337584414063,6.055690678341703,6.033750727392823,4.282196913139114,4.371114128468924,4.0953283713145785,0.5252135724675857,0.03660695895050485,0.29170286532087597,0.045655388777968556,0.5076183563427301,0.024444472753301236,0.7821845677807696,0.035493468899265114
837,0.9105405405405405,7.8328864016614625,7.777098315522705,8.068146603183784,7.175198039604987,7.154476003128215,7.330130709923407,6.060059330381026,6.053443736241661,6.030242282958456,4.276121523169473,4.365130017272827,4.0890024819826065,0.5263604431317122,0.03667373052441696,0.2921826970119223,0.045601712189202344,0.5090017322665722,0.024387447548940996,0.7836831370716881,0.03555643320461896
838,0.911031031031031,7.834522935783738,7.778712779034011,8.069695554802633,7.17585105770907,7.15518481795972,7.330214127658224,6.05773355393405,6.0511485092977635,6.026677933199635,4.270008939602719,4.359108219446895,4.082645272576112,0.5275113991335385,0.036739641611271995,0.29266833937279624,0.04554714439876581,0.510395904965394,0.024331030161011624,0.78517511778514,0.03561953356220831
839,0.9115215215215215,7.836148589291741,7.780315692617197,8.071229900167046,7.176479863183164,7.1558710525498554,7.33026654788793,6.055359995270062,6.0488047222939105,6.023057419579906,4.263859355929938,4.353048955952145,4.076256920175443,0.5286664147997083,0.036804674997785815,0.293159881418589,0.04549169541673801,0.5118008938785126,0.024275254686004114,0.7866603094090883,0.03568278879208982
840,0.912012012012012,7.837763313186475,7.781907011419178,8.072749673599713,7.177084252644425,7.156534507384414,7.330287721375538,6.052938393807838,6.0464121021919395,6.0193804954953185,4.257672949866526,4.346952427101612,4.069837592703645,0.5298254656888037,0.03686881422405716,0.29365740893760944,0.04543537501130194,0.513216717548753,0.024220156526920028,0.7881385199600658,0.03574621612197261
841,0.9125025025025024,7.839367059309087,7.783486690206361,8.074254928677867,7.177664023277637,7.157174975630997,7.330277393970391,6.050468503200771,6.043970379278315,6.015646910832617,4.251449909756442,4.340818836921213,4.063387458337176,0.5309885272094862,0.03693204272249675,0.2941610122606581,0.045378195362846985,0.5146433907964324,0.02416577196088756,0.789609557375719,0.0358098337185699
842,0.912992992992993,7.84095977589127,7.785054687116479,8.075745738645832,7.178218965945848,7.1577922502718065,7.330235315098729,6.047950069003768,6.0414792883139485,6.011856430433502,4.245190404863306,4.334648383550868,4.0569066563835445,0.5321555777457909,0.03699434462973817,0.29467078495535987,0.045320171541227576,0.5160809263773551,0.024112138275325302,0.7910732390274695,0.0358736621789614
843,0.9134834834834835,7.8425414162020015,7.786610959170246,8.07722216414031,7.178748873607246,7.158386119842333,7.330161233543483,6.045382844260619,6.03893856830721,6.008008817297942,4.238894599452264,4.32844127232555,4.0503953415599385,0.5333265943532417,0.0370557039719117,0.29518681976527045,0.045261317208955994,0.5175293351813798,0.024059293736726134,0.7925293811703625,0.03593772077616987
844,0.913973973973974,7.84411192407712,7.788155463706717,8.078684323519315,7.179253536051262,7.158956366398032,7.330054898610141,6.042766586019344,6.0363479621951734,6.004103842626852,4.232562657970948,4.322197683912239,4.043853642512049,0.5345015580283023,0.037116105346435106,0.2957092177916167,0.04520165399771648,0.5189886244415893,0.024007277881727563,0.7939778097139384,0.03600202960808558
845,0.9144644644644644,7.845671245010611,7.789688158293889,8.080132286255553,7.179732743982186,7.159502776866083,7.329916063466919,6.04010105160361,6.0337072183953655,6.00014128871053,4.226194735107879,4.3159178271052445,4.037281696614977,0.5356804464453182,0.03717553358368765,0.296238071935055,0.04514119772252256,0.5204588003493138,0.023956130618874878,0.795418349083587,0.03606661011276434
846,0.9149549549549549,7.84721932609947,7.791209004791561,8.081566202336383,7.1801862852091904,7.160025125388884,7.329744479200909,6.037386008855905,6.0310160922040605,5.99612093875044,4.2197909889606215,4.309601889293841,4.030679616186306,0.536863242378978,0.03723397371274306,0.29677349017646515,0.04507997426579658,0.5219398638742515,0.02390589359556395,0.796850832587793,0.036131485075303775
847,0.9154454454454455,7.848756111313972,7.792717960296072,8.082986147812855,7.180613945746198,7.160523187408348,7.329539901754887,6.034621226938609,6.028274340890592,5.992042582236889,4.213351548547938,4.3032500490681365,4.024047521089056,0.5380499262920222,0.03729141150416686,0.2973155680199622,0.045018001551087296,0.5234318152301606,0.023856609515856223,0.7982750993132306,0.036196674341956274
848,0.9159359359359359,7.850281541601392,7.7942149854413545,8.084392299803863,7.18101551134415,7.1609967372446075,7.329302086638787,6.031806475683026,6.0254817290412905,5.987906019791089,4.206876565547704,4.2968625232301445,4.017385522488732,0.5392404804899366,0.037347832267031755,0.29786441593834956,0.04495530988246903,0.5249346516002301,0.023808321356574912,0.7996909835611316,0.036262203442649195
849,0.9164264264264264,7.851795556634728,7.7957000377801835,8.085784775517453,7.181390766944676,7.161445542663491,7.329030790049547,6.028941535255616,6.022638029994849,5.983711061350389,4.200366170729567,4.290439475485365,4.0106937217153815,0.540434887620453,0.03740322250070823,0.29842013606747253,0.04489192311504903,0.5264483650892613,0.02376107325304717,0.8010983358816887,0.036328092900247785
850,0.9169169169169169,7.853298096394676,7.79717307873126,8.087163716907412,7.1817394954433285,7.161869370193754,7.328725774355307,6.026026186644117,6.0197430187859835,5.979457516389827,4.193820500417256,4.283981113470751,4.0039722145169865,0.5416331296926115,0.03745756844688629,0.29898283431159445,0.04482786856471662,0.5279729479226525,0.023714910916097412,0.802497000766907,0.03639436880306051
851,0.9174074074074074,7.854789096517916,7.798634069288789,8.088529282059469,7.182061479376763,7.162267983670324,7.328386802241074,6.0230602194707,6.016796479877602,5.97514521272403,4.187239667447349,4.277487607963711,3.9972211079050664,0.5428351907740324,0.03751085696632009,0.29955261861606014,0.044763176087514574,0.5295083866599856,0.02366988039130848,0.8038868350840667,0.03646105078570729
852,0.9178978978978979,7.856268494987137,7.800082966398675,8.089881611137823,7.182356499644839,7.162641144581427,7.328013638205303,6.020043427124628,6.013798204858202,5.970773979114676,4.180623800711002,4.270959152372666,3.9904404772401514,0.5440410535717632,0.03756307536735095,0.3001295943995221,0.04469787406157091,0.5310546658327197,0.023626028780499898,0.8052676963960625,0.036528165632612054
853,0.9183883883883883,7.8577362217145446,7.8015197315034746,8.091220877515557,7.182624337443524,7.162988610450953,7.327606050804697,6.016975612661971,6.0107479902792464,5.9663436588292065,4.173973016358732,4.2643959404589475,3.983630417231886,0.5452507013614224,0.037614211027779315,0.30071387131428423,0.04463199557372317,0.5326117658109736,0.023583404115268006,0.8066394454758256,0.03659573688794604
854,0.9188788788788789,7.859192212593088,7.8029443225163755,8.092547243201013,7.182864770280792,7.163310145340371,7.32716380996372,6.013856579611959,6.007645644073214,5.961854103317613,4.167287429833656,4.257798144011945,3.9767910165536,0.5464641180496219,0.03766425183200424,0.301305557111786,0.044565572492452986,0.5341796646747768,0.023542054419375628,0.8080019501539176,0.0366637863283545
855,0.9193693693693694,7.860636393618652,7.804356695073442,8.093860867193154,7.183077577609413,7.1636054959602795,7.326686691492488,6.010686140815328,6.004490977353914,5.957305171788842,4.160567150842307,4.251165969828641,3.9699223497880625,0.5476812857932839,0.03771318607819812,0.3019047587236422,0.04449863824373821,0.5357583361941892,0.02350203002392681,0.8093550789950519,0.03673234100852551
856,0.9198598598598599,7.862068696835085,7.805756808667573,8.095161866356117,7.18326253594213,7.163874417131517,7.3261744708669765,6.0074641189309625,6.001283814162511,5.952696731799084,4.153812299560663,4.244499605385012,3.9630245092896508,0.5489021845821018,0.03776100222859296,0.3025115777156,0.04443122041550421,0.5373477503382275,0.023463381023594347,0.8106987037737694,0.036801423751664564
857,0.9203503503503503,7.863489045228844,7.807144619315687,8.096450435284838,7.183419422036732,7.164116665755676,7.325626932744769,6.0041903389329985,5.998023981872649,5.948028668228154,4.147022969547295,4.237799233472931,3.9560975728952625,0.5501267990611932,0.03780768945873495,0.3031261234258336,0.044363357597922114,0.5389478754163324,0.023426158055154855,0.8120327062230338,0.03687105748389348
858,0.9208408408408408,7.864897366607413,7.808520083976676,8.097726701730295,7.18354801020753,7.164331988109405,7.325043859510081,6.000864640182506,5.994711323350966,5.943300868936238,4.14019927399521,4.231065070663013,3.9491416362167113,0.5513551074335062,0.03785323673875741,0.30374849857109343,0.0442950804381519,0.5405586727599766,0.02339041306166411,0.8133569625272918,0.03694126703892863
859,0.9213313313313314,7.86629358155612,7.809883152466889,8.098990785537035,7.183648075298181,7.164520133100288,7.324425040720139,5.9974868616425345,5.991345683572028,5.938513240519163,4.133341332331815,4.2242972928367815,3.942156774000184,0.5525870891909079,0.03789763406837017,0.30437880114815724,0.04422642006795261,0.5421801022367353,0.0233561978689456,0.8146713598392223,0.037012075171053385
860,0.9218218218218218,7.867677613047045,7.8112337785915695,8.100242825148143,7.183719391027159,7.164680849877371,7.323770269145592,5.994056860184504,5.987926921691101,5.933665697351565,4.126449239812665,4.217496118060904,3.9351430743612923,0.5538227230035255,0.03794087153335803,0.3050171324319269,0.044157409933344154,0.5438121182799746,0.023323565134943974,0.8159757865398585,0.03708350665224692
861,0.9223123123123123,7.869049376804719,7.812571915184172,8.101482916402382,7.183761732121561,7.1648138889589,7.323079345056684,5.990574489495444,5.984454904600888,5.9287581627034625,4.119523114218779,4.210661745470385,3.9281006376717555,0.5550619845941936,0.03798293946990886,0.3056635849099236,0.04408807922469607,0.5454546748061042,0.023292567875842465,0.8172701306625824,0.03715558278571691
862,0.9228028028028028,7.870408792128036,7.813897508005527,8.102711173830244,7.183774867308381,7.164918992689494,7.322352067256016,5.987039625884009,5.980929510024028,5.923790577967553,4.112563059952564,4.203794381212117,3.9210295408003932,0.5563048506697666,0.03802382904460933,0.30631825553346836,0.044018460463722736,0.5471077160010774,0.02326325967807131,0.818554292030984,0.03722832811912454
863,0.9232932932932932,7.871755773103176,7.815210504742268,8.103927657416884,7.183758569678818,7.164995914470654,7.321588244334066,5.983452144491605,5.9773506230718025,5.918762897428553,4.105569201342277,4.196894246807312,3.9139299073504774,0.5575512919510008,0.0380635311441876,0.3069812292324368,0.043948579738529815,0.5487711869332684,0.023235693493620375,0.8198281613598748,0.037301762522879006
864,0.9237837837837837,7.873090235306767,7.816510850907864,8.105132405807405,7.1837126094918045,7.165044399272101,7.320787684998172,5.979811932452547,5.973718145633885,5.913675079460198,4.098541654570482,4.189961552422902,3.9068018211656357,0.5588012801387534,0.03810203777232636,0.3076525893623011,0.043878461188672675,0.5504450263003129,0.023209923320345275,0.8210916426997931,0.03737590981446867
865,0.9242742742742742,7.874412086630755,7.81779848697512,8.10632546678522,7.183636756062481,7.1650641875364975,7.319950209356854,5.976118894223775,5.9700319820761925,5.908527106244224,4.09148053980949,4.182996547542085,3.8996454084198833,0.5600547825135338,0.03813934070187871,0.30833241790075444,0.043808131969734425,0.552129167345609,0.02318600395128655,0.8223446340168795,0.03745079168186592
866,0.9247647647647648,7.875721239162047,7.819073354539396,8.107506874522105,7.183530777733471,7.165055044149327,7.319075638823073,5.972372934621668,5.966292056170157,5.903318969892959,4.084385982869778,4.175999436785333,3.892460780965574,0.5613117682498889,0.038175432630727445,0.3090207920382811,0.043737616504616904,0.5538235426001953,0.02316398788859546,0.823587045327755,0.03752642681248544
867,0.9252552552552552,7.877017600849573,7.820335388321282,8.108676551335021,7.183394443191646,7.165016701131815,7.318163797154172,5.968573975606233,5.962498298485648,5.898050675874485,4.077258130368975,4.168970471249502,3.8852480535026666,0.5625721971637606,0.038210306527892195,0.3097177755468334,0.04366692763730638,0.5555280748273295,0.02314392988311799,0.8248187818959293,0.037602838631234495
868,0.9257457457457456,7.878301077127288,7.821584523770659,8.1098344909631,7.1832275203250715,7.164948916518944,7.317214514784184,5.9647219458206004,5.958650649365622,5.892722241443175,4.070097114979963,4.161909885138428,3.8780073591494832,0.5638360326875593,0.038243955617316396,0.31042343766249014,0.04359608663782558,0.5572426873185352,0.023125882680769455,0.8260397548713273,0.03768004548645137
869,0.9262362362362362,7.879571573003234,7.822820690421798,8.110980604825961,7.183029774965526,7.164851442721053,7.316227632698543,5.960816789755497,5.954749064840634,5.887333702097128,4.062903085832042,4.154817944165126,3.870738847212978,0.5651032309379435,0.038276373557669566,0.3111378343707866,0.04352510609174717,0.5589672965746431,0.023109900046638144,0.8272498733228343,0.0377580669074797
870,0.9267267267267267,7.8808289910325815,7.824043816973805,8.112114765457708,7.182800973839176,7.164724029630357,7.315202992670073,5.9568584617014855,5.950793511647783,5.88188510567799,4.055676209356539,4.147694885958959,3.863442652499971,0.5663737468103116,0.038307554777269666,0.31186101567308566,0.043453994047053246,0.5607018142198961,0.023096035015677495,0.8284490547347585,0.03783692145644242
871,0.9272172172172172,7.882073231448475,7.8252538277127615,8.11323681453365,7.182540882018898,7.164566437421286,7.314140439130958,5.9528469313653565,5.946783967067671,5.87637651574944,4.048416649783086,4.140541001600619,3.856118930159641,0.567647530018191,0.03833749385718012,0.31259302449433635,0.04338275495769464,0.5624461474786304,0.023084339187117737,0.8296372122614597,0.03791663005724441
872,0.9277077077077076,7.883304196644897,7.826450641022627,8.11434657900537,7.182249263713208,7.164378417337982,7.313039826299567,5.948782171367672,5.942720423609686,5.87080800933483,4.041124573491493,4.1333565492552635,3.848767849490352,0.5689245297372029,0.03836618582681146,0.313333901087629,0.04331139285911113,0.564200198999066,0.023074864787220244,0.8308142660376258,0.037997207813597556
873,0.9281981981981982,7.884521783221003,7.827634176119609,8.115443834142143,7.1819258820081116,7.164159731055247,7.31190101245182,5.944664172586442,5.938602883323802,5.865179680405619,4.033800183699331,4.126141799239322,3.841389563594052,0.5702046908044688,0.03839362641877468,0.31408367557098393,0.043239905305072227,0.5659638668866378,0.02306766253452014,0.8319801379283954,0.0380786737528807
874,0.9286886886886887,7.885725887997683,7.828804345050087,8.11652832361395,7.181570503027498,7.163910143628748,7.3107238593271,5.940492942237712,5.934431362869033,5.859491639932718,4.026443673354509,4.118897041803867,3.8339842467845653,0.5714879544910165,0.03841981183708199,0.314842371051518,0.0431682863979406,0.5677370437364079,0.0230627818817505,0.8331347522699933,0.03816104542736431
875,0.9291791791791791,7.886916406803067,7.829961057329416,8.117599687316977,7.1811828860060025,7.163629416161213,7.309508235825539,5.936268495904556,5.930205888285068,5.853744004379315,4.0190552469774214,4.111622599462611,3.8265521057993017,0.5727742537063973,0.038444738242918004,0.31560999563637604,0.043096518135312484,0.569519618246162,0.023060272789780352,0.8342780257233989,0.03824433953087978
876,0.9296696696696696,7.8880932336857565,7.831104217072406,8.118657640392339,7.180762794835422,7.163317317429331,7.308254012501209,5.931990860647684,5.925926502753768,5.847936918885567,4.011635138658132,4.104318726805142,3.8190932890159925,0.5740635278894222,0.03846840327588941,0.3163865652615561,0.043024592032699885,0.5713114728436732,0.023060182196561165,0.8354098972449533,0.03832857311676289
877,0.9301601601601601,7.889256265460506,7.832233727378745,8.119701760020995,7.180309989352222,7.162973618008004,7.3069610691928695,5.927660082082971,5.92159326187922,5.842070525871212,4.004183575954161,4.0969857881843295,3.811608024396352,0.5753557023165452,0.03849080378818416,0.3171720751274194,0.04295248265858663,0.5731124868834443,0.023062558168456804,0.8365302834164723,0.03841376437224603
878,0.9306506506506507,7.890405388964435,7.833349482977788,8.120731628254635,7.1798242312230744,7.162598102343696,7.305629284269547,5.923276213026722,5.917206228270381,5.836144996750345,3.996700816252138,4.089624056410853,3.804096501051174,0.5766507056270018,0.03851193820319213,0.3179665164230003,0.04288016539374543,0.5749225355264849,0.023067444353383402,0.8376391216316924,0.038499926507908226
879,0.9311411411411411,7.891540500140842,7.834451377338183,8.12174675938595,7.179305279772676,7.162190526544396,7.304258546852906,5.918839327935672,5.912765486564881,5.830160512003268,3.9891871169744024,4.082233871341269,3.7965589077486914,0.5779484599076695,0.03853180521144737,0.3187698745488072,0.04280760839870108,0.5767414834147401,0.02307488724483707,0.8387363472571043,0.03858707979885117
880,0.9316316316316315,7.892661486518309,7.835539300908526,8.122746623113285,7.178752893247804,7.161750695073971,7.302848742478155,5.914349506363367,5.908271124535935,5.8241172707952895,3.9816427539328862,4.074815565756149,3.788995472393208,0.5792488828639415,0.03855040370938169,0.3195821204693111,0.04273477239483371,0.5785691976184547,0.023084926642273546,0.8398218922525542,0.03867523805446927
881,0.9321221221221221,7.893768238108769,7.83661313397731,8.123730697940637,7.1781668332231225,7.161278383348946,7.3013997691859345,5.909806845553771,5.903723249837519,5.818015475192706,3.9740680065210343,4.067369464682079,3.7814063773553532,0.5805518936317614,0.03856773376266152,0.3204032272253339,0.04266162151217583,0.5804055374360022,0.023097605293210265,0.8408957016325346,0.03876442054624924
882,0.9326126126126126,7.89486064716526,7.8376727589514,8.124698374645167,7.177546852992018,7.160773380915824,7.299911518728165,5.905211453455651,5.89912198213751,5.81185534531425,3.9664631802831742,4.0598959196427105,3.7737918377652475,0.5818574034206839,0.03858379524581542,0.3212331558527347,0.04258810737929918,0.5822503561998289,0.023112962251047066,0.8419577139497733,0.03885464491234171
883,0.9331031031031031,7.895938598084542,7.838718051198762,8.125649018507954,7.176892712110801,7.160235483494063,7.298383892091965,5.900563456858364,5.894467446665457,5.805637120521513,3.9588286138801307,4.052395242608567,3.7661520583434047,0.5831653220996096,0.03859858907079592,0.32207185840293023,0.04251417911371761,0.5841035040613126,0.02313103455329043,0.8430078765140182,0.03894592615497592
884,0.9335935935935935,7.897001983312243,7.8397488825281245,8.126581952596299,7.176204166709428,7.159664487396616,7.296816786598756,5.895862991909948,5.889759790522095,5.799361040666934,3.9511645984883788,4.044867826126002,3.758487215628371,0.5844755571326019,0.038612116944092285,0.32291928240696943,0.04243977983171319,0.5859648256390252,0.023151858218885886,0.8440461405163369,0.039038290062395085
885,0.934084084084084,7.89805068830357,7.840765119341027,8.127496517588378,7.175480972447431,7.159060201028698,7.295210108035136,5.891110212039644,5.884999167005558,5.793027360323656,3.9434715022825126,4.037313986541787,3.7507975380871796,0.5857880136580262,0.038624380222829977,0.32377537324270544,0.042364855307542276,0.5878341629295158,0.02317546733121368,0.8450724550446939,0.03913174936196988
886,0.9345745745745746,7.899084600195508,7.841766625560605,8.128391963385615,7.174722882872323,7.158422421418964,7.293563759073829,5.886305276164531,5.880185744719053,5.786636345119493,3.9357496540736365,4.029734108539315,3.74308318789711,0.5871025937565197,0.03863538177789948,0.3246400654348386,0.04228933970463047,0.5897113509154722,0.023201894437626807,0.8460867791995977,0.039226330635553544
887,0.935065065065065,7.9001036085969725,7.8427532612653295,8.129267546833786,7.173929653542521,7.157750974142314,7.291877643962644,5.8814483617056545,5.8753196981431834,5.780188278095354,3.927999429975855,4.022128497343778,3.73534432313064,0.58841920118557,0.038645125251724664,0.32551328966302595,0.042213166780749836,0.5915962231808322,0.023231167809445948,0.8470890833810979,0.039322053328588714
888,0.9355555555555555,7.901107599669527,7.843724881137076,8.13012253642892,7.17310103717599,7.157045659083421,7.290151665479326,5.876539657803736,5.870401226194424,5.773683438738008,3.9202212030047123,4.014497527055219,3.727581122922538,0.5897377351469296,0.03865361379263198,0.32639498135623174,0.04213627285524996,0.5934886042469442,0.023263317285286255,0.8480793301376084,0.039418941631537
889,0.936046046046046,7.9020964637667666,7.844681338364538,8.130956102874714,7.172236785941212,7.156306304324966,7.288385726627176,5.871579363282668,5.8654305202549795,5.767122110459806,3.912415349488107,4.006841560372267,3.719793734944187,0.5910580927458166,0.03866085173530324,0.32728505814204173,0.042058580148111945,0.5953883217909721,0.02329836869533929,0.8490574886227175,0.039517022008435716
890,0.9365365365365366,7.903070085602215,7.845622481190798,8.13176750226893,7.171336652849322,7.155532731041685,7.286579729757903,5.866567695896881,5.860407799550649,5.760504589787784,3.9045822509739323,3.999160923702204,3.7119822827780102,0.5923801757677005,0.038666844253442315,0.32818344945003314,0.041980022182924764,0.5972951938479154,0.023336347160601876,0.850023544645081,0.0396163203960986
891,0.937027027027027,7.904028353820534,7.846548154555494,8.132555925781475,7.170400389040403,7.154724771225366,7.2847335670797,5.861504879525188,5.8553332851798245,5.75383118223747,3.8967223036372185,3.9914559416777546,3.7041468466448633,0.5937038842672938,0.03867159742796082,0.32909007557473896,0.041900522805034965,0.5992090358205192,0.02337727366543812,0.8509774908888817,0.039716867581733976
892,0.9375175175175174,7.904971157583996,7.847458203514146,8.133320597590872,7.169427745975668,7.1538822561616495,7.282847143193072,5.856391142497927,5.850207208740223,5.7471021891431935,3.888835911809966,3.9837269856421416,3.6962875469089465,0.5950291156520171,0.0386751165509519,0.33000485994265344,0.04182001036181277,0.6011296632906943,0.023421169723071865,0.8519193078431442,0.039818694178625595
893,0.938008008008008,7.905898388022576,7.848352466911514,8.134060746418855,7.168418470087339,7.15300501679235,7.280920343201083,5.851226736818991,5.8450298119971595,5.740317907388562,3.8809234670109243,3.9759743269572225,3.6884043968141826,0.5963557761076042,0.038677409259091806,0.3309277296240601,0.04173841271183985,0.6030568839853124,0.023468055167131643,0.8528490120875368,0.039921834559371795
894,0.9384984984984985,7.906809932125928,7.849230780718847,8.1347756399586,7.167372312268862,7.15209289934558,7.278953053883231,5.846011922561517,5.839801347532904,5.7334786535391515,3.8729853873613638,3.9681983491859536,3.6804974372096515,0.5976837657324613,0.038678482380494594,0.33185861321414517,0.041655662170146886,0.6049905031493673,0.023517946069014792,0.8537666016949028,0.0400263303496947
895,0.938988988988989,7.907705682807751,7.850092983721467,8.13546454406941,7.166289022057879,7.151145741056016,7.2769451559474865,5.840746954891849,5.834522074910565,5.726584721155015,3.865022046483579,3.9603993024909476,3.6725666652533,0.5990129946136931,0.03867834410615405,0.332797442684737,0.041571689904233315,0.6069303266808441,0.02357085901791637,0.8546721037864476,0.040132214837734104
896,0.9394794794794794,7.908585529142967,7.850938908351593,8.13612679211465,7.165168345020047,7.1501633954360555,7.274896524338427,5.835432116691373,5.8291922636371165,5.719636407579626,3.8570338706031384,3.9525774624992875,3.664612026476605,0.6003433736738808,0.03867700309844098,0.3337441573573503,0.041486435315547715,0.6088761554254375,0.023626809062732988,0.8555655476550021,0.04023953198703447
897,0.93996996996997,7.909449363490231,7.851768385365133,8.136761738336569,7.164010026722808,7.149145704636892,7.27280702114604,5.830067686590953,5.823812188560271,5.712634011963686,3.849021222464452,3.9447331614031405,3.6566334432361396,0.6016748157265303,0.038674468250975966,0.3346987033140629,0.041399839832012626,0.6108277863040584,0.02368580891459962,0.8564469673689601,0.04034833194635361
898,0.9404604604604605,7.910297076662597,7.852581248256305,8.137368802296368,7.162813816291681,7.148092526260201,7.27067650403276,5.824653954230931,5.81838213288653,5.705577813984474,3.8409844952877292,3.9368665941996417,3.648630811941547,0.6030072424479339,0.038670749204232135,0.33566103415468496,0.04131185201116415,0.6127850183636557,0.023747871222491317,0.8573164161868873,0.040458656258519105
899,0.9409509509509509,7.911128563842014,7.853377328447229,8.137947500587755,7.161579456166972,7.147003712890098,7.268504819992252,5.819191210546518,5.812902386335079,5.698468095239738,3.8329240483949216,3.928978048101762,3.64060392783681,0.604340581224381,0.038665856287504054,0.3366311210970287,0.0412224324997143,0.6147476460042917,0.023813007003785743,0.8581739549785187,0.04057056687150771
900,0.9414414414414414,7.911943719415532,7.854156455798137,8.138497378541436,7.16030669370888,7.145879116474449,7.2662918072125855,5.813679761737281,5.807373243512947,5.691305115813067,3.8248402496687732,3.921067694859078,3.632552596604735,0.6056747647314616,0.038659800118136384,0.3376089398324531,0.04113154510373385,0.6167154631685726,0.02388122830946995,0.859019658380989,0.04068411441448012
901,0.9419319319319319,7.9127424374771556,7.854918460512984,8.139018076683653,7.158995271297661,7.1447186036103485,7.264037286097294,5.80811991521596,5.801795002322083,5.684089132341181,3.8167334264308863,3.9131357604688093,3.624476554595559,0.6070097320650918,0.03865259184086455,0.3385944810154207,0.041039164504954324,0.6186882624706734,0.02395254429810962,0.8598536092406537,0.04079936220954014
902,0.9424224224224225,7.913524612217998,7.855663175214816,8.139509361878416,7.157644931468527,7.143522033259596,7.261741074172672,5.802511972990478,5.796167969452297,5.676820386336833,3.8086039127244944,3.9051823712883476,3.6163754938527686,0.6083454338968732,0.03864424296362191,0.3395877554533299,0.040945281740921054,0.6206658367250295,0.02402696508626296,0.8606759085695415,0.04091636969755559
903,0.9429129129129129,7.9142901426713514,7.85639043107371,8.13997109382686,7.1562554171362915,7.142289258563048,7.259402967628197,5.79685625577044,5.7904924546137355,5.669499088211659,3.8004519920706668,3.897207682336425,3.6082490624110206,0.6096818276862707,0.03863476515845929,0.34058879176030366,0.040849898955499855,0.6226479762273038,0.024104502796227292,0.8614866655575267,0.04103520538211977
904,0.9434034034034033,7.915038926622976,7.857100064637103,8.140403265868889,7.154826471450475,7.141020144372574,7.257022749126427,5.791153067620607,5.784768768386173,5.662125445155397,3.792277925540474,3.889211832633036,3.60009683842724,0.6110188818326421,0.0386241704780551,0.3415976387234135,0.04075303436876377,0.6246344737943716,0.024185166432245234,0.8622860023262313,0.041155943283098045
905,0.9438938938938939,7.915770860101448,7.8577919092216595,8.140805923172032,7.153357835662901,7.139714549386572,7.25460019201358,5.785402735494667,5.778997228361862,5.654699632583159,3.7840819671057737,3.88119483466447,3.5919183605276324,0.6123565740656655,0.038612472024801676,0.3426143544246721,0.0406547133645258,0.6266251200000799,0.024268969245152604,0.8630740657941062,0.04127865205567505
906,0.9443843843843844,7.9164858413860735,7.858465805679047,8.14117935139168,7.151849250018095,7.138372339551051,7.252135048514374,5.779605558626946,5.773178145600209,5.647221816142221,3.7758643115084745,3.8731567985493043,3.5837131313486026,0.6136948933013153,0.03859968153932146,0.34363903533117907,0.04055499104692969,0.6286197096365569,0.02435592099158523,0.8638509961577961,0.041403411835290074
907,0.9448748748748749,7.917183770788922,7.859121593378478,8.14152392342424,7.150300454663579,7.136993367658861,7.249627061014215,5.773761868939483,5.767311844295122,5.639692123753866,3.7676251399583975,3.8650976842913796,3.5754805464297648,0.6150338435750822,0.03858581283367522,0.34467179396167213,0.04045393443127384,0.6306180329813404,0.024446037938115565,0.864616973980148,0.041530304207510776
908,0.9453653653653653,7.917864549195484,7.859759118381714,8.141840121834072,7.148711191172425,7.135577492801752,7.247075946625726,5.767871962308367,5.761398640678573,5.632110671509402,3.759364575537682,3.8570175131976323,3.567220011858813,0.6163734339591259,0.038570878297419564,0.3457127623031914,0.04035162330251148,0.6326198858549436,0.024539332493510594,0.8653721697539702,0.041659412828962766
909,0.9458558558558559,7.9185280748598785,7.860378229045347,8.142128713471532,7.147081196920806,7.1341245787400815,7.244481415285348,5.761936152736798,5.755438857089488,5.62447753408136,3.751082711083872,3.848916163556199,3.558930851234933,0.6177136971162555,0.03855489114650004,0.34676211441924143,0.04024817501454457,0.6346250655950498,0.024635822661182735,0.8661167885082101,0.04179081979702407
910,0.9463463463463463,7.919174252547517,7.860978777792651,8.142390521956083,7.145410213897836,7.132634466117276,7.241843153977983,5.7559547497332995,5.74943281227087,5.616792775004235,3.742779599284424,3.8407935966299522,3.5506123525996482,0.6190546679967577,0.03853786395797098,0.3478200401241182,0.04014371405502846,0.636633366321671,0.02473552669585454,0.8668510314361795,0.041924618694785844
911,0.9468368368368367,7.919802979103788,7.861560620600452,8.142626594425929,7.143697981927983,7.13110701546864,7.239160837492307,5.7499280354473665,5.743380822879762,5.609056404662758,3.7344552340208117,3.8326496498788982,3.54226375991978,0.620396402189075,0.03851980945788234,0.3488867601569635,0.04003839412873426,0.6386445949123283,0.02483846569711619,0.8675751205901825,0.042060897137702766
912,0.9473273273273273,7.920414155205164,7.862123621101779,8.142838106354002,7.141944238357608,7.129542064449016,7.236434116696626,5.743856327430648,5.737283207183423,5.60126843891544,3.7261095657531498,3.8244841342630407,3.533884270955067,0.621738965069001,0.03850074065542077,0.3499625226320859,0.03993238566980228,0.640658544960186,0.02494466235944772,0.8682893009843355,0.04219974538004266
913,0.9478178178178178,7.921007682043708,7.862667647650969,8.143026459778447,7.140148722870068,7.127939463667215,7.233662638954629,5.737739888308053,5.73114028781645,5.593428828911872,3.7177424695868027,3.8162968268899533,3.5254730577957702,0.6230824397762896,0.03848066974921126,0.35104760751433733,0.03982588920175904,0.6426750284514557,0.02505414356497186,0.8689938204713538,0.042341254033685875
914,0.9483083083083083,7.921583461792301,7.8631925703369046,8.143193167714994,7.138311174828054,7.12629904796493,7.230846024060192,5.731579008183628,5.7249523763010925,5.585537519506491,3.7093538211594757,3.80808749390297,3.517029230738172,0.6244269167472378,0.03845960892775764,0.35214231754739533,0.03971912018205965,0.6446938495942457,0.025166937565844916,0.8696889388177367,0.04248552095888075
915,0.9487987987987987,7.922141392470302,7.863698269526995,8.143340034983979,7.136431336290933,7.124620647948484,7.227983875106079,5.725373954698948,5.718719781325897,5.577594412480778,3.700943394836982,3.7998558450969226,3.5085519303768167,0.6257725056122869,0.03843756883990268,0.35324700124514785,0.03961233269339293,0.6467148198536271,0.025283076026958794,0.8703749243243059,0.042632634557288634
916,0.9492892892892892,7.922681373557041,7.8641846290753605,8.143468892745064,7.134508943427672,7.122904100658722,7.225075797888507,5.719124987807066,5.712442821066299,5.5695994005879434,3.6925109162498098,3.79160149048579,3.5000402297320177,0.6271193268969766,0.03841456179040741,0.3543620111804622,0.03950578571245535,0.648737752211442,0.025402593082052085,0.8710520755275369,0.042782681210010436
917,0.9497797797797798,7.923203305962051,7.864651542132641,8.143581818866123,7.132543741163963,7.121149225129708,7.222121372187562,5.7128323613781635,5.706121800957583,5.561552338619315,3.6840560616185973,3.783324107691453,3.4914932331516306,0.6284675104677495,0.038390597502479036,0.35548774229903235,0.039399770859366995,0.6507624627646855,0.025525526104563174,0.8717206755738852,0.04293575099741262
918,0.9502702702702702,7.923707083681889,7.865098906901248,8.14368104123055,7.130535467922496,7.119355833733959,7.219120172766447,5.706496310309769,5.699757029560094,5.553453055359497,3.675578444150564,3.7750232587300334,3.482909989888385,0.6298172031180923,0.03836568637856751,0.3566246136261187,0.03929460156196822,0.652788771037354,0.025651916087752146,0.8723810353843833,0.043091929374938505
919,0.9507607607607607,7.924192604188006,7.865526628391161,8.143768864484645,7.128483867737966,7.1175237436922725,7.216071767342132,5.700117065515652,5.693348810103507,5.545301353723934,3.667077643559829,3.766698464655702,3.4742896261647536,0.6311685558713699,0.038339837377595186,0.35777305629385386,0.03919060215173172,0.6548165021410245,0.02578180710323208,0.8730334604226796,0.04325128980820019
920,0.9512512512512512,7.924659764090583,7.865934615308588,8.143847798565606,7.126388682434444,7.115652753729632,7.212975711662439,5.693694836863034,5.686897448468474,5.537097040057254,3.658553123485456,3.7583493237423817,3.465631234825629,0.6325217316704058,0.03831305894729596,0.35893353629395036,0.039088126167540115,0.6568454786236049,0.025915243015000963,0.873678264442596,0.04341391372670744
921,0.9517417417417418,7.9251084514638634,7.866322789632582,8.143920344573642,7.12424965546756,7.11374266025636,7.209831562009565,5.68722985335159,5.680403244180575,5.528839869502384,3.650004326223583,3.749975239820576,3.4569339774903898,0.6338769002186997,0.03828535944291555,0.3601065190461034,0.03898752751601521,0.6588755285739627,0.026052276436667555,0.8743157769176116,0.043579860244278776
922,0.9522322322322322,7.925538561945137,7.866691072930984,8.143989259554735,7.122066539689942,7.11179325720473,7.2066388707043645,5.680722305134801,5.673866497843698,5.5205296229133145,3.6414306435774244,3.7415756861810543,3.4481970175256,0.6352342419636697,0.03825674569710533,0.36129250762913045,0.03888919604149351,0.6609064822545272,0.02619295525977625,0.874946322577066,0.04374919086917843
923,0.9527227227227226,7.9259499811209295,7.867039399772565,8.14405717061093,7.1198390757884775,7.109804328643708,7.203397203506374,5.674172361211188,5.667287510638818,5.512166060835818,3.6328314216696977,3.7331501397073046,3.4394195942294736,0.6365939308351735,0.038227223907059016,0.36249198798120025,0.0387935071930596,0.662938174603012,0.026337331594940984,0.8755702153320286,0.0439219587736842
924,0.9532132132132132,7.92634259845638,7.867367704634343,8.14412687878702,7.117567017979006,7.1077756369238,7.200106116344762,5.667580208916625,5.660666578922478,5.503748946434734,3.624205932407133,3.7246979263305215,3.4306010198065957,0.6379561546000183,0.038196799660015324,0.3637054743781219,0.038700861903449575,0.6649704356131421,0.026485459169052657,0.8761877934710836,0.04409819383945822
925,0.9537037037037037,7.926716295377299,7.867675933606787,8.144201085395085,7.115250116775703,7.105706972859322,7.196765201516516,5.660946012493147,5.654004004923831,5.495278041680551,3.615553394196671,3.7162185244640904,3.421740644751479,0.6393210920387762,0.038165478537158744,0.3649334583258547,0.03861165066918905,0.6670031067940397,0.026637393242695682,0.8767993727446797,0.044277934807874064
926,0.9541941941941942,7.927070954773542,7.867964037408446,8.144282486678357,7.112888129326909,7.103598071396548,7.19337402632217,5.65426992793439,5.647300089440409,5.486753141429594,3.606873027811686,3.7077111813565895,3.412838016672916,0.6406889219419486,0.03813326358041862,0.36617644222443196,0.03852626563204294,0.6690360155495002,0.026793185500836147,0.8774052768493964,0.044461173996268116
927,0.9546846846846846,7.927406456236704,7.868231968179234,8.14437360435761,7.110480810372206,7.101448718998982,7.189932215673752,5.647552089858267,5.640555134549461,5.478174027963366,3.598163955988017,3.6991753513788703,3.403892613592657,0.6420598157416362,0.03810016040204633,0.36743488748816916,0.03844507941773226,0.671069009462203,0.026952890516723876,0.8780058190343476,0.04464793009726447
928,0.9551751751751751,7.927722671043897,7.868479684729441,8.144477037628914,7.1080279200803265,7.099258634469773,7.186439394624027,5.640792654141282,5.633769449554475,5.469540554961714,3.5894253092794473,3.6906104139643245,3.394904199107298,0.6434339363310432,0.038066170459755355,0.3687092754975856,0.03836847899310634,0.6731019126667416,0.027116558493929036,0.87860129538357,0.04483817870078438
929,0.9556656656656657,7.928019473941861,7.8687071566990765,8.144595049777859,7.105529228245229,7.097027572913087,7.182895225658835,5.6339917367602075,5.626943348461171,5.460852587543559,3.5806561950329354,3.68201567959461,3.385872568282158,0.6448114368223942,0.03803129730327299,0.37000002900772344,0.03829680795641605,0.6751345648045902,0.027284236651736037,0.8791920073274699,0.04503188366960814
930,0.9561561561561561,7.928296734909693,7.868914346448402,8.144729662792015,7.1029844957753525,7.0947552722819,7.179299408460664,5.6271494810659,5.62007714373133,5.452110056449924,3.5718556528761414,3.6733904705831155,3.376797678770416,0.6461924535289767,0.03799554473098436,0.3713075324825539,0.03823038271752445,0.6771667938937215,0.027455968591988497,0.8797782540890728,0.04522898705032489
931,0.9566466466466466,7.928554318140409,7.869101228344499,8.144882786234906,7.100393501388337,7.09244145190387,7.175651681213806,5.620265992218519,5.61317116561571,5.44331292984373,3.5630227572493163,3.664734244564582,3.367679684401954,0.6475771025422226,0.03795891363764343,0.372632149555983,0.03816950743808395,0.6791984309437473,0.027631793550179872,0.8803602843264292,0.04542941915680072
932,0.9571371371371371,7.9287920844363216,7.869267774995704,8.145055815010085,7.097756023753848,7.090085849336117,7.171951816070867,5.613341405439621,5.606225740733804,5.43446126227406,3.554156581008735,3.656046321286015,3.3585188458611452,0.6489654779168376,0.03792140785928441,0.3739741610623377,0.03811441976567308,0.6812292981819046,0.027811741878333032,0.8809383677512478,0.04563308101123976
933,0.9576276276276277,7.9290098925583585,7.869413959291423,8.145249850584024,7.095071839083716,7.08768818018275,7.168199655874836,5.606375817153688,5.599241216300461,5.425555180959821,3.545256179142077,3.64732615230616,3.349315601667241,0.6503576480969673,0.03788303035999407,0.37533379840209724,0.03806532257987112,0.683259216650014,0.027995836660898367,0.8815127397211081,0.04583985988362404
934,0.9581181181181181,7.9292076016672075,7.869539758057497,8.14546559566067,7.092340737628048,7.0852481604597655,7.164395075512857,5.599369384998629,5.592217943972141,5.416594902275466,3.536320608105934,3.6385731985706187,3.3400706083867817,0.6517536528878672,0.03784378433160116,0.37671122914593846,0.038022366255717276,0.6852879917095102,0.02818409351138127,0.8820836248676056,0.04604961629344184
935,0.9586086086086085,7.92938505544662,7.869645147850646,8.145703130658298,7.089562515785521,7.082765515635903,7.160538033593043,5.592322209071155,5.585156288206208,5.407580741918274,3.527348959240796,3.6297868618814775,3.330784638079676,0.65315350107087,0.03780367555397104,0.37810651412161156,0.03798562091757337,0.6873154351985706,0.02837651376192958,0.8826512425165277,0.04626218454026318
936,0.9590990990990991,7.929542104431152,7.869730098974069,8.14596217894688,7.086736972618978,7.080239954410934,7.156628546730401,5.585234421729375,5.578056632781381,5.398513134333292,3.518340372069474,3.6209667747425995,3.3214586653594473,0.6545571632080242,0.0377627086303564,0.3795196561998192,0.03795511084066976,0.6893413406529828,0.028573087392646416,0.883215766956284,0.04647739206207924
937,0.9595895895895896,7.929678596041839,7.869794578383619,8.146241678500937,7.083863917293373,7.077671190400204,7.152666692371049,5.57810618414193,5.570919376067192,5.389392625759511,3.5092940335804257,3.6121124453100006,3.3120938679827336,0.6559645688393948,0.03772089090278409,0.3809505326380822,0.03793075512812682,0.6913654901219533,0.028773792153449846,0.8837773766639627,0.04669502730466151
938,0.9600800800800801,7.929794370261209,7.869838562196629,8.146539957764066,7.080943160463262,7.07505893437759,7.14865263702521,5.570937626945834,5.563744925864837,5.380219886287852,3.500209145831306,3.603223586089479,3.3026915700271418,0.6573756050066767,0.0376782305401638,0.38239892000706094,0.037912391129546794,0.6933876634774637,0.028978588734590933,0.8843362120452433,0.046914871444444256
939,0.9605705705705705,7.929889262435548,7.869862003213399,8.146854776115685,7.0779745296342105,7.072402899429951,7.144586612379158,5.563728928465122,5.556533719574181,5.370995741315493,3.49108500920978,3.594299729366312,3.293253267769384,0.6587901267552081,0.03763473849649789,0.3838644962408155,0.03789978060134141,0.6954076191298363,0.029187420951370238,0.8848924341034297,0.0471366640178052
940,0.961061061061061,7.929963112131868,7.869864863684286,8.147182975727322,7.07495785439158,7.0697028158269895,7.140468943092318,5.556480266117109,5.549286201973019,5.361721117653709,3.4819209932714443,3.5853408423582525,3.283780563894176,0.6602079234391448,0.03759042716889033,0.3853467922252188,0.037892558818341485,0.6974251161191881,0.02940021893275899,0.8854461310796793,0.04736016645728256
941,0.9615515515515516,7.930015753237156,7.869847089115704,8.147520683768604,7.071892972999251,7.066958399577036,7.136300022566518,5.549191837359044,5.542002851072395,5.352397127776597,3.472716544966689,3.576346665311204,3.274275211602366,0.6616287498012359,0.03754531247468188,0.3868452229495333,0.037890263554000575,0.69943988803939,0.02961688977055695,0.8859974256687335,0.04758509247605528
942,0.962042042042042,7.930047010300868,7.869808627231005,8.147863401798237,7.06877974013971,7.0641693797375185,7.132080339855794,5.541863881161673,5.534684156692542,5.343025033335024,3.4634712230643645,3.5673170692877356,3.264739131881952,0.6630523141604535,0.03749941143057501,0.3883590936927898,0.037892345045684526,0.7014516572824748,0.02983732246523063,0.8865464104654227,0.04781114218531351
943,0.9625325325325325,7.930056717000241,7.869749404887154,8.148205447807971,7.065618013410908,7.061335478618235,7.127810440272617,5.534496615590936,5.527330632894088,5.333606188443926,3.4541846908163136,3.5582522121731985,3.2551741711481377,0.6644782585408764,0.037452746020517486,0.38988752910633767,0.03789808905004128,0.7034601399615358,0.03006139047621924,0.8870931460812028,0.04803804473955472
944,0.963023023023023,7.930044703472451,7.86966933907493,8.148540753572943,7.062407661965576,7.0584564471085685,7.123490961685264,5.52709034160082,5.519942829914482,5.3241421736482755,3.444856703496686,3.5491519872999038,3.2455823692972436,0.6659062036206548,0.03740534070017243,0.39142957678132123,0.03790672518277814,0.7054650213830242,0.03028894186292422,0.8876377401101618,0.04826547293011582
945,0.9635135135135136,7.930010797993539,7.869568350818216,8.148862205982656,7.059148570161715,7.0555320496828315,7.119122628929581,5.519645347979167,5.5125212879490775,5.314634640900222,3.4354871651194756,3.540016739774545,3.235965597555197,0.6673357070022582,0.037357224433294756,0.392984116602968,0.03791733438849836,0.7074659964887705,0.030519810357017847,0.8881802447528651,0.04849315455078466
946,0.964004004004004,7.929954821214879,7.869446328910889,8.149161921346378,7.0558406320869365,7.052562024247867,7.114706216724395,5.512161962417861,5.505066607805943,5.30508537580541,3.4260760729373536,3.53084666316785,3.2263257646685988,0.6687662890966244,0.03730843058541194,0.39454990635026455,0.03792888894320508,0.7094627312495242,0.030753814309365756,0.8887207489724517,0.04872079455637695
947,0.9644944944944944,7.929876605532763,7.869303162565666,8.149431389506425,7.052483755375486,7.049546151783051,7.110242537629266,5.50464055120443,5.49757939523485,5.295496307185444,3.4166236472197262,3.521642168132397,3.2166646896780913,0.6701974270824008,0.03725899471113652,0.3961256011982307,0.0379402660929966,0.7114548782751963,0.030990749444837935,0.8892593180428437,0.048948120728566594
948,0.964984984984985,7.9297759754391866,7.869138721996983,8.149661308821313,7.04907785009026,7.046484221873064,7.105732467609278,5.497081501232765,5.490060258391423,5.285869407563759,3.4071301119509774,3.5124037016810985,3.206983944426846,0.6716285717032032,0.03720895989430061,0.39770972707210533,0.03795022928695696,0.7134420912940687,0.03123040328965206,0.8897960568798139,0.049174887486876075
949,0.9654754754754755,7.929652767162719,7.868952863196253,8.14984199116996,7.0456228655012465,7.043376006106072,7.101176909011902,5.489485245175889,5.482509871718266,5.276206739476972,3.397595997579985,3.503131824997333,3.197284959565643,0.6730591424376117,0.03715837096843346,0.39930074669873733,0.037957481189366385,0.7154240016702356,0.03147255327407276,0.8903310591996536,0.04940087663805865
950,0.965965965965966,7.929506807756763,7.868745427571371,8.149962911117045,7.042118736721211,7.040221356016376,7.096576785306479,5.481852253650054,5.474928866821953,5.266510373403256,3.3880218795577397,3.49382725550677,3.1875687163762954,0.6744885333582243,0.03710728216150545,0.40089698557027786,0.03796060132954988,0.7174002529080646,0.031716969441704816,0.8908644550797168,0.04962593052793498
951,0.9664564564564564,7.92933793056525,7.868516238166081,8.150013675473657,7.038565421997971,7.037020057372762,7.091932988141223,5.4741830239960265,5.467317948798733,5.256782361459987,3.378408471982518,3.484490557036436,3.177835943564228,0.6759161531125134,0.03705574956710598,0.40249679735364324,0.037958180390098475,0.719370465884459,0.03196342577961866,0.8913964251754564,0.049849911821745224
952,0.9669469469469469,7.9291459804542175,7.868265110872502,8.149983185247349,7.034962906029657,7.0337719832513415,7.087246413378976,5.466478063466136,5.459677787721212,5.247024759848839,3.368756664118397,3.4751227335761063,3.1680868246280856,0.6773413788519826,0.037003837086662904,0.4040984170946791,0.03794870203394598,0.7213342815986395,0.03221168749784,0.8919271369470773,0.050072779031002455
953,0.9674374374374375,7.928930794965273,7.867991832371908,8.149860661908257,7.031311170864778,7.03047697545592,7.082517853780619,5.458737943434752,5.452009093798998,5.237239394868133,3.359067514432481,3.4657245000867736,3.15832114599045,0.6787636223429664,0.03695161131361259,0.40570014077815864,0.037930687881361676,0.7232913394024647,0.03246155261644501,0.89245681449511,0.050294533226863634
954,0.9679279279279279,7.928692224081374,7.867696192177038,8.149635482035682,7.027610222974672,7.027134908614545,7.077748048040306,5.450963271951179,5.444312569224779,5.227428043806269,3.3493421033294206,3.45629696671119,3.148537944858785,0.6801823175147965,0.03689914656330446,0.40730028859377143,0.037902671939472894,0.725241282054435,0.032712822407400415,0.892985727049637,0.050515291418263955
955,0.9684184184184184,7.928430117454121,7.86737794968067,8.149297150527161,7.023860092615518,7.023745682877415,7.07293760689944,5.443154617074811,5.4365889133341225,5.217592191892796,3.339581751401269,3.4468409514243565,3.1387356719410087,0.6815969339856859,0.036846522247457936,0.40889720628403353,0.03786319978588611,0.7271837894105041,0.03296532903075928,0.8935141877875804,0.05073523182162374
956,0.9689089089089089,7.928144341472004,7.867036851901993,8.148836100617023,7.020060806459576,7.020309195725323,7.068087012687405,5.435312657978138,5.428838808303352,5.207733053472185,3.32978777087176,3.4373576260110354,3.1289120769052903,0.6830069979357971,0.03679382102982539,0.4104893941084343,0.03781093959426175,0.7291185474452381,0.03321894489300336,0.8940425357505719,0.050954660762663306
957,0.9693993993993993,7.927834750782317,7.866672641328515,8.148243754827915,7.016212427443222,7.016825362105531,7.063196558648452,5.427438042767633,5.4210629415690885,5.197851391334222,3.319961632385398,3.4278480233706334,3.1190640397698686,0.684412119673863,0.03674113059640312,0.4120755127794536,0.037744690412482844,0.7310452916436216,0.033473597713441175,0.8945711639419275,0.05117400128156579
958,0.9698898898898898,7.927501230164617,7.866285046035525,8.147512462103201,7.012315016324746,7.013294127472693,7.058266282706296,5.419531419903436,5.413261987577316,5.187947619939458,3.310104824229387,3.418313182885729,3.1091877985477168,0.6858119791989169,0.03668854043705426,0.41365439225876155,0.03766337294907295,0.7329637768855042,0.033729257056787997,0.8951005025569562,0.05139376970896906
959,0.9703803803803803,7.927143650889514,7.865873785213233,8.146636459917243,7.008368662869224,7.0097154509373345,7.053296003956165,5.411593471692194,5.405436550315498,5.178021586115214,3.300218850311638,3.408754181302529,3.0992785904996922,0.6872063849134077,0.036636143456452254,0.41522515816164063,0.037566167753787086,0.7348738200215772,0.03398596647212894,0.8956310315209483,0.0516146345974842
960,0.9708708708708709,7.926761900605642,7.865438554509845,8.145611620283203,7.004373471904782,7.006089288941938,7.0482853037763915,5.4036248561839155,5.39758725645057,5.168072531928951,3.2903053145511563,3.399172041201351,3.0893312394671306,0.6885952373750824,0.03658402813120098,0.41678720430869265,0.037452481675864936,0.7367752930601231,0.034243852233411434,0.8961631961947513,0.051837354136137104
961,0.9713613613613613,7.926355885631954,7.864979064167864,8.144436410301758,7.000329552639779,7.002415617068051,7.04323339897649,5.395626263322126,5.389714640288482,5.1580989960059185,3.2803657387972236,3.3895676860051562,3.079339481094709,0.6899786125414722,0.03653228335337949,0.41834035438543626,0.03732207682006493,0.738668129224702,0.03450313178838303,0.8966975151198687,0.05206284594163718
962,0.9718518518518517,7.925925502303657,7.8644950114168966,8.143111536061184,6.996237052774327,6.998694411445022,7.038139188520045,5.3875983163371535,5.381819224845825,5.148098861665631,3.270401640632496,3.3799421198598654,3.069296817499528,0.6913566960104788,0.03648098777869037,0.41988479323629563,0.03717502761535618,0.7405523275347655,0.03476410800722004,0.8972344234189462,0.05229211006245639
963,0.9723423423423423,7.925470657821085,7.8639860901391385,8.141640747663484,6.99209610495909,6.994925690577282,7.033001266539233,5.379541627782793,5.373901418755243,5.138069258116494,3.26041434512093,3.370296162778191,3.059196248889886,0.6927298527717418,0.036430211918521874,0.42142118763319186,0.03701183359012995,0.7424279741098132,0.035027182492334136,0.8977743561261966,0.05252623918760296
964,0.9728328328328328,7.924991279473569,7.863451998016359,8.140031056671667,6.987906880980061,6.991109435638173,7.027817905381239,5.371456786552859,5.365961619491312,5.128006471825475,3.250405134382123,3.3606303719907586,3.049030657034883,0.6940986169888795,0.03638001077504595,0.42295072627306907,0.036833449941742084,0.7442952357871342,0.03529287558019329,0.8983176826403504,0.05276638937939225
965,0.9733233233233233,7.92448728435331,7.86289244239768,8.13829283724851,6.983669540770888,6.987245639512641,7.0225870568087565,5.363344312723663,5.358000114926189,5.1179060814172725,3.2403751600310384,3.3509454173617286,3.038793312491358,0.6954636609166351,0.03633041415585958,0.42447513099208584,0.0366413038428446,0.7461543612738761,0.03556179850759175,0.898864590364863,0.05301374059164734
966,0.9738138138138137,7.92395860800423,7.862307128720655,8.136440084188466,6.979384288377826,6.983334334454174,7.0173064345225145,5.355204692488266,5.35001709809059,5.107763029544963,3.2303252431105096,3.341241720539481,3.0284780090880106,0.6968258260134758,0.03628142870985802,0.42599667253881685,0.03643733226746767,0.7480056876004535,0.0358346487602011,0.8994151640388308,0.05326944688762043
967,0.9743043043043043,7.923405188677383,7.861695772686393,8.134490545873724,6.975051316294545,6.979375507743747,7.011973562728635,5.347038313350709,5.342012695446229,5.097571644828151,3.2202560893295984,3.3315193864981305,3.0180802806611413,0.6981860682316227,0.03623301637592823,0.4275182025420173,0.036224003264412274,0.7498496289962783,0.03611220739558182,0.8999691862350203,0.05353451021004043
968,0.9747947947947948,7.922826963331952,7.86105813104444,8.132465011123909,6.970670837550078,6.975369159340942,7.006585933082758,5.338845480437675,5.3339868966698445,5.087325924877456,3.21016820507978,3.3217784677179716,3.0075973577810626,0.699545422516382,0.03618509986917019,0.42904301843814446,0.03600421592822719,0.7516866794322682,0.03639529741265205,0.9005261507067711,0.05380977920515186
969,0.9752852852852852,7.9222238676374905,7.860393936586385,8.130388229185964,6.966243072600638,6.971315301558866,7.001141123377142,5.330626493837989,5.325939603950443,5.077019846852503,3.2000614746566924,3.312018778763735,2.9970300531156244,0.7009049796658593,0.03613753813461823,0.43057497200616823,0.03578143789737146,0.7535173645674792,0.03668475044535654,0.9010851407900577,0.054095716052580484
970,0.9757757757757757,7.921595857180155,7.859702976217629,8.128287158340612,6.961768236227541,6.967213894626104,6.99563711282019,5.322381410329926,5.317870617184707,5.06664771067664,3.189935807183908,3.3022397193227775,2.9863829005769187,0.702265790263998,0.03609012676492358,0.4321181957830444,0.03555945782095487,0.7553422631166804,0.03698134415419505,0.9016447542747082,0.054392338276144876
971,0.9762662662662662,7.920942859752502,7.858985045364368,8.126190513849673,6.957246566092048,6.963064941267004,6.9900724796682026,5.31411029294585,5.30977960333506,5.056204789155881,3.1797905475000974,3.2924408217822805,2.97566653158011,0.7036287316632417,0.03604257495418067,0.433676977679602,0.035342329729346374,0.7571619274794507,0.0372857250555545,0.9022028912252695,0.054698968002595154
972,0.9767567567567568,7.920264823251829,7.858239975495441,8.124127473293367,6.952678299720385,6.95886838565012,6.984446781360113,5.305813044520495,5.301666111862873,5.045687961154966,3.169624691332959,3.2826209653470864,2.9648988754565866,0.7049944244127909,0.03599449570498403,0.4352555474074424,0.03513419263297523,0.7589768510103934,0.03759830991074772,0.9027567326213365,0.055013988027315004
973,0.9772472472472472,7.919561660150294,7.857467626934339,8.122125620452115,6.948063674728956,6.95462419311564,6.9787611912834535,5.29748947217454,5.293529574029458,5.035096919063329,3.1594367657862215,3.2727790219272097,2.9541075870191715,0.7063630039230773,0.035945388561495595,0.4368576659903563,0.03493899228549296,0.7607873877424188,0.03791912067260647,0.9033024967633425,0.05533454370311945
974,0.9777377377377376,7.918833309998645,7.856667884126315,8.120208892772467,6.943402923135341,6.950332306127283,6.973018956942304,5.289139278863533,5.285369331966333,5.024435029104421,3.1492251201814265,3.2629133007684574,2.9433320090088864,0.707733953254499,0.03589462421952429,0.43848627786634886,0.034760193278599985,0.7625936839856984,0.038247660870277624,0.9038353210010497,0.055656234410065716
975,0.9782282282282282,7.91807966881866,7.855840690913002,8.118394182058926,6.938696276932563,6.9459926642409915,6.96722630663206,5.280761933090405,5.27718462070311,5.013711268728766,3.1389874695397793,3.253022396874774,2.932626989917805,0.7091057587216054,0.03584141503522266,0.4401428787200723,0.03460030762452424,0.764395554276408,0.03858262784940351,0.9043489113167348,0.05597261337419815
976,0.9787187187187187,7.9173006223130145,7.854985997066965,8.116686706647112,6.933943966152808,6.941605150965918,6.961393242795612,5.272356980365587,5.268974590052896,5.002941898766865,3.128721421174248,3.2431041579448197,2.9220652723542377,0.7104756079549769,0.035784813618439756,0.4418267357268732,0.03446024921830156,0.7661922979282019,0.038921692969297574,0.904835560218781,0.05627475104075177
977,0.9792092092092092,7.916496050581704,7.854103805370429,8.115076302598917,6.929146212248148,6.9371697091919895,6.9555349336709185,5.2639236828167055,5.260738296268379,4.992153084592941,3.1184240963755547,3.2331567141893793,2.9117418813201734,0.7118390013184774,0.03572367857420363,0.44353414093318183,0.034338811417094744,0.7679825901728721,0.03926109701202297,0.9052857432312476,0.05655063639882417
978,0.9796996996996996,7.915665794918403,7.8531941530549405,8.113530259722252,6.924303225004491,6.932686221024841,6.9496729209943195,5.255461339448914,5.252474797256586,4.98138370268023,3.1080925774058152,3.2231773457288435,2.901778812896815,0.7131892337374404,0.03565665868053441,0.4452572096800098,0.03423166069259406,0.769764172714213,0.03959527044141771,0.9056880058258407,0.05678442951646216
979,0.9801901901901902,7.914809687788866,7.852257112014002,8.111984673785178,6.919415193680769,6.928154616195066,6.943836967314015,5.246969114540444,5.2441830589052785,4.970688907061149,3.0977233804027886,3.2131639226414435,2.8923295393967385,0.7145167655301914,0.03558219075022153,0.4469823512411928,0.03413012220787926,0.7715336576700927,0.0399162994651534,0.9060286569659881,0.056955845843346696
980,0.9806806806806807,7.91392752010977,7.8512927805683494,8.11033772687289,6.914482294692499,6.923574786974979,6.93806700619304,5.238446117900973,5.235862103846659,4.960144441988438,3.0873134224387755,3.2031143342047095,2.883584838094133,0.7158086198133321,0.03549847719722634,0.44868901901041225,0.03402024271736644,0.773286141212511,0.04021332205829557,0.906291525417347,0.05703927228710676
981,0.9811711711711711,7.913019049669173,7.8503012886254036,8.108435541735735,6.909504703896683,6.918946658106288,6.9324156313756395,5.229891480153148,5.2275109900750705,4.949851866460171,3.076859365329454,3.193025557379616,2.875778218475208,0.7170475628159035,0.03540353958822248,0.45034729242899496,0.033880829256043556,0.7750148116826573,0.04047179214232488,0.9064581680471404,0.05700284210497291
982,0.9816616616616616,7.91208400782093,7.849282783608392,8.106059711013199,6.904482552169488,6.914270182688968,6.92695097669615,5.22130433654065,5.219128857264297,4.939944432297092,3.0663583771389793,3.1828956636701426,2.8691916321862694,0.7182111492100276,0.03529527308152193,0.4519156607047467,0.03368176820349094,0.7767105041745418,0.040672669714084904,0.9065074977626233,0.05680778742168244
983,0.9821521521521521,7.911122081286373,7.848237442345009,8.102909690743818,6.899415942458173,6.909545360115264,6.92175981947594,5.21268381464555,5.210714993744823,4.93059388236552,3.055807622908615,3.172722632106381,2.8641611238254177,0.7192707316814363,0.03517160644474494,0.4533380187705866,0.033381709164560396,0.7783611628010294,0.04079151879326301,0.9064162030994948,0.056407605908350346
984,0.9826426426426427,7.91013293436149,7.847165418028995,8.09858028232539,6.894304983351156,6.9047722079743625,6.916951636354844,5.2040292809733035,5.202268840833221,4.9220183580595425,3.0452051471048884,3.1625043779492334,2.8610814001112828,0.720190184325642,0.035030799211988914,0.45453981506683777,0.032925250265433234,0.7799512475792543,0.04079753890460719,0.9061591359129629,0.055747623807680356
985,0.9831331331331331,7.909116193660236,7.84606688038397,8.092535014428208,6.889149732502335,6.899950824784557,6.912662769459647,5.195340108973685,5.193790114592228,4.914490755007128,3.0345495223319454,3.1522396632431358,2.8604081266984633,0.7209245647177608,0.03487196299048883,0.45542359777826896,0.03223990072206844,0.7814611447800043,0.040652635794745706,0.9057100915742611,0.05476519953815311
986,0.9836236236236235,7.908071439586585,7.844941984303232,8.084067163595867,6.883950212663437,6.895081382644471,6.909061173263125,5.186615999791467,5.185278794229681,4.908347908508897,3.0238405319664645,3.1419276040665807,2.862659016265607,0.7214182952199943,0.03469595146744894,0.45586267777839656,0.03123208001593803,0.7828664808805793,0.04031064049202669,0.9050429984474788,0.05339061623194561
987,0.9841141141141141,7.9069982293187495,7.843790837980751,8.072249514919159,6.878706443233103,6.8901641451891456,6.906351661069327,5.177856818369712,5.176735226044636,4.903999251978349,3.0130788603041454,3.1315680911277446,2.86840976883769,0.7216031044210798,0.03450685278974182,0.45569308778276774,0.02978324821320062,0.784137644479065,0.03971700390095219,0.9041337343154114,0.05154982634267762
988,0.9846046046046046,7.905896118766984,7.842613507138758,8.055859533755365,6.87341837403905,6.885199518783393,6.904781183733348,5.169062894444374,5.168160141026312,4.901934730325511,3.0022670620628373,3.1211617988860456,2.878286402210466,0.7213950261365901,0.034314418796993866,0.4547019916386122,0.02774682287144465,0.7852393565915181,0.03880940949865819,0.9029622866946639,0.04916997200985137
989,0.9850950950950951,7.904764637835954,7.841410011336804,8.033271750759507,6.868085958376726,6.880187960258878,6.904644310115647,5.160234697657155,5.159554811624728,4.90273120090649,2.9914089525647007,3.1107100766434543,2.8929501775412807,0.7206903992326581,0.034138045164239586,0.4526113107529933,0.024952496951868713,0.7861305589509899,0.037520066934220206,0.9015159414212133,0.04619031903877314
990,0.9855855855855855,7.903603318071551,7.840180246590142,8.002285336235115,6.862709120876759,6.875130096188601,6.906288238625211,5.151373406305779,5.150920819001625,4.907053928581473,2.9805101720627825,3.1002158019423707,2.9130773158487733,0.7193592437491856,0.03401327564484975,0.4490520176133557,0.021242218943530716,0.786764887044828,0.03578174264773761,0.8997922788241589,0.04258408335782589
991,0.9860760760760761,7.90241172337579,7.838924053529119,7.959845437066237,6.857287741870367,6.870026791347174,6.91011665742088,5.142480331967954,5.14226048128908,4.915653336342624,2.969578428884249,3.089682095555356,2.939331328714674,0.7172345157367798,0.034002594040375755,0.44352324302145396,0.016667352317882772,0.7870917282755732,0.03354074954612237,0.8978028384003811,0.03840314606341737
992,0.9865665665665666,7.901189441195655,7.837641137744545,7.901556314659805,6.851821673798642,6.864878883909929,6.916592068446288,5.133557478259435,5.13357646627023,4.929353625688876,2.9586233763252316,3.079114303651923,2.9723308554611907,0.7140924676429734,0.034213789380716106,0.4353214823047761,0.012605192957140701,0.7870581449922814,0.0307852762240618,0.8955758831820932,0.03387540971708991
993,0.987057057057057,7.899936188134322,7.836331045530958,7.820768845721611,6.846310798047156,6.859687488594493,6.92623558355626,5.124607283807895,5.124871964143007,4.949031288607159,2.9476562739275236,3.0685178222968887,3.012612768001665,0.7096150485855834,0.03483266303610424,0.42340848670307174,0.01502726562670272,0.786612019996243,0.027608459116650722,0.893158981920549,0.02961478992244556
994,0.9875475475475475,7.898651734667451,7.834993212541634,7.7067117768002245,6.840754929356492,6.854453810623776,6.939622726527193,5.11563224825667,5.116150585092679,4.975582560767094,2.9366902852022454,3.057900780878576,3.060597726649476,0.7033105242458271,0.03618532619545281,0.40614137939108425,0.027952308807795236,0.7857061886521781,0.024351018499062894,0.890618783225435,0.02697172408309876
995,0.988038038038038,7.897336033521075,7.833626888850888,7.5401044790302745,6.835153923413611,6.849179129759929,6.957374723651928,5.106635477493209,5.107416287392014,5.00987968957558,2.92573975295074,3.0472702874817186,3.116558106381703,0.6943250325045703,0.038873677160057574,0.3806387919642988,0.05063350946013456,0.7843034536630227,0.021886937946767104,0.8880400448335721,0.02800699920426143
996,0.9885285285285286,7.895989270160288,7.83223112765217,7.280692380861335,6.829507634631823,6.84386485331269,6.980144033396548,5.097619877342219,5.098672955083333,5.052717836127309,2.914818920018004,3.036636194163479,3.180597197502982,0.6809026283381429,0.04414252986518046,0.34097853241839243,0.08735929558323301,0.7823823564265812,0.02185868467713002,0.8855204201399757,0.03400147787290193
997,0.989019019019019,7.894611889398576,7.830804878077854,6.817682866366555,6.823815942058052,6.838512220259252,7.008593400253067,5.088588189047847,5.089924478526289,5.104758993295001,2.90394223109386,3.0260069706268573,3.252638163005189,0.6582338961456723,0.05533211167539508,0.27102553516465633,0.1536673685624387,0.7799422075784812,0.025849672443438575,0.8831645085496098,0.044423428311534494
998,0.9895095095095094,7.893204715582896,7.8293468626371805,5.500884704319808,6.818078750788864,6.83312249884939,7.043369328240865,5.079542565361492,5.0811739147085015,5.166477979263868,2.8931209308369037,3.0153928833573906,3.3324280808304265,0.5980938468795688,0.09187079991951486,0.07656115240068186,0.3432513379057064,0.7770072768611667,0.03395392579299155,0.8810753013829918,0.05820281806732731
999,0.99,7.891769014633576,7.827855698277017,6.365836852457063,6.812296049597704,6.8276965578623345,7.08507013693787,5.070483862536467,5.072423490240004,5.2381191468472545,2.882362510921984,3.0048019966740194,3.419554259157514,0.6323365967164506,0.06859634274767307,0.1969379003782838,0.21980757442070556,0.7736284840654679,0.04536991109536599,0.8793461099225945,0.07460279789879354
