,Ewe_RHE,Logj100a,Logj100b,Logj100c,Logj10a,Logj10b,Logj10c,Logj1a,Logj1b,Logj1c,Logjpt1a,Logjpt1b,Logjpt1c,CO_Order_overall,CO_Order_overall_std,CO_Order100x10,CO_Order100x10_std,CO_Order10x1,CO_Order10x1_std,CO_Order1xp1,CO_Order1xp1_std
0,0.5,4.1147445206664575,4.012771155161276,3.8738047217462017,3.352100440767216,3.3560014269898977,2.958614585096467,2.4496539851796624,2.521209282370115,1.9290353247865297,1.4057364938665813,1.6676315578649543,0.5294574627927014,0.4047957893752518,0.03770183277488087,0.3379685368738714,0.06478325997715519,0.40053790975133774,0.09922446671859203,0.47730021470851763,0.17002097974163874
1,0.5004904904904904,4.1216127673517,4.019601384792687,3.880650665070732,3.3595134584840647,3.3630486209525543,2.9661462690552485,2.4587389490862015,2.528646382292225,1.9381589277453806,1.4151466180177654,1.6759406244260726,0.5438453599752555,0.40424073531844573,0.037544629112152686,0.3377589932611285,0.06474549888637665,0.40000897220192416,0.09907921808211492,0.4763648281977915,0.16923822905650895
2,0.500980980980981,4.1284815559343295,4.026423724368358,3.887507509817747,3.366927423412553,3.3701102912114553,2.973666008612883,2.4678438920142307,2.5360503930847944,1.9471897995071343,1.4245605120152678,1.684264441403339,0.5579280639800439,0.4036998681995173,0.03739629740734061,0.3375494603837677,0.06470961440664952,0.39949586040305773,0.09894558660005892,0.4754556197438796,0.168500947603064
3,0.5014714714714714,4.135351801309901,4.033239038071934,3.894375010997306,3.374341054520466,3.3771852009156076,2.9811738281694695,2.4769655895917544,2.543424516062364,1.9561308583713681,1.4339811481983307,1.6925983365166508,0.5717168587792978,0.40317276040413513,0.03725645650818848,0.33734052129260783,0.0646755082659593,0.39899779425686066,0.09882323040662189,0.47457162104536166,0.1678072668719263
4,0.501961961961962,4.142224305265644,4.040048125190723,3.901252862099528,3.381753187383187,3.384272168585113,2.9886698174751514,2.4861009682999655,2.5507717242878387,1.9649851326614975,1.443410710891076,1.7009380360286415,0.5852232575500035,0.40265898383926524,0.03712472191403647,0.3371326900068757,0.06464308265100903,0.3985140232993,0.09871178314636092,0.47371189172494166,0.16715528435086408
5,0.5024524524524524,4.149099753308952,4.046851720937178,3.9081407020721213,3.38916281226599,3.3913700629491417,2.9961541074097564,2.4952471009624357,2.558094778810125,1.9737558581770243,1.4528507594224287,1.7092796283704537,0.5984589680266166,0.40215810468411645,0.03700070630088454,0.3369264109246655,0.06461224470502361,0.39804381215433815,0.09861084671554525,0.47287552181660497,0.16654306455944912
6,0.502942942942943,4.155978723372843,4.05365050166406,3.915038108990377,3.3965690355733997,3.3984778060459933,3.0036268857940107,2.5044011975245253,2.5653962355501467,1.9824463961424599,1.4623022448884244,1.717619565143201,0.6114357643634513,0.4016696894505697,0.0368840232085827,0.33672206276488326,0.06458290310625431,0.397586449906917,0.09851999811565504,0.47206163552779323,0.1659686611602119
7,0.5034334334334334,4.162861698878139,4.06044508572365,3.9219446111511296,3.403971065172977,3.405594371571715,3.0110883680789913,2.513560604937139,2.572678459310287,1.99106018793436,1.4717655644479384,1.7259546208185697,0.6241656048876574,0.4011933001413704,0.03677428431025067,0.3365199687953866,0.06455497075899286,0.39714124803884676,0.09843879753770303,0.47126936762405225,0.16543010452936896
8,0.5039239239239239,4.169749078567198,4.067236041912593,3.9288597047941827,3.411368238071562,3.412718775395757,3.01853881044935,2.522722797126916,2.5799436343225506,1.999600801876197,1.4812407286025644,1.7342818691330557,0.6366602526992268,0.4007285058191474,0.03667110863285684,0.33632039751408693,0.06452836371019921,0.39670753810994874,0.09836678283518854,0.47049790440313904,0.16492544953737917
9,0.5044144144144144,4.176641170444217,4.074023887212235,3.9357828466874842,3.4187599638224513,3.419850085327881,3.0259785051566572,2.531885381459344,2.5871937738951516,2.0080718225990255,1.4907272077144043,1.7425986811547205,0.648931636991395,0.40027487360377323,0.03657411376719147,0.3361235678255056,0.06450299882988363,0.39628467798830774,0.09830348208644259,0.4697464402026614,0.1644527330326971
10,0.5049049049049049,4.183538216464915,4.080809092009441,3.9427134736375113,3.426145770621211,3.4269874195410335,3.0334077636547114,2.54104608493081,2.5944307290671755,2.016476902623359,1.5002241601057988,1.7509027027480828,0.6609913342572031,0.3998319841502507,0.03648292908328212,0.3359296521918539,0.06447879894453329,0.39587204913237106,0.09824841088429685,0.4690142294658204,0.1640100405569761
11,0.5053953953953954,4.190440386494686,4.087592083633405,3.949651000559358,3.4335252358221675,3.4341299346848544,3.040826928589357,2.5502027507487006,2.601656198947975,2.024819765089451,1.5097305097215485,1.7591918116869802,0.6728510975988048,0.39939940581415534,0.03639718160030533,0.3357387860348182,0.06445568587559916,0.39546904515019043,0.09820106834129125,0.4683005064787788,0.16359544008338903
12,0.5058858858858859,4.197347793176841,4.094373249153628,3.9565948112341665,3.4408980325702982,3.4412768343883444,3.048236358731967,2.5593533425744814,2.6088717383390754,2.0331040609379976,1.5192447621853797,1.7674641278341472,0.6845222290741482,0.3989767322983825,0.03631651293492963,0.3355510631545668,0.06443358724670893,0.3950750965574432,0.09816095841830771,0.4676045824301171,0.16320706354004066
13,0.5063763763763763,4.204260483545308,4.101152937841768,3.9635443043830803,3.4482638961572127,3.4484273678921173,3.055636425959526,2.5684959328211647,2.616078766518221,2.041333551342082,1.5287652952581003,1.775718000521982,0.6960160574267606,0.3985635484335537,0.03624056595214304,0.3353665470474886,0.06441243130650852,0.3946896392845476,0.09812756752225861,0.46692576201829356,0.16284304457695742
14,0.5068668668668669,4.211178478756603,4.1079314595139556,3.9704988462144373,3.45562262848143,3.4555808209398213,3.0630275189722074,2.5776286956817605,2.623278576249161,2.0495119107537834,1.5382902413803305,1.7839519672482957,0.707343519925772,0.3981594576343079,0.03616899634171582,0.33518526968325224,0.06439215125192556,0.39431214275878496,0.09810038768218227,0.4662633987527275,0.1625015758580514
15,0.5073573573573573,4.21810171742829,4.114709095494404,3.9774578086789742,3.462974086393781,3.4627365237208054,3.0704100388837032,2.5867499191186543,2.6304723389114093,2.057642795459485,1.5478174959448616,1.7921647523804833,0.7185155127282593,0.39776406469920034,0.03610146293928933,0.33500723160308166,0.06437268006059216,0.3939420963259314,0.09807890995291055,0.4656168556263445,0.16218086157729933
16,0.5078478478478479,4.225030147356241,4.121486091755571,3.9844205740027387,3.4703181672642716,3.4698938436054325,3.0777843913881524,2.595857981973076,2.637661113269554,2.0657298691059065,1.5573450142790985,1.8003552639274543,0.7295424058676426,0.3973769874064668,0.03603764047399126,0.3348324191353676,0.0643539548911736,0.3935790033242073,0.09806262086226072,0.464985534453912,0.1618791855933843
17,0.5083383383383383,4.231963619580198,4.128262665796806,3.991386506544201,3.4776548301155854,3.4770521897829876,3.085150989309947,2.604951361508454,2.6448458524088405,2.0737767276347308,1.5668704747455007,1.808522565601304,0.7404345096537509,0.3969978478661355,0.03597720725562742,0.3346607818818567,0.06433591421799852,0.3932223939549783,0.09805101326210156,0.46436885239862374,0.16159484455263892
18,0.5088288288288288,4.2389020193867095,4.135039011954393,3.9983550001747474,3.4849840742359217,3.4842110022447965,3.092510248102502,2.6140286288447148,2.6520274088591846,2.0817869020444943,1.576391598546893,1.8166658700926894,0.7512017477956056,0.396626280514586,0.03591985405896662,0.33449226465259163,0.06431850076990836,0.3928718194595216,0.09804358543814148,0.46376624444999964,0.16132619926153505
19,0.5093193193193193,4.2458451486299715,4.141815293546874,4.005325443342327,3.4923059177790905,3.491369761972592,3.099862582040007,2.6230884466263302,2.659206542819939,2.089763903352273,1.5859059299446958,1.8247845259572106,0.7618538099442436,0.39626192768145696,0.03586527884335924,0.33432678640980784,0.06430165678781356,0.3925268425827451,0.0980398363870225,0.46317718241805506,0.16107164334271565
20,0.5098098098098098,4.25279282402805,4.148591655112778,4.012297231400247,3.4996204393931767,3.498527981966918,3.1072084115676617,2.6321295547248225,2.666383925302084,2.097711128181466,1.5954111048980604,1.832878012187854,0.772399936262067,0.3959044449578189,0.035813194138184526,0.3341642522624877,0.06428532998607824,0.392187058647303,0.09803927745342249,0.462601152733838,0.16082964568901661
21,0.5103003003003003,4.2597448291463325,4.1553682158889975,4.019269793954184,3.5069277299845085,3.505685208361126,3.114548148163322,2.6411507819745075,2.673560146719646,2.105631931124101,1.6049047528911842,1.8409459134565567,0.7828491066274119,0.39555349489393,0.035763320576454344,0.33400455854315214,0.06426946804947285,0.39185207312230586,0.09804142457316908,0.4620376602735401,0.16059871683729637
22,0.5107907907907908,4.266700918535412,4.162145079171914,4.02624255619595,3.514227894455963,3.512841018910505,3.1218822026770003,2.65015103680261,2.68073572127745,2.113529578433935,1.61438435673598,1.8489879325254597,0.7932100997840288,0.39520874975358977,0.03571538559244724,0.3338475879243393,0.06425402022679842,0.3915215102883594,0.09804580312577073,0.46148623086981394,0.1603774005135483
23,0.5112812812812813,4.273660850785208,4.168922325180082,4.033214970467165,3.5215211000426065,3.5199950239484687,3.12921097423777,2.6591292995126583,2.6879110897029945,2.1214072136452984,1.6238476549171708,1.8570038665182473,0.8034911314496468,0.3948698944069904,0.035669134305926754,0.3336932122099242,0.06423894178917616,0.39119502446619353,0.09805195504474817,0.46094640319178576,0.16016433369296806
24,0.5117717717717718,4.280624368278349,4.17570002029982,4.0401865129526575,3.5288074808795065,3.527146860382379,3.136534867472718,2.668084628602741,2.695086628327978,2.1292679647567536,1.6332922385803519,1.8649935949307803,0.8137001646049334,0.3945366272631947,0.03562431817751264,0.3335413024555963,0.06422418443262908,0.39087227007917186,0.09805942166824215,0.4604177616494904,0.15995818491781374
25,0.5122622622622622,4.2875911970278855,4.1824782137483565,4.04715666591322,3.5360872363490374,3.5342961997284172,3.1438542672157697,2.677016146952177,2.702262650524409,2.1371147905435013,1.642715851213581,1.8729570796075132,0.823844886988347,0.39420865088790036,0.03558069934828076,0.3333917141511106,0.06420970739551608,0.39055293743276137,0.09806776807313444,0.4598998722315422,0.1597576792591158
26,0.5127527527527528,4.294561072149881,4.189256940648915,4.0541249409754965,3.5433605403254815,3.5414427312854793,3.1511695536988564,2.6859230484762877,2.709439412526248,2.144950598274235,1.6521162803797513,1.880894364956714,0.8339325699028197,0.39388568185709216,0.03553805157973414,0.3332443080994137,0.06419546864171352,0.3902367204922544,0.09807656438422133,0.45939233743455427,0.15956160348342444
27,0.5132432432432432,4.301533697686943,4.196036222580814,4.061090871151556,3.5506276108772794,3.5485861774014618,3.1584810992032217,2.694804591031334,2.7166171165223183,2.1527781465070603,1.6614913868756815,1.8888055471197824,0.843970063365489,0.3935674516194255,0.035496161697779374,0.33309893170917304,0.0641814289655821,0.38992334334955475,0.09808540115532846,0.4588947825561724,0.15936881216082105
28,0.5137337337337338,4.308508807937727,4.202816071069021,4.068054000621423,3.557888641915879,3.555726285839231,3.1657892635996374,2.7036600953698873,2.723795915735912,2.1606001498805996,1.6708390326849234,1.89669079234581,0.8539639563670924,0.3932537014985593,0.03545482418500412,0.33295543854476667,0.06416755178665223,0.3896125328233864,0.09809387466885945,0.45840685601924913,0.15917819942129902
29,0.5142242242242242,4.315486106008078,4.209596483527127,4.0750139240476235,3.565143874796412,3.562862822974057,3.173094393205453,2.7124889397076593,2.7309759185979714,2.168419138764472,1.680157366870438,1.9045503170356726,0.8639204825955046,0.3929441770720792,0.03541384607147275,0.3328136753196714,0.06415380157804511,0.3893040481743989,0.09810160652586918,0.4579281840213939,0.15898873023383167
30,0.5147147147147147,4.322465321545261,4.216377450252723,4.081970238253305,3.572393516570414,3.569995584361075,3.1803968263560667,2.7212905586898883,2.7381571906689453,2.1762376052421035,1.6894444655690348,1.9123843821657966,0.87384545335949,0.392638644598221,0.03537304533432916,0.33267349376950556,0.06414014482267233,0.38899765034562217,0.09810822319850457,0.4574584544304015,0.15879942371283293
31,0.5152052052052052,4.3294461624297345,4.223158951487333,4.08892256878932,3.579637803024735,3.577124382761596,3.187696885672829,2.730064442304057,2.7453397597419102,2.1840578806399193,1.6986985735582003,1.920193292040529,0.8837444407621036,0.3923368738940531,0.03533224893060984,0.3325347408059456,0.06412654993135389,0.3886931253836936,0.098113373761226,0.4569973383293066,0.1586093492036799
32,0.5156956956956957,4.336428364382608,4.229940958015975,4.095870562664106,3.5868769624817896,3.5842490544455545,3.194994879675077,2.738810136369718,2.752523616483319,2.191882196010245,1.7079180138546077,1.9279773900985009,0.8936225111829466,0.3920386545817163,0.03529129821808684,0.33239726882719034,0.06411298836565434,0.38839027142468024,0.09811672159977518,0.45654455121229,0.15841765081186848
33,0.5161861861861862,4.343411642881755,4.236723436541828,4.102813899087755,3.5941112216900515,3.591369452585914,3.2022911079665755,2.7475272282175447,2.75970872203281,2.199712672970612,1.7171012573191766,1.9357370503201394,0.9034845328447205,0.39174377898764956,0.03525004146858791,0.33226093044323846,0.06409943058435764,0.38808890164050464,0.09811794486185536,0.456099797328254,0.1582235124026801
34,0.5166766766766767,4.350395735886059,4.243506344419973,4.1097522748123305,3.601340809837036,3.5984854533556287,3.209585851915171,2.7562153589851968,2.766895006875585,2.207551322370733,1.7262468120333627,1.943472678346925,0.9133349933295508,0.39145205568264346,0.035208338336185196,0.3321255816619761,0.06408585117692346,0.3877888429294556,0.09811673859796935,0.455662813374228,0.15802617631568266
35,0.5171671671671672,4.357380392099562,4.2502896350728685,4.116685408031866,3.6085659680398914,3.6055969468749427,3.216879379777693,2.764874212603552,2.774082374494132,2.215400022739226,1.7353534207385457,1.9511846974444893,0.9231780112954618,0.3911633014019356,0.03516606038845654,0.3319910807334927,0.06407222737670587,0.3874899409074071,0.09811281665453739,0.45523333606308336,0.15782495004541755
36,0.5176576576576577,4.364365344922842,4.257073256861024,4.123613064299568,3.6157869099286786,3.6127038412921624,3.224171947017606,2.773503519908575,2.781270705233408,2.223260529634809,1.7444198881872612,1.9588735553180567,0.9330173887794546,0.39087734516322126,0.03512308867210813,0.33185729303698963,0.06405853366532885,0.3871920523298798,0.09810590965473513,0.45481112106724125,0.15761919339500655
37,0.5181481481481481,4.37135036203795,4.2638571530504965,4.130534988423492,3.6230038543475716,3.6198060627902224,3.2314637972047886,2.7821030478665163,2.7884598568130357,2.2311345350527363,1.75344501310848,1.9665397180933017,0.9428565939539068,0.3905940312010411,0.03507931384153312,0.3317240835299259,0.06404475075928202,0.38689504284293363,0.09809575880031333,0.45439596334963284,0.15740831277004538
38,0.5186386386386387,4.3783352005796,4.270641263398981,4.137450989010365,3.6302170258508912,3.626903550527739,3.238755150466709,2.790672605724343,2.795649669784648,2.239023551820492,1.7624279406271128,1.9741836578321426,0.9526988428418766,0.390313203720676,0.0350346363479005,0.33159132505937894,0.06403085908218775,0.3865987997057941,0.0980821311238284,0.4539876210684823,0.15719177326654749
39,0.5191291291291291,4.385319638415575,4.277425525215957,4.1443608815675725,3.6374266296794286,3.633996258374644,3.246046222903398,2.799212042262974,2.8028399652619007,2.2469290066978163,1.7713677620510309,1.9818058688438507,0.9625470427906192,0.390034723627986,0.0349889653575532,0.33145889536767337,0.06401684005116388,0.3863032184788087,0.09806480567308119,0.45358589208720174,0.15696908415233052
40,0.5196196196196197,4.392303452508602,4.284209872687854,4.15126450382911,3.644632869862244,3.64108415314661,3.2533372096131252,2.807721239284188,2.81003055117238,2.2548522260697808,1.7802636745929632,1.9894068440161214,0.9724036605888433,0.3897584682465149,0.03494222268170354,0.3313266761732811,0.06400267712743875,0.38600820504002203,0.09804357739148514,0.4531906112617392,0.15673982051856902
41,0.5201101101101101,4.399286444303219,4.290994237303604,4.158161718795733,3.651835947994941,3.6481672163966516,3.2606282958991595,2.816200111586827,2.817221221019846,2.2627944122948547,1.7891151202079,1.9969870835569463,0.982271036700973,0.3894843130453784,0.034894336044759916,0.33119455564281586,0.06398835568702715,0.3857136808966151,0.09801825900680729,0.45280157997962517,0.15650359305361158
42,0.5206006006006006,4.406268406604451,4.297778551203548,4.165052406529575,3.6590360555449117,3.6552454387059217,3.267919646436799,2.8246486108458497,2.824411758790168,2.2707566535600847,1.7979215233683645,2.004547090291339,0.9921511235101331,0.3892121523296984,0.0348452442062733,0.3310624264018394,0.0639738621693296,0.38541957697781026,0.09798868079707333,0.45241864539340865,0.1562600688463059
43,0.5210910910910911,4.413249165482248,4.304562741740122,4.171936467762127,3.666233367249925,3.6623188247264804,3.275211420412106,2.833066718097769,2.831601937677259,2.278739928800293,1.8066824706126483,2.0120873728844497,1.00204568496997,0.38894188462513657,0.03479489277119411,0.3309301893701173,0.06395918419030859,0.38512583616094703,0.09795468821593781,0.452041644499075,0.156008953904916
44,0.5215815815815816,4.42022853903958,4.311346738653212,4.178813830082732,3.673428068856103,3.6693873830954042,3.2825037553934506,2.8414544397311285,2.8387915227944482,2.286745123842704,1.8153976648722714,2.019608434579169,1.0119561329023417,0.38867342085688467,0.03474323779127222,0.330797749506736,0.06394431104869312,0.3848324113428037,0.0979161420513067,0.4516704382258077,0.15575000923385182
45,0.5220720720720721,4.427206360190959,4.318130468597947,4.185684440713657,3.6806203273311335,3.6764511419427426,3.289796783141101,2.849811814489365,2.8459802733457535,2.2947730100887664,1.824066895308262,2.0271107781348174,1.0218837701042665,0.3884066755229667,0.03469023996172505,0.33066501704793433,0.06392923247949928,0.3845392674192275,0.09787291959643156,0.4513048781363178,0.15548302241697215
46,0.5225625625625625,4.4341824748060805,4.324913859901671,4.1925482424565335,3.6878102970305995,3.6835101298468853,3.2970906148403967,2.8581389071785246,2.8531679430998795,2.3028242645352583,1.8326900336753051,2.0345948956913,1.031829414198908,0.3881415821038073,0.03463587358135842,0.330531908446942,0.06391394112485865,0.3842463752270231,0.09782491267461733,0.45094486492971847,0.15520785085197022
47,0.523053053053053,4.441156747997482,4.331696839833844,4.199405234234081,3.6949981278331734,3.690564386216499,3.3043853505116085,2.8664358069601557,2.860354282662031,2.3108994549629847,1.8412670674659533,2.0420612834949003,1.041793927242645,0.3878780713770437,0.03458011378835783,0.3303983516104564,0.06389842915103601,0.38395371764920455,0.0977720294350641,0.4505902627807498,0.1549243609714662
48,0.5235435435435436,4.4481290345703215,4.338479337579298,4.2062554021376215,3.702183962273707,3.697613960063433,3.3116810810985586,2.874702623821104,2.867539039271099,2.318999062589786,1.8497981055493273,2.049510421425477,1.0517777177655272,0.38761608923615265,0.0345229486030361,0.33026427235964656,0.0638826902534567,0.38366128658573795,0.09771419111737835,0.4502409763132114,0.1546324856955952
49,0.524034034034034,4.455099220639178,4.345261280956554,4.213098752066428,3.709367942655796,3.704658904877915,3.3189778840027286,2.882939495628097,2.874721958658559,2.3271234528588884,1.8582832823945816,2.0569427839087093,1.0617811382084739,0.3873555864559352,0.03446436921690151,0.33012960506350586,0.06386672074516152,0.3833690855332549,0.09765133651937259,0.4498969024119385,0.15433217562404408
50,0.5245245245245245,4.462067191305174,4.352042599554056,4.219935327897995,3.7165501758291253,3.7116992803580953,3.3262758162755652,2.891146577246307,2.88190278724845,2.335272924905858,1.8667228525598523,2.0643588430238817,1.071804239456607,0.3870965234621475,0.03440437546316715,0.329994296878208,0.06385051527870343,0.38307711784660836,0.09758341476103825,0.44955795753347283,0.15402342900548566
51,0.525015015015015,4.469032845759068,4.3588232243566445,4.226765151456724,3.723730783304193,3.718735153792386,3.333574939473695,2.8993240431986838,2.88908127012043,2.3434476979567753,1.8751171958902224,2.071759053877752,1.0818469871869434,0.38683886067087825,0.03434297118758786,0.3298582901358823,0.0638340715649008,0.38278539967096353,0.09751038704656287,0.449224045872427,0.15370626552401082
52,0.5255055055055055,4.475996089714083,4.365603086960243,4.233588299305313,3.730909881731275,3.7257665960834276,3.34087528883949,2.907472092118934,2.896257155335889,2.351647867967298,1.8834666626649075,2.0791438545968273,1.091909048205126,0.38658257717990974,0.034280168771086146,0.32972154011528004,0.063817387623546,0.3824939570849127,0.09743223389113523,0.4488951077045355,0.15338074960777642
53,0.525995995995996,4.482956845319537,4.372382120933514,4.240404829630682,3.7380875581763475,3.7327936824793575,3.348176896721461,2.915590932512142,2.903430192207497,2.3598734755460695,1.8917718218829094,2.0865136808922236,1.1019899882863775,0.3863276473151263,0.034215984957286366,0.32958400617255773,0.06380046230749878,0.3822028184965592,0.0973489431309783,0.44857106021578425,0.15304697195739492
54,0.5264864864864864,4.489915035575758,4.379160259901904,4.247214828452594,3.7452639070225,3.7398164938911225,3.3554797810667094,2.9236807961647013,2.910600133292357,2.368124463231008,1.9000331913953639,2.093868951763598,1.1120892086901801,0.3860740577576645,0.034150441563989255,0.3294456520302867,0.06378329548922146,0.3819120224654224,0.097260518475284,0.44825184387469824,0.15270504894502104
55,0.526976976976977,4.496870599940637,4.385937441042499,4.2540183828313785,3.7524390076275354,3.746835113932549,3.3627839508056874,2.9317419251378,2.9177667344874063,2.3764007207623674,1.9082514266128434,2.1012100779276848,1.1222059764409875,0.3858217965765043,0.03408356510618328,0.3293064475474486,0.06376588829953973,0.3816216101342023,0.09716697182253439,0.44793739419529593,0.1523551233966031
56,0.5274674674674674,4.503823481253243,4.392713603047174,4.260815607294138,3.7596129334774457,3.753849628611259,3.370089408194836,2.9397745823704127,2.924929755968966,2.3847020692185383,1.9164272204777897,2.10853745020971,1.1323393834417914,0.3855708605682684,0.03401538729144414,0.32916636873766913,0.0637482410066582,0.38133162747389154,0.09706832599962896,0.4476276631913703,0.15199736618218834
57,0.527957957957958,4.510773637754462,4.399488684440728,4.267606613216647,3.7667857468288712,3.760860127243536,3.3773961421621674,2.947779041006587,2.9320889627927698,2.39302820789688,1.9245613311182588,2.1158514499975043,1.1424884390418062,0.3853212494554843,0.033945943748237326,0.3290253964399511,0.06373035614288111,0.38104213282526517,0.09696462075922824,0.4473225913113095,0.151631970561474
58,0.5284484484484484,4.517721030211888,4.40626262846589,4.274391515938787,3.7739575072708313,3.7678667027263484,3.3847041350778246,2.9557555832830884,2.9392441249733743,2.401378838756731,1.9326545531436963,2.123152438967523,1.152651954958888,0.38507297097850723,0.03387527512527063,0.32888351393309917,0.0637122370420871,0.38075318129239893,0.09685589778107866,0.44702214760539316,0.15125915469950513
59,0.528938938938939,4.524665626365545,4.413035377387652,4.281170456015015,3.7811282639612456,3.77486944854781,3.39201335846173,2.9637045063398295,2.9463950184870358,2.4097535565604806,1.9407077673323068,2.1304407691748755,1.1628287634186845,0.3848260309683043,0.03380342321468281,0.3287407120091317,0.06369388661644174,0.3804648374820107,0.09674221394890481,0.44672627457586855,0.1508791465907832
60,0.5294294294294294,4.531607404866777,4.419806878055902,4.287943574171287,3.7882980600022855,3.7818684574473087,3.399323780329692,2.9716261229321375,2.953541424917559,2.418151901832763,1.9487219189350757,2.1377167810727804,1.1730175097059827,0.3845804420875737,0.033730435417363064,0.32859698522052255,0.06367530841180434,0.38017716928787837,0.09662363459776599,0.4464349293542185,0.150492204180639
61,0.5299199199199199,4.538546360323409,4.426577078514455,4.2947110169356755,3.7954669255849662,3.788863826029667,3.4066353555542808,2.9795207489442195,2.960683132464232,2.4265733764234536,1.9566979390681982,2.1449807900646545,1.1832167654047698,0.38433622299597126,0.03365636120111851,0.3284523346546442,0.06365650760470172,0.3798902455797024,0.09650023162514607,0.44614808122565686,0.15009859567212652
62,0.5304104104104104,4.5454824771258275,4.433345927841104,4.3014729295233485,3.802634896034638,3.7958556529100496,3.413948034550016,2.987388712611456,2.9678199360416717,2.435017415943208,1.9646368505279654,2.1522331082819073,1.1934250334184464,0.38409339176233515,0.03358125316166554,0.3283067594904357,0.06363748986102685,0.3796041424450626,0.09637208725647414,0.44586568979059815,0.1496986074244569
63,0.5309009009009009,4.552415753357566,4.4401133793768,4.308229481891767,3.8098019805680092,3.8028440319471333,3.4212617612442147,2.995230351241687,2.974951637656833,2.4434833985973365,1.972539670658884,2.1594740250269595,1.2036407528216537,0.3838519723664342,0.03350516567236902,0.3281602704953959,0.06361825893294457,0.3793189365344158,0.09623929133025953,0.445587722013497,0.14929253701934103
64,0.5313913913913914,4.5593461975141425,4.446879385837236,4.314980836379922,3.81696820809292,3.8098290634167267,3.4285764733151463,3.0030460083138033,2.982078046010739,2.451970667143918,1.9804075326311115,2.1667038158005383,1.213862288050858,0.3836119883072546,0.03342815617892703,0.3280128758759937,0.0635988220912704,0.3790347106422303,0.09610194086801263,0.4453141376252143,0.14888069842216037
65,0.5318818818818819,4.566273815123809,4.453643905239746,4.321727151457507,3.824133577024274,3.8168108413662596,3.435892102785043,3.0108360351094503,2.989198977800372,2.460478535187699,1.9882414643544337,2.173922746926761,1.2240879867817676,0.3833734682948203,0.033350282238867435,0.32786458975124655,0.06357918500003465,0.37875154336150324,0.09596013674218272,0.44504491341615,0.14846340591730492
66,0.5323723723723723,4.5731986309936765,4.46040689500916,4.328468610087186,3.831298095435073,3.823789461836574,3.4432085724250894,3.0186007895343656,2.996314256308565,2.469006236433791,1.9960426645754044,2.1811310682080487,1.2343160826177444,0.3831364421668727,0.033271605814930834,0.3277154321435162,0.0635593548205093,0.37846952328705624,0.09581399182864962,0.4447800106966513,0.1480410003066936
67,0.5328628628628629,4.580120664088424,4.467168315128346,4.335205378628178,3.838461758563664,3.830765020642781,3.4505258078066605,3.026340635802426,3.0034237137458217,2.4775530091779214,2.0038122770058067,2.188329009032479,1.244544878483338,0.3829009387280193,0.03319218680423439,0.3275654216814206,0.06353933815823282,0.3781887346582261,0.09566361904379789,0.4445193945343421,0.1476138107975265
68,0.5333533533533533,4.587039940459354,4.473928129420385,4.341937642993022,3.84562455753276,3.837737612770438,3.4578437204374084,3.034055943009709,3.0105271887171057,2.4861180296184275,2.0115514858031087,2.1955167879253623,1.254772547224034,0.3826669929316193,0.03311208902367591,0.32741458415785374,0.06351914224717004,0.37790926631958294,0.09550914069851144,0.44426303718810023,0.14718218868691055
69,0.5338438438438439,4.593956481531794,4.4806863016722716,4.34866557633975,3.8527864785345085,3.844707329804062,3.465162224131783,3.0417470841258085,3.017624529029912,2.4947004678663123,2.0192614751183457,2.2026946149098583,1.264997312276935,0.3824346369586071,0.03303137515697382,0.3272629437165833,0.06349877396348284,0.37763120523179533,0.09535068043510062,0.4440109058363799,0.1467464798120202
70,0.5343343343343343,4.6008703347748465,4.487442799414235,4.355389363907616,3.8599475092744178,3.8516742629233867,3.4724812244283454,3.0494144348514776,3.024715588091816,2.5032994412001774,2.026943485682166,2.2098626808972552,1.2752173365187083,0.382203906351597,0.03295011004225214,0.32711053159999914,0.06347824204990946,0.37735464376016153,0.09518836970877077,0.4437629645584421,0.14630704280981607
71,0.5348248248248249,4.607781532064862,4.494197590262189,4.362109182018809,3.8671076214528153,3.8586385016111984,3.479800627064618,3.057058379313966,3.0318002294502358,2.5119140410548013,2.0345987265831846,2.21702116255039,1.2854308094282187,0.38197483628212453,0.03286835788694154,0.3269573780485788,0.06345755365029596,0.37707967278965976,0.09502234364462872,0.4435191791722899,0.14586423368762275
72,0.5353153153153153,4.6146901200087,4.500950646509168,4.368825212265627,3.87426679020538,3.865600132882899,3.4871203336673693,3.0646792976804553,3.0388783227075584,2.520543359295323,2.042228413794547,2.224170227151516,1.2956359148198195,0.38174746326582115,0.03278618294192254,0.326803517330233,0.0634367170003167,0.3768063823847347,0.09485273808549176,0.443279517042858,0.14541840899831013
73,0.5358058058058058,4.62159613772064,4.507701938689846,4.375537635634919,3.8814249902920093,3.872559242563789,3.4944402405729713,3.072277577146922,3.045949746732829,2.5291864585295674,2.0498338539596648,2.2313100294693506,1.3058307722390938,0.38152182287550157,0.03270365170558928,0.3266489832785621,0.06341574043297936,0.37653486349370396,0.09467969389510306,0.4430439416481713,0.14496993887655873
74,0.5362962962962963,4.628499638305674,4.514451442414022,4.382246631333276,3.888582183293532,3.879515913512572,3.5017602437671353,3.0798536054779833,3.0530143864021007,2.537842364573146,2.057416213041171,2.238440702210781,1.3160136576854784,0.3812979519064221,0.03262082631612068,0.32649381461759874,0.06339463217610022,0.37626520905109373,0.09450335616274143,0.4428124130023497,0.14451917040317303
75,0.5367867867867868,4.635400663775593,4.521199133986259,4.388952384537517,3.8957383314073226,3.8864702263648354,3.5090802362557323,3.087407770059585,3.0600721353655045,2.5465101340748615,2.064976788598737,2.2455623798176094,1.3261826907899985,0.3810758873276971,0.03253777289647381,0.32633805009427697,0.06337339964124229,0.37599750564855766,0.09432386717927387,0.442584900133303,0.14406647319402188
76,0.5372772772772773,4.642299273253338,4.527944990424609,4.395655064435589,3.902893401339244,3.89342225607232,3.516400107986085,3.0949404626856145,3.0671228948354052,2.555188771689686,2.072516805648873,2.2526751781890657,1.336336149698962,0.3808556637778494,0.03245455396696061,0.3261817293342064,0.06335205253075107,0.3757318450588462,0.09414137638652395,0.4423613565134966,0.14361219796590238
77,0.5377677677677678,4.649195517832181,4.53468899211646,4.402354855341988,3.9100473393620034,3.900372081401364,3.5237197504984756,3.1024520721587674,3.0741665726356566,2.56387726798732,2.0800374943315583,2.259779198787625,1.3464722379352165,0.38063731992924854,0.032371233507164324,0.32602489565331505,0.06333059775755018,0.3754683183944922,0.09395603426619534,0.44214174625152386,0.14315670489377105
78,0.5382582582582582,4.656089452712637,4.541431119530319,4.409051916957443,3.9172001094021183,3.9073197718824306,3.5310390542884678,3.1099429908028573,3.081203084295746,2.5725746411509105,2.087540080976482,2.266874539144839,1.3565892699984679,0.38042088862820134,0.032287872738096565,0.32586758834326734,0.0633090446822209,0.3752070122127159,0.09376798926424262,0.4419260241337826,0.14270033879926028
79,0.5387487487487488,4.662981129435713,4.54817135526384,4.415746432291142,3.9243516626913966,3.9142653986408806,3.538357903144387,3.117413605346658,3.088232352694206,2.5812798908277896,2.095025811643747,2.273961281271448,1.3666855286364785,0.3802064048481326,0.03220453343168023,0.32570985242626593,0.06328740103472727,0.3749480129223189,0.09357739215473136,0.4417141465044177,0.14224344952401471
80,0.5392392392392392,4.669870614133368,4.554909684677432,4.422438562446985,3.931501940268528,3.9212090255156835,3.545676186251747,3.1248643078546046,3.0952543070380023,2.5899919940394804,2.1024958553777156,2.281039494834104,1.376759395703461,0.37999390292528146,0.032121274754054366,0.32555173401469917,0.06326567494320051,0.37469140676987855,0.09338439582651224,0.44150606670973425,0.14178637322209106
81,0.5397297297297298,4.676757958975372,4.561646092220934,4.429128467528215,3.9386509049829144,3.9281507171874006,3.552993789610031,3.1322954838314554,3.1022688846013455,2.5987099445525765,2.109951442999016,2.2881092498450566,1.3868092331704813,0.37978341468967836,0.03203815650792542,0.3253932741050116,0.0632438755781243,0.37443728017766365,0.09318915247630379,0.441301734623698,0.1413294498699217
82,0.5402202202202202,4.683643219692988,4.568380565133798,4.435816306596533,3.945798493768536,3.9350905329945114,3.5603105984122685,3.139707520083419,3.109276027940218,2.6074327391473564,2.1173937495912236,2.2951705890414664,1.3968334314807278,0.37957497396748513,0.03195523693942462,0.3252345191040189,0.06322201040938187,0.37418571353691515,0.09299181296025934,0.44110110940504477,0.1408730117493651
83,0.5407107107107108,4.690526460897477,4.575113093004444,4.442502234827048,3.952944651183461,3.9420285285970804,3.5676265007955457,3.1471008011470065,3.1162756871720947,2.616159379833636,2.1248239147621035,2.3022235675768243,1.4068305261909384,0.3793686095504257,0.031872570722146616,0.32507551548406394,0.06320008753518415,0.37393678671314584,0.09279252763907087,0.4409041340664938,0.14041737316424308
84,0.5412012012012012,4.697407735359442,4.581843663951801,4.449186408439819,3.9600893274515228,3.948964757215632,3.574941381930902,3.1544757103628003,3.123267817771352,2.6248888532815386,2.132243088528019,2.309268216122488,1.4167990221668083,0.37916435180724845,0.03179021312432931,0.3249163079042554,0.0631781148067771,0.37369058122781856,0.09259144916910123,0.44071075648281494,0.13996285206469863
85,0.5416916916916917,4.704287102460018,4.588572268685792,4.455868970751079,3.967232457969293,3.95589926868154,3.5822551311140987,3.161832625459078,3.130252382441412,2.6336201824898287,2.1396523813447126,2.316304560631737,1.426737448066427,0.37896223108230853,0.03170821804860469,0.3247569425277202,0.06315609953545155,0.37344717106925823,0.092388724715877,0.4405209329876306,0.13950975895445053
86,0.5421821821821822,4.711164619085759,4.595298899589774,4.462550058027643,3.9743739954857054,3.9628321093778385,3.589567635383698,3.1691719252515735,3.1372293489443246,2.642352362798152,2.147052904239273,2.3233326270578702,1.4366444377248344,0.3787622732655936,0.031626637280368367,0.32459746269215406,0.0631340504911914,0.37320663502617096,0.09218450567433059,0.4403346014915967,0.1390583942255485
87,0.5426726726726727,4.7180403418077965,4.602023549614004,4.4692298146744225,3.981513872249083,3.969763321832804,3.5968787822987713,3.1764939817878037,3.144198691067307,2.6510844316033806,2.1544456983120104,2.33035242504327,1.4465187084867845,0.3785645037867918,0.03154551928231376,0.32443791640021713,0.06311197420877095,0.37296904245597406,0.09197893713769273,0.4401517062811236,0.13860904097005242
88,0.5431631631631632,4.724914332674169,4.6087462115466,4.475908358981797,3.9886520380116712,3.976692943773672,3.6041884639152695,3.1837991656032556,3.151160388509682,2.65981542136242,2.161831826860051,2.337363956398511,1.4563589747028278,0.3783689469352491,0.03146491284606889,0.32427834615357476,0.06308987945092516,0.37273446528416226,0.09177216499698328,0.43997218991837234,0.13816198362020252
89,0.5436536536536537,4.731786636142745,4.615466881737984,4.482585833446273,3.995788423523645,3.983621013394713,3.6114965723375647,3.191087844545669,3.158114425504228,2.668544384759378,2.1692122957523576,2.344367222164441,1.466164002048325,0.3781756271536822,0.03138486458591545,0.3241187986035584,0.06306777110864843,0.37250296956463774,0.09156433180546465,0.43979599915586515,0.13771749674596087
90,0.5441441441441441,4.738657308331702,4.622185554080211,4.489262345675994,4.002922979318406,3.990547561805257,3.6188029980586243,3.1983603805583365,3.1650607917724645,2.6772703714434654,2.1765880947527414,2.3513622164336656,1.4759326194914304,0.37798456623213783,0.03130541977878177,0.3239593150780186,0.06304565801436357,0.37227462345581913,0.09135558089148717,0.4396230744213488,0.13727584648284427
91,0.5446346346346347,4.745526405712617,4.628902225430621,4.4959380146893775,4.0100556420672975,3.9974726187865026,3.6261076392814005,3.20561713313363,3.1719994824616475,2.685992476033488,2.18396017748669,2.3583489225445784,1.485663765918451,0.37779578306081174,0.031226619974692855,0.323799940119911,0.06302354629912914,0.37204948709259017,0.09114604890738459,0.4394533539593414,0.13683728027158515
92,0.5451251251251251,4.7523939763173955,4.635616892724859,4.5026129490152424,4.0171863484977,4.00439620866831,3.6334103901617865,3.2128584561350455,3.17893049660786,2.6947097683544237,2.191329456443855,2.3653273197596936,1.4953563836728634,0.3776092977720148,0.031148506611957918,0.3236407169101571,0.06300144238831998,0.37182762308408485,0.09093587508512223,0.43928677821777884,0.13640204519865506
93,0.5456156156156156,4.759260070720823,4.642329554188116,4.509287245667588,4.0243150439336075,4.011318353663328,3.640711148127702,3.2200846973980766,3.185853838200769,2.7034213734690495,2.198696808132569,2.3722973903670646,1.5050095381253479,0.3774251256097343,0.031071117499553203,0.3234816861058734,0.06297935358554253,0.37160908761014916,0.09072519189272375,0.4391232824463754,0.1359703682583389
94,0.5461061061061061,4.76612473278778,4.649040207110561,4.515961010672193,4.031441675661881,4.0182390711038725,3.648009814673315,3.227296206328989,3.192769514869547,2.7121264209352627,2.2060631305404352,2.379259099576032,1.5146222420177171,0.37724328384797884,0.0309944913804079,0.3233228883957458,0.06295728549773472,0.3713939356119313,0.09051413082616255,0.4389628102816083,0.13554248237141422
95,0.5465965965965967,4.772988008688728,4.6557488508818405,4.522634334115147,4.03856617554597,4.025158379244432,3.6553062940941095,3.2344933205300404,3.199677539658146,2.7208240437231805,2.213429188743411,2.3862124165076026,1.524193698659978,0.3770637864596632,0.03091866173527518,0.32316436449238856,0.06293524354103718,0.371182220767809,0.09030282130901218,0.43880529601607693,0.13511859221516084
96,0.5470870870870871,4.7798499390324745,4.662455483748156,4.529307293187415,4.045688493440002,4.032076285911576,3.662600490553528,3.2416763737520884,3.2065779274075203,2.729513401006572,2.220795819004651,2.3931573016574044,1.5337230459009932,0.3768866464503663,0.030843663592702488,0.3230061511952861,0.06291323416239301,0.37097399433590345,0.09009138969401677,0.43865067785806355,0.13469891066601533
97,0.5475775775775775,4.78671057045787,4.669160106861457,4.535979970128201,4.0528085683537585,4.038992801705634,3.669892309357304,3.248845697835336,3.2134706986997905,2.7381937050710854,2.2281637202602167,2.4000937136309406,1.5432096143856275,0.3767118741814653,0.030769526096093788,0.32284828833129237,0.06289126313816976,0.37076929832810723,0.08987995560773564,0.43849889450278257,0.13428361808017403
98,0.5480680680680681,4.793569938859709,4.6758627184134465,4.542652440273222,4.05992634735802,4.045907932004799,3.67718166363808,3.2560016143375163,3.2203558760505984,2.7468641378660195,2.235533655473823,2.407021608054362,1.5526526918171055,0.3765394790474205,0.030696279817424545,0.32269081119994936,0.06286933523263016,0.370568181900612,0.0896686407724427,0.4383498764239696,0.13387290457525425
99,0.5485585585585585,4.80042807977543,4.682563319794381,4.549324773811824,4.06704177281123,4.052821677581998,3.6844684644717876,3.2631444457645746,3.2272334857221683,2.7555239281354313,2.2429062416641523,2.4139409378646417,1.5620516721662243,0.3763694712724916,0.03062395164133262,0.32253375641369203,0.0628474551724854,0.3703706851091326,0.08945756123643224,0.43820356768243646,0.1334669383122797
100,0.549049049049049,4.807285032265793,4.689261911506524,4.5559970190083305,4.074154794958829,4.059734037963536,3.691752625441649,3.2702745031840803,3.2341035568557213,2.764172339595867,2.250282151862073,2.42085164928695,1.5714060061723356,0.37620185538673906,0.030552566979375893,0.32237715646822535,0.06282562941455976,0.3701768455099549,0.08924682823396368,0.4380599008076318,0.13306587957532318
101,0.5495395395395395,4.814140820388829,4.695958493389563,4.562669246422434,4.081265358335093,4.066645008205019,3.699034065899179,3.2773920924936157,3.240966121256694,2.772808631280995,2.257661970839172,2.4277536935930133,1.58071515451775,0.37603663943040266,0.030482150348045637,0.3222210454579844,0.06280386067723785,0.3699867010610983,0.08903655206901158,0.43791881789522674,0.1326698848937594
102,0.55003003003003,4.820995478420825,4.70265306747338,4.5693414934596035,4.088373408724702,4.073554580555704,3.706312704838068,3.2844975165205352,3.247821214164131,2.7814321048240958,2.265046253629637,2.4346470093255066,1.5899787517052357,0.3758738241884545,0.03041272166816718,0.3220654547511929,0.06278215438348023,0.36980028322400527,0.08882683779736257,0.43778024824498163,0.13227908472088015
103,0.5505205205205205,4.827849038081617,4.709345634171388,4.576013811148746,4.095478901321288,4.080462746497807,3.713588466751492,3.291591070417861,3.2546688718239487,2.7900420747227392,2.2724355308552835,2.4415315441557452,1.5991963258215833,0.37571341625665844,0.03034430308840734,0.3219104150369995,0.06276051479629927,0.3696176246102133,0.08861778817375453,0.4376441396715778,0.1318936211456776
104,0.551011011011011,4.8347015169868275,4.7160361937262945,4.5826862267789235,4.102581775778951,4.087369489887804,3.7208612786663484,3.298673041795641,3.261509133871491,2.7986378822848286,2.2798302749598456,2.4484072343146415,1.608367619785775,0.37555541364660405,0.03027691089933347,0.32175595448807587,0.06273894502507688,0.3694387515646301,0.08840950099494002,0.4375104222477643,0.1315136052366066
105,0.5515015015015015,4.841552937690868,4.722724747864,4.589358781591347,4.109682000063028,4.0942747962770945,3.7281310673922476,3.3057437131721294,3.268342041148731,2.807218888156435,2.287230932259948,2.4552740190793942,1.61749234969922,0.37539981762931085,0.030210561848811903,0.3216020999141696,0.06271744958280992,0.3692636925074936,0.08820207269532583,0.43737903550687524,0.13113914918438077
106,0.551991991991992,4.848403324928381,4.729411297893975,4.596031492695216,4.1167795143427695,4.101178646436825,3.7353977651561348,3.3128033630018017,3.27516763656643,2.815784472343635,2.294637886782037,2.462131836887624,1.626570318939036,0.37524662681116266,0.030145270025548412,0.32144887881856676,0.06269603186189601,0.36909246941352974,0.08799559505250723,0.43724991800060264,0.13077035087474842
107,0.5524824824824824,4.855252693217698,4.73609584399575,4.602704387000843,4.1238742753825255,4.108081018477609,3.7426613088148524,3.3198522590173822,3.2819859650209855,2.8243340718010828,2.302051534554856,2.468980627444445,1.6356013606189745,0.37509583743449504,0.030081048182134893,0.3212963157933904,0.06267469434819292,0.3689250999654771,0.08779015273117499,0.43712300903429024,0.1304073007959789
108,0.552972972972973,4.862101055715,4.742778387033852,4.609377481879297,4.130966239933229,4.1149818882429505,3.7499216327021916,3.3268906661313506,3.2887970724449125,2.832867104728136,2.309472191128991,2.475820325442221,1.6445853334407972,0.37494744812730024,0.030017908341292227,0.3211444346471779,0.06265344023590111,0.368761604124071,0.0875858322439325,0.4369982536117283,0.1300500844339605
109,0.5534634634634634,4.868948425387147,4.749458928043569,4.616050777494662,4.1380553642688795,4.121881228299067,3.7571786777012237,3.3339188405292473,3.2956010063092274,2.8413830308185,2.3169001170280827,2.4826508671375307,1.6535222403710628,0.37480145236982504,0.029955858467087773,0.3209932562901874,0.06263227277603953,0.3686019972883843,0.0873827138722139,0.43687558855805,0.12969876465107263
110,0.553953953953954,4.875794812954182,4.756137467320366,4.6227242895671194,4.1451416056312915,4.128779010627177,3.7644323894764122,3.340937032682867,3.3023978147682245,2.849881331742793,2.324335593898606,2.4894721832201507,1.662412025848404,0.3746578458838806,0.029894907525950053,0.32084280270469595,0.06261119350726073,0.36844629315183625,0.08718087438565732,0.4367549593724577,0.12935341020517077
111,0.5544444444444444,4.88264022717414,4.76281400491375,4.629398005790255,4.152224925489272,4.135675202892213,3.7716827135200917,3.34794548677033,3.3091875470632357,2.8583615340419404,2.3317788330560023,2.496284214224137,1.6712547744520456,0.37451661904091105,0.029835060721458282,0.32069309153392445,0.06259020570977755,0.36829449962809696,0.08698038488440156,0.4366363057649831,0.12901406759335363
112,0.554934934934935,4.889484666819564,4.769488541449533,4.636071928063101,4.159305280091805,4.142569770959848,3.778929597134214,3.354944438236707,3.315970253774238,2.866823150325815,2.3392299821707794,2.5030868930013592,1.6800506006234475,0.37437776445475934,0.029776322089638423,0.32054414186957164,0.06256931044916621,0.3681466269638651,0.08678131681286738,0.43651957036113925,0.12868077758307542
113,0.5554254254254254,4.89632814127175,4.776161075528448,4.642746039861844,4.166382634527302,4.14946267937379,3.7861729931011268,3.3619341195631316,3.3227459856502226,2.875265741484148,2.346689203009781,2.5098801554550993,1.6887996266718548,0.3742412727552489,0.02971869529212609,0.3203959694973362,0.06254851047409728,0.368002680702854,0.08658373558803369,0.43640469874968807,0.12835357730355185
114,0.5559159159159159,4.903170647804286,4.782831607996158,4.649420330503324,4.173456953016367,4.1563538887802975,3.793412856399465,3.368914752140389,3.3295147935865583,2.883688897020741,2.3541565780611444,2.516663934903508,1.6975020328628874,0.3741071351428221,0.02966218176516151,0.3202485899925523,0.06252780685274965,0.36786266345887053,0.08638770205242771,0.4362916425383606,0.12803249112632106
115,0.5564064064064064,4.910012181427489,4.789500136749692,4.656094778800578,4.180528200773393,4.163243358907535,3.8006491438900314,3.3758865552932744,3.336276729629921,2.8920921993958015,2.3616321870676096,2.5234381738455083,1.7061581103234007,0.37397533718482057,0.02960678057489793,0.320102016372042,0.06250720097145812,0.36772657928123054,0.0861932773791616,0.4361803352023858,0.1277175314203946
116,0.5568968968968969,4.916852742374363,4.796166661320798,4.662769357623511,4.1875963378718355,4.1701310501587665,3.8078818168251294,3.382849738682523,3.3430318451455987,2.9004752950305974,2.36911603939456,2.5302028023194,1.71476806174657,0.3738458711492843,0.029552491754179094,0.31995626179574393,0.062486694092786975,0.3675944244468333,0.08600051403549375,0.4360707427727592,0.12740871233360263
117,0.5573873873873874,4.923692319658392,4.802831179024138,4.669444049183852,4.194661337180736,4.1770169149087994,3.815110837009637,3.3898045041915497,3.349780192424163,2.908837822391321,2.3766081457318182,2.5369577632506632,1.7233322749860052,0.3737187207591664,0.029499311071755328,0.31981133806071,0.06246628649206757,0.3674661981462334,0.08580946496364524,0.43596280027486695,0.12710602726660916
118,0.5578778778778779,4.930530905004886,4.8094936897914575,4.676118804191683,4.2017231627340434,4.183900909936024,3.822336171030134,3.3967510508577314,3.3565218222956394,2.917179458053999,2.3841084712762632,2.5437029918524905,1.7318510791215636,0.3735938729796553,0.02944723523425667,0.3196672531244047,0.062445979750415104,0.36734189472715884,0.08562017768792593,0.4358564638382347,0.12680947139823676
119,0.5583683683683683,4.937368488048552,4.816154189411457,4.682793601084106,4.2087817873232245,4.190782985514502,3.829557785805637,3.403689566906305,3.3632567874818533,2.9254998905483873,2.391616950993655,2.550438429721596,1.7403248971475336,0.3734713126599389,0.029396258290727565,0.3195240176814695,0.062425773685059645,0.36722150847251767,0.08543269772994325,0.43575167988830327,0.12651902671097479
120,0.5588588588588589,4.944205058307722,4.822812675773049,4.68946839196899,4.215837180321838,4.197663094829729,3.836775652118935,3.4106202370610053,3.3699851384160158,2.933798840652709,2.3991334501186405,2.5571640204656756,1.7487541654334466,0.3733510256176443,0.029346373556995056,0.3193816384161696,0.06240566929651853,0.3671050303209982,0.08524706608607556,0.4356484065479803,0.12623466836873634
121,0.5593493493493493,4.951040597378704,4.829469145515523,4.696143139415317,4.222889309558072,4.204541185160998,3.8439897448055023,3.4175432367304466,3.376706925782723,2.942076047265148,2.4066578802144294,2.563879703064865,1.7571393574527872,0.3732329941236373,0.029297573183045777,0.3192401226914793,0.0623856654689152,0.3669924494082257,0.0850633202865159,0.43554659184301064,0.12595636692981224
122,0.5598398398398399,4.957875086319857,4.836123594920992,4.702817788002294,4.22993815612249,4.211417207318625,3.8512000361223317,3.424458738689507,3.3834222003658216,2.9503312703222,2.414190038191768,2.570585422880431,1.7654809974006487,0.3731172020658877,0.029249847832156426,0.3190994730786838,0.06236576364629585,0.3668837542489427,0.08488149622436672,0.4354461948090184,0.12568408103278939
123,0.5603303303303303,4.964708509411023,4.842776019597117,4.709492295261704,4.236983685700872,4.21829110593864,3.8584065078729504,3.4313669030430742,3.39013101133259,2.9585642951069926,2.42172975081844,2.5772811235439708,1.7737796314007606,0.3730036314973001,0.029203187047957355,0.31895969613475345,0.0623459620777864,0.3667789300148942,0.08470162405089805,0.43534716883638785,0.12541776529327556
124,0.5608208208208209,4.971540843090923,4.849426414785419,4.716166602720306,4.244025879907579,4.225162827115746,3.8656091392084377,3.4382678900104886,3.396833407455007,2.9667749144733904,2.4292767889872846,2.583966752944668,1.7820358076374068,0.37289226567925376,0.029157580386889637,0.3188207927784902,0.06232626105219961,0.3666779629555878,0.084523734019374,0.4352494755449054,0.1251573715880205
125,0.5613113113113113,4.978372067095156,4.856074775889646,4.722840656573523,4.251064707496234,4.232032314636221,3.8728079096690315,3.4451618470264043,3.4035294365484527,2.974962960987172,2.436830912862899,2.5906422592033054,1.790250202960517,0.372783082504172,0.02911301364897946,0.31868276724493544,0.06230665973968843,0.3665808334212714,0.08434785020877764,0.4351530632072759,0.12490283218969078
126,0.5618018018018018,4.985202152930437,4.862721095844771,4.729514405174709,4.258100150112861,4.238899512758823,3.880002807635845,3.452048921657707,3.4102191460712414,2.983128267701429,2.44439183486965,2.597307593185718,1.798423407790947,0.3726760655189466,0.029069474563472364,0.31854561931826636,0.06228715644958638,0.3664875249388085,0.08417399638429747,0.43505789915981097,0.12465408803637247
127,0.5622922922922923,4.992031082369623,4.869365369741318,4.736187777799031,4.265132184684131,4.245764364133903,3.8871938178731327,3.4589292485906102,3.416902581591912,2.9912707052789314,2.4519592395499292,2.6039627070578413,1.8065561068402467,0.3725711945662303,0.02902694818603712,0.3184093492586644,0.062267751454243625,0.3663980162891145,0.08400219114884247,0.43496394424328383,0.12441106405992611
128,0.5627827827827828,4.998858820567322,4.876007590686444,4.742860712815211,4.272160791484446,4.252626808549825,3.8943809297709344,3.4658029608116228,3.4235797878981025,2.999390151615693,2.4595328286804823,2.610607552896876,1.8146489950411868,0.3724684478924144,0.02898541918749705,0.3182739552099088,0.06224844287516897,0.36631228630505913,0.08383245170293839,0.43487115602472703,0.12417368392345703
129,0.5632732732732733,5.005685339983407,4.8826477507393715,4.749533149147261,4.27918594493943,4.259486788206413,3.9015641344700103,3.4726701823011967,3.4302508089162154,3.0074865078273287,2.4671122316468184,2.617242087204151,1.8227028154731701,0.3723678046828406,0.02894487051016217,0.31813943654616694,0.062229228806899316,0.3662303116424073,0.08366479163560839,0.4347794968734253,0.12394186049461789
130,0.5637637637637638,5.0125106155780434,4.889285842231523,4.756205017558712,4.286207626132813,4.266344242423469,3.90874342180796,3.4795310323660105,3.436915686646068,3.0155596893550283,2.474697096752198,2.6238662665940473,1.8307182617034525,0.37226924513663534,0.028905286292578002,0.31800579150333236,0.062210108499258475,0.3661520681968671,0.08349922283143191,0.4346889346896294,0.1237155119624041
131,0.5642542542542542,5.019334610546864,4.895921857781485,4.762876248575099,4.293225820746847,4.27319911045665,3.9159187892697283,3.486385623212931,3.4435744629056155,3.023609631976069,2.482287015978441,2.630480050763496,1.8386961501662136,0.3721727459075927,0.028866647232760733,0.31787301485784175,0.06219107984235543,0.36607753173781044,0.08333575393783965,0.43459942918371985,0.1234945374320643
132,0.5647447447447448,5.02615729197982,4.902555787265536,4.769546769476301,4.300240507179871,4.280051331157757,3.9230902316180716,3.4932340622681384,3.4502271765438493,3.031636302548361,2.4898815760891524,2.637083400945036,1.8466372529015609,0.3720782851580742,0.02882893472302748,0.31774110259004074,0.06217214102791071,0.36600667315010854,0.08317438955113986,0.4345109504033952,0.12327883845417414
133,0.5652352352352352,5.032978629568776,4.90918762175239,4.776216512209528,4.30725166623522,4.286900843468655,3.9302577466191453,3.500076448246537,3.4568738659910356,3.0396396543233757,2.4974803516716384,2.6436762804059075,1.8545423643896668,0.3719858412925541,0.028792129594673466,0.31761005110924506,0.06215328992245065,0.3659394674060527,0.0830151350336665,0.4344234633245315,0.12306831387713942
134,0.5657257257257258,5.039798586260518,4.9158173517406825,4.782885398284666,4.314259283034156,4.293747584657472,3.937421331590405,3.506912878891289,3.4635145684715174,3.047619680575489,2.5050828942426695,2.650258654400559,1.8624123536870187,0.37189538910527214,0.028756210521350724,0.3174798539370063,0.06213452491279365,0.3658758843171048,0.08285799137010876,0.43433693065776113,0.1228628492810786
135,0.5662162162162162,5.046617125388702,4.922444966035198,4.789553356736386,4.321263334991824,4.300591491809744,3.9445809911283978,3.513743440759616,3.4701493183496197,3.055576384984557,2.512688723674434,2.6568304881635565,1.8702480246862474,0.3718069079095808,0.02872115717310469,0.3173505055832465,0.062115842504787744,0.3658158941334881,0.08270295648272184,0.43425132860403864,0.12266233518385394
136,0.5667067067067066,5.053434215235401,4.929070454090127,4.796220312326202,4.328263811152405,4.307432501754728,3.9517367227383766,3.5205682186010483,3.4767781503198627,3.063509787862301,2.5202973769662633,2.6633917519921098,1.8780502368797838,0.37172037354060156,0.028686948038559614,0.3172220001298467,0.06209724146426089,0.3657594655314124,0.08255002759892988,0.43416662429694197,0.12246665480304236
137,0.5671971971971972,5.0602498127985225,4.935693803683233,4.802886191084827,4.335260695783048,4.31427055268936,3.9588885325064047,3.527387287394109,3.483401095523927,3.0714199158454645,2.52790831327799,2.6699424165835777,1.8858198724722957,0.3716357638786563,0.0286535603967012,0.3170943292175413,0.06207871845995763,0.36570656894891496,0.08239919950303051,0.43408279177942655,0.12227568391663834
138,0.5676876876876877,5.067063882018089,4.9423150041595685,4.8095509076595295,4.342253969314723,4.321105581381028,3.9660364231419583,3.5342007209333643,3.490018184581524,3.0793068277015943,2.5355210747129537,2.6764824579085493,1.8935578218119524,0.37155305192882176,0.028620971498671738,0.316967485322107,0.06206027145621821,0.36565716916847935,0.08225046342119569,0.4339997955493263,0.12208929841136122
139,0.5681781781781782,5.073876384037772,4.948934041702312,4.816214393707048,4.349243616753437,4.327937523875639,3.9731804034808627,3.541008585846879,3.4966294459319394,3.087170577042447,2.5431350837116034,2.6830118439407036,1.9012649783836273,0.3714722169385153,0.028589157700639113,0.31684146107441347,0.062041896640439693,0.36561123451681055,0.08210381026080578,0.43391761603155693,0.12190736761262329
140,0.5686686686686686,5.080687277676318,4.955550903948154,4.822876571465992,4.356229625421621,4.334766317788999,3.9803204752474177,3.547810942881763,3.5032349068483306,3.0950112432183317,2.550749849542741,2.6895305556763747,1.9089422461736256,0.37139323259846363,0.028558095435116667,0.3167162480826623,0.062023591811668145,0.36556873014785085,0.08195922855680114,0.43383622038174885,0.12172976167863911
141,0.5691591591591592,5.087496526505176,4.962165576497211,4.829537360518488,4.36321197899477,4.341591900044531,3.9874566498794093,3.5546078481947507,3.5098345921295655,3.1028289122410295,2.558364803780514,2.6960385712705586,1.916590535731965,0.3713160758981949,0.02852776038130878,0.3165918371856989,0.062005353784123494,0.3655296220519011,0.08181670463843153,0.43375558640574946,0.1215563451586499
142,0.5696496496496497,5.094304089924498,4.968778045982504,4.83619668097719,4.370190660455614,4.348414206291756,3.994588934113021,3.5613993523190675,3.516428525417085,3.1106236818274287,2.565979386522614,2.702535871135939,1.9242107854224806,0.37124072186999957,0.028498127403395523,0.3164682198101731,0.06198717954930633,0.36549387454108445,0.0816762235444208,0.43367568703504644,0.12138697810251842
143,0.5701401401401401,5.101109923855592,4.975388297102361,4.842854459602091,4.37716566129142,4.355233175610542,4.001717338584785,3.5681854996748688,3.5230167284548926,3.1183956731249802,2.57359303670596,2.709022437635136,1.9318038985800812,0.37116714709277576,0.028469171889563962,0.3163453852689601,0.06196906573204934,0.3654614519876268,0.08153776754404873,0.4335965023901232,0.12122152239786581
144,0.5706306306306306,5.107913986816056,4.981996316005336,4.849510612565448,4.384136962055951,4.362048744478429,4.008841870718229,3.5749663331906962,3.5295992208434046,3.126145002649638,2.581205203157015,2.7154982547838484,1.939370859194062,0.3710953237344833,0.028440867333120966,0.3162233243526402,0.06195100935911776,0.36543231753583943,0.08140131892890053,0.4335179980478514,0.12105983030353323
145,0.5711211211211211,5.114716243422712,4.988602085062882,4.856165074345157,4.39110454696023,4.368860850465586,4.015962543690958,3.581741888478413,3.5361760209160784,3.133871811638885,2.588815270641388,2.7219633085769126,1.9469125329662749,0.3710252326107079,0.02841318930352097,0.3161020293173626,0.06193300625493498,0.36540643351443863,0.08126685652501639,0.4334401680324125,0.12090176322607253
146,0.5716116116116116,5.121516651923729,4.995205590332203,4.862817758218542,4.398068402832474,4.375669431797885,4.023079365620127,3.5885121960957598,3.5427471445886747,3.141576243827494,2.596422665875086,2.7284175862059854,1.9544299300048176,0.37095684540058216,0.02838611018395866,0.31598148922056396,0.061915054089915655,0.36538376271350326,0.08113435917371394,0.4333629784967054,0.12074716575858821
147,0.5721021021021021,5.128315167953327,5.00180681409445,4.869468593135611,4.405028515570547,4.382474426983845,4.030192350984139,3.595277282698926,3.5493126062621316,3.1492584587370556,2.6040268204301067,2.7348610771198607,1.9619239278812883,0.37089013956603234,0.028359605144534533,0.3158616936363678,0.06189714851026667,0.3653642672489563,0.08100380312545458,0.43328641525179845,0.12059589724082666
148,0.5725925925925925,5.135111748664494,5.008405739782058,4.876117500044571,4.411984870536409,4.389275775011352,4.0373015121054,3.602037169891246,3.5558724188934665,3.156918619623839,2.6116271194297385,2.741293771040567,1.9693955080968373,0.37082508983715823,0.028333646593916895,0.31574263168734396,0.0618792860648237,0.3653479093162785,0.08087516412294667,0.43321045534814573,0.12044780111377355
149,0.5730830830830831,5.141906352688161,5.015002349790475,4.882764413854001,4.418937453473381,4.396073415260935,4.0444068582350905,3.608791877938516,3.562426593166365,3.1645569027355798,2.619222969281932,2.7477156641702765,1.976845603352399,0.3707616723140036,0.028308207982245606,0.3156242949134255,0.06186146291500394,0.3653346494204131,0.08074841672120434,0.4331350802393691,0.12030272661146554
150,0.5735735735735735,5.148698946496457,5.021596626396981,4.889409251147007,4.425886247285464,4.402867287331314,4.051508402973318,3.61554141716067,3.568975137692491,3.172173492092334,2.6268137788718198,2.754126747135256,1.984275117479716,0.3706998641109761,0.028283263283140354,0.31550667306956065,0.061843676252254974,0.36532444893103566,0.08062353345279179,0.43306027539231223,0.12016052457183155
151,0.5740640640640641,5.155489481973115,5.0281885511065685,4.896051948461295,4.4328312367398714,4.40965733168735,4.05860616108088,3.622285799032957,3.5755180605361274,3.179768577286163,2.63439895816557,2.760527019428406,1.9916850441479879,0.3706396381752323,0.028258784108669322,0.315389756012593,0.061825921038431216,0.365317268886326,0.08050048641645088,0.43298601272308,0.12002103457026721
152,0.5745545545545545,5.162277920302667,5.034778105187382,4.90269242845694,4.4397724059438,4.416443490101859,4.065700142675794,3.6290250289489356,3.582055366431424,3.1873423636787788,2.641977884507329,2.7669164740330063,1.9990762492965937,0.370580974341704,0.028234744820293225,0.3152735334808273,0.06180819437916733,0.36531306882576103,0.08037924601707433,0.4329122892238381,0.11988410784665832
153,0.5750450450450451,5.169064222342079,5.0413652704745955,4.909330620842121,4.446709738892875,4.423225702772386,4.072790363408307,3.6357591077205145,3.588587059282244,3.1948950577149877,2.6495499836662804,2.773295114737071,2.0064496878828684,0.37052384644183534,0.02821111772623012,0.31515799571087505,0.06179049213358459,0.3653118094721589,0.08025978172618396,0.43283907979903086,0.11974958683487588
154,0.5755355355355355,5.175848345945672,5.047950026219046,4.91596646172835,4.453643222078046,4.430003914031738,4.079876833483232,3.642488032484686,3.5951131414209274,3.202426872278382,2.657114655148969,2.7796629355696836,2.013806270045617,0.370468231853261,0.028187875863679258,0.31504313288595864,0.0617728106192023,0.36531345154729655,0.08014206293873628,0.43276637122851613,0.11961731630780485
155,0.576026026026026,5.18263024975583,5.054532353451665,4.922599886498217,4.460572838202723,4.436778065572764,4.08695956734638,3.649211799272297,3.6016336125661437,3.20993802940002,2.6646712916264645,2.7860199442026023,2.0211469236186557,0.3704141068591487,0.028164991690338897,0.31492893577208475,0.06175514534738797,0.3653179546706888,0.08002605726657976,0.43269414753082586,0.11948713824714334
156,0.5765165165165165,5.1894098993344615,5.0611122314092185,4.929230824892041,4.467498567169745,4.443548101767727,4.094038576071528,3.6559303977034747,3.6081484712958076,3.2174287535899024,2.672219312433691,2.7923661399550523,2.0284725177000658,0.3703614494986905,0.02814243905535453,0.3148153955661209,0.06173749304858353,0.3653252786904847,0.07991173199204873,0.4326223978422012,0.11935890141162135
157,0.577007007007007,5.196187255221929,5.067689639635689,4.935859216630272,4.4744203921248165,4.450313967728563,4.101113874620399,3.662643813784338,3.6146577146836325,3.224899276125363,2.6797581301607543,2.7987015241552964,2.035783943258262,0.37031023738568847,0.02812019100108675,0.31470250308786796,0.061719849257618364,0.36533538435546703,0.07979905330768713,0.43255110905713756,0.11923245048029224
158,0.5774974974974975,5.202962273441571,5.074264557345517,4.942484995792596,4.481338297493736,4.457075608135323,4.1081854717134165,3.6693520335213083,3.6211613377511545,3.2323498467915965,2.687287162848396,2.805026108310693,2.0430820878710754,0.37026044683064857,0.02809822063245433,0.31459024841966005,0.06170221042951868,0.365348229251441,0.07968798605767151,0.43248026868058076,0.11910762965213305
159,0.577987987987988,5.209734924222322,5.080836963274772,4.949108105179243,4.488252264418851,4.463832968900758,4.1152533800692845,3.6760550350254526,3.627659334204291,3.239780694897082,2.6948058370826913,2.8113398917309604,2.05036782880142,0.37021205618352654,0.028076501169492934,0.3144786246115452,0.06168457274790196,0.36536377554387817,0.07957849636522003,0.43240986194170555,0.11898428444448679
160,0.5784784784784784,5.216505167758783,5.087406835377439,4.955728482610986,4.495162273535898,4.4705859975321935,4.122317613899696,3.6827527988307085,3.6341516957652513,3.2471920765990516,2.702313555976817,2.8176428872874775,2.0576419921001836,0.37016504540515144,0.028055006814857335,0.31436762205325314,0.06166693195140405,0.36538198182155135,0.07947054751648133,0.4323398868685162,0.1188622642563086
161,0.578968968968969,5.223272962265026,5.093974152087762,4.962346072787648,4.5020683053256585,4.477334642758603,4.129378179792518,3.689445297303111,3.640638413241479,3.2545842358901935,2.709809797001291,2.8239351004246713,2.064905444831105,0.37011939021469525,0.028033711026763178,0.31425723286241375,0.06164928419413837,0.36540280879984016,0.07936410443793189,0.43227032278678346,0.11874141631740776
162,0.5794594594594594,5.230038281600737,5.100538891785669,4.9689608231454745,4.508970341928056,4.48407885244796,4.1364350910162635,3.696132503010277,3.6471194750781284,3.2619574335161334,2.7172939579078097,2.8302165414834257,2.0721589975695935,0.3700750727270662,0.028012588048265914,0.31414745072720063,0.06163162574526893,0.3654262161643478,0.07925912967475263,0.4322011701438895,0.1186215897593839
163,0.57994994994995,5.236801083378443,5.1071010309975335,4.975572678022412,4.515868359757461,4.490818577622288,4.143488355099574,3.7028143858778906,3.6535948687890873,3.2693119273054214,2.724765514291415,2.8364872212932664,2.079403473145001,0.370032070176051,0.027991612152309227,0.3140382674701112,0.06161395250677129,0.36545216333704644,0.079155586370932,0.43213241533399677,0.11850263548937062
164,0.5804404404404404,5.243561333754332,5.113660547215638,4.982181588179354,4.522762342809687,4.497553767060431,4.150537983881653,3.709490912193125,3.6600645802251486,3.27664797444973,2.732223923392731,2.842747148338361,2.0866396272671444,0.36999036452697015,0.027970759007022093,0.3139296758233002,0.06159626039436861,0.36548061199640197,0.079053437435722,0.4320640566047309,0.11838441110669459
165,0.580930930930931,5.250319001836227,5.120217417646409,4.988787506138523,4.529652264891445,4.504284373819214,4.157583981928033,3.716162044215888,3.6665285942757713,3.2839658412247137,2.7396686317487804,2.8489963355201846,2.093868306651213,0.3699499340079524,0.02795000189310085,0.313821671068506,0.06157854585251807,0.3655115213193193,0.07895264494363362,0.43199608053224314,0.11826676147359827
166,0.5814214214214214,5.257074051516975,5.126771619157064,4.995390377667559,4.536538107528596,4.5110103507699195,4.164626360780034,3.7228277464920487,3.6729868931790857,3.291265791495429,2.7470991388804387,2.855234795522001,2.101090208458966,0.36991076076623475,0.027929317996262602,0.31371424460514,0.06156080510182315,0.36554485298501505,0.07885317110021337,0.43192848730228917,0.11814955229482817
167,0.5819119119119119,5.26382645507531,5.133323128026877,5.001990164661962,4.5434198444924645,4.5177316496049915,4.171665126921079,3.7294879767376163,3.6794394593869324,3.2985480958062965,2.754514902638815,2.861462541776453,2.1083060861717855,0.36987282711589886,0.027908682622587097,0.3136073933216729,0.06154303388703835,0.3655805666381107,0.07875497709040537,0.4318612748805089,0.11803263922038001
168,0.5824024024024024,5.2705761757437655,5.139871920559623,5.0085868245238965,4.550297455135264,4.524448227356091,4.17870028433955,3.7361426934075563,3.6858862729731117,3.3058130204058087,2.7619154473235104,2.8676795873860015,2.115516703236583,0.3698361116876801,0.0278880712747939,0.3135011109304209,0.06152522863623382,0.3656186240020621,0.07865802537044739,0.43179442935909695,0.1179158797164348
169,0.5828928928928929,5.277323188713603,5.146417972588379,5.015180309133845,4.557170915920459,4.531160036525379,4.1857318394238945,3.7427918513415466,3.6923273132947507,3.3130608365426717,2.769300248870315,2.873885945766323,2.122722727121587,0.3698005995442218,0.02786746142190033,0.3133953927338735,0.06150738622347715,0.3656589859771284,0.07856227712076412,0.4317279577773612,0.11779914000889269
170,0.5833833833833834,5.284067459732189,5.152961259969101,5.021770584692706,4.564040201613651,4.537867036329727,4.192759798169935,3.7494354050992906,3.698762558193438,3.3202918167053475,2.776668856475186,2.8800816341934077,2.129924828919771,0.36976627252921224,0.027846830676572325,0.31329023407435597,0.06148950224406099,0.36570161421344854,0.0784676936368172,0.43166185540508667,0.11768228923277319
171,0.5838738738738739,5.290808965692601,5.159501758327642,5.028357619164625,4.5709052882769905,4.544569182677936,4.19978416188343,3.7560733045026176,3.7051919844873793,3.3275062288815813,2.784020759839007,2.886266665270104,2.1371237171867166,0.36973311424832755,0.027826155397458256,0.31318563309980074,0.061471573413400774,0.3657464708765797,0.07837423682474377,0.4315961198925182,0.11756518843498477
172,0.5843643643643643,5.297547669959995,5.166039443752216,5.034941367685012,4.5777661484843435,4.551266434468545,4.2068049351587575,3.7627054999783147,3.7116155674896176,3.3347043483162704,2.7913555162850954,2.8924410563647776,2.1443199992394986,0.3697011083839966,0.027805414721646975,0.3130815838056515,0.06145359593682449,0.3657935176157212,0.07828186750327701,0.43153075398670904,0.1174477140699652
173,0.5848548548548549,5.304283552158087,5.1725742903117995,5.041521806316433,4.584622761029808,4.5579587506943895,4.213822118374575,3.7693319432665464,3.7180332817665227,3.341886447156677,2.7986726736380865,2.898604820743303,2.151514308353453,0.36967023967626994,0.027784587042617746,0.3129780849743878,0.06143556665949745,0.36584271675029645,0.07819054770802784,0.4314657582794503,0.11732973860579686
174,0.5853453453453453,5.31101658468054,5.179106273987691,5.0480989003734,4.591475092444535,4.564646092238996,4.220835712976017,3.7759525776864007,3.7244451010142288,3.3490527879379792,2.8059717874053076,2.9047579786099296,2.158707227675142,0.3696404938484898,0.027763652010313594,0.3128751344098785,0.061417481815019916,0.3658940319891254,0.07810023934685129,0.4314011357662538,0.11721114172383064
175,0.5858358358358359,5.317746740097123,5.1856353695104,5.0546726217009175,4.5983231203762776,4.571328419901904,4.227845718714973,3.782567350113925,3.73085099749376,3.3562036539773548,2.813252452414901,2.910900541994213,2.165899347215748,0.36961185501378957,0.02774258911704884,0.31277272935378875,0.06139933817636076,0.3659474250773689,0.07801090309315309,0.4313368872556846,0.11709180197211953
176,0.5863263263263263,5.3244739950729505,5.19216155193784,5.061242943937398,4.605166813402591,4.578005696482866,4.234852134565898,3.7891762066326327,3.737250942752784,3.3633393031585768,2.820514234979043,2.9170325320289576,2.173091237010025,0.36958430954229915,0.027721378415336558,0.31267086908369596,0.06138113226997408,0.3660028605240201,0.07792250203689277,0.43127301535860785,0.11697160125926008
177,0.5868168168168169,5.331198327064734,5.198684795538825,5.067809848655444,4.612006145701899,4.584677886083382,4.241854957354335,3.7957790878517996,3.743644907438917,3.370460014845497,2.82775672607158,2.923153962551591,2.180283397840942,0.3695578462523309,0.027700001437984147,0.3125695533379609,0.06136286086402096,0.3660603013394537,0.07783499720818544,0.4312095323838705,0.1168504288140084
178,0.5873073073073073,5.337919714155085,5.205205075173281,5.074373304044231,4.618841086436723,4.591344951546465,4.2488541843269,3.8023759378787276,3.7500328610330107,3.377566044032935,2.8349795747214976,2.9292648482887342,2.1874763336323055,0.36953245097178566,0.027678440253347123,0.3124687809410294,0.06134452122006475,0.3661197128769848,0.07774835214905193,0.4311464384622762,0.11672817813777335
179,0.5877977977977978,5.344638130055998,5.211722364877193,5.080933297018948,4.6256716081076075,4.598006858789045,4.2558498088531564,3.808966699312633,3.7564147723766323,3.384657659742365,2.8421823670610404,2.9353652103707404,2.194670546908524,0.36950811249518917,0.027656676457875895,0.31236855230926464,0.06132610991661286,0.36618105913718785,0.07766252952619,0.43108374382511555,0.11660473906184673
180,0.5882882882882883,5.351353556411734,5.2182366394082615,5.087489807595915,4.63249767644498,4.604663573918408,4.262841828687559,3.8155513096441673,3.7627906096178974,3.3917351329157497,2.8493647740305716,2.941455064437772,2.201866497360395,0.3694848181332142,0.027634692990848853,0.3122688684308472,0.06130762355844909,0.36624430436480665,0.07757749073973837,0.4310214528601246,0.11648001007744488
181,0.5887787787787788,5.358065972713101,5.224747872704627,5.094042818624203,4.6393192662009515,4.611315064312262,4.269830234144755,3.8221297116345267,3.7691603400953273,3.398798711866853,2.856526417044619,2.9475344275492845,2.2090645998209952,0.3694625595321174,0.027612474004957758,0.31216972986074126,0.06128906000869731,0.3663094158474755,0.0774932012471343,0.43095958078301605,0.11635389465184073
182,0.5892692692692693,5.36477535623223,5.2312560390922345,5.100592314426391,4.646136342260478,4.617961297522673,4.2768150190107415,3.828701842741027,3.7755239303973878,3.405848668722931,2.863666977846849,2.9536033178507624,2.21626525565812,0.3694413258930378,0.027590003908536113,0.31207113800282293,0.061270415804584366,0.3663763574012235,0.07740962278770978,0.43089813843900526,0.11622629901009253
183,0.5897597597597597,5.3714816913792856,5.237761112130461,5.107138286707148,4.652948875184576,4.624602243291964,4.2837961735882795,3.835267641306583,3.781881346887011,3.4128852445096625,2.870786154283018,2.9596617469139406,2.223468882845336,0.3694211063835714,0.027567267076704607,0.31197309561748426,0.06125168840388502,0.3664450978834552,0.07732672128327929,0.43083712848314665,0.11609712983938376
184,0.5902502502502502,5.378184960250748,5.244263066137065,5.113680723203123,4.659756829742177,4.631237870588896,4.290773687519011,3.8418270469747413,3.7882325543515445,3.419908705727854,2.8778836015767695,2.965709733179354,2.2306758238512474,0.3694018942938964,0.027544249316912853,0.31187560571171513,0.06123287502668695,0.36651560145729534,0.07724445972047364,0.430776573324879,0.11596629978065068
185,0.5907407407407408,5.3848851454409905,5.250761875329899,5.120219612441746,4.6665601746457,4.63786815110682,4.297747549095977,3.848379996224788,3.794577518034829,3.42691928965371,2.884959064605033,2.971747296886646,2.2378864212207494,0.3693836795300544,0.027520937233822998,0.3117786706945251,0.061213973457511194,0.3665878376786252,0.07716280455259296,0.43071647750082265,0.11583372807135156
186,0.5912312312312312,5.391582227720268,5.257257513253926,5.126754950969875,4.673358877140477,4.644493055961951,4.304717745963605,3.854926427547162,3.8009162023667593,3.4339172519020753,2.8920122285650622,2.977774451581841,2.245100968425844,0.36936645692989356,0.027497318024535873,0.31168229416420296,0.06119498076791626,0.3666617728853951,0.07708172037776824,0.43065686508824885,0.11569933532391008
187,0.5917217217217217,5.3982761952665514,5.2637499534646315,5.133286732724792,4.680152903618068,4.651112558747417,4.311684264290691,3.8614662773470716,3.8072485709404975,3.440902833490551,2.8990428442478575,2.98379121138674,2.252319761549717,0.3693502188087433,0.027473379369627203,0.31158648039380915,0.06117589496972676,0.36673737597307365,0.07700117344386823,0.43059774767123704,0.1155630461376398
188,0.5922122122122122,5.404967030831277,5.270239170472771,5.139814952958556,4.68694221457594,4.657726631115071,4.318647089367457,3.8679994843576417,3.8135745872926496,3.4478762731158574,2.906050675719851,2.989797594074848,2.259543070215243,0.3693349576334388,0.02744910967306549,0.3114912344609278,0.061156713221102256,0.36681461458282677,0.07692113013052668,0.43053913820676587,0.11542478967060316
189,0.5927027027027028,5.411654719237542,5.276725136998206,5.146339612704635,4.693726783376564,4.664335248256851,4.325606204799257,3.874525983246111,3.8198942146741146,3.454837805980125,2.9130354558273015,2.995793612675292,2.2667711136247597,0.369320670212431,0.027424498475267376,0.31139656018976236,0.06113743370357673,0.36689345962264175,0.07684155797407101,0.4304810610214853,0.1152844995517142
190,0.5931931931931932,5.4183392492956175,5.283207827362052,5.152860709109888,4.700506572798527,4.670938385380716,4.332561592810876,3.88104571257022,3.8262074155861714,3.461787664068785,2.919996981376842,3.001779283761012,2.2740041173871517,0.36930735004630394,0.027399535589512934,0.31130246338059353,0.061118054585094304,0.3669738802817682,0.07676242468302577,0.43042352973139525,0.11514211257463389
191,0.5936836836836836,5.425020602775436,5.28968721460487,5.159378241378856,4.707281544821139,4.677536018378044,4.339513237600421,3.8875586094473396,3.832514152725894,3.4687260794356587,2.926935036772351,3.007754620719376,2.281242256800414,0.36929499326951687,0.02737421191399614,0.3112089486581124,0.06109857315754252,0.36705584618862264,0.07668369771343053,0.4303665673221135,0.11499757096844601
192,0.5941741741741742,5.431698771071625,5.296163272979621,5.165892219380596,4.714051662535733,4.684128123914014,4.346461116202342,3.894064611123416,3.8388143880325742,3.475653265682689,2.9338494246173727,3.013719638329697,2.2884856977921455,0.369283596706253,0.02734851887304609,0.31111602452373316,0.06107898763471597,0.3671393289698455,0.07660534729679477,0.4303101925373159,0.11485082055501873
193,0.5946646646646646,5.438373744263998,5.302635975879326,5.1724026396389275,4.720816894635036,4.690714677906806,4.353405209087531,3.9005636555774776,3.8451080835624447,3.4825694565248315,2.940739961604709,3.019674349358978,2.2957345738613113,0.3692731572070844,0.027322448741445803,0.311023696031898,0.061059296976187005,0.3672242984175902,0.07652734154866998,0.43025443010159675,0.11470181048434339
194,0.5951551551551552,5.445045504983607,5.309105296589858,5.1789095097695546,4.727577201526097,4.697295660317587,4.360345494339197,3.9070556804741874,3.85139520138102,3.4894748565991294,2.9476064792577916,3.025618768147824,2.3029890027531064,0.3692636720772778,0.027295994406289718,0.31093196970878,0.06103949881344414,0.36731072761778805,0.07644965166172436,0.43019930039176174,0.11455049492271405
195,0.5956456456456456,5.451714046937976,5.315571209270525,5.185412839777721,4.7343325433467935,4.7038710493908935,4.367281948636962,3.913540624686153,3.857675702889195,3.4963696762575034,2.954448817259243,3.031552905713261,2.3102490817335912,0.3692551397845798,0.02726914926220887,0.31084085464706357,0.0610195914384449,0.3673985882597393,0.07637224835146929,0.43014482695521666,0.11439683051491786
196,0.5961361361361361,5.458379356261739,5.322033686750052,5.191912636173872,4.741082890525526,4.710440824334148,4.374214549985211,3.9200184262652122,3.8639495497577654,3.5032541263701678,2.961266837481632,3.037476774403573,2.3175148603268565,0.36924755949274135,0.02724190812436105,0.31075035632372305,0.0609995734528338,0.36748785385833654,0.07629510274434886,0.43009103684096595,0.11424078118185878
197,0.5966266266266266,5.465041425766268,5.328492703539978,5.198408904385271,4.747828199289547,4.717004966160832,4.3811432688174365,3.9264890244756394,3.8702167036037762,3.510128401311736,2.968060425189014,3.0433903855522546,2.3247863980538668,0.3692409292085428,0.027214265847767257,0.3106604841594665,0.06097944403148764,0.36757849725834657,0.07621818786961215,0.430037950191214,0.11408231209538323
198,0.5971171171171171,5.471700242190062,5.334948232088649,5.2049016582744425,4.754568437305819,4.723563454065631,4.3880680827960985,3.9329523600894305,3.8764771260263617,3.516992702902396,2.9748294346435293,3.0492937520694454,2.332063710463879,0.3692352502539229,0.02718621812810978,0.31057124517904533,0.0609592011679406,0.3676704924502767,0.0761414759391799,0.4299855990669954,0.11392139209414628
199,0.5976076076076076,5.478355803822997,5.3414002467970185,5.211390909133304,4.761303561898297,4.730116272001152,4.394988962322063,3.939408372190039,3.882730778411207,3.5238472236128997,2.9815737770763633,3.055186881815689,2.3393467886043355,0.36923052321182437,0.02715776167494753,0.3104826498497263,0.06093884424733765,0.3677638131936978,0.0760649404090432,0.4299340099314248,0.11375799641023401
200,0.5980980980980981,5.485008093666403,5.347848720861201,5.217876671410185,4.768033538259582,4.736663400136672,4.401905881563405,3.9458570039580945,3.888977622295175,3.5306921407068454,2.988293365516903,3.061069786126651,2.3466356169668914,0.3692267484139913,0.027128893555593656,0.3103947055712821,0.06091837126268115,0.36785843597139906,0.07598855656513032,0.4298832078468233,0.1135921028592237
201,0.5985885885885885,5.491657104130578,5.354293628184829,5.224358947518159,4.774758327632675,4.743204821315788,4.408818806864325,3.9522981956219554,3.895217619812236,3.537527642698526,2.994988120715855,3.066942474336676,2.353930131219176,0.3692239277203208,0.027099612140820566,0.31030742078295337,0.060897782491532916,0.3679543346611721,0.07591229900345499,0.4298332254032197,0.11342369485789582
202,0.5990790790790791,5.498302831845566,5.360734942191112,5.2308377669526385,4.781477891328907,4.74974051891406,4.41572771034817,3.958731890636601,3.901450732541538,3.5443539039449234,3.0016579797934493,3.0728049543563754,2.361230289503247,0.3692220629627601,0.027069915251853812,0.3102208074623542,0.060877075988313815,0.36805148572702495,0.07583614350860488,0.42978408811081276,0.11325275505458254
203,0.5995695695695695,5.5049452637040215,5.367172636558139,5.237313138531428,4.788192191236622,4.756270477725559,4.422632561412309,3.965158032866029,3.9076769223250647,3.5511710933999776,3.008302887250855,3.0786572347736767,2.368535971866177,0.3692211577629923,0.027039802935039468,0.31013487332671896,0.060856250979746535,0.3681498662121315,0.0757600668555999,0.4297358309337465,0.11307927686925347
204,0.6000600600600601,5.511584396443203,5.373606684526926,5.243785075123917,4.79490118981651,4.7627946812507345,4.429533324431878,3.9715765654517887,3.913896151404524,3.5579793749516333,3.0149227925447106,3.084499322024322,2.375847089024499,0.3692212148683832,0.027009274610707974,0.3100496288731455,0.06083530767520864,0.3682494531083048,0.07568404681316261,0.42968848321039216,0.1129032504856315
205,0.6005505505505505,5.518220216826226,5.38003706086225,5.250253593044937,4.801604848505289,4.7693131141474625,4.436429967056024,3.9779874355140414,3.9201083824053025,3.5647789123867573,3.021517677161345,3.0903312252014357,2.3831635159702147,0.3692222368416344,0.026978330755486918,0.30996508338091266,0.060814244940893575,0.3683502232837649,0.07560806113184942,0.4296420750461824,0.11272467278718638
206,0.6010410410410411,5.524852721928142,5.386463738144445,5.2567187130231225,4.808303124723687,4.775825762137558,4.443322457041033,3.9843905877576136,3.926313577788416,3.5715698622180256,3.028087529771027,3.096152945451964,2.390485093281091,0.3692242284192689,0.026946972688603993,0.30988124835668024,0.06079306182604472,0.3684521546213862,0.07553208800435417,0.4295966402123679,0.11254354533763938
207,0.6015315315315315,5.53148190156536,5.392886690997914,5.2631804493999255,4.814995988334138,4.782332610668175,4.450210755819189,3.9907859707504816,3.932511700673084,3.5783523663850567,3.034632328078599,3.10196449454946,2.397811632469462,0.3692271953410623,0.02691520286454069,0.30979813278171453,0.0607717588996036,0.36855522730504414,0.0754561087584497,0.42955221528176746,0.11235987490531188
208,0.602022022022022,5.538107750373676,5.399305892834398,5.269638818144863,4.821683392801955,4.788833645608892,4.457094829957399,3.997173532067147,3.9387027142506637,3.585126569016846,3.0411520954248243,3.1077658730260054,2.405142971559824,0.3692311407537111,0.026883023077216215,0.30971574796435747,0.06075033523357205,0.3686594197657847,0.07538010305982547,0.42950882819363345,0.11217366651138644
209,0.6025125125125125,5.544730259729376,5.40572131680218,5.276093841822402,4.8283653044808394,4.795328854507165,4.463974640826203,4.003553221689245,3.944886581977064,3.591892618362346,3.0476468505015384,3.1135570890411826,2.4124789027616376,0.36923606983501406,0.026850436395460503,0.30963410430123345,0.06072879080642483,0.36876471080789436,0.07530405160355061,0.42946651407162106,0.11198493118474748
210,0.603003003003003,5.551349420862957,5.412132937663763,5.282545539228168,4.8350416857430565,4.801818222653673,4.470850150753725,4.009924989382784,3.9510632676864375,3.5986506366363984,3.0541165913294472,3.1193381407179794,2.4198191947379573,0.36924199031717475,0.02681744647793101,0.309553212620398,0.06070712533040413,0.3688710822164931,0.07522793746578435,0.4294253121481936,0.11179368308949199
211,0.6034934934934935,5.5579652321042765,5.418540728927679,5.288993928807243,4.84171249500719,4.808301739849822,4.477721321186318,4.016288787896872,3.957232736181324,3.6054007587086,3.0605613999600925,3.1251090367277006,2.427163607359017,0.36924890620028095,0.026784057757966103,0.30947308459237577,0.060685339103003395,0.36897851332569276,0.07515174267831098,0.4293852516409703,0.1115999421269784
212,0.603983983983984,5.564577683233953,5.42494466461878,5.295439025815691,4.848377694946121,4.814779389997635,4.484588112016992,4.022644568887106,3.9633949518546365,3.612143107502355,3.066981286795844,3.1308697753261803,2.434511903217309,0.3692568245912506,0.02675027423451497,0.3093937307261697,0.06066343220600323,0.36908698495357395,0.07507545060980464,0.42934637130656716,0.11140372423359891
213,0.6044744744744744,5.57118676234033,5.431344718454086,5.301880854885131,4.855037250621021,4.8212511647709,4.491450484281275,4.0289922881226685,3.9695498800525417,3.618877789355282,3.0733763345270426,3.136620360995017,2.441863767250686,0.36926575321037913,0.026716102444829668,0.3093151609622731,0.06064140437325652,0.36919648122197174,0.07499904705712125,0.4293087081096949,0.11120506089711363
214,0.604964964964965,5.577792465678405,5.437740864621578,5.308319431566809,4.861691118117726,4.82771705031042,4.498308396235365,4.035331899234108,3.9756974862552483,3.625604929060239,3.079746591707498,3.142360791640319,2.4492189525287293,0.36927569807949784,0.026681546884497965,0.30923738767972714,0.06061925596393232,0.36930698136860174,0.07492251527378993,0.4292722974271302,0.11100397152136833
215,0.6054554554554554,5.584394789006552,5.4441330768390905,5.314754773017543,4.868339267306093,4.834177035820686,4.505161806017136,4.041663359345543,3.981837736625043,3.6323246226952253,3.0860921616248813,3.1480910703793863,2.456577121410396,0.3692866671817376,0.026646615044846406,0.3091604209282229,0.06059698830260599,0.36941847060542093,0.07484584273718403,0.4292371755370077,0.11080049251737233
216,0.605945945945946,5.59099371614664,5.450521329560529,5.321186903473459,4.874981656143102,4.84063110959173,4.512010671501341,4.047986626918487,3.987970598102629,3.639036973781876,3.0924131106028794,3.1538111955367794,2.463937992901184,0.3692986673467027,0.026611312557363827,0.30908427205589445,0.06057460053549809,0.3695309308654769,0.07476901558898331,0.4292033779458121,0.11059465057378812
217,0.6064364364364364,5.597589245334829,5.456905596466059,5.327615840844782,4.881618249049202,4.847079260788476,4.518854950973216,4.054301659287782,3.994096037401543,3.6457420811412518,3.098709549126448,3.159521168215897,2.4713012161124572,0.3693117069183726,0.02657564723100785,0.3090089523480201,0.06055209369769547,0.3696443460800431,0.07469202075251759,0.42917094260649774,0.11038648408595608
218,0.606926926926927,5.604181367789302,5.463285851899847,5.334041601075592,4.888249008290689,4.853521479428077,4.525694598410398,4.06060841913606,4.000214022307282,3.6524400289701036,3.10498158936708,3.165220983891421,2.4786664554199396,0.3693257934252392,0.026539626694705814,0.3089344726974793,0.06052946886258873,0.3697587005560631,0.07461484744113146,0.4291399046452339,0.11017603067325156
219,0.6074174174174174,5.610770069790995,5.46966206994656,5.34046420691115,4.894873899753121,4.859957752921689,4.532529572537815,4.066906866924826,4.006324521064596,3.659130908786218,3.1112293165655625,3.1709106422653464,2.48603333797216,0.36934093707114185,0.026503259186794026,0.3088608433954913,0.0605067258210183,0.3698739786296349,0.07453748360647355,0.42911030866880195,0.10996333095740349
220,0.6079079079079079,5.617355350174737,5.476034224603169,5.3468836730502645,4.90149288330835,4.866388072531779,4.539359825821064,4.073196966671424,4.012427502544851,3.6658147957109852,3.1174528894558815,3.1765901415560682,2.4934015130820297,0.3693571442168411,0.02646655315674566,0.30878807659226765,0.060483866333512444,0.36999016518583644,0.07445991963812441,0.4290821838827544,0.10974842810876465
221,0.6083983983983984,5.623937192589188,5.482402290331794,5.353300016968554,4.908105926014248,4.872812426327819,4.546185315363618,4.079478680796983,4.018522935854583,3.6724917664031,3.1236524111188526,3.1822594769985804,2.500770602701136,0.3693744245616015,0.026429517286784738,0.30871618145946833,0.060460890653898224,0.37010724633368,0.07438214549469972,0.42905557196763017,0.1095313654337845
222,0.6088888888888889,5.630515589400971,5.488766241329144,5.359713260922753,4.91471299424009,4.879230806090353,4.553005994406991,4.085751976955069,4.024610791222963,3.6791618876971306,3.1298280345905587,3.187918646542826,2.508140218967978,0.36939278655622415,0.026392160997397603,0.30864516920605095,0.06043779991699787,0.3702252085628475,0.0743041530634503,0.42903050789756597,0.10931219141965921
223,0.6093793793793794,5.637090532704022,5.495126051603831,5.366123421344696,4.9213140480541,4.885643199909241,4.559821817428225,4.092016820462838,4.030691039037299,3.6858252226955965,3.135979905620056,3.1935676454330064,2.5155099569200403,0.3694122395139957,0.026354494029162234,0.30857505139861735,0.06041459486374935,0.3703440379510366,0.07422593386247953,0.4290070297133197,0.10909095636480479
224,0.6098698698698699,5.643662008736573,5.501481696023882,5.372530509845548,4.92790905428526,4.892049597618598,4.566632738489247,4.098273182335139,4.036763650656004,3.6924818384797287,3.142108174449942,3.1992064675036573,2.5228794054687094,0.3694327924169549,0.02631652643106087,0.30850583701148643,0.06039127674100841,0.37046372020569257,0.07414747990004118,0.4289851774374398,0.10886771155508002
225,0.6103603603603603,5.650230009286586,5.507833148409274,5.378934546419614,4.93449797967085,4.898449991107941,4.573438709729727,4.104521030517613,4.042828597737562,3.6991317812516433,3.1482130055691107,3.2048351071885377,2.5302481573124713,0.36945445434045987,0.026278268374168304,0.30843753687824677,0.06036784692865281,0.3705842444636956,0.07406878547970439,0.4289649849716921,0.10864251007376724
226,0.6108508508508509,5.65679451818464,5.514180383809256,5.385335545236485,4.941080789275478,4.904844367939773,4.580239683053522,4.110760336591612,4.048885852600568,3.7057751046576315,3.1542945553193706,3.2104535595840242,2.537615780723518,0.3694772349403515,0.02623973053309821,0.3083701609179598,0.06034430632070353,0.3707055972597062,0.07398984414028185,0.4289464925369371,0.10841540737327848
227,0.6113413413413413,5.663355529355405,5.5205233758614245,5.391733521737513,4.947657454705932,4.911232720159807,4.587035613113596,4.116991072185178,4.054935388732125,3.7124118518795406,3.16035301856351,3.2160618200618867,2.5449818609826544,0.36950114221449926,0.026200923601540735,0.3083037184966429,0.0603206567886044,0.37082776846141313,0.073910650869526,0.4289297309364707,0.10818645974820393
228,0.6118318318318319,5.6699130274794065,5.526862099408019,5.39812849083322,4.954227932995103,4.917615036719209,4.593826450342126,4.123213213674488,4.06097717946413,3.719042062469034,3.166388551177663,3.221659879065399,2.5523459384420693,0.3695261873161871,0.026161859001268883,0.3082382209084211,0.06029689890428284,0.3709507446283423,0.07383120081625845,0.4289147439744126,0.10795572716664174
229,0.6123223223223223,5.676466998605204,5.533196528669381,5.404520462488896,4.960792197267369,4.923991308316762,4.600612149193759,4.129426734016662,4.067011199600186,3.725665775505601,3.172401363287746,3.2272477328167697,2.55970758987848,0.36955237737892815,0.026122547809033718,0.3081736756747512,0.06027303439020906,0.3710745158350695,0.07375148960320645,0.4289015611415835,0.10772326837903115
230,0.6128128128128127,5.683017430918724,5.539526638764119,5.410909452391237,4.967350217764934,4.9303615238503165,4.6073926578811415,4.135631611267288,4.073037423701725,3.7322830164013747,3.178391624522849,3.2328253678794985,2.5670663490278267,0.3695797239334099,0.02608300193940386,0.30811009316637267,0.06024906516468332,0.37119907185012996,0.07367151500439391,0.42889022414482014,0.1074891458842045
231,0.6133033033033033,5.689564307722923,5.545852403493019,5.417295468264626,4.973901957933994,4.936725674757152,4.614167929937222,4.141827823269384,4.079055828091847,3.7388938161197407,3.184359540767193,3.2383927821084764,2.574421769110816,0.3696082348967023,0.026043233075289947,0.3080474815497156,0.06022499236455955,0.37132440156816815,0.07359127346987603,0.42888076601506775,0.10725342219155025
232,0.6137937937937938,5.696107615406627,5.552173797700447,5.423678524574952,4.980447390938154,4.943083749863882,4.620937916538317,4.148015348229861,4.085066388572916,3.745498196024184,3.190305324845596,3.2439499631264552,2.581773390783508,0.3696379195566291,0.02600325325952908,0.30798584987729344,0.0602008176863497,0.37145049598391067,0.07351076314512983,0.4288732206662561,0.10701616176764682
233,0.6142842842842843,5.702647340363567,5.558490796115407,5.430058630552997,4.986986482267947,4.949435739882908,4.627702568932469,4.154194167497091,4.091069082788294,3.7520961709820693,3.1962291578758344,3.2494969034240864,2.5891207545584214,0.3696687880798737,0.025963074484253182,0.30792520725518135,0.06017654273613108,0.37157734548379745,0.07342998278422964,0.4288676256993343,0.10677742841010028
234,0.6147747747747747,5.709183461979075,5.564803373263267,5.436435795932662,4.993519205867851,4.955781633554072,4.6344618392879715,4.160364265126362,4.097063888335545,3.758687760689145,3.2021312671453934,3.255033594698318,2.5964633832572757,0.36970084913812906,0.02592270942130236,0.30786556074674304,0.06015216894246757,0.3717049404415479,0.07334893112157487,0.42886401579162337,0.10653729036346582
235,0.6152652652652653,5.715715967192102,5.571111503395136,5.442810022932109,5.000045526205335,4.962121421778718,4.641215676333259,4.166525621394733,4.103050783531601,3.7652729681093837,3.2080118686922514,3.260560025235076,2.603800835246981,0.36973411061661265,0.02588216995046711,0.30780691893812145,0.06012769865602489,0.37183327253887183,0.07326760832744254,0.42886241973209166,0.10629581168350088
236,0.6157557557557558,5.722244838746488,5.577415161575505,5.4491813253223835,5.006565420833388,4.968455092971749,4.647964032772399,4.172678222671336,4.109029747615257,3.7718518005901545,3.2138711861699947,3.26607618683097,2.611132611974765,0.3697685827901893,0.025841469341643993,0.3077492894884499,0.060103133412532414,0.3719623339174511,0.07318601480767635,0.428862874588913,0.10605306415944586
237,0.6162462462462462,5.728770054360481,5.583714322768884,5.455549705773246,5.01307886075519,4.974782636645733,4.6547068582228155,4.178822054550808,4.115000760546853,3.77842426273663,3.219709416647901,3.2715820662916575,2.6184582504336147,0.369804274973416,0.02580061989283645,0.3076926789438989,0.060078475113167454,0.3720921158874908,0.07310415121231813,0.42886541645083354,0.10580911355443019
238,0.6167367367367367,5.7352915991187,5.590008960529153,5.461915169101935,5.019585815076979,4.981104042537841,4.661444105711202,4.1849571041253455,4.120963802512481,3.784990346179686,3.2255268266766293,3.2770776579451995,2.6257772897407397,0.3698411935843021,0.025759634375823924,0.3076370947722541,0.060053725514525855,0.3722226116393896,0.07302201924333421,0.4288700683229002,0.10556403069583313
239,0.6172272272272272,5.741809450606413,5.596299050826589,5.468277718931657,5.026086255777051,4.987419299337149,4.668175724548289,4.191083361145233,4.126918854978096,3.7915500516837244,3.231323601316968,3.2825629468039774,2.633089247718406,0.3698793494200945,0.025718525500450583,0.30758254380650946,0.06002888647814184,0.3723538121973599,0.07293962034998852,0.4288768713306589,0.10531788345782854
240,0.6177177177177177,5.7483235920776625,5.602584567638932,5.474637356349794,5.032580162679403,4.993728396970848,4.674901667038409,4.197200813352284,4.132865899749519,3.798103363971468,3.237100004475101,3.2880379255098924,2.640393662272967,0.3699187491309903,0.02567730621423197,0.30752903129636505,0.06000396070190023,0.372485712897827,0.07285695776412568,0.42888584860983336,0.10507074312136054
241,0.6182082082082082,5.754833998683937,5.608865485984513,5.480994084203728,5.039067502548984,5.000031323082045,4.681621884464949,4.20330945278429,4.138804919312511,3.804650278129613,3.2428562686661593,3.293502579404115,2.647690036541258,0.36995940186834736,0.025635989799438264,0.3074765640929263,0.059978949258222336,0.37261830448759586,0.07277403320214951,0.42889703615143704,0.10482268250881599
242,0.6186986986986986,5.76134064871334,5.61514178077206,5.48734790001032,5.045548253697755,5.006328067247088,4.688336327246197,4.209409271930667,4.1447358968802375,3.811190768456955,3.2485926126542104,3.2989568971148624,2.654977939880557,0.37000131472850256,0.025594588287339744,0.3074251468876003,0.059953854807791175,0.37275158237837736,0.07269085145579486,0.42891045903623864,0.10457376724968646
243,0.6191891891891892,5.767843524800173,5.621413426434795,5.49369880800875,5.052022390757036,5.012618616434642,4.6950449470946936,4.215500264082899,4.150658816262755,3.817724823368081,3.2543092935880926,3.3044008699269987,2.6622568585361366,0.3700444967980489,0.02555311565171172,0.3073747866282565,0.059928679314726674,0.3728855390129256,0.07260741546592926,0.42892615068133905,0.10432407455286254
244,0.6196796796796796,5.774342595367726,5.627680397757549,5.500046798606246,5.058489888215125,5.018902960363694,4.7017476970951435,4.221582423344051,4.156573662032561,3.824252415825289,3.2600065466754025,3.3098344847085133,2.669526358353863,0.3700889539071844,0.02551158404577106,0.3073254856779428,0.059903424620751926,0.37302016941916705,0.07252372985809794,0.42894413478711546,0.10407367141590718
245,0.6201701701701702,5.780837842684433,5.633942669741115,5.506391875555587,5.064950725325663,5.025181085940927,4.70844452828447,4.227655745900996,4.162480419394087,3.830773519847666,3.265684611647929,3.315257729921172,2.676785959645095,0.370134694732217,0.025470006675996932,0.30727725038094317,0.05987809307128841,0.3731554680651821,0.07243979967097137,0.42896444130620376,0.10382263084476259
246,0.6206606606606606,5.7873292388497095,5.640200217537736,5.51273402763421,5.071404877925906,5.031452982097058,4.71513539157436,4.233720227658472,4.168379074201672,3.8372881082403625,3.2713437221381603,3.320670591949157,2.684035202619124,0.3701817263452681,0.025428396307523797,0.3072300836831397,0.059852687181272436,0.3732914293218531,0.07235562997740877,0.42898709837194976,0.10357102295996239
247,0.6211511511511512,5.7938167582017535,5.646453015389562,5.5190732520553,5.077852321528309,5.037718635596511,4.721820241487933,4.239775867339866,4.174269612675753,3.8437961461043892,3.276984155871187,3.326073059310058,2.6912736317201493,0.3702300541326769,0.025386765807638708,0.3071839897817766,0.059827208476582135,0.37342804837649735,0.07227122640878418,0.42901212615848316,0.1033189205750629
248,0.6216416416416416,5.800300376892542,5.65270103852103,5.525409542446734,5.08429303761719,5.043978033752903,4.728499029637714,4.245822663833055,4.180152022254215,3.850297603619408,3.2826061215475315,3.331465120605905,2.6985008142266804,0.37027968540759665,0.025345127187424796,0.307138972237176,0.05980165963979836,0.37356532000383313,0.07218659476918116,0.42903955244970177,0.10306638955171304
249,0.6221321321321321,5.806780063068179,5.658944261558521,5.531742884478137,5.090727001914533,5.050231164084036,4.735171709583897,4.2518606164288135,4.186026290430997,3.8567924431384895,3.2882098797436092,3.33684676393009,2.705716258472149,0.3703306271473849,0.025303494146736796,0.307095032734708,0.05977604269479377,0.3737032395224843,0.07210174120505526,0.42906940505992935,0.10281350638556883
250,0.6226226226226226,5.8132557928940605,5.665182659680156,5.538073273345863,5.097154197055119,5.056478013220459,4.741838234579476,4.257889727515252,4.191892405648354,3.8632806227394387,3.293795680882315,3.342217976425021,2.7129195298299664,0.37038288520652884,0.025261879013742876,0.3070521747518484,0.05975036004898453,0.37384180311212895,0.07201667294964265,0.42910170512040924,0.10256034033191917
251,0.6231131131131131,5.819727535266825,5.671416207645296,5.544400696814008,5.1035746015131975,5.062718568282919,4.748498558212474,4.263909998388715,4.197750356856114,3.8697620988654644,3.2993637715289745,3.3475787458848414,2.7201102150115504,0.37043646397923824,0.025220293580124762,0.307010400060095,0.0597246137821486,0.3739810067908138,0.07193139710280008,0.42913647081628065,0.10230695787943085
252,0.6236036036036036,5.826195263042362,5.677644879854209,5.550725138572828,5.1099881963099785,5.068952814460397,4.755152633676238,4.269921431556047,4.203600133211249,3.8762368297925973,3.3049143936437386,3.3529290603523108,2.7272878483958247,0.37049137025726236,0.025178750875853945,0.3069697103304503,0.05969880667792728,0.3741208461379549,0.07184592076941529,0.4291737290098179,0.1020534316285521
253,0.6240940940940941,5.8326589440102845,5.6838686521539135,5.557046588491841,5.1163949589543085,5.075180738801577,4.761800416572441,4.275924030715228,4.209441725392574,3.882704774207162,3.310447813229416,3.35826890766356,2.7344520161395676,0.37054760762537486,0.025137262698511652,0.30693010749508276,0.05967294025480536,0.37426131639022236,0.07176025078629948,0.4292134960692038,0.10179982908355772
254,0.6245845845845845,5.8391185462711634,5.690087498919235,5.563365032024947,5.12279487830473,5.081402326485023,4.768441861654588,4.281917801727,4.215275123596051,3.889165876421185,3.3159642409367565,3.363598274878339,2.7416022930381225,0.3706051826659202,0.02509584107603674,0.30689159142930417,0.05964701716054604,0.37440241587151235,0.07167439629269731,0.4292557962950798,0.10154621718907418
255,0.6250750750750751,5.845574038581437,5.6963013948582155,5.569680446260287,5.1291879329533785,5.087617564539623,4.77507692428861,4.287902749509425,4.221100319305067,3.8956200845742712,3.321463941670533,3.3689171513194354,2.7487382602619235,0.370664098736136,0.025054498114370806,0.3068541620702382,0.0596210399761431,0.3745441411720197,0.07158836543138593,0.42930064548752234,0.10129266485945444
256,0.6255655655655655,5.852025391370171,5.702510315570116,5.575992821858919,5.135574106288317,5.093826437337914,4.781705559608028,4.29387888114547,4.2269173044163075,3.902067351736393,3.326947157109176,3.3742255254560947,2.7558595015081244,0.3707243607490246,0.02501324556440564,0.30681782141495406,0.05959501066952454,0.3746864880710523,0.07150216618235189,0.4293480636537247,0.10103923906423078
257,0.6260560560560561,5.85847256588698,5.708714235648381,5.582302134926436,5.141953384608608,5.100028929864132,4.788327722943109,4.29984620376138,4.232726070922651,3.908507625900692,3.332414129181243,3.379523382837352,2.762965623759598,0.3707859717731059,0.024972094772619968,0.30678256734048787,0.05956893175548738,0.3748294536011201,0.07141580723985845,0.42939806710170525,0.10078600403429745
258,0.6265465465465465,5.864915534207804,5.7149131300587115,5.588608367423346,5.14832574518104,5.106225027115621,4.794943374393163,4.30580472467844,4.238526611843221,3.914940844519078,3.3378650997613617,3.3848107126744558,2.7700562272091527,0.37084893582910045,0.02493105718086767,0.306748400807891,0.0595428049488382,0.37497303552866407,0.07132929746696577,0.42945067125089154,0.10053302585069769
259,0.6270370370370371,5.871354256300325,5.721106974038745,5.594911493029996,5.154691180445725,5.112414714513179,4.801552467974061,4.311754454057125,4.244318920745069,3.9213669555279447,3.3433003161652524,3.390087505175585,2.7771309209435,0.37091325533513114,0.02489014421239602,0.30671531848885875,0.05951663342206997,0.3751172309892027,0.07124264632792437,0.4295058913093082,0.1002803691723179
260,0.6275275275275275,5.877788701206392,5.727295742164436,5.601211492930091,5.1610496731871045,5.118597974863055,4.808154962204527,4.3176954007430695,4.250102991201347,3.9277858954746825,3.3487200034879296,3.3953537488386867,2.784189321857249,0.3709789341721268,0.024849366823228424,0.30668332048358193,0.05949041916870733,0.3752620378319993,0.07115586328986863,0.42956374298084143,0.10002809709748509
261,0.628018018018018,5.884218828849319,5.733479409668915,5.607508339393345,5.167401207970371,5.124774793673195,4.814750815989338,4.323627574763369,4.2558788174037865,3.93419760884883,3.3541243917219545,3.400609431991532,2.7912310595485694,0.37104597463884426,0.02480873570328584,0.3066524036721238,0.059464164325087374,0.3754074532007789,0.07106895726027711,0.4296242408563188,0.09977627083626596
262,0.6285085085085085,5.89064460426302,5.739657951712315,5.613802014971734,5.173745770756081,5.13094515394716,4.821339987303391,4.329550986704557,4.261646394727791,3.940602034240451,3.3595137383806453,3.4058545411938588,2.798255766934281,0.3711143784674741,0.024768261533484503,0.30662256744748734,0.059437870761806615,0.3755534745458001,0.07098193791924069,0.4296873947163595,0.0995249530001739
263,0.628998998998999,5.89706599031809,5.7458313431546015,5.6200924831287455,5.180083351882845,5.1371090393098875,4.827922435594605,4.335465650051467,4.267405718006206,3.9469991068521337,3.3648882615426268,3.411089068972613,2.8052630897289816,0.37118414746052386,0.02472795478769477,0.3065938071457231,0.059411541697536006,0.3757001004036644,0.07089481561152096,0.4297532171844708,0.09927420321760808
264,0.6294894894894895,5.903482947639787,5.751999559555671,5.6263797214710385,5.186413934604086,5.143266433844001,4.834498121634629,4.3413715742770425,4.273156783094208,3.9533887667799714,3.3702481887725093,3.4163130037638076,2.812252689259256,0.37125528295094934,0.02468782523786724,0.30656612069439476,0.059385178540327384,0.3758473282675492,0.07080759940997741,0.4298217181187039,0.09902407884120008
265,0.62997997997998,5.909895439704108,5.758162575398659,5.632663699876439,5.192737512705878,5.149417319402709,4.841067004814811,4.347268773711492,4.278899586160768,3.9597709422611587,3.37559374282478,3.4215263351938368,2.819224201597725,0.3713277874640948,0.02464788354658488,0.3065395041568154,0.05935878425029302,0.37599515760099295,0.07072030062958354,0.4298929105888431,0.09877464122442606
266,0.6304704704704704,5.916303426494872,5.764320366083567,5.638944387630877,5.199054068955201,5.155561680132709,4.8476290462187235,4.3531572607629405,4.28463412376117,3.9661455753416868,3.38092515694702,3.426729053931836,2.8261773109353596,0.37140166051751766,0.024608139023297514,0.3065139541559835,0.05933236069649546,0.376143585072646,0.07063292830202744,0.4299668008055475,0.09852594527164096
267,0.630960960960961,5.9227068668620575,5.77047290688591,5.645221754929664,5.205363594911104,5.161699498120034,4.854184209484165,4.359037049988486,4.290360392677285,3.9725125991629224,3.3862426337319538,3.43192115094421,2.8331117037680165,0.3714769030608753,0.024568600878935316,0.3064894659201496,0.05930590980952436,0.3762926096405697,0.07054549272629188,0.43004339809534164,0.09827804469026494
268,0.6314514514514514,5.929105721267686,5.7766201725536535,5.651495765948956,5.211666080257048,5.167830755136924,4.860732453898351,4.36490815421877,4.296078390511661,3.9788719483013284,3.3915464216261544,3.4371026158735245,2.8400270606489104,0.37155351405134884,0.024529278706506785,0.30646603490995605,0.05927943442725627,0.3764422292394428,0.07045800426617181,0.4301227062752831,0.09803099608707865
269,0.6319419419419419,5.9354999478087285,5.7827621386517425,5.657766391316227,5.217961516417983,5.173955434452252,4.8672737449028,4.370770589694717,4.301788114835855,3.985223551131159,3.3968367074321346,3.4422734384469327,2.8469230746491707,0.371631494965748,0.024490181455148446,0.30644365593616985,0.05925293621316934,0.3765924435722952,0.07037047371965739,0.4302047358532629,0.09778485178198203
270,0.6324324324324324,5.941889506298784,5.788898780166178,5.664033593860782,5.224249889050292,5.180073517188045,4.87380804434175,4.376624369191687,4.307489563722106,3.991567343119026,3.40211371218381,3.447433610908493,2.8537994596148715,0.37171084426700324,0.024451317692876354,0.3064223245119871,0.059226417428454255,0.37674325007801135,0.07028291085286315,0.4302894896073416,0.09753966283340389
271,0.632922922922923,5.948274353715745,5.795030072675266,5.670297339137639,5.230531194413584,5.1861849849553785,4.8803353174689414,4.38246950917186,4.3131827356084145,3.99790325555002,3.407377637402435,3.4525831251274024,2.8606559252456374,0.37179156169457506,0.02441269607866719,0.30640203412107875,0.05919988028160574,0.3768946483134876,0.0701953264378647,0.4303769737761879,0.09729548018536234
272,0.6334134134134134,5.9546544490210005,5.801155990999892,5.676557590045009,5.236805419713889,5.192289819537094,4.886855528355765,4.388306025235227,4.318867629279644,4.00423122098356,3.412628693812998,3.4577219754274466,2.8674922052727583,0.3718736452191106,0.024374324680329636,0.3063827794969324,0.05917332683241485,0.3770466362688081,0.07010773065476132,0.4304671895416922,0.09705235232712711
273,0.6339039039039038,5.961029746505737,5.807276510567831,5.682814308032984,5.243072556854797,5.198388002396658,4.89336864337944,4.394133933006928,4.324544243738166,4.010551172563812,3.417867075674365,3.4628501491874806,2.8743080356966693,0.3719570935748627,0.024336211370864908,0.306364553607564,0.05914675892336434,0.37719921278188756,0.07002013366693714,0.430560141266128,0.096810326025735
274,0.6343943943943944,5.9674002034327875,5.813391606981403,5.6890674567888695,5.249332599481086,5.204479514184436,4.899874626974298,4.3999532485366215,4.33021257827494,4.016863039598585,3.423092971870095,3.4679676439223255,2.88110315520455,0.3720419054369688,0.02429836402963941,0.30634735034722593,0.059120178766553094,0.3773523769958694,0.06993254633576804,0.430655831781511,0.09656944840274205
275,0.6348848848848849,5.973765779275683,5.819501255224664,5.695316993462823,5.2555855423079665,5.210564335827915,4.906373448269666,4.405763988047333,4.335872632440595,4.023166752905039,3.428306586566773,3.4730744500984736,2.8878773238267805,0.37212807804062464,0.024260790089055535,0.3063311620196,0.05909358875104054,0.3775061286474571,0.06984497899694245,0.43075425991920613,0.09632976417047469
276,0.6353753753753754,5.980126423531203,5.825605431406007,5.701562879535207,5.261831373597161,5.216642448248735,4.912865072545749,4.411566168370993,4.341524406296202,4.0294622431984815,3.4335080998375282,3.4781705637331104,2.8946303016822026,0.37221560906212864,0.024223496752268484,0.30631598176601305,0.05906699017489623,0.3776604658337543,0.06975744204828525,0.4308554273294097,0.09609131712836086
277,0.6358658658658658,5.986482097689247,5.831704110143438,5.707805077034072,5.268070087572502,5.222713831668059,4.919349468963036,4.417359807189017,4.347167899835793,4.035749449416402,3.438697689546998,3.4832559753321917,2.901361874012944,0.3723044959038532,0.02418649057753664,0.3063018030040772,0.05904038515402583,0.3778153866717394,0.06966994502659356,0.4309593344464478,0.0958541468902717
278,0.6363563563563563,5.992832752996113,5.837797267366162,5.714043537910422,5.2743016815703765,5.228778467373257,4.925826606315954,4.42314491927571,4.352803113363144,4.042028295981288,3.443875549707614,3.48833068226753,2.908071826007587,0.37239473444837806,0.024149778433109018,0.30628861584755956,0.05901377603420635,0.37797089230760467,0.06958249905413302,0.43106597590356127,0.09561829535245145
279,0.6368468468468469,5.999178346244018,5.843884878654059,5.720278222928836,5.280526141765338,5.234836334320212,4.9322964535149625,4.428921522957424,4.358430047772461,4.048298716422253,3.449041840794864,3.4933946776224873,2.9147599537648077,0.3724863219701964,0.024113366464140275,0.3062764143749672,0.05898716405330717,0.3781269800329778,0.06949511379835327,0.4311753521483836,0.09538380045180657
280,0.6373373373373373,6.005518832707124,5.849966919375067,5.726509085677126,5.2867434692221265,5.240887412802254,4.938758981331236,4.434689634466191,4.364048703373493,4.054560647174263,3.45419673698227,3.498447956780775,2.9214260683985067,0.3725792542686503,0.024077260710734658,0.3062651887568659,0.05896055172937832,0.3782836497251695,0.06940779920958855,0.4312874591717422,0.09515069882197866
281,0.6378278278278278,6.011854160437518,5.856043365191064,5.732736083127238,5.292953656370918,5.246931683124591,4.945214160229438,4.440449271018759,4.36965908150212,4.060814013643765,3.4593404042099714,3.503490516530698,2.9280699744641088,0.3726735275718502,0.02404146726672494,0.3062549299434068,0.058933940205513326,0.3784409012743,0.06932056600466328,0.43140229359702703,0.09491902844343574
282,0.6383183183183183,6.018184289804838,5.862114192015561,5.738959171516709,5.299156695391346,5.252969124657415,4.951661961813303,4.446200449761713,4.3752611831704575,4.067058758267219,3.4644730064324154,3.5085223533035226,2.9346915046698414,0.3727691372594621,0.02400599142812309,0.3062456306047308,0.05890733143006747,0.37859873215543866,0.06923342294344881,0.43151985071955795,0.09468882240118981
283,0.6388088088088089,6.024509172149802,5.86817937566735,5.745178304192655,5.305352582146775,5.258999717073659,4.958102358174145,4.451943187534079,4.38085500977814,4.0732948062750465,3.4695946970643914,3.5135434626297526,2.9412904938198685,0.37286607890790785,0.023970838549635574,0.3062372810240805,0.05888072707169093,0.3787571429705943,0.06914638074816877,0.43164012470815305,0.09446011418430286
284,0.6392992992992993,6.030828762403035,5.874238891358646,5.751393438345576,5.311541313649768,5.265023440117591,4.964535321784074,4.45767750155549,4.38644056243229,4.079522101409933,3.4747056097659805,3.5185538410411277,2.9478667780015315,0.37296434890272834,0.023936013676993193,0.30622987224114934,0.058854128840120735,0.37891613186091383,0.06905944826066066,0.43176311495339315,0.09423293472316964
285,0.6397897897897897,6.037143010163079,5.880292715689448,5.757604518337232,5.31772288430425,5.271040272673411,4.970960825548207,4.463403407815781,4.392017843157242,4.085740570184702,3.4798059128744616,3.523553487036876,2.954420237285784,0.3730639396093855,0.023901521226223254,0.30622339330694764,0.058827538665307974,0.3790756990676126,0.06897263582808272,0.4318888066341872,0.09400731284228345
286,0.6402802802802803,6.0434518699946675,5.886340824297394,5.763811504831864,5.3238972875149155,5.277050194797503,4.9773788449344485,4.469120923275527,4.397586853187135,4.0919501523105515,3.4848957456923757,3.528542398905005,2.960950733001411,0.37316484620525475,0.023867365601103436,0.30621783581608675,0.05880095738321179,0.3792358432911456,0.06888595219212261,0.4320171938132347,0.09378327709703091
287,0.6407707707707708,6.049755299322511,5.892383193036855,5.77001434502301,5.330064521713472,5.283053184609432,4.983789353490641,4.474830065668322,4.40314759472308,4.098150783120379,3.489975230562079,3.533520573369568,2.967458144389313,0.37326706349801897,0.023833550952176912,0.30621318968909883,0.058774387498561356,0.3793965637832987,0.06879940704731193,0.43214827025989966,0.09356085323510899
288,0.6412612612612613,6.056053246623635,5.898419798492472,5.776212993852149,5.336224579879646,5.289049221535588,4.990192327480122,4.48053084941667,4.408700069345044,4.104342405651411,3.495044517591946,3.5384880110977,2.9739423353074623,0.3733705854906324,0.023800081626819094,0.30620944498551755,0.05874782961949898,0.3795578590428249,0.06871300849300199,0.43228202792615733,0.09334006986653215
289,0.6417517517517517,6.062345665465955,5.90445061628974,5.7824073999202135,5.342377462402361,5.295038285326205,4.996587743162805,4.486223292459503,4.414244279237826,4.110524952470274,3.500103718924244,3.5434447124572612,2.980403229270728,0.3734754053649142,0.023766960726669253,0.30620659032614334,0.05872128574073042,0.3797197296066157,0.0686267664295504,0.43241845474808305,0.09312094726496827
290,0.6422422422422422,6.068632507400813,5.910475622909935,5.788597516101614,5.348523158364169,5.301020354586918,5.002975576281073,4.49190740943552,4.419780226011289,4.116698363502429,3.505152952422007,3.5483906749533367,2.986840722241916,0.37358151727214606,0.02373419168261444,0.3062046166597662,0.05869475659834368,0.37988217362986715,0.06854068907177033,0.4325575427408976,0.09290350843756527
291,0.6427327327327327,6.074913728691161,5.916494794519052,5.794783288907868,5.354661670116013,5.306995408243339,5.009355805320292,4.497583216930177,4.425307912324219,4.122862580037235,3.510192357099485,3.5533258999659183,2.9932547260989706,0.37368891367345575,0.0237017779154373,0.30620351228628223,0.0586682443811024,0.38004519100086703,0.06845478519779148,0.4326992786240807,0.09268777587674364
292,0.6432232232232232,6.0811892810544865,5.922508107864087,5.800964672039745,5.360792991810082,5.312963424787908,5.015728407109099,4.503250730038113,4.430827339662966,4.129017542429023,3.515222017456696,3.558250388358326,2.9996451763085443,0.3737975884386859,0.02366972183999184,0.3062032674618583,0.058641749994807264,0.38020878063937263,0.06836906318947725,0.4328436531479312,0.09247376622159684
293,0.6437137137137137,6.087459117438564,5.928515539113995,5.807141614357928,5.366917119183047,5.318924383323429,5.022093361351088,4.5089099633890894,4.436338510404979,4.135163194557901,3.5202420556624663,3.5631641423920595,3.0060119939500836,0.3739075342001562,0.02363802640976409,0.30620387110248015,0.05861527459670323,0.3803729416269597,0.06828353089408039,0.4329906540620942,0.09226149971752716
294,0.6442042042042042,6.09372318762819,5.93451706481242,5.8133140662793625,5.373034049236037,5.324878262773985,5.028450646031462,4.514560932578207,4.44184142679923,4.1412994813738795,3.5252525650081625,3.5680671611223973,3.012355149930713,0.3740187427293063,0.023606693275606678,0.3062053120373661,0.058588819255254276,0.38053767267758565,0.06819819634411438,0.43314026682354045,0.09205098875824892
295,0.6446946946946946,6.099981449924735,5.940512662022391,5.819481975498684,5.37914377930714,5.330825041935091,5.03480024235433,4.5202036518877655,4.447336090721448,4.147426343467892,3.530253650775237,3.57295945192907,3.0186745760469385,0.3741312070252046,0.02357572514318584,0.30620757951357636,0.05856238554503536,0.3807029738764804,0.06811306761499214,0.43329247873513144,0.0918422519802707
296,0.6451851851851852,6.106233856882522,5.946502307209054,5.825645291485199,5.385246302488886,5.336764699235403,5.041142130050702,4.525838134485133,4.452822504435249,4.153543730099093,3.535245407553082,3.5778410136118723,3.0249702479791396,0.37424491861649833,0.02354512344381444,0.3062106629975265,0.05853597431704378,0.3808688432783029,0.06802815169241751,0.43344727468639727,0.09163530083079863
297,0.6456756756756756,6.11248035834151,5.952485977505624,5.831803961250137,5.391341619573571,5.342697213932417,5.0474762910731386,4.531464395231074,4.45830066985067,4.159651584178809,3.540227899823818,3.5827118478879028,3.0312421332328783,0.3743598706002084,0.023514889836630262,0.3062145497473138,0.05850958669946279,0.38103528121893965,0.06794345659678884,0.43360464396146126,0.09143014692504574
298,0.6461661661661662,6.118720910450788,5.958463649547206,5.837957939775831,5.397429723237907,5.348622564945618,5.0538027052781835,4.537082447422386,4.463770589244367,4.165749857975176,3.545201235596627,3.5875719622079947,3.0374902142601945,0.37447605361257763,0.023485025637784613,0.3062192305434142,0.058483223399190175,0.3812022853258622,0.06785898898537411,0.433764567730695,0.09122680201233739
299,0.6466566566566566,6.1249554656460035,5.964435300604183,5.844107170104413,5.4035106129794475,5.3545407309984325,5.060121356812715,4.54269230263718,4.469232264334655,4.171838502047415,3.550165462825724,3.592421359670412,3.0437144819603486,0.3745934602836501,0.023455531820462023,0.30622469241204797,0.05845688566049461,0.3813698553836909,0.06777475553392263,0.43392703468853117,0.09102527336063207
300,0.6471471471471472,6.131183981332898,5.970400908077506,5.850251604225982,5.409584282383204,5.3604516907028295,5.066432227295192,4.548293974351754,4.474685697360312,4.1779174615461425,3.5551206854319966,3.5972600439743863,3.049914946709079,0.374712080470515,0.02342640911070174,0.3062309256512721,0.058430574342047716,0.38153799037179714,0.06769076350837382,0.43409202208804837,0.09082556945642278
301,0.6476376376376376,6.137406409383743,5.976360448955027,5.85639118960496,5.415650728977251,5.366355423928745,5.072735300245073,4.553887474045321,4.480130889939798,4.183986692062227,3.5600669462349805,3.6020880220474134,3.056091600580384,0.3748319068732536,0.02339765835432345,0.30623791801500655,0.05840429030519997,0.3817066891652029,0.06760701903299715,0.43425951934223483,0.09062769706894994
302,0.6481281281281281,6.143622705602815,5.98231390111056,5.862525872385667,5.421709949508637,5.372251908731353,5.0790305600122245,4.559472813644162,4.485567843856791,4.190046147708124,3.565004314882973,3.606905296487822,3.062244454151275,0.37495293055011875,0.023369280083823867,0.3062456580191045,0.058378034578704156,0.38187595050874973,0.06752352822026209,0.43442950980295825,0.09043166202713743
303,0.6486186186186186,6.149832821990807,5.988261241894188,5.868655608654101,5.427761939250725,5.378141124456801,5.085317991183648,4.565050002620803,4.490996560933021,4.196095783198069,3.5699328471186806,3.611711875980688,3.0683735584500527,0.37507514141303017,0.023341273732672575,0.3062541349843024,0.05835180710084011,0.3820457734177507,0.06744029688569814,0.43460197183546384,0.0902374647792728
304,0.6491091091091091,6.1560367193289345,5.994202448889936,5.874780342383204,5.433806695174782,5.384023050755943,5.0915975783099015,4.570619053403505,4.4964170426767565,4.202135553178038,3.574852594505945,3.6165077666926524,3.0744789241805273,0.37519853127266817,0.023313639837069355,0.3062633374981377,0.058325609511524074,0.3822161568195235,0.06735733115960862,0.434776890984725,0.09004511045307385
305,0.6495995995995996,6.162234347893688,6.000137500295992,5.880900022959505,5.439844212087639,5.3898976665132805,5.097869306483864,4.57617997363516,4.501829290634575,4.208165416344788,3.5797636120040686,3.6212929743249074,3.080560613623142,0.37532308935359004,0.023286377554186583,0.3062732538458058,0.058299441970806984,0.38238709939641624,0.06727463620902123,0.43495424480427297,0.08985459754151977
306,0.6500900900900901,6.168425668831699,6.006066373721904,5.887014602389963,5.445874487329227,5.395764951821069,5.104133163141899,4.581732774953505,4.507233306156656,4.214185330934915,3.5846659324518204,3.62606750620712,3.0866186509675035,0.3754488080246532,0.02325948690541769,0.30628387329945006,0.05827330528110206,0.38255860022830923,0.06719221748261724,0.4351340198116482,0.08966592835606298
307,0.6505805805805805,6.17461063299804,6.0119890476376705,5.893124027840519,5.451897513416701,5.401624884710708,5.110389133121612,4.587277464263513,4.512629090537422,4.220195257929467,3.589559595900827,3.630831370370755,3.0926531140595355,0.37557567625320976,0.023232966620128942,0.3062951844378272,0.05824719963067978,0.3827306573182754,0.06711007969988615,0.4353161933151714,0.0894790987090536
308,0.6510710710710711,6.180789203175068,6.017905499905646,5.899228251849088,5.4579132884189185,5.407477446765748,5.116637204066798,4.59281405048769,4.518016644775731,4.226195158701883,3.5944446447283123,3.6355845745993327,3.0986640591802814,0.37570368471964655,0.023206816009178143,0.30630717653189876,0.05822112600076627,0.3829032700874579,0.06702822786202835,0.43550074575031245,0.08929410723477739
309,0.6515615615615615,6.186961330867373,6.023815709312522,5.905327221947588,5.463921808029822,5.413322615888065,5.122877364350798,4.598342540826813,4.5233959699087976,4.23218499577841,3.599321097704377,3.640327128047414,3.104651554079624,0.37583282383547806,0.023181033952219383,0.30631983740028934,0.058195084412847695,0.38307643726263907,0.06694666637596107,0.4356876590344521,0.08911094986675772
310,0.6520520520520521,6.193126980291055,6.029719654439087,5.911420890273488,5.4699230677769,5.419160373345619,5.129109600590686,4.603862942393714,4.528767066923302,4.238164738195481,3.604188987659567,3.645059040429796,3.1106156845958717,0.3759630832634634,0.023155618974752802,0.3063331571297688,0.058169075906753284,0.38325015685714997,0.0668653992586214,0.43587691127224243,0.0889296206595624
311,0.6525425425425425,6.199286105969836,6.035617313594268,5.917509206708623,5.47591705966187,5.424990698563538,5.135333902291198,4.609375261391736,4.534129936279386,4.244134346995383,3.6090483379425016,3.6497803176500696,3.1165565326466345,0.37609445298384675,0.023130569596413436,0.30634712439725287,0.05814310025248857,0.38342442789032555,0.06678443069547027,0.43606848169513573,0.08875011397025509
312,0.6530330330330331,6.205438667723296,6.041508665947558,5.923592125103463,5.481903779463411,5.430813571910261,5.141550257427419,4.614879503722209,4.539484578772663,4.250093792372739,3.613899151001627,3.654490972444681,3.1224741865011882,0.37622692366489596,0.023105884113057865,0.3063617288835196,0.05811715783019149,0.3835992485136115,0.06670376433697499,0.43626235198131835,0.08857242205392923
313,0.6535235235235235,6.211584623227334,6.04739369049933,5.929669593425265,5.487883223794518,5.436628973802793,5.147758655465602,4.620375674535732,4.544830994538715,4.256043044015911,3.6187414530436053,3.65919101347775,3.12836875689013,0.3763604838506196,0.02308156044965272,0.3063769587391732,0.05809124916290257,0.38377461749964975,0.06662340371587859,0.43645849743002585,0.08839653545441599
314,0.654014014014014,6.217723937958214,6.053272366312763,5.935741569391638,5.493855384935039,5.44243688468129,5.153959085925854,4.625863778354761,4.550169183801388,4.26198207029404,3.623575248326465,3.6638804515947725,3.1342403490858612,0.37649512391079887,0.02305759645485994,0.3063928052807767,0.05806537438541094,0.38395053327407463,0.06654335218721578,0.4366568967231199,0.08822244445976403
315,0.6545045045045045,6.2238565653039934,6.059144672876985,5.941807999678747,5.49982025845635,5.448237285593804,5.1601515389435395,4.63134381824886,4.555499146608909,4.267910847390183,3.628400536901039,3.6685592983933653,3.1400890656218374,0.37663083347402226,0.023033990070070814,0.3064092558846286,0.05803953363883298,0.3841269940206584,0.06646361235976693,0.43685753033456787,0.08805013886386812
316,0.6549949949949949,6.2299824738292,6.065010589998906,5.947868841437876,5.505777835318338,5.454030156768209,5.166336004832242,4.636815797762156,4.56082088290937,4.27382934310198,3.633217317273166,3.673227560860297,3.1459150243058644,0.3767676029406216,0.02301073881533408,0.306426302446993,0.058013727146655716,0.3843039983223685,0.06638418739855396,0.4370603762585877,0.08787960692213956
317,0.6554854854854855,6.2361016187685205,6.070870096804058,5.953924044901355,5.511728113024878,5.459815479989479,5.172512474993417,4.642279719251477,4.566134392159032,4.27973753525578,3.6380256056486346,3.6778852548019536,3.151718364134391,0.37690541974215297,0.02298783989057946,0.30644393250394325,0.05798795496633023,0.3844815448836854,0.06630507969317784,0.43726540679165266,0.08771083504916749
318,0.655975975975976,6.242213967493222,6.076723173705717,5.959973568906767,5.517671080597507,5.465593236955808,5.178680939496413,4.647735584679449,4.571439673983441,4.285635401783936,3.64282537368256,3.682532389690625,3.157499196811953,0.3770442755204612,0.02296529073693888,0.30646213821400947,0.057962217049763634,0.3846596309929546,0.06622629120453198,0.43747260553025485,0.08754381016392834
319,0.6564664664664664,6.248319480889676,6.082569800479457,5.966017362694249,5.52360673453213,5.471363408693568,5.184841390631083,4.653183395583225,4.576736727591241,4.2915229191003705,3.647616615735293,3.6871689787455186,3.1632576799785146,0.3771841582122946,0.022943088055725126,0.30648090800902794,0.05793651376996389,0.3848382555865032,0.06614782422182289,0.4376819452499496,0.08737851521032595
320,0.6569569569569569,6.254418123191811,6.08840995776869,5.972055385352879,5.529535069242469,5.477125976924021,5.1909938196737695,4.6586231515435275,4.5820255520929045,4.2974000667159915,3.652399329790689,3.69179503155631,3.1689939363073707,0.3773250578342075,0.02292122916904141,0.30650023270440696,0.057910845048845715,0.3850174171022068,0.06606968057468553,0.4378934039400089,0.08721493699473318
321,0.6574474474474474,6.260509858591987,6.094243625605105,5.978087593384545,5.5354560704251154,5.4828809240513365,5.19713821943888,4.664054852558276,4.5873061465061244,4.303266823631542,3.657173482764563,3.6964105617454575,3.174708111790406,0.37746696433208216,0.022899710718362356,0.3065201035868631,0.057885210234414515,0.38519711306441473,0.06599186150215913,0.4381069601008576,0.08705305820776077
322,0.657937937937938,6.2665946523308484,6.10007078468733,5.984113940345348,5.541369735362565,5.488628232257683,5.2032745809199294,4.669478498003757,4.592578509336642,4.309123175273988,3.661939069033023,3.7010155829647586,3.1804003629779523,0.3776098660074814,0.022878529352280918,0.306540510383478,0.057859609981323015,0.38537734161278114,0.06591436841466121,0.4383225874910851,0.08689286121563516
323,0.6584284284284284,6.272672470341603,6.105891415887643,5.9901343870204915,5.547276055860447,5.494367883716191,5.209402898481463,4.674894085950699,4.5978426390354326,4.314969106048467,3.666696048464555,3.7056101062835767,3.1860708585062745,0.37775375260332783,0.02285768112603704,0.3065614442994098,0.05783404370821321,0.3855581009256524,0.0658372020607425,0.4385402631441464,0.08673432494639861
324,0.6589189189189189,6.278743279745338,6.111705500370204,5.9961488886164345,5.553175021819344,5.5000998617862225,5.215523163591273,4.680301614334176,4.603098533872376,4.3208045948213325,3.671444405807712,3.710194147996305,3.1917197275945894,0.3778986141213671,0.022837163240002643,0.30658289646983505,0.05780851157179682,0.3857393895056437,0.06576036395174194,0.4387599645938636,0.08657743521674442
325,0.6594094094094094,6.284807047550101,6.117513019237156,6.002157406367099,5.559066625888477,5.50582414914052,5.2216353712893255,4.685701080599602,4.60834619210169,4.326629631823356,3.6761841123811108,3.714767717886252,3.197347158265711,0.378044439054093,0.022816971330032933,0.3066048580615199,0.057783013047392084,0.38592120509898686,0.06568385419251709,0.4389816653201411,0.08642216869960248
326,0.6598998998998999,6.290863742986496,6.123313954158311,6.008159895132244,5.564950857341718,5.511540729266942,5.2277395128095625,4.691092480693572,4.613585611577365,4.332444201985899,3.6809151293980302,3.7193308293551337,3.202953324826272,0.3781912166278088,0.02279710142797005,0.30662732064401294,0.057757548470350493,0.3861035455723885,0.06560767350938985,0.4392053406854985,0.0862685037783594
327,0.6603903903903904,6.296913331689272,6.129108286299129,6.014156320134777,5.570827708138621,5.517249585360328,5.233835583111275,4.696475810195495,4.618816789858353,4.338248299598565,3.6856374302604276,3.7238834971371224,3.20853837678101,0.37833893679340996,0.02277754997868448,0.30665027580784276,0.05773211689676892,0.3862864084193496,0.06553182142385192,0.43943096894439104,0.0861164218420996
328,0.6608808808808808,6.302955787876367,6.134895998077432,6.020146638856389,5.57669716907293,5.522950701915222,5.2399235759147835,4.701851063933678,4.6240397244750895,4.344041911407745,3.6903509701485686,3.7284257366858617,3.214102505975094,0.3784875886185258,0.022758312599696285,0.30667371560670054,0.057706718742241626,0.3864697921782483,0.06545629827290958,0.4396585235507215,0.08596589880987142
329,0.6613713713713714,6.30899107691077,6.140677070984838,6.02613081445072,5.5825592259429655,5.52864406255105,5.246003484568609,4.707218236993053,4.62925441250591,4.349825028573667,3.6950557079273043,3.7329575604142655,3.2196458807818216,0.37863716183229956,0.022739385243970643,0.30669763240308073,0.05768135294850193,0.38665369387312104,0.06538110363774823,0.4398879818737562,0.08581691310822313
330,0.6618618618618619,6.3150191741761725,6.146451487766159,6.0321088081488785,5.588413875534474,5.5343296515002205,5.25207530454389,4.712577323432328,4.634460851251993,4.355597644542468,3.699751604224612,3.7374789806895463,3.22516869766267,0.3787876454527568,0.022720763405732772,0.3067220179266145,0.05765601997026986,0.38683811229999815,0.06530623730092558,0.4401193171825771,0.08566943965745548
331,0.6623523523523523,6.321040048552469,6.152219230622324,6.0380805834540325,5.594261102751467,5.54000745374418,5.25813903021537,4.717928315067105,4.639659037424843,4.361359752229504,3.7044386169958243,3.7419900162804,3.2306711459146267,0.37893902831138754,0.022702442575903623,0.30674686498593423,0.0576307188826709,0.38702304497149215,0.06523169831637961,0.44035250275670146,0.08552345445795163
332,0.6628428428428428,6.327053674978458,6.1579802824946155,6.044046106016574,5.60010089617286,5.545677454781031,5.264194654938163,4.723271205001146,4.644848967495705,4.367111349712134,3.709116691370631,3.746490675859607,3.236153392902469,0.3790913015322182,0.022684418655454047,0.3067721672256238,0.05760544949198914,0.3872084889604245,0.06515748564334208,0.44058751926787093,0.08537893447136266
333,0.6633333333333333,6.333060024805014,6.163734626023667,6.050005335572364,5.605933247350186,5.55133963960534,5.270242174704555,4.728605985250425,4.6500306381144565,4.372852430970611,3.71378578539412,3.750980977309057,3.2416156469753825,0.37924445321913947,0.022666686843555606,0.30679791613191637,0.05758021163402475,0.3873944428035533,0.06508359849518107,0.44082433752714406,0.08523585330417008
334,0.6638238238238239,6.339059073859737,6.169482244523804,6.0559582424059775,5.611758141197199,5.556993993232289,5.276281583957348,4.733932646194773,4.655204045434821,4.37858299507467,3.718445852012713,3.7554609342691596,3.2470581012824127,0.3793984730625842,0.02264924240078382,0.3068241066459708,0.057555004448345576,0.38758090342729645,0.06501003517395187,0.44106293232624766,0.0850941853601594
335,0.6643143143143143,6.345050797563809,6.1752231212036,6.061904791219913,5.617575568423915,5.562640501719118,5.282312877269111,4.739251179239983,4.660369185412201,4.38430303814556,3.72309682335912,3.759930559831922,3.2524809479906263,0.3795533515902824,0.022632080713353247,0.30685073181797934,0.057529827885918025,0.3877678690738295,0.06493679473682376,0.4413032813845227,0.08495390430502713
336,0.6648048048048047,6.3510351699140415,6.180957239815348,6.067844949662951,5.623385516494043,5.568279151715944,5.288336049908052,4.744561573344027,4.665526054092464,4.390012562129013,3.727738662840997,3.7643898716473068,3.2578843800077593,0.3797090777527702,0.02261519715638778,0.3068777852805841,0.05750468127792307,0.3879553371999914,0.06486387522783052,0.4415453576286613,0.08481498512485773
337,0.6652952952952953,6.3570121705656994,6.186684584102487,6.073778685373404,5.629187971222919,5.573909929536466,5.294351098009486,4.749863819550623,4.670674646757907,4.395711569398238,3.7323713000480465,3.768838880902226,3.263268620017507,0.379865641160207,0.022598586293426762,0.3069052616445769,0.05747956419578647,0.3881433048475307,0.06479127456715589,0.4417891357594053,0.08467739704249873
338,0.6657857857857857,6.362981772907267,6.19240513823321,6.079705966400259,5.634982920077207,5.5795328220313545,5.3003580148744645,4.755157904854817,4.675814958999966,4.401400061557849,3.736994689939904,3.773277603332774,3.268633832607745,0.38002303246648084,0.022582244088772786,0.30693315482799294,0.05745447611653979,0.3883317696173022,0.0647189908846662,0.44203459390387373,0.0845411178123442
339,0.6662762762762763,6.36894395855806,6.198118886325515,6.085626764457488,5.640770352186945,5.585147816299923,5.3063567983579345,4.7604438175927735,4.680946986101519,4.407078038015807,3.741608768450865,3.777706053370811,3.273980261175197,0.38018124041066204,0.022566164697597885,0.3069614595276609,0.057429416552765906,0.3885207302147166,0.06464702227934124,0.4422817015549237,0.08440611482252228
340,0.6667667667667667,6.374898704795708,6.203825812884562,6.091541044715845,5.646550250204145,5.590754899619842,5.312347441610002,4.765721546785035,4.686070723271234,4.412745506344944,3.746213476853816,3.7821242462924896,3.279308091149363,0.3803402552385362,0.022550343555736877,0.30699017051377064,0.05740438520024899,0.3887101824818019,0.06457536613025623,0.44253043697228084,0.08427236220248865
341,0.6672572572572573,6.380845992365519,6.209525902566168,6.097448783295418,5.6523226027841105,5.5963540597801,5.318329941545988,4.7709910777680715,4.691186165084611,4.418402468855287,3.750808742037584,3.7865321958757074,3.2846175304739655,0.38050006782803614,0.022534775474536528,0.3070192831772423,0.05737938127703186,0.38890012513559635,0.06450402009686634,0.4427807760687496,0.0841398306987063
342,0.6677477477477477,6.386785803279889,6.215219140797103,6.1033499532321915,5.658087395425679,5.60194528541651,5.324304292478658,4.776252397452291,4.696293306327971,4.424048936496604,3.7553945195419884,3.7909299168705797,3.2899087909479507,0.3806606673356932,0.022519455282478906,0.3070487934686753,0.05735440442262983,0.38909055467292447,0.06443298116757609,0.44303269141973617,0.08400849161663884
343,0.6682382382382382,6.392718115252655,6.22090551214569,6.109244522458538,5.66384461361781,5.607528564449087,5.330270490818648,4.7815054919985975,4.701392141514192,4.42968491068177,3.759970746593311,3.795317420665048,3.295182071532657,0.3808220441440542,0.022504378105803642,0.30707869565464735,0.05732945403368958,0.3892814693179491,0.06436224700332728,0.4432861590682679,0.0838783173044003
344,0.6687287287287287,6.398642913238915,6.226585002376925,6.115132469303463,5.669594239865585,5.6131038848690284,5.3362285314845535,4.7867503469052135,4.706482665111651,4.43531040139227,3.7645373466720846,3.799694724568748,3.300437589977879,0.38098418879989204,0.022489538443539535,0.3071089873659698,0.05730452930275134,0.3894728655191246,0.06429181430810527,0.4435411546081707,0.08374927680382518
345,0.6692192192192192,6.404560181097419,6.232257597056249,6.121013766359638,5.675336263287716,5.618671236919434,5.342178410340748,4.791986947092004,4.711564871180154,4.440925418424634,3.7690942597452826,3.8040618424701256,3.3056755396821464,0.38114709219371645,0.022474931539659446,0.30713966379510094,0.05727963020571391,0.38966474131488527,0.06422168015830657,0.4437976550974402,0.08362134272370486
346,0.6697097097097097,6.410469901287201,6.237923282289257,6.126888389314144,5.681070667799144,5.624230608951151,5.348120122721308,4.797215276674901,4.716638753826003,4.446529970873339,3.773641435569913,3.808418788297589,3.3108961490161417,0.38131074327808934,0.022460551783917003,0.30717072156204944,0.05725475598536534,0.3898570938509248,0.06415184130087809,0.4440556308970151,0.08349448400122557
347,0.6702002002002002,6.416372057936693,6.243582044025109,6.13275631246923,5.686797434336848,5.629781991745901,5.354053663926203,4.80243532046024,4.721704306847666,4.452124066544233,3.7781787917424388,3.812765575030152,3.316099611979081,0.3814751339465197,0.022446394236647144,0.3072021573895087,0.057229906015046524,0.39004992031996694,0.06408229455278096,0.4443150620056011,0.08336867205803553
348,0.6706906906906906,6.422266636366815,6.249233868779518,6.138617516637916,5.6925165483864175,5.6353253742527745,5.359979029665084,4.807647060585596,4.726761523845725,4.457707717259151,3.7827062647973855,3.8171022167649578,3.3212861458243967,0.38164025459933354,0.022432453426548468,0.30723396874486497,0.057205079497146046,0.39024321820083624,0.06401303631216716,0.44457592231846543,0.08324387614318239
349,0.6711811811811812,6.428153623689394,6.254878743288577,6.1444719779028025,5.698227995914565,5.6408607473598895,5.365896214866342,4.812850481255475,4.7318103987070215,4.463280934624836,3.787223797128568,3.8214287260818196,3.326455953773747,0.3818060959323627,0.022418724335156126,0.30726615246461547,0.05718027632322075,0.39043698490008993,0.0639440633314152,0.4448381874431403,0.08312006754612936
350,0.6716716716716716,6.434033006799567,6.260516653839595,6.150319672973927,5.703931757998537,5.646388101334582,5.371805215158735,4.81804556472658,4.736850924310795,4.468843731662429,3.7917313150169005,3.825745116998636,3.33160923919878,0.38197264922327023,0.02240520178085181,0.3072987060760529,0.05715549587586231,0.39063121735106693,0.06387537164706154,0.44510183486675853,0.08299721652774661
351,0.6721621621621622,6.439904771865449,6.266147588101139,6.156160583223911,5.709627818921902,5.651907427088033,5.377706026339679,4.823232293183312,4.741883094604196,4.474396120476766,3.796228762794042,3.8300514040094473,3.3367462201636506,0.3821399045949566,0.022391880327490333,0.30733162729437435,0.057130737360878474,0.39082591305741027,0.0638069576263476,0.445366837278934,0.082875292672603
352,0.6726526526526526,6.445768908329607,6.271771533246712,6.1619946893468445,5.715316163930941,5.657418716071699,5.383598642031911,4.828410647978026,4.746906902251126,4.479938118616006,3.8007160651377707,3.834347596194822,3.341867088179774,0.38230785444549154,0.02237875502560584,0.30736491423614354,0.05710600064635929,0.39102106894374516,0.06373881728449907,0.4456331753238347,0.0827542668445082
353,0.6731431431431432,6.451625405716635,6.277388476736967,6.167821969824185,5.720996767936272,5.662921959323201,5.38948305868308,4.833580611918669,4.751922340509097,4.485469734142055,3.805193158192205,3.8386337106461883,3.3469720702109163,0.3824764887002664,0.022365820208701367,0.30739856589825876,0.05708128469563378,0.3912166818641176,0.06367094675918812,0.4459008206171393,0.08263410761732778
354,0.6736336336336336,6.457474253636835,6.282998406477481,6.173642411739604,5.726669623386376,5.668417149566614,5.395359270045293,4.838742165019618,4.756929402257509,4.49099098610288,3.809659981231521,3.8429097566460446,3.352061336451168,0.3826458004761374,0.022353071464367706,0.3074325802069471,0.05705658947402038,0.3914127499341118,0.06360334231838742,0.44616975480136184,0.08251478903175762
355,0.6741241241241241,6.463315441975669,6.288601310535244,6.179455991152641,5.73233470637694,5.673904277652846,5.401227272115185,4.84389528849609,4.7619280802571105,4.496501885876491,3.814116460163006,3.8471757471213635,3.357135124239957,0.38281577980031606,0.02234050284851261,0.30746695586927947,0.057031914272373946,0.3916092699094408,0.06353599974846302,0.44643995025251954,0.08239627722056539
356,0.6746146146146146,6.469148960753139,6.294197177146603,6.18526269386341,5.737992000493085,5.679383337425172,5.407087059815813,4.849039962199701,4.766918367211651,4.502002454975308,3.818562545623517,3.851431694805299,3.3621936059428346,0.38298641890249757,0.022328109864891036,0.30750169168443336,0.05700725846104166,0.391806238646343,0.06346891440490897,0.4467113864621011,0.08227854659300218
357,0.6751051051051051,6.4749748043523985,6.299785994834384,6.191062505192979,5.743641487490896,5.684854320428723,5.412938626434721,4.85417616747616,4.771900255685824,4.507492704232163,3.8229981588499924,3.855677610860752,3.3672369989854043,0.383157709633151,0.022315887000254057,0.30753678788957495,0.05698262177027292,0.392003653516689,0.06340208278751197,0.44698403953200944,0.08216156534878628
358,0.6755955955955956,6.4807929627208365,6.305367752303324,6.196855410671062,5.7492831487322755,5.690317220344693,5.418781967672547,4.859303883550279,4.7768737381746975,4.51297265157535,3.827423245523884,3.859913506207556,3.3722654859664023,0.3833296441176634,0.022303829504656168,0.307572243534773,0.056958003328034953,0.3922015117837812,0.06333550033512364,0.4472578878123967,0.08204530650920294
359,0.6760860860860861,6.486603431629789,6.310942438352442,6.202641390728234,5.754916966619312,5.695772030220698,5.424617077621821,4.864423090144105,4.781838807358421,4.518442314523215,3.8318377342311596,3.8641393906277695,3.3772792719740243,0.38350221431081377,0.022291932183510728,0.3076080579626059,0.05693340334982259,0.3923998104975573,0.06326916277241401,0.447532909076697,0.08192973944843351
360,0.6765765765765765,6.492406201495918,6.316510042678482,6.208420435303249,5.760542923305516,5.70121874365006,5.430443949765014,4.86953376647641,4.786795455262088,4.52390170777067,3.836241579600401,3.8683552776920043,3.382278544269309,0.38367541191853743,0.022280190232058263,0.30764423129219476,0.056908820972859,0.3925985472390725,0.06320306611642003,0.44780907878416654,0.08181483751788095
361,0.6770670670670671,6.49820126907613,6.322070554096471,6.214192529802874,5.766160997023362,5.706657354154688,5.436262579528654,4.874635892768036,4.791743674194706,4.529350856286385,3.84063470140385,3.8725611754947127,3.3872634938615795,0.38384923007884325,0.02226859857652026,0.3076807640733256,0.05688425571047489,0.3927977176194047,0.06313720497661761,0.44808637936361206,0.08170057062771623
362,0.6775575575575575,6.50398862903425,6.3276239630446485,6.219957662292629,5.771771171018356,5.712087856742945,5.442072959973323,4.8797294469526795,4.796683456576252,4.534789768095228,3.845017047624673,3.8767570955275845,3.3922343056223085,0.3840236612552694,0.022257152545629842,0.30771765657426675,0.05685970736664169,0.39299732061592113,0.06307157612227361,0.44836478678873626,0.08158691236918099
363,0.678048048048048,6.5097682749371835,6.333170258533853,6.2257158197723115,5.777373426402921,5.717510244836132,5.447875085315227,4.884814408204896,4.801614794402466,4.5402184689227525,3.849388557201699,3.88094304565217,3.397191173377221,0.3841986976118176,0.02224584707526752,0.3077549089148279,0.056835175405226715,0.39319735215408297,0.06300617430292084,0.4486442802524533,0.08147383320035231
364,0.6785385385385385,6.515540206702415,6.338709431495505,6.231466994776521,5.782967741901667,5.722924513616621,5.4536689478683265,4.889890754616871,4.806537679661962,4.54563696913918,3.8537491802903574,3.885119036948029,3.402134278327241,0.3843743320349277,0.0222346774883025,0.30779252357954356,0.05681065951309577,0.3933978101738758,0.06294099583361899,0.4489248363050477,0.08136130705187418
365,0.6790290290290291,6.521304416954895,6.344241471742898,6.237211170479302,5.788554097849843,5.7283306580338715,5.459454543114204,4.894958466117238,4.811452104506269,4.551045295631532,3.858098853804787,3.8892850759850006,3.4070637890910893,0.3845505577543526,0.022223639312301015,0.3078304998222962,0.05678615920475731,0.3935986905928015,0.0628760352786895,0.44920643856847686,0.08124930716669775
366,0.6795195195195195,6.527060904235282,6.349766370258749,6.242948338927694,5.794132478425503,5.733728672802488,5.465231863579058,4.900017520706549,4.816358061037861,4.556443462807597,3.8624375131389677,3.8934411739861092,3.411979890985568,0.38472736805036734,0.02221272777479568,0.307868839112674,0.05676167443586359,0.3937999915156051,0.06281128885516546,0.44948906570107694,0.08113780586400415
367,0.6800100100100099,6.532809667198704,6.3552841175109664,6.248678491923663,5.799702860449008,5.739118553587091,5.47100090110183,4.905067896139837,4.821255541141874,4.561831490668894,3.866765116058422,3.897587336601629,3.4168827518597418,0.38490475602728286,0.022201938424590666,0.3079075438539294,0.056737204780672755,0.39400170927716544,0.0627467518146106,0.449772697200793,0.08102677794902771
368,0.6805005005005005,6.538550703192377,6.360794704694599,6.254401618630147,5.805265227415948,5.744500296217721,5.476761649851142,4.910109570522214,4.826144536696077,4.5672093952195745,3.871081607915131,3.9017235718142063,3.4217725512097856,0.38508271476722844,0.022191266656787154,0.30794661465565976,0.05671275011255647,0.39420384206896686,0.06268242004036899,0.45005731180981257,0.08091619663433576
369,0.680990990990991,6.544284009711085,6.3662981228972475,6.2601177128271654,5.810819555842775,5.749873896760241,5.482514102406271,4.915142523494514,4.83102503970045,4.572577196654953,3.8753869301091957,3.9058498883908124,3.4266494488873116,0.3852612383400087,0.02218070815310471,0.30798605400793794,0.05668830966821144,0.39440638602947475,0.06261828881749085,0.4503428924194582,0.08080603709097002
370,0.6814814814814815,6.550009587167144,6.37179436381338,6.265826765197668,5.816365830556407,5.755239350546503,5.488258250855098,4.920166731721537,4.835897042033263,4.577934915957293,3.879681039261796,3.9099662905276364,3.43151361374619,0.3854403201165065,0.022170258536264937,0.3080258634370313,0.05666388377296162,0.39460933865734377,0.06255435369827078,0.450629418741532,0.08069627369738583
371,0.6819719719719719,6.55572743389527,6.377283418725585,6.271528765953703,5.821904028583895,5.760596654403108,5.49399408819193,4.925182174077792,4.840760535780807,4.583282566497009,3.8839638799212124,3.914072787385676,3.436365200629282,0.3856199542532661,0.022159913721137552,0.3080660448221892,0.0566394720104948,0.39481269742161335,0.06249061061496859,0.4509168727932134,0.08058688290790061
372,0.6824624624624624,6.5614375513553975,6.382765279836493,6.277223711461354,5.827434129206035,5.765945805261619,5.499721605342684,4.9301888290143046,4.845615512656863,4.588620173626076,3.8882354052707617,3.9181693822144603,3.441204357608195,0.3858001353678455,0.02214966965414369,0.3081066014771324,0.05661507416904133,0.3950164582140737,0.06242705460781213,0.45120523879692104,0.08047784110037463
373,0.682952952952953,6.567139941030864,6.388239939271217,6.282911592492192,5.83295611263759,5.771286799114513,5.5054407955141675,4.935186674875963,4.850461964510195,4.593947752057512,3.8924955716301115,3.9222560826856134,3.446031251775746,0.3859808568646885,0.022139522038897304,0.30814753556840735,0.05659069022466496,0.39522061879193865,0.06236368158132875,0.4514944955913029,0.08036912365008098
374,0.6834434434434434,6.572834598223417,6.393707388872056,6.288592404016997,5.838469963959692,5.77661963316785,5.511151649618135,4.940175688877056,4.855299883665127,4.5992653204605976,3.896744334457232,3.926332891474513,3.4508460349789822,0.3861621129733874,0.022129466864928803,0.30818884838672034,0.056566319973335284,0.39542517698244023,0.06230048756134949,0.4517846255479839,0.08026070702713446
375,0.6839339339339339,6.578521528096022,6.399167621393803,6.2942661392576955,5.843975658573822,5.781944304813453,5.5168541590811335,4.945155850025078,4.8601292616788605,4.604572898597928,3.9009816542446387,3.9303998138219916,3.4556488429904357,0.38634389852285506,0.022119500448624724,0.30823054382911635,0.05654196342284121,0.39563012900613936,0.062237467889311275,0.4520756125722148,0.08015257007314866
376,0.6844244244244244,6.584200731270525,6.404620629854909,6.299932794885365,5.849473178145254,5.787260811227438,5.522548315582469,4.9501271376637295,4.864950090770537,4.609870502846552,3.9052074779614583,3.9344568555147923,3.460439808281474,0.38652620913877944,0.02210961918850397,0.3082726247605891,0.056517620354574145,0.3958354723413493,0.06217461866380759,0.45236744258020994,0.08004469162254906
377,0.684914914914915,6.589872209609692,6.410066406394767,6.305592364396818,5.8549625001062635,5.792569150049522,5.528234109424461,4.955089529041418,4.869762362886173,4.6151581517450735,3.909421781171264,3.9385040161620983,3.4652190940972876,0.38670903794315703,0.02209981884364596,0.30831509438401145,0.05649329076048861,0.39604120375131446,0.062111935480918076,0.45266009375809274,0.0799370476634806
378,0.6854054054054054,6.595535964719093,6.41550494483093,6.311244840534539,5.860443610434275,5.797869318854086,5.533911532269998,4.96004300322152,4.874566070085028,4.620435863001473,3.913624508223013,3.9425413030497785,3.46998680746526,0.3868923816772488,0.02209009647146898,0.30835795457422027,0.05646897510604964,0.3962473212649281,0.06204941457313139,0.4529535559967049,0.07982961992037804
379,0.6858958958958958,6.601191996580212,6.4209362379509045,6.3168902228994,5.865916482223977,5.8031613157171575,5.539580574168432,4.964987539548372,4.879361204426434,4.625703656579962,3.9178156360165115,3.9465687145032,3.474743097192399,0.38707623418659853,0.022080448035929373,0.30840120984061,0.056444672501676466,0.3964538205178477,0.06198705129588669,0.4532478100909218,0.07972238611281247
380,0.6863863863863864,6.606840312175503,6.42636027934655,6.3225285060443355,5.871381103642332,5.808445138602402,5.5452412264148325,4.969923117044096,4.88414775820508,4.630961547235261,3.9219951240497406,3.9505862533639227,3.4794880766211316,0.387260591847598,0.02207087055027188,0.30844486274574234,0.056420383961157436,0.3966607002584604,0.061924842369652004,0.4535428430683036,0.07961532796857085
381,0.6868768768768769,6.612480909959536,6.4317770628868285,6.3281596853652085,5.8768374499959,5.813720785400449,5.550893478048048,4.9748497140676475,4.8889257235203845,4.636209550065211,3.926162942107906,3.9545939228648606,3.4842218633069693,0.38744544985575013,0.022061360767296645,0.3084889169787115,0.05639610901306223,0.3968679571108244,0.061862783800612726,0.45383863972602295,0.07950842722579447
382,0.6873673673673674,6.618113796782129,6.437186582082132,6.3337837567108695,5.882285502492561,5.818988254808059,5.556537319818629,4.979767311044814,4.893695092604864,4.641447685603279,3.930319061126248,3.958591721928149,3.4889445802721757,0.38763080368645486,0.022051915396464776,0.30853337623881877,0.056371848151050896,0.39707558781243635,0.06180087144393502,0.45413518563278227,0.07940166443965763
383,0.6878578578578578,6.623738969325668,6.442588830916411,6.3394007186892285,5.887725242676054,5.824247544680757,5.5621727415285305,4.984675886631324,4.898455857969517,4.646675967454275,3.9344634375762073,3.96257965151889,3.493656342279615,0.3878166495129147,0.022042531250685622,0.3085782434319324,0.05634760088055137,0.3972835901092615,0.061739101814448576,0.45443246813210114,0.07929502095171585
384,0.6883483483483483,6.629356437067985,6.447983803808892,6.345010564589229,5.893156651766181,5.829498654576344,5.567799731878275,4.9895754217049495,4.903208011777692,4.651894414419234,3.938596066581785,3.966557712028985,3.498357248801895,0.3880029827638682,0.02203320572335694,0.3086235225691785,0.056323368349556556,0.3974919607637748,0.06167747119935027,0.45473047229201535,0.07918848172409733
385,0.6888388388388388,6.6349662012576065,6.453371494925538,6.350613294290174,5.898579709488886,5.834741582358195,5.573418281078201,4.994465895467161,4.907951546722803,4.657103037840486,3.94271690728242,3.970525900195888,3.5030474061243884,0.3881898003117727,0.022023935808209293,0.3086692176307409,0.05629915018636413,0.397700697541161,0.06161597621655279,0.4550291866869537,0.07908202919781246
386,0.6893293293293293,6.640568263670143,6.458751898732376,6.356208904459488,5.903994397823342,5.839976327146313,5.579028377872035,4.999347289086589,4.912686455388407,4.662301855234686,3.9468259414233278,3.974484217468515,3.507726914896692,0.38837709789721403,0.0220147187912502,0.30871533195578793,0.05627494666002483,0.3979097973396977,0.06155461333848978,0.4553285979153287,0.07897564766174077
387,0.6898198198198198,6.646162629306216,6.464125010380204,6.361797392040419,5.909400695812578,5.845202887842997,5.584630011010283,5.004219583012788,4.917412730260109,4.667490883833187,3.950923137492305,3.978432659735079,3.51239587114159,0.3885648724311558,0.022005551951168753,0.30876186994500177,0.05625075806648612,0.39811925676165605,0.06149337880589368,0.4556286958099762,0.07886932085388063
388,0.6903103103103103,6.651749302300478,6.4694908239461455,6.367378755168735,5.914798588336939,5.850421263634482,5.590223168977688,5.009082758272934,4.9221303643069385,4.672670131396054,3.955008469974022,3.982371225348344,3.517054352859858,0.38875312141384316,0.021996433140351837,0.30880883504323764,0.05622658501770278,0.39832907447448374,0.06143227028047748,0.4559294703702612,0.07876303594983218
389,0.6908008008008008,6.657328285220125,6.474849335159538,6.372952989785194,5.920188056043147,5.855631453591554,5.595807841417484,5.013936795992057,4.926839350277058,4.677839615855147,3.95908194666526,3.9862999103040058,3.521702461387507,0.38894183970441815,0.021987359676641397,0.3088562308517459,0.0562024276844243,0.39853924722903356,0.061371284004450785,0.4562309051909364,0.07865677819630493
390,0.6912912912912913,6.662899581813473,6.480200538842289,6.378520093898852,5.925569078408358,5.860833456866209,5.601384014716719,5.018781678552867,4.931539681155555,4.682999351543778,3.9631435345164667,3.9902187116279397,3.526340264090928,0.38913102543577294,0.021978329528574144,0.3089040619397493,0.05617828647569023,0.3987497714517993,0.06131041692320748,0.45653299424376154,0.07855053511784944
391,0.6917817817817817,6.668463195730191,6.485544429993363,6.3840800664264785,5.930941640308541,5.866027272438807,5.6069516788328855,5.02361738727148,4.936231349974002,4.6881493475741856,3.967193213758139,3.994127623443558,3.5309678440010606,0.3893206758703407,0.021969340413079966,0.30895233174564196,0.056154161718861395,0.3989606457463638,0.061249666420798266,0.4568357268270087,0.0784442932420861
392,0.6922722722722723,6.674019130714366,6.490881004482854,6.389632902967682,5.936305720976831,5.8712128999023605,5.612510820480704,5.028443904818119,4.9409143497717585,4.693289618545649,3.97123096288628,3.9980266446505235,3.5355852731740214,0.3895107882940417,0.021960390272554985,0.30900104456501926,0.056130053939452564,0.39917186652719283,0.061189029396342604,0.45713909437886274,0.07833804028475086
393,0.6927627627627627,6.679567391764664,6.496210257834879,6.395178603064652,5.941661305906678,5.876390339125425,5.6180614270831155,5.033261214181192,4.94558867393601,4.698420173748963,3.975256794365936,4.001915766062792,3.540192614231635,0.38970135966118324,0.021951477406923398,0.3090502043470694,0.05610596387903078,0.39938343192950676,0.06112850366274064,0.4574430852841991,0.07823176686572442
394,0.6932532532532533,6.685107981229358,6.501532185474965,6.400717163466279,5.947008374423783,5.881559588688218,5.623603487161502,5.038069298379734,4.950254315932134,4.703541025540021,3.979270681642617,4.005794982842909,3.544789940793101,0.38989238757552097,0.02194259968407942,0.3090998151590164,0.05608189163495882,0.39959533870869096,0.06106808616449298,0.4577476918144655,0.07812546020285728
395,0.6937437437437437,6.690640901917586,6.5068467837873785,6.406248583079721,5.952346911903834,5.886720648627722,5.62913698699312,5.0428681410016365,4.954911268962719,4.708652185231552,3.9832726120944093,4.0096642890117495,3.5493772937450165,0.39008387074910705,0.021933755811586398,0.309149880824192,0.056057837908187864,0.3998075844886789,0.06100777465588197,0.4580529090212598,0.07801911224379574
396,0.6942342342342342,6.696166157935994,6.5121540483059634,6.411772858216246,5.957676901680771,5.891873518057115,5.634661914470923,5.047657726253743,4.959559527034351,4.713753658507973,3.9872625875830394,4.013523675686121,3.5539547418823925,0.39027580612706897,0.02192494397325087,0.3092004050502666,0.056033803353956683,0.4000201673067823,0.06094756718773814,0.4583587256309204,0.0779127126816758
397,0.6947247247247247,6.701683753629855,6.517453975121283,6.417289985877715,5.962998325144958,5.8970181973208735,5.640178255730566,5.052438038111228,4.964199083646897,4.718845462326702,3.991240604479172,4.017373136263803,3.558522321428868,0.39046819208478145,0.02191616295883421,0.30925139211753183,0.05600978868161935,0.4002330833177623,0.06088746073867761,0.45866513707472323,0.07780625407116022
398,0.6952152152152152,6.707193690009196,6.522746560880228,6.4227999659191894,5.968311167023892,5.902154685073699,5.645685997481205,5.057209062418688,4.96882993272654,4.723927596117505,3.9952066452677557,4.0212126625051035,3.5630800925363166,0.3906610268884738,0.021907411106703717,0.30930284599552954,0.055985794211619665,0.4004463312029291,0.06082745428785161,0.45897213536214443,0.07769972671177715
399,0.6957057057057057,6.712695972665967,6.528031801560144,6.428302794619952,5.973615412683572,5.907282981588251,5.651185127218428,5.061970783965157,4.973452068270049,4.729000075666055,3.999160721568676,4.0250422430330985,3.5676280817540644,0.39085430897080103,0.02189868752541243,0.30935477026202535,0.05596182095071885,0.4006599078589257,0.06076754512408939,0.459279715828744,0.07759312499862507
400,0.6961961961961962,6.718190601924983,6.533309694011806,6.433798469475657,5.978911043552779,5.912403086005035,5.65667563003267,5.066723188478939,4.978065484364403,4.734062901658222,4.003102830709839,4.028861870949989,3.5721663231832896,0.39104803682010636,0.021889991161392886,0.3094071691168676,0.055937869273296505,0.40087381113723486,0.06070773204612062,0.4595878721005073,0.07748644316640069
401,0.6966866866866867,6.723677582053499,6.538580234290729,6.4392869868832046,5.984198044624761,5.9175149982187145,5.662157492421991,5.071466262135557,4.9826701751739115,4.739116085735471,4.007032958579616,4.032671535694939,3.5766948674728973,0.39124220886763633,0.02188132056388953,0.3094600462274851,0.05591394012241484,0.4010880380563772,0.060648012915628526,0.4598965992561333,0.07737967177441477
402,0.6971771771771772,6.729156917628891,6.543843419492918,6.444768344304705,5.989476402465989,5.922618718103107,5.667630700496088,5.07619999260291,4.987266135245443,4.744159629213854,4.01095111345754,4.036471224757604,3.5812137308286065,0.3914368243968185,0.02187267518526577,0.30951340544252337,0.055890034528894045,0.4013025870267147,0.06058838688112546,0.4602058931779186,0.0772728075185737
403,0.6976676676676676,6.734628606374093,6.549099246435023,6.450242538829066,5.994746102321282,5.927714244858875,5.673095241017208,5.080924366150277,4.991853358938505,4.7491935420520095,4.01485730809775,4.040260928203913,3.585722934605983,0.39163188171359853,0.021864054267870043,0.30956724971819116,0.05586615275801732,0.40151745524274934,0.06052885194526255,0.4605157490034717,0.07716584613638942
404,0.6981581581581582,6.7400926515047495,6.554347711441818,6.4557095672790075,6.00000712582672,5.932801577872349,5.6785510980009075,5.085639371681673,4.996431840909965,4.7542178249203175,4.0187515473183435,4.044040631999961,3.590222493064713,0.3918273801631254,0.021855457260421065,0.30962158358927155,0.055842295622845955,0.40173263992596603,0.060469407267962384,0.46082616371985835,0.07705878439986145
405,0.6986486486486486,6.745549058042948,6.559588812198387,6.461169426640765,6.005259463124404,5.937880717233967,5.683998257558816,5.0903449960274925,5.001001575971186,4.759232480802145,4.022633818413774,4.047810327162437,3.5947124294892077,0.39202331954291053,0.02184688344892281,0.3096764104359125,0.05581846447752645,0.4019481398775744,0.060410052014508615,0.46113713487035674,0.07695161707462887
406,0.6991391391391392,6.750997825972482,6.564822545329318,6.466622112997424,6.010503099561068,5.9429516616991505,5.689436705404348,5.095041229411007,5.005562558992655,4.7642375174164115,4.026504147040206,4.05156999699471,3.599192758871719,0.3922196981624184,0.021838332316674605,0.3097317335697397,0.05579465995778602,0.4021639517684016,0.06035078479911594,0.46144865794711964,0.07684434135242929
407,0.6996296296296296,6.756438955161802,6.570048908340353,6.472067622662488,6.015738019853622,5.948014411506065,5.694866426994683,5.099728060885068,5.010114784898157,4.769232934264969,4.030362528431177,4.055319629593543,3.603663479779347,0.3924165163445421,0.0218298036729863,0.3097875563602181,0.05577088268794499,0.4023800737069169,0.06029160499619317,0.46176073317903293,0.0767369556185178
408,0.7001201201201201,6.761872446749217,6.5752678979309795,6.47750595213125,6.02096421201724,5.953068965514752,5.700287406746148,5.104405479170247,5.014658249005365,4.774218732904558,4.034208976771572,4.059059207757767,3.608124591075027,0.3926137738164848,0.02182129738206119,0.30984388214295344,0.0557471337060523,0.40259650362248495,0.060232512040327334,0.4620733590820159,0.07662945874936308
409,0.7006106106106106,6.767298303248483,6.580479512064604,6.482937096256157,6.026181661851684,5.958115323699359,5.705699629815823,5.109073475855486,5.0191929464091505,4.779194912390204,4.038043496063241,4.062788720588369,3.612576099550976,0.39281147016560614,0.021812813178516504,0.30990071445000794,0.05572341406272666,0.4028132393714496,0.06017350562709771,0.4623865336067464,0.07652184888095219
410,0.701101101101101,6.772716524420786,6.585683747656184,6.488361048566556,6.031390356797853,5.9631534849476955,5.711103081138563,5.113732041542384,5.023718872705194,4.784161475942158,4.041866111201225,4.066508149549515,3.617017991533596,0.3930096050213905,0.021804351257333376,0.309958056023506,0.05569972477995162,0.40303027832575516,0.060114585074540317,0.462700256280122,0.07641412688551859
411,0.7015915915915916,6.778127109047528,6.590880602243771,6.493777810640836,6.0365902872891155,5.968183448615854,5.716497745438959,5.1183811679440225,5.028236023260427,4.789118421422866,4.0456768306795565,4.070217478658676,3.6214502680066594,0.39320817842407213,0.02179591144173741,0.31001591024859826,0.05567606645832626,0.40324761897573536,0.06005575054344985,0.46301452586399505,0.07630629162492537
412,0.7020820820820821,6.783530058975049,6.596070073588616,6.499187370682811,6.04178143920399,5.97320521399713,5.72188360731614,5.1230208461524525,5.032744393760187,4.794065747576997,4.049475654951511,4.073916693330014,3.6258729190957992,0.3934071906588941,0.021787493880549305,0.3100742797369088,0.055652440601488995,0.40346525904118247,0.05999700176883756,0.46332934373782836,0.07619834281781107
413,0.7025725725725726,6.788925371718442,6.601252159074929,6.504589728860645,6.046963800437322,5.978218780325826,5.727260651180366,5.127651069477469,5.037243979924475,4.799003453459456,4.053262599738792,4.077605772834826,3.630285914630255,0.39360664279987234,0.021779099066297176,0.3101331678944734,0.05562884763775708,0.4036831961269202,0.059938338768457874,0.4636447132692075,0.0760902831617556
414,0.703063063063063,6.794313047657266,6.60642685629634,6.5099848768946265,6.052137362746502,5.983224145804343,5.732628861010717,5.13227183085767,5.041734777809567,4.8039315350094896,4.057037694839286,4.081284700918623,3.6346892454906397,0.39380653404809535,0.021770727270654978,0.31019257700200475,0.055605289142335514,0.40390142864122325,0.05987976212008935,0.46396063163668216,0.07598211412638672
415,0.7035535535535535,6.799693085911098,6.611594163133432,6.515372807243466,6.0573021118555275,5.988221310490221,5.73798822214862,5.136883124211564,5.046216783274635,4.808849987073867,4.0608009462351875,4.084953459545265,3.6390828883029736,0.39400686528892886,0.021762378930000513,0.3102525097138969,0.05558176599233364,0.4041199546295513,0.059821272086792304,0.46427710174313097,0.07587383760775321
416,0.7040440440440441,6.805065482064077,6.61675407729557,6.520753518706159,6.062458037572902,5.9932102729612104,5.743338717424143,5.141484942510359,5.050689992500511,4.813758808455671,4.06455236429699,4.0886120296156285,3.6434668057517494,0.3942076379363069,0.021754054714468268,0.31031296905228634,0.05555827881157687,0.4043387716687143,0.05976286895639949,0.46459412851045107,0.07576545698952941
417,0.7045345345345345,6.810430236441635,6.621906596372579,6.526127003161073,6.067605132759636,5.998191031464168,5.748680331906372,5.146077281689185,5.0551544015622465,4.8186579902649616,4.0682919719836175,4.09226038995963,3.6478409818189466,0.39440885206442355,0.02174575507654169,0.310373956988388,0.05553482911259836,0.40455787875356936,0.059704553964839285,0.4649117115549315,0.07565697443307433
418,0.705025025025025,6.815787345851783,6.6270517184718445,6.531493251441505,6.0727433878630785,6.003163585232634,5.754013049012042,5.150660136349421,5.059610006917561,4.823547528744908,4.072019780352526,4.095898521216566,3.652205372438861,0.39461050912307366,0.02173748098270894,0.31043547535363175,0.05551141819046971,0.4047772738277829,0.05964632778118741,0.4652298566195699,0.07554839445611262
419,0.7055155155155155,6.821136807061366,6.632189441589429,6.536852258506831,6.077872789376335,6.008127932999205,5.759336853386064,5.155233502503855,5.064056805028835,4.8284274177000475,4.075735817115527,4.099526403454453,3.6565599478563406,0.3948126093827319,0.021729233049122706,0.3104975270218412,0.05548804659915209,0.40499695451589574,0.059588191008719524,0.46554856489940405,0.07543972101392969
420,0.706006006006006,6.826478618966262,6.637319763317681,6.5422040172802625,6.0829933305155715,6.013084072508784,5.764651728316104,5.159797376235706,5.068494792393535,4.833297647845989,4.079440091667039,4.1031440137177375,3.660904665504048,0.39501515469019466,0.02172101224901261,0.3105601141880426,0.05546471583645473,0.4052169195081395,0.05953014512249681,0.4658678421017537,0.07533095864258127
421,0.7064964964964965,6.831812775271266,6.642442681790711,6.547548520714755,6.088105003037652,6.018032002975642,5.769957658191715,5.164351753554609,5.072923965678824,4.838158215208703,4.083132617520177,4.106751330066831,3.665239487828743,0.3952181461887081,0.021712819392405904,0.31062323821753796,0.05544142674467856,0.4054371668730501,0.05947219090592248,0.4661876932474221,0.07522211115575135
422,0.7069869869869869,6.837139272466615,6.647558194938695,6.552885760053764,6.093207800544719,6.022971722035418,5.775254626504239,5.168896633192692,5.077344321364701,4.8430091043768595,4.086813423614004,4.1103483300620205,3.6695643698437492,0.3954215848537251,0.021704655639622667,0.3106869006932935,0.05541818071476501,0.40565769587642775,0.05941433063259886,0.46650812098388644,0.07511318512200037
423,0.7074774774774775,6.842458107181096,6.652666300846565,6.558215728008753,6.09830171234799,6.0279032283991985,5.780542616140704,5.173432012508104,5.081755856321735,4.847850309705741,4.0904825259806135,4.113934991928296,3.6738792636412656,0.39562547221328254,0.02169652203944219,0.3107511040062242,0.05539497882341653,0.405878503959602,0.05935656531766707,0.46682913142524823,0.07500418596008261
424,0.707967967967968,6.847769272858964,6.657766997604354,6.563538415907336,6.103386730907773,6.032826519354184,5.785821611922282,5.177957889339505,5.086158567671206,4.8526818205430775,4.094139936175146,4.117511291691213,3.678184113187612,0.3958298103549712,0.021688419856794754,0.31081584935689627,0.055371821932562355,0.4060995897127097,0.059298896488396,0.46715073220939485,0.07489512009814978
425,0.7084584584584585,6.853072765418899,6.662860283014518,6.568853815908806,6.10846285112814,6.03774159343277,5.791091596804157,5.182474262822437,5.090552452075661,4.857503624825139,4.097785682763276,4.12107720409154,3.682478864624358,0.39603460075473423,0.02168035042235811,0.31088113811895063,0.05534871148744066,0.40632095207278535,0.05924132628603958,0.46747292829978276,0.07478599473285023
426,0.7089489489489489,6.8583685786524216,6.667946155491891,6.574161915536336,6.113530065220946,6.042648448499673,5.79635255486181,5.186981131721581,5.0949375066687725,4.862315710150541,4.101419770444103,4.124632704986352,3.686763470519675,0.39623984530132733,0.02167231486796482,0.3109469710998103,0.05532564871854228,0.4065425896870133,0.059183856550341855,0.46779572698859645,0.07467681506849268
427,0.7094394394394394,6.863656707584816,6.67302461298606,6.579462709804759,6.118588364121849,6.047547081708716,5.801604468778943,5.191478496937491,5.099313728421097,4.86711806694487,4.1050422322007485,4.128177768327097,3.691037863900723,0.39644554582690034,0.021664314711572277,0.3110133507918214,0.05530263446525198,0.40676450001860537,0.059126489022429875,0.4681191352730391,0.07456758997872612
428,0.70992992992993,6.868937142869667,6.678095653342391,6.584756185961466,6.123637745131184,6.052437491415046,5.806847323608368,5.195966358142735,5.103681114501015,4.871910677497335,4.10865307639571,4.131712369451767,3.695301995317412,0.39665170415644474,0.02165635123876517,0.3110802764766681,0.055279669981596107,0.40698668329601995,0.059069226396923025,0.4684431596501211,0.07445832554748798
429,0.7104204204204204,6.8742098799989195,6.683159274992667,6.590042335037158,6.1286782019822,6.05731967439276,5.812081101946721,5.20044471517596,5.10803966189965,4.876693530752463,4.112252320508712,4.13523648049993,3.69955579672409,0.39685832285913175,0.02164842601687932,0.3111477498698781,0.05525675661749118,0.4072091376850413,0.05901207066892341,0.4687678094138394,0.0743490298629315
430,0.7109109109109109,6.879474911178693,6.6882154760890655,6.595321149348071,6.133709727033543,6.0621936276195685,5.817305787029997,5.204913570605388,5.112389368136673,4.88146661045583,4.1158399925508675,4.138750077505469,3.7037992015120675,0.39706540373661126,0.021640540644038746,0.3112157724338919,0.05523389517260319,0.40743186155545563,0.058955024406886304,0.46909309128087123,0.07423971224845466
431,0.7114014014014014,6.884732226486177,6.693264254467411,6.600592614767974,6.138732317801458,6.067059349327655,5.822521362402851,5.209372925362825,5.116730230244698,4.886229903267941,4.119416100114197,4.142253130058875,3.7080321459460577,0.39727294933221047,0.021632696691819112,0.3112843433715913,0.05521108710362512,0.40765485413539987,0.058898090120613845,0.4694190155552439,0.0741303798124647
432,0.7118918918918918,6.889981819298998,6.698305608498115,6.605856720010264,6.143745966949,6.071916836199916,5.827727812289141,5.2138227816635805,5.121062245470068,4.890983388901306,4.1229806604171415,4.145745612034147,3.7122545627396684,0.39748096202531047,0.02162489579436182,0.31135346368064093,0.05518833346576071,0.40787811461356055,0.058841270652711795,0.4697455902523134,0.0740210415167592
433,0.7123823823823824,6.895223682018592,6.703339536220584,6.611113458763942,6.148750673837025,6.076766084709355,5.832925119910079,5.218263141439918,5.125385411125203,4.895727054830463,4.126533692315536,4.149227493784451,3.716466382402697,0.3976894445022974,0.021617139597711523,0.3114231340956893,0.055165635464628326,0.40810164188043835,0.058784568616391183,0.47007282507138387,0.07391170582600957
434,0.7128728728728728,6.9004578029172645,6.70836603562216,6.6163628161669426,6.153746430171272,6.081607091466842,5.838113268557733,5.222694007653508,5.129699724395107,4.900460880973043,4.130075209561216,4.152698746477207,3.7206675295025455,0.39789839932952065,0.021609429912845684,0.3114933545861772,0.05514299397278979,0.4083254347119561,0.05872798690911331,0.470400730229617,0.07380238233640282
435,0.7133633633633634,6.905684174761001,6.713385104895194,6.6216047814121035,6.158733233273592,6.086439854210999,5.843292242052282,5.227115384248104,5.134005182758027,4.905184848646536,4.133605236530118,4.156159342136926,3.724857938065813,0.39810782861060945,0.0216017684260327,0.31156412533603167,0.055120410363720576,0.4085494925494893,0.05867152873848151,0.4707293133000142,0.07369308010639646
436,0.7138538538538538,6.9109027855172585,6.7183967422272275,6.626839342910427,6.163711081806536,6.091264368378133,5.848462023798982,5.231527274400729,5.138301783231311,4.909898941472925,4.137123773529995,4.1596092486266985,3.7290375256193147,0.39831773611368776,0.021594157063878926,0.31163544591991743,0.055097885695124076,0.40877381447924765,0.05861519708032845,0.47105858848671167,0.07358380834021953
437,0.7143443443443444,6.916113627467974,6.7234009458348165,6.632066489415319,6.168679968409837,6.0960806308168385,5.853622597424108,5.235929681822357,5.142589523274401,4.9146031380013175,4.140630835869489,4.163048437659326,3.733206222047188,0.39852812445080565,0.021586597517762277,0.3117073172262989,0.05507542096325167,0.40899839954507095,0.05855899506229575,0.4713885648829588,0.0734745762748326
438,0.7148348348348348,6.921316686488622,6.728397713345597,6.637286205604736,6.173639893792423,6.100888637619443,5.8587739472850435,5.240322610805637,5.146868400081248,4.9192974198841455,4.144126442724492,4.166476876902347,3.737363945206132,0.39873899635023635,0.021579091845605844,0.31177973737648035,0.055053017373171045,0.409223247460268,0.058502926005533515,0.4717192538439499,0.07336539432037424
439,0.7153253253253253,6.926511953917493,6.733387043216695,6.642498481555788,6.178590853405765,6.105688385421689,5.863916055790535,5.244706066511992,5.151138410683797,4.923981764712481,4.1476106018804675,4.169894534737281,3.741510615845252,0.3989503553381731,0.021571641936960012,0.3118527071487989,0.05503067605440968,0.40944835745925307,0.058446993536273764,0.47205066736610735,0.07325627232781182
440,0.7158158158158158,6.931699418243134,6.738368933149943,6.647703302791931,6.183532845998864,6.110479869738344,5.869048907550248,5.249080052736814,5.15539955228922,4.928656151181891,4.151083323537178,4.173301379499868,3.7456461635341003,0.39916220416517195,0.02156424955002524,0.3119262255067973,0.05500839818588436,0.4096737294226387,0.058391201049066914,0.4723828158135907,0.07314721906020046
441,0.7163063063063063,6.93687906761352,6.743343381500421,6.652900658518883,6.188465868614466,6.115263086522646,5.874172486140301,5.253444576210444,5.159651822116443,4.933320556387241,4.154544629384301,4.1766973787356605,3.7497704987937297,0.39937454606506806,0.0215569168484614,0.3120002923254956,0.05498618463202335,0.4098993627030323,0.05833555231078326,0.4727157109540216,0.07303824643285865
442,0.7167967967967968,6.942050887689564,6.748310385895064,6.658090534342667,6.1933899175158516,6.120038031281857,5.879286775457747,5.257799641205242,5.163895217124916,4.937974960350111,4.157994507075188,4.180082498898042,3.753883541766497,0.3995873850673695,0.021549645680971913,0.3120749066242961,0.05496403619020215,0.4101252564918077,0.05828005051121947,0.4730493682778587,0.07292936289274962
443,0.7172872872872873,6.947214868876049,6.753269944609373,6.663272916096569,6.198304993782023,6.12480470023932,5.884391759219898,5.262145253533252,5.168129734339008,4.942619336809948,4.161432973512588,4.183456708204387,3.757985211941141,0.39980072427232954,0.021542438120049228,0.31215006746134705,0.05494195445221731,0.41035141143227016,0.058224699946552924,0.4733837982033912,0.0728205792684069
444,0.7177777777777777,6.952370996856051,6.758222055428944,6.6684477919605065,6.203211095204133,6.129563088340387,5.889487421345117,5.266481419887938,5.17235537041419,4.947253665279647,4.164860037893533,4.186819972302502,3.7620754319779217,0.40001456681010417,0.02153529601293987,0.31222577411191504,0.05491994011161693,0.41057782662586945,0.05816950411514491,0.473719013087273,0.07271190501363439
445,0.7182682682682683,6.957519258302323,6.763166716412817,6.673615147396129,6.208108219787081,6.13431319128706,5.8945737462810115,5.270808145675871,5.176572122302873,4.951877920433612,4.168275707604456,4.190172254311502,3.7661541059230537,0.40022891685058876,0.02152822164534593,0.3123020254235176,0.054897994118442046,0.4108045022349055,0.05811446688520862,0.4740550277652375,0.07260335184756866
446,0.7187587587587587,6.962659640772265,6.768103925220794,6.678774966907505,6.212996367627006,6.13905500418048,5.899650717250195,5.275125437918001,5.18077998670937,4.956492074634224,4.171679968940304,4.193513522283687,3.7702211578811653,0.40044377839132544,0.02152121692283743,0.3123788201369002,0.05487611783866521,0.41103143859700547,0.0580595927150619,0.47439185637151066,0.0724949285293599
447,0.7192492492492493,6.967792129434409,6.773033680084562,6.683927239811632,6.217875535515561,6.1437885221370765,5.904718319231574,5.279433301973713,5.184978960179135,4.961096104408328,4.175072845304766,4.196843741779105,3.7742765078411726,0.4006591541792123,0.021514283732702998,0.3124561576484262,0.05485431163049432,0.41125863548855224,0.058004885120810076,0.47472950896421184,0.07238664575558548
448,0.7197397397397397,6.972916710875641,6.777955978438631,6.689071949661574,6.222745725417195,6.148513740290428,5.909776536354027,5.283731746003503,5.189169039029982,4.965689986822733,4.178454326145214,4.200162873223531,3.7783200569428885,0.40087504927184425,0.021507424459791792,0.312534035981702,0.05483257687545344,0.4114860928634794,0.05795034821564883,0.4750680044398066,0.07227851439551665
449,0.7202302302302303,6.978033369486393,6.782870818326479,6.694209083880945,6.227606935373624,6.153230653389025,5.914825352294411,5.288020775564195,5.1933502196005,4.970273689390472,4.181824416899669,4.203470883653555,3.78235172942082,0.40109146694820047,0.021500640956233854,0.31261245417989886,0.05481091420557208,0.4117138117436265,0.05789598661339588,0.4754073533226009,0.07217054446234082
450,0.7207207207207207,6.983142092496196,6.7877781974513205,6.6993386265120956,6.232459166392009,6.15793925621751,5.919864752524589,5.2923003983722365,5.1975224982090165,4.974847191141475,4.18518310879023,4.2067677342041465,3.7863714422372556,0.40130841151020186,0.021493935225603587,0.31269141046406346,0.05478932478595311,0.41194179186826685,0.05784180398976335,0.47574757207892027,0.07206274490085095
451,0.7212112112112112,6.988242864434499,6.792678113541866,6.704460564953843,6.237302415528917,6.1626395436529675,5.924894720050466,5.296570621136744,5.201685870662194,4.979410460533731,4.188530398157454,4.210053389355714,3.7903791000122466,0.4015258875413005,0.02148730950166816,0.3127709040694644,0.05476780925946774,0.4121700338115068,0.05778780493949923,0.476088675986195,0.07195512738158029
452,0.7217017017017017,6.993335668954696,6.797570564162611,6.709574882359806,6.24213668622167,6.167331510360309,5.929915240509556,5.300831450704563,5.205840332971059,4.983963472071465,4.191866285471376,4.213327811805416,3.794374628123817,0.4017438984269165,0.021480765672587047,0.31285093219226173,0.054746368676751034,0.41239853849660607,0.05773399365876762,0.4764306779019853,0.07184770075089769
453,0.7221921921921922,6.9984204929986475,6.802455547138078,6.714681565197835,6.246961976191494,6.172015150915988,5.93492629866069,5.3050828940061265,5.2099858806046955,4.988506194949167,4.19519075606312,4.216590961284719,3.798357933898762,0.40196244940749387,0.021474305884376422,0.3129314939895946,0.054725003809653734,0.4126273067143429,0.05768037454023054,0.47677359508292805,0.07174047539599876
454,0.7226826826826827,7.003497319921123,6.807333060149193,6.719780600545546,6.2517782849904275,6.176690458984202,5.939927878331739,5.309324958873109,5.21412250915036,4.99303860222368,4.198503800513339,4.219842801094414,3.802328937567947,0.4021815445736718,0.021467932021080723,0.3130125881685978,0.054703715259869876,0.412856338546992,0.05762695186277395,0.4771174423476521,0.07163346043737315
455,0.7231731731731732,7.008566134030822,6.8122031007717245,6.724871971857118,6.25658561664562,6.181357429928305,5.944919965413251,5.313557651478263,5.218250213807129,4.99756066333303,4.201805425715384,4.223083291793606,3.8062875478304203,0.40240118800829056,0.021461646348747265,0.3130942118423129,0.054682504138295146,0.41308563608947363,0.05757373028478263,0.4774622333993572,0.07152666726380019
456,0.7236636636636636,7.0136269193382255,6.8170656662077285,6.729955664933931,6.26138396723919,6.186016057315886,5.949902543918542,5.317780979813302,5.222368989680762,5.002072350994342,4.205095600248418,4.226312393580656,3.810233689632259,0.40262138460033875,0.021455450565652432,0.31317636404818294,0.05466137091628649,0.41331519903031533,0.057520713853202655,0.4778079859125257,0.07142010305643706
457,0.7241541541541541,7.018679660741652,6.821920754445522,6.735031666630571,6.266173339449427,6.190666335160184,5.954875599405789,5.321994949407346,5.226478831656059,5.006573631607959,4.208374312282331,4.229530066458596,3.8141672624368534,0.4028421398762163,0.021449347020551915,0.3132590429754193,0.05464031639061301,0.41354502960402634,0.057467907365340486,0.47815471713993296,0.07131377943455447
458,0.7246446446446446,7.023724341037491,6.826768362538209,6.7400999617316115,6.27095373318417,6.195308257866406,5.9598391163102935,5.3261995684274295,5.230579734048106,5.011064477069595,4.211641550923445,4.232736272451693,3.818088192448529,0.4030634576905468,0.02144333749831843,0.3133422465807708,0.05461934125022638,0.41377512844330316,0.05741531519447398,0.47850244112998064,0.07120770473316282
459,0.7251351351351352,7.028760944912207,6.831608488425303,6.745160533359009,6.275725149124303,6.199941819393119,5.964793081218797,5.330394843122365,5.23467169154739,5.015544857879547,4.214897296069649,4.235930967863483,3.8219964009488705,0.40328534288689166,0.02143742385444566,0.31342597262353,0.054598446269906856,0.41400549696490097,0.057362941541558084,0.47885117437957403,0.07110188700296935
460,0.7256256256256256,7.033789455326871,6.836441129145292,6.750213370519657,6.280487587730341,6.204567013430174,5.969737478080742,5.334580780040282,5.238754697878228,5.020014737911665,4.2181415275534455,4.239114113195117,3.8258917904239738,0.40350780114746765,0.02143160831701817,0.3135102197872987,0.05457763191295579,0.41423613718879726,0.05731079149379158,0.4792009344525303,0.07099633731752736
461,0.726116116116116,7.038809857904616,6.841266282189173,6.75525845699346,6.285241051720575,6.209183834133631,5.9746722928419835,5.338757385807327,5.242828747221754,5.024474088868268,4.22137422021865,4.242285666756512,3.8297742874774046,0.40373083727442527,0.02142589264845174,0.31359498576652794,0.054556899217366936,0.41446705060760525,0.05725886936460881,0.4795517376714161,0.07089106286622884
462,0.7266066066066066,7.043822133950165,6.846083944905363,6.760295781173747,6.2899855378933385,6.213792275125398,5.979597511354801,5.342924666270535,5.246893832878637,5.028922879478009,4.224595358605071,4.245445585391342,3.8336438088423024,0.40395445612007475,0.021420278670956253,0.31368026922560893,0.054536248046605555,0.4146982384367941,0.05720717925414577,0.47990359992558135,0.07078607262105871
463,0.7270970970970971,7.048826268818225,6.850894114394815,6.76532532581904,6.294721049453933,6.218392330123574,5.9845131184274445,5.347082628105694,5.250949948127166,5.033361076001474,4.227804907885881,4.248593829312226,3.8375002728077194,0.4041786631874336,0.021414768355372423,0.3137660677733937,0.054515679626275175,0.414929702922678,0.057155726124622476,0.48025653895448117,0.0706813747687778
464,0.7275875875875876,7.053822245766016,6.855696788044925,6.770347076951482,6.299447587049654,6.222983992764989,5.989419100270525,5.351231276922714,5.254997085854644,5.0377886467359225,4.2310028563082644,4.251730353318051,3.841343593429968,0.4044034634331543,0.021409363664114566,0.31385237940807803,0.05449519440613776,0.41516144604857297,0.05710451432765053,0.48061057063767215,0.0705769786851641
465,0.728078078078078,7.058810046343074,6.8604919631420795,6.775361021092621,6.304165149893692,6.227567256439928,5.994315443175814,5.355370618034885,5.25903523893383,5.0422055554763725,4.234189148637058,4.254855113431874,3.8451736971803245,0.40462886309962726,0.021404066207538642,0.31393920216986726,0.05447479251694507,0.41539347026305784,0.0570535485133153,0.4809657144781464,0.07047289030528059
466,0.7285685685685686,7.063789655945791,6.865279636798407,6.780367147760417,6.308873738756353,6.232142115449191,5.999202132076246,5.359500656149192,5.263064399220402,5.046611773596219,4.2373637714365575,4.257968068248535,3.8489905033443597,0.40485486703377166,0.02139887778638591,0.3140265349038915,0.05445447451725116,0.415625777313152,0.057002832797446175,0.48132198545781135,0.07036911822118476
467,0.7290590590590591,7.068761057308407,6.870059806112756,6.785365436869042,6.313573355849042,6.236708562565846,6.004079154077234,5.3636213975769484,5.267084559082387,5.051007264379994,4.240526683849348,4.261069172610634,3.8527939273180074,0.4050814811886708,0.021393800403088272,0.31411437437572476,0.05443424122951841,0.4158583701123933,0.05695237205697235,0.4816794027699869,0.07026567049022168
468,0.7295495495495495,7.073724236657304,6.8748324683502,6.790355880622288,6.3182639996868994,6.2412665922058315,6.00894649437171,5.367732845004686,5.27109570992618,5.055391996596707,4.243677850858324,4.2641583804390315,3.856583892176506,0.4053087115924892,0.021388835644355928,0.314202720233767,0.054414092895064915,0.4160912508701948,0.05690217031618823,0.4820379839142709,0.07016255384994725
469,0.73004004004004,7.078679176344722,6.879597620388416,6.795338464905446,6.322945672503579,6.245816196745793,6.013804139085856,5.371835004325917,5.275097842816715,5.05976593350664,4.2468172374341036,4.267235649469571,3.8603603311943964,0.40553656328189003,0.02138398506382177,0.3142915702166076,0.05439402996559038,0.4163244225568046,0.056852232481730935,0.4823977439806199,0.07005977469672525
470,0.7305305305305305,7.083625857473162,6.884355259228483,6.800313174555544,6.327618372500171,6.250357370438748,6.018652075658946,5.375927877995742,5.2790909488312945,5.064129040846613,4.249944802898459,4.27030093270279,3.8641231592001146,0.40576504245271744,0.021379250485286633,0.3143809218700812,0.054374052462495555,0.4165578881578759,0.05680256259618303,0.4827587020951424,0.06995734060113218
471,0.7310210210210211,7.088564268337999,6.8891053819902535,6.805279998707642,6.332282100695958,6.254890106403803,6.023490289288396,5.380011470168457,5.283075018549198,5.068481285607035,4.253060499207133,4.273354182832279,3.867872300016163,0.4059941557040349,0.021374633548346275,0.31447077450141314,0.05435416117394357,0.41679165022298015,0.0567531650888853,0.483120877548063,0.06985525764154116
472,0.7315115115115115,7.093494390395284,6.893847985571622,6.810238924253472,6.336936858121905,6.25941439800712,6.028318767358414,5.384085783508643,5.287050041732362,5.072822631573069,4.256164290917173,4.276395357006088,3.871607684115697,0.4062239083164572,0.021370135780559695,0.31456112571682177,0.054334356192304714,0.41702571245370473,0.05670404436037275,0.48348428539976257,0.06975353223149788
473,0.7320020020020019,7.098416208974655,6.89858306705055,6.81518993982374,6.341582644062855,6.263930239290887,6.033137496201801,5.388150820374505,5.291016008350535,5.077153044322442,4.259256128453097,4.279424406125502,3.8753292399932366,0.4064543067379269,0.021365758673381374,0.31465197426821323,0.05431463783862886,0.41726007799928555,0.056655204617710606,0.48384894419249586,0.06965216969285863
474,0.7324924924924925,7.103329710713916,6.903310623159001,6.820133033667369,6.3462194567522,6.268437623081979,6.0379464615995015,5.392206582221791,5.2949729074002665,5.081472488551687,4.262335947375301,4.2824412826250216,3.879036885264716,0.40668535849210313,0.021361503901841255,0.31474331939955036,0.05429500653000456,0.41749475000001596,0.056606650009400954,0.48421487557410536,0.06955117592133506
475,0.732982982982983,7.108234876190331,6.908030650792129,6.825068189844895,6.350847297584498,6.272936542911643,6.042745651610606,5.396253071107932,5.298920727906487,5.085780928512005,4.265403720196738,4.285445939828904,3.8827305561709995,0.40691706829855046,0.021357372899909268,0.31483515800534656,0.05427546242649475,0.41772973245883677,0.05655838479151808,0.4845820930447062,0.06945055675885885
476,0.7334734734734735,7.113131692377129,6.912743146828553,6.829995402540848,6.355466166229121,6.277426992224934,6.04753505275249,5.400290287034622,5.302859458115852,5.090078327699877,4.268459389249663,4.288438330603293,3.8864101800191118,0.4071494433155977,0.02135336708090884,0.3149274898546402,0.054256005594678,0.4179650294128003,0.056510413149269904,0.4849506153136184,0.06935031734818294
477,0.7339639639639639,7.11802014534376,6.9174481081401265,6.834914657613099,6.360076061289352,6.281908964147582,6.0523146516354345,5.404318230727958,5.306789086158887,5.094364651616227,4.271502889503471,4.291418403202837,3.8900756908774357,0.40738249047027075,0.021349487780677547,0.3150203135663579,0.054236636503939,0.41820064433362025,0.05646273903086211,0.4853204622230507,0.06925046122146401
478,0.7344544544544545,7.122900218166819,6.922145531326008,6.8398259425282975,6.364676980199788,6.286382452916457,6.057084435198981,5.40833690123349,5.3107095992938484,5.098639862585833,4.274534175633293,4.29438611256748,3.8937270179135566,0.4076162157712022,0.02134573644089042,0.3151136274802486,0.05421735514403938,0.41843658156169755,0.05641536646104837,0.485691649674829,0.06915099413133205
479,0.7349449449449449,7.127771900166767,6.926835413397171,6.844729251563979,6.36926892402887,6.290847451454115,6.061844391193245,5.4123462978898775,5.314620984501443,5.102903925080716,4.2775531800519175,4.297341406939778,3.8973640835123455,0.4078506273781486,0.02134211454766388,0.31520743143241814,0.054198161743145026,0.4186728455774632,0.05636829941487018,0.4860641990581262,0.06905192083530706
480,0.7354354354354354,7.132635174455993,6.931517750819305,6.849624571116535,6.373851891907553,6.295303953482146,6.066594505760955,5.416346418849699,5.318523228472447,5.107156801527331,4.280559844987041,4.300284236725282,3.900986836388904,0.4080857311628266,0.02133862312788308,0.3153017235379121,0.05417905656076559,0.4189094409736488,0.05632154201352806,0.4864381257066447,0.06895324373519192
481,0.7359259259259259,7.1374900283719525,6.936192540320416,6.854511893443345,6.378425881706959,6.299751952403553,6.07133476689179,5.420337261321335,5.32241631717286,5.111398456797647,4.283554103727324,4.3032145522634115,3.904595207423019,0.4083215346046899,0.021335263446212883,0.3153965033709824,0.05416003953395931,0.4191463722694435,0.05627509777065764,0.48681344895205914,0.06885496659114149
482,0.7364164164164164,7.142336448712337,6.940859778735334,6.859391206577377,6.382990888960145,6.3041914417406,6.076065161377985,5.424318822954683,5.326300236134598,5.115628854045079,4.2865359021647835,4.306132301762893,3.908189122987337,0.408558044697163,0.021332036914164274,0.31549177032621306,0.05414111079532832,0.41938364373719467,0.056228970344982976,0.4871901870147373,0.06875709440916242
483,0.7369069069069069,7.147174423159167,6.945519462632085,6.864262503677632,6.387546915515341,6.308622415622129,6.080785676625346,5.428291098945443,5.330174970292935,5.119847956078144,4.28950515804423,4.309037436561389,3.9117685236530804,0.4087952693112461,0.02132894461189651,0.3155875235388032,0.054122270627615994,0.41962126123168225,0.05618316363917735,0.4875683591897743,0.06865962904400458
484,0.7373973973973974,7.152003937343194,6.95017158866633,6.869125774328109,6.392093955818377,6.313044866779911,6.0854963000651585,5.432254084914178,5.33404050415122,5.124055723285032,4.292461820654663,4.311929902308456,3.915333350564397,0.40903321483772614,0.02132598757830886,0.3156837626123184,0.05410351877329831,0.41985922968892087,0.0561376812393138,0.4879479805948741,0.06856257386037905
485,0.7378878878878878,7.156824981982419,6.954816153382229,6.873981012487895,6.3966320094278535,6.317458789841269,6.090197019654072,5.43620777494661,5.3378968217538105,5.128252121590196,4.2954058067825525,4.314809648379464,3.9188835430540765,0.4092718894596937,0.021323166853015985,0.31578048741338305,0.054084855526228104,0.4200975546227197,0.05609252643737118,0.4883290712886365,0.06846593036047983
486,0.7383783783783784,7.161637541966682,6.959453153319501,6.878828206081313,6.401161073432668,6.321864177902503,6.094887821580128,5.440152163931102,5.341743906441168,5.132437112314056,4.298337039154781,4.317676619944538,3.92241903586715,0.4095113009504344,0.021320483619025304,0.3158776969258409,0.05406628101080646,0.42033624136389774,0.05604770297287538,0.4887116510904101,0.06836970105319552
487,0.7388688688688688,7.166441608235103,6.964082585103455,6.883667352319157,6.405681145192184,6.326261025275913,6.09956869469501,5.444087244069373,5.345581741121362,5.136610657393527,4.3012554555326235,4.32053076797555,3.9259397617330523,0.4097514570319148,0.02131793900055231,0.31597539176521444,0.05404779504104702,0.42057529620634343,0.05600321409995024,0.48909573673271023,0.06827388965677363
488,0.7393593593593594,7.17123716984949,6.968704445514991,6.888498441528075,6.410192218826762,6.330649325122825,6.104239625629066,5.448013006725211,5.349410308097338,5.140772720286253,4.304160974458509,4.323372035800069,3.9294456787778365,0.4099923650192113,0.02131553356379616,0.3160735722582839,0.05402939768888722,0.42081472447561635,0.05595906280504534,0.4894813451715986,0.06817849517371692
489,0.7398498498498498,7.176024214839754,6.97331873078063,6.893321465451734,6.414694292635523,6.33502907264409,6.108900602290299,5.451929443071913,5.3532295890083175,5.144923261423606,4.307053519116706,4.326200371709662,3.9329367121411853,0.41023403340014375,0.021313268647010254,0.31617223762217966,0.05401108907903114,0.42105453314418106,0.05591525256843305,0.48986849618605804,0.06808352129483423
490,0.7403403403403404,7.180802733384384,6.977925437364987,6.89813642134235,6.41918736278636,6.339400260690044,6.113551612229897,5.455836544350709,5.357039565242399,5.149062241734047,4.309933002644873,4.329015720314932,3.9364128103837763,0.4104764705098478,0.021311144961083814,0.3162713889174345,0.05399286895421889,0.42129472843860905,0.055871786638999284,0.49025720819724644,0.06798896812661454
491,0.7408308308308308,7.18557271830439,6.982524562150396,6.902943300212489,6.423671422470033,6.343762883571403,6.1181926424641375,5.459734299139386,5.360840217250545,5.153189628060843,4.312799351624978,4.331818025699335,3.939873914931761,0.41071968423103966,0.021309163376506124,0.3163710270413234,0.053974737608192706,0.4215353159534431,0.05582866735058917,0.4906474991242179,0.06789483667316251
492,0.7413213213213213,7.190334158151351,6.987116101448465,6.907742097387673,6.428146470537534,6.348116935822932,6.12282368175128,5.4636226960525445,5.36463152493509,5.157305378628899,4.315652481997521,4.334607235105803,3.9433199721790517,0.4109636827753054,0.021307324706948263,0.3164711517107866,0.05395669489144639,0.4217763037089704,0.055785898101782395,0.49103938592827046,0.06780112765286292
493,0.7418118118118118,7.195087045785481,6.991700051559508,6.9125328077793275,6.432612499129606,6.35246241148588,6.127444716611144,5.467501721531387,5.368413467907913,5.161409454883884,4.318492308036764,4.337383289658451,3.9467509280692976,0.411208474732886,0.021305629644974525,0.3165717645718209,0.05393874080391911,0.42201769824900387,0.05574348153237399,0.4914328868724607,0.06770784096727646
494,0.7423023023023023,7.199831372624359,6.996276409142866,6.917315426546433,6.437069504276748,6.356799304759759,6.1320557353274845,5.471371362788081,5.3721860247047655,5.165501819767989,4.321318740485108,4.340146135438027,3.950166724223113,0.41145406885047364,0.02130407901870882,0.3166728663080254,0.053920875296436535,0.4222595067862564,0.055701420283904596,0.49182802081187826,0.06761497706620472
495,0.7427927927927928,7.204567130783632,7.000845170572431,6.922089950120255,6.441517480232775,6.361127610064573,6.136656724687993,5.47523160508347,5.375949173783893,5.169582435401902,4.32413169241583,4.342895716190865,3.9535673012913644,0.4117004739872805,0.021302673626376622,0.31677445828877293,0.053903098329822076,0.42250173650420975,0.05565971695295914,0.4922248063298826,0.0675225364395531
496,0.7432832832832833,7.20929431414341,7.005406332651018,6.926856372755535,6.445956418829596,6.365447322094982,6.141247672546221,5.479082432406025,5.379702892351622,5.173651259514874,4.326931069940611,4.345631970986876,3.956952604234537,0.4119476994059807,0.021301414153156825,0.31687654204242455,0.05388540989002583,0.42274439543095327,0.055618374161795936,0.49262326206957346,0.06743051864602444
497,0.7437737737737737,7.21401291615914,7.009959891307498,6.931614692666119,6.450386317418857,6.369758435024511,6.145828566354868,5.482923828061731,5.383447157664728,5.177708256293056,4.329716788586855,4.3483548465562665,3.9603225950204957,0.41219575298680433,0.021300300955873864,0.31697911881689633,0.05386781010596823,0.4229874914169318,0.05557739428473342,0.49302340258320904,0.06733892168922931
498,0.7442642642642643,7.218722931380654,7.014505843242134,6.936364905330295,6.454807166798068,6.3740609438201385,6.150399394479882,5.48675577474912,5.387181945696204,5.181753385910455,4.332488759945671,4.351064281231532,3.9636772049254234,0.4124446444560758,0.02129933495208131,0.31708219043592706,0.05385029882060245,0.42323103246545557,0.05553677946484819,0.4934252477970515,0.06724774670944267
499,0.7447547547547547,7.223424354298624,7.019044184951012,6.941107008572849,6.459218960456698,6.378354842974093,6.154960142559634,5.490578252561688,5.39090723220358,5.185786606485653,4.3352468733686935,4.35376021772244,3.967016386939565,0.41269438352650395,0.021298516588667656,0.3171857590987084,0.053832876180198545,0.4234750272118129,0.05549653229328448,0.49382881637388765,0.067156991352241
500,0.7452452452452453,7.228117180299963,7.023574912649383,6.945841000245465,6.463621690824644,6.382640127862902,6.159510799252766,5.494391242379136,5.3946229923060285,5.189807885043507,4.337991051737612,4.35644259738775,3.9703400896732743,0.41294497864150426,0.02129784639404904,0.317289826685559,0.053815542055796584,0.42371948339243,0.055456654195874526,0.49423412426288166,0.06706665486028615
501,0.7457357357357357,7.232801405218384,7.028098023221009,6.950566878513493,6.468015350407098,6.386916792271283,6.164051351822423,5.498194722699456,5.398329200247775,5.193817176824096,4.340721181111982,4.359111361007128,3.97364825027537,0.41319644060422583,0.021297325096093934,0.31739439570522066,0.05379829642754876,0.4239644104996458,0.055417147634614396,0.49464119230933784,0.06697673655872075
502,0.7462262262262263,7.23747702577605,7.032613512491742,6.955284638525387,6.472399931047351,6.391184831992701,6.168581787464632,5.5019886710973465,5.402025829620115,5.197814442982495,4.343437182847739,4.361766446618063,3.9769408348304753,0.41344877736467495,0.021296952882223663,0.3174994680199016,0.05378113961059326,0.42420981758295806,0.055378014429914885,0.49505003308507073,0.06688723358435751
503,0.7467167167167167,7.24214403907417,7.037121377300689,6.959994284902667,6.476775422750306,6.395444242878877,6.173102091874931,5.505773064170083,5.405712853499054,5.201799646901585,4.346138939837856,4.364407793500629,3.98021777635473,0.41370200033920784,0.021296730405821866,0.3176050475396533,0.0537640712851261,0.4244557131105302,0.05533925611889476,0.49546066944366596,0.06679814470610336
504,0.7472072072072071,7.2468024420763975,7.041621614117117,6.964695812376053,6.48114181751364,6.3996950179913,6.177612254541326,5.50954787781638,5.409390244296547,5.205772746342169,4.348826359019582,4.3670353405448905,3.9834790270740563,0.41395611877550187,0.021296658090956353,0.31771113623566133,0.05374709150478161,0.4247021069952349,0.055300874404771355,0.4958731170223647,0.06670946811699291
505,0.7476976976976977,7.251452234466835,7.046114219089239,6.969389220420648,6.485499105308265,6.403937154868602,6.182112261295394,5.513313085845188,5.413057973519482,5.209733702141851,4.35149934588278,4.369649027354769,3.9867245381896117,0.4142111422892001,0.02129673631439254,0.31781773728787266,0.05373020060387012,0.42494900896348503,0.05526287085192813,0.4962873917248142,0.06662120171095076
506,0.7481881881881882,7.25609341467601,7.050599188847441,6.97407451144596,6.489847277495753,6.408170647347511,6.186602098173176,5.517068660770981,5.416716012249571,5.213682472680493,4.354157785802839,4.372248791313976,3.989954252855128,0.4144670819393375,0.021296965526220606,0.3179248544943496,0.05371339856295611,0.42519642904144495,0.055225247134641234,0.49670351324818196,0.06653334320461247
507,0.7486786786786787,7.260725982507626,7.055076519919661,6.978751683455905,6.494186322247956,6.412395491608384,6.191081753288933,5.520814575239919,5.420364330821403,5.21761901905642,4.356801583453265,4.374834568426062,3.993168113303754,0.4147239478980093,0.02129734623472011,0.31803249102096626,0.05369668541684373,0.42544437712920485,0.05518800428265571,0.4971214991334583,0.06644589117322898
508,0.7491691691691691,7.2653499373576,7.059546208248727,6.983420737364087,6.4985162314378835,6.416611682516857,6.195551213107536,5.524550799944289,5.424002898811354,5.221543301090221,4.359430637008055,4.377406295965607,3.996366086874816,0.41498174962570716,0.021297878420768693,0.3181406502043832,0.05368006138485256,0.42569286381113813,0.05515114368254945,0.49754136346645667,0.06635884093886016
509,0.7496596596596596,7.269965280901028,7.064008251137893,6.9880816734075895,6.502836992094855,6.420819216840954,6.2000104632235935,5.528277303762723,5.427631685010366,5.225455276707543,4.362044822631352,4.379963909092365,3.999548100482786,0.415240499524838,0.0212985628101778,0.3182493363619914,0.053663526694252964,0.4259418997704161,0.05511466653021426,0.497963129026914,0.06627219127172852
510,0.7501501501501502,7.274572014501041,7.068462644186381,6.992734494996378,6.507148592893804,6.425018089227798,6.2044594910091915,5.531994055228095,5.43125065783351,5.229354907682349,4.364644063264427,4.382507345336332,4.0027141057548965,0.4155002068139348,0.021299399619506217,0.318358553790147,0.05364708124964532,0.42619149542608653,0.05507857350382017,0.4983868083548534,0.06618594040641089
511,0.7506406406406406,7.279170139278646,7.072909384373075,6.997379199240753,6.511451021973255,6.42920829580149,6.208898282204265,5.535701020418797,5.434859784648245,5.233242150575812,4.367228221292047,4.385036539543503,4.005864060587601,0.4157608830777226,0.02130038894907288,0.3184683061380283,0.05363072550571791,0.42644166235868963,0.05504286573421864,0.4988124209761274,0.06610008262309766
512,0.7511311311311311,7.283759659884354,7.077348467965012,7.002015793397993,6.515744268778701,6.4333898330914945,6.2133268227743965,5.539398166216944,5.438459032254495,5.237116965271365,4.369797210178011,4.387551422857366,4.008997888872018,0.41602253985981136,0.02130153153508089,0.31857859865108545,0.053614459650707574,0.4266924119141788,0.05500754416639187,0.49923998499604727,0.06601461852754781
513,0.7516216216216216,7.28834057733026,7.081779891376589,7.006644274581615,6.520028319578526,6.437562696158918,6.217745098699469,5.543085455809784,5.442048366797811,5.240979309504435,4.372350917249106,4.390051934303029,4.01211556028665,0.4162851869429736,0.021302827192894468,0.31868943527135674,0.05359828395213634,0.4269437557086497,0.05497260938084197,0.49966951359368944,0.06592954235412037
514,0.7521121121121122,7.292912896109336,7.086203651298706,7.011264644560079,6.524303161031517,6.441726881364537,6.222153096093168,5.546762853011018,5.44562775359594,5.2448291418103015,4.374889238905957,4.3925380034447095,4.015217000199233,0.41654883643426527,0.021304276601952457,0.31880082089465617,0.0535821987296908,0.4271957055355889,0.05493806196112289,0.500101026505443,0.06584485340595005
515,0.7526026026026026,7.297476621977765,7.09061974401155,7.015876910587579,6.528568781813049,6.445882384959148,6.226550800583096,5.550430319915367,5.44919715749765,5.2486664217028665,4.377412048587325,4.395009564603368,4.0183021632288085,0.4168135002743494,0.0213058797730906,0.3189127611287079,0.053566204252137324,0.4274482735691955,0.05490390244767939,0.5005345416935294,0.06576054641383554
516,0.753093093093093,7.302031757868288,7.095028166000501,7.020481068798106,6.532825164530665,6.450029202739083,6.2309381965165285,5.554087816154879,5.452756542312113,5.252491102829208,4.379919253785598,4.3974665503675165,4.021370989506097,0.4170791890554412,0.02130763707903257,0.31902526072193765,0.05355030095235136,0.4277014722104369,0.05487013140249295,0.5009700731822839,0.06567661985433228
517,0.7535835835835836,7.306578312414935,7.09942891384544,7.025077127439012,6.537072298828152,6.454167331234749,6.235315270354095,5.557735301530531,5.4563058713915105,5.256303150368136,4.382410731740584,4.3999088895448075,4.024423415670244,0.4173459157575438,0.02130954884257769,0.3191383255845784,0.05353448929678071,0.42795531366340167,0.05483674861008524,0.5014076420560322,0.06559306981571052
518,0.7540740740740741,7.311116287719383,7.103821983720983,7.029665085701131,6.541310169028611,6.458296766931184,6.239682005815057,5.561372733661119,5.459845107091875,5.260102515342304,4.384886371030746,4.4023365189917,4.027459397081716,0.41761369114457536,0.021311615096306632,0.3192519604851432,0.05351876964881576,0.42820981146793224,0.05480375490387565,0.5018472613728647,0.06550989229889602
519,0.7545645645645646,7.315645694046566,7.108207372729835,7.034244947424221,6.545538759749131,6.462417505647305,6.244038388517558,5.565000069734745,5.46337421142575,5.263889156283037,4.387346079938029,4.404749361905289,4.030478863052849,0.41788252737056,0.021313836303951745,0.31936617196023465,0.05350314261740412,0.42846497840997366,0.054771150171196846,0.502288948061667,0.06542708594300126
520,0.755055055055055,7.32016653744782,7.112585077059718,7.038816717123353,6.549758055938794,6.466529544409131,6.248384402877547,5.568617265088021,5.4668931453043905,5.267663031289,4.389789722979718,4.407147353314764,4.033481750087438,0.4181524375244978,0.02131621275231787,0.31948096585300684,0.05348760856712028,0.42872082781433457,0.054738934350839624,0.5027327221428729,0.06534464681073135
521,0.7555455455455455,7.32467882598384,7.116955093131849,7.043380397137843,6.5539680411963595,6.470632879308902,6.252720032946415,5.572224273175598,5.470401869195431,5.2714240953914056,4.392217197846718,4.4095304227580385,4.036468001102394,0.4184234332572847,0.021318744608146596,0.3195963483997597,0.053472168113026776,0.42897737340311276,0.05470710743246255,0.5031785979203726,0.06526257179685396
522,0.7560360360360361,7.329182568252449,7.121317417362541,7.047935988199439,6.5581687023867286,6.474727506615978,6.257045262448698,5.575821046824595,5.473900342661096,5.275172305832029,4.394628398564647,4.411898497204751,4.0394375560056135,0.4186955266098206,0.02132143214604324,0.3197123252299765,0.05345682231987181,0.42923462925145595,0.05467566940421451,0.5036265911341509,0.0651808575623719
523,0.7565265265265265,7.333677772734262,7.125672046533151,7.052483497308866,6.562360020186478,6.478813423906419,6.261360075622244,5.579407537971462,5.477388524532802,5.278907618145125,4.397023204418606,4.414251506169045,4.042390340740713,0.4189687310271078,0.021324275747004986,0.3198289035489225,0.05344157131372937,0.4294926092840565,0.054644619859876245,0.5040767208293611,0.06509950183441203
524,0.757017017017017,7.338164449016181,7.130018977386757,7.057022926659597,6.566541979086705,6.482890626213912,6.265664455693356,5.582983696931499,5.480866373264379,5.282629985959345,4.3994015083919695,4.416589374536955,4.04532629747418,0.41924305875358636,0.021327275554873196,0.3199460899828262,0.05342641598782498,0.4297513280285428,0.054613958757273214,0.5045290018244045,0.06501850094482213
525,0.7575075075075075,7.342642607554484,7.134358205837287,7.0615542776821245,6.5707145624726255,6.486959111443908,6.269958385280245,5.5865494714221064,5.484333845955675,5.286339367213254,4.401763185207816,4.418912032278879,4.048245358727793,0.41951852300497383,0.02133043188223367,0.3200638908856798,0.053411357449875206,0.4300108001283212,0.05458368546659041,0.5049834522931379,0.06493785115079216
526,0.757997997997998,7.347112258176445,7.138689728561877,7.066077557091009,6.574877752668648,6.491018875388057,6.274241848590177,5.590104810152736,5.487790899534602,5.290035716672991,4.404108142629752,4.421219405310337,4.051147450876346,0.4197951362515289,0.021333745088278438,0.32018231362538235,0.05339639606569615,0.430271040337797,0.054553799442136994,0.5054400867626511,0.06485755128918665
527,0.7584884884884885,7.3515734120826535,7.143013542511695,7.070592767017128,6.579031530961719,6.4950699152286955,6.27851482731196,5.593649658200784,5.491237489983417,5.293718985313807,4.406436258071891,4.423511419322594,4.054032499781303,0.4200729122758848,0.021337215558333907,0.320301365458205,0.05338153286027369,0.4305320643094046,0.05452430040933482,0.5058989230488714,0.06477759865433198
528,0.7589789789789789,7.356026080617091,7.147329643904646,7.075099907027022,6.583175880778271,6.499112227123185,6.282777303614392,5.597183961847976,5.494673572407344,5.297389131647095,4.408747411030621,4.425787998835553,4.056900448960188,0.4203518638265835,0.02134084336444368,0.32042105295297246,0.05336676915794001,0.43079388678805697,0.0544951875316077,0.5063599774182299,0.06469798798309497
529,0.7594694694694695,7.360470275244677,7.1516380292493995,7.079598985801172,6.587310783925601,6.503145807905367,6.287029260130262,5.600707663382599,5.4980991017385215,5.301046104452687,4.411041499866089,4.428049069420743,4.0597512066158306,0.42063200492891,0.02134462915084273,0.320541384126782,0.05335210550568441,0.4310565244613268,0.05446646043972615,0.5068232663544824,0.06461871975010419
530,0.75995995995996,7.364906010019872,7.155938695349119,7.0840900031420695,6.591436221239788,6.5071706537377505,6.291270677552997,5.604220706223679,5.5015140312934925,5.3046898600168175,4.413318407897591,4.4302945533935505,4.062584703676649,0.42091334900200295,0.021348573175148954,0.320662366647551,0.05333754341588197,0.4313199924817793,0.054438118206066075,0.507288806716753,0.06453979020619119
531,0.7604504504504505,7.369333293639807,7.160231638153194,7.088572961017301,6.595552172118274,6.51118676201941,6.295501538231158,5.607723030806337,5.504918314439178,5.308320349600089,4.415578022555837,4.43252437567937,4.065400863805035,0.42119590944919255,0.021352675780941386,0.3207840073871254,0.053323083516083544,0.43158430736453834,0.05441015991099127,0.5077566142907987,0.06446119705197567
532,0.7609409409409409,7.3737521435128395,7.164516854687226,7.093047864775165,6.599658620836852,6.515194128691676,6.299721822576421,5.611214576839569,5.508311903458127,5.311937523971049,4.417820231271196,4.434738460523225,4.068199603101239,0.4214797006584895,0.02135693748502515,0.3209063149088454,0.05330872753865371,0.4318494861728466,0.05438258511962248,0.5082267057223241,0.06438293880702227
533,0.7614314314314314,7.378162569964141,7.168794341430162,7.097514717129221,6.603755544011161,6.5191927504706415,6.303931511340075,5.6146952824117,5.51169475015958,5.31554133670665,4.420044937052266,4.436936728904133,4.070980842013627,0.4217647357434676,0.021361358597804827,0.32102929723769996,0.05329447614098366,0.43211554491892523,0.054355392410670895,0.5086990953486251,0.0643050137869764
534,0.761921921921922,7.382564587382739,7.173064094678471,7.101973516793915,6.607842923264011,6.523182623726596,6.308130584487247,5.618165086462365,5.515066805293353,5.31913174132848,4.422252001574093,4.43911910097496,4.073744501585513,0.4220510296776356,0.021365939547513143,0.3211529618206396,0.05328033110470818,0.4323825002141308,0.0543285808524482,0.5091738034859713,0.06422741799689126
535,0.7624124124124124,7.386958210367166,7.177326111003535,7.106424267198797,6.6119207393360755,6.527163744360304,6.312319021450682,5.621623922936006,5.5184280189394554,5.322708682501612,4.424441326215641,4.441285499281752,4.076490486617114,0.4223385967204355,0.021370680993753024,0.32127731713006685,0.05326629387568282,0.4326503704992813,0.05430214993248913,0.5096508446056766,0.06415015201336753
536,0.7629029029029029,7.391343452176652,7.1815803870259804,7.110866974512223,6.615988972284437,6.5311361096638345,6.316496802966194,5.6250717275063815,5.521778340815304,5.326272114155866,4.426612815351109,4.443435843029459,4.079218713604914,0.422627450576489,0.02137558329944499,0.32140237155702095,0.05325236543480625,0.4329191729672228,0.05427609823343575,0.5101302330749785,0.06407321436517285
537,0.7633933933933934,7.395720327448964,7.18582691896157,7.115301634141141,6.620047599510662,6.535099714983846,6.320663906865063,5.628508433789866,5.525117719515136,5.329821985852757,4.428766332923278,4.445570052646828,4.0819290900707665,0.42291760661849837,0.021380647084515488,0.32152813316214873,0.05323854769654295,0.43318892481708465,0.05425042461490201,0.5106119891433993,0.06399660271897271
538,0.7638838838838838,7.40008885184189,7.190065703636477,7.1197282496299295,6.624096599654518,6.539054557153422,6.3248203126392655,5.631933973218788,5.528446103092534,5.333358243109789,4.430901788705404,4.447688047511731,4.084621536983883,0.42320907827608545,0.02138587261160357,0.32165461078529856,0.05322484206051256,0.43345964486270816,0.05422512810430416,0.5110961236513751,0.06392031576690232
539,0.7643743743743743,7.404449039253635,7.194296737121671,7.124146820312807,6.628135953319178,6.54300063195221,6.328965998058622,5.635348277407091,5.5317634388606605,5.336880838184053,4.433019062208783,4.44978974631606,4.087295932412454,0.42350188179279746,0.02139126104908953,0.3217818124103599,0.053211250366366716,0.4337313509055992,0.05420020737441004,0.5115826590248328,0.06384435496885789
540,0.7648648648648648,7.408800905399355,7.1985200161564835,7.128557350034128,6.632165638145119,6.5469379352548,6.333100941589456,5.638751276031523,5.535069673409464,5.340389717054985,4.435118046607568,4.451875067360555,4.089952192520966,0.4237960315830659,0.02139681269185696,0.3219097473482373,0.053197774009784385,0.43400406172685946,0.05417566124400871,0.5120716089595032,0.06376871843757868
541,0.7653553553553554,7.413144464498942,7.202735536845882,7.132959836533949,6.636185632428693,6.5508664630290285,6.337225119705092,5.642142897813152,5.538364752648067,5.343884824120416,4.437198626097507,4.453943925573868,4.092590223402286,0.4240915427060872,0.021402528120866737,0.32203842389792237,0.05318441493651973,0.4342777963933915,0.05415148884205527,0.5125629899311795,0.0636934048193774
542,0.7658458458458458,7.41747973315722,7.2069432958320805,7.137354278191445,6.640195914603783,6.55478621081999,6.341338509959788,5.645523069379394,5.541648621747608,5.347366109064462,4.439260705780307,4.455996240076792,4.09520991200923,0.42438843009295263,0.02140840824464844,0.32216785075876464,0.05317117515641596,0.4345525737319421,0.054127688507111534,0.513056817908488,0.06361841579449218
543,0.7663363363363362,7.4218067263726715,7.2111432893326795,7.141740675639446,6.644196463104265,6.5586971743499145,6.345441088836228,5.648891717539914,5.54492122515058,5.350833514495174,4.441304168767786,4.458031925900691,4.09781116523912,0.4246867090482549,0.021414453561201398,0.3222980367918367,0.053158056495515985,0.4348284135432395,0.0541042593616142,0.5135531086446937,0.06354374985996034
544,0.7668268268268268,7.426125459310273,7.215335513846224,7.146119026761663,6.648187254201367,6.562599348694149,6.349532831813487,5.6522487670811,5.548182506583467,5.354286988108007,4.443328912645888,4.460050897974284,4.100393863491714,0.424986395214062,0.02142066504944652,0.3224289910770183,0.0531450609010002,0.43510533473607754,0.0540811997926791,0.5140518799884182,0.0634694088044455
545,0.7673173173173173,7.4304359481983075,7.219519965498201,7.1504893306344215,6.652168265376118,6.566492729415265,6.3536137158258335,5.655594142386689,5.551432409119615,5.357726470060492,4.445334817745464,4.462053071622815,4.102957902599139,0.4252875045461918,0.0214270434047096,0.32256072251042983,0.053132190310387226,0.4353833579196486,0.054058508817947756,0.514553148750678,0.06339539229389052
546,0.7678078078078078,7.43473820849244,7.223696640622887,7.154851583498084,6.656139474913033,6.570377311504483,6.357683714707089,5.658927765129636,5.554670875147039,5.361151908943088,4.447321797630077,4.464038361988573,4.105503165975649,0.4255900518423418,0.021433589549039192,0.3226932399112528,0.053119447137365806,0.4356625025587598,0.054036184778591456,0.5150569294848734,0.06332170233496327
547,0.7682982982982982,7.439032255311787,7.2278655354137635,7.1592057832926725,6.66010085842998,6.574253089595579,6.361742803678426,5.662249557281247,5.557897846121186,5.364563242976631,4.449289729257407,4.466006680182758,4.1080295431246485,0.42589405358928945,0.021440304240986918,0.3228265525125597,0.05310683330101422,0.43594278947424603,0.05401422666308659,0.5155632401527438,0.06324833885256224
548,0.7687887887887888,7.443318104038362,7.232026646312589,7.163551925284005,6.664052394863655,6.578120058867971,6.3657909565409465,5.665559439432005,5.5611132631458124,5.367960416721502,4.451238511452503,4.467957941382901,4.110536911699115,0.42619952553693674,0.021447188528635395,0.32296066888042857,0.053094351333193054,0.4362242391738683,0.053992633140867136,0.5160720973442029,0.063175303958477
549,0.7692792792792793,7.44759577117912,7.236179969294343,7.16789000641915,6.667994057901682,6.581978213431562,6.369828147407902,5.668857331122444,5.564317066318384,5.371343367216129,4.4531680474951525,4.469892056564744,4.113025143474634,0.42650648383275813,0.021454243473730712,0.3230955987891244,0.053082003318135146,0.4365068726824517,0.05397140304733191,0.5165835170768003,0.06310260094463872
550,0.7697697697697697,7.451865270899226,7.240325500417413,7.1722200206474565,6.671925826895389,6.585827547503821,6.373854349008639,5.6721431501258985,5.567509195315223,5.374712038557845,4.4550782231499735,4.471808937695921,4.115494131142698,0.4268149441981938,0.021461469787525167,0.3232313506168754,0.05306979189031615,0.4367907109548729,0.05395053495981061,0.5170975154372736,0.06303022909838898
551,0.7702602602602602,7.456126618859804,7.24446323589196,7.176541962175256,6.675847676922383,6.589668055074969,6.377869534456835,5.675416813437756,5.570689588837597,5.378066367296446,4.456968935840517,4.473708495243082,4.117943732117264,0.4271249236033794,0.021468868824460488,0.3233679336135916,0.05305771944054176,0.43707577569645345,0.053930027731926025,0.5176141108024017,0.062958192865825
552,0.7707507507507507,7.460379830453351,7.248593171569043,7.180855826074126,6.679759583961449,6.593499729891957,6.381873675389972,5.678678238025473,5.573858185160519,5.381406290849535,4.458840082869675,4.475590641410849,4.120373828220945,0.4274364378806385,0.021476441451026486,0.3235053571820261,0.05304578849714416,0.4373620884341789,0.05390988033002029,0.518133317841197,0.06288649388460486
553,0.7712412412412413,7.464624919869309,7.252715303898718,7.185161604627883,6.6836615248756175,6.59732256570196,6.385866743229349,5.681927338060754,5.577014921691314,5.384731749633435,4.460691569745483,4.477455282762092,4.122784280341966,0.4277495035321291,0.021484188927804185,0.32364363013717073,0.05303400173653423,0.43764967088800705,0.05389009128668782,0.5186551537859171,0.06281513585122611
554,0.7717317317317317,7.46886190161502,7.256829628357844,7.189459289979497,6.687553474071159,6.601136555675328,6.38984870992236,5.685164028056233,5.58015973505625,5.38804267804945,4.462523275536528,4.479302331362077,4.125174950570859,0.4280641379396509,0.021492112485034773,0.32378276154176105,0.05302236165117543,0.43793854534937665,0.05387065946839729,0.5191796377912395,0.06274412174034723
555,0.7722222222222221,7.47309078945842,7.260936140860389,7.193748874717771,6.691435408966015,6.604941692250128,6.393819545366133,5.688388220663874,5.583292561472518,5.391339010854914,4.464335118789051,4.481131693342136,4.127545709603213,0.42838035669175933,0.021500213170506915,0.3239227604461422,0.05301087103715507,0.43822873441993554,0.05385158396312216,0.5197067826331415,0.06267345511142998
556,0.7727127127127127,7.477311599528466,7.265034837191683,7.198030348815098,6.695307303168902,6.608737968683275,6.397779219718514,5.691599827953325,5.586413336275222,5.394620685382369,4.466126982140943,4.482943278257726,4.1298964077266,0.4286981776018168,0.02150849241017413,0.32406363624022433,0.052999532809192375,0.43852026014536655,0.05383286326050962,0.520236608905343,0.06260313989746893
557,0.7732032032032032,7.481524342406793,7.269125713559529,7.2023037002840695,6.699169133932603,6.612525377283441,6.401727702552548,5.694798761030355,5.589521994309122,5.397887631912319,4.467898772188112,4.4847369919982984,4.132226908265857,0.4290176168817315,0.021516951423064354,0.32420539698270784,0.05298834977836843,0.43881314610836203,0.05381449674257508,0.520769131145248,0.06253318007574094
558,0.7736936936936937,7.4857290350475445,7.273208764924338,7.206568921542729,6.70302087595828,6.616303909498703,6.405664962375479,5.697984929537389,5.592618469282497,5.401139782418003,4.469650387506911,4.486512743447641,4.134537059725277,0.4293386919675158,0.021525591612352908,0.3243480527602438,0.05297732500302822,0.4391074153746691,0.05379648338845575,0.5213043666319166,0.062463580825100166
559,0.7741841841841841,7.489925686857226,7.27728398766919,7.210825998625816,6.7068625042316885,6.620073557388069,6.409590968071786,5.70115824335761,5.595702694796413,5.404377072673627,4.471381721934606,4.4882704357686105,4.136826712111695,0.4296614201024391,0.021534414393476038,0.32449161166447343,0.0529664612035948,0.4394030906247081,0.05377882182969528,0.5218423345107126,0.06239434623471239
560,0.7746746746746747,7.494114311922012,7.281351376825843,7.215074922192375,6.7106939953245375,6.623834312259104,6.413505686752148,5.704318610010879,5.598774603358351,5.407599426788672,4.473092686689632,4.490009976003905,4.139095717713999,0.42998581805799935,0.021543421115022363,0.32463608307428005,0.05295576155961494,0.43970019659200243,0.05376151187808531,0.5223830483297147,0.06232548206626648
561,0.7751651651651652,7.498294921826453,7.285410927875021,7.21931567568844,6.71451532163377,6.627586165248897,6.417409086074884,5.707465936212197,5.601834126991612,5.410806777925408,4.474783167416195,4.491731267467827,4.141343913626724,0.43031190396840213,0.02155261339878553,0.32478147557696135,0.05294522911214833,0.43999875633639907,0.053744552040787576,0.5229265292025136,0.062256993419742994
562,0.7756556556556556,7.502467529190604,7.289462636511819,7.223548245736743,6.718326460321381,6.631329106069882,6.421301132399024,5.710600129576258,5.604881197024541,5.413999056431331,4.476453077420115,4.4934342165255385,4.143571144935275,0.43063969454656464,0.021561992732552254,0.3249277981051481,0.05293486723839294,0.4402987935910667,0.05372794160122571,0.5234727922619785,0.06218888640448396
563,0.7761461461461461,7.506632144062018,7.293506497867078,7.2277726173326915,6.722127385097083,6.635063125991802,6.425181791967935,5.713721094422112,5.607915743972238,5.417176183622693,4.478102318240873,4.495118724768206,4.1457772503178125,0.4309692074562193,0.02157156068821299,0.32507505919286855,0.05292467898081447,0.4406003337003345,0.053711680218539774,0.5240218540607499,0.06212116743611105
564,0.7766366366366366,7.510788776463322,7.297542506907996,7.231988774764001,6.725918070572952,6.638788214234543,6.429051030045289,5.716828735380471,5.6109376977642285,5.420338086425769,4.47973077837088,4.496784694157997,4.14796206478489,0.4313004609239287,0.02158131889567781,0.3252232675523456,0.05291466755025524,0.4409034009281082,0.05369576714712785,0.5245737342899395,0.062053842217738076
565,0.7771271271271272,7.5149374362948995,7.3015706594246375,7.236196701649015,6.729698491302694,6.642504360764753,6.432908811376586,5.719922956519631,5.613946987791209,5.423484693268215,4.48133837279826,4.498432030007011,4.15012542907543,0.4316334716293245,0.021591268850002565,0.3253724318756852,0.05290483623369425,0.4412080195050088,0.05368020150944941,0.5251284475487182,0.0619869172239849
566,0.7776176176176176,7.5190781346307425,7.305590949972119,7.240396378901333,6.733468623290367,6.646211553794801,6.43675510053262,5.723003660785701,5.616943542496998,5.42661592369082,4.48292498921964,4.500060630850387,4.152267166703807,0.4319682585112106,0.021601412447957147,0.32552256052384987,0.05289518873895537,0.44151421517840334,0.0536649832521747,0.5256860142756475,0.06192039966373152
567,0.778108108108108,7.523210878137621,7.309603373688152,7.244587787661198,6.7372284395450555,6.64990978238468,6.440589860539182,5.7260707499020995,5.619927289814796,5.429731702390762,4.484490556318819,4.501670400459373,4.154387096849149,0.4323048384299512,0.021611751559186973,0.32567366187146457,0.05288572825997641,0.44182201266559273,0.053650111675251536,0.5262464493409157,0.06185429920772652
568,0.7785985985985986,7.5273356745382465,7.313607925083096,7.248770910267824,6.740977914168285,6.653599034471427,6.4444130552859695,5.7291241247275675,5.622898157036692,5.432831947635449,4.486034950506914,4.503261237174496,4.156485066565471,0.43264322973897457,0.021622287516587346,0.3258257444081213,0.05287645800009851,0.44213143795331483,0.05363558658032931,0.5268097707840408,0.0617886196615877
569,0.7790890890890891,7.531452532030416,7.317604599633212,7.252945722787436,6.744717021473939,6.657279297444783,6.448224646878665,5.732163686087062,5.625856070567792,5.435916581024719,4.487558072559602,4.504833040184879,4.158560874637432,0.4329834515175883,0.02163302264496834,0.3259788162306581,0.052867381789737766,0.44244251637243304,0.053621407614129035,0.5273760003313922,0.061723371407145525
570,0.7795795795795796,7.535561457384077,7.321593391267343,7.2571122097720835,6.748445736193648,6.660950559072618,6.452024596841165,5.735189333300814,5.628800956520977,5.438985520955163,4.489059847652501,4.506385711491542,4.16061435896341,0.4333255202794226,0.021643958376714227,0.3261328862026553,0.052858502887910906,0.4427552740086562,0.05360757470239659,0.5279451493838786,0.061658561940239075
571,0.78007007007007,7.539662455194002,7.325574294848884,7.261270342844627,6.7521640330681985,6.664612805641169,6.455812866447548,5.738200965664008,5.631732739876341,5.442038685173956,4.490540162151731,4.50791914738291,4.162645326522467,0.43366945520032946,0.02165509689800498,0.3262879613857302,0.052849825183335246,0.4430697369599919,0.053594087802443985,0.5285172400020453,0.06159419991000173
572,0.7805605605605606,7.5437555307798,7.3295473049803315,7.265420099766819,6.755871884487904,6.668266023496599,6.459589416795706,5.741198481157262,5.634651345381618,5.445075987302376,4.491998920691088,4.509433248231303,4.1646535951943235,0.4340152743452044,0.0216664400460062,0.32644405015445427,0.052841352065770605,0.44338593178857655,0.05358094699911087,0.5290922886114584,0.0615302941612436
573,0.7810510510510511,7.5478406895583525,7.33351241556862,7.269561457715311,6.759569264631092,6.671910198284516,6.463354207490659,5.744181776861395,5.637556696609002,5.448097344678808,4.493436027180582,4.510927906300033,4.166638969690299,0.43436299665341355,0.021677989907163006,0.32660116077077533,0.052833087263957246,0.4437038847601871,0.05356815219976395,0.5296703150603538,0.06146685409985056
574,0.7815415415415415,7.551917934162342,7.337469621255156,7.27369439011299,6.763256147794984,6.6755453154371525,6.467107197684178,5.7471507495159875,5.640448716943053,5.451102668409792,4.494851382287665,4.5124030238242865,4.168601273339236,0.43471263980142283,0.021689748251998275,0.32675930073579124,0.052825034517024444,0.4440236230400216,0.053555703923242645,0.5302513345489228,0.061403887912205225
575,0.782032032032032,7.555987265073393,7.341418915825394,7.2778188731102285,6.766932507552281,6.679171359217279,6.470848345799354,5.750105294725018,5.6433273287407415,5.454091868933265,4.496244887419359,4.513858494076258,4.170540305626983,0.4350642228492133,0.021701717226884,0.32691847788980444,0.05281719718384648,0.444345173823554,0.05354360263667059,0.5308353665095011,0.06134140593971919
576,0.7825225225225225,7.5600486859279865,7.345360293433593,7.281934875609663,6.77059831604584,6.682788314460595,6.47457761086408,5.753045309169723,5.646192453883533,5.457064861195678,4.497616455971525,4.515294211940102,4.172455869709923,0.43541776386731834,0.02171389897176403,0.3270786995704991,0.05280957925624183,0.444668563529974,0.05353184830399861,0.5314224286139301,0.06127941850319611
577,0.7830130130130131,7.564102198584177,7.349293747788962,7.286042372973023,6.774253548884405,6.6863961642829395,6.478294950226032,5.755970685336305,5.649044013572106,5.46002155107116,4.498965972454786,4.51671007322281,4.174347772441635,0.4357732823669193,0.021726295479020157,0.32723997371920077,0.05280218451835067,0.4449938206071987,0.05352044179623073,0.5320125400275985,0.06121793446821983
578,0.7835035035035035,7.568147800262866,7.353219272675637,7.290141333533728,6.777898179564357,6.689994891829321,6.4820003201637455,5.7588813187130725,5.651881928039304,5.462961845402446,4.500293355379519,4.5181059745603855,4.1762158002580225,0.43613079664085525,0.02173890919152482,0.3274023070556806,0.052795016721356926,0.44532097261208686,0.0535093840628309,0.5326057182643874,0.06115696695919079
579,0.7839939939939939,7.572185489637537,7.3571368617022985,7.294231729960628,6.781532179084427,6.693584479802492,6.485693676961365,5.76177710157381,5.654706117252334,5.465885654712809,4.501598477753266,4.519481806181751,4.1780597704756754,0.4364903260936239,0.021751741816578223,0.32756570753699266,0.052788079268115594,0.44565004664770663,0.053498675249380075,0.5332019839114779,0.061096522236142196
580,0.7844844844844845,7.576215267019458,7.361046508306213,7.298313529250551,6.785155521784519,6.6971649097992705,6.489374976261413,5.7646579276266525,5.657516500211246,5.468792878687071,4.502881273150471,4.520837465077967,4.179879473156871,0.43685188837986066,0.0217647957089956,0.3277301822806618,0.0527813764028067,0.44598107154921984,0.053488316918866234,0.5338013502532474,0.061036614226230586
581,0.784974974974975,7.580237128331619,7.3649482058185,7.302386700658924,6.788768180769611,6.700736163800885,6.493044173480688,5.767523687404548,5.660312995335357,5.471683423697384,4.504141629048102,4.522172839507719,4.18167469178425,0.43721550366606304,0.021778073246515945,0.3278957382363453,0.052774911727638985,0.4463140755716207,0.053478309680555815,0.5344038398883708,0.06097725384011094
582,0.7854654654654654,7.5842510683181095,7.36884194739163,7.306451213076359,6.792370128599808,6.704298222261976,6.496701222491817,5.770374273373977,5.663095520254454,5.4745571928524575,4.505379432778005,4.523487823560298,4.18344523131722,0.4375811908426266,0.02179157639673773,0.32806238262777904,0.052768688835469785,0.4466490867533078,0.05346865467197354,0.5350094711765659,0.06091845026373952
583,0.7859559559559559,7.588257083013042,7.372727725937965,7.310507029141646,6.79596133891536,6.707851065352143,6.5003460768809385,5.773209575865056,5.6658639919094895,5.477414082508784,4.506594609976272,4.524782307904972,4.185190870772446,0.4379489683317173,0.02180530767706947,0.3282301218520157,0.05276271197862733,0.4469861345927824,0.053459353597861116,0.5356182597966652,0.06086021781036571
584,0.7864464464464465,7.5922551658827375,7.376605534535928,7.314554117791468,6.799541782298346,6.711394672783925,6.50397869089899,5.776029485236199,5.668618326770277,5.480253994523762,4.507787028234348,4.526056183494666,4.186911406065466,0.438318856384841,0.02181926914862668,0.3283989632827785,0.05275698441642663,0.44732524744367286,0.05345040733268238,0.5362302280751275,0.060802565365300404
585,0.7869369369369369,7.596245309778744,7.380475365781867,7.318592442042251,6.803111433010071,6.714929023603728,6.507599015045109,5.778833891093065,5.671358440417577,5.4830768275514306,4.508956613978916,4.527309342582889,4.188606618953623,0.4386908730114193,0.021833463217962666,0.32856891338489796,0.052751510401079275,0.44766645425407997,0.05344181761618352,0.5368453909810595,0.06074550675424048
586,0.7874274274274273,7.600227505713209,7.3843372123157165,7.32262196765373,6.806670262593732,6.718454096882983,6.511207002367858,5.781622681755678,5.674084247668992,5.4858824748465524,4.510103243040212,4.52854167319731,4.190276298867658,0.43906503841541505,0.0218478920788606,0.32873997878116723,0.05274629335598424,0.44800978502952465,0.053433586135513376,0.5374637692308503,0.06068905235604006
587,0.7879179179179179,7.6042017460151206,7.388191066806906,7.326642655901897,6.8102182430424385,6.721969868864369,6.514802603968997,5.784395746875726,5.676795662750307,5.488670832729114,4.511226823656279,4.529753062611835,4.191920220821238,0.43944137179823894,0.02186255821520148,0.32891216626639186,0.052741337296133915,0.44835526859848795,0.05342571454688099,0.5380853815964209,0.060633215634874116
588,0.7884084084084084,7.608168019231084,7.392036921155575,7.330654470973563,6.813755346609773,6.725476318455593,6.51838576987137,5.787152973258293,5.67949259911705,5.491441792323459,4.512327247206495,4.530943398625831,4.193538173351975,0.4398198925663514,0.021877463813507737,0.3290854821305208,0.052736645882829745,0.4487029353325112,0.053418204955022267,0.5387102459806357,0.060578007872981635
589,0.7888988988988989,7.612126313147829,7.395874767776854,7.3346573739991605,6.81728154542854,6.728973420928339,6.521956450465313,5.789894248698685,5.682174969627528,5.494195249319422,4.513404413345286,4.532112575623095,4.195129935218783,0.44020061964133794,0.021892611222245402,0.3292599326762475,0.052732222760293775,0.44905281439466854,0.05341105897507455,0.5393383802686542,0.06052344195355638
590,0.7893893893893893,7.616076616510779,7.399704598536967,7.338651325595426,6.820796807902714,6.732461153205867,6.525514595003207,5.7926194597850795,5.684842686168615,5.4969310884358755,4.514458210591606,4.533260474429224,4.196695282363538,0.44058357327886083,0.021908002827194566,0.3294355246566732,0.052728071585679895,0.4494049363861732,0.053404279027641714,0.5399698044246317,0.06046953046242405
591,0.7898798798798798,7.620018915278463,7.403526405163572,7.342636286784995,6.824301110466059,6.73593949007385,6.529060151844974,5.795328492960368,5.6874956604073095,5.4996492011861955,4.5154885282541075,4.5343869841915065,4.198233995699572,0.4409687729928527,0.02192364097264352,0.32961226373636776,0.052724196369681016,0.4497593317012823,0.053397867521636146,0.5406045373047652,0.06041628537045443
592,0.7903703703703704,7.623953194891624,7.407340179669357,7.346612214302312,6.827794420120531,6.739408406425449,6.532593068898844,5.798021233955934,5.690133802377453,5.502349474556444,4.516495272595452,4.535491990918441,4.199745843236021,0.4413562380192997,0.02193952812717819,0.32979015634064995,0.052720600679369886,0.450116030313852,0.05339182655650201,0.5412425966385462,0.060363721078285235
593,0.7908608608608608,7.627879438427985,7.411145913020797,7.350579071360937,6.83127670971877,6.742867876129958,6.536113294652287,5.800697567465154,5.692757022556779,5.505031790712143,4.517478316613928,4.536575378045507,4.20123061101484,0.4417459886573985,0.021955666431074116,0.3299692085566424,0.05271728781004324,0.45047506376419605,0.0533861589794555,0.541884001949091,0.060311848379418186
594,0.7913513513513513,7.631797629987116,7.414943597074249,7.354536813001482,6.834747950102555,6.746317872767876,6.539620774524699,5.803357378622937,5.695365229678403,5.507696039066697,4.518437562822314,4.537637034429269,4.202688063239289,0.44213804420186964,0.021972058450851664,0.33014942634212197,0.05271426182420672,0.45083646195497307,0.0533808671082856,0.542528771724146,0.06026068177708573
595,0.7918418418418418,7.635707750742994,7.418733222528172,7.358485398673602,6.838208109736282,6.749758369007045,6.543115455906144,5.806000552294749,5.697958332357496,5.510342097177918,4.51937289931669,4.538676841985453,4.204117979524227,0.442532424377936,0.02198870638558089,0.3303308158929927,0.052711525836730874,0.4512002563701953,0.05337595397488713,0.5431769235398669,0.0602102338100237
596,0.7923323323323324,7.6396097818692965,7.422514780474963,7.362424785172606,6.841657159553595,6.753189336926381,6.546597284403975,5.808626970486806,5.700536238073057,5.512969849576818,4.520284197540868,4.539694684404494,4.20552013182432,0.4429291497497468,0.022005612587599074,0.3305133830637573,0.052709083480073485,0.4515664780769281,0.05337142206013795,0.5438284786661609,0.06016051631379384
597,0.7928228228228228,7.643503704083894,7.426288262110119,7.366354929350243,6.845095069930445,6.756610748077287,6.550066203342352,5.811236517519422,5.703098853833236,5.515579173533467,4.521171359002512,4.540690446276551,4.2068942820847575,0.44332823998822585,0.022022779591155978,0.3306971341536548,0.05270693850705033,0.45193515843890275,0.053367274887854234,0.5444834545552277,0.06011154460512867
598,0.7933133133133132,7.647389493903866,7.43005365774523,7.370275786971216,6.848521809285417,6.760022573522191,6.5535221587028945,5.813829075666857,5.705646085736263,5.518169945526485,4.5220342708182155,4.541664011388405,4.208240215809242,0.44372971419032103,0.022040209424465065,0.3308820745379101,0.052705093931816806,0.4523063293929086,0.053363515467808514,0.5451418669059485,0.060063330438084844
599,0.7938038038038038,7.651267131067855,7.433810957916866,7.374187313147912,6.851937348191897,6.763424782705945,6.556965093731212,5.816404526733669,5.708177839137315,5.520742043495414,4.522872803316318,4.542615255398838,4.209557699111225,0.4441335934631154,0.022057904517159686,0.33106821031456135,0.05270355352052595,0.4526800225215019,0.053360147024608756,0.5458037378671542,0.06001588621174833
600,0.7942942942942943,7.6551365894280865,7.437560152981468,7.378089464124291,6.855341653953115,6.766817345991587,6.560394951815934,5.818962753423574,5.710694018760048,5.523295340550189,4.523686845960147,4.5435440684285435,4.210846494681594,0.4445398974229776,0.022075867281300943,0.3312555471870136,0.05270232014812423,0.4530562697478731,0.05335717307181489,0.5464690845590807,0.05996922702820351
601,0.7947847847847848,7.6589978457402905,7.4413012328023065,7.38198219545694,6.858734696570875,6.770200231634697,6.563811675630457,5.821503635788608,5.713194528200236,5.52582971269232,4.524476278319787,4.544450325509815,4.21210637486761,0.44494864643772974,0.02209409993445465,0.3314440911260645,0.052701397264023765,0.453435103105795,0.053354596854333754,0.5471379261919748,0.059923364999049565
602,0.7952752752752752,7.66285087588399,7.445034187901907,7.385865459129699,6.862116442443261,6.773573408305986,6.567215206779014,5.824027055389707,5.7156792707586055,5.528345029310748,4.525240982666388,4.545333909996688,4.213337115139686,0.44535986011277534,0.022112604647666845,0.3316338481702687,0.05270078829118656,0.4538165547942116,0.053352422211986106,0.5478102791467004,0.059878313180457526
603,0.7957657657657657,7.666695649885894,7.448759007741246,7.389739213415973,6.865486860718363,6.776936843419032,6.570605486817129,5.826532891151061,5.718148148473774,5.5308411618296525,4.5259808277164,4.546194700395631,4.214538473293784,0.4457735596410604,0.022131383826324454,0.33182482405866903,0.052700495874824824,0.4542006574909167,0.05335065275483588,0.5484861647569768,0.05983408523992252
604,0.7962562562562563,7.670532142888507,7.452475681746669,7.393603408184292,6.868845918365568,6.780290503827427,6.573982456435932,5.8290210236135716,5.720601063000659,5.533317975939706,4.52669569032285,4.547032576927529,4.215710229401878,0.44618976468891686,0.022150439552898925,0.33201702457075016,0.05270052363346735,0.4545874440036183,0.05334929267690783,0.5491655990541483,0.05979069343778724
605,0.7967467467467467,7.674360323382245,7.4561841994616085,7.3974579983937145,6.872193580749822,6.7836343557065995,6.577346056311227,5.831491331843107,5.723037914974286,5.5357753423053895,4.527385452750995,4.547847416772938,4.216852149128861,0.44660849531347396,0.02216977400996394,0.3322104556095484,0.05270087405086081,0.4549769464485097,0.05334834544251655,0.5498486001706853,0.05974815119441658
606,0.7972372372372372,7.678180164409498,7.459884550356052,7.401302940505096,6.8755298159338905,6.786968365223989,6.580696225646532,5.833943693782793,5.725458604114596,5.538213125895796,4.52804998572295,4.548639101678688,4.217963993831217,0.44702977245127246,0.022189389490457744,0.33240512376758347,0.052701550313812524,0.45536919823753963,0.05334781531117422,0.5505351867532717,0.05970647248553823
607,0.7977277277277277,7.6819916330508295,7.46357672335172,7.405138184479699,6.878854590673632,6.790292497247667,6.584032904519512,5.836377988491837,5.727863029632337,5.540631189621011,4.5286891493842365,4.549407504139924,4.219045547026038,0.4474536163685035,0.022209287938700834,0.33260103400478014,0.05270255525698947,0.45576423274212075,0.053347706614567336,0.5512253769007374,0.059665667925147055
608,0.7982182182182183,7.685794698300949,7.4672607072731605,7.408963685603867,6.882167868082561,6.79360671588026,6.587356030366644,5.838794092668963,5.730251089624963,5.543029396164568,4.529302821912535,4.55015250475934,4.2200965634911345,0.4478800477059559,0.02222947164089268,0.3327981933354266,0.052703891519888,0.45616208284889953,0.053348023480189515,0.5519191885525602,0.059625752603760455
609,0.7987087087087087,7.689589327161502,7.470936491045004,7.412779396403786,6.8854696153074935,6.796910985007235,6.590665541703937,5.841191883616788,5.7326226815394055,5.5454076081884995,4.52989086841581,4.550873979537742,4.221116829499048,0.4483090863738622,0.022249942387017375,0.33299660739147824,0.05270556192268377,0.45656278216310703,0.053348770279192124,0.5526166376372529,0.05958673715334242
610,0.7991991991991991,7.693375486921911,7.474604062971884,7.416585271124776,6.888759796655589,6.80020526781797,6.593961375752625,5.843571238418978,5.734977701881573,5.547765684587036,4.5304531580333816,4.551571802843859,4.222106101157569,0.4487407535499354,0.022270702461066754,0.3331962827049566,0.05270756911686647,0.45696636430405313,0.05334995161736429,0.553317743389424,0.059548635984408155
611,0.7996896896896897,7.6971531405271065,7.478263411661794,7.420381261237786,6.892038374894184,6.803489526964643,6.5972434704715335,5.845932032444699,5.737316046698035,5.550103483916632,4.5309895461515355,4.552245854435699,4.22306415677283,0.4491750695320354,0.022291753704824883,0.3333972250151396,0.05270991529931566,0.4573728630607393,0.05335157180028029,0.5540225226773262,0.05951146054803083
612,0.8001801801801802,7.7009222545888045,7.481914525185835,7.424167322925791,6.895305313354899,6.806763724120381,6.600511760916951,5.848274141301892,5.739637610319369,5.552420862258292,4.53149990038513,4.552896004649333,4.223990770589697,0.4496120550222783,0.02231309796122752,0.3335994416767698,0.05271260304297685,0.45778231231414407,0.05335363567859773,0.5547309919786321,0.059475222990798896
613,0.8006706706706707,7.704682793327731,7.485557391548113,7.427943406526785,6.898560577755982,6.810027820338744,6.603766183473557,5.850597440122269,5.741942287138552,5.554717677911992,4.531984084553066,4.553522126398267,4.224885706734986,0.45005173087320655,0.022334737352384778,0.3338029383944984,0.05271563511361896,0.4581947461320389,0.05335614790280232,0.5554431696734715,0.059439936337054224
614,0.8011611611611611,7.708434717683201,7.48919199854973,7.431709468627655,6.901804127571032,6.813281777048985,6.607006673249434,5.852901803166037,5.744229970221984,5.5569937805808065,4.532441951917019,4.554124098795251,4.225748745637634,0.4504941175915266,0.02235667351885377,0.33400772230760156,0.052719013207305265,0.45861019911050277,0.05335911352639712,0.55615907085015,0.05940561228605731
615,0.8016516516516516,7.712177991415425,7.492818333937955,7.435465461047259,6.905035924448934,6.816525554036307,6.610233165479057,5.855187103906451,5.746500551792303,5.559249027016496,4.532873357978567,4.554701791269693,4.226579657872673,0.45093923627934474,0.022378908332824046,0.3342138001704839,0.05272273973448964,0.4590287051564857,0.05336253698519336,0.5568787138853512,0.059372262491862914
616,0.8021421421421422,7.7159125749846655,7.496436384987654,7.4392113390538075,6.9082559331732565,6.819759110430795,6.613445593988965,5.857453216707273,5.748753923416206,5.561483268707519,4.533278159550874,4.555255077951567,4.2273782215123745,0.45138710752634625,0.02240144352705777,0.33442117853565684,0.05272681693332966,0.45945029906005525,0.053366423647865195,0.5576021144720903,0.05933989863104685
617,0.8026326326326326,7.7196384286444415,7.500046139402096,7.442947057846053,6.911464110221591,6.822982405685267,6.61664389291736,5.859700012250844,5.750989975469713,5.5636963533878765,4.533656209671816,4.555783830792866,4.2281442190796845,0.4518377520079076,0.022424280572262523,0.3346298650882403,0.05273124635992115,0.4598750157495266,0.05337077829397478,0.5583292872720832,0.059308531604814765
618,0.8031231231231231,7.723355512816127,7.503647583917687,7.446672570329719,6.914660416325308,6.826195397745353,6.619827995245769,5.86192736433851,5.753208597614669,5.565888132111721,4.534007350448287,4.55628792180671,4.228877418019345,0.45229119133216905,0.022447421359329256,0.3348398668355726,0.052736030178215695,0.46030288955460175,0.053375606038223694,0.5590602515321885,0.05927817339498554
619,0.8036136136136136,7.727063787036596,7.5072407057328565,7.450387833413571,6.9178448131232555,6.82939804457039,6.622997833904006,5.864135144162874,5.755409678608025,5.568058453149548,4.534331448699588,4.556767219844656,4.229577598979468,0.4527474458571656,0.02247086739590143,0.33505119117746274,0.05274117026350268,0.4607339558424789,0.0533809121263749,0.5597950205564506,0.059248835593135346
620,0.8041041041041042,7.730763209099237,7.510825491733594,7.454092801429743,6.9210172562322505,6.832590303657269,6.626153341195154,5.8663232221756925,5.75759310633966,5.570207158546237,4.534628339508801,4.557221595179767,4.230244548959969,0.4532065367908954,0.02249462005786327,0.33526384587254127,0.052746668097821074,0.4611682500849235,0.05338670193543452,0.5605336099838786,0.0592205280590687
621,0.8045945945945946,7.734453738073269,7.514401928218858,7.457787431459976,6.924177703634841,6.835772131032814,6.629294448580583,5.868491468729844,5.759758767569781,5.572334098310982,4.534897861794854,4.5576509214397145,4.230878048643473,0.4536684853560351,0.022518680790909636,0.3354778391693886,0.05275252536069954,0.4616058067864101,0.05339298030334829,0.5612760363021816,0.05919326106874392
622,0.805085085085085,7.73813532996895,7.517970001922985,7.461471679722066,6.927326113300015,6.83894348352558,6.632421088465512,5.870639753343598,5.761906548483505,5.574439117405094,4.535139873922193,4.558055065078714,4.231477882401827,0.4541333120491664,0.02254305093708607,0.33569317856097874,0.05275874340246806,0.4620466616369785,0.05339975241203856,0.5620223127536045,0.059167045387396804
623,0.8055755755755756,7.741807943127361,7.521529698852592,7.4651455048286,6.9304624424800165,6.842104315966251,6.6355331904047885,5.872767944909764,5.7640363341241665,5.576522052906812,4.535354208173514,4.5584338954267105,4.232043832575925,0.4546010386956665,0.0225677318706063,0.33590987292465385,0.052765323857115964,0.46249085091808095,0.05340702432032442,0.5627724548367931,0.05914189151477109
624,0.8060660660660661,7.745471533266015,7.525081005169578,7.46880886134906,6.9335866444209495,6.845254583968773,6.638630685448255,5.874875912299244,5.76614800841669,5.578582752348133,4.535540716582607,4.558787282559331,4.232575683292203,0.45507168571057793,0.022592724851419225,0.33612793044527306,0.05277226793329941,0.46293840931277436,0.05341480066179247,0.5635264761729543,0.05911780988250945
625,0.8065565565565566,7.749126055712114,7.528623907126369,7.472461710100178,6.936698677019386,6.848394241982512,6.641713503036575,5.876963522760793,5.768241454938119,5.580621052919762,4.5356992183979346,4.559115089458337,4.233073234643294,0.4555452750111599,0.022618030872997116,0.3363473598969974,0.05277957687887302,0.46338937355804355,0.05342308741478793,0.5642843920628109,0.059094807858397005
626,0.807047047047047,7.7527714679071815,7.532158390062755,7.476104010469102,6.939798490897762,6.851523243926579,6.644781573017915,5.879030643398873,5.770316555615726,5.5826367972894095,4.535829565941321,4.559417191620905,4.233536267455332,0.4560218272012145,0.022643651106299695,0.33656817109180565,0.0527872516757134,0.46384377878690247,0.0534318894182738,0.5650462145297063,0.05907289689085547
627,0.8075375375375375,7.756407723056049,7.53568443983951,7.479735721935855,6.942886040014255,6.8546415434507635,6.6478348241635015,5.8810771400039075,5.772373191933561,5.58462982164141,4.5359315760295384,4.559693446400014,4.233964574570706,0.45650136468340075,0.022669586600600908,0.336790373029211,0.05279529322725127,0.46430166161332775,0.05344121238305854,0.5658119604310212,0.05905208468272398
628,0.8080280280280281,7.7600347769148605,7.539202041864406,7.483356803417489,6.945961278035396,6.857749093372996,6.650873185460195,5.8831028788102095,5.774411244408176,5.586599963237034,4.536005102839348,4.559943724192822,4.234357959013581,0.4569839072746893,0.022695838128701577,0.33701397506241754,0.05280370268584961,0.4647630584397647,0.05345106189296643,0.5665816379335273,0.05903238040656767
629,0.8085185185185184,7.763652584441009,7.542711181335031,7.486967217385657,6.94902415604785,6.860845846251546,6.653896584286914,5.885107724236286,5.776430592076026,5.588547061474359,4.536049967668399,4.560167893130581,4.234716206805878,0.45746947711973057,0.022722406717269883,0.3372389875569898,0.05281248086404597,0.4652280051926186,0.0534614431377747,0.5673552625852869,0.0590137930523607
630,0.809009009009009,7.76726109998504,7.546211843366355,7.490566927289491,6.952074624060983,6.86393175420312,6.656904949344156,5.887091540512865,5.778431113674768,5.590470949478534,4.536066004322337,4.560365814720145,4.2350391278049635,0.45795809517999897,0.022749292896088964,0.33746542094874565,0.05282162823843699,0.46569653874827316,0.0534723616801312,0.5681328446535533,0.05899632970955418
631,0.8094994994994995,7.770860277151512,7.549704013058741,7.4941558941383475,6.955112631373314,6.867006768976418,6.659898207172779,5.88905419129959,5.780412686584292,5.5923714641387186,4.536053033036635,4.560537354700352,4.235326522909795,0.4584497829991418,0.022776497379965663,0.33769328567902257,0.05283114553583754,0.4661686952486259,0.05348382282785011,0.568914397319949,0.05897999770349187
632,0.80998998998999,7.774450070942715,7.55318767498819,7.497734083086553,6.95813812927003,6.870070841819186,6.662876284450287,5.890995538371176,5.782375187125695,5.594248437519277,4.5360108885294945,4.5606823786773445,4.235578180440954,0.4589445623977545,0.022804021037293856,0.33792259268077507,0.052841033501228096,0.46664451219504344,0.053495832323542276,0.5696999323850153,0.05896480675385699
633,0.8104804804804804,7.778030434301748,7.556662814003794,7.501301457827427,6.961151062342286,6.873123923193343,6.665839108172409,5.892915444907144,5.7843184911339325,5.5961017046026775,4.535939392168248,4.5608007479594335,4.235793931593682,0.4594424538006447,0.022831863880595802,0.3381533534536455,0.05285129221558912,0.4671240254967098,0.0535083952033973,0.5704894585528905,0.058950760762846915
634,0.8109709709709709,7.781601321221913,7.5601294143517395,7.5048579877862815,6.964151379497105,6.87616596329104,6.668786604095011,5.894813770098003,5.786242472830905,5.597931098079966,4.535838365250535,4.560892326822989,4.235973564743102,0.4599434797896576,0.022860026648010515,0.3383855799855736,0.052861921962992664,0.46760727261175405,0.05352151683853226,0.5712829891642798,0.05893786849271234
635,0.8114614614614615,7.785162686889696,7.563587460337106,7.508403633323355,6.967139026852065,6.879196912376403,6.671718697476797,5.896690375548575,5.788147005913656,5.599736446945904,4.535707629751242,4.560956975776028,4.236116888989989,0.46044766182108515,0.022888509813631563,0.3386192835988192,0.05287292359163908,0.4680942907945035,0.05353520299553893,0.5720805347454601,0.05892613671731367
636,0.8119519519519519,7.788714484539549,7.567036936388179,7.511938367017322,6.970113949240925,6.882216719041985,6.674635313319518,5.898545120310297,5.790031962815412,5.601517583498194,4.535547017377539,4.560994560982818,4.236223734285118,0.4609550201895564,0.02291731317627509,0.33885447758472553,0.0528842968500035,0.4685851169086987,0.05354945881470665,0.5728821005021973,0.05891557026815412
637,0.8124424424424423,7.792256668196002,7.570477826222666,7.515462156212479,6.9730760906034455,6.885225333270678,6.677536377851178,5.900377862425806,5.791897215117114,5.603274340155554,4.535356343321894,4.561004942330562,4.2362938993095565,0.4614655773638136,0.022946437217093954,0.33909117423902047,0.052896041788764156,0.4690797883193521,0.05356428919646653,0.5736876992145556,0.05890617619021981
638,0.8129329329329329,7.795789190722481,7.5739101138030245,7.518974972020438,6.976025394980469,6.88822270281743,6.680421814278402,5.902188459954099,5.79374263342313,5.605006543184146,4.535135417862571,4.560987979777599,4.236327211103503,0.4619793549435652,0.02297588183221093,0.339329387015435,0.05290815835808271,0.46957834267587045,0.0535796998852868,0.5744973392286216,0.05889795870080146
639,0.8134234234234234,7.799312009108446,7.57733378286288,7.522476782145147,6.97896180386941,6.891208776382106,6.683291546738937,5.903976769262382,5.795568087311392,5.6067140229899355,4.534884081154267,4.560943536663722,4.236323493423452,0.46249637321777587,0.02300564689422428,0.33956912953518154,0.052920646898059163,0.47008081732525164,0.053595695842676094,0.5753110247570692,0.05889092358636896
640,0.8139139139139139,7.802825075654295,7.580748816809894,7.525967561508457,6.981885257527807,6.894183501725934,6.686145499434225,5.905742647056914,5.7973734449696455,5.608396611217962,4.534602123662047,4.560871470405402,4.236282559889042,0.46301665539322334,0.023035732444749463,0.3398104160445245,0.052933506714573565,0.4705872492811353,0.05361228181742187,0.5761287695580395,0.05888507490976441
641,0.8144044044044043,7.8063283455641885,7.584155199073818,7.529447281575787,6.984795697826599,6.897146826110439,6.688983595169227,5.907485948205838,5.799158574333449,5.610054132317012,4.5342893733749925,4.560771643282165,4.236204251411836,0.4635402217578642,0.023066137987048173,0.3400532607538546,0.05294673789213983,0.47109767686059084,0.05362946336072787,0.5769505759582383,0.05888041635729589
642,0.8148948948948949,7.809821775637775,7.5875529128792465,7.532915917910303,6.9876930627172795,6.900098696702178,6.691805756311538,5.9092065260059,5.800923341802838,5.611686414357423,4.5339456499669994,4.560643914416467,4.236088379457725,0.4640670945431466,0.023096863442767256,0.34029767931250543,0.05296034017072403,0.4716121376617256,0.05364724529986889,0.5777764522823493,0.05887695386736531
643,0.8153853853853854,7.813305318819825,7.590941941340901,7.53637344331336,6.990577291754291,6.90303906053228,6.694611906130458,5.910904234373541,5.802667612763295,5.613293285087687,4.533570769694901,4.56048813988989,4.235934792575764,0.4645972944030244,0.023127908112419496,0.3405436860530595,0.05297431313969428,0.4721306697293814,0.05366563257614462,0.5786064023178467,0.05887468901055542
644,0.8158758758758758,7.816778932624158,7.59432226732633,7.53981983572648,6.993448320812567,6.90596786310934,6.697401966444608,5.912578925100226,5.804391251760871,5.614874573458014,4.5331645276454955,4.560304181254689,4.235743309527401,0.4651308443070663,0.023159271729734487,0.3407912976409512,0.052988656357141846,0.4726533104004955,0.0536846296886658,0.5794404361819423,0.058873625750738685
645,0.8163663663663663,7.820242572951398,7.597693873614739,7.5432550734844535,6.996306085146697,6.908885051086352,6.7001758588570794,5.9142304497829,5.806094122324558,5.61643010278154,4.532726750906347,4.560091897999145,4.235513778934828,0.46566776467466003,0.023190953397146507,0.34104053050755945,0.05300336921890361,0.4731800980481121,0.05370424166577162,0.5802785543438246,0.05887376665982621
646,0.8168568568568568,7.8236961972882755,7.601056742821661,7.54667913334002,6.9991505233086935,6.91179056992779,6.702933505489669,5.915858658562939,5.807776087019278,5.6179597011418,4.532257253703672,4.55985114234335,4.235246038378705,0.4662080772760118,0.02322295248662651,0.34129140068077113,0.05301845157479442,0.4737110710853541,0.05372447314226813,0.581120762125463,0.05887511396547408
647,0.8173473473473474,7.827139761007522,7.604410857570116,7.550091996681351,7.0019815655393005,6.914684365016968,6.705674826599717,5.9174634005891065,5.809437007025629,5.619463196437447,4.5317558491088885,4.559581778238984,4.234939926627991,0.46675180336880834,0.023255268129064935,0.34154392603940775,0.05303390233482826,0.4742462668113687,0.05374532825302021,0.581967062774795,0.05887767040883743
648,0.8178378378378378,7.830573223005254,7.607756199677862,7.5534936415606495,7.004799146750954,6.917566381143095,6.7083997427873765,5.919044524295021,5.811076742930592,5.620940411579992,4.5312223432879675,4.559283657829335,4.234595290277214,0.46729896481190963,0.02328789945787306,0.3417981237329304,0.05304972132749546,0.474785724076648,0.05376681186672412,0.5828174602045714,0.05888143721031602
649,0.8183283283283282,7.833996542228907,7.611092751999269,7.5568840545516425,7.007603199306721,6.920436562942355,6.711108174309597,5.920601876963508,5.812695154265305,5.622391172314265,4.530656559912356,4.5589566403165875,4.234211983382453,0.46784958243747937,0.023320845224942603,0.34205401274280656,0.053065907651357366,0.47532948120006596,0.05378892833810202,0.5836719537820367,0.058886415744155006
650,0.8188188188188188,7.837409676381507,7.614420495873445,7.560263213935848,7.0103936506268365,6.92329485489847,6.713800041481366,5.9221353052026355,5.8142920993497125,5.623815309158791,4.53005828273058,4.558600579817138,4.233789855976256,0.4684036786124208,0.023354104390546637,0.34231161117979775,0.0530824605119356,0.4758775753532358,0.05381168114032843,0.5845305503906237,0.05889260516710242
651,0.8193093093093093,7.8408125859157565,7.617739413498598,7.563631106744999,7.013170433038049,6.926141200490921,6.716475264050822,5.923644653522991,5.815867435590348,5.625212641572497,4.5294273544886385,4.5582153365598534,4.233328760818589,0.4689612735462187,0.02338767563355311,0.3425709384609601,0.05309937921026885,0.4764300462275348,0.05383507504186553,0.5853932450563888,0.05890000837355823
652,0.8197997997997998,7.844205232210534,7.621049486741606,7.566987716387712,7.015933475793131,6.928975543965165,6.7191337609304735,5.925129766402696,5.81742101959729,5.626583000027358,4.52876357501044,4.557800763678188,4.23282856049085,0.46952238886959596,0.023421557561943335,0.3428320140200508,0.05311666327750088,0.47698693158494937,0.053859113643387205,0.5862600400986699,0.05890862375189317
653,0.8202902902902902,7.8475875743753285,7.624350696587879,7.57033303146479,7.018682704503882,6.931797828163159,6.721775450367549,5.926590487029044,5.818952706474921,5.627926207254448,4.528066761043742,4.557356714837332,4.232289101197088,0.47008704632498977,0.023455748897503903,0.34309485841291,0.05313431148974483,0.4775482698863438,0.05388380094153026,0.5871309361552642,0.0589184529406526
654,0.8207807807807808,7.850959576609461,7.627643024941439,7.573667037840213,7.021418046435028,6.934607996695089,6.724400251650679,5.928026657278532,5.8204623508947835,5.629242092285537,4.527336717435432,4.556883049671287,4.231710261598307,0.470655266629116,0.023490247823712323,0.343359492167738,0.05315232333606543,0.47811409943413613,0.05390914028717877,0.5880059306838004,0.05892949320042052
655,0.8212712712712713,7.854321200100453,7.630926452559402,7.576989723567716,7.024139426651912,6.93740599156113,6.72700808242443,5.9294381190116745,5.821949806094764,5.6305304799849,4.526573267825974,4.556379615943542,4.2310918970878975,0.4712270711253838,0.023525052847901403,0.3436259363171684,0.05317069788517896,0.4786844585544392,0.05393513538864409,0.5888850226948587,0.05894174488803181
656,0.8217617617617617,7.8576724079602265,7.634200960745486,7.580301076874494,7.026846771228342,6.940191755483098,6.729598860630745,5.930824710979928,5.8234149248697005,5.631791194674062,4.525776218374256,4.5558462765235275,4.230433878696609,0.471802480784731,0.023560162192253903,0.34389421198315234,0.05318943445367462,0.4792593864596654,0.05396178984255354,0.589768208686397,0.05895520661992925
657,0.8222522522522522,7.86101316667343,7.637466530578927,7.583601092053394,7.029540000283529,6.942965230179922,6.732172503391645,5.932186272566153,5.824857558212017,5.633024066206743,4.524945395743741,4.555282881118332,4.229736090610405,0.47238151591233274,0.02359557361148854,0.3441643427473835,0.05320853193364148,0.4798389206049861,0.05398910637815086,0.5906554828204107,0.05896987527960145
658,0.8227427427427427,7.864343439799416,7.640723142285468,7.586889757316847,7.032219038274646,6.945726357601718,6.734728927600695,5.933522640521326,5.82627755691591,5.634228920024805,4.524080590984968,4.554689286143524,4.2289983898096715,0.47296419898968756,0.02363128557924785,0.34443635013591006,0.05322798973487474,0.48042310012233447,0.054017088312228685,0.5915468463332695,0.05898574973416376
659,0.8232332332332333,7.8676631932000705,7.643970776822165,7.590167064864685,7.034883803548479,6.948475079197633,6.737268050646457,5.934833652980634,5.827674770331252,5.635405583321669,4.523181649908373,4.55406534427799,4.228220665021814,0.47355054909552824,0.02366729569382689,0.3447102575766436,0.05324780671064449,0.4810119630133479,0.05404573839099109,0.5924422887239869,0.05900282765848009
660,0.8237237237237237,7.8709723954663176,7.647209414301519,7.593433009690426,7.037534219365767,6.951211336119391,6.739789787625846,5.936119143958449,5.829049047285574,5.636553883590884,4.52224837881946,4.553410911537371,4.227402794199543,0.47414058764698835,0.023703601843146023,0.3449860888381684,0.053267982448224276,0.48160554824494395,0.05407505961059302,0.5933418056585342,0.059021105980404026
661,0.8242142142142141,7.87427101340452,7.650439035115616,7.59668758510376,7.040170202168695,6.953935068343512,6.742294055218922,5.937378948598116,5.830400234957287,5.637673650952436,4.521280588045401,4.5527258383969444,4.226544667405805,0.4747343353394343,0.023740201594449967,0.34526386815547405,0.05328851578215803,0.48220389355109106,0.05410505411366996,0.5942453915745189,0.059040580004112296
662,0.8247047047047047,7.877559017498983,7.653659619335242,7.599930784887998,7.042791670850236,6.956646217121026,6.744780768248622,5.938612900069506,5.8317281804479535,5.638764711611387,4.520278108046688,4.552009980050215,4.225646156457283,0.4753318128611148,0.02377709282477644,0.34554362004759026,0.05330940631796257,0.48280703779976264,0.05413572468372553,0.5951530390897757,0.05906124852707119
663,0.8251951951951952,7.880836377096844,7.656871146375901,7.603162603007152,7.045398540269717,6.959344721910557,6.74724984211742,5.939820830026879,5.833032729018626,5.639826895152699,4.5192407509089065,4.551263193206242,4.224707156453477,0.4759330404750189,0.023814272919157678,0.3458253695597344,0.0533306531784512,0.4834150190959777,0.0541670732594378,0.5960647398956916,0.05908310662838607
664,0.8256856856856857,7.884103062849342,7.660073596439872,7.606383038031328,7.047990727535614,6.962030522646379,6.74970119132439,5.941002569400353,5.834313725780424,5.640860033484193,4.518168348080314,4.550485327208611,4.22372756207658,0.47653803823746677,0.02385173918426822,0.3461091424429343,0.05335225558742199,0.48402787559869787,0.05419910179457477,0.5969804842170245,0.05910614965290244
665,0.8261761761761761,7.887359046889865,7.663266948729855,7.609592086885314,7.0505681474556985,6.964703558514152,6.752134730193065,5.942157948016642,5.835571014361858,5.641863955295327,4.5170607267557745,4.5496762380110685,4.222707277946155,0.47714682565769617,0.02388948872327161,0.3463949647467391,0.05337421290764768,0.4846456458403073,0.054231812294855644,0.5979002596585052,0.05913037229216047
666,0.8266666666666667,7.890604302250041,7.6664511823743915,7.6127897456671985,7.0531307127600975,6.967363768258729,6.754550373258359,5.943286795213693,5.836804437865794,5.642838489127734,4.515917706556022,4.548835778790398,4.221646181589957,0.4777594238543823,0.023927519133630303,0.346682862854302,0.05339652448483185,0.4852683681874589,0.05426520657573982,0.5988240590770271,0.05915577170354313
667,0.8271571571571572,7.893838804076967,7.669626276791376,7.615976011346689,7.055678334050537,6.970011090885936,6.756948032524492,5.944388937172823,5.8380138383691005,5.643783471938276,4.514739124319266,4.547963802505268,4.2205441856703425,0.47837585169940255,0.023965827217472615,0.34697286425978285,0.05341918993400629,0.48589607975737975,0.05429928551146539,0.5997518683950523,0.05918234101952828
668,0.8276476476476476,7.897062527757292,7.672792210605872,7.619150885494157,7.058210926210967,6.9726454642164395,6.75932762177971,5.945464201637343,5.839199056821163,5.644698733586458,4.513524809096517,4.547060167488485,4.219401188523245,0.4789961291345124,0.02400441008059768,0.3472649963366497,0.05344220876317157,0.4865288193384543,0.05433405089913667,0.6006836749937859,0.059210075687164625
669,0.8281381381381381,7.9002754469447956,7.675948962501227,7.62231436418489,7.060728394107549,6.9752668257081645,6.761689053834925,5.946512412897469,5.840359933700676,5.645584106994123,4.512274586974289,4.546124719379513,4.218217097543448,0.4796202759247319,0.024043264555023754,0.34755928706467465,0.05346558002673078,0.48716662419955326,0.0543695033383779,0.6016194670850274,0.05923896872377576
670,0.8286286286286286,7.903477541171996,7.679096510972341,7.625466446370305,7.063230652611622,6.9778751131996,6.764032239951742,5.947533396167912,5.84149630827955,5.646439425362233,4.5109882987020455,4.54515731886094,4.216991819671586,0.4802483110646872,0.024082387550041082,0.34785576438454063,0.05348930412466386,0.48780953288921286,0.05440564438818373,0.6025592286454662,0.0592690148950211
671,0.8291191191191192,7.906668788784498,7.682234834105859,7.628607133786476,7.065717605504613,6.98047026355602,6.766357092174515,5.94852697300818,5.842608019185483,5.6472645247373,4.509665786145427,4.544157817090494,4.215725263033565,0.4808802537721188,0.024121775694557875,0.3481544580421295,0.05351338026239038,0.4884575825334347,0.05444247414467385,0.6035029444870201,0.059300207789977896
672,0.8296096096096096,7.909849169145465,7.685363910384669,7.631736424622562,7.068189162672213,6.983052212732395,6.768663522213184,5.949492966163812,5.843694903991143,5.64805924265302,4.508306875353996,4.543126070586221,4.2144173541215535,0.48151612287550183,0.02416142545914036,0.34845539677103093,0.05353780846169726,0.489110810727456,0.05447999312947274,0.6044505985107008,0.0593325385697269
673,0.8301001001001,7.913018661319125,7.688483716835731,7.634854317894295,7.070645228416515,6.985620896972333,6.770951439747596,5.950431195635883,5.8447567999647765,5.648823415178744,4.506911438892161,4.542061935232119,4.213067998214004,0.48215593605101387,0.024201333455210583,0.3487586102308616,0.053562588529480044,0.48976925465946153,0.05451820160853541,0.605402170393236,0.05936600277797087
674,0.8305905905905906,7.916177248128019,7.691594231659194,7.637960814835434,7.073085706965489,6.9881762519362685,6.773220755868667,5.951341481900002,5.845793542932742,5.649556879094207,4.505479286822438,4.540965261657519,4.211677110482873,0.4827997138129243,0.02424149625894643,0.3490641290071184,0.05358772032585374,0.4904329516639546,0.05455709966358308,0.6063576481506898,0.05940059165544095
675,0.831081081081081,7.919324912113916,7.694695431631093,7.641055913564155,7.075510503188987,6.990718212027956,6.775471379566924,5.952223643072515,5.8468049680320116,5.650259474971373,4.504010286010139,4.539835910012093,4.2102446295524,0.483447472517185,0.024281909848945404,0.3493719833805273,0.05361320418972667,0.49110193857473233,0.05459668707137741,0.6073170069104464,0.05943629659183035
676,0.8315715715715715,7.922461634653657,7.697787294095191,7.644139615992293,7.077919519847496,6.993246712378067,6.7777032202035725,5.953077496325102,5.847790910075675,5.650931039797022,4.5025042872813,4.538673729148484,4.208770460304839,0.48409923136678285,0.0243225707947184,0.3496822042410185,0.05363903993197777,0.4917762527817717,0.05463696372869886,0.6082802299392288,0.059473111496426
677,0.832062062062062,7.9255874028242745,7.700869795862286,7.647211920238215,7.080312658127895,6.995761686246708,6.7799161869932405,5.953902858756838,5.84875120249785,5.6515714157700305,4.500961146201667,4.537478581322477,4.2072545370814804,0.4847550074506219,0.02436347509936435,0.3499948231972079,0.053665228065457066,0.492455930610845,0.054677928886466415,0.6092472941570716,0.059511027663043094
678,0.8325525525525526,7.928702200593661,7.70394291330257,7.6502728259297434,7.08268981977221,6.99826306719828,6.782110187475346,5.954699544618856,5.84968567873485,5.6521804486307845,4.499380735266463,4.53625032217076,4.205696786918504,0.4854148176165985,0.02440461880827608,0.3503098716804435,0.05369176896163901,0.4931410081689079,0.05471958147947871,0.6102181761496742,0.05955003703899333
679,0.833043043043043,7.931806014645708,7.707006622739446,7.653322334757951,7.085050904171169,7.000750788185118,6.784285129617232,5.955467368966939,5.850594170381385,5.652757974316279,4.497762878567181,4.534988808377049,4.204097133951642,0.48607868122100345,0.024445998116859057,0.35062738217420997,0.0537186629204843,0.49383152276517395,0.05476192121173291,0.611192858208903,0.05959013068602134
680,0.8335335335335334,7.934898832094868,7.710060900149709,7.656360440617119,7.087395807490537,7.003224781122026,6.786440919835141,5.956206144263474,5.851476509587727,5.653303843980241,4.496107476762457,4.533693896792458,4.202455539748524,0.48674661205203346,0.024487608300146835,0.3509473868870479,0.05374591071789804,0.49452750895941194,0.05480494605905858,0.6121713080071808,0.0596312975346535
681,0.834024024024024,7.937980641838316,7.713105720809225,7.659387143999177,7.089724432715513,7.005684977395733,6.788577465128031,5.956915682850618,5.85233252688658,5.653817900501775,4.494414376690605,4.532365447857098,4.200771902266021,0.4874186294199547,0.024529445974069957,0.3512699181440872,0.053773513369443506,0.49522900375596113,0.0548486552144062,0.6131535082478133,0.05967353201983614
682,0.8345145145145145,7.941051433062369,7.716141060418986,7.6624024434698645,7.092036671050463,7.008131308019534,6.790694670857606,5.957595795729408,5.853162052570625,5.654299990088808,4.492683470536837,4.5310033170341795,4.199046186730467,0.48809474768272504,0.024571506211019563,0.3515950100915404,0.05380147133000166,0.4959360419096315,0.05489304676016106,0.614139426304701,0.05971682253580292
683,0.835005005005005,7.944111194378911,7.719166893926959,7.665406333543225,7.094332420027138,7.010563703025791,6.792792442438539,5.958246293499959,5.853964916016157,5.6547499583267635,4.490914605926248,4.5296073661426135,4.19727832440003,0.4887749842053504,0.02461378497567225,0.35192269531526255,0.05382978575917069,0.496648659237695,0.05493811925861427,0.6151290397189786,0.05976115965062503
684,0.8354954954954954,7.947159917488704,7.722183196484717,7.668398813625557,7.096611575579439,7.012982091688541,6.794870684517243,5.958866984480577,5.854740946266831,5.655167661412986,4.489107682246773,4.528177453320124,4.1954682572927835,0.48945935399183327,0.024656277731600805,0.35225300803827836,0.05385845776296904,0.4973668899473639,0.05498387004208466,0.6161223186713471,0.05980653374620797
685,0.835985985985986,7.950197593832143,7.7251899418815135,7.671379875774356,7.098874028522212,7.015386402809533,6.796929301121932,5.959457677828731,5.8554899715312025,5.655552945386434,4.4872625770887815,4.526713443028399,4.19361592638578,0.4901478724308761,0.02469898007870408,0.3525859820837805,0.053887488638162,0.4980907688169141,0.05503029717228501,0.617119234263254,0.05985293571057696
686,0.8364764764764765,7.953224214957027,7.728187104420974,7.674349517653289,7.101119675237148,7.017776563941989,6.798968195253839,5.960018179672918,5.856211819233832,5.655905660734775,4.48537918014064,4.52521519459825,4.191721278838535,0.49084055464902254,0.0247418874071525,0.3529216517000789,0.05391687982971534,0.49882033100906004,0.05507739854570038,0.6181197557845828,0.05990035535235131
687,0.8369669669669669,7.956239773736121,7.731174657907547,7.677307730063048,7.103348402334442,7.020152502682677,6.800987269838408,5.960548297342574,5.8569063168007816,5.656225661888674,4.483457383118465,4.523682572497562,4.189784287152702,0.49153741388245364,0.024784994603041524,0.353260051680748,0.05394663267841446,0.4995556095224001,0.05512517109799022,0.6191238485642303,0.059948779875508694
688,0.8374574574574574,7.959244264813007,7.734152575466137,7.680254507720423,7.105560104090777,7.022514144574134,6.802986426141165,5.961047835787886,5.857573290389132,5.656512803620846,4.481497070090503,4.522115438296376,4.18780487220591,0.4922384663898931,0.02482829752821375,0.353601216972094,0.05397674918491104,0.5002966384063112,0.055173612230436306,0.6201314864524677,0.05999820141003027
689,0.8379479479479479,7.962237680565172,7.737120830338521,7.68318983886339,7.107754668326135,7.024861415572549,6.804965565302658,5.961516599307242,5.858212566177591,5.6567669452619835,4.479498150435729,4.520513657518609,4.18578300294775,0.4929437245505172,0.024871791061994386,0.3539451821643005,0.05400723111153956,0.5010434502486487,0.05522271843885756,0.6211426326725585,0.060048607752601305
690,0.8384384384384385,7.965220017521712,7.7400793951632645,7.686113714825513,7.1099319831974785,7.027194239888823,6.806924588931731,5.961954392506337,5.858823969258961,5.656987934299661,4.477460532774823,4.518877096306326,4.183718632414466,0.49365320189835116,0.024915470340238305,0.3542919829454464,0.05403808040684906,0.5017960793283681,0.05527248732619966,0.6221572509445664,0.06009998950642931
691,0.8389289289289289,7.968191268816322,7.74302824197282,7.689026125403062,7.112091938072289,7.029512540474973,6.808863394962192,5.962361016630584,5.859407325225187,5.657175638760004,4.475384109363738,4.517205621978657,4.1816117202466865,0.49436691178983166,0.024959330398834682,0.3546416547408043,0.05406929926470521,0.5025545568263403,0.05532291472489962,0.6231753087901806,0.06015233386896492
692,0.8394194194194193,7.97115143176705,7.745967342799622,7.691927056112196,7.114234416742093,7.0318162403688556,6.810781883814498,5.9627362754521105,5.859962457951756,5.657329912354029,4.473268794101376,4.515499102619535,4.179462234961823,0.4950848663705881,0.02500336605662847,0.3549942333965772,0.05410088992556939,0.5033189154436667,0.05537399738676477,0.6241967672471609,0.06020562948842913
693,0.8399099099099099,7.974100501245429,7.748896668753421,7.694816492032062,7.116359305418391,7.034105260822303,6.812679952310285,5.963079970035779,5.860489191731293,5.657450620270121,4.471114520980294,4.513757404907271,4.177270113629404,0.4958070779991826,0.025047572624565632,0.35534975463717217,0.054132854975970965,0.5040891861222506,0.05542573127946433,0.6252215905304357,0.060259868047251475
694,0.8404004004004004,7.9770384736070525,7.7518161910656165,7.697694417658716,7.118466488616456,7.036379521849101,6.814557498348947,5.9633918995720165,5.860987350001673,5.657537620259702,4.468921198045556,4.511980402124505,4.175035350109054,0.4965335575725833,0.025091944406071178,0.3557082546037942,0.0541651969391264,0.5048654010069386,0.05547811269458466,0.6262497359622318,0.06031503481002622
695,0.8408908908908909,7.979965345218583,7.7547258801588805,7.700560816936847,7.120555850342383,7.038638943810951,6.816414418155552,5.963671865544041,5.861456756026636,5.657590780356235,4.466688744436913,4.510167964476395,4.172757894006939,0.4972643172967997,0.025136476510150253,0.3560697695080848,0.054197918570690784,0.5056475901816624,0.05553113727992434,0.6272811679056978,0.06037111942633516
696,0.8413813813813813,7.9828811134208575,7.757625706460711,7.703415667695971,7.12262727110581,7.0408834434967975,6.818250607796127,5.963919666632942,5.861897232765764,5.657609961424797,4.464417087870964,4.5083199675892764,4.170437721334211,0.4979993674442018,0.02518116349114415,0.3564343358645453,0.05423102280124486,0.506435784171369,0.05558480085072909,0.6283158433876355,0.06042810981146148
697,0.8418718718718718,7.985785774696659,7.760515639203715,7.706258949914312,7.124680631662342,7.043112938866902,6.820065961422393,5.964135101935876,5.8623086023869115,5.657595034386034,4.462106171379228,4.506436284492806,4.1680747990994504,0.49873871798262226,0.025226000006247487,0.3568019902734922,0.05426451265035885,0.5072300120277432,0.055639098544009356,0.6293537202982578,0.060485994479862235
698,0.8423623623623624,7.988679324872335,7.763395647809875,7.709090641338189,7.126715813225702,7.045327345006653,6.821860372603994,5.964317969066862,5.8626906871672535,5.657545863394133,4.459755927747717,4.504516790490408,4.165669107103552,0.4994823786277547,0.025270980507005922,0.3571727693786518,0.05429839125325988,0.5080303035467705,0.05569402608407156,0.6303947546515032,0.060544760738057035
699,0.8428528528528528,7.9915617615944665,7.766265701095934,7.711910711508553,7.128732694104935,7.047526576907167,6.823633734584118,5.964468064852446,5.863043308732089,5.657462319446811,4.457366309913783,4.5025613618328055,4.163220616700169,0.5002303581158875,0.02531609957771638,0.3575467092931913,0.05433266231157206,0.5088366872606989,0.05574957831529585,0.6314389014121685,0.060604397068788805
700,0.8433433433433433,7.994433083124564,7.769125767151951,7.714719139079765,7.130731152068873,7.049710547599597,6.825385939593538,5.964585188128519,5.8633662888697735,5.65734427126411,4.454937254093799,4.5005698822775,4.16072930445505,0.5009826656987292,0.025361351647614792,0.35792384794190185,0.05436732905857994,0.5096491912085165,0.055805750501335696,0.6324861161091735,0.060664891497048845
701,0.8438338338338338,7.997293283635825,7.771975813537366,7.717515889860388,7.1327110647895635,7.051879169113007,6.8271168777393445,5.964669133811054,5.863659448482279,5.657191591566511,4.452468692023273,4.4985422310793695,4.158195142710423,0.501739310408093,0.025406731345789826,0.3583042211878081,0.05440239538200572,0.5104678430793597,0.055862537412750574,0.6335363560666891,0.06072623136525516
702,0.8443243243243244,8.000142361345253,7.774815808027784,7.720300935567577,7.134672304769521,7.054032351404667,6.828826439504422,5.964719698374385,5.863922608814826,5.657004150477216,4.449960629679607,4.496478287822703,4.155618127148162,0.5025002973758702,0.02545223246201366,0.3586878673598726,0.05443786472045707,0.5112926696691852,0.0559199337624805,0.6345895643341145,0.060788404994425595
703,0.8448148148148148,8.002980312592243,7.777645716597161,7.723074239300344,7.136614748290486,7.056170003872847,6.830514513536342,5.964736677820528,5.864155590792606,5.656781825551636,4.447412969072579,4.4943779428064055,4.152998234289665,0.5032656360058655,0.025497849661565937,0.35907482280634034,0.05447374142200877,0.5121236970132182,0.05597793397943106,0.6356457011955872,0.060851398353879455
704,0.8453053053053052,8.005807130639557,7.780465505512038,7.72583576309745,7.138538268132893,7.058292034289278,6.832180987881299,5.964719867217963,5.864358214651937,5.6565244902107175,4.444825712666715,4.492241078452295,4.150335467329583,0.5040353303563267,0.02554357670368005,0.35946512414832704,0.05451002937454874,0.5129609511506866,0.05603653260159144,0.6367047088385133,0.06091519853365753
705,0.8457957957957958,8.008622814495375,7.783275140720746,7.7285854722619165,7.140442734809641,7.060398348828854,6.833825749849329,5.964669061311584,5.864530301078414,5.656232022421201,4.442198806787642,4.490067584144457,4.147629789446083,0.5048093886023487,0.025589408173126427,0.359858809931162,0.054546732711207746,0.513804456778557,0.05609572361242144,0.6377665430385913,0.06097979463766971
706,0.8462862862862863,8.011427355901493,7.786074587268272,7.7313233218922175,7.142328020872536,7.0624888514314925,6.835448684807188,5.964584055254623,5.864671670187066,5.655904297993834,4.439532242924037,4.487857350820433,4.144881196040199,0.5055878146953381,0.025635338060983948,0.36025591634992854,0.054583855856736814,0.5146542386196896,0.05615550153658016,0.6388311478082785,0.061045174455968645
707,0.8467767767767768,8.014220751515671,7.788863809114417,7.734049269159782,7.144193993488513,7.064563445489817,6.8370496766655755,5.964464643745636,5.8647821425885915,5.655541194738109,4.4368259927816895,4.485610271413373,4.142089689905134,0.5063706131580671,0.0256813601913031,0.36065648152391755,0.05462140337276365,0.5155103200321088,0.05621586045612959,0.639898468960161,0.06111132404079057
708,0.8472672672672672,8.017002992893197,7.791642770452516,7.7367632645990065,7.146040521329185,7.066622032299169,6.8386286105245535,5.964310620334963,5.864861537896871,5.655142594592676,4.4340800329958165,4.483326236546797,4.139255271187014,0.5071577879947109,0.02572746847819018,0.36106054182037006,0.05465937969842353,0.5163727241729957,0.056276793913137634,0.6409684525980054,0.06117822930058695
709,0.8477577577577577,8.019774073758775,7.794411434554872,7.739465264360104,7.1478674712685955,7.068664511346748,6.840185368418237,5.964121779877006,5.864909676582547,5.654708379215775,4.431294349768643,4.481005150585228,4.136377923247428,0.5079493431004382,0.025773657004405287,0.36146813556604396,0.05469778930496123,0.5172414729614937,0.05633829575310064,0.6420410441534254,0.06124587941812426
710,0.8482482482482483,8.02253398536948,7.797169764027103,7.742155209232605,7.149674709164654,7.070690780501647,6.841719830908939,5.963897917316382,5.8649263784517105,5.6542384283583775,4.428468927052198,4.478646906458945,4.1334576610884115,0.5087452807638547,0.025819919483926156,0.36187929900468196,0.05473663748497424,0.5181165880815835,0.056400360061431606,0.6431161860993895,0.06131425938834645
711,0.8487387387387387,8.025282720971028,7.799917720816995,7.744833049478123,7.151462097945354,7.072700735734515,6.843231879007414,5.963638824577126,5.864911463548077,5.653732623977077,4.425603774566081,4.476251406708178,4.130494483380303,0.5095456028605321,0.025866249592680964,0.3622940705779648,0.05477592884097349,0.5189980906667662,0.0564629802117074,0.6441938180681205,0.06138335729089585
712,0.8492292292292292,8.028020267961116,7.802655266350993,7.747498726359042,7.153229500307759,7.07469427214515,6.844721391246598,5.963344298443238,5.8648647519189305,5.653190854647321,4.422698869744809,4.473818556537242,4.127488382262423,0.5103503119506098,0.0259126414187046,0.3627124870209409,0.05481566823853025,0.519885999670097,0.05652614954677353,0.6452738865876292,0.0614531604737133
713,0.8497197197197197,8.030746617767315,7.805382361431518,7.7501521782713105,7.154976776511543,7.076671281333864,6.846188245487643,5.963014130281325,5.864786063870137,5.6526129997621055,4.419754234990353,4.471348261604642,4.124439391030366,0.511159406969564,0.025959088046806137,0.3631345861034492,0.05485586094637764,0.5207803351640399,0.05658986172025827,0.6463563235763773,0.06152365410578853
714,0.8502102102102103,8.033461756613516,7.808098966237299,7.7527933429005484,7.156703788700571,7.078631654245176,6.847632318873648,5.962648117052194,5.864675219267354,5.651998950869367,4.416769846105952,4.468840432762465,4.121347500718582,0.511972889959338,0.02600558359491967,0.363560404575019,0.05489651201049715,0.5216811147892142,0.05665410984649842,0.6474410755704887,0.06159482566489636
715,0.8507007007007007,8.036165672249814,7.8108050400095195,7.75542215441549,7.158410392503245,7.080575279643025,6.849053486230765,5.9622460520554235,5.864532038378063,5.651348590453866,4.413745734784324,4.46629497543887,4.118212743181787,0.5127907588891701,0.026052121141740606,0.3639899803555695,0.054937626594484236,0.5225883563758221,0.05671888738477542,0.6485280741072351,0.06166666064619977
716,0.8511911911911911,8.038858350437657,7.813500541550095,7.758038542793658,7.160096444498517,7.082502044461224,6.850451621070144,5.9618077296811895,5.8643563420535285,5.650661807986104,4.410681922457021,4.46371181147338,4.115035112510056,0.5136130126566933,0.026098694536608475,0.36442335072450016,0.05497921012547372,0.5235020761826868,0.0567841873956314,0.6496172565542283,0.061739148795072286
717,0.8516816816816817,8.041539773639863,7.816185429085528,7.760642434249409,7.161761799699488,7.0844118326786925,6.851826596990352,5.961332945866952,5.864147950435794,5.6499384894606575,4.407578409130476,4.461090854653918,4.111814651264742,0.5144396489769454,0.026145296867591337,0.36486055249740196,0.055021267780272644,0.5244222902087116,0.056850003206945304,0.6507085571474673,0.06181227349832738
718,0.8521721721721722,8.044209925642727,7.818859659550167,7.763233756088752,7.163406313146681,7.0863045276033825,6.853178285550515,5.960821494837827,5.863906684464487,5.64917852643197,4.404435213915726,4.45843202331768,4.108551379112926,0.5152706654746604,0.026191921531362863,0.36530162304083474,0.05506380504698325,0.5253490133919494,0.05691632771645021,0.651801910685434,0.06188602111725195
719,0.8526626626626627,8.046868787518433,7.8215231899020194,7.765812431215781,7.165029833789003,7.088180009308647,6.854506557499858,5.960273173915748,5.863632364983629,5.648381807084738,4.4012523563012165,4.4557352395704735,4.10524530531178,0.5161060595971914,0.02623856208950023,0.36574660016198574,0.05510682699090569,0.5262822592564506,0.05698315396710461,0.6528972528200514,0.061960379906136315
720,0.8531531531531531,8.049516339322262,7.824175976190051,7.768378379516702,7.1666322119039805,7.0900381570804845,6.855811280327852,5.959687777877966,5.863324813199908,5.6475482240248525,4.398029886198087,4.45300043072997,4.101896477666495,0.5169458252837061,0.02628521131107093,0.3661955213458915,0.055150339232594374,0.527222040608571,0.05705047482251527,0.6539945087883674,0.06203533490855971
721,0.8536436436436436,8.052152556144963,7.826817973362826,7.770931513879331,7.1682132978552895,7.091878846423152,6.85709232320801,5.9590651042105085,5.86298385057822,5.646677664860635,4.394767820690594,4.450227523183705,4.098504924030924,0.5177899582388387,0.026331862568266622,0.36664842247768015,0.05519434713555406,0.5281683702574207,0.057118283602217254,0.6550936113085547,0.06211087254926494
722,0.8541341341341341,8.05477741798872,7.8294491356135705,7.773471750830863,7.169772936080357,7.093701951278073,6.858349551448886,5.958404949489375,5.862609299155961,5.645770025185755,4.39146618010525,4.447416448272459,4.095070681340691,0.5186384534803543,0.026378508894552732,0.3671053422146567,0.05523885626173775,0.5291212582613086,0.057186572749449126,0.6561944917047796,0.062186977942267394
723,0.8546246246246245,8.05739089729475,7.832069417092176,7.775999001939435,7.171310971085532,7.095507344185951,6.859582831404273,5.9577071128506125,5.8622009807245385,5.644825195948927,4.388125020161746,4.444567145365776,4.091593787390114,0.5194913035869095,0.026425143254637806,0.36756631743687607,0.05528387163704244,0.5300807149744929,0.0572553352379841,0.6572970745534983,0.062263638650561885
724,0.8551151151151151,8.059992966080262,7.834678770422411,7.778513170834937,7.1728272448339165,7.097294894329082,6.860792025538362,5.956971392453065,5.861758717894069,5.643843066470484,4.384744389639099,4.4416795454718825,4.088074266316482,0.5203485018495128,0.026471758946495966,0.36803138501033517,0.05532939893605612,0.5310467495924778,0.05732456428986795,0.6584012883647372,0.06234084292995928
725,0.8556056056056056,8.062583596117959,7.837277147906724,7.781014166713735,7.174321600673772,7.099064469830287,6.861976996538494,5.956197586830155,5.861282333331489,5.642823535025037,4.381324299488644,4.4387535933481095,4.084512191147761,0.5212100405708465,0.026518348456192057,0.36850058244549566,0.05537544352742724,0.5320193700315041,0.057394252366199855,0.6595070594153204,0.06241857231226428
726,0.856096096096096,8.06516275459785,7.8398645010137065,7.783501890739463,7.175793873405811,7.100815934295666,6.86313760589759,5.955385496917052,5.860771650440607,5.641766490318907,4.37786481989258,4.435789234434333,4.080907613159067,0.5220759096988687,0.026564904425820365,0.3689739473699939,0.055422010256006286,0.5329985830744459,0.05746439246784799,0.6606143075269743,0.062496814146656664
727,0.8565865865865865,8.067730408469856,7.842440780000628,7.785976241976448,7.177243903268761,7.102549151563366,6.864273713358164,5.9545349248397565,5.860226493200605,5.640671828536894,4.374365977386088,4.432786409790115,4.077260581407534,0.522946101132371,0.026611419859030754,0.3694515163300187,0.055469104720882685,0.5339843947333003,0.05753497757220244,0.6617229611334845,0.06257555336128746
728,0.857077077077077,8.07028652293238,7.845005934792158,7.788437115872095,7.178671524572269,7.104263981841419,6.865385177187221,5.953645670177814,5.859646685051185,5.6395394455004695,4.370827853623563,4.429745078887683,4.073571131882223,0.5238206037868312,0.026657887644442928,0.3699333266438855,0.055516732218317155,0.5349768099219597,0.05760600014489266,0.6628329394162722,0.0626547796108209
729,0.8575675675675676,8.07283105981372,7.8475599142327805,7.790884409785038,7.18007656730775,7.105960282605251,6.866471854518381,5.952717537723445,5.859032051296235,5.638369232885544,4.367250467062067,4.4266651873371075,4.06983935072747,0.5246994074749788,0.026704300028547682,0.3704194164471316,0.055564897367709004,0.53597583194518,0.057677453245969665,0.6639441658758911,0.06273447431901863
730,0.858058058058058,8.075363979297151,7.8501026665975635,7.793318014000107,7.181458864126877,7.107637909414769,6.867533601353676,5.951750330424644,5.8583824169450045,5.637161088190962,4.363633907270703,4.423546699817606,4.06606528944121,0.5255824991353825,0.02675064966638073,0.37090982258668487,0.05561360536996017,0.5369814635183902,0.05774932950341946,0.6650565565067366,0.06281462617273731
731,0.8585485485485485,8.07788523828091,7.852634139136346,7.795737817736526,7.182818241733352,7.109296715747784,6.868570272204386,5.950743855304863,5.857697607553475,5.635914902559896,4.359978226813895,4.420389575818693,4.062249053306058,0.5264698648570458,0.026796928389070877,0.3714045825095152,0.05566286088387837,0.5379937062296877,0.05782162217918745,0.6661700253743872,0.06289521697353233
732,0.859039039039039,8.080394792323592,7.8551542783237815,7.798143705428154,7.184154527263576,7.110936551955542,6.869581720039176,5.949697916599471,5.856977449715499,5.634630574326488,4.356283465501658,4.417193781991281,4.058390668137406,0.5273614939833278,0.026843129519006713,0.37190373327698134,0.055712668880807246,0.5390125602662459,0.05789432377851179,0.6672844996457833,0.06297623636717235
733,0.8595295295295295,8.082892595922072,7.857663029802863,7.800535566737871,7.185467544297625,7.112557266534387,6.870567795906979,5.948612323490557,5.856221770549484,5.63330800153508,4.352549690612296,4.413959283110413,4.054490255490565,0.5282573705519198,0.026889244492821884,0.3724073134945908,0.055763033821429754,0.540038024003878,0.0579674271327015,0.6683998896733045,0.06305766484265367
734,0.86002002002002,8.085378599352,7.860160338331999,7.8029132777671375,7.18675711333114,7.114158704714112,6.871528351786644,5.947486882760169,5.855430397471869,5.631947072188344,4.3487769912296415,4.410686052706127,4.050547877918285,0.5291574791223477,0.026935265810757354,0.37291535985027213,0.05581396024674216,0.5410700967915949,0.05804092550361125,0.6695161081687602,0.06313949151636417
735,0.8605105105105104,8.087852749181,7.862646147468898,7.8052767201142155,7.18802305348051,7.11574070978804,6.872463236403803,5.946321408366346,5.85460315902227,5.630547684316528,4.344965436410487,4.407374071965205,4.04656362374283,0.5300618033373542,0.026981185586218055,0.3734279100680387,0.05586545222527591,0.5421087743743871,0.05811481193713631,0.6706330685572919,0.0632217020210188
736,0.861001001001001,8.090314992464073,7.865120400865018,7.807625773147155,7.189265182194713,7.117303122097131,6.873372298280656,5.945115709695284,5.853739884063714,5.629109736698268,4.341115052862637,4.404023317773315,4.0425376050569035,0.5309703277425595,0.027026995604356303,0.3739450023314043,0.055917513832568315,0.5431540523056995,0.05818907892257308,0.6717506870695282,0.06330427704514494
737,0.8614914914914915,8.092765273122776,7.867583040262295,7.809960309468232,7.1904833140024245,7.118845780616633,6.874255384322732,5.943869599716952,5.852840402603228,5.6276331212476025,4.3372259423484705,4.400633772068243,4.038469880968314,0.5318830351383362,0.027072688422797683,0.3744666739688945,0.055970149265708535,0.5442059255938111,0.05826371985742142,0.6728688757004782,0.06338720721627598
738,0.861981981981982,8.09520352954979,7.870034007047149,7.812280205120254,7.191677260478586,7.120368520689996,6.875112340133087,5.942582895212028,5.851904545247269,5.62611773750373,4.3332982033460805,4.397205426476931,4.034360591107585,0.5327999041552846,0.02711825508635907,0.3749929630971548,0.05602336180840379,0.5452643863628079,0.05833872753517446,0.6739875356033831,0.06347047447058604
739,0.8624724724724724,8.097629704199088,7.8724732417527825,7.814585330323567,7.192846830422621,7.121871174732513,6.875943009928008,5.9412554112946365,5.850932143274276,5.624563478327389,4.329331857347508,4.393738275154318,4.030209835720673,0.5337209182630195,0.027163687677677763,0.3755239084808064,0.056077155393149905,0.546329426821115,0.05841409518040583,0.675106583301105,0.06355406271589732
740,0.8629629629629629,8.10004372916489,7.87490068333913,7.816875554664317,7.193991829284043,7.1233535742875285,6.876747236590761,5.939886967606923,5.849923029164696,5.622970240021689,4.325327044829486,4.390232308953422,4.026017715241902,0.5346460551399496,0.02720897783989874,0.37605954786933066,0.05613153294252516,0.5474010370451635,0.05848981594858522,0.676225919870283,0.06363796022350739
741,0.8634534534534535,8.102445538463163,7.877316270696914,7.819150747658556,7.195112062838672,7.124815546624218,6.877524864101083,5.938477383425397,5.848877036182233,5.621337921357096,4.321283783489971,4.386687531024972,4.021784375799012,0.5355752952725436,0.027254116857710464,0.3765999196830244,0.05618649735313972,0.548479206280962,0.058565882555791385,0.6773454561841711,0.06372214614022795
742,0.8639439439439439,8.10483506299526,7.879719941605488,7.8214107728539295,7.1962073319833655,7.126256918013935,6.878275731631127,5.937026480571319,5.847793998499452,5.619666409811561,4.317202199849848,4.383103945377288,4.017509927425168,0.5365086154675437,0.027299096292024743,0.37714506241311624,0.05624205177692586,0.5495639233625943,0.05864228917222331,0.6784650913285702,0.06380660900475728
743,0.8644344344344344,8.107212230334392,7.882111632561772,7.8236554989207825,7.197277436387631,7.127677511451731,6.878999680833144,5.93553408346239,5.846673750935243,5.617955607261812,4.31308237082405,4.379481558707283,4.013194476790254,0.5374459944529131,0.027343907896601845,0.37769501491791163,0.056298198322651656,0.5506551742773309,0.058719028360531805,0.6795847342220238,0.06389133487617817
744,0.8649249249249249,8.109576966476883,7.88449127949229,7.8258847887352285,7.198322173540043,7.129077146527969,6.879696550443676,5.934000018945693,5.845516129847552,5.616205410289027,4.30892435524446,4.375820388832029,4.008838187828163,0.5383874083233117,0.027388542540777237,0.37824981613675823,0.05635493938927211,0.5517529439738672,0.05879609347791337,0.680704286309124,0.06397630431214278
745,0.8654154154154154,8.111929192848512,7.886858817089041,7.828098501596199,7.199341333513587,7.130455642862513,6.8803661786404575,5.93242411364216,5.844320972577117,5.614415712794826,4.304728278180286,4.372120452169062,4.004441194385673,0.5393328311695536,0.027432991338484078,0.37880950480092446,0.05641227675142369,0.5528572165291281,0.058873477725203724,0.6818236437254167,0.0640615038245225
746,0.8659059059059059,8.114268830139089,7.889214179405455,7.830296500434927,7.200334709564194,7.131812814779407,6.8810084024005915,5.930806199555536,5.84308811733438,5.612586407855125,4.300494188029582,4.368381767579601,4.000003645927263,0.5402822395993675,0.027477245482907846,0.37937412044820296,0.05647021209960735,0.5539679747547477,0.058951174995893835,0.682942711876692,0.06414691590070856
747,0.8663963963963963,8.116595796664459,7.891557299092677,7.832478646919147,7.201302090109944,7.133148475348686,6.8816230587611935,5.929146108369253,5.841817403335737,5.610717393437686,4.2962222126627685,4.364604359871973,3.995525673037378,0.5412356069437751,0.027521296129666677,0.37994370276000716,0.056528746643401295,0.555085199781737,0.059029178354961596,0.6840613873435941,0.06423252809012017
748,0.8668868868868869,8.11891000553485,7.893888108363832,7.834644799333935,7.2022432605242654,7.134462436189252,6.882209982241827,5.927443675673069,5.840508671269844,5.60880857070297,4.291912441667797,4.360788264242404,3.991007449063301,0.5421929052704599,0.02756513388645886,0.3805182911263453,0.056587881346332324,0.5562088704850018,0.059107480900816925,0.6851795657951854,0.06431832254265146
749,0.8673773773773774,8.121211370939529,7.896206538030041,7.836794817150985,7.20315800431809,7.135754505596665,6.882769007840549,5.925698737332793,5.839161762904243,5.606859827321322,4.287564959384102,4.356933516472051,3.9864491527406156,0.543154106760668,0.027608749265328365,0.3810979257437093,0.0566476169629509,0.5573389668147368,0.05918607683746747,0.6862971410388681,0.06440428190566355
750,0.8678678678678678,8.123499801594045,7.898512518167865,7.838928554780147,7.204046100591111,7.1370244886628615,6.883299970350604,5.923911134403793,5.837776521475111,5.604871061610031,4.283179858850679,4.353040151933965,3.981850939106162,0.5441191834116016,0.027652133234560148,0.3816826463090889,0.056707953690193276,0.5584754650839475,0.059264959379523,0.6874140116176528,0.06449039112801738
751,0.8683583583583583,8.125775204309333,7.900805977717442,7.841045871175134,7.204907327971213,7.138272189677213,6.883802702717745,5.9220807093280445,5.836352791151997,5.6028421760510865,4.278757250752904,4.349108220433539,3.977212974935271,0.5450881052437034,0.027695276438009276,0.3822724931889654,0.056768891445572386,0.5596183402149503,0.05934412161196889,0.6885300706701125,0.0645766353002946
752,0.8688488488488488,8.128037486772694,7.903086844556764,7.84314662528244,7.205741458676315,7.1394974087467125,6.88427703772383,5.920207306183289,5.834890417580643,5.600773058456866,4.274297238069974,4.345137760116732,3.972535448517471,0.5460608421873245,0.027738169118191075,0.3828675082790059,0.05683042969573528,0.5607675672460773,0.05942355767053379,0.6896452093506394,0.06466299748006418
753,0.8693393393393394,8.130286545432565,7.905355045931841,7.845230671244033,7.206548269635959,7.140699946936095,6.884722808464261,5.918290773239435,5.833389248344919,5.598663611427935,4.269799928174912,4.341128835903023,3.9678185441974643,0.5470373620501396,0.027780801776592767,0.38346773019475605,0.056892567532634775,0.561923119053515,0.05950326094374588,0.6907593179010227,0.06474946222547898
754,0.8698298298298298,8.132522285673831,7.907610507373048,7.8472978646653955,7.207327528620958,7.1418795993873605,6.885139846050001,5.9163309617021405,5.831849131525727,5.596513732170148,4.265265415431245,4.337081501770702,3.9630624728299395,0.548017632687178,0.027823164367126178,0.38407320127948835,0.05695530421798224,0.5630849663269265,0.05958322496893814,0.6918722859085362,0.06483601060422628
755,0.8703203203203203,8.134744601924549,7.90985315404917,7.849348063353954,7.208078999451091,7.143036160832099,6.8855279818630075,5.91432772332851,5.830269917273836,5.594323316881706,4.260693819669539,4.332995817706031,3.9582674043686628,0.5490016218843318,0.027865247428768974,0.3846839631488842,0.05701863755154919,0.5642530789302193,0.05966344318670036,0.6929840045585953,0.06492262970123641
756,0.8708108108108108,8.136953390632161,7.912082909844669,7.851381121471414,7.208802450043073,7.144169424364377,6.885887047091014,5.91228091506557,5.828651457327884,5.59209226355875,4.256085257804486,4.328871857566025,3.9534335629115676,0.5499892943825148,0.027907040733515603,0.3853000566693443,0.05708256607101349,0.5654274258137573,0.05974390953796296,0.6940943568540283,0.06500930177855865
757,0.8713013013013013,8.139148542868552,7.914299697169244,7.853396895749587,7.209497640598117,7.145279179868536,6.8862168720806105,5.910190398801402,5.826993604699941,5.589820475312948,4.251439843635633,4.324709688192532,3.9485611377543575,0.5509806163537946,0.02794853462523474,0.3859215237910016,0.05714708714000394,0.5666079725843592,0.059824617318678996,0.6952032339425015,0.06509601216181696
758,0.8717917917917918,8.141329949773883,7.916503437778962,7.855395242804087,7.210164332596452,7.146365215557855,6.886517290033164,5.908056033180913,5.825296214157071,5.587507842814049,4.246757707472087,4.320509396012836,3.9436503792219573,0.5519755499590303,0.027989718281485006,0.3865484060059108,0.057212197905105705,0.5677946872219504,0.05990556061403156,0.6963105108949231,0.06518274246925274
759,0.8722822822822822,8.14349750020299,7.918694052490976,7.857376018405507,7.210802279902804,7.147427317593414,6.886788129201783,5.90587768584055,5.823559142574761,5.585154277241436,4.242038935860192,4.316271054662867,3.9387014834815273,0.5529740613213275,0.028030582076924764,0.38718074633292,0.05727789531820082,0.5689875310146201,0.05998673213394512,0.6974160833853448,0.06526947648462983
760,0.8727727727727728,8.14565107884265,7.920871460314669,7.859339082086695,7.211411240241094,7.148465270641217,6.887029221641422,5.903655226151132,5.821782247960884,5.5827596755062965,4.237283665340144,4.3119947519657025,3.9337146977347,0.5539761117182274,0.028071115326719548,0.3878185865778136,0.05734417559441339,0.5701864677936004,0.06006812597191249,0.6985198287581438,0.06535619669570156
761,0.8732632632632633,8.147790569621653,7.923035579974606,7.861284287637818,7.21199096244219,7.149478857406596,6.887240396039823,5.901388525425337,5.819965390505509,5.5803239388983465,4.232492060681766,4.3076805864558505,3.928690230881342,0.5549816617758604,0.02811130789242792,0.38846196962276713,0.05741103493559918,0.5713914581005562,0.06014973567907306,0.6996216254960255,0.0654428913605495
762,0.8737537537537537,8.149915855694497,7.925186328406081,7.863211494001206,7.21254119820151,7.15046785808551,6.887421486153042,5.899077460498818,5.818108432054747,5.577846972708177,4.227664246852588,4.303328649205906,3.923628319956299,0.5559906729802175,0.02815114938142332,0.38911093793956514,0.05747846879106625,0.5726024616438283,0.060231554450722036,0.7007213564693894,0.06552954368107312
763,0.8742442442442442,8.152026813842937,7.927323621637673,7.865120560445485,7.213061696643763,7.151432051327181,6.887572322046424,5.896721909764891,5.816211237098467,5.57532868734399,4.222800318392957,4.298939049881059,3.918529245297778,0.5570031049007059,0.02819062875771229,0.38976553412376463,0.05754647220326869,0.5738194356523428,0.06031357532465059,0.7018189013421317,0.06561613206649089
764,0.8747347347347347,8.154123323121558,7.929447374368019,7.867011346990988,7.213552200528791,7.152371214387661,6.887692735433803,5.894321757657363,5.8142736709863305,5.572768980499811,4.217900461874589,4.294511889050477,3.9133932240151355,0.5580189163202046,0.02822973574945248,0.39042580190068776,0.057615039767375045,0.5750423373122253,0.06039579239089331,0.7029141360836937,0.06570264607482712
765,0.8752252252252253,8.15620525956595,7.931557500334502,7.868883712493407,7.214012455060049,7.153285123424198,6.887782558863088,5.891876889131716,5.812295601311487,5.57016776466434,4.2129648004259606,4.290047284155566,3.9082205405191353,0.559038064675181,0.02826845922585702,0.3910917839354324,0.05768416596812095,0.576271121582981,0.06047819844187931,0.7040069362045297,0.06578906556769977
766,0.8757157157157157,8.158272497221997,7.933653911633968,7.870737519460964,7.214442200953473,7.154173552301972,6.887841624625576,5.8893871965101265,5.810276898935911,5.567524949837034,4.207993504728267,4.285545351535976,3.9030114091275836,0.5600605082100405,0.02830678913948083,0.3917635239149162,0.05775384457423824,0.5775057412262257,0.06056078676864415,0.7050971818169179,0.06587538048435836
767,0.8762062062062062,8.160324905192907,7.9357365195854515,7.872572629187812,7.214841177848969,7.15503627297405,6.887869766413432,5.886852572749657,5.808217435784034,5.564840449431766,4.202986709508526,4.281006212154839,3.8977661591307093,0.5610862011385321,0.028344713568091776,0.39244106475195956,0.05782406872436597,0.5787461480337909,0.06064355012394661,0.7061847416647599,0.06596156697007809
768,0.8766966966966967,8.162362357181602,7.9378052337132825,7.874388903356806,7.215209125925826,7.155873057686315,6.887866818301923,5.884272916235807,5.806117086139776,5.562114174974004,4.197944595103204,4.276430000843819,3.892484984152328,0.5621151010541163,0.02838222295180128,0.393124449645786,0.057894832046464846,0.5799922931193982,0.060726481898774276,0.7072694963754045,0.06604761923281229
769,0.8771871871871871,8.1643847191003,7.939859962956089,7.876186205477224,7.2155457799122935,7.156683675933782,6.887832615962998,5.8816481308565,5.803975727147567,5.559346042219055,4.1928673210589755,4.271816843673516,3.8871682384875883,0.5631471592933823,0.028419304950740795,0.39381372180361723,0.05796612671574792,0.5812441248175746,0.06080957490749301,0.7083513094175574,0.0661335125402313
770,0.8776776776776776,8.166391859558328,7.94190061372027,7.877964402013173,7.215850872884337,7.157467895969653,6.887766995337163,5.878978121641968,5.801793237633681,5.5565359751292105,4.187755059261862,4.267166889669064,3.8818161489108363,0.5641823311360696,0.028455949427546742,0.3945089252643841,0.05803794487952529,0.5825015894858397,0.06089282110721265,0.7094300592080615,0.06621923759714027
771,0.8781681681681681,8.168383642811198,7.943927092231408,7.879723359993493,7.216124143810022,7.158225486491453,6.8876697938559035,5.876262801890942,5.799569499636678,5.553683893011888,4.182607997505679,4.262480272621418,3.876429039219507,0.5652205674610918,0.0284921447154109,0.3952101023591835,0.058110278545125016,0.5837646336266946,0.06097621382429907,0.7105056110088631,0.0663047749530535
772,0.8786586586586587,8.17035993213041,7.945939302553781,7.88146294406162,7.2163653192310875,7.1589562135953715,6.887540849475818,5.87350208433137,5.797304396845174,5.550789713356808,4.177426299060457,4.257757146796245,3.871007149586507,0.5662618225155265,0.028527880615565528,0.3959172967179178,0.058183118847989705,0.5850332017500784,0.06105974559229607,0.7115778426670656,0.06639011508184976
773,0.8791491491491491,8.172320590161963,7.947937148108842,7.883183024061668,7.216574135674653,7.159659841927396,6.887380003199159,5.87069588898884,5.7949978160887055,5.5478533758238,4.172210195029911,4.252997670998516,3.8655508085481602,0.5673060434321281,0.028563145240974846,0.39663055086325816,0.05825645689096884,0.5863072353218404,0.061143407661415836,0.7126466134813819,0.0664752400794677
774,0.8796396396396395,8.174265477625612,7.949920529614487,7.884883466494242,7.216750317541066,7.160336137113058,6.887187094650262,5.867844140768025,5.792649646857725,5.544874803340022,4.1669598749926005,4.24820200389143,3.8600603080463176,0.5683531803479821,0.028597927590573235,0.3973499079768217,0.05833028325973097,0.5875866753254029,0.061227192694087385,0.713711792749248,0.0665601364048662
775,0.8801301301301301,8.176194453529083,7.9518893474083505,7.886564146720452,7.216893599994957,7.160984863963073,6.886961969366498,5.864946769486456,5.790259781240997,5.541853926744693,4.161675488520271,4.2433703114547034,3.8545359479305064,0.5694031847767679,0.028632216834078548,0.39807540992369156,0.05840458793223428,0.588871462807781,0.06131109305419435,0.7147732555884936,0.06664478841858783
776,0.8806206206206206,8.178107378206988,7.953843499323635,7.888224930488579,7.217003711388278,7.161605784364749,6.886704470372156,5.862003706361742,5.78782811413299,5.538790693008778,4.1563573248373755,4.238502760145954,3.8489780370278797,0.5704560008161162,0.02866600144359609,0.3988070987801337,0.05847936140304013,0.5901615340985816,0.061395099395576275,0.7158308584754784,0.06672918317792027
777,0.8811111111111111,8.18000410512622,7.955782883068269,7.889865693214199,7.217080377832156,7.162198662744757,6.88641444551144,5.8590148909947235,5.78535454310359,5.5356850329784715,4.1510055632950005,4.2335995405144535,3.8433868722211018,0.5715115770714329,0.028699270628281474,0.39954501626858685,0.05855459237053998,0.5914568270017797,0.061479204032323535,0.7168844713004829,0.0668133089477599
778,0.8816016016016015,8.181884491837273,7.957707393044437,7.891486306943476,7.217123329327775,7.162763260423617,6.886091741649633,5.855980265831147,5.782838969200762,5.532536904412958,4.145620466176235,4.22866082650867,3.8377627529267584,0.5725698585608364,0.028732013363341004,0.4002892037645551,0.0586302704969769,0.592757274481719,0.06156339717126944,0.7179339587959408,0.06689715324482969
779,0.882092092092092,8.183748392373918,7.959616922818902,7.893086647759198,7.217132295221996,7.163299339455325,6.885736210095079,5.852899778461381,5.780281295933408,5.529346249915,4.140202240210948,4.223686800398326,3.8321060034873073,0.5736307914322595,0.028764218515215118,0.40103970194320804,0.05870638441275337,0.5940628112505001,0.06164767042751354,0.7189791878303238,0.06698070122891715
780,0.8825825825825826,8.185595660565914,7.961511364144889,7.89466658784181,7.217107002430963,7.163806661897176,6.88534770423142,5.84977338506856,5.777681430098176,5.526113025963572,4.134751164387588,4.218677671369509,3.826416966457125,0.5746943161005268,0.028795874480821496,0.40179655067369835,0.05878292266116553,0.5953733682405814,0.06173201434425121,0.7200200120072825,0.06706393995209241
781,0.883073073073073,8.187426148241462,7.96339060694607,7.896226006082707,7.217047180071635,7.16428498944761,6.884926078625222,5.846601039932988,5.775039281896231,5.522837195012182,4.129267469915833,4.213633628830849,3.820695925124656,0.5757603785489087,0.028826970930800687,0.40255978980418117,0.05885987325765178,0.5966888757400238,0.06181641884184256,0.7210563043721491,0.06714685920790983
782,0.8835635635635635,8.189239707114037,7.9652545396249,7.897764776539346,7.216952559084949,7.164734083698267,6.884471190935201,5.843382708784681,5.772354764469265,5.519518712689262,4.123751432883722,4.208554884713944,3.8149432361554347,0.5768289183258688,0.028857496338070613,0.40332945754997857,0.05893722436505821,0.5980092636379416,0.06190087513507536,0.7220879186856621,0.06722944537390615
783,0.884054054054054,8.191036185899124,7.967103047853319,7.899282775627919,7.216822869113963,7.165153706741941,6.883982900875346,5.84011836079652,5.769627794436493,5.516157553902255,4.11820332159489,4.203441643333564,3.8091591466124908,0.577899879901311,0.028887441241739188,0.40410559145639524,0.05901496352664311,0.5993344582128889,0.06198537258619204,0.7231147305974561,0.0673116945221191
784,0.8845445445445446,8.192815435367558,7.968936016431412,7.900779883310105,7.216657842918296,7.165543620275971,6.883461072310453,5.836807968553841,5.766858291930265,5.512753694318628,4.112623420412807,4.1982941256297,3.8033440663778717,0.5789731994481025,0.02891679330488332,0.4048882287585146,0.05909307803742005,0.6006643856256269,0.062069900546470574,0.7241365885676578,0.06739358689863312
785,0.885035035035035,8.194577304201083,7.97075332725954,7.902255977798524,7.21645720912752,7.165903586246986,6.882905569238288,5.833451511101941,5.764046180345818,5.509307117325807,4.107012026450894,4.1931125553781285,3.7974982840481584,0.5800488171302043,0.028945542432639856,0.4056774062585605,0.0591715549266385,0.6019989689692629,0.0621544478411258,0.7251533588831032,0.06747511643569591
786,0.8855255255255254,8.196321637117627,7.972554860943841,7.90371093344641,7.216220704119543,7.166233368115235,6.882316261890298,5.830048976984587,5.761191386403277,5.5058178008253,4.101369430856891,4.18789715449504,3.791622096494572,0.5811266728141984,0.028973678807775672,0.40647315719565225,0.059250381072696603,0.6033381325179241,0.06223900444424156,0.7261649088277772,0.06755627693720856
787,0.886016016016016,8.198048283258526,7.974340495460348,7.905144630955065,7.215948065303003,7.166532727943486,6.881693020283568,5.8266003543682885,5.758293840974852,5.502285746919481,4.095695961831067,4.182648169538605,3.785715874218715,0.5822067004297548,0.02900119109211534,0.4072755160716164,0.05932954347713254,0.6046817964117167,0.06232355806780659,0.727171090145277,0.06763705514571909
788,0.8865065065065065,8.199757088048386,7.9761101069356055,7.906556949601297,7.215639029111961,7.166801430512079,6.881035720507468,5.823105639408151,5.755353478378549,5.4987109436664445,4.089991925102754,4.17736582327989,3.7797799319165377,0.58328883818643,0.029028069310250204,0.40808451524489386,0.05940902834160291,0.6060298822999444,0.062408097804058815,0.7281717689766135,0.06771744315460844
789,0.886996996996997,8.201447894357662,7.977863568913185,7.9079477651654955,7.215293332777045,7.167039240189324,6.880344238600841,5.81956483545748,5.752370236617511,5.495093403734952,4.084257692619678,4.172050378180647,3.773814585843549,0.5843730187425342,0.029054303352697437,0.4089001857757382,0.05948882198723243,0.6073823067419812,0.06249261093378986,0.7291668010434007,0.0677974364268998
790,0.8874874874874874,8.203120545480083,7.979600753083715,7.909316955834185,7.214910722720348,7.167245922525659,6.8796184575332395,5.8159779503363005,5.749344057427708,5.491433142205861,4.078493556246123,4.166702066850508,3.767820153523041,0.5854591796150527,0.029079883718425733,0.40972255636070787,0.059568910595583155,0.6087389872660618,0.06257708478577108,0.7301560593347186,0.06787702539566179
791,0.887977977977978,8.204774885171277,7.981321528134847,7.9106643990895265,7.214490939342699,7.1674212441561735,6.878858261430474,5.812344997518495,5.74627488693031,5.487730172107969,4.072699870492131,4.161321162455932,3.7617969882464055,0.5865472519742531,0.029104800090829833,0.4105516557737972,0.05964928004013069,0.6100998396969228,0.06266150688810121,0.7311393978778161,0.06795620238474206
792,0.8884684684684685,8.206410756100679,7.9830257611925886,7.9119899697703175,7.214033732644063,7.167564972025569,6.878063538449648,5.808665997641225,5.743162674839622,5.483984515355614,4.066877064824819,4.155907913725777,3.7557453846861693,0.5876371670298174,0.029129043230305806,0.41138751000499274,0.059729916534587174,0.611464779033864,0.06274586464355258,0.7321166747159129,0.06803496654878462
793,0.8889589589589589,8.208027998472405,7.984713315969398,7.913293543882738,7.21353885588163,7.167676876081227,6.877234180362835,5.804940976967679,5.740007374272822,5.480196216388095,4.061025428395951,4.150462595930519,3.7496657117150813,0.5887288571916306,0.029152603389121564,0.41223014293268984,0.059810806041956044,0.6128337171378309,0.06283014363306907,0.7330877581889711,0.06811330445847048
794,0.8894494494494494,8.20962645015027,7.98638405428599,7.914574995085034,7.213006058818092,7.16775672539872,6.8763700831215395,5.801169965322939,5.736808943763277,5.476365306274905,4.055145397505194,4.144985490379302,3.743558234439359,0.5898222524983996,0.02917547216974935,0.4130795775097869,0.05989193379023446,0.6142065664784827,0.0629143303985485,0.7340525088469017,0.06819122106443341
795,0.8899399399399399,8.211205952284551,7.988037835179032,7.915834194178728,7.212435101352866,7.1678042926191825,6.875471146641797,5.797353003470162,5.733567345115018,5.4724918370097235,4.049237359650698,4.139476850297123,3.737423298008913,0.5909172824965856,0.029197640409073498,0.4139358337908282,0.059973285963766006,0.6155832369970005,0.06299841057789198,0.7350107918684564,0.0682687075648424
796,0.8904304304304305,8.21276634177691,7.989674514451188,7.91707101545657,7.21182574621372,7.1678193496370355,6.874537272353388,5.7934901338840685,5.730282544190093,5.468575864290241,4.043301660693036,4.133936976771377,3.7312612151043996,0.592013877613991,0.029219099796048524,0.4147989307320587,0.0600548482144157,0.6169636377836083,0.06308236961989477,0.7359624776031003,0.0683457607432209
797,0.8909209209209209,8.214307454813355,7.991293945301124,7.918285325677556,7.211177756829921,7.167801673100582,6.873568370910447,5.789581407082711,5.7269545116806135,5.4646174457007675,4.037338730591984,4.12836615342342,3.72507233173495,0.5931119634646203,0.0292398414538202,0.4156688835934239,0.06013660592021837,0.6183476779169068,0.06316619267941229,0.7369074240661009,0.06842237566936314
798,0.8914114114114113,8.215829127301882,7.992895978795322,7.919476989397117,7.210490907242557,7.167751037979054,6.872564351841029,5.785626880129712,5.723583221999909,5.460616662067705,4.031349068333704,4.122764686265108,3.7188569223280594,0.5942114642285927,0.029259857772766032,0.416545705836827,0.06021854538602897,0.6197352627547223,0.06324986384423818,0.7378454912521858,0.06849855762749238
799,0.8919019019019019,8.217331193696575,7.994480462017254,7.920645876237963,7.20976496873632,7.167667224225174,6.8715251315589105,5.781626615635155,5.720168654496238,5.4565735792319225,4.025333029118411,4.1171328575101604,3.7126153327940923,0.5953123084407232,0.029279140690536817,0.4174294095514445,0.06030065183536298,0.6211262996261374,0.0633333684237731,0.7387765524161164,0.06857429915446157
800,0.8923923923923924,8.218813486554538,7.996047239715939,7.92179184336398,7.208999725755098,7.167550011490029,6.870450629490114,5.777580682312012,5.7167107918716535,5.452488298168106,4.0192910290513195,4.1114709752181895,3.7063478591989654,0.5964144218923764,0.0292976832276476,0.4183200021129019,0.06038291170218713,0.6225206917024877,0.06341668923677779,0.7397004819250358,0.06864959951343065
801,0.8928828828828829,8.220275835638677,7.997596153139325,7.922914751668338,7.208194958106842,7.167399183639818,6.869340770182071,5.77348915767632,5.713209622279215,5.448360899829793,4.013223565557344,4.105779354998104,3.700054772310695,0.597517727654155,0.029315478710204703,0.41921748984487983,0.06046531032559368,0.6239183436704588,0.06349981106913077,0.7406171441083579,0.06872446647552077
802,0.8933733733733733,8.221718074996652,7.99912703993432,7.924014456986841,7.207350456824665,7.167214524382722,6.868195482251544,5.769352119439984,5.709665138096805,5.444191492071369,4.007131045453169,4.100058301725491,3.693736439846032,0.5986221485631914,0.02933251944363038,0.42012187624667985,0.06054783412319237,0.6253191578737084,0.06358271643573851,0.7415264084656801,0.06879889097078258
803,0.8938638638638639,8.223140029207226,8.000639736103397,7.925090813771272,7.206466023055002,7.166995822499149,6.8670146982752,5.765169657433734,5.7060773357831795,5.439980189463916,4.001013971745314,4.094308136259983,3.6873931142550878,0.5997276069935914,0.02934879983534263,0.4210331602368371,0.060630469229530796,0.6267230361099938,0.06366538845708716,0.7424281482618091,0.06887288117892193
804,0.8943543543543544,8.22454152548459,8.002134071916691,7.926143665724042,7.205541453781484,7.166742866274644,6.865798355738892,5.7609418664318035,5.702446215929002,5.435727105559282,3.9948727266777038,4.088529186399366,3.6810251000155647,0.600834027288944,0.029364314172694996,0.421951338693022,0.060713202003164254,0.6281298790472328,0.06374780992352001,0.7433222468738142,0.06894643649560338
805,0.8948448448448448,8.225922391777429,8.00360987620469,7.927172866189228,7.204576557251525,7.166455449853327,6.864546396195857,5.756668845857272,5.6987717845841415,5.431432367782443,3.988707882052942,4.082721766332097,3.6746326517297434,0.6019413286652143,0.02937905706338964,0.42287640671906784,0.0607960188165585,0.6295395869492412,0.06382996319521218,0.744208572899325,0.06901956622662422
806,0.8953353353353353,8.22728244999322,8.005066973234568,7.928178247392128,7.203571146490107,7.166133367212135,6.8632587667312475,5.752350703541009,5.6950540509903,5.427096114074866,3.982519834150785,4.076886214217895,3.66821616338837,0.6030494293155408,0.029393021959828652,0.4238083533581412,0.060878906651261055,0.6309520583464472,0.06391182986659351,0.7450869998983984,0.06909225992092059
807,0.8958258258258258,8.228621519863896,8.006505184202755,7.929159649808966,7.202525046551806,7.165776416109561,6.861935419300028,5.747987552742641,5.6912930302944815,5.422718478959284,3.976309087987571,4.071022860802252,3.661775849399193,0.60415825114717,0.029406205357777913,0.424747165094499,0.06096185222988056,0.6323671936172952,0.06399339271104836,0.7459574139063411,0.0691645306328679
808,0.8963163163163164,8.229939422532478,8.007924325887581,7.930116903425833,7.201438079406029,7.165384398606147,6.860576305161909,5.7435795091393445,5.687488741422535,5.41829961492038,3.9700761076770767,4.065132039361115,3.655311962140345,0.605267715156445,0.029418603530292946,0.4256928263829728,0.061044843238945774,0.6337848897184634,0.06407463301295917,0.7468197045138929,0.06923638466140786
809,0.8968068068068068,8.231235973892192,8.009324212091446,7.931049838368099,7.2003100808916605,7.164957116824397,6.8591813873129555,5.739126699313611,5.683641206914378,5.413839675425844,3.9638213660033244,4.059214094903789,3.648824802271577,0.6063777391527166,0.02943021230124421,0.42664531679196827,0.061127866534329216,0.6352050450782228,0.06415553229236064,0.7476737536127904,0.06930782479268284
810,0.8972972972972972,8.232510988649384,8.010704652365384,7.931958273176703,7.199140888416997,7.164494378177752,6.857750630693555,5.734629253335832,5.67975045538678,5.409338825962848,3.9575453797834634,4.0532693703800105,3.6423146705038008,0.6074882381959372,0.029441027725431848,0.42760461215099826,0.06121090982127372,0.636627556274814,0.06423607135171135,0.7485194401357074,0.06937885436385606
811,0.8977877877877878,8.233764280689808,8.012065452781195,7.9328420277379905,7.1979303574865945,7.163995993404741,6.856284002074887,5.730087309731851,5.675816518248775,5.404797240705685,3.95124862234096,4.04729821500133,3.635781828651675,0.6085991305719752,0.029451047219092905,0.4285706844957887,0.061293961815482384,0.6380523203667057,0.0643162317340114,0.7493566569218544,0.06944947974465124
812,0.8982782782782783,8.234995657932396,8.01340641481897,7.933700908740912,7.196678335704402,7.163461774975136,6.854781475504084,5.725501009308066,5.671839432078211,5.400215091657941,3.9449315305373003,4.04130096104099,3.629226462508141,0.6097103390953214,0.02946026997651492,0.4295435022628469,0.06137701039865439,0.6394792338083969,0.06439599423202565,0.7501853163103619,0.06951971357866189
813,0.8987687687687688,8.23620492670846,8.014727336569567,7.934534726983449,7.1953846892281454,7.162891539476155,6.853243029768058,5.720870501556217,5.6678192377131,5.395592568318663,3.938594659506677,4.035277967893897,3.622648939995779,0.6108217722747278,0.029468691911586,0.4305230297949018,0.0614600439479196,0.640908192615755,0.06447533933475136,0.7510052876331842,0.0695895535277029
814,0.8992592592592592,8.23739189344226,8.016028011301426,7.935343272845799,7.194049286625161,7.162285107611641,6.851668646511459,5.716195940165387,5.66375597971034,5.390929847639684,3.932238376900113,4.029229581892741,3.616049489005166,0.6119333525207902,0.02947631280662011,0.43150922643577516,0.06154305228465506,0.6423390948335195,0.06455424905567317,0.7518164888554993,0.06965900685429954
815,0.8997497497497497,8.2385563555763,8.017308229000571,7.936126348255326,7.192672006600917,7.161642302458461,6.850058310806048,5.7114774829298955,5.6596497075152685,5.386227135158544,3.925863263418414,4.023156150516206,3.6094282983351147,0.6130449942950074,0.029483132375396112,0.43250204911819035,0.061626024094842,0.6437718353735586,0.06463270330549943,0.7526188180337559,0.06972809000585782
816,0.9002402402402402,8.239698114113112,8.018567774533375,7.936883736074321,7.191252732070646,7.160962951900398,6.848412016333065,5.706715297086069,5.655500474068108,5.381484630134552,3.919469706756031,4.01705803450164,3.6027856783395076,0.6141566138492033,0.029489149639515683,0.43350144923749306,0.06170894924284738,0.6452063107354483,0.06471068275120201,0.7534121826125867,0.06979680191455996
817,0.9007307307307306,8.240816963218538,8.01980642931436,7.937615211403069,7.189791358493728,7.160246886993834,6.846729756713777,5.701909549045958,5.651308336578527,5.376702531984741,3.9130582388218804,4.0109355806158415,3.5961218186805395,0.6152681264109261,0.02949436560618512,0.43450737330939404,0.06179181848398605,0.6466424191637413,0.06478816893719773,0.754196489175371,0.06986515847061019
818,0.9012212212212212,8.241912692452878,8.021023969477037,7.938320554900944,7.188287786494837,7.159493941977245,6.845011531181679,5.697060416125322,5.647073355546537,5.371881050917061,3.90662922912482,4.004789145326115,3.5894369954990895,0.6163794497361124,0.029498780719129473,0.43551976520227825,0.061874621734065514,0.6480800573069083,0.06486514288197065,0.7549716575088852,0.0699331611944871
819,0.9017117117117117,8.242985090059072,8.022220167768081,7.938999531205777,7.186741923049586,7.158703954996219,6.843257344020988,5.692168076089133,5.642795595514587,5.367020409411835,3.900183183375334,3.9986190758610283,3.58273142659511,0.6174904976793101,0.029502396349421037,0.4365385635680009,0.06195734989744668,0.6495191216027503,0.06494158448724968,0.7557375998926992,0.07000082079540806
820,0.9022022022022022,8.244033938833997,8.023394791812292,7.939651897003981,7.185153681985737,7.157876769913643,6.841467202442032,5.687232714548252,5.638475125929218,5.362120809705106,3.8937205195517044,3.992425723559894,3.576005382822208,0.6186011849511373,0.02950521387475363,0.4375637021342537,0.06203999437068814,0.6509595118171912,0.0650174765103855,0.7564942319466151,0.07006814198741272
821,0.9026926926926926,8.245059018518601,8.024547605854549,7.9402774092652155,7.183522993666642,7.157012232325358,6.839641117339526,5.682254519386083,5.634112018334838,5.357182477471918,3.887241596992432,3.9862094269017776,3.5692589882878485,0.6197114353885367,0.02950723785834832,0.4385951105600356,0.062122547000665544,0.6524011268683427,0.06509280019805178,0.7572415049106298,0.07013514074792486
822,0.9031831831831831,8.246060106170104,8.025678367542469,7.9408758100034555,7.181849785175246,7.156110194537791,6.837779105747291,5.6772336812487385,5.629706347662935,5.35220563706013,3.8807469150092913,3.979970544466059,3.562492562347018,0.6208211564131817,0.02950846925303359,0.43963271361043144,0.0622049999149914,0.6538438663614686,0.06516753654802743,0.7579793192848827,0.0702018181148985
823,0.9036736736736737,8.247036973312943,8.026786832460543,7.941446840569607,7.180134002395539,7.155170509775164,6.835881184128569,5.672170400968842,5.6252581922527165,5.347190509712568,3.8742367733474707,3.9737094040613488,3.555706297013554,0.6219302707471955,0.029508912626420646,0.4406764320829224,0.06228734607260876,0.6552876311553614,0.06524166868532516,0.758707628867248,0.07026818114598278
824,0.9041641641641641,8.247989384555561,8.027872749869246,7.94199023285804,7.178375584773283,7.154193038335618,6.8339473780836295,5.667064876713386,5.620767633730845,5.342137317722015,3.8677116046064763,3.967426352767834,3.5489003866414515,0.6230386935359011,0.02950857220017,0.44172618207458186,0.062369577461578285,0.6567323232815434,0.0653151784346896,0.7594263653363639,0.07033424232626859
825,0.9046546546546546,8.248917103048118,8.028935866128071,7.9425057080789605,7.176574493992059,7.15317764336077,6.831977711512981,5.6619173115738315,5.616234757270948,5.337046285054394,3.861171766535075,3.9611217215973795,3.5420750594406925,0.6241463419411349,0.029507452582554675,0.4427818741198995,0.06245168836954313,0.6581778466877845,0.06538804938230595,0.7601354701001711,0.07040000696666736
826,0.9051451451451451,8.249819888961033,8.029975921390022,7.9429929866218805,7.174730686919726,7.152124192719134,6.829972215437649,5.656727914533362,5.61165964956597,5.331917637664182,3.8546175470154598,3.954795838592017,3.5352305208036996,0.6252531368100592,0.02950555926463446,0.4438434162867738,0.06253367210230594,0.6596241049790638,0.0654602643690592,0.7608348997746724,0.07046548056461828
827,0.9056356356356356,8.25069749429009,8.030992652484938,7.94345177233803,7.172844138400074,7.1510325584917,6.827930922074869,5.651496893769138,5.607042400960792,5.32675159509062,3.8480493201885353,3.948449026835485,3.5283669426064135,0.6263589960872129,0.029502898652233114,0.4449107091991935,0.0626155235418708,0.6610710056623449,0.06553180793743188,0.7615246035417231,0.07053067538244447
828,0.9061261261261261,8.251549667613757,8.031985791386665,7.943881779837644,7.170914823464279,7.149902617226631,6.825853867807477,5.646224461742639,5.602383102919776,5.321548388977074,3.8414673520469487,3.9420815895900514,3.5214845723072,0.6274638399744703,0.029499476289142144,0.445983652564141,0.0626972363819944,0.6625184549869073,0.06560266339182222,0.7622045407015503,0.07059558949886338
829,0.9066166166166165,8.252376152601352,8.032955065659326,7.944282701494142,7.168942724027995,7.148734251621772,6.823741091196009,5.640910836396396,5.59768185058664,5.316308221396365,3.83487190232899,3.9356938688246044,3.5145836071233134,0.6285675885915009,0.029495299397925775,0.4470621393183016,0.0627788058873434,0.6639663643588434,0.0656728176837141,0.7628746701749102,0.07066023238777039
830,0.9071071071071071,8.253176687962196,8.033900198591617,7.944654221493822,7.166927838924843,7.147527346398708,6.8215926338990975,5.635556232475877,5.592938739437025,5.3110313231502175,3.828263274289992,3.9292861355599458,3.507664243333744,0.6296701624780282,0.029490375396398014,0.44814605668560076,0.06286022825934356,0.6654146446306696,0.06574225541947079,0.7635349587336006,0.07072460680573545
831,0.9075975975975976,8.253951006702186,8.034820908652039,7.944996032275708,7.164870158947523,7.146281793694116,6.819408540406751,5.630160869993752,5.588153868501161,5.305717899440741,3.8216416358268597,3.922858691574846,3.500726614351459,0.6307714896229422,0.029484713487676943,0.4492352912419334,0.06294149827376064,0.666863209403028,0.06581096356885136,0.7641853949638362,0.07078872311037245
832,0.908088088088088,8.254698838147657,8.035716910531484,7.945307806923846,7.162769687726553,7.144997486922897,6.817188858987135,5.624724966779553,5.583327336748707,5.3003681524597095,3.8150071726593744,3.9164118234944367,3.4937709824797136,0.6318714914722428,0.029478321050617602,0.45032972309128716,0.06302261212220979,0.6683119756276118,0.06587892952282154,0.7648259476460394,0.07085257704330682
833,0.9085785785785785,8.255419901872717,8.036587914217488,7.94558921909279,7.1606264403669195,7.1436743275118735,6.814933636863706,5.619248746047684,5.57845924510308,5.2949823010408785,3.808360087375811,3.9099458138002765,3.486797484159688,0.632970093702209,0.02947120801690842,0.4514292276578723,0.06310356637548736,0.6697608594542717,0.06594614047604203,0.7654566054104622,0.07091617728294156
834,0.909069069069069,8.256113922048739,8.037433625909,7.945839935104921,7.158440432147975,7.142312220243416,6.81264292775821,5.613732429938942,5.573549695097791,5.289560512260152,3.8017005744711105,3.9034609020383026,3.479806329787392,0.634067221611305,0.029463383379291757,0.4525336779697956,0.06318435798311284,0.6712097860444062,0.0660125879145173,0.7660773460086793,0.07097952539007997
835,0.9095595595595596,8.25678060587927,8.038253747786065,7.9460596150159555,7.1562116826076565,7.1409110753014335,6.810316785133,5.608176239162851,5.56859879058352,5.284102999730813,3.7950286342384425,3.896957345861315,3.472797745919507,0.6351628057098176,0.029454856805984704,0.45364294174893627,0.0632649834279541,0.6726586750550871,0.0660782592325815,0.76668817721034,0.07104261206007732
836,0.91005005005005,8.25741966501986,8.039047977629188,7.946247915816607,7.153940224459515,7.139470806062318,6.807955261807204,5.602580395599082,5.563606633834879,5.278609938625805,3.788344428569916,3.89043540541927,3.4657718558614006,0.636256774524744,0.02944563960247211,0.45475688400465436,0.06334544086373753,0.6741074540433665,0.06614314638175955,0.7672890923533375,0.07110544825463803
837,0.9105405405405405,8.258030798300165,8.039816009600356,7.946404486421092,7.151626082990459,7.137991335005017,6.805558419437075,5.596945125660534,5.558573328703042,5.273081496921361,3.781647986067506,3.8838952936393136,3.4587287950432803,0.6373490629990805,0.02943574365184144,0.4558753646746272,0.06342572693474927,0.6755560522455623,0.06620724126615124,0.7678801089948909,0.07116803654782346
838,0.911031031031031,8.258613702551774,8.040557534180271,7.946528979637261,7.1492693062391215,7.136472584296315,6.803126314128237,5.591270645372591,5.553498979132752,5.267517836562383,3.774939353360717,3.8773372216928976,3.451668858270136,0.6384395988508593,0.029425178179435123,0.4569982409930993,0.06350583984747599,0.6770044037062423,0.06627053751181691,0.7684612169014422,0.07123036238716493
839,0.9115215215215215,8.259168071736354,8.041272238226904,7.946621037054506,7.146869927630144,7.1349144857066875,6.8006590076002436,5.585557179341887,5.5483836891083325,5.261919115746015,3.768218475084259,3.870761372789224,3.4445920625297766,0.6395283266765334,0.02941395794577371,0.4581253675429855,0.06358577735128873,0.6784524418519084,0.06633302850623353,0.7690324655762479,0.07129243711788495
840,0.912012012012012,8.259693590746497,8.0419598056089,7.946680298002042,7.144427991416787,7.13331697265008,6.798156560658991,5.579804943299301,5.543227561193014,5.256285486889729,3.761485366053793,3.8641679661777504,3.4374987534634047,0.6406151719643994,0.02940209180850701,0.45925659516111905,0.06366553741581446,0.6799001041096323,0.06639470828961656,0.7695938392407028,0.07135424093224997
841,0.9125025025025024,8.260189945192172,8.042619915751436,7.946706400875538,7.1419435556348905,7.13167998589178,6.795619037319686,5.574014156867563,5.5380306983295755,5.250617070575995,3.75473989042883,3.8575571288265866,3.4303889884857783,0.6417000838199743,0.029389594768483546,0.4603917704857381,0.06374511903522022,0.6813473354207682,0.06645557487381623,0.7701453950198192,0.07141577676649345
842,0.912992992992993,8.260656804693138,8.043252246383652,7.946698986054125,7.1394166667286845,7.13000347072785,6.793046502220449,5.5681850368099886,5.532793201798771,5.244913996150991,3.7479820159154604,3.8509290348081953,3.423263008568929,0.6427829959977226,0.02937647802978095,0.461530738813855,0.06382451916782454,0.682794079180556,0.06651562456962123,0.770687142271146,0.07147703332191813
843,0.9134834834834835,8.261093845508745,8.043856471548768,7.94665768277743,7.136847383741486,7.12828737811756,6.790439018658598,5.562317790731517,5.527515173025163,5.23917636056657,3.741211569315634,3.844283802743516,3.4161208958833957,0.6438638581653003,0.029362756568723267,0.4626733418078234,0.06390373734375025,0.6842402872284233,0.06657485730570023,0.7712191357719466,0.07153801031067362
844,0.913973973973974,8.261500734857647,8.044432262913755,7.946582126685076,7.134235766072012,7.1265316628169595,6.787796655836147,5.556412637762622,5.522196710770607,5.233404278093669,3.734428394577481,3.837621578688565,3.4089628262571843,0.6449426135354147,0.029348443693015584,0.4638194189478385,0.06398277145865572,0.685685909069459,0.06663327133411212,0.771741414077598,0.07159869872419655
845,0.9144644644644644,8.261877132625356,8.044979289446076,7.946471954188896,7.131581868678615,7.124736286246229,6.785119476402636,5.5504697797108316,5.5168379121240685,5.227597827535271,3.7276322640164796,3.8309424190471137,3.401788951132944,0.6460192137079337,0.029333553302619154,0.4649688090001535,0.06406161958862185,0.6871309014665493,0.06669086795270006,0.7722540347375597,0.07165908509482935
846,0.9149549549549549,8.262222700716288,8.045497218324037,7.946326798214221,7.128885760964743,7.122901215591343,6.782407551502987,5.544489422461888,5.511438874251366,5.221757082279655,3.720823033589059,3.824246432216004,3.3945994566115316,0.6470936031793899,0.029318098813011142,0.46612134610389977,0.06414028043753207,0.6885752255205893,0.06674764927747125,0.7727570304666141,0.07171915954330384
847,0.9154454454454455,8.262537092991872,8.04598571460936,7.946146296913735,7.126147502541839,7.121026421575833,6.7796609469678994,5.538471770255343,5.505999690555434,5.215882102012322,3.7140003838928908,3.8175336604668706,3.387394461901089,0.6481657397339395,0.029302095264022214,0.46727686535893315,0.06421875190540635,0.6900188434244615,0.06680361858902684,0.7732504758549165,0.07177890965864522
848,0.9159359359359359,8.262819960545823,8.0464444410011,7.945930081917331,7.123367165546242,7.1191118817837005,6.776879731323007,5.532417015551616,5.500520453837214,5.20997293353213,3.707164024514828,3.8108041385162474,3.380174131706148,0.6492355784283288,0.029285557059680965,0.4684351969816898,0.06429703292342555,0.6914617242253844,0.06685878036939964,0.7737344321455598,0.07183831880918767
849,0.9164264264264264,8.263070948912834,8.046873060041161,7.9456778019068555,7.120544809462755,7.117157578884559,6.774063974320565,5.526325357551888,5.49500125292635,5.204029605373207,3.700313707094288,3.804057904163283,3.3729385631160422,0.6503030759204508,0.0292684993684548,0.4695961737473358,0.06437512019424274,0.692903838296037,0.06691314039527586,0.7742089615927839,0.07189738120464331
850,0.9169169169169169,8.263289702378067,8.047271232376469,7.9453890921564305,7.1176805010371655,7.115163500601029,6.771213744349437,5.5201969832513385,5.489442175917229,5.198052151430352,3.6934490605413997,3.797294960437407,3.3656879776115485,0.6513681898554544,0.0292509357843395,0.47075962444959457,0.06445301210722765,0.6943451586917627,0.0669667039279715,0.7746741301462371,0.07195606938018723
851,0.9174074074074074,8.263475867202741,8.047638617650092,7.945063610394831,7.114774315195014,7.113129640468001,6.768329111954655,5.514032077589413,5.483843307024988,5.192040561030211,3.686569699637981,3.790515257064231,3.358422367068072,0.6524308927609558,0.029232883914725345,0.4719253789358835,0.06453070625420701,0.6957856681166726,0.06701948065597728,0.775130039445072,0.0720143802826839
852,0.9178978978978979,8.26362907522099,8.047974875335111,7.94470100418598,7.111826310002649,7.111055998598727,6.765410147258694,5.507830828896973,5.4782047289268565,5.185994845851376,3.6796753470411816,3.783718782660904,3.3511420244418266,0.6534911361340384,0.029214355595927763,0.4730932650184381,0.0646081991320146,0.6972253442213063,0.06707147762328905,0.775576729799948,0.07207228214045623
853,0.9183883883883883,8.263748967114754,8.048279665641743,7.944300936527566,7.108836553768762,7.108942578888001,6.7624569201721885,5.501593408556662,5.472526521316171,5.179914977868121,3.672765528596919,3.776905454134856,3.3438468367591017,0.6545489029126401,0.029195370347499867,0.4742631121318252,0.06468548776133506,0.6986641752889577,0.067122705322398,0.7760143305250315,0.07212977854559725
854,0.9188788788788789,8.263835179315512,8.048552647427933,7.943863065848837,7.105805113441557,7.106789392386949,6.759469500387663,5.4953199885295545,5.466808759483496,5.173800934794364,3.6658398595431505,3.77007520056168,3.336537119766904,0.6556041526161819,0.029175939858206407,0.47543474743072267,0.06476256948934378,0.700102150133113,0.06717317379557323,0.7764428944457327,0.0721868287672849
855,0.9193693693693694,8.26388734223217,8.048793480954073,7.943387080530922,7.1027320530840266,7.104596454275144,6.756447963067474,5.48901074104353,5.461051520040962,5.16765267584716,3.6588979406684596,3.7632279213398365,3.3292128453310412,0.6566568630571457,0.02915608153072895,0.47660800076514037,0.06483943852877418,0.701539260986829,0.06722289432278983,0.7768625281095731,0.07224342896143257
856,0.9198598598598599,8.263905091130479,8.049001827535378,7.942872651314854,7.099617438519008,7.102363785742749,6.753392373456801,5.482665832802758,5.455254872801812,5.161470131259181,3.6519391946053674,3.756363491926864,3.3218742064034044,0.6577070112808714,0.02913580973588324,0.47778270059799655,0.06491609226997704,0.702975505752187,0.06727188179738551,0.7772733293353253,0.0722995450488252
857,0.9203503503503503,8.263888057812828,8.04917734908382,7.942319477057285,7.096461321800849,7.100091415012833,6.750302811046285,5.476285420655856,5.449418885753225,5.155253280932022,3.64496338325879,3.749481761280167,3.3145211536469814,0.6587545719269903,0.029115141061180128,0.4789586779602129,0.06499252391269558,0.7044108779192101,0.0673201437812058,0.7776753912374745,0.07235517371097513
858,0.9208408408408408,8.263835877586352,8.04931971032312,7.9417272526415,7.093263775879779,7.0977793751438245,6.747179344694697,5.469869663329925,5.443543625599754,5.149002020222519,3.63796997487237,3.7425825566604556,3.307153847217609,0.6597995257684284,0.02909409004398466,0.48013576203605524,0.06506872982952439,0.705845385316626,0.0673676984581674,0.7780688101032049,0.0724102846012448
859,0.9213313313313314,8.263748181302633,8.049428577017276,7.941095699560029,7.090024852034577,7.095427704102384,6.744022047478728,5.4634187099429905,5.437629156347519,5.142716288020374,3.6309583980435676,3.7356657238417292,3.2997723058343857,0.6608418610120774,0.029072672886651406,0.48131378718357853,0.0651447027798234,0.7072790294367116,0.06741455781418698,0.7784537102743976,0.07246485861919122
860,0.9218218218218218,8.263624608338105,8.049503618211055,7.940424536845171,7.086744610632119,7.093036448244979,6.740830997323022,5.456932711251285,5.4316755403789765,5.136396013463272,3.623928270849754,3.7287310709246304,3.2923765709170243,0.6618815591561085,0.02905090492759059,0.48249258588172284,0.06522043683321896,0.7087118164133862,0.06746073517070647,0.7788301894207906,0.07251887819855561
861,0.9223123123123123,8.263464790208005,8.049544505609584,7.939713507141338,7.083423103163697,7.090605656231481,6.737606265335472,5.450411816994116,5.4256828335422576,5.130041091289845,3.6168791577052497,3.7217783493959584,3.2849667539960925,0.6629186046561412,0.0290287999180489,0.48367199521297877,0.06529592413281977,0.7101437565152515,0.06750624717099729,0.7791983449538235,0.07257231446626561
862,0.9228028028028028,8.263268371506845,8.049550914197093,7.93896236012117,7.080060388075907,7.08813538509883,6.734347933379392,5.4438561664524725,5.419651094826484,5.123651429754012,3.609810662918334,3.714807340812904,3.2775427843897535,0.6639529881462687,0.02900637462056793,0.4848518518688017,0.06537115708519765,0.7115748628902567,0.06755110837210174,0.7795582914317514,0.07262516072910927
863,0.9232932932932932,8.263034992001236,8.04952252298389,7.938170859500913,7.07665651487879,7.085625697652897,6.731056076797267,5.4372659033755975,5.4135803797279545,5.117226946638413,3.602722203020026,3.707817800670549,3.2701047372974847,0.6649847034947303,0.02898364342075438,0.4860319958601371,0.06544612723917921,0.7130051457631736,0.06759533305347538,0.7799101547713987,0.07267738505929858
864,0.9237837837837837,8.262764299726642,8.049459014987708,7.937338785657195,7.073211535079863,7.083076661115924,6.727730776844587,5.430641166017607,5.407470742151219,5.110767565111477,3.5956134406112623,3.700809485564343,3.2626525819693564,0.6660137398963984,0.028960621411128037,0.48721226960244696,0.06552082535488911,0.7144346173895246,0.06763893431994329,0.780254040199515,0.07272897454707716
865,0.9242742742742742,8.262455943835167,8.049360078578736,7.936465937808661,7.069725499947814,7.0804883492224855,6.724372114469211,5.423982090246024,5.40132223556396,5.1042731625624596,3.588483951686496,3.6937820937021657,3.2551861955097006,0.6670400987342046,0.028937325367414612,0.4883925183117042,0.0655952413059421,0.7158632979244335,0.06768192988741042,0.7805900802363998,0.07277992297143292
866,0.9247647647647648,8.262109581171497,8.049225406357813,7.93555212554673,7.066198451565405,7.077860842839215,6.72098017430659,5.417288808652309,5.395134911999608,5.097743679910181,3.581333336488512,3.686735344522908,3.2477057772435574,0.668063765562527,0.02891376571483319,0.4895725901950524,0.06566936436788111,0.717291199244571,0.067724330702294,0.7809183626872763,0.072830184828513
867,0.9252552552552552,8.26172487250648,8.049054697065465,7.9345971808975655,7.062630446517047,7.07519422685431,6.717555041642127,5.410561470997564,5.38890882507025,5.091179015542949,3.574161145919829,3.679668971870577,3.2402111175415387,0.6690847472469492,0.028889960440252004,0.4907523353889783,0.06574318343888035,0.718718339445036,0.06776615366838902,0.7812390361741379,0.07287976418568569
868,0.9257457457457456,8.261301486256206,8.048847654970002,7.933600948540076,7.059021521201695,7.072488592567946,6.714096808738023,5.403800203667395,5.382644028400736,5.084579114734644,3.5669671462570935,3.6725826367350205,3.232702168114401,0.670103038139257,0.028865922949452723,0.49193160875255276,0.0658166856368006,0.7201447322317269,0.06780740856553773,0.781552208736001,0.07292864318267689
869,0.9262362362362362,8.260839094426728,8.048603992193485,7.932563292715358,7.055371735224552,7.069744038609524,6.710605561801032,5.3970051516532545,5.376340573351505,5.0779439268083255,3.559750971442409,3.66547603593613,3.225178880855458,0.6711186381802139,0.02884166726188329,0.49311026608956277,0.0658898592432649,0.7215703919025463,0.06784810797392436,0.7818580053077548,0.07297680281323612
870,0.9267267267267267,8.26033738726136,8.04832342581486,7.9314840971233656,7.051681129533227,7.066960670656331,6.7070814003992325,5.39017645074407,5.3699985172855165,5.071273365294787,3.552512311961475,3.6583488778129705,3.217641079247576,0.6721315523736751,0.028817209028213015,0.49428816912487866,0.06596269060423292,0.7229953386536776,0.06788826569196568,0.7821565539158012,0.07302424403697713
871,0.9272172172172172,8.259796045593315,8.048005681612455,7.930363265678694,7.047949745417784,7.064138594377206,6.703524420974091,5.383314246275081,5.363617918933603,5.064567436377846,3.5452510475299137,3.6512008432135654,3.2100887667834765,0.6731417701888645,0.028792559354885103,0.4954651828111229,0.06603516407418686,0.724419577284144,0.06792788764978674,0.782447948106233,0.07307094412096045
872,0.9277077077077076,8.259214773603858,8.047650493173856,7.929200713122317,7.044177645922892,7.061277928307184,6.699934725511001,5.376418686564485,5.357198838263525,5.0578260827752,3.5379667695459016,3.6440316138055713,3.2025217427719768,0.6741493057109217,0.028767734326171433,0.49664117236423977,0.06610726641415393,0.7258431269841795,0.06796698733365909,0.782732344026593,0.0731168994323407
873,0.9281981981981982,8.25859328138943,8.04725760145219,7.927996388197618,7.040364876687148,7.058378793313666,6.696312419328097,5.369489928136886,5.350741338975884,5.05104934256383,3.5306593727609026,3.636840855955895,3.194939918720205,0.6751541559725197,0.028742745913702586,0.4978160115447859,0.06617898122476946,0.7272659897112872,0.06800556867840661,0.7830098554152303,0.0731620946950804
874,0.9286886886886887,8.257931285750344,8.046826756305514,7.926750250610996,7.036511487326807,7.055441316109599,6.692657616051214,5.362528127681936,5.344245489463703,5.044237235142463,3.5233287858688187,3.6296282791090313,3.187343090160434,0.6761563213146657,0.028717608039006862,0.49898957533526517,0.0662502913934007,0.7286881720484493,0.06804363731726218,0.7832805996490209,0.07320653387941409
875,0.9291791791791791,8.257228518454067,8.046357717532025,7.925462271188096,7.032617546750033,7.052465631285957,6.688970426680679,5.355533455148416,5.33771136529417,5.0373897920995905,3.515974840369493,3.622393567618481,3.1797311845182556,0.6771558031087472,0.02869233272655049,0.5001617403803884,0.06632118190455934,0.7301096794091474,0.06808120050490965,0.7835446974365726,0.07325020093699676
876,0.9296696696696696,8.256484725102435,8.045850253175587,7.924132457643966,7.028683114852371,7.049451876997603,6.68525097567619,5.348506083603736,5.331139045356142,5.030507100221287,3.5085975252870334,3.615136423473862,3.1721038992905095,0.678152606889389,0.028666934631960385,0.5013323907019055,0.06639163440097555,0.7315305094435248,0.06811825891105705,0.783802286338025,0.07329310738897646
877,0.9301601601601601,8.25569965112859,8.045304141269206,7.922760825491304,7.024708263347216,7.046400200415307,6.6814993840089425,5.341446199503052,5.324528615663281,5.023589270827899,3.501196845646176,3.6078565890977248,3.1644610658338994,0.679146730291,0.028641426156000595,0.5025014103610675,0.06646163132242117,0.7329506557915119,0.06815481345190322,0.784053482886917,0.0733352523075556
878,0.9306506506506507,8.254873073146262,8.04471916958703,7.9213474136099515,7.020693058736306,7.043310750511574,6.6777157812112655,5.334353991186383,5.317880173343821,5.0166364415370275,3.493772879658523,3.6005537714385176,3.15680253412501,0.6801381707992176,0.028615818500225217,0.5036686919801774,0.06653115482392799,0.7343701071499747,0.06819086212419471,0.7842984011505817,0.07337663052141301
879,0.9311411411411411,8.25400476192458,8.0440951380242,7.919892281512119,7.01663758243463,7.0401836863056,6.673900307411768,5.3272296749947206,5.31119381773281,5.009648773718598,3.4863257390202396,3.5932277077056196,3.149127893607754,0.6811269353482464,0.028590127432209376,0.5048341269296899,0.06660018505555285,0.7357888495515439,0.06822640246911581,0.7845371914957396,0.07341726871362857
880,0.9316316316316315,8.25309451592408,8.043431855319517,7.918395501087214,7.0125419289790525,7.037019169073783,6.670053103327734,5.320073465804208,5.3044696652035235,5.002626485133974,3.4788555889726833,3.585878173223455,3.1414371780675188,0.6821130089076246,0.02856436053137917,0.5059976113492654,0.06666870420877674,0.7372068609224444,0.06826142813378767,0.7847699371128904,0.07345714442365596
881,0.9321221221221221,8.252142142049737,8.042729142113643,7.9168571733039155,7.0084061983894825,7.033817366784588,6.666174312258668,5.312885597375709,5.297707835530002,4.995569811141298,3.4713625791881553,3.578504959043878,3.1337299331406707,0.6830963994228599,0.028538533699453653,0.507159046397309,0.0667366932721056,0.7386241155516945,0.06829593268075351,0.7849967976099644,0.07349628983894176
882,0.9326126126126126,8.251147459257778,8.041986829847207,7.915277407994469,7.004230485730482,7.030578454254066,6.662264096011217,5.30566632197194,5.290908468241154,4.9884790431966,3.4638468302837273,3.5711078427807985,3.1260060224465143,0.6840771031818357,0.028512657024546577,0.5083183348702949,0.06680413152620779,0.7400405770221976,0.06832990439717256,0.785217906372893,0.07353469641213539
883,0.9331031031031031,8.250110309525038,8.041204762615315,7.913656332124509,7.000014926214629,7.027302611411914,6.658322607032439,5.298415900688178,5.284071706921395,4.981354486602226,3.456308992042527,3.5636866833196486,3.118265208059527,0.6850550967976617,0.02848674134697931,0.5094753820121517,0.06687100209133012,0.7414562102440152,0.06836333424541156,0.7854333269880341,0.07357239007127375
884,0.9335935935935935,8.249030540077136,8.040382794025083,7.91199409581465,6.995759639359016,7.023990019368794,6.6543500172800325,5.291134619155511,5.277197712243697,4.974196530467752,3.4487490296065477,3.5562413085847573,3.110507200735291,0.68603039009359,0.02846079936838931,0.5106300978324148,0.06693728376225772,0.7428709626923877,0.06839620449125369,0.7856432522230349,0.07360937201067594
885,0.934084084084084,8.247908021489424,8.039520791675788,7.910290865037366,6.991464772083778,7.020640872663951,6.650346497165845,5.28382277939004,5.2702866606145085,4.967005552686962,3.4411675747417902,3.5487716105690374,3.1027316509645204,0.6870029663528627,0.02843484365147864,0.5117823943540062,0.06700295825675608,0.7442847845037794,0.0684285023778145,0.7858477808171641,0.07364567951909058
886,0.9345745745745746,8.246742635946314,8.038618634055348,7.908546800644644,6.987130483438965,7.017255365861176,6.646312225925197,5.276480702859266,5.263338740547905,4.959782039625386,3.433565010180534,3.5412775202066458,3.0949384074921262,0.6879728084040697,0.028408883771930665,0.5129321830785911,0.06706800802705616,0.74569760857999,0.06846020606155105,0.7860470334949878,0.0736813145015196
887,0.935065065065065,8.245534277772776,8.037676211373583,7.906762110610554,6.982756941696755,7.013833697542465,6.642247387367079,5.2691087229834475,5.256354157030373,4.952526436347837,3.4259416921920582,3.53375897400752,3.087127214132367,0.6889399080670968,0.028382930929129795,0.5140793832050572,0.06713241304744849,0.7471093722655877,0.06849129920993656,0.7862411473311481,0.073716295046155
888,0.9355555555555555,8.244282867431606,8.036693427024641,7.904936994766472,6.9783443372257645,7.010376075243778,6.638152174876179,5.261707205210955,5.249333134372798,4.945239327753053,3.4182981449641843,3.526215938551152,3.0792978550938868,0.6899042459835331,0.028356995283916674,0.5152239125647521,0.0671961563916154,0.7485199911092982,0.06852175530814072,0.7864302525679604,0.07375063260268165
889,0.936046046046046,8.242988330566016,8.035670195917788,7.9030716648263715,6.973892867536816,7.006882708723368,6.634026783494327,5.2542765345234175,5.242275909819756,4.937921271247938,3.4106348873140107,3.5186484572383936,3.0714498762289093,0.690865811372259,0.028331091491666818,0.5163656915305858,0.06725922072793672,0.749929381535173,0.06855155235767896,0.7866145043300468,0.07378437501732633
890,0.9365365365365366,8.241650620458886,8.034606444973317,7.901166346183824,6.969402758650142,7.003353812155576,6.629871416565132,5.2468171166104725,5.235182743777502,4.930572860774648,3.402952563653777,3.5110565422933644,3.063583303554522,0.6918245702472706,0.0283052256047806,0.517504642227558,0.06732159050792981,0.7513374542957157,0.0685806677187026,0.7867939862023899,0.07381751692080223
891,0.937027027027027,8.240269688650395,8.033502112573371,7.899221268224907,6.9648742468491704,6.9997896054906334,6.625686280112306,5.239329364983183,5.228053912710439,4.923194787776293,3.3952514979198467,3.5034403013463167,3.0556977512890047,0.6927805153907286,0.02827941149957319,0.5186406860557558,0.06738324999995435,0.752744105281678,0.06860907119188421,0.7869688915377692,0.07385008841160173
892,0.9375175175175174,8.238845518003332,8.03235714999778,7.89723668144465,6.960307596825169,6.996190313800966,6.621471586797097,5.231813739693309,5.220889707211432,4.915787727098015,3.3875324731927456,3.4957998195777105,3.0477931162791765,0.6937336111256989,0.02825365742250413,0.5197737480577903,0.06744418519644686,0.7541492298187058,0.06863673805812343,0.787139315936265,0.07388210559099842
893,0.938008008008008,8.237378096591144,8.031171519952567,7.895212835549318,6.955703060072786,6.9925561628451955,6.617227555547062,5.224270710124377,5.213690449106697,4.908352405900192,3.3797959158879665,3.4881352819742735,3.039869123875357,0.6946838396317798,0.028227975333150083,0.5209037564744466,0.06750438100453918,0.7555527088827078,0.06866363926530193,0.7873054304545424,0.07391359706306856
894,0.9384984984984985,8.235867437748308,8.029945196192656,7.893149971114751,6.95106095878537,6.9888873850622435,6.612954404966392,5.216700758346407,5.206456468256838,4.900889584204245,3.372042432300081,3.480446862822085,3.0319255873495794,0.695631173443061,0.028202376175726053,0.5220306323262027,0.0675638286275384,0.7569544268477606,0.06868974736188017,0.7874673766869863,0.07394458477412673
895,0.938988988988989,8.234313553513326,8.028678164321342,7.8910483573367,6.946381594102195,6.985184216419227,6.608652355573028,5.209104405357414,5.1991881191819855,4.893400063291796,3.364272389446376,3.4727347220319564,3.0239624727155907,0.6965755894335298,0.02817686806721046,0.5231543045643936,0.06762251571541726,0.758354250649591,0.06871503305858785,0.7876253260145843,0.07397506388626604
896,0.9394794794794794,8.23271648477582,8.027370420507209,7.888908235899739,6.941665295060215,6.981446894517442,6.604321636234703,5.201482190024292,5.191885775802465,4.885884630087097,3.356486463543178,3.4649991650990315,3.0159795756253356,0.6975170528586523,0.028151462690666703,0.5242746983798834,0.06768043457358472,0.7597520493910477,0.0687394706405427,0.7877794119608938,0.074005073231479
897,0.93996996996997,8.231076272137921,8.02602197132485,7.886729876561486,6.936912419699496,6.97767566383451,6.5999624711387215,5.193834649795564,5.184549833328653,4.878344134601532,3.3486850436417925,3.45724044264536,3.0079769310893547,0.6984555343425476,0.02812616768777206,0.5253917399758128,0.06773757735506954,0.7611476846819802,0.06876303153527946,0.7879297949233728,0.07403460650164805
898,0.9404604604604605,8.22939297892606,8.024632834726766,7.884513528406372,6.932123333894245,6.973870767994691,6.59557508595348,5.186162366270997,5.177180703285524,4.870779388670583,3.340868657409112,3.449458873215432,2.999954277134085,0.6993910088203916,0.028100996568270673,0.526505356274389,0.0677939394703152,0.7625410161304204,0.0687856938039593,0.7880766516196892,0.07406370669434952
899,0.9409509509509509,8.227666675523889,8.02320303769469,7.88225945106894,6.927298428470098,6.9700324551094885,6.591159711717218,5.178465919049404,5.169778816537722,4.863191276280507,3.3330374850502045,3.441654742252909,2.9919116212818415,0.7003234564161513,0.028075958502414185,0.5276154730148106,0.06784951664051403,0.7639318954285177,0.06880743021470581,0.7882201878010041,0.0740923671376628
900,0.9414414414414414,8.225897441156341,8.021732615395154,7.879967888163769,6.922438111694298,6.966160974760872,6.586716568127513,5.170745919416173,5.162344620800375,4.855580635391249,3.3251918954908763,3.4338283935052,2.983849046853803,0.7012528433507106,0.028051061954282253,0.5287220149858505,0.06790430833951688,0.7653201750010287,0.0688282222620086,0.7883605628484799,0.07412058981584327
901,0.9419319319319319,8.224085374687284,8.020221614380965,7.877639082785974,6.917542811061885,6.962256580549861,6.582245878094846,5.16300297828455,5.15487857896641,4.8479482927833875,3.3173322144316004,3.4259801952116185,2.975766542340626,0.7021791424323678,0.028026317411240214,0.5298249075620005,0.06795831614629425,0.7667057105781905,0.06884805384705607,0.7884979531083048,0.07414838956191488
902,0.9424224224224225,8.222230564443768,8.018670086864116,7.875273263243996,6.912612951317178,6.9583195235413315,6.577747857974526,5.155237702187057,5.14738117794434,4.840295095168559,3.3094585185573484,3.4181104900617734,2.9676641526529597,0.7031023343451319,0.0280017347131624,0.5309240749853624,0.06801154197137077,0.7680883504481777,0.06886690819865562,0.7886325722341736,0.07417576387662325
903,0.9429129129129129,8.220333122923648,8.01707809534193,7.872870661349286,6.907648999355709,6.954350061942788,6.57322272435991,5.1474507309530395,5.139852909120269,4.832621843870405,3.3015707829925907,3.4102196012125865,2.9595417662586856,0.704022414302055,0.027977327467570378,0.5320194398227118,0.0680639914678183,0.7694679511718181,0.06888477687962125,0.7887646729550479,0.0742027287023058
904,0.9434034034034033,8.218393162297776,8.015445707447757,7.870431500238173,6.9026514164567345,6.950348451471033,6.568670681470987,5.139642713998318,5.132294281368085,4.8249293077367605,3.293669061953084,3.402307950923332,2.9514000047894027,0.7049393375502523,0.027953096764365186,0.5331109270459831,0.06811567152865959,0.7708443671270598,0.06890165660872588,0.7888943752854445,0.07422923247923797
905,0.9438938938938939,8.216410803477817,8.013772998820047,7.867955972189988,6.897620680736914,6.9463149525856105,6.564091922602914,5.131814260242312,5.124705813358378,4.817218255235017,3.2857531615738007,3.394375807978557,2.9432382771203414,0.7058531294368583,0.027929065041381627,0.5341984580418077,0.06816659402979995,0.7722174587336779,0.06891754471630267,0.7890220284361495,0.07425533782163665
906,0.9443843843843844,8.214386169956331,8.012060049292433,7.865444281424832,6.8925572656494465,6.942249816525241,6.559486643042395,5.123966006568921,5.117088025478895,4.809489328620291,3.277822700513129,3.3864235179703748,2.9350575839795594,0.706763753020134,0.027905227945207417,0.5352819586280071,0.06821676880631788,0.7735870986640369,0.06893245077156232,0.7891477532203902,0.0742809414801785
907,0.9448748748748749,8.212319379627033,8.010306945080922,7.86289659255147,6.887461677612277,6.938153305886121,6.554855018020702,5.116098565944266,5.1094414596704905,4.801743199789991,3.2698775109365044,3.378451435095725,2.926857489191771,0.707671222386207,0.02788160641977163,0.5363613454885259,0.06826621228768065,0.7749531591546408,0.06894638556791641,0.7892718502593098,0.0743061061290197
908,0.9453653653653653,8.210210569430183,8.008513776980228,7.860313084296051,6.882334401705652,6.934025677155125,6.550197207585842,5.108212559577278,5.1017666405799105,4.793980457887952,3.2619166652087883,3.370459749968943,2.918638396924615,0.7085755575786141,0.027858207265954168,0.5374365469424796,0.0683149414509819,0.7763155195607425,0.06895936752438914,0.7893946189052442,0.0743307692258731
909,0.9458558558558559,8.20805985891277,8.006680638817233,7.857693911350413,6.87717593562093,6.929867184206394,6.545513374206587,5.10030857320494,5.094064112952517,4.786201550554591,3.2539397982700313,3.362448727538654,2.9104006279353576,0.7094767553860493,0.02783503881518755,0.5385074839528237,0.06836297343254741,0.7776740837456869,0.06897142758216929,0.7895162556730909,0.07435491366993124
910,0.9463463463463463,8.205867376221768,8.00480762837355,7.85503920154827,6.87198677043806,6.925678085738962,6.5408036452872755,5.092387157134213,5.086334407383317,4.778406908869815,3.245945950660444,3.3544184937766865,2.9021446073364277,0.710374839718087,0.027812108075527683,0.5395740807466045,0.06841033173306119,0.7790287598129705,0.06898259957550305,0.7896370385630581,0.07437847921180657
911,0.9468368368368367,8.203633248054228,8.002894845017236,7.852349095617834,6.866767397760166,6.92145863615502,6.536068143228902,5.084448861128884,5.078578050291876,4.770596854100478,3.237934086585374,3.3463691797860706,2.8938701308265986,0.711269867008612,0.027789433162814174,0.5406362647079044,0.0684570387459688,0.7803794711756453,0.06899292762631676,0.7897573304199419,0.07440148339363648
912,0.9473273273273273,8.201357582649194,8.00094239068632,7.849623681483766,6.861518288616551,6.9172090858756805,6.531306976190787,5.076494192124567,5.070795561241815,4.7627715996628455,3.2299031045360675,3.338300836437059,2.885577707006136,0.7121618678046551,0.027767020116498994,0.5416939588930594,0.06850311950263237,0.7817261584358677,0.06900246390984974,0.7898773892079676,0.07442386240211418
913,0.9478178178178178,8.19904050636293,7.998950367665041,7.8468630743461665,6.8562399248907635,6.912929688895879,6.526520223452642,5.068523607383992,5.062987442300835,4.754931283144903,3.2218517899298584,3.3302133677034185,2.8772675463003217,0.7130509007404943,0.027744879351260708,0.5427470950718591,0.06854860208830856,0.7830687808046688,0.06901126822721691,0.7899975329902306,0.07444557401243412
914,0.9483083083083083,8.196682122150202,7.996918880024915,7.844067356639844,6.850932723657514,6.908620685002267,6.521707955245613,5.0605375413980545,5.055154183466024,4.747075907989251,3.2137786043223926,3.322106734632155,2.868939920345616,0.7139370321883111,0.027723020554666546,0.5437956098906671,0.06859351220642865,0.7844073092077584,0.06901940857105811,0.7901180851266921,0.07446657289626792
915,0.9487987987987987,8.194282536451192,7.994848030457598,7.841236577786644,6.845597147432093,6.904282326081642,6.516870205125966,5.052536343004315,5.047296249976369,4.739205348928247,3.2056822821634725,3.3139806243818977,2.8605950987501005,0.7148203310729698,0.02770145320767274,0.5448394325009016,0.06863788493885908,0.7857417522078964,0.06902696633344646,0.7902393347984694,0.07448680753870512
916,0.9492892892892892,8.191841832877437,7.992737920563072,7.838370819431968,6.840233593507998,6.899914849755155,6.512007004792221,5.044520331036868,5.039414083618759,4.731319378986122,3.1975608354683382,3.3058346976722803,2.8522332348877804,0.7157009053197195,0.02768018817662792,0.5458785050319173,0.06868174729275696,0.7870721290541662,0.06903402637451869,0.7903616739615924,0.07450621966271723
917,0.9497797797797798,8.189360101473184,7.990588654030984,7.835470132494139,6.834842438860084,6.8955184887858785,6.507118356534415,5.036489773073678,5.031508087172518,4.723417588699371,3.189412565291362,3.2976685931958847,2.843854565514859,0.7165788498303202,0.02765923470305858,0.5469127743006281,0.06872513106281837,0.7883984905784466,0.06904068839570474,0.7904854043625105,0.07452476124803491
918,0.9502702702702702,8.186837412790238,7.988400330266148,7.832534560065205,6.829424020773812,6.891093486565695,6.5022042308155825,5.028444824934655,5.023578641867695,4.715499547362622,3.1812354904378974,3.289481713709778,2.835458940160642,0.7174542988114172,0.0276386069962305,0.5479421913632457,0.06876806948364443,0.7897209011715232,0.06904705016098484,0.790610936446114,0.07454239544593816
919,0.9507607607607607,8.184273832476944,7.986173046949027,7.829564131283212,6.823978656016005,6.88664005645212,6.497264590703978,5.020385611927031,5.015626086538678,4.707564599989728,3.173027748019617,3.2812733274076904,2.827046601030767,0.7183273726914885,0.027618312002969252,0.5489667126852608,0.06881059428042068,0.7910394598579117,0.06905322497282844,0.7907385831424859,0.07455905079294442
920,0.9512512512512512,8.181669413017678,7.983906901511283,7.82655889725619,6.818506617444028,6.882158431645566,6.492299364922772,5.0123121603398895,5.007650709076374,4.699612015278517,3.1647871334929296,3.2730425784948145,2.8186172520022357,0.7191982383027262,0.02759836458439685,0.5499863044268987,0.06885273761207575,0.7923542899632215,0.06905932942527705,0.7908687699645603,0.07457469501898371
921,0.9517417417417418,8.179024189417762,7.981601988020424,7.8235188850051935,6.813008127138355,6.877648822603795,6.48730846857718,5.004224437327632,4.999652764234641,4.691640921820834,3.156511314562627,3.264788617074772,2.81017146944513,0.7200670300287197,0.027578764138401952,0.5510009388585193,0.0688945298980211,0.7936655358387373,0.06906548675301721,0.791001780118897,0.07458920192290995
922,0.9522322322322322,8.17633819962084,7.979258397333913,7.820444120972585,6.807483373801616,6.873111443947731,6.482291791698442,4.996122262491648,4.991632447861309,4.683650325737469,3.148198261279047,3.256510301983124,2.8017083191981134,0.7209339513124247,0.027559533396827783,0.5520105959864607,0.06893600354868502,0.7949733815941635,0.06907182353983397,0.791138066262737,0.07460260381003572
923,0.9527227227227226,8.173611462113474,7.976876222525508,7.817334672650095,6.801932492160989,6.868546498248728,6.477249212725128,4.988005453109255,4.983589890613477,4.675639178272332,3.139845985973225,3.2482063770479086,2.7932279124821724,0.7217991650370686,0.02754067477394272,0.5530152705000179,0.06897718442381133,0.7962780178209041,0.0690784666897883,0.7912779225290059,0.07461480958579678
924,0.9532132132132132,8.17084398104562,7.974455550001942,7.8141905681954515,6.79635557059674,6.863954189600347,6.472180574900233,4.979873706708093,4.975525187069285,4.667606245209301,3.131452115375152,3.2398754835416836,2.784729649477237,0.7226628873281855,0.02752220314355761,0.5540149599378403,0.06901810246279806,0.7975796729328357,0.06908555525058517,0.7914217672456639,0.0746257964967028
925,0.9537037037037037,8.16803575306766,7.971996465578774,7.8110118851450485,6.790752637271409,6.859334697512904,6.467085719647205,4.971726572271759,4.967438351169675,4.659550282426245,3.1230143541040554,3.2315161440399622,2.7762133432048026,0.723525322154382,0.02750412205466517,0.5550096803552206,0.06905877933446891,0.7988785974156557,0.06909321452408579,0.7915699302718451,0.07463547947550184
926,0.9541941941941942,8.165186763564998,7.969499058227049,7.807798708346523,6.785123664827118,6.854688216068735,6.461964472813855,4.96356357901514,4.959329335674073,4.651469929370063,3.1145307162684084,3.2231266986244242,2.767678512667343,0.7243866827424565,0.027486438562827294,0.5559994558745853,0.06909923585673813,0.8001750621462232,0.06910157762978168,0.7917227370719717,0.07464380932807847
927,0.9546846846846846,8.162297009411489,7.96696340978197,7.8045511219868375,6.779468579838098,6.850014910148528,6.456816647145436,4.955384123834614,4.95119803972101,4.64336382866953,3.1059994219287343,3.2147054978185055,2.7591238766135713,0.7252472092026311,0.0274691707823314,0.5569843239459937,0.06913949167854627,0.8014693516650888,0.06911076629184601,0.7918805711759911,0.07465082656191614
928,0.9551751751751751,8.159366447143258,7.964389607355789,7.801269262821219,6.773787269558279,6.845314957379171,6.451642035206443,4.947187538248061,4.943044279453865,4.635230564768832,3.0974183034932894,3.2062506304653815,2.750549070665368,0.726107133099721,0.02745231881840366,0.5579643313224473,0.06917956067444637,0.8027617736467118,0.06912090247931134,0.7920437474810067,0.07465643373474352
929,0.9556656656656657,8.156395061642204,7.961777737864556,7.797953257399693,6.768079534124538,6.840588511895177,6.446440451509214,4.938973045265355,4.934867801512634,4.627068607397474,3.088786230951052,3.197760203809498,2.7419532504759245,0.7269666647160513,0.02743588800794907,0.5589395401897399,0.06921945279493628,0.8040526653069103,0.06913210338902609,0.7922124551212174,0.07466062621105853
930,0.9561561561561561,8.153382807087658,7.959127889311234,7.794603319516257,6.762345146460344,6.835835721861759,6.441211677443351,4.930739827321516,4.9266682961265005,4.618876645520207,3.0801016025626264,3.1892321330136437,2.7333351868776825,0.7278260596485563,0.027419886058691823,0.559910030674915,0.06925917094810406,0.8053423365653682,0.06914446348369169,0.7923870527331148,0.07466338888755182
931,0.9566466466466466,8.15032965784961,7.956440154868359,7.791219630509643,6.756583823456999,6.831056732403263,6.435955525553754,4.922486963567619,4.918445370268359,4.610653270177229,3.071363275009527,3.180664497622998,2.724693564692802,0.7286855535873108,0.027404321394599376,0.5608758859194113,0.06929871688654192,0.8066311344807586,0.06915807224805783,0.7925677800639465,0.07466474554612734
932,0.9571371371371371,8.147235586563784,7.95371463084988,7.7878024572196916,6.750795231631288,6.8262516737171754,6.430671794233979,4.914213445175243,4.910198574883927,4.602397219913979,3.062569912273079,3.1720551752480652,2.7160280557891046,0.7295453590678503,0.02738918083451947,0.5618372131478848,0.06933808437937423,0.8079193941033254,0.06917299747908229,0.7927547916071827,0.07466456771766866
933,0.9576276276276277,8.144100558708791,7.950951420514509,7.784352076908861,6.744979046434297,6.8214206628281815,6.425360305453131,4.905918273761058,4.9019273894263415,4.594107240590384,3.05372162015607,3.163402063877317,2.707336510676957,0.7304057057249691,0.027374480043325346,0.5627941182637552,0.06937726294310803,0.8092074610612854,0.06918930072567094,0.7929482860710942,0.07466297889633008
934,0.9581181181181181,8.140924573527228,7.948150636766764,7.780868823015538,6.739134839281031,6.816563816030782,6.420020896226184,4.8976003751638375,4.893631233634062,4.585782241622878,3.0448182221158238,3.154703197619706,2.6986181265617186,0.7312667736775609,0.027360208316209014,0.5637467345753091,0.06941623528679129,0.8104956639318286,0.06920701671499147,0.7931482924407893,0.07465993242258663
935,0.9586086086086085,8.137707620058364,7.945312397330381,7.777353071519788,6.733262207236014,6.811681235593264,6.414653418751347,4.889258625250705,4.885309476890143,4.577421307568734,3.03585975694245,3.145956611017231,2.689871706319538,0.7321287517181857,0.027346359060289982,0.5646951968892985,0.06945497858826018,0.8117843243423831,0.06922615782092086,0.7933548763814763,0.0746554138708772
936,0.9590990990990991,8.134449719602111,7.94243683596672,7.773805245885455,6.727360705411349,6.806773007339406,6.4092577670332895,4.880891948341624,4.876961422994589,4.569023839441704,3.026847042578444,3.137160395055659,2.681095653222239,0.7329918092909166,0.027332927830555555,0.5656396562800624,0.06949346207252247,0.813073718186746,0.0692466992913013,0.7935680837739982,0.07464945599047584
937,0.9595895895895896,8.131150892776553,7.939524095989698,7.770225814695405,6.721429888474954,6.801839212457779,6.403833852123771,4.872499239403904,4.868586356166159,4.56058911378344,3.0177811089366906,3.12831284301328,2.672288861904911,0.7338560815372861,0.02731990245903093,0.5665802699052556,0.06953164952263133,0.814364148194305,0.06926862408059288,0.7937878042932912,0.07464206784550224
938,0.9600800800800801,8.127811208270145,7.9365743378022815,7.7666152844344865,6.715469353976734,6.79687992679711,6.398381622180245,4.864079463248128,4.86018349725264,4.552116926046916,3.0086638601816493,3.1194124972725845,2.663450932550202,0.7347216221213948,0.027307255156592714,0.5675171990358177,0.06956950321199983,0.8156558518437601,0.069291864561867,0.7940137389104852,0.07463318274413464
939,0.9605705705705705,8.12443074935533,7.933587738129803,7.762974215083124,6.709478640449932,6.791895207013753,6.392901088447037,4.855631554112556,4.851752068102919,4.543607318412842,2.9994972195610026,3.110458101995,2.6545804050122555,0.735588521467855,0.027294972892023133,0.568450619350276,0.06960697242404645,0.8169490329880288,0.06931631876230657,0.7942457415585359,0.07462284668216754
940,0.961061061061061,8.12100963593061,7.930564491806902,7.759303205726522,6.703457372491094,6.786885093087136,6.387392270727739,4.847154619391255,4.843291262305261,4.535060397285912,2.9902839424847607,3.1014486249307085,2.6456760977437903,0.7364568142277037,0.027283038948422194,0.5693807088281241,0.06964400763257939,0.8182438764907146,0.06934188710783346,0.7944835032766019,0.07461111963262161
941,0.9615515515515516,8.117548034609547,7.927504814491175,7.755602897977839,6.697405252702672,6.781849634753079,6.381855272427371,4.838647830547599,4.834800270163271,4.526476776551425,2.981026871602885,3.092383338512128,2.636738589990573,0.7373264405951093,0.027271405313564163,0.5703076365750951,0.06968055450501925,0.8195405097580424,0.069368420232279,0.7947264857312129,0.0745978484238212
942,0.962042042042042,8.114046124963528,7.924408942888767,7.751873957749478,6.691321916956563,6.776788842460128,6.376290224514221,4.830110427917319,4.826278298435062,4.517857175008706,2.9717300719038806,3.0832619830520676,2.62776711965589,0.7381973242551447,0.02726004528631515,0.5712315914949865,0.06971654994836399,0.8208390212985844,0.06939575523262499,0.7949741276240496,0.07458310166755053
943,0.9625325325325325,8.110504154473594,7.921277140691337,7.748117115969659,6.685207180106339,6.771702745677361,6.370697327616159,4.821541906994864,4.817724577894865,4.509202718873228,2.9623972020741975,3.07408478892545,2.618762659245667,0.7390693108026178,0.027248906064609973,0.5721527468930696,0.0697519316021686,0.822139438974701,0.06942370480748815,0.7952257038160553,0.0745667546683741
944,0.963023023023023,8.106922421846862,7.918109693384475,7.744333092211199,6.679060971690128,6.766591334112035,6.3650768276969405,4.81294187091273,4.809138371810472,4.500514793386862,2.9530331308659235,3.0648521351907823,2.609724792829945,0.7399422457621905,0.027237957802254013,0.5730712675922619,0.06978663852581071,0.8234417502739315,0.06945206042692836,0.795480551249798,0.07454887260073079
945,0.9635135135135136,8.103301277360972,7.914906913571203,7.740522625666569,6.672883170755444,6.761454612801994,6.359429035481096,4.804310162944704,4.80051899886866,4.491794796645239,2.94364225283458,3.0555653769995597,2.600656321412903,0.7408158133849744,0.02722712274858071,0.5739873283618192,0.06982060495771403,0.8247459023214572,0.06948061898796654,0.7957375131594865,0.074529232881559
946,0.964004004004004,8.099641095578669,7.911669139763765,7.736686509519043,6.6666739551261385,6.756292557669399,6.353754291485159,4.795646887199318,4.791865862635149,4.483044539405526,2.9342298051234987,3.0462259091794044,2.591557445464455,0.7416897704267318,0.027216368031959745,0.5749010757031263,0.0698537675593575,0.8260517758066138,0.06950916002716412,0.7959957913104949,0.07450791390023541
947,0.9644944944944944,8.095942356585718,7.9083967404291995,7.732825452270641,6.660433513220875,6.751105144458268,6.348052992359889,4.786952302377261,4.78317844335198,4.474265971486104,2.9248011182456652,3.0368359069676854,2.582431553709847,0.7425636950397158,0.027205613066275943,0.5758126538368952,0.0698860726501694,0.8273592074422513,0.06953745521471241,0.7962540530391552,0.07448469907336498
948,0.964984984984985,8.09220556311193,7.905090108026061,7.7289402485635135,6.654162209635545,6.745892332845797,6.34232559693469,4.778227058025308,4.774456299910971,4.465460804889308,2.915362038215043,3.027398203197296,2.5732809368750957,0.7434371677451757,0.027194804217885248,0.5767221940254518,0.06991745922510276,0.8286680325817672,0.0695653186792214,0.7965109883494442,0.07445960544290552
949,0.9654754754754755,8.08843126022278,7.901749662269376,7.725031537966853,6.6478605806544335,6.740654081933679,6.336572568733268,4.7694721007953795,4.76569916816874,4.456631092854134,2.9059174989081855,3.0179161125466334,2.5641100780135386,0.744309679570049,0.0271838597617643,0.5776297897058069,0.06994788701040477,0.8299779940015378,0.06959255980500832,0.796765150192306,0.07443240429845102
950,0.965965965965966,8.084620104271202,7.898375848407284,7.721100084808196,6.641529280732003,6.735390334796444,6.3307943912896025,4.7606886331745555,4.75690685361456,4.447778433160511,2.8964730113429185,3.0083933862115706,2.5549226111531516,0.7451807294017294,0.027172719472566994,0.5785355544988997,0.06997731478689401,0.8312888709795989,0.06961904618441668,0.7970150488673995,0.0744030702587357
951,0.9664564564564564,8.080772766454391,7.894969130929666,7.717146454559552,6.635169161714382,6.730101032866061,6.324991600386151,4.751878194017361,4.748079358701701,4.438904370115507,2.887032728998957,2.9988344945476366,2.545723371193783,0.7460497811864506,0.027161317670046408,0.5794395422715098,0.07000571863471175,0.8326004092286691,0.06964467567694219,0.797259182711767,0.07437148565884373
952,0.9669469469469469,8.076889974511605,7.891529999506648,7.713171224378956,6.6287812098205325,6.724786107426665,6.319164678015599,4.74304265026008,4.739216795353213,4.4300098560237045,2.8776025248224064,2.9892442674870763,2.5365179639167366,0.7469161824120291,0.027149586291646537,0.5803418102161144,0.0700330867957662,0.8339123870170757,0.06966943089853084,0.7974956151345477,0.07433760296993189
953,0.9674374374374375,8.072972513353191,7.888058958387172,7.709174827464769,6.622366612317791,6.719445489476917,6.313314101734296,4.734184269063566,4.730319493074386,4.421095511951285,2.868185048145681,2.9796277532589093,2.527311427991331,0.747779431272481,0.027137482490298084,0.5812423766505743,0.07005942973105493,0.8352245695493009,0.06969336055322088,0.7977229681919606,0.07430140867728705
954,0.9679279279279279,8.069021199892562,7.884556521718882,7.705157696990528,6.615926659211401,6.714079095590613,6.307440338034525,4.72530550107409,4.721387891943899,4.41216108143716,2.858783295219286,2.969990837472808,2.518109548294955,0.7486389535045354,0.027124965915595843,0.5821412547721254,0.07008476268101492,0.8365368176784732,0.06971661154242309,0.7979395000050281,0.07426297466127094
955,0.9684184184184184,8.065036897571686,7.881023212002031,7.701120046008787,6.609462713811287,6.70868685649957,6.301543743071638,4.716409173359849,4.712422646626912,4.403205555016197,2.849400625590653,2.960339103271389,2.50891779978541,0.7494941805004638,0.027112015596095457,0.5830384371684723,0.07010913643641417,0.8378490123976069,0.06973944298210419,0.7981434813029314,0.07422248855029846
956,0.9689089089089089,8.061020446703951,7.87745955059539,7.697062072016112,6.602976424265716,6.703268699011361,6.295624607003823,4.707498297836361,4.703424586942481,4.394226800581359,2.84003501125041,2.9506783374861163,2.4997419683879123,0.7503447677018928,0.02709862669230977,0.5839338795494964,0.07013261537881066,0.8391611762156767,0.06976225010127306,0.7983337778359104,0.0741800604322727
957,0.9693993993993993,8.056972757925555,7.873866054132378,7.692983730677257,6.596469335696859,6.697824533133601,6.289683144737722,4.698576121290282,4.69439468666701,4.385221837740915,2.8306881698238517,2.941014172999921,2.490583824278335,0.7511903852855557,0.02708486986127283,0.5848275403529182,0.07015529127220578,0.8404733713620299,0.06978552714523385,0.7985092487828943,0.07413645065013577
958,0.9698898898898898,8.052894678548114,7.8702432220144445,7.6888849570641415,6.589943095991712,6.692354303409012,6.28371940304787,4.689646049056958,4.685334048225443,4.376186093721937,2.8213539996524912,2.9313517295982665,2.4814467852170083,0.7520310078004921,0.02707080968367862,0.5857193678369984,0.0701772745628831,0.8417858445473303,0.06980995289428175,0.7986695321015349,0.07409209450040319
959,0.9703803803803803,8.04878710864598,7.866591528729831,7.684765454689871,6.5833993698664095,6.686857948166267,6.277733331413464,4.68071139680037,4.676243945846833,4.36711396502446,2.8120316520638093,2.92169571859683,2.472330520990298,0.75286656580402,0.027056581290662313,0.5866092933183108,0.07019870766755625,0.8430989672570794,0.06983631488085293,0.7988139696856498,0.07404807938554585
960,0.9708708708708709,8.044650808154655,7.8629114144894325,7.680624834074148,6.5768397004655315,6.681335403970198,6.271724690349059,4.671775616012323,4.66712572029566,4.357998523874724,2.802712054264659,2.9120497370780862,2.463230294100214,0.7536975869257999,0.027042403905952136,0.5874972546119843,0.07021974392619229,0.8444132281799043,0.06986554892222521,0.798943730900809,0.07400575600520971
961,0.9713613613613613,8.040486553734478,7.859203274250699,7.676462589334824,6.570265428930965,6.6757866367029255,6.2656930498632155,4.662841862887481,4.657980747694638,4.348831636095349,2.7933876540210822,2.902416115680777,2.45413855592667,0.7545247195203779,0.027028544687948765,0.588383221129656,0.07024056263288102,0.8457292757019146,0.06989870676113359,0.7990601430023839,0.07396683399476392
962,0.9718518518518517,8.036295021607177,7.855467449193556,7.672278080913564,6.563677889523675,6.670211615849822,6.259637884231444,4.653913025078495,4.648810527166244,4.339604366519551,2.784046843497458,2.892796040396213,2.4450413367523516,0.755349116417076,0.027015379499887006,0.5892671349395501,0.07026135483972583,0.8470478809004409,0.06993691790180206,0.7991660785834481,0.0739335823615598
963,0.9723423423423423,8.032076767417877,7.851704212185037,7.6680706745756675,6.557077859842092,6.664610336501957,6.253558456864645,4.64499151515222,4.639616421850739,4.330307457164725,2.7746758781967946,2.8831881265433554,2.4359146756872043,0.7561725636000164,0.027003425782700242,0.5901490189401409,0.07028230833424452,0.8483698426422158,0.06998132192210943,0.7992664028702928,0.07390911398153448
964,0.9728328328328328,8.027832214272502,7.847913757746669,7.663839638342392,6.550465889302441,6.658982802755596,6.2474539459629055,4.636079257930187,4.630399729362279,4.320931548665791,2.7652589130986898,2.87358916795833,2.4267267455674553,0.7569973506788613,0.026993313950965794,0.591028895415966,0.07030361061689716,0.8496960105001811,0.0700330468111714,0.7993675928466633,0.07389719005771596
965,0.9733233233233233,8.02356168316684,7.844096198431492,7.659584231994109,6.543842052350902,6.653329075425792,6.241323463787822,4.6271771975327605,4.621161642931244,4.311468819294795,2.755780410630123,2.863993693913636,2.4174345776079464,0.7578263142211599,0.026985813991068336,0.5919068289041076,0.07032543891331385,0.8510270984399938,0.07009302609197428,0.7994780872464338,0.07390245665546377
966,0.9738138138138137,8.019265232026832,7.840251546678129,7.655303892006034,6.537205835896673,6.647649206031456,6.235166128417801,4.61828545679716,4.61190305844814,4.301913645019933,2.7462170295568673,2.8543924416052473,2.407978776373001,0.7586634755151677,0.026981901641095197,0.5927829425029135,0.07034791661614041,0.8523635786571013,0.07016192100692133,0.7996105376715102,0.07393058311495701
967,0.9743043043043043,8.014942805964473,7.836379709933547,7.650998255189184,6.530555896420105,6.641943282033333,6.2289812254021,4.609402837589387,4.602624625139099,4.292264842608482,2.7365517393520533,2.8447734591631995,2.3982819190722977,0.7595134300523214,0.026982755877735205,0.5936574475516059,0.07037110360467475,0.8537054166440485,0.07023986875086372,0.7997800970974008,0.0739887603961137
968,0.9747947947947948,8.010594074970564,7.8324805064176894,7.646667241853146,6.523890349955533,6.636211411516757,6.222768348784843,4.600526946144409,4.593326527715374,4.282528189822021,2.7267610827635846,2.8351215315649276,2.388246433105065,0.7603819859370938,0.026989770274249286,0.5945305742778743,0.07039496920216577,0.8550517799243252,0.07032623373447117,0.8000070056133378,0.07408524229216226
969,0.9752852852852852,8.006218521039886,7.828553632082176,7.642311195967672,6.517206405716497,6.630453748105598,6.216527601653544,4.591653585581464,4.58400857614489,4.272718463833156,2.716824265589887,2.8254179994623625,2.377744073487523,0.7612762183624254,0.027004689086704562,0.5954026203169335,0.07041935871908106,0.8564007975088297,0.0704193582025578,0.8003170442127114,0.07423059226636802
970,0.9757757757757757,8.001815336894355,7.824598702216332,7.637931193101165,6.5105004309384364,6.624670449932989,6.210259950625006,4.5827772336956105,4.574669986287395,4.262865075972749,2.7067184806255487,2.8156406307316053,2.3666197667390234,0.7622044422750006,0.02702949363306308,0.5962739318875157,0.07044392200011787,0.8577487615359978,0.07051600237709688,0.800742526981156,0.07443662741479166
971,0.9762662662662662,7.9973835067018655,7.820615248790192,7.6335289996941915,6.503767888419431,6.618861712578059,6.203967629105625,4.573890236495181,4.565309405932672,4.25301543444904,2.6964294990525506,2.80576444697453,2.3546741402263867,0.7631764448927127,0.027066661835127834,0.5971448550926295,0.07046808222587736,0.8590898075504289,0.070610940547106,0.801323551149175,0.07471850535619647
972,0.9767567567567568,7.992921760625665,7.816602733903361,7.629107549767771,6.497003493049939,6.61302771509875,6.197654521582321,4.564983234833626,4.5559248118626945,4.2432425168464585,2.6859399520893867,2.7957617279769464,2.3416648038555214,0.7642038508215886,0.027119106193888527,0.5980157298181653,0.07049095352593036,0.8604148418911586,0.07069621718751534,0.8021106503989186,0.07509371605594382
973,0.9772472472472472,7.988428666499017,7.8125606266142995,7.624671274029283,6.490201145190811,6.607168629681438,6.191326907170318,4.55604495461047,4.5465135864375,4.233651288549198,2.675242931797834,2.785604027011377,2.3272910307681736,0.765300049728032,0.027190425268927464,0.5988868623773275,0.07051124253820333,0.8617107312062312,0.07076045533607216,0.803165661774471,0.07558417153071655
974,0.9777377377377376,7.983902601965779,7.808488403619771,7.620226032982597,6.4833541647238375,6.601284621758393,6.184994131505099,4.547062304103218,4.537072465821332,4.224388937526251,2.664341249576236,2.775262062918201,2.3111779477997425,0.7664807800365527,0.027285192800543413,0.5997583807270153,0.07052718805298588,0.8629589453862218,0.07078785136888435,0.8045656255465318,0.07621773280813432
975,0.9782282282282282,7.979341852219888,7.80438564971955,7.615779990105636,6.476455947318865,6.595375806084476,6.178669642260191,4.538020957321186,4.5275976771388065,4.215656834041174,2.6532441753284535,2.764709647002458,2.2928703079503343,0.7677642572808202,0.027409190659540294,0.6006301510138186,0.07053640313517176,0.8641339604668128,0.07075705856153751,0.8064054259664986,0.07702934963540595
976,0.9787187187187187,7.974744692069984,7.800252133913228,7.611343679320875,6.469499766165684,6.589442217818432,6.172372106725357,4.528905522201065,4.518085042627541,4.207720936139227,2.641978848665794,2.7539253040075375,2.2717976477029675,0.7691719894332175,0.02757027828315222,0.6015016813402313,0.07053575172084867,0.8652018417511599,0.07064026778437173,0.8088024944356139,0.0780667540283133
977,0.9792092092092092,7.970109533995827,7.796087939305476,7.606930801631846,6.462479926365516,6.5834837233499925,6.1661268374706895,4.519700085005083,4.508530315339087,4.200929745446277,2.630592143246632,2.7428963885730173,2.247249572351797,0.7707294005575402,0.027779330375538216,0.602371916736472,0.07052116983418016,0.8661178776265712,0.0704018046778057,0.8119022482865671,0.07939575055740035
978,0.9796996996996996,7.965435074894338,7.791893600473598,7.6025584548987455,6.455392421073264,6.577500037244497,6.159967530626435,4.510389860978693,4.498929574223046,4.195728331914864,2.6191575705773276,2.7316242043130816,2.2183375326814767,0.7724667932615968,0.028051886659715926,0.6032389644724793,0.07048749526081266,0.8668246022041913,0.0699974795891828,0.8158842101272551,0.08110983906388229
979,0.9801901901901902,7.960720548111626,7.787670287987581,7.598248200739926,6.448236166545825,6.571490652607259,6.153938273507212,4.500961730874457,4.489279659523817,4.192675455442475,2.607771672496468,2.7201312985597075,2.183925231813082,0.774422060253005,0.02841097951937274,0.6040998523609726,0.07042821715954678,0.8672496353551031,0.06937421888803598,0.8209741680089064,0.08334597723831051
980,0.9806806806806807,7.955965968901497,7.783420042853399,7.594026361702939,6.441014498907507,6.565454674700225,6.148096000990883,4.4914066637546535,4.4795789365282825,4.192459138471446,2.5965697722094285,2.708468981441527,2.1425426135985233,0.7766432261678857,0.028891324626205427,0.6049500930604732,0.07033524006260174,0.8673035152349854,0.06847102119950699,0.8274559738524988,0.08630716099494568
981,0.9811711711711711,7.9511724328263345,7.779146059960352,7.589924948770849,6.433736393481758,6.559390724794931,6.1425132719654,4.4817220512540565,4.469828346045962,4.1959076077852835,2.5857334062126216,2.696727686765952,2.092242054949182,0.7791938349323988,0.029546074970317526,0.6057833380472696,0.07019856609912951,0.8668781888346153,0.06722223422641517,0.8356918599479056,0.09029660412390361
982,0.9816616616616616,7.946342680235392,7.774853017095407,7.585982488452159,6.426420144777628,6.553296895598485,6.137281713172404,4.471914531464493,4.46003275670586,4.203993069384228,2.5754899027407667,2.68505194737437,2.03037646699269,0.7821620167467873,0.03045719626443498,0.6065906018679729,0.07000600314592563,0.8658468857737606,0.06556478637749184,0.8461536062563036,0.09576562025849931
983,0.9821521521521521,7.941481457070021,7.770547504681073,7.582244772753613,6.4190950633813175,6.547170462778935,6.132515631525551,4.462004311873586,4.450202325108842,4.217822778931873,2.5661240118483066,2.6736551161704503,1.9532113667677926,0.7856763777671506,0.031751830001528654,0.6073597583261684,0.06974277784081095,0.8640653151005956,0.06345208258338442,0.8594744140968726,0.1033841947408496
984,0.9826426426426427,7.936596239908359,7.766238513393706,7.578766242705041,6.411805983303115,6.541007765146961,6.1283564253189375,4.45203011019405,4.440354892992035,4.238614148701929,2.5579890704663693,2.6628403629736637,1.8552239571962665,0.7899355381627515,0.033628645945408764,0.6080746425714475,0.06939112863419768,0.8613754803945173,0.06087872134752882,0.8765431774450348,0.1141486437694842
985,0.9831331331331331,7.93169802902982,7.761938022067069,7.575610432328135,6.40461742015353,6.534803864586197,6.12497733210338,4.442055292713908,4.430518373112249,4.267646519177122,2.5515060020576636,2.6530214029159636,1.7277532970449354,0.7952666757493174,0.03640281577424611,0.6087140752330625,0.06892992742902657,0.8576126675860991,0.05792254369338159,0.8986912871498627,0.1295654798001316
986,0.9836236236236235,7.926802144293364,7.7576617040504035,7.5728512786771205,6.397618823037318,6.528552350405641,6.122588413041054,4.4321756816063695,4.42073417501962,4.306190799962013,2.547168262253474,2.644751058572435,1.5559514036397772,0.8022576061166936,0.04059845507765316,0.6092508160128408,0.06833426062106962,0.852615457848683,0.0548117295038262,0.9281205939112271,0.15205962792140304
987,0.9841141141141141,7.921929426620715,7.7534297586430725,7.570573900744315,6.390931870485831,6.522244898921216,6.121441884649495,4.422529167407973,4.4110609791153985,4.35541834348084,2.5455470959280584,2.6387448810239116,1.310987857218689,0.8120955021416261,0.0471799277107934,0.6096502064520302,0.06757510870413323,0.846238745868497,0.05201899072258091,0.9690164728620609,0.1860521632465539
988,0.9846046046046046,7.917107461401658,7.749267864539615,7.568875607242983,6.384717185097406,6.515870799015965,6.121837530138809,4.413306141212591,4.401579792853728,4.416296267017084,2.5472854687227597,2.635908385947588,0.9236932378862482,0.8277122238105218,0.058344606889676985,0.6098689442213187,0.06661904662856827,0.8383683380894352,0.05034947156612351,1.0313473510278404,0.24171715514629857
989,0.9850950950950951,7.912372023393536,7.745208311369219,7.5678667646118996,6.37918393848847,6.509416513139811,6.124127289715238,4.40476355004313,4.392399584115307,4.489490961936251,2.5530768537039346,2.637353143513283,0.13411328779262724,0.8603197810027247,0.08212286192389917,0.6098535903333105,0.06542824159798072,0.8289340623677355,0.05089678321794753,1.1526335965187906,0.35668383881583254
990,0.9855855855855855,7.907769006227095,7.741291302247746,7.567671303601997,6.374599195762014,6.502864947181791,6.128718932337328,4.3972395214574815,4.383664080590362,4.575288842067888,2.5636608013740445,2.644406574967127,-0.8214748732693958,0.8995745426484917,0.11171477834974647,0.609539331772062,0.06396079872788281,0.8179199179734018,0.054695472826970674,1.298482586425041,0.49672062631370806
991,0.9860760760760761,7.9033561415759825,7.737566461267501,7.5684270182217945,6.371299465929855,6.496194842274205,6.136078261967247,4.391169164134603,4.375560026127639,4.673559665796534,2.579780956024282,2.65858747280334,0.8146410562789045,0.8256271656802607,0.06343644651894602,0.6088485884395277,0.06217170766129513,0.8053678061004337,0.0622155075173649,1.0694182223607624,0.2647823396855564
992,0.9865665665665666,7.899205574488532,7.734094510582106,7.570285667066675,6.3697011737629206,6.489379543569035,6.146728079501853,4.38710189111373,4.368325712741161,4.783765543792964,2.602152929077966,2.6815626220441295,1.468253393188131,0.7936220068401902,0.04630037579311312,0.6076904559829819,0.0600148641982109,0.7913736703758076,0.07322688001012195,0.9825513396499089,0.18006900512182833
993,0.987057057057057,7.8954062676234615,7.730949202190005,7.573412480741082,6.370311855338771,6.482386450433655,6.161243872286585,4.385716611494394,4.362261301578817,4.9050158626892495,2.6314228037655965,2.7150520411352597,1.9053374339033349,0.7702185915507331,0.03717634374446457,0.6059603450677428,0.05744689307022834,0.7760767696284823,0.08711229162548358,0.9266659339300578,0.13559434222515251
994,0.9875475475475475,7.892066787950823,7.72821944413813,7.577985468100232,6.37373900526524,6.475175136989071,6.18024420040891,4.387834856091702,4.357739217841029,5.036155069248368,2.668113099557921,2.7607003992444796,2.244240619105804,0.750215950816967,0.032769665451666014,0.6035409752008885,0.05443398719297052,0.7596431818376947,0.10318933457069268,0.8843212850720751,0.11833778232391524
995,0.988038038038038,7.889318773684545,7.726011652019436,7.584192807400735,6.380695184074199,6.467696295511449,6.204375999259332,4.394423529739342,4.355214381475662,5.175866239979751,2.712580760900753,2.8199177043319428,2.526831712262584,0.7317549689155578,0.03176577054141068,0.600304380625187,0.05096450656152681,0.7422473901544661,0.12084415825560897,0.8492156622207176,0.12187714902094023
996,0.9885285285285286,7.887319942185544,7.724452252920494,7.592231697935293,6.391996884438381,6.459889548989365,6.234293088368196,4.406589511440726,4.355233623508712,5.322770723315682,2.7649865719313422,2.8937123455250147,2.772812570367051,0.7139665620356457,0.03309269696384079,0.5961161339595334,0.047071825218206464,0.724053684812617,0.13955085862320357,0.8183674930757967,0.13769417507240073
997,0.989019019019019,7.886257610194582,7.7236903648371875,7.602303977839075,6.408554687518503,6.451681536053399,6.270629519150691,4.425554297659646,4.358442174907369,5.475514192151648,2.825269782365706,2.9825593494074596,2.9930042690170753,0.6964000430156256,0.035809886077399176,0.5908411698611372,0.0428777118058956,0.7052008765894974,0.1588602812185801,0.7902244714049514,0.15883788134078905
998,0.9895095095095094,7.886352460069105,7.723900489006592,7.614612594527436,6.43135031062933,6.442983034405706,6.3139676235187165,4.452607973902632,4.365585457002316,5.63282809961722,2.89313683757775,3.086323311453795,3.1939760230784433,0.678824967861637,0.039246310413860445,0.584352573596697,0.038673623955970966,0.6857914397236184,0.17838866839262746,0.7640087329772685,0.18155756621812752
999,0.99,7.887861219175247,7.725285128433843,7.629356486043127,6.461402062186355,6.4336857000964836,6.364804706313851,4.489038862991321,4.377503588243065,5.793569447071274,2.9680933396136595,3.2042742071996084,3.3799955740420145,0.6611438573633341,0.042993875275102386,0.5765419017047703,0.035059074018857043,0.6658864398810626,0.197812714649604,0.7394223696649266,0.20410828119008176
