,Ewe_a_100,Ewe_a_10,Ewe_a_1,Ewe_a_pt1,alpha100_1000mean,alpha100_1000stddev,alpha10_1000mean,alpha10_1000stddev,alpha1_1000mean,alpha1_1000stddev,alphapt1_1000mean,alphapt1_1000stddev,alpha100_500mean,alpha100_500stddev,alpha10_500mean,alpha10_500stddev,alpha1_500mean,alpha1_500stddev,alphapt1_500mean,alphapt1_500stddev,alpha100_250mean,alpha100_250stddev,alpha10_250mean,alpha10_250stddev,alpha1_250mean,alpha1_250stddev,alphapt1_250mean,alphapt1_250stddev
0,0.486341834,0.486100253,0.486192205,0.486110855,,,,,,,,,,,,,,,,,,,,,,,,
1,0.486714518,0.486714194,0.486708052,0.486738181,0.782631636,0.325217045,-1.059149476,0.833071205,3.243603056,1.141583851,-0.707607257,5.126093999,2.917671418,2.255899814,1.614173204,4.546243852,-15.20495043,13.13939933,-86.19171373,124.9954459,4.429469176,4.501281091,15.17430279,22.09958683,-15.74075031,23.52170505,38.04694714,144.0333409
2,0.487789988,0.487709362,0.487698896,0.487762237,,0.020392515,,0.048733249,,0.102869024,1.093262555,0.755195526,,0.026309782,,0.01508391,,0.197471603,,28.94613168,,0.002666692,,0.037464079,,0.951666822,,2.814872001
3,0.488720925,0.48875536,0.488704611,0.488697043,0.363247912,0.029987929,0.377339868,0.004639669,0.49088709,0.071091008,,0.549429594,0.403746736,0.024366395,0.458020188,0.012868972,,0.106233049,,3.431274784,0.433695388,0.002566001,0.518443413,0.05525992,,1.062408476,,2.461481586
4,0.489748556,0.48974417,0.489707227,0.489667043,0.381845322,0.006270853,0.391146871,0.020879382,0.481026875,0.088309447,,0.333695714,0.394311983,0.019041539,0.459733976,0.006125868,0.683263984,0.110010374,,2.161575644,,0.005919957,0.479723884,0.029964105,,0.674341723,,2.408921189
5,0.490749658,0.49073387,0.490700158,0.490759136,0.360664312,0.005549841,0.383074859,0.00369603,0.434927785,0.04402327,0.698477107,0.394526265,0.387252068,0.007556371,0.442366887,0.017419562,0.634290521,0.14353413,,2.112250705,0.748223836,0.582484728,0.477128677,0.040405067,,0.44752896,,1.617808973
6,0.491788075,0.491767111,0.491730369,0.491749366,0.356367097,0.010118111,0.394783786,0.032563719,0.458736725,0.065373193,0.711566545,0.217894454,0.378494087,0.013657099,0.417953348,0.009543163,0.64027178,0.070562213,,2.64974778,,0.21808694,0.475339626,0.052187304,0.860596653,0.462418172,,2.316226755
7,0.492742633,0.492701621,0.492717969,0.492702289,0.358253882,0.0176812,0.376765217,0.019128144,0.443907226,0.07132176,0.621241401,0.193154318,0.392473568,0.008495729,0.449967404,0.007092612,0.623207122,0.10101907,,1.420286635,0.417906273,0.004873152,0.47183277,0.004376479,0.791760518,0.421597907,-0.226803406,2.619750805
8,0.49376721,0.493729614,0.49373446,0.493689244,0.361316446,0.013104444,0.375950681,0.023264648,0.437744322,0.048154566,0.617430334,0.316532022,0.393956743,0.003008049,0.414709505,0.014037807,0.626123145,0.115758637,,0.852975913,0.405099442,0.004467629,0.470383462,0.023539249,0.784025214,0.345603013,,1.734531971
9,0.49472917,0.494650406,0.494712787,0.494713275,0.366763353,0.010499305,0.393561235,0.015407944,0.444174308,0.049043093,0.64178492,0.252996861,0.381025363,0.013336867,0.443487514,0.010946229,0.533072847,0.038069693,2.037003173,1.451012264,0.409390688,0.004907223,0.449064178,0.016724958,0.82125918,0.425031192,-0.883205463,3.322532921
10,0.495709238,0.495748368,0.495684679,0.495722648,0.366246861,0.004591258,0.359094715,0.019990517,0.44938441,0.067478013,0.601188037,0.210805227,0.381434488,0.010380677,0.418020786,0.036629402,0.652581094,0.146927713,,0.387138469,0.411410451,0.00593194,0.474008657,0.031936655,0.780413481,0.340880717,,2.211296481
11,0.49674966,0.496735938,0.496746557,0.496733951,0.356046001,0.010213743,0.385113945,0.02191025,0.433490376,0.036817108,0.606930233,0.219442783,0.396338031,0.020818734,0.418386437,0.02420385,0.586104414,0.041783407,,0.723940051,0.402931003,0.006013583,0.433212978,0.032251959,0.761250634,0.349734134,,3.853237406
12,0.497757146,0.497722529,0.497744109,0.497747434,0.347777518,0.009435168,0.386322331,0.011914738,0.436726257,0.067215412,0.55955564,0.155134987,0.380321963,0.017739187,0.440501753,0.016278177,0.570774756,0.059621169,,0.608155697,0.41992919,0.005816781,0.49070667,0.052930238,0.697845752,0.278167578,,4.367790344
13,0.498732877,0.498724853,0.498699949,0.498736533,0.360103731,0.011385222,0.368533064,0.024965395,0.445737452,0.064813082,0.585399871,0.152255674,0.373805548,0.015320413,0.425783866,0.022698335,0.56424197,0.044571289,1.473473962,0.460472189,0.402486811,0.010567533,0.446875349,0.026348891,0.722957012,0.322097897,,4.095899163
14,0.499771132,0.499704039,0.499733437,0.499762795,0.348187868,0.015533823,0.375119369,0.012118328,0.406408926,0.024674661,0.621724573,0.299583141,0.392723826,0.022837887,0.413255621,0.012395251,0.55680675,0.015971744,1.197643146,0.421213467,0.405385582,0.003989248,0.478956374,0.014200162,0.767463867,0.424076697,,4.817690606
15,0.50075113,0.500696815,0.500724278,0.500705226,0.358898593,0.000565685,0.386657387,0.011639882,0.441185849,0.056713599,0.541516793,0.156530691,0.387197959,0.013064001,0.434930624,0.015100821,0.526262317,0.103672458,1.388072322,0.774206048,0.409057383,0.021912861,0.46225933,0.057350557,0.656518063,0.207251337,,11.27326547
16,0.50172681,0.501722739,0.50171743,0.501744232,0.357104141,0.01346652,0.364738489,0.012989247,0.425788226,0.033653201,0.599248943,0.235758192,0.388109433,0.007206826,0.424685582,0.02998119,0.568430255,0.00583262,,0.416643878,0.405334562,0.018686346,0.470338509,0.022549528,0.709658711,0.338538094,,101.1992875
17,0.502730097,0.502749482,0.502748556,0.502775744,0.356563102,0.003459028,0.372346257,0.00308902,0.428055899,0.061431423,0.537264212,0.150604895,0.372743707,0.01516097,0.427902925,0.009403764,0.550717189,0.099694529,,0.263742284,0.402747378,0.003618573,0.428688251,0.021239042,0.631010195,0.130755874,,89.33231952
18,0.503754501,0.503731822,0.503737536,0.503746783,0.349752532,0.000503918,0.374906446,0.019870236,0.421996902,0.044463962,0.555983472,0.133687227,0.382693606,0.020875267,0.412938737,0.000656274,0.55385925,0.074756284,1.365042337,0.772193189,0.408136983,0.010490193,0.459895897,0.01309657,0.670732207,0.316340911,,12.86002936
19,0.504754632,0.504718204,0.504743239,0.504762371,0.367766949,0.009223186,0.376725258,0.004292399,0.43282006,0.06957482,0.522525143,0.160781637,,0.002724443,0.425083633,0.012757696,0.54171376,0.046124731,,0.169980935,0.403996833,0.006782216,0.471239903,0.016347928,0.671085805,0.273924217,,8.004314117
20,0.505719692,0.505737707,0.50576086,0.505712222,0.355695394,0.013752509,0.373346426,0.010070601,0.377216294,0.033754838,0.517950839,0.131972579,,5.497965188,0.421036074,0.026298459,0.554618573,0.065811402,0.916020458,0.159013454,0.429800397,0.036596942,0.441321986,0.01988058,0.690283874,0.229569802,,1.173685149
21,0.506734629,0.506729548,0.506748522,0.506701172,0.353943925,0.013330875,0.374908186,0.018932575,0.413716682,0.026320751,0.491026273,0.143170654,,4.803959458,0.41357717,0.013293261,0.48053522,0.052484242,1.110592026,0.248704859,0.395839169,0.020426371,0.441906275,0.028672832,0.563190878,0.116877737,,3.887081782
22,0.507708014,0.507702245,0.507747898,0.507730538,0.364430322,0.007093428,0.372432066,0.019967356,0.4327056,0.059015259,0.544666388,0.139305996,,0.693466627,0.42490491,0.005397331,0.544834724,0.036930939,,0.239477316,0.42041439,0.012705782,0.473410817,0.016168441,0.696603577,0.307991908,,0.278188086
23,0.508731561,0.508705727,0.508731402,0.508760936,0.350926048,0.00732958,0.380123781,0.022740216,0.403011073,0.046899445,0.477245488,0.112028885,,0.05622783,0.423461273,0.015253986,0.542884269,0.054952282,0.873036576,0.06030968,0.410067142,0.006299311,0.45603224,0.017876782,0.626174177,0.129088111,,2.316040569
24,0.509735753,0.509709171,0.509750985,0.509744838,0.351237852,0.010308176,0.37033885,0.007346425,0.41782314,0.052407009,0.587598214,0.193052757,0.389752809,0.018245399,0.416162589,0.007173656,0.499934275,0.037502144,0.914816392,0.430913044,0.40949297,0.011116529,0.452317611,0.018984174,0.600547264,0.187494825,,2.664356715
25,0.510753972,0.510741253,0.510685717,0.510693552,0.348647683,0.003181621,0.375907894,0.015059659,0.428834335,0.030751841,,0.143047723,0.38779387,0.006702524,0.413230219,0.011950331,0.514350322,0.04557264,0.930976452,0.188216285,0.399306467,0.00918856,0.442158708,0.030424914,0.616132125,0.245383837,,0.834507589
26,0.511728487,0.511711911,0.511740255,0.511737843,0.366549151,0.005320446,0.383348275,0.008960885,0.385506787,0.021701379,0.426455295,0.06040904,0.375777439,0.010018777,0.429558156,0.027351618,0.521257485,0.064269484,0.845724607,0.186649874,0.406438526,0.001324849,0.458971648,0.027690296,0.613583536,0.158571929,,1.734038447
27,0.512663908,0.51273333,0.512738493,0.512735433,0.348131867,0.025725394,0.361620217,0.004442906,0.423640465,0.06866057,0.550755845,0.165582101,0.380317412,0.008232255,0.420339489,0.022150244,0.525404757,0.022470512,,0.358761866,0.408952848,0.010545477,0.436844806,0.013351858,0.56228947,0.128042848,,1.225174649
28,0.51371898,0.513715545,0.513702842,0.51374995,0.356516354,0.01859712,0.382547902,0.007979221,0.403286102,0.059373974,0.435731802,0.083437717,0.380395664,0.004440093,0.415070768,0.01532784,0.496281835,0.015524926,0.680732366,0.17458178,0.399769773,0.008146769,0.45434507,0.021971046,0.574869348,0.174576804,,1.072198619
29,0.514669292,0.514714716,0.514754162,0.514731653,0.356139793,0.016943202,0.360016359,0.018012518,,0.037376879,0.538215058,0.163760137,0.378348125,0.013118267,0.405206863,0.008127203,0.509175261,0.096784575,,0.186106513,0.410839682,0.00645528,0.46222128,0.018576153,0.644658226,0.210943762,,0.624711014
30,0.515783714,0.515769097,0.515769199,0.515748242,0.354062872,0.01749976,0.383509916,0.014788698,0.752410957,0.57031054,0.47789661,0.061237458,0.374940384,0.005831872,0.432643252,0.00694781,0.514826338,0.031189604,0.90049457,0.280715676,0.390145764,0.018789559,0.441050991,0.025135257,0.529671898,0.034334618,1.516559506,1.392328849
31,0.516758318,0.516748111,0.516755637,0.516799896,0.350844447,0.015920233,0.367335088,0.010700595,,0.22866254,0.466162861,0.108932741,0.38426345,0.00584623,,0.01608021,0.481191698,0.053583303,0.780614699,0.18979354,0.404314656,0.008775895,0.429088301,0.010904481,0.579416971,0.19031637,,0.878344968
32,0.517796428,0.517748227,0.517783695,0.517756076,0.349547816,0.007937062,0.370499028,0.011278623,0.403610315,0.043490748,0.468503907,0.087221456,0.381766996,0.006546283,,0.411829489,0.477188468,0.015820489,0.87140247,0.205664735,0.399171891,0.016259537,0.450746472,0.009484646,0.533607059,0.113577914,0.897832835,0.447234166
33,0.51873815,0.518722974,0.51878293,0.518784384,0.371437796,0.028381676,0.374881601,0.013566642,0.393315708,0.010898711,0.502549111,0.162251024,0.374290369,0.02344916,,0.400588336,0.502080227,0.068025952,,0.052917799,0.407741385,0.006196051,0.427476008,0.005854996,0.585323774,0.144838615,1.096815447,0.763302246
34,0.519787818,0.519696884,0.519783474,0.51976701,0.342055473,0.00479726,0.377487103,0.007033227,0.40619817,0.058867307,0.475687177,0.102487076,0.391510584,0.015837988,,0.012487288,0.508037151,0.048325949,0.707082524,0.054271711,0.403966385,0.005679623,0.456460169,0.033913546,0.532132389,0.082652824,,0.28350682
35,0.520778269,0.520737421,0.520793349,0.520765606,0.354567528,0.013287993,0.363884289,0.019109572,0.411499268,0.05302922,0.477096222,0.07230364,0.381321106,0.010127643,0.416971405,0.00936878,0.47873896,0.056288935,0.655710128,0.220406966,0.417433697,0.013771243,0.437920289,0.005345099,0.594727714,0.171562209,,0.308495704
36,0.52176346,0.521772782,0.52177148,0.521800146,0.364964602,0.006906844,0.364890109,0.013140023,0.395951367,0.006768831,0.443202691,0.113020629,0.373824354,0.013639712,0.406511062,0.03656565,0.497201614,0.037460132,0.825940552,0.160006962,0.394631375,0.005024578,0.44360123,0.004500584,0.556837304,0.139172737,1.172956346,0.952951928
37,0.522806857,0.522702838,0.522754799,0.522770037,0.346165284,0.004565024,0.379422111,0.022390988,0.398940167,0.02510243,0.451982578,0.070615836,0.373989107,0.014067132,0.408984062,0.00863272,0.473590074,0.022855837,0.687814918,0.072951187,0.397088101,0.008422898,0.444201786,0.024135012,0.504574785,0.076553514,,0.16183022
38,0.523770833,0.523760361,0.523776496,0.523799362,0.346972454,0.017939049,0.365900788,0.016279656,0.392722614,0.04466058,0.494985405,0.152550281,0.375261061,0.027826139,0.410190723,0.007662612,0.479202168,0.04649534,0.767029269,0.181190592,0.397911392,0.006399844,0.447761523,0.032515204,0.549699357,0.101506883,,0.440208607
39,0.524734662,0.524732992,0.524762944,0.524767264,0.364700835,0.011022746,0.367405002,0.012188434,0.401302246,0.023948588,0.423827437,0.043296925,0.382890017,0.01654768,0.421415501,0.007997577,0.483851131,0.025697368,0.7376984,0.186273826,0.413917212,0.015813235,0.431971467,0.024510704,0.529454371,0.080491621,0.966246628,0.511559621
40,0.525730301,0.525708879,0.525734686,0.52575304,0.353565017,0.005461308,0.388303754,0.023443251,0.402475641,0.042151029,0.497353283,0.128276675,0.384940283,0.011638389,0.4056402,0.015005594,0.478453284,0.035886093,0.735119137,0.233371396,0.403794275,0.00776162,0.445937549,0.011076261,0.546469934,0.135381123,0.901233543,0.577245474
41,0.52674289,0.526742873,0.526760496,0.526727134,0.34824116,0.004770783,0.359598833,0.007211026,0.391396028,0.025818412,0.467555866,0.107371324,0.367895251,0.012566007,0.419176287,0.026503602,0.460636368,0.040481547,0.600690527,0.253352154,0.410563137,0.015598903,0.45357569,0.009799196,0.535355944,0.087321633,,0.495796124
42,0.527747066,0.527696454,0.527735458,0.52774372,0.353913818,0.008219331,0.381797238,0.01948378,0.393499462,0.016168691,0.456375761,0.089888372,0.375938612,0.00980552,0.408769663,0.024595502,0.48392031,0.03506727,0.724936413,0.114792363,0.398619163,0.013599864,0.437286747,0.024897166,0.525936976,0.115166162,,0.096219132
43,0.5287332,0.528676521,0.52871996,0.528760374,0.358966254,0.005976656,0.363910672,0.021266122,0.386688404,0.037387201,0.422279408,0.065294187,0.374332309,0.003733536,0.406092254,0.019110013,0.485336048,0.011684802,0.552043142,0.027124162,0.387488614,0.002162112,0.437095609,0.010415405,0.538308348,0.103172558,,0.270257952
44,0.529716106,0.529705493,0.5297012,0.529715385,0.345743826,0.016793947,0.372777702,0.015709297,0.402476287,0.040056384,0.452613749,0.068888184,0.388733564,0.006587766,0.424012486,0.01936833,0.473305084,0.059522863,0.66674519,0.040611362,0.420188118,0.018522371,0.441546768,0.028115654,0.511481866,0.117654556,0.802046066,0.314763469
45,0.53074884,0.530702579,0.530735526,0.530701312,0.342513212,0.00508362,0.375700379,0.012303185,0.381576664,0.022619138,0.457510413,0.108849095,0.377187987,0.027853534,0.397985547,0.020693388,0.464944121,0.02604207,0.688017207,0.178107409,0.385978291,0.006863255,0.446217688,0.005767002,0.519207282,0.084229985,0.881735029,0.600896215
46,0.531731798,0.531725006,0.531726396,0.531716802,0.349293201,0.015429802,0.356148316,0.016685701,0.394740108,0.047733958,0.44110723,0.090965235,0.384958474,0.010260616,0.417627964,0.003680445,0.457209802,0.030864194,0.642723123,0.133463294,0.410019898,0.009727724,0.444050848,0.028857389,0.540763033,0.116455052,0.653816998,0.078993658
47,0.532703124,0.532685038,0.53273851,0.532740693,0.359469346,0.006962885,0.378650756,0.015659295,0.381533408,0.016864114,0.436860159,0.041586187,0.378196782,0.008171125,0.41174731,0.016152404,0.479230472,0.029877355,0.663315611,0.135154216,0.396914389,0.0114344,0.42779709,0.020064154,0.492484772,0.026524566,0.800118541,0.4540788
48,0.533740088,0.533686278,0.533760137,0.533724587,0.355187781,0.011114093,0.369926223,0.004696259,0.381687929,0.042396803,0.435299635,0.103981634,0.370315502,0.003275718,0.404704224,0.014359007,0.458906503,0.055906095,0.573628845,0.131195218,0.392477131,0.006630692,0.436685052,0.010413801,0.50629233,0.086699772,0.617166405,0.049045431
49,0.534710347,0.534660035,0.534713897,0.53475182,0.354143217,0.010908189,0.382861511,0.016204309,0.390919998,0.026596148,0.417178059,0.058549362,0.368765286,0.011917169,0.423322702,0.00663949,0.470735381,0.038803646,0.621960582,0.104605962,0.412443211,0.001315971,0.445695693,0.01504727,0.504496036,0.082397512,0.707013887,0.24226628
50,0.535705868,0.535757758,0.535734347,0.535746053,0.344626127,0.01114176,0.350378445,0.012731484,0.382762726,0.026796055,0.425345334,0.07559889,0.411192422,0.039406386,0.399758827,0.001377876,0.445176155,0.020655412,0.696172596,0.110324953,0.408822555,0.018281835,0.432247719,0.004387872,0.513679335,0.075298598,0.592224211,0.042357877
51,0.536728977,0.536717582,0.53675692,0.536788055,0.340825463,0.007766169,0.376213731,0.015352209,0.378259002,0.020642888,0.433534021,0.059713145,0.365350686,0.004610488,0.405822639,0.007649558,0.454771787,0.033686408,0.539050605,0.107891041,0.393538682,0.019189652,0.446574942,0.023535276,0.512774909,0.094441087,0.721764738,0.324849018
52,0.537767962,0.53772403,0.537711605,0.537773887,0.349406335,0.008692522,0.358287151,0.009773665,0.396041399,0.034378677,0.436118701,0.089975916,0.383565473,0.01574665,0.417124711,0.016260895,0.461760324,0.034183782,0.611059364,0.046232421,0.402734475,0.017396903,0.428465374,0.00446269,0.48952766,0.056168913,0.59196105,0.146335871
53,0.538760542,0.538709569,0.538747107,0.538761804,0.356135265,0.013630705,0.376560028,0.010281098,0.362521089,0.02413192,0.428513493,0.077119733,0.362600266,0.009049366,0.417805577,0.014122419,0.453754301,0.037974861,0.570256659,0.13300886,0.405561011,0.015644023,0.42357195,0.00726071,0.484588554,0.084421068,0.650682974,0.131110595
54,0.539737011,0.53969379,0.539724104,0.539775022,0.348700142,0.013615649,0.373057406,0.021787878,0.394233574,0.040625533,0.424052735,0.074652067,0.38370818,0.004323539,0.42589313,0.022924622,0.467926513,0.016245944,0.619764386,0.025513008,0.409507741,0.018613326,0.448650753,0.026881464,0.50571,0.04434327,0.715396823,0.311722954
55,0.540730558,0.540724833,0.540720378,0.540777677,0.342583015,0.010726797,0.355657644,0.015258305,0.382986842,0.018049754,0.406512641,0.024271098,0.368382128,0.000478572,0.391415611,0.014659493,0.43079385,0.032943969,0.574310697,0.059721065,0.387361607,0.005995666,0.432382602,0.027688948,0.494520174,0.069127435,,0.20978395
56,0.541720764,0.541692109,0.541730239,0.541834431,0.352836104,0.006659855,0.381010929,0.020737848,0.38511382,0.029250047,0.415844091,0.080871082,0.375873744,0.014314057,0.414366676,0.001576614,0.467322603,0.020938497,0.509668444,0.095202072,0.405283562,0.021634254,0.432648787,0.010415363,0.495103943,0.102384212,0.561003361,0.038997339
57,0.542770495,0.542769811,0.542726454,0.542765218,0.347496244,0.013130299,0.354766616,0.014889699,0.381874365,0.029928733,0.41956507,0.058335787,0.383254471,0.018249607,0.413364734,0.005678341,0.441078475,0.047923743,0.598971689,0.0565226,0.395524197,0.006978084,0.441755023,0.009947508,0.524400284,0.053817418,0.691327576,0.336185968
58,0.543739504,0.543729631,0.54376921,0.543743442,0.355531272,0.005224997,0.367371291,0.020580999,0.374384533,0.022881812,0.434664053,0.087498506,0.379523516,0.01012205,0.402944096,0.009691103,0.443230009,0.017256738,0.550634821,0.089597135,0.393726674,0.005774859,0.429429469,0.022363499,0.460929697,0.061909236,0.61696197,0.237309877
59,0.544736013,0.54472557,0.544701724,0.544773856,0.351131167,0.012380898,0.369112694,0.009876706,0.388844011,0.028657678,0.393398094,0.053565095,0.36453459,0.015087023,0.40894245,0.01041147,0.448506471,0.060491387,0.612695574,0.059900034,0.411937718,0.01096752,0.436478779,0.024408842,0.491226226,0.059278881,0.57041849,0.070739584
60,0.545711347,0.545736131,0.545753905,0.545745849,0.346854366,0.012942689,0.36114097,0.021180437,0.368454023,0.036725281,0.417766128,0.09258824,0.381604077,0.025091658,0.407003994,0.010577025,0.443659338,0.029804165,0.512747944,0.119751643,0.394763777,0.013009811,,0.126525012,0.492792117,0.100920952,0.640372254,0.192739038
61,0.546673634,0.54670775,0.546715185,0.546725228,0.361737532,0.038895541,0.379667087,0.004479684,0.385623336,0.029879028,0.415254507,0.036786192,0.369532763,0.01201318,0.398881791,0.011264122,0.450234958,0.062761844,0.581201006,0.063589993,0.392842484,0.009321819,0.829367928,0.699458405,0.46521984,0.02696165,0.545900826,0.080234631
62,0.547712711,0.547687748,0.547755756,0.547717222,0.344865029,0.002976402,0.371228973,0.006677115,0.372993518,0.028214448,0.414906316,0.074768363,0.3712993,0.009219921,0.407907276,0.018903105,0.4297446,0.007820065,0.513050411,0.071715411,0.397988933,0.011938909,,0.034525316,0.504213166,0.088126483,0.656916966,0.184048879
63,0.548720901,0.548716666,0.548712734,0.548758242,0.358980669,0.016937395,0.361323972,0.012952094,0.373802031,0.030888818,0.396768004,0.052692965,0.384259604,0.011489273,0.407355261,0.021780199,0.437197178,0.025482371,0.579867726,0.065187551,0.40173459,0.016342362,0.4592525,0.018716997,0.47058465,0.06137672,0.579098428,0.177467705
64,0.549769466,0.549762287,0.549739571,0.549758751,0.345916641,0.007964674,0.351574467,0.006706117,0.381665266,0.028717306,0.410407616,0.075012814,0.373826824,0.002621322,0.414657662,0.03232296,0.434886966,0.02637904,0.490391203,0.071772173,0.403154245,0.012731223,0.414781754,0.016543379,0.467618295,0.06955843,0.618643135,0.136767783
65,0.550689625,0.550706305,0.550708143,0.550763585,0.352281808,0.025682484,0.373907733,0.009339205,0.367731678,0.033675776,0.387396323,0.049557178,0.36626767,0.015467946,0.400362717,0.029850206,0.442798383,0.044300321,0.538924267,0.039399163,0.386913387,0.011126396,0.443595075,0.024189584,0.488964627,0.032021045,0.510788811,0.093342976
66,0.551698973,0.551709581,0.551674595,0.551713192,0.350294791,0.007033483,0.366423132,0.024661415,0.382912588,0.007351532,0.393606563,0.064648481,0.373183065,0.012020986,0.401377552,0.007925815,0.423813244,0.008555635,0.566890816,0.066386323,0.397633581,0.014755618,0.436814506,0.019271105,0.460708592,0.060591175,0.643015246,0.276617243
67,0.552762234,0.552703382,0.552744985,0.552748897,0.331418495,0.010315733,0.361112119,0.007277383,0.362316725,0.041998302,0.391702142,0.048499528,0.3672513,0.006916742,0.404365164,0.016938327,0.442794856,0.032006761,0.536861872,0.151421788,0.397326281,0.013076926,0.416684953,0.014279557,0.467368849,0.052103657,0.57539649,0.127654931
68,0.553703709,0.553683361,0.553704041,0.553710192,0.362258004,0.012331273,0.36759451,0.0148772,0.371535819,0.018975568,0.420757806,0.068818296,0.377301677,0.016616575,0.405240944,0.015727903,0.431833555,0.032285121,0.50379605,0.054733017,0.418996412,0.0065907,0.434931664,0.01361639,0.476756475,0.036870367,0.57385353,0.111083971
69,0.554709668,0.554736547,0.554723504,0.554779626,0.341262447,0.012030328,0.359572532,0.0124605,0.368234743,0.007790516,0.392478732,0.073176415,0.369867873,0.008832711,0.406877476,0.01262978,0.426941768,0.001069267,0.480408631,0.060209175,0.40253523,0.015951099,0.430813328,0.020264139,0.46782882,0.075521473,0.509790945,0.038570821
70,0.555711499,0.555765294,0.555717477,0.555740979,0.349738151,0.00794287,0.355768088,0.00274644,0.363259466,0.035079671,0.409404997,0.051954499,0.357441589,0.003882409,0.397329981,0.005934189,0.442030949,0.044257049,0.536294001,0.084741748,0.40688811,0.022977882,0.428564856,0.003599979,0.455257074,0.04506831,0.550148947,0.128633045
71,0.556729214,0.556727258,0.55673155,0.556766012,0.339652168,0.00652763,0.370957179,0.007704047,0.372761143,0.027462415,0.390636284,0.057301701,0.390605498,0.020694468,0.406470722,0.015879335,0.444173077,0.033062556,0.518961981,0.091128921,0.398223936,0.008647121,0.417785329,0.003687936,0.472993164,0.03188264,0.509038436,0.081827868
72,0.557723643,0.557708311,0.557715923,0.557766581,0.344113512,0.009896543,0.366776935,0.009413837,0.367765255,0.030082237,0.385598135,0.070696095,0.366745611,0.008012543,0.400212224,0.001581945,0.417043059,0.027314647,0.466414511,0.04293036,0.404196444,0.014128783,0.435314898,0.025592241,0.464576147,0.061502321,0.563275863,0.166964217
73,0.55872112,0.558707388,0.55877674,0.558756772,0.346971425,0.017753477,0.356453491,0.01559917,0.362489282,0.034364653,0.378843938,0.030768669,0.377799008,0.011186991,0.404340849,0.000571316,0.418158968,0.054533437,0.508713759,0.056840533,0.391045689,0.001439072,0.44705852,0.012268551,0.465706245,0.038733148,0.53147475,0.059808592
74,0.559709061,0.559670314,0.559699708,0.559814493,0.343525695,0.012191039,0.365404261,0.01308259,,0.014185902,0.398842985,0.07462734,0.362790294,0.011341124,0.409281064,0.010607769,0.427880773,0.020740286,0.519666354,0.112812192,0.390575369,0.004387492,0.415145972,0.000780337,0.452284535,0.05511998,0.543218053,0.097888271
75,0.560743692,0.560733032,0.560726579,0.560738703,0.34496305,0.004592336,0.362993738,0.01651194,0.759340311,0.722667111,0.387630586,0.051946949,0.375314051,0.013095031,0.403210779,0.012063749,0.411119032,0.016746113,0.46608339,0.041167116,0.399023401,0.017935961,0.438387524,0.002910651,0.454837132,0.033366193,0.533086156,0.111792324
76,0.561711357,0.561692787,0.561737556,0.561792173,0.351084262,0.008948925,0.36507917,0.007063193,,0.177151675,0.371710364,0.041627247,0.38108183,0.009959857,0.400034214,0.00568009,0.440997773,0.02290071,0.521600675,0.054413733,0.389005263,0.010065415,0.412376692,0.023463441,0.465555177,0.056419589,0.483514778,0.056154824
77,0.562721459,0.56274483,0.562726271,0.562758842,0.344695164,0.006704676,0.350685736,0.021961264,0.360821112,0.002263339,0.383577689,0.036437257,0.367997484,0.024714591,0.407617695,0.00260734,0.424143118,0.03072038,0.448563756,0.05282573,0.404117221,0.004598561,0.433636165,0.016128612,0.449226217,0.046928827,0.507437713,0.040074667
78,0.56370508,0.563750123,0.563696872,0.563774128,0.348606946,0.006752227,0.366824906,0.009043317,0.363324092,0.025572206,0.384814476,0.063534611,0.377062607,0.014025841,0.40446151,0.002453174,0.424068123,0.016113298,0.513920784,0.036422582,0.388814597,0.002880286,0.428783245,0.023381623,0.459845422,0.038517202,0.579669042,0.178891355
79,0.56464219,0.564659047,0.564713175,0.564709038,0.353282424,0.016178425,0.372591402,0.026315919,0.368514333,0.042170374,0.367986706,0.036603007,0.371450943,0.010031718,0.384516129,0.012300688,0.406045285,0.03328796,0.50115338,0.054761978,0.404921455,0.008067716,0.426264529,0.018151056,0.447697943,0.034204185,0.459938032,0.001295845
80,0.56568938,0.565683285,0.565667879,0.565736175,0.336198049,0.013818544,0.357937667,0.003414445,0.375379566,0.015748854,0.395946526,0.081094904,0.365053411,0.005784177,0.411534926,0.002865851,0.428328893,0.0266889,0.447487625,0.082585401,0.395800262,0.010654578,0.424340906,0.022594158,0.445126763,0.036474229,0.500798727,0.044052492
81,0.56670379,0.56670464,0.56670224,0.566727136,0.352843501,0.002790425,0.361561319,0.02306071,0.351411144,0.021567692,0.361493517,0.056875223,0.367734312,0.011845139,0.400224868,0.021568293,0.416436391,0.026874332,0.498926773,0.060859265,0.380224282,0.007768621,0.427384568,0.019119105,0.463492264,0.064356492,0.520538847,0.143661962
82,0.567671562,0.567676116,0.567696241,0.567718105,0.341895736,0.014690166,0.364183398,0.006861559,0.364592964,0.042282511,0.367224717,0.056899553,0.362325742,0.018758228,0.407894989,0.018084578,0.428603405,0.028732298,0.435171434,0.002938914,0.406523742,0.032399995,0.426580497,0.001859032,0.445136852,0.023738026,0.489311154,0.020885632
83,0.568675397,0.568629521,0.568736947,0.568723926,0.344169302,0.013507971,0.365774083,0.017072728,0.359748217,0.021219916,0.385190313,0.057169822,0.379785278,0.012373657,0.401729915,0.019226754,0.408651811,0.02823401,0.509091546,0.06593087,0.405516249,0.019453592,0.420128914,0.025957337,0.463332083,0.05697918,0.491474388,0.097068065
84,0.569680124,0.569694255,0.569685294,0.569742492,0.344157446,0.013815545,0.357036922,0.024655275,0.36714161,0.015901822,0.358117902,0.038305875,0.388229414,0.006354015,0.38804674,0.020542104,0.417552981,0.03845732,0.484298973,0.016504062,0.391262576,0.004710038,0.418405659,0.006888047,0.432908561,0.014882743,0.511233372,0.102179406
85,0.570655313,0.570687943,0.570702635,0.570757822,0.35946445,0.037922397,0.350483313,0.01674333,0.350764889,0.02625847,0.391769538,0.067976317,0.362231507,0.00610934,0.401422126,0.029227976,0.406823013,0.007867099,0.464412846,0.093066007,0.384057927,0.015839209,0.431963432,0.015281979,0.442186509,0.068211403,0.454615908,0.034897563
86,0.571658955,0.571681607,0.571698652,0.571748749,0.338987062,0.014997599,0.354896886,0.004989947,0.351753581,0.028072966,0.35950689,0.022470631,0.369877886,0.011360956,0.407897539,0.009563382,0.408857534,0.014936475,0.429141128,0.009049992,0.406350406,0.034106653,0.411237522,0.006935599,0.444065698,0.026426737,0.535096306,0.127931581
87,0.572653178,0.572709234,0.572673599,0.57272492,0.347852251,0.003146575,0.372807854,0.023727772,0.363999871,0.018174576,0.370461664,0.05151748,0.366698514,0.008916854,0.395784999,0.005908475,0.42390458,0.026677367,0.462376541,0.029785919,0.383861497,0.015520127,0.442412981,0.019595622,0.440640475,0.025136484,0.457402294,0.039469178
88,0.57367056,0.57364233,0.573651611,0.573762578,0.34269931,0.008940567,0.368695053,0.017718666,0.372994336,0.030654332,0.357426396,0.046453115,0.374020609,0.00648967,0.392887628,0.003798739,,0.020666918,0.490679602,0.052834861,0.399869969,0.02087893,0.421152563,0.009214593,0.438023352,0.026328051,0.488952497,0.020534963
89,0.574731787,0.574704958,0.574688061,0.574768377,0.325939716,0.009844724,0.347615405,0.011425774,0.345992643,0.013547519,0.37362921,0.047392835,0.361717252,0.011715726,0.398842752,0.009390468,,0.381901212,0.44485774,0.040791416,0.383050129,0.017916965,0.424218832,0.014042587,0.425468755,0.042140812,0.4864795,0.129773816
90,0.575663639,0.575709174,0.57569254,0.575757157,0.365508979,0.032384494,0.350354316,0.01453451,0.346298717,0.010193036,0.356823926,0.035192655,0.361039217,0.007075526,0.390580664,0.008314064,,0.401645988,0.422289337,0.056614896,0.392440755,0.014280092,0.440243909,0.021326082,0.460052078,0.051878067,0.495586719,0.035394108
91,0.576669332,0.576679431,0.576700198,0.576748193,0.340156556,0.006651321,0.368588056,0.012305861,0.353448722,0.030741747,0.363670485,0.051535171,0.381282161,0.014065592,0.403117885,0.011236679,,0.028780029,0.468319695,0.045706089,0.399408039,0.005602522,0.405445351,0.012670192,0.433644869,0.031852781,0.470209561,0.126854843
92,0.577638057,0.577647684,0.577700411,0.57773274,0.348227733,0.008607963,0.351996967,0.011518457,0.349126759,0.018236919,0.363942556,0.057833479,0.366225057,0.002618497,0.394562857,0.015612977,0.414830787,0.015230912,0.454399075,0.052214426,0.387138859,0.012809545,0.419380841,0.009401444,0.417975377,0.017175322,0.458788205,0.04345231
93,0.578699905,0.578694278,0.57872508,0.578719435,0.349415513,0.029327527,0.358482671,0.016288567,0.347552681,0.026556154,0.356394695,0.039783106,0.388470346,0.017399408,0.401842635,0.017218246,0.395871494,0.029062419,0.440333385,0.072725725,0.403527924,0.003427132,0.411136449,0.007956737,0.451505375,0.051233359,0.49499928,0.103888452
94,0.579700341,0.579704884,0.579691542,0.579774071,0.338075471,0.014667545,0.343571715,0.023937749,0.357044599,0.024176564,0.357173829,0.062881044,0.363818641,0.024344749,0.396491432,0.003393402,0.402094895,0.014303141,0.447573244,0.037739786,0.409205374,0.022733711,0.438809018,0.001945701,0.441319193,0.047993112,0.473594975,0.071441442
95,0.580678353,0.580667721,0.580693947,0.58075539,0.338030354,0.012803187,0.369048872,0.012053181,0.351077678,0.010002375,0.347585565,0.032343202,0.381932751,0.010037683,0.398303335,0.015369557,0.401443651,0.015288973,0.418502921,0.013502214,0.387797579,0.008804482,0.40895631,0.016347973,0.419608316,0.025054668,0.444520909,0.043410576
96,0.581636361,0.581691994,0.581708024,0.581752695,0.355854466,0.011239046,0.352750263,0.026280416,0.355226357,0.035562547,0.355997285,0.049520866,0.358192569,0.006383512,0.398376366,0.019122819,0.413725508,0.050775837,0.441394827,0.051799913,0.394884237,0.007704242,0.415409033,0.003038331,0.440472185,0.025896886,0.448378763,0.040190265
97,0.582688514,0.582671588,0.582701879,0.582716012,0.324225383,0.007629335,0.350109469,0.010658426,0.343423196,0.017875802,0.357076473,0.047379174,0.376918968,0.006872153,0.38689999,0.003380331,0.399214916,0.019892655,0.459899709,0.057278273,0.382408099,0.014978738,0.421035495,0.03025763,0.423107754,0.051123572,0.48364383,0.076273884
98,0.583668823,0.583717069,0.58372131,0.583696434,0.34279846,0.006152776,0.359805267,0.025010201,0.345748846,0.018702453,0.348738987,0.029040776,0.367256162,0.006371195,0.410593574,0.019655042,0.398044082,0.027313921,0.435218039,0.032416571,0.397794127,0.010958207,0.418580499,0.017226211,0.432151811,0.032092927,0.441175232,0.029929169
99,0.584651052,0.584671457,0.584719413,0.584719123,0.349360135,0.010164833,0.361320595,0.009574579,0.348871674,0.021233472,,0.046877423,0.36031708,0.006221195,0.38218189,0.007366851,0.392636535,0.024691151,0.421384054,0.028555343,0.385986476,0.026903135,0.416853618,0.009399141,0.429354301,0.03284093,0.454391119,0.045022195
100,0.585648221,0.585672459,0.585739983,0.585729919,0.334663785,0.011581455,0.365459236,0.038309478,0.348082259,0.03580002,0.682009157,0.58127548,0.368248891,0.01092692,0.412973199,0.013445187,0.390895013,0.02353117,0.461833237,0.059280131,0.392760121,0.012291697,0.424172769,0.007274187,0.421658158,0.021338847,0.473507532,0.078120398
101,0.586634651,0.586665972,0.586688217,0.586740787,0.343777688,0.006800737,0.353920136,0.003394908,0.350429661,0.016759385,,0.205169293,0.371038777,0.0104045,0.390955723,0.022304986,0.390192339,0.026468425,0.411072871,0.020723362,0.385609572,0.005434221,0.407045318,0.010564488,0.422448111,0.025877693,0.444199168,0.061787736
102,0.587652992,0.587645758,0.58770767,0.587752947,0.35030663,0.013661715,0.350335365,0.012426674,0.335854461,0.026773416,0.345508652,0.046827859,0.361443965,0.006959588,0.38787816,0.007202126,0.407729392,0.031413111,0.383266586,0.054628457,0.39785422,0.008274087,0.437509502,0.019358602,0.4359971,0.014137912,0.457896214,0.029051474
103,0.588643681,0.588641309,0.588724804,0.588751158,0.329217702,0.016428811,0.352842162,0.006550954,0.345628777,0.021919234,0.345350753,0.039163869,0.363301277,0.005757892,0.387005684,0.013647819,0.404175621,0.015655292,0.479488699,0.054375423,0.38845191,0.012281447,0.418747207,0.028654773,0.416515141,0.039457503,0.443347474,0.053823299
104,0.589660976,0.589618998,0.589693418,0.589699777,0.329188519,0.010043183,0.349676469,0.02726255,0.360312196,0.036960766,0.35153982,0.043419555,0.374796252,0.015120457,0.392430305,0.011135118,0.383246952,0.028665032,0.398223436,0.019677323,0.367662371,0.020359688,0.412212119,0.013405258,0.421083912,0.024226854,0.463293793,0.101934261
105,0.590674977,0.590681469,0.59068947,0.590764917,0.340410004,0.000988362,0.345887044,0.01891529,0.332122284,0.017951176,0.326249988,0.043234609,0.368122661,0.017046633,0.393629544,0.017877835,0.393236666,0.030257747,0.424144135,0.02072924,0.404580734,0.023943295,0.422627236,0.015281425,0.433541598,0.037272676,0.437933945,0.011392487
106,0.591657184,0.591640959,0.591704682,0.591699701,0.342442242,0.008015047,0.360643101,0.037388249,0.348941259,0.025934329,0.357033332,0.040238027,0.367174523,0.010283185,0.392712081,0.00369836,0.400596032,0.019889761,0.415072209,0.06094675,0.388584499,0.012431988,0.404010258,0.016716187,0.410467096,0.01910006,0.454516472,0.054697438
107,0.59264791,0.592656766,0.592699529,0.592723411,0.326292774,0.009156427,0.347695366,0.003851653,0.341620971,0.026060047,0.336515923,0.044289537,0.363562553,0.005600802,0.374978076,0.00534673,0.39462872,0.015102567,0.437648481,0.030545894,0.39627876,0.006337461,0.407520504,0.010092239,0.415251159,0.032648944,0.420451019,0.019058131
108,0.593646091,0.593700022,0.593652185,0.593726088,0.330214606,0.009512654,0.346061182,0.014847784,0.339765748,0.009120139,0.336546708,0.029641462,0.373590136,0.022086503,0.39097045,0.005088369,0.3860761,0.021823898,0.378883864,0.040396934,0.371714553,0.016547776,0.429725434,0.019100008,0.431878398,0.01757676,0.455164809,0.080416848
109,0.594648174,0.59465004,0.594758403,0.59473704,0.339283168,0.012814666,0.351591963,0.017571783,0.33205306,0.032098293,0.336468096,0.044144143,0.378480554,0.022211616,0.397219936,0.005563495,0.392579676,0.016853263,0.451306454,0.053984578,0.390698538,0.002928783,0.401350913,0.004724808,0.402697349,0.031152936,0.449333596,0.087538081
110,0.59566824,0.595663618,0.595704612,0.595729015,0.34640297,0.006799868,0.344299286,0.014612494,0.334400538,0.01890581,0.329601944,0.025994123,0.359138359,0.008640638,0.387647218,0.00976904,0.388560944,0.01501373,0.387938477,0.05089787,0.376279591,0.011526028,0.41369823,0.013520582,0.412751138,0.014203058,0.449490205,0.017973584
111,0.596625945,0.596669863,0.596706931,0.596740086,0.335959147,0.016355989,0.342916796,0.009290015,0.351336176,0.032510748,0.341985145,0.051628317,0.361408361,0.008799497,0.391530125,0.008000588,0.386766885,0.022981032,0.437197695,0.036464703,0.394491383,0.007699814,0.412191958,0.020455158,,0.02720486,0.433160553,0.056742018
112,0.597639768,0.597687658,0.59765951,0.597754375,0.334109103,0.003189112,0.336684546,0.01378019,0.338740533,0.019606909,0.333552691,0.051227889,0.369235454,0.008643675,0.390673828,0.007851687,0.395770513,0.015638197,0.409610156,0.01734432,0.385465168,0.012211319,0.418319329,0.014562598,0.883456795,0.807683369,0.417244609,0.012497234
113,0.598671719,0.59867274,0.598655535,0.598737824,0.345423252,0.006779563,0.361718111,0.009423732,0.338668024,0.030927469,0.325336423,0.020650006,0.358227754,0.006815662,0.383432699,0.008699188,0.39094174,0.027050859,0.373223894,0.06027772,0.40915298,0.02906095,0.402572217,0.019406395,,0.027129933,0.412693275,0.051239916
114,0.5996707,0.599688429,0.599702527,0.599771244,0.329927936,0.007258246,0.339477554,0.015641677,0.32473292,0.014734547,0.323977632,0.036678393,0.368294211,0.011574577,0.393172964,0.014024384,0.376132596,0.006423934,0.423618151,0.028088036,0.372536458,0.011961471,0.419842021,0.017878899,0.401861624,0.025416803,0.434356651,0.011185493
115,0.600694053,0.600667026,0.600703843,0.600763208,0.347769598,0.025412356,0.345628015,0.01949213,0.338449959,0.02074188,0.334844113,0.04953372,0.364259227,0.01361181,0.384571066,0.009562514,0.399638129,0.041376416,0.395713057,0.026765891,0.393840966,0.008318544,0.401875808,0.024284727,0.40665637,0.020814227,0.449934298,0.075459066
116,0.601647368,0.601693256,0.601740133,0.601760516,0.34183554,0.011457508,0.343984991,0.019209822,0.323723865,0.020846765,0.33123212,0.035270478,0.3603364,0.00828064,0.383781113,0.028090315,0.368108908,0.005753676,0.393429385,0.035459648,0.373126074,0.004879428,0.399894862,0.01287845,0.40621868,0.012647563,0.390040754,0.005406967
117,0.602638983,0.602661316,0.602675705,0.602750363,0.327002444,0.012168023,0.352050394,0.002707288,0.344687444,0.022835494,0.319213544,0.038265604,0.372095142,0.027272899,0.374866585,0.00132032,0.383877517,0.025093562,0.389610729,0.036237802,0.388623076,0.00509907,0.428098213,0.008407497,0.42034695,0.018820601,0.438633448,0.052261066
118,0.603665402,0.603630354,0.603685571,0.603691542,0.333846363,0.012428714,0.352701322,0.020118254,0.334476547,0.028035493,0.344198893,0.047659466,0.370585199,0.01699705,0.396109833,0.006190276,0.381831337,0.021901685,0.390006603,0.031805606,0.381315141,0.017581369,0.391286197,0.011510356,0.412082178,0.032258279,0.427054064,0.037923307
119,0.604576321,0.604630235,0.60465187,0.604708956,0.342943009,0.026598155,0.335198777,0.019651254,0.337814809,0.024715167,0.314566495,0.033810176,0.35469196,0.005114216,0.375364546,0.013928836,0.379701069,0.034495127,0.416788382,0.046835289,0.384647914,0.017764529,0.413708423,0.007324187,0.387769219,0.011940924,0.393022565,0.037531501
120,0.605628178,0.605629814,0.605673314,0.605683956,0.329616286,0.006420737,0.342581229,0.003777955,0.327504177,0.017115565,0.335966337,0.031529053,0.379451403,0.015088741,0.393503267,0.011154228,0.383265925,0.01642748,0.388221884,0.036494721,0.392340212,0.016438934,0.402351489,0.011853989,0.4143369,0.046181201,0.415815639,0.010062659
121,0.606581465,0.606613726,0.606645973,0.606701339,0.338941425,0.024106109,0.348049125,0.018281224,0.332734165,0.013606157,0.311303098,0.025574166,0.355698844,0.020523308,0.374634518,0.01037838,0.380218821,0.029285514,0.39006037,0.021146956,0.390460252,0.015257119,0.39886868,0.010244654,0.390778555,0.022270867,0.421400475,0.063440655
122,0.607605766,0.607623981,0.607653626,0.607716669,0.336775751,0.010665941,0.339585647,0.006601374,0.329021953,0.019273396,0.322793235,0.049118342,0.363925408,0.003798123,0.386032029,0.005986978,0.370321003,0.018496968,0.386427644,0.043488123,0.373681116,0.021268252,0.40613269,0.013155008,0.411770137,0.016620207,0.429427945,0.06040372
123,0.60854316,0.608585602,0.608698349,0.608669371,0.332666295,0.023188271,0.347837537,0.022696344,0.328818764,0.041851073,0.327585022,0.039916514,0.381316231,0.024875164,0.381780089,0.02827494,0.396731833,0.024664989,0.400095064,0.018414924,0.374812534,0.001994255,0.413728764,0.022282698,0.393716947,0.040790992,0.408664617,0.021810435
124,0.609616042,0.609632974,0.609668859,0.609698435,0.328359797,0.012693971,0.327630778,0.008151761,0.324188376,0.009866623,0.311091422,0.04191065,0.366220449,0.004618123,0.369428955,0.010905451,0.372124098,0.016750832,0.386614769,0.040119168,0.381145131,0.008021422,0.407821079,0.00781286,0.40969786,0.019854939,0.399205771,0.024639898
125,0.610560736,0.610593382,0.610631878,0.61069459,0.331788563,0.018772466,0.352046128,0.00081923,0.334888243,0.018110788,0.313685133,0.030072482,0.355742472,0.003132395,0.398151701,0.006967596,0.36469456,0.023053755,0.374502076,0.030033602,0.369947603,0.022755465,0.406076476,0.02324294,0.391132895,0.021605336,0.38514206,0.034071284
126,0.611580524,0.611603661,0.611698997,0.611652684,0.346840295,0.020672805,0.34806463,0.01216246,0.315292475,0.029442006,0.324752163,0.034461829,0.362748376,0.00807899,0.36993788,0.0250291,0.378478671,0.018697504,0.39343031,0.038817439,0.398423835,0.028515731,0.407911314,0.030194433,0.397381695,0.02841605,0.433603011,0.059246563
127,0.612598109,0.612621469,0.612618611,0.612653139,0.325039568,0.004687415,0.339721178,0.019566816,0.345158705,0.020197251,0.308339139,0.032041604,0.354591718,0.013185648,0.391418359,0.011962951,0.376995163,0.022327657,0.362708877,0.025648984,0.372963005,0.008189929,0.387862255,0.013304668,0.39322768,0.003120871,0.401282435,0.053285002
128,0.613610541,0.613645446,0.613679234,0.613703357,0.32941614,0.002561282,0.327520202,0.001585428,0.312251661,0.015455231,0.310701896,0.039370758,0.365784343,0.02104699,0.367450188,0.014879015,0.364081215,0.017326524,0.381926778,0.025603946,0.384887365,0.019256382,0.419219549,0.024945055,0.40769854,0.023423834,0.400440674,0.02956294
129,0.614613418,0.61462078,0.614655984,0.61471119,0.334119492,0.011724265,0.338180914,0.00956502,0.329783012,0.020835846,0.300748548,0.033606217,0.35733325,0.003176128,0.391396371,0.007778153,0.370288547,0.013210448,0.392962882,0.017527344,0.399249739,0.026881507,0.395689111,0.01126056,0.402655155,0.020807319,0.413713149,0.046844048
130,0.615621681,0.61562679,0.615693429,0.615705291,0.330320074,0.015928549,0.335686156,0.010332205,0.314250168,0.024396739,0.321940378,0.039999824,0.355936916,0.009250271,0.392104234,0.014576818,0.381823136,0.042117466,0.393995084,0.060141877,0.362303665,0.000922536,0.39822133,0.01422036,0.386748264,0.024353863,0.385514872,0.010268353
131,0.616521647,0.616646548,0.616681876,0.616711011,0.348956489,0.018358823,0.341199198,0.027967211,0.32295317,0.026794316,0.298802371,0.032052795,0.349789775,0.012314107,0.37470064,0.013468397,0.373477991,0.019814813,0.359571168,0.031372319,0.379919732,0.001699339,0.398138556,0.005834826,0.384394687,0.01765683,0.392606806,0.034681688
132,0.617584976,0.617639522,0.617652442,0.617694548,0.318440287,0.006153562,0.331319044,0.00717452,0.326422886,0.003979789,0.315784561,0.042378241,0.362502314,0.007612412,0.371397693,0.010101295,0.363081361,0.020751271,0.368432634,0.025069271,0.392340627,0.00958039,0.403700485,0.013118901,0.398586813,0.016276149,0.39320819,0.010627756
133,0.618579352,0.618613602,0.61869506,0.618711975,0.331865853,0.005979017,0.356456076,0.026919647,0.320482629,0.029910589,0.303136833,0.035382306,0.359563343,0.022792737,0.382739165,0.014517245,0.366229729,0.02698476,0.380368099,0.051131272,0.357763968,0.022156936,0.394019856,0.015456493,0.39238251,0.022025417,0.406036846,0.04802974
134,0.619605457,0.619598394,0.619667709,0.619719874,0.324902223,0.004466674,0.335799956,0.011040039,0.324930908,0.025642561,0.305447829,0.034940686,0.37743363,0.01719155,0.375160309,0.009450428,0.364463081,0.027283304,0.367833172,0.034457822,0.375817074,0.012254612,0.395731105,0.024247901,0.394188099,0.020490678,0.394541334,0.030428889
135,0.620607203,0.620615893,0.620633918,0.620712858,0.323956018,0.013354463,0.325918541,0.01193555,0.314103703,0.006239219,0.301132364,0.033709575,0.349997083,0.00289103,0.363758452,0.014133128,0.369377765,0.017785133,0.369991833,0.034403711,0.376955799,0.009040946,0.421468058,0.034765168,0.379447181,0.010259341,0.394459545,0.031183144
136,0.621544348,0.62163887,0.621670179,0.621715441,0.335755352,0.012582896,0.331077906,0.018757621,0.316038342,0.035920971,0.304439578,0.021309534,0.362216315,0.008336767,0.395234148,0.025113394,0.377129671,0.013856235,0.359355147,0.025029032,0.37447854,0.015740225,0.378979139,0.017995685,0.409816915,0.029186743,0.418180432,0.057707933
137,0.622579867,0.622625681,0.62268526,0.622697847,0.316000073,0.004482242,0.32881356,0.008948082,0.313924045,0.017417953,0.301360529,0.048020564,0.352890463,0.007623035,0.370003996,0.020157487,0.360271156,0.033031708,0.370622654,0.032449014,0.365539382,0.006194568,0.400436411,0.029238258,0.397314265,0.020089611,0.370804163,0.01870635
138,0.623540103,0.623621983,0.623632346,0.623687708,0.330085163,0.014117668,0.337427511,0.015785469,0.32208511,0.030869868,0.291885121,0.02257052,0.353476422,0.005614955,0.377233748,0.016052919,0.36104926,0.016537246,0.362387778,0.025249385,0.387180421,0.021476528,0.407856563,0.024516202,0.379860971,0.01448355,0.382560126,0.024888089
139,0.624589709,0.624661813,0.624667515,0.624692404,0.328883606,0.014615855,0.321193413,0.015511467,0.309436409,0.007836844,0.309426009,0.044459495,0.355666786,0.011680448,0.374285709,0.012684956,0.362427228,0.030506757,0.361356912,0.049274415,0.372158304,0.018003965,0.388784665,0.002364246,0.382107056,0.022205196,0.381011418,0.022910817
140,0.625587284,0.62561267,0.625616776,0.625687473,0.32075514,0.013230253,0.336250496,0.010051139,0.320151446,0.009979306,0.300394966,0.039062348,0.353430096,0.021106574,0.36099281,0.008083581,0.374252923,0.016922554,0.355601049,0.010285498,0.376873756,0.003490572,0.394933344,0.012851383,0.38401791,0.012846878,0.402795164,0.060169896
141,0.626562482,0.626619597,0.626652997,0.626692195,0.332473047,0.020539746,0.33229035,0.017816423,0.310770589,0.034408943,0.288925629,0.023289273,0.380174754,0.030867606,0.370824296,0.021587783,0.348828819,0.014494215,0.360718216,0.022839137,0.374658287,0.023084473,0.38905355,0.015151329,0.372580744,0.020674231,0.381156888,0.02437751
142,0.62756724,0.62761484,0.627652105,0.627746692,0.326864076,0.006814,0.332950889,0.00473241,0.314576101,0.010840073,0.291800824,0.043945988,0.348476741,0.003150907,0.371482665,0.008001321,0.357244599,0.020713883,0.355052066,0.025701061,0.378948891,0.020007025,0.400259615,0.019925127,0.396394813,0.031812953,0.384545797,0.011558004
143,0.628570827,0.628572999,0.628640632,0.62868984,0.317703787,0.010299135,0.32371958,0.023602195,0.316521852,0.032732313,0.292729545,0.024290609,0.361011727,0.012212251,0.369991082,0.004259507,0.359986312,0.023476807,0.355558115,0.042625675,0.359336199,0.010955386,0.385568584,0.012070669,0.375349778,0.017135749,0.368336704,0.037661822
144,0.629547883,0.629593678,0.629680877,0.629667917,0.329465517,0.007744276,0.325997501,0.021151326,0.305080862,0.018940532,0.304956767,0.048174422,0.358699437,0.018434561,0.378013117,0.038913736,0.358749029,0.017977111,0.368481592,0.019801385,0.363257073,0.007520971,0.38569066,0.011263624,0.369003774,0.002311198,0.379652672,0.031585152
145,0.630608802,0.630573016,0.630633391,0.630709832,0.323052223,0.012046387,0.333546278,0.005638457,0.316822334,0.003559726,0.28832121,0.0299149,0.361119147,0.007583686,0.36582241,0.008508339,0.35098418,0.021661944,0.351673536,0.038315714,0.373529588,0.002941631,0.379687485,0.014869043,0.38110605,0.020768637,0.386049735,0.030243896
146,0.631564637,0.631643598,0.631636723,0.631709158,0.334613652,0.007953793,0.309372194,0.023675616,0.316689873,0.020414258,0.278666648,0.023396041,0.348585291,0.002796364,0.353140468,0.014697701,0.34622832,0.023563704,0.344314259,0.041613253,0.369035575,0.020705399,0.401081786,0.01648804,0.385067795,0.027052871,0.35688507,0.015991592
147,0.632584074,0.632636539,0.632677199,0.632667235,0.312295542,0.00478178,0.332005546,0.012366423,0.304418681,0.031059468,0.307650339,0.039819714,0.346282303,0.005323189,0.371617868,0.023603903,0.364195387,0.026664133,0.359252949,0.031745009,0.37522636,0.014975707,0.391290368,0.028628419,0.376958592,0.01655953,0.384293239,0.039428415
148,0.633546285,0.633623292,0.633659204,0.63374714,0.316708053,0.019329092,0.33874536,0.038798944,0.312386329,0.012972211,0.27359493,0.030843358,0.36344214,0.010327839,0.372563673,0.03173725,0.353062766,0.017159987,0.350036105,0.036115432,0.366324981,0.018358894,0.381719459,0.007507173,0.375718275,0.041088982,0.370479242,0.018735238
149,0.634539219,0.634625881,0.634680643,0.634699913,0.32909486,0.007832719,0.320008547,0.020995954,0.29393865,0.01282548,0.289795808,0.026673709,0.355265832,0.018226942,0.368460742,0.011449806,0.355760048,0.009964222,0.34705745,0.017919659,0.365251394,0.016609553,0.384873481,0.008424985,0.386027136,0.028243892,0.362678409,0.005580078
150,0.635543922,0.635605237,0.635690266,0.635746972,0.321634974,0.019487404,0.331950296,0.006831285,0.314172538,0.030170211,0.277358108,0.029326967,0.346617656,0.009306443,0.358411625,0.013466476,0.355488119,0.030841062,0.342115656,0.047152574,0.378399161,0.026390653,0.39021265,0.004946763,0.38484336,0.028216938,0.391978703,0.052734952
151,0.63658255,0.636654498,0.636674523,0.636742127,0.314445194,0.015561271,0.320939456,0.014863702,0.296848411,0.020800259,,0.048147255,0.347550441,0.00346125,0.368646269,0.006022202,0.355564274,0.015902143,0.357013487,0.025638009,0.358411994,0.00837905,0.379657214,0.023191527,0.377171133,0.030557449,0.359890636,0.029959358
152,0.637557438,0.637582854,0.637660829,0.637740405,0.329579142,0.008860302,0.332360124,0.012524192,0.311852774,0.017010834,0.711117483,0.766362502,0.346431406,0.013049776,0.376234678,0.046381243,0.346111274,0.017938634,0.329886664,0.021215488,0.371156859,0.009559664,0.382332557,0.01304927,0.373621582,0.016113297,0.352129465,0.02642425
153,0.638541738,0.638630951,0.638660936,0.63875039,0.315728501,0.010514283,0.315034157,0.026037814,0.302868575,0.015978808,,0.034006693,0.358998632,0.015127439,0.366882506,0.028804986,0.361331432,0.028708832,0.35113299,0.021623493,0.371022974,0.030920732,0.390569236,0.011178279,0.361988657,0.022186298,0.405675653,0.050792903
154,0.639568413,0.639590118,0.639646137,0.639734868,0.327796354,0.026093851,0.326806424,0.01025447,0.300408657,0.020679485,0.286893901,0.035353209,0.356308712,0.022419681,0.357478994,0.015427738,0.338815474,0.012862336,0.342361783,0.036011263,0.356938455,0.006603507,0.366154223,0.010374881,0.373309397,0.010602241,0.352659478,0.025000181
155,0.64055902,0.640602112,0.640692997,0.640716306,0.31225121,0.008550878,0.317254909,0.027622833,0.2944237,0.025632587,0.273950227,0.03668237,0.346094934,0.018468903,0.36324147,0.008997114,0.349889361,0.032372251,0.3405289,0.022736496,0.36189277,0.005856781,0.379029171,0.012738631,0.372044659,0.035160004,0.350815423,0.013044854
156,0.641516674,0.64156969,0.641667553,0.64169854,0.325428688,0.011261028,0.315309426,0.009424545,0.303593917,0.023295212,0.274255461,0.023671039,0.365498441,0.022024556,0.360952663,0.023665919,0.347514162,0.012571291,0.338781365,0.051133758,0.357957087,0.001572862,0.410100694,0.025471529,0.366465335,0.015612352,0.37984568,0.056096184
157,0.642512474,0.642521101,0.642665502,0.642670375,0.324120564,0.013804245,0.32668074,0.008398831,0.307010669,0.028994968,0.283772324,0.024726478,0.343718585,0.00838824,0.354914626,0.020157218,0.354512984,0.011148138,,0.023097367,0.353784279,0.003831114,0.364963136,0.014986676,0.379044676,0.023841675,0.343814332,0.009390382
158,0.643495622,0.643533083,0.643581836,0.643683515,0.321791477,0.010379199,0.320487538,0.020152893,0.305022893,0.021066782,0.27699869,0.052917211,0.353414273,0.008316195,0.360213722,0.013445381,0.348323065,0.010972038,,7.694740126,0.370967403,0.010862374,0.376637688,0.013696623,0.372443205,0.028033421,0.385065209,0.039091581
159,0.64450095,0.644570539,0.644651957,0.644637329,0.312644626,0.030089514,0.308282785,0.035513053,0.282301657,0.016304327,0.283681204,0.023881724,0.341199377,0.005467145,0.362660273,0.016367815,0.338840473,0.015940788,,7.951734699,0.360877083,0.019217954,0.382283788,0.006558131,0.3643202,0.019055806,0.332448579,0.0261208
160,0.64547357,0.64557728,0.645597748,0.645674782,0.326927057,0.024166738,0.31192494,0.002317227,0.314984785,0.030702533,0.258477622,0.027407566,0.336041089,0.005079523,0.360541589,0.002787362,0.347243884,0.028201881,,0.034247942,0.365361362,0.014981082,0.371512421,0.027487819,0.365029541,0.02594853,0.376673778,0.023103022
161,0.646488679,0.646548986,0.646626288,0.646687977,0.316556475,0.004424576,0.318585256,0.00921668,0.29852339,0.016034452,0.280271064,0.044907523,0.364407538,0.024646067,0.367681905,0.024005894,0.337486047,0.02003894,0.334722425,0.031224667,0.348651217,0.02010487,0.382490389,0.010164331,0.365856929,0.013253943,0.346263617,0.026525399
162,0.6474992,0.6475567,0.647595609,0.647648043,0.305882266,0.01323389,0.308196108,0.019886336,0.295025815,0.015024792,0.264701368,0.017765625,0.353052355,0.021143088,0.358007434,0.01131695,0.34403506,0.012066253,0.342910521,0.02645071,0.351125783,0.008136082,0.363283823,0.023027882,0.347477213,0.016530902,0.364783866,0.037275138
163,0.648473814,0.648551763,0.648594591,0.648681448,0.318016004,0.010193515,0.314557971,0.016815845,0.300244749,0.025558409,0.26793934,0.039680355,0.331956411,0.011017723,0.35618433,0.02517667,0.335426847,0.029906646,0.335176807,0.033233248,0.364416561,0.013430202,0.389690292,0.013670079,0.372067407,0.029174352,0.350915212,0.00827889
164,0.649434354,0.649532931,0.649612707,0.649699854,0.308858933,0.019653704,0.313734925,0.007626765,0.288655294,0.015949842,0.263735089,0.021917624,0.356152196,0.018430647,0.349771726,0.014465878,0.333413291,0.011016013,0.321639806,0.019009472,0.358174376,0.008608969,0.368436538,0.016837248,0.351842487,0.016014834,0.351220536,0.039318344
165,0.650468224,0.65051202,0.650637108,0.650688578,0.308070119,0.007193,0.319210501,0.010248411,0.289932253,0.016435435,0.269652317,0.035116142,0.331229763,0.017886108,0.356202079,0.014667818,0.344436521,0.019927664,0.341481542,0.030207264,0.344014389,0.002009719,0.373766255,0.023628905,0.368368311,0.020557032,0.344202567,0.03461812
166,0.651504039,0.651526001,0.65160956,0.651674114,0.308220389,0.008305207,0.302172466,0.021112657,0.29058982,0.028566855,0.269537994,0.027386393,0.349233787,0.01257456,0.354583977,0.011233627,0.340355459,0.018097022,0.314490664,0.013480616,0.355188475,0.012519434,0.370393422,0.017236108,0.350402404,0.021668381,0.351204126,0.028496665
167,0.652484851,0.652570861,0.652635012,0.652680928,0.311831069,0.01018638,0.31460736,0.023812081,0.283196074,0.015078314,0.262975259,0.026277933,0.325441373,0.002833814,0.357741949,0.015441225,0.324143147,0.023782932,0.342133184,0.039597922,0.344243504,0.015834143,0.363921503,0.010490776,0.357804931,0.017413714,0.348949031,0.028087364
168,0.653447231,0.653529762,0.653630909,0.653704646,0.335769811,0.028287174,0.310624644,0.015044695,0.294554864,0.020958143,0.251516411,0.033457918,0.361088971,0.011023472,0.338327426,0.005540976,0.337100215,0.001761606,0.313277296,0.020649255,0.368265927,0.014570963,0.370884989,0.004140013,0.363505949,0.008648298,0.353739707,0.033980617
169,0.654439164,0.654568131,0.654634075,0.654626617,0.321121162,0.014952681,0.302513461,0.009536929,0.284267326,0.015810363,0.277415497,0.030054758,0.355776666,0.023243874,0.363573363,0.012648677,0.327445385,0.036126848,0.320212896,0.027242976,0.34321948,0.004203658,0.365923549,0.022284971,0.346173663,0.021615784,0.346046691,0.022230915
170,0.655502448,0.655551419,0.655624602,0.655698008,0.303733847,0.009467978,0.304562725,0.018399464,0.283152334,0.021270245,0.254750435,0.034215719,0.347121084,0.009443604,0.349251169,0.013382883,0.339841444,0.030071586,0.322846577,0.027190511,0.354500327,0.014018434,0.361484587,0.013732142,0.356402542,0.018861137,0.329731415,0.018000042
171,0.656451251,0.656562225,0.656617204,0.656710141,0.303885249,0.022358803,0.327035458,0.028496527,0.294022561,0.017871631,0.26348234,0.02866259,0.338340316,0.018773167,0.352046366,0.006554792,0.331187205,0.009872382,0.32140584,0.022596874,0.342598129,0.018620043,0.365486374,0.005423716,0.350836448,0.00709657,0.346117268,0.023274326
172,0.657501913,0.657544363,0.65760459,0.657684059,0.306855167,0.013448549,0.306058716,0.020649518,0.28233834,0.015651453,0.252548082,0.022568535,0.326298285,0.008166668,0.345961705,0.011749456,0.320478906,0.015539868,,0.115085276,0.346542039,0.013083992,0.362547553,0.009850912,0.349936848,0.025415872,0.342909687,0.013156597
173,0.658432547,0.658544574,0.65863108,0.658677003,0.309560438,0.017331168,0.311664563,0.013271039,0.287637005,0.021780715,0.261508,0.035356382,0.340257313,0.008651843,0.344859215,0.005779073,0.332171538,0.022810896,0.688144222,0.647416545,0.351267252,0.017000012,0.368920595,0.018690783,0.354617088,0.012547538,0.334695708,0.034496168
174,0.659464058,0.659536277,0.65962055,0.659662573,0.292845661,0.010850086,0.298433727,0.015474888,0.281262137,0.026985665,0.26569902,0.026091561,0.340619505,0.015951562,0.353213611,0.032185125,0.330516598,0.016802482,,0.006706133,0.353346827,0.006282028,0.368565519,0.006042034,0.338288631,0.039152327,0.332160121,0.02972209
175,0.660437023,0.660522653,0.660603546,0.660661897,0.309471717,0.009401303,0.302519222,0.016983478,0.281845838,0.009539268,0.250468696,0.023456764,0.33753762,0.008027547,0.343120869,0.004490843,0.320231683,0.017926741,0.324342765,0.030794962,0.356302472,0.036751893,0.361115261,0.010090943,0.346136852,0.007423522,0.344306124,0.009831381
176,0.661380404,0.661582434,0.661655553,0.661710006,0.309328817,0.014566241,0.306976237,0.007732406,0.283651781,0.03562171,0.240776447,0.035594194,0.35129319,0.015664855,0.346034249,0.009218078,0.335254339,0.020356871,0.297934373,0.026840072,0.350963539,0.023292315,0.374065731,0.027417569,0.356877486,0.019170263,0.349102214,0.052057789
177,0.662431971,0.662507561,0.662628971,0.662710381,0.306108269,0.005735165,0.322576612,0.030897336,0.288537827,0.032037759,0.256351728,0.02975201,0.326616209,0.011186546,0.348267445,0.026670302,0.319233893,0.026208198,0.327807869,0.03537767,0.33689762,0.012374279,0.364958867,0.020375047,0.337198096,0.015684188,0.322738093,0.011542386
178,0.66343592,0.663499231,0.663632189,0.663671583,0.318288652,0.014778626,0.306625156,0.027578181,0.27895035,0.012725321,0.252957959,0.028750155,0.32802817,0.009519171,0.33819685,0.00599351,0.323582187,0.029508018,0.31457242,0.035341173,0.337722145,0.00724454,0.361304658,0.006701946,0.34349375,0.010021168,0.322445615,0.035053944
179,0.664448104,0.66459045,0.664586556,0.664634849,0.296982123,0.010228443,0.288953996,0.017735493,0.281353628,0.01914313,0.253841101,0.028509618,0.342548445,0.013209712,0.343579452,0.009210697,0.327202311,0.007304774,0.295393073,0.021994064,0.342459468,0.005128005,0.360184676,0.018562497,0.353210236,0.019536353,0.338929734,0.01993157
180,0.665427376,0.665538632,0.665593995,0.665679801,0.307973865,0.018301757,0.306007919,0.016045422,0.281029491,0.026998365,0.243492025,0.025764004,0.343130118,0.019789017,0.336751046,0.012764512,0.308779438,0.005055582,0.314224203,0.017636304,0.354997191,0.010190337,0.361081997,0.015535662,0.331781757,0.013535917,0.325807968,0.02889141
181,0.666426762,0.66653657,0.666613059,0.666676972,0.304212191,0.021489743,0.295027308,0.00965086,0.273796409,0.016497222,0.253073008,0.033189816,0.334031622,0.013314631,0.340769189,0.014006156,0.33903643,0.033879302,0.299160781,0.013498475,0.337010264,0.013017525,0.335517387,0.011244262,0.348202522,0.027816171,0.316584876,0.027563669
182,0.667415542,0.66753874,0.667619445,0.667641333,0.29667749,0.007623209,0.302771309,0.016109118,0.274648064,0.018243104,0.247250792,0.027635915,0.334264644,0.017064096,0.34210538,0.022619911,0.319548657,0.030311497,0.31023491,0.031216832,0.351571289,0.013386378,0.362633862,0.005676453,0.333738571,0.013072249,0.332007371,0.030259855
183,0.668464576,0.668468772,0.668572695,0.668631183,0.30033601,0.00812665,0.306974784,0.024122405,0.280911135,0.01490961,0.246275794,0.020906499,0.335591487,0.010462796,0.358667549,0.017299932,0.307170071,0.012735908,0.289312528,0.033915813,0.327369094,0.017375387,0.347073019,0.006516627,0.338796,0.019043075,0.323896865,0.020249604
184,0.669412963,0.669531382,0.669609826,0.669684587,0.298730521,0.014303726,0.286704308,0.010230853,0.268169913,0.017431937,0.240942056,0.033200984,0.328095833,0.009880568,0.335938222,0.016650111,0.314490343,0.014020315,0.309136752,0.022006855,0.335072312,0.003255638,0.355737037,0.012209502,0.342166484,0.030867387,0.32448336,0.022415114
185,0.670390033,0.670540863,0.670609726,0.670691269,0.309781825,0.021597544,0.297319955,0.018789832,0.275793316,0.020181953,0.244731894,0.03434398,0.332732351,0.013538389,0.33665644,0.002536671,0.315326539,0.02800604,0.306153129,0.00787334,0.333847103,0.013268546,0.35442047,0.010489343,0.327254812,0.007563963,0.322766667,0.015942697
186,0.671420258,0.671533544,0.67165216,0.671718247,0.300145492,0.007834865,0.297593966,0.00795756,0.266638659,0.018359414,0.231217594,0.013591037,0.324129604,0.015143514,0.342929448,0.015401942,0.319440686,0.010210293,0.300277325,0.033353379,0.339652345,0.028799506,0.348066234,0.019184419,0.334478556,0.01353008,0.317982381,0.027034355
187,0.67246936,0.67254412,0.672611825,0.672679321,0.291677114,0.013733684,0.287650973,0.021431369,0.270704802,0.016592271,0.253001447,0.039207172,0.32294936,0.010570823,0.329980778,0.021278963,0.314949503,0.026478143,0.302288129,0.022588173,0.336489128,0.010637372,0.339403882,0.006068849,0.337924877,0.009974808,0.328850264,0.027886129
188,0.673428366,0.67353345,0.673649953,0.673706361,0.298668853,0.009571962,0.294543673,0.01188926,0.274118226,0.021445672,0.234829956,0.035585219,0.339641118,0.021566005,0.333692708,0.000916404,0.323364035,0.025014873,0.295102814,0.021162891,0.34908706,0.03420875,0.358697681,0.027387135,0.330828896,0.024599855,0.314000174,0.024536258
189,0.674435095,0.67455894,0.674625566,0.674668685,0.292906998,0.013020039,0.290290159,0.010502384,0.270501804,0.013979192,0.237133031,0.013984,0.339562997,0.018356376,0.330668535,0.010585361,0.299689015,0.020090263,0.296413023,0.023084924,0.334837488,0.017356456,0.342413772,0.019452678,0.32496833,0.024673552,0.313128681,0.018568254
190,0.675385336,0.675536684,0.675641531,0.675727575,0.293668852,0.014918551,0.303794666,0.006803777,0.264563684,0.023207138,0.232321708,0.029007398,0.327395496,0.009721062,0.328530791,0.01288749,0.316968151,0.019753166,0.294830163,0.02172459,0.329027974,0.008473932,0.355767626,0.022731666,0.33555445,0.010254024,0.317113198,0.039423511
191,0.676377562,0.676531179,0.6766351,0.6766643,0.308244531,0.021546135,0.289543584,0.014321327,0.269510612,0.013055559,0.248484159,0.027616863,0.317872556,0.003277857,0.334754563,0.016885095,0.304968091,0.023788817,0.301119562,0.032922212,0.324635605,0.000786208,0.359555604,0.013896474,0.340831915,0.023196606,0.320312105,0.002008657
192,0.677392872,0.677479168,0.677664395,0.677662204,0.294438658,0.01675713,0.29873261,0.028320672,0.26560615,0.019865016,0.23473514,0.023306729,0.325823948,0.003174102,0.327178663,0.020047794,0.320938541,0.036324811,0.283913205,0.001946698,0.340778591,0.025564468,0.334327881,0.007685632,0.343379674,0.036126125,0.313161645,0.043510149
193,0.678356269,0.678543711,0.678596076,0.678665475,0.297304801,0.012382021,0.283692287,0.0133364,0.273333704,0.020139026,0.226540292,0.029321154,0.308725094,0.010113866,0.327438558,0.007637585,0.309943098,0.007663298,0.289415261,0.033172769,0.320862438,0.011416936,0.338875338,0.020025915,0.322431249,0.018745083,,0.13415883
194,0.679363411,0.679476401,0.679590523,0.679694159,0.292917851,0.008445985,0.300978991,0.02714505,0.263382919,0.014698354,0.232838834,0.026719719,0.34605812,0.011271282,0.340464412,0.022394062,0.299682977,0.018579304,0.28713873,0.027811725,0.338963938,0.029279086,0.338739972,0.005377745,0.331720572,0.01875067,0.680883021,0.653633615
195,0.680380005,0.680565059,0.680627102,0.680659225,0.29175989,0.011896244,0.27367759,0.015548403,0.263698242,0.018783907,0.234707911,0.037268895,0.319369368,0.016729393,0.328500824,0.01486984,0.30764692,0.011707796,0.288792689,0.023919744,0.326578137,0.001943699,0.335490849,0.016741469,0.318111437,0.014063641,,0.015522763
196,0.681391243,0.681481853,0.681569398,0.68166773,0.291140543,0.020027116,0.303235131,0.020064786,0.266220045,0.019590578,0.230682608,0.023796176,0.313215979,0.01393658,0.336638979,0.018519682,0.303855083,0.0273376,0.287080971,0.030934215,0.32298968,0.00431719,0.347385651,0.021653643,0.329755445,0.026741553,0.305494664,0.030872241
197,0.682365404,0.682504691,0.682544564,0.682683661,0.291056755,0.01299923,0.276396377,0.015287311,0.261631096,0.02320852,0.23593276,0.034198869,0.326591699,0.032232992,0.321492437,0.007954864,0.305066338,0.026883112,0.285922609,0.011887008,0.323684544,0.001981683,0.332824081,0.020541321,0.309261097,0.006639086,0.311163886,0.014363852
198,0.683356406,0.683485146,0.683583409,0.683661413,0.284981354,0.006525375,0.291456467,0.014572184,0.269679542,0.021043231,0.227870062,0.023581911,0.321302319,0.00424253,0.326348404,0.009673138,0.301585494,0.012053958,0.280028675,0.034337537,0.334078663,0.014266651,0.330896325,0.008657793,0.323383174,0.017720562,0.305592685,0.025655107
199,0.684318988,0.684523919,0.684599949,0.684618029,0.30468381,0.031153545,0.270989742,0.006927045,0.257760281,0.014471509,0.230113105,0.025619388,0.327308922,0.023765288,0.328002984,0.018295716,0.311687628,0.025917673,0.281457284,0.019417239,0.311224679,0.007669701,0.34348407,0.006862962,0.320416402,0.008671085,0.301708586,0.01914775
200,0.685350289,0.685494619,0.685581515,0.68566578,0.281601469,0.010915988,0.269848741,0.016403803,0.25621296,0.017996291,0.209331835,0.019843899,0.320971301,0.025001227,0.317101228,0.013515297,0.297139045,0.006248337,0.28493798,0.024416459,0.342081607,0.029724846,0.342703973,0.023189164,0.317844836,0.015708857,0.310107353,0.032454667
201,0.68629678,0.686442086,0.686535523,0.686663612,0.293117001,0.025634299,0.299598964,0.032423786,0.264042548,0.01572883,0.237711846,0.033761678,0.31815534,0.019982565,0.32126882,0.014755953,0.308589277,0.025342478,0.273997164,0.023338588,0.322200188,0.003898551,0.341533124,0.003944419,0.33040825,0.006024716,0.298204878,0.030695274
202,0.687323742,0.687481868,0.687589215,0.687638208,0.291034249,0.009687041,0.277922684,0.027332274,0.24746595,0.020410697,0.228018186,0.027912405,0.298486369,0.014165544,0.329856287,0.026541492,0.294098634,0.01910639,0.288287537,0.028274604,0.309382936,0.006591563,0.334706005,0.019254161,0.315560715,0.015077923,0.299269966,0.010954451
203,0.688301902,0.688486596,0.688556955,0.688605365,0.283989408,0.006281256,0.282171812,0.005982096,0.267446605,0.022713261,0.222410122,0.022980077,0.323866263,0.021453166,0.312736981,0.018610735,0.304266481,0.002922954,0.272277151,0.010040259,0.320931258,0.020252923,0.331002534,0.010341277,0.313354946,0.021972918,0.288942084,0.022980966
204,0.689351052,0.689481744,0.689565011,0.689610603,0.286877938,0.017767281,0.279281056,0.004326306,0.25316455,0.014331014,0.217233058,0.028485256,0.314692785,0.012378939,0.321713475,0.010987106,0.300291137,0.026557378,0.276928486,0.030829283,0.318145258,0.003290123,0.321282229,0.007030336,0.305413249,0.005340746,0.295295538,0.022273067
205,0.690347222,0.690467338,0.690569891,0.690666727,0.287625484,0.0210125,0.288875106,0.011735256,0.254810523,0.016466727,0.219836258,0.033933789,0.341950632,0.03332435,0.304678682,0.032310765,0.288413924,0.007677312,0.266313443,0.014681722,0.317081822,0.026221575,0.333150999,0.01099058,0.318235904,0.015412144,0.302775171,0.026691919
206,0.691320339,0.691479417,0.691569508,0.691658368,0.278882586,0.015005894,0.264654534,0.007633677,0.253771231,0.009009505,0.220604697,0.020427584,0.294122878,0.013725543,0.315153485,0.017219179,0.289843959,0.023475157,0.274187961,0.032236546,0.307210528,0.014004018,0.327767502,0.005017982,0.310446721,0.024967352,0.292156248,0.010902875
207,0.692300591,0.692498247,0.692570204,0.692626672,0.280208312,0.003294088,0.297542495,0.017193771,0.249165676,0.021748547,0.215654622,0.02152658,0.320511192,0.002809498,0.317138531,0.006436408,0.294607075,0.025076597,0.271639752,0.009276161,0.314430791,0.004377609,0.322566182,0.00351097,0.308862404,0.014378161,0.293446055,0.023334704
208,0.693340004,0.693455606,0.69362068,0.693661743,0.281023816,0.008318933,0.272286985,0.027407516,0.246951073,0.016436805,0.213605959,0.021647984,0.30783464,0.008159557,0.330568107,0.005642805,0.29163985,0.019669554,0.278028398,0.01739481,0.320974785,0.020220127,0.319826517,0.010233301,0.307702173,0.019703869,0.288388533,0.028244402
209,0.694338199,0.694466552,0.694557653,0.694663944,0.275526927,0.014082882,0.278855145,0.010026236,0.253025686,0.025478017,0.221562537,0.028194267,0.302701838,0.005024335,0.309208629,0.014222235,0.284405438,0.011728946,0.278680391,0.015573105,0.319006415,0.014602654,0.337238671,0.025397749,0.303994544,0.015550689,0.300000934,0.01960964
210,0.695290649,0.695474253,0.695549484,0.695641714,0.293137102,0.001294966,0.272889192,0.016672094,0.254247659,0.008543723,0.215214768,0.026005782,0.313931194,0.020170098,0.313499471,0.033742251,0.291133577,0.028117461,0.268344299,0.022595352,0.316415173,0.025704416,0.330808684,0.010515534,0.300795934,0.016697335,0.288892409,0.009945856
211,0.696324261,0.696478901,0.696598694,0.696630014,0.296215055,0.017725202,0.268611572,0.017184281,0.258154789,0.01771718,0.216499397,0.028465267,0.313942432,0.009506363,0.311291319,0.005289053,0.291459141,0.000353194,0.266688278,0.033131661,0.31481561,0.010604656,0.317048533,0.008097659,0.309594498,0.004623333,0.288108683,0.034447632
212,0.697292261,0.697493936,0.697582263,0.697603627,0.275539131,0.018724235,0.268044411,0.008114947,0.24715117,0.014437326,0.209742973,0.020014592,0.309184383,0.020958116,,0.021757325,0.285788423,0.019985999,0.264958121,0.011970474,0.31261742,0.004302889,0.327064961,0.015907388,0.30294028,0.011786802,0.289290377,0.015500419
213,0.698222263,0.698529218,0.69859135,0.698625927,0.283334435,0.013542687,0.269069875,0.022404163,0.243089943,0.014170588,0.208661844,0.029764613,0.311496177,0.014051532,,0.920612621,0.281900815,0.025675679,0.260238184,0.030561381,0.315750399,0.024674507,0.316760262,0.017055725,0.297204792,0.009431469,0.287778606,0.025746186
214,0.69929871,0.699451073,0.699558941,0.699662985,0.264096764,0.007575773,0.273683794,0.022175797,0.246410117,0.011403529,0.210100728,0.032955937,0.297674797,0.011807186,,0.573255486,0.284883472,0.024541266,0.262283781,0.007509391,0.293599123,0.003075703,0.310360872,0.006688901,0.297105236,0.028567082,0.28612836,0.027697857
215,0.700258443,0.700401465,0.700524551,0.700651353,0.278320047,0.01750929,0.277293504,0.00355779,0.245964455,0.026000519,0.207305679,0.021246037,0.320427625,0.012902618,,0.223001923,0.277626425,0.011398253,0.254744916,0.03672133,0.312391802,0.021473934,0.320656335,0.018240351,0.30060638,0.003456547,0.275879291,0.010623688
216,0.70132728,0.701434702,0.701517763,0.701639757,0.267249457,0.010764348,0.2651564,0.016955284,0.245126255,0.009127176,0.206351034,0.011247951,0.298345621,0.017895628,0.284985683,0.076501218,0.280112121,0.026809513,0.265616201,0.023295914,0.294744294,0.010229317,0.31746684,0.010431903,0.301587119,0.020404775,0.283823676,0.023731915
217,0.702270001,0.702445558,0.702571344,0.702615368,0.299012295,0.014236383,0.267883696,0.014335856,0.237989282,0.019145551,0.209464025,0.033734589,0.294874246,0.005210293,0.306153156,0.013759371,0.281443524,0.016593325,0.263071086,0.014068696,0.301034626,0.005850655,0.30824938,0.012011408,0.291835603,0.010792064,0.280274834,0.022304741
218,0.70325954,0.703426662,0.70356124,0.703641878,0.268830173,0.014449783,0.271428005,0.004369669,0.244992376,0.012671581,0.201640654,0.025059662,0.302157196,0.014529001,0.311565559,0.005906107,0.275648012,0.011807667,0.258278763,0.026017341,0.300506292,0.018928698,0.321051228,0.024065008,0.298010882,0.020660427,0.28207774,0.019695786
219,0.704258374,0.70439189,0.704557564,0.704668391,0.275098551,0.005471133,0.267284108,0.01995581,0.237330226,0.021582494,0.204589812,0.025795354,0.325170206,0.014853004,0.305229724,0.019921811,0.288151404,0.018695087,0.257507034,0.024314112,0.305068963,0.0144022,0.306762439,0.011870064,0.289951015,0.018387077,0.283183949,0.02535105
220,0.70523379,0.705422598,0.705586829,0.70566947,0.283471102,0.026818378,0.27138559,0.024320733,0.236533021,0.008855646,0.201348575,0.021508873,0.297723242,0.01268186,0.297568824,0.01468663,0.277700773,0.01883453,0.252326861,0.014872347,0.30848204,0.011166658,0.31871838,0.015470024,0.302585794,0.014593445,0.278130055,0.039379947
221,0.706274873,0.706411914,0.706594809,0.706594316,0.262853266,0.002581996,0.279203948,0.022155996,0.240812946,0.028571637,0.209862911,0.029695236,0.287927564,0.008976508,0.30485119,0.013788766,0.264609504,0.015080964,0.253636991,0.020639055,0.299516547,0.002082771,0.311621839,0.021719871,0.293873594,0.026367703,0.283398639,0.013875259
222,0.707303877,0.707403644,0.707556078,0.707665361,0.26347845,0.017842831,0.258982877,0.00510198,0.243531848,0.01437717,0.19855841,0.029664072,0.307940368,0.028168962,0.290917275,0.011253134,0.279039146,0.018626854,0.255918724,0.026028398,0.306951908,0.013017507,0.325634166,0.010688072,0.296215502,0.006503474,0.264043668,0.017412098
223,0.708213085,0.708403876,0.708505656,0.708643107,0.286595959,0.023855091,0.27106859,0.018205847,0.240949827,0.012015289,0.200426385,0.024920324,0.299481273,0.014169221,0.286371063,0.0123205,0.270776901,0.0292905,0.246650929,0.010538322,0.285953755,0.004918076,0.292473722,0.007349214,0.281021333,0.015977189,0.273984352,0.015445169
224,0.709260539,0.709427481,0.709539034,0.709632602,0.268555077,0.015042701,0.253138632,0.023908664,0.227137135,0.017183863,0.195835284,0.021977796,0.289583177,0.02372972,0.30777202,0.00537251,0.276693724,0.018778222,0.250381596,0.014045485,0.303869875,0.016194751,0.304431711,0.005785613,0.287965978,0.018533582,0.270816407,0.023412037
225,0.710253861,0.7104573,0.710580962,0.710645399,0.260783812,0.004347152,0.258949711,0.008707945,0.239480981,0.021650266,0.19527053,0.023332699,0.303400707,0.021196007,0.284468695,0.002033644,0.269886788,0.004910231,0.254375809,0.027711323,0.288616172,0.008656855,0.291166265,0.036343564,0.289904511,0.009303756,0.266234164,0.026822591
226,0.711236558,0.711474392,0.711549722,0.711659207,0.270333477,0.017722238,0.254578845,0.015715411,0.225940583,0.010058371,0.193077431,0.020666619,0.313009708,0.012801544,0.29988826,0.030142453,0.279410232,0.023334986,0.25105038,0.013323778,0.290712219,0.017511187,0.308561833,0.036538687,0.287508726,0.020788272,0.277214627,0.009593418
227,0.712220146,0.712430003,0.712551282,0.712681544,0.268834037,0.022927002,0.255783893,0.014065934,0.238148061,0.013386815,0.193513535,0.029198128,0.268827928,0.005354744,0.300204837,0.026362711,0.260500275,0.012706447,0.239050746,0.016629126,0.294605005,0.004399997,0.298315183,0.001117595,0.2707777,0.013012539,0.263941503,0.027056997
228,0.713213441,0.713438445,0.713538045,0.713657079,0.272047341,0.0208766,0.261647273,0.009465828,0.230937011,0.019509029,0.194902136,0.021614141,0.315710817,0.00383694,0.306007426,0.012061245,0.262531731,0.011592418,0.245674916,0.027585954,0.29685492,0.00675293,0.309657849,0.020671346,0.284551213,0.013762401,0.259574644,0.020028094
229,0.714229995,0.714435456,0.714596913,0.714649667,0.275598036,0.024032406,0.258195003,0.010777272,0.227498832,0.015788057,0.198334053,0.026250806,0.290757296,0.011481296,0.301621158,0.022189673,0.271500744,0.02680928,0.243065671,0.015435671,0.299224146,0.028878839,0.286287376,0.005671761,0.284057355,0.01455928,0.26561106,0.018101112
230,0.715231596,0.715413334,0.715569854,0.715664603,0.255823776,0.012327551,0.267989281,0.013401248,0.238427954,0.01487749,0.195787286,0.026393039,0.28167637,0.023453923,0.286830708,0.010441017,0.272902661,0.028988527,0.23933321,0.022048427,0.288712912,0.016557273,0.304025878,0.012459427,0.27452802,0.011570915,0.263469619,0.026077915
231,0.716162121,0.716456863,0.71654065,0.716681594,0.265214224,0.015199933,0.249068904,0.012911971,0.228925269,0.01331874,0.187867964,0.025828231,0.289593163,0.00809799,0.292613459,0.024831191,0.266747416,0.021508705,0.253755058,0.020152043,0.288874186,0.017048937,0.292164699,0.007018484,0.276886319,0.016822502,0.258159061,0.015578445
232,0.717195514,0.717380318,0.717559137,0.717618023,0.256367925,0.011452603,0.25078794,0.019437022,0.224042969,0.013584523,0.187758265,0.017038867,0.306355993,0.002045096,0.288872819,0.015388833,0.265950846,0.013066812,0.234210723,0.026713083,0.290478152,0.011933787,0.313319437,0.011878708,0.29335139,0.012801992,0.257810745,0.019501483
233,0.718157658,0.718422574,0.718589276,0.718598987,0.271355133,0.025717607,0.264973048,0.008790628,0.22220677,0.014283531,0.19061567,0.033221806,0.283424603,0.018509676,0.2833684,0.009115519,0.259652534,0.018007942,0.235514972,0.007371345,0.287773259,0.023042815,0.29400701,0.008737254,0.274605239,0.011672481,0.260827373,0.015954781
234,0.719151927,0.719409816,0.719534673,0.719640441,0.273051425,0.033090793,0.251208028,0.015085725,0.233665966,0.009229962,0.178670581,0.013988705,0.281091164,0.00832058,0.288149636,0.016358908,0.260421519,0.022475786,0.241758645,0.018067513,0.278113078,0.017590062,0.296219664,0.029008862,0.271603229,0.012085313,0.260302387,0.013191621
235,0.720144837,0.720320783,0.720489571,0.720600211,0.268510128,0.011418457,0.261439767,0.022036087,0.233551642,0.021023323,0.196499983,0.038266262,0.281217269,0.013149315,0.288614406,0.015050878,0.255128877,0.016008451,0.228009221,0.031698884,0.281112567,0.010943943,0.282284378,0.010867111,0.268077203,0.010234257,0.253221167,0.024369905
236,0.721120844,0.721419306,0.721560033,0.721588521,0.259766833,0.000599595,0.241670912,0.014870734,0.223394441,0.019926005,0.188297561,0.021207872,0.30672725,0.011667636,0.281946666,0.009249779,0.267125005,0.01040629,0.236125067,0.016467584,0.292367308,0.018471847,0.291140906,0.00899137,0.275532376,0.016807336,0.249720338,0.013532174
237,0.722117233,0.722382264,0.722510642,0.722617176,0.254132993,0.010721829,0.250764443,0.022821507,0.24397223,0.025219761,0.174906455,0.021850601,0.273154558,0.018801703,0.289913321,0.016810624,0.260205107,0.017346137,0.23263469,0.020880797,0.280264677,0.013255562,0.292801052,0.013168289,0.27183422,0.020629548,0.246340658,0.010090795
238,0.7231153,0.723339959,0.723540814,0.723621443,0.262277464,0.016394438,0.263180749,0.024761923,0.217901782,0.012663239,0.18416236,0.024514738,0.291100528,0.012363696,0.286274214,0.018548907,0.258892979,0.003510502,0.224125527,0.011711783,0.277252505,0.010475286,0.283270365,0.010936837,0.279860399,0.013357978,0.248883591,0.025383225
239,0.724116536,0.724369683,0.72449148,0.724635288,0.253935008,0.002253204,0.243932697,0.021140221,0.224528004,0.011701372,0.180968568,0.032553407,0.278126567,0.015370074,0.2903673,0.022119228,0.268818254,0.019045468,0.235641221,0.02681587,0.279123582,0.021498457,0.289936223,0.023555165,0.263306177,0.01709759,0.248669137,0.017970088
240,0.725145362,0.72534418,0.725534395,0.725584426,0.247824407,0.020770645,0.24492309,0.002726346,0.217712059,0.014803013,0.180884116,0.016302347,0.2819851,0.013164827,0.280333101,0.015197411,0.252009107,0.015767196,0.239047122,0.022376065,0.276510942,0.007986047,0.295373176,0.019694426,0.258964974,0.012205125,0.244431624,0.014663825
241,0.726139209,0.726361035,0.726525306,0.726590812,0.269779965,0.014666717,0.245369858,0.016884826,0.222047429,0.00958221,0.17474072,0.023044292,0.282515994,0.012513923,0.280085707,0.025300856,0.24764322,0.023535969,0.220847623,0.018717411,0.280511594,0.018754273,0.302278841,0.021984108,0.269175118,0.019896909,0.243401217,0.020132556
242,0.727111391,0.727351523,0.727492941,0.727573888,0.26225148,0.015871556,0.249858338,0.006562124,0.21826373,0.015969377,0.180310819,0.030522414,0.276538843,0.010809126,0.282513589,0.021152345,0.248592602,0.011147802,0.221840902,0.00497997,0.274696725,0.011087352,0.283912952,0.014067561,0.252207046,0.003329003,0.238808961,0.016133919
243,0.728130212,0.728340182,0.72853166,0.728608002,0.251469935,0.008398683,0.247699461,0.013218548,0.21419724,0.016369185,0.172787653,0.02593855,0.285589316,0.032269077,0.266884049,0.002457454,0.251631272,0.026608078,0.227961158,0.031442115,0.283171027,0.01467246,0.275465143,0.010662686,0.266017713,0.008558595,0.237526713,0.007870068
244,0.729104813,0.729335971,0.729477006,0.729597507,0.248427823,0.006080094,0.249664293,0.013610018,0.223062242,0.006300301,0.172232076,0.021189197,0.286040536,0.011698733,0.294661901,0.021751772,0.242085169,0.013084726,0.228552284,0.0249923,0.271655152,0.013379008,0.277206138,0.001388077,0.262029077,0.021326046,0.245120238,0.02255603
245,0.730093264,0.730348489,0.730518797,0.730562564,0.248487611,0.014775459,0.238054222,0.013488658,0.206872012,0.013673288,0.175549819,0.02185577,0.272574771,0.008323268,0.270221403,0.007769329,0.252289948,0.017700257,0.219168058,0.024412082,0.274005351,0.017292923,0.274163849,0.008948681,0.260586589,0.008556968,0.238178172,0.011200317
246,0.731124635,0.731378068,0.731536196,0.731621968,0.246060659,0.004907895,0.234430759,0.013803582,0.216303043,0.016692583,0.169668374,0.02152612,0.268462525,0.010324573,0.275267389,0.021269114,0.245972831,0.014493247,0.214723301,0.021918522,0.277973537,0.015397574,0.28089185,0.012135989,0.267684046,0.023967346,0.234120343,0.02647833
247,0.732111327,0.732338659,0.732475155,0.732588168,0.262827049,0.005971201,0.245780491,0.017918647,0.216596237,0.010572532,0.170943976,0.020226977,0.275586251,0.014709481,0.270447491,0.010983117,0.242488773,0.018434024,0.222194308,0.009875757,0.261114274,0.015297195,0.294223128,0.012079157,0.254156446,0.009863276,0.242318638,0.026395299
248,0.733113221,0.733404227,0.733521202,0.733625364,0.256850656,0.031115141,0.232643674,0.012776342,0.209070808,0.014919631,0.168643331,0.030834709,0.29091134,0.017286592,0.277060192,0.016123474,0.241842464,0.016779536,0.211712006,0.02321606,0.273507425,0.030511529,0.271437477,0.006408726,0.251261987,0.009955196,0.234995265,0.008174855
249,0.734114139,0.734356291,0.734523759,0.734664638,0.243269522,0.005450819,0.241619533,0.014653397,0.212456457,0.011515712,0.169697248,0.029063378,0.262538705,0.01174225,0.271608664,0.009052557,0.239833587,0.010944239,0.220762571,0.01847047,0.261573365,0.014490679,0.273490056,0.014818368,0.25517508,0.009001561,0.23219647,0.015209219
250,0.735088602,0.735344456,0.73554666,0.735596851,0.250343232,0.020068868,0.232251545,0.012477068,0.193827325,0.021243171,0.163058372,0.014417618,0.271762502,0.005268879,0.271905993,0.010971114,0.241891348,0.018012346,0.21019182,0.018027795,0.276535858,0.023209609,0.275595819,0.011346983,0.253651927,0.00951067,0.233172553,0.022301586
251,0.736076897,0.736338005,0.73650984,0.73662345,0.244739133,0.010269702,0.242120267,0.015540083,0.208601056,0.017019159,0.167251906,0.024998259,0.280021945,0.007870311,0.262120747,0.023402688,0.241437364,0.02149973,0.213433979,0.018582194,0.2603573,0.012327462,0.267786866,0.013965558,0.243547325,0.012327834,0.228977489,0.022102815
252,0.73703629,0.737297509,0.73751244,0.737607697,0.26223121,0.010498783,0.240879231,0.004230399,0.208293444,0.02467645,0.162368913,0.023698169,0.257307427,0.01123896,0.292019588,0.024422013,0.226703075,0.013415948,0.212576406,0.013414553,0.277602812,0.017049057,0.26985361,0.005266633,0.24500024,0.003747061,0.223575992,0.007346728
253,0.738080518,0.738374509,0.73852135,0.738627911,0.239425251,0.015098248,0.23838122,0.028003818,0.204771456,0.009747742,0.164621724,0.028397267,0.277825778,0.026171003,0.257909742,0.022494221,0.240219565,0.010793014,0.211592559,0.025583913,0.26039564,0.022260949,0.268314141,0.022448818,0.25328333,0.015189378,0.234296114,0.021495847
254,0.739076059,0.739344214,0.739530237,0.739591923,0.244631806,0.020300513,0.246682748,0.017531689,0.20555051,0.005145386,0.166656722,0.014975666,0.27945175,0.018025923,0.264053364,0.018459093,0.234068679,0.020154301,0.201570795,0.01791027,0.260670114,0.007625658,0.289308935,0.014409131,0.241158034,0.008961492,0.218291614,0.025082811
255,0.740052509,0.740348247,0.740497732,0.740594082,0.252575459,0.011262177,0.228030183,0.008534914,0.211100337,0.022059676,0.162582756,0.022526277,0.261783953,0.016200737,0.264308496,0.010439382,0.239732555,0.026404673,0.209534278,0.02396859,0.265876083,0.0168334,0.256443493,0.008923625,0.239504549,0.011916305,0.222079504,0.005495312
256,0.741029931,0.741362975,0.741529984,0.741646026,0.242082762,0.014546139,0.229202985,0.01573009,0.198813831,0.011569779,0.156286548,0.034198,0.259981098,0.00920305,0.269062256,0.027580492,0.232301214,0.009932013,0.209084071,0.021761402,0.260216328,0.015713044,0.275240252,0.021238762,0.243445052,0.010690755,0.227768198,0.025366675
257,0.741999887,0.742362789,0.742578132,0.742619587,0.249196055,0.004623885,0.231906071,0.01525747,0.199023514,0.010416892,0.154342477,0.013365883,0.273632068,0.009198651,0.255183214,0.013898453,0.230736611,0.016607452,0.20159987,0.019758201,0.259590497,0.011105903,0.265071605,0.005555658,0.249510439,0.006062893,0.210820991,0.0135217
258,0.743021704,0.74331897,0.743510704,0.743611177,0.237251651,0.007319616,0.226645432,0.015022871,0.20623179,0.013477327,0.155987914,0.028274103,0.265059987,0.020813894,0.263938924,0.009946932,0.225949815,0.01867221,0.201283746,0.016277467,0.255870439,0.003503597,0.259937122,0.015072524,0.245589222,0.007648019,0.214661096,0.013889261
259,0.743993374,0.74434734,0.744493156,0.74457097,0.239548256,0.01278589,0.225368145,0.008683732,0.204974192,0.015895735,0.155606145,0.023668991,0.267327476,0.008730893,0.25631941,0.013309224,0.235359664,0.008237867,0.199858007,0.020690723,0.26652949,0.02138157,0.260614557,0.008015975,0.236414645,0.021319252,0.217096647,0.028609546
260,0.74502279,0.745311026,0.745477806,0.745590089,0.239679809,0.016807485,0.232630965,0.013269347,0.196624286,0.008744476,0.149714355,0.01962202,0.26040163,0.012506107,0.267225342,0.018545717,0.223819331,0.027347199,0.200139068,0.014793364,0.260033672,0.021079462,0.271930109,0.020561876,0.238556288,0.012722672,0.21458136,0.010286169
261,0.745981998,0.746300137,0.746466599,0.746585952,0.240232382,0.014537224,0.22209147,0.0064645,0.199878451,0.010540622,0.151946276,0.027556053,0.260141882,0.017106272,0.252453637,0.014733521,0.225756241,0.011483029,0.195531172,0.017446808,0.251589172,0.005673913,0.254942565,0.012680954,0.236972927,0.007553247,0.214746473,0.020697028
262,0.746996378,0.747316825,0.747478762,0.747590313,0.24559872,0.019728676,0.222606792,0.007813241,0.19619634,0.022741148,0.149371171,0.021066103,0.26066129,0.014950659,0.264898783,0.025660663,0.223800242,0.01626358,0.195477844,0.021691705,0.251383617,0.020558107,0.256476604,0.006569251,0.229293793,0.008777858,0.203559366,0.023811724
263,0.748005495,0.748293891,0.74852158,0.748594634,0.236229485,0.012810816,0.23732873,0.003030098,0.192949125,0.009528084,0.148788491,0.027501568,0.255195515,0.01953001,0.248640715,0.007278916,0.225983377,0.016015852,0.195813801,0.018059632,0.252623484,0.013064347,0.264842195,0.009608351,0.225969857,0.007484761,0.213333021,0.007341606
264,0.748942172,0.749269854,0.749506134,0.749608468,0.24236519,0.026801421,0.231462489,0.017246901,0.196268573,0.012884804,0.14401516,0.021724739,0.266830127,0.013815055,0.254271291,0.01766294,0.227812677,0.011479292,0.187692668,0.020863047,0.255474297,0.00515912,0.2532566,0.012253654,0.234004026,0.012596607,0.207553406,0.029010628
265,0.749964844,0.750331041,0.750500276,0.750614957,0.230309619,0.012202608,0.212538724,0.011550675,0.19549591,0.010168842,0.144713918,0.021161353,0.251973298,0.013711765,0.262212837,0.026774539,0.230904346,0.015777253,0.18429465,0.013274009,0.259997968,0.012036415,0.255018616,0.002154158,0.235109216,0.020915999,0.203504267,0.00960414
266,0.750972616,0.7513327,0.751529323,0.751634163,0.236303403,0.012342128,0.222689168,0.009516509,0.187471354,0.006031431,0.144015998,0.028683973,0.258031611,0.006839312,0.250936136,0.006928388,0.232464412,0.026661231,0.18891673,0.025915708,0.237064614,0.012849339,0.258815116,0.016619586,0.230606372,0.015907771,0.200736193,0.019575387
267,0.751974116,0.752286708,0.7524916,0.752609903,0.236708191,0.012898851,0.227384617,0.020705214,0.192157296,0.011564236,0.14114536,0.022331105,0.266467045,0.018296024,0.254252537,0.020011953,0.212019169,0.019727993,0.193128042,0.024916524,0.256533969,0.002007618,0.248165496,0.013386367,0.228285766,0.011736919,0.204445653,0.025307049
268,0.752931145,0.753291626,0.753474043,0.753579223,0.244518124,0.019776658,0.220873535,0.018336091,0.2002542,0.010978191,0.141808507,0.020291481,0.250552621,0.015016366,0.245629252,0.0202624,0.219891574,0.014393474,0.184061999,0.012726491,0.241157275,0.008201316,0.249562438,0.010240452,0.220020987,0.002734619,0.198390965,0.022594251
269,0.753979878,0.754249838,0.75450094,0.754604628,0.224758976,0.015603201,0.222524497,0.002589491,0.192097613,0.010152173,0.138473891,0.025227916,0.249593444,0.010871245,0.240772737,0.015227808,0.214935526,0.022319791,0.178071128,0.023246777,0.249892109,0.009891012,0.241608505,0.012120856,0.221583087,0.016057532,0.199346281,0.019391732
270,0.75497165,0.755299345,0.755549113,0.755593107,0.223267879,0.010275452,0.210100626,0.014103156,0.189092531,0.012416433,0.137493012,0.022882176,0.251158263,0.012532374,0.259106078,0.024180782,0.207997282,0.009051631,0.184077942,0.017374888,0.249580285,0.013474782,0.265725414,0.010648281,0.214949804,0.01189968,0.190814019,0.01574778
271,0.755947984,0.756292569,0.756466868,0.756620751,0.240985624,0.010966248,0.216945375,0.009564004,0.192989445,0.011658956,0.134787612,0.024525079,0.256477711,0.013995966,0.234246736,0.011561245,0.214390088,0.017552132,0.173367398,0.022169376,0.245472498,0.004065027,0.261467366,0.008261587,0.219752598,0.011064467,0.192266624,0.014104096
272,0.756919919,0.757284391,0.757512995,0.757560433,0.24721362,0.004503125,0.226663168,0.0080626,0.180065832,0.013744751,0.130986766,0.021920361,0.25208622,0.014117347,0.255514984,0.018338459,0.20826255,0.017698013,0.174547976,0.020033894,0.250105963,0.021489764,0.247773325,0.019976671,0.225589114,0.007367445,0.195301263,0.018199538
273,0.757881903,0.758238024,0.758518766,0.758623054,0.223081163,0.007211888,0.225490642,0.020256475,0.190412247,0.006002462,0.137721044,0.032271912,0.24003878,0.01705433,0.250506614,0.007844616,0.210333677,0.015564471,0.17544573,0.016572888,0.238638552,0.012267184,0.236061285,0.005860084,0.215607915,0.011618645,0.180984334,0.021696791
274,0.75891375,0.759276775,0.759495908,0.759624162,0.221796283,0.010162196,0.21180912,0.017851573,0.18498768,0.016864034,0.131425456,0.022918214,0.263489436,0.015523595,0.240464394,0.012362043,0.205744785,0.018443837,0.18038096,0.025237012,0.237919072,0.015986069,0.243416794,0.000968806,0.214073816,0.007399608,0.190796867,0.012914881
275,0.759871499,0.76026154,0.760531303,0.760585136,0.229859079,0.010512506,0.216519452,0.006336402,0.184138623,0.011370696,0.131621871,0.027414479,0.235206454,0.028011826,0.236067061,0.018345661,0.205923303,0.014403619,0.168692454,0.024388859,0.24536935,0.024827726,0.235751311,0.006910592,0.213574015,0.012328769,0.181316838,0.019910132
276,0.760901241,0.761227217,0.761474468,0.76155662,0.237578393,0.017892239,0.207965132,0.014076,0.178094519,0.009932187,0.123470019,0.019945038,0.260180918,0.009934854,0.238719087,0.020019742,0.204707124,0.020691569,0.170819515,0.01857158,0.237743143,0.013712803,0.23810874,0.010276747,0.210166083,0.012461939,0.178681717,0.013351527
277,0.761885233,0.762198047,0.762457987,0.762599214,0.22503553,0.012261588,0.212232805,0.003267599,0.184107868,0.02479476,0.126768432,0.030843927,0.240559483,0.008374169,0.226354537,0.011772642,0.206194194,0.013941261,0.162300785,0.019028323,0.251065729,0.018222035,0.254935275,0.018719625,0.213652758,0.021828691,0.180113474,0.022566436
278,0.762875718,0.763269689,0.763451009,0.763595082,0.229821367,0.010833155,0.203098085,0.020668499,0.176046526,0.005836527,0.12243668,0.02109575,0.234589077,0.010154775,0.241401428,0.017231379,0.198401234,0.021756029,0.169422022,0.022544584,0.233115008,0.017713384,0.233259172,0.008409166,0.217325707,0.013789555,0.17856225,0.017797627
279,0.763838927,0.764261678,0.764498087,0.764588803,0.227383398,0.021480116,0.208480527,0.008469304,0.177579294,0.012885312,0.122113267,0.021666159,0.257031742,0.01465908,0.235530806,0.019974917,0.200399927,0.00900924,0.170169161,0.026153461,0.245588777,0.02312073,0.228895102,0.00953023,0.197221097,0.016748267,0.171505334,0.014444018
280,0.764866095,0.765251687,0.765459263,0.765605936,0.224385791,0.007083572,0.214259409,0.016217754,0.180447842,0.013521997,0.11967524,0.024386064,0.239383366,0.012233251,0.244648336,0.019595441,0.19626289,0.023795005,0.157700311,0.022228093,0.22160904,0.008078412,0.228183876,0.011457611,0.202841147,0.006889122,0.173304176,0.020851285
281,0.765839527,0.766240641,0.766461794,0.766609275,0.217733126,0.001588524,0.21144309,0.008314032,0.176165134,0.007468916,0.11755948,0.022761261,0.245981793,0.022109348,0.242136456,0.006277859,0.196234309,0.007314456,0.152452177,0.015070209,0.239087517,0.021610525,0.236473275,0.010938221,0.20871138,0.016631267,0.168369092,0.018569172
282,0.766872974,0.767188757,0.767416639,0.767628463,0.219211559,0.010974797,0.219584821,0.018233624,0.181093853,0.019354368,0.116631803,0.024207982,0.241786055,0.019651717,0.230195491,0.014472923,0.198560978,0.028313715,0.164104925,0.029108272,0.23373694,0.012252596,0.230795656,0.015834061,0.197193951,0.015050885,0.167914253,0.012826761
283,0.767873984,0.76824931,0.768455977,0.768550128,0.23232013,0.021151165,0.198714789,0.002993876,0.17972409,0.014498261,0.116341619,0.018059684,0.240490626,0.011293314,0.227366978,0.017598813,0.190803606,0.018893953,0.151082866,0.019883551,0.230504672,0.008691315,0.238264447,0.01945544,0.200047579,0.018340913,0.160887126,0.022668111
284,0.768839909,0.769234979,0.769483029,0.769559777,0.21617736,0.01332819,0.206017481,0.006164412,0.171263661,0.011130266,0.111254788,0.023861248,0.237933824,0.018426172,0.220985716,0.016855715,0.193172409,0.010284682,0.152675592,0.021612793,0.238735345,0.012273598,0.240433152,0.014045408,0.20049021,0.007752347,0.161804694,0.019590972
285,0.769881032,0.770254579,0.770499502,0.770609768,0.217017068,0.014345208,0.19763972,0.01459864,0.170439855,0.012011061,0.110790659,0.026488695,0.242171902,0.014511963,0.232005468,0.009049725,0.19017689,0.027161742,0.150671594,0.027928583,0.241860259,0.025844032,0.233781558,0.011408399,0.204588732,0.025778748,0.159087889,0.012708389
286,0.770863266,0.771250896,0.771520072,0.771622727,0.21861051,0.010808375,0.205431744,0.012419614,0.168670867,0.007099624,0.110337925,0.021024765,0.244438266,0.013957642,0.223420454,0.017262704,0.186522092,0.015423279,0.146006371,0.01754845,0.217278124,0.002211549,0.227265207,0.008220529,0.18984529,0.004906917,0.158099263,0.030176195
287,0.77182225,0.772248257,0.772501435,0.772600682,0.224367025,0.005508482,0.197720375,0.011672318,0.166711708,0.011032029,0.108790152,0.026518579,0.228703038,0.025309051,0.229570478,0.01505225,0.185060064,0.01641763,0.1407255,0.021266744,0.228797891,0.014687533,0.224730366,0.002617565,0.189724103,0.016501265,0.15427603,0.010067937
288,0.772783812,0.773259399,0.773463704,0.773585007,0.217490062,0.023990601,0.198217866,0.004970524,0.17002205,0.009326534,0.10384338,0.019510115,0.235876878,0.009376602,0.230425387,0.034806002,0.186382282,0.019098655,0.145832976,0.030147667,0.229369215,0.008990264,0.233616511,0.032878376,0.193274699,0.001624484,0.155782946,0.016806427
289,0.773818387,0.774215412,0.774457842,0.774556563,0.216538304,0.012922858,0.200685806,0.0106548,0.162735825,0.004998356,0.106671613,0.028131695,0.22628686,0.017244875,0.227195028,0.009199034,0.182503334,0.015951687,0.143835837,0.018426843,0.221887061,0.010974299,0.216782537,0.011727376,0.183750532,0.007036764,0.148741429,0.024888455
290,0.774777462,0.775208528,0.77546897,0.775585356,0.225175117,0.013885944,0.202830821,0.008574993,0.163757048,0.015016748,0.09804326,0.020198858,0.234369047,0.008531577,0.221568981,0.014649314,0.183349513,0.019234352,0.133465082,0.030129104,0.239426757,0.01259622,0.221306526,0.01449897,0.186177005,0.00820463,0.143263571,0.010762337
291,0.775808984,0.776170884,0.776456771,0.77662065,0.20551972,0.005142226,0.208518657,0.015186291,0.163263578,0.00976329,0.101383728,0.026169302,0.233356702,0.021035734,0.21472425,0.013762976,0.179421637,0.022531904,0.132535585,0.024423193,0.217510809,0.015019594,0.224440773,0.013074131,0.178190071,0.016041424,0.145133577,0.025520707
292,0.776768296,0.777222493,0.777480584,0.77759121,0.212061527,0.013742344,0.190049812,0.013314603,0.158640242,0.009249958,0.098362119,0.021267287,0.23331707,0.015106196,0.220541517,0.018744607,0.19476656,0.012153527,0.132853843,0.024241976,0.226315476,0.011725502,0.216674026,0.011975738,0.180902132,0.011427203,0.138432083,0.01721025
293,0.777737028,0.77819426,0.778459863,0.778625284,0.219140067,0.023806272,0.201179402,0.023107817,0.16494395,0.007281784,0.093204527,0.026654483,0.226236146,0.012698861,0.220640372,0.014493387,0.185913609,0.034208605,0.134410059,0.029417321,0.216966283,0.015435513,0.215701101,0.004974129,0.176912254,0.009902539,0.139626335,0.019388551
294,0.778766029,0.779222374,0.779415761,0.779605268,0.219255773,0.0059933,0.191231465,0.008491361,0.158853332,0.014022052,0.094928469,0.023221531,0.231481734,0.018896054,0.210818499,0.020187169,0.1712762,0.012552828,0.125427759,0.025205393,0.222102321,0.011888597,0.222250277,0.02489098,0.176580766,0.005081533,0.134937327,0.021765137
295,0.779733756,0.780174158,0.780449128,0.78057793,0.206614876,0.004612703,0.195265313,0.009003777,0.159744138,0.010975252,0.091466878,0.021330909,0.234228465,0.025494038,0.217205804,0.017476443,0.175185973,0.023848876,0.119824413,0.024919665,0.224972236,0.00623116,0.211226168,0.004078157,0.174048542,0.015774673,0.131320698,0.016959581
296,0.780754409,0.781224397,0.781462395,0.781612141,0.203478589,0.005174202,0.190618442,0.011584119,0.149670918,0.009732178,0.086611807,0.021265302,0.225689827,0.018748579,0.21672714,0.024181004,0.166746613,0.016793586,0.123126548,0.024005997,0.230035982,0.015452939,0.223120292,0.021014777,0.172070203,0.014955873,0.131070006,0.027295206
297,0.781742256,0.782199379,0.782424667,0.782590006,0.213627848,0.015948033,0.18525624,0.008677927,0.157087271,0.006101104,0.087774004,0.021985158,0.22694209,0.005239328,0.214005019,0.022739201,0.169163485,0.022260131,0.118949793,0.027771483,0.217456916,0.002150537,0.221065425,0.005359731,0.170736183,0.010191965,0.122693607,0.014068608
298,0.782712775,0.783205111,0.783470706,0.783615608,0.220152619,0.01745556,0.190721209,0.004860811,0.152029989,0.011597265,0.085663811,0.027381418,0.217068535,0.014094841,0.210844732,0.019835894,0.164342511,0.022475113,0.117911648,0.028273236,0.215207993,0.016780692,0.203356103,0.015272703,0.169112937,0.010127888,0.12557781,0.02620041
299,0.783680354,0.784157516,0.784469097,0.784603054,0.206908604,0.011847098,0.199503005,0.011387252,0.151193357,0.009158932,0.084109757,0.021057114,0.242647941,0.019751479,0.21020833,0.01963757,0.165617102,0.013444359,0.114565183,0.030631388,0.217030935,0.014578887,0.21566389,0.015298369,0.164460891,0.006527033,0.122206165,0.024235956
300,0.784674378,0.785182013,0.785462303,0.785593743,0.203488934,0.009543261,0.188327705,0.002585948,0.147814077,0.00961899,0.079712448,0.022390088,0.207741898,0.012606756,0.203563507,0.014316486,0.160339045,0.020728044,0.108082485,0.023587932,0.205223528,0.01282803,0.2017563,0.00417076,0.163795626,0.014041534,0.1249061,0.025682291
301,0.785743665,0.786150585,0.786436346,0.786588745,0.200308119,0.004735415,0.183917503,0.004592643,0.154337019,0.007211741,0.077645884,0.024664045,0.221247134,0.007543876,0.206098754,0.023643884,0.162953099,0.022116601,0.1113303,0.028621695,0.219733761,0.012001884,0.207067854,0.018067314,0.160386238,0.008925065,0.110466357,0.021862348
302,0.786716464,0.787144709,0.787447457,0.787598484,0.205937918,0.002018732,0.18902378,0.012873917,0.147063253,0.006174046,0.07635028,0.019341805,0.227064465,0.009044194,0.197724213,0.012323808,0.153188789,0.016126398,0.102011269,0.027654885,0.225159764,0.005035314,0.198515709,0.007264581,0.158642773,0.014865256,0.108913424,0.023176565
303,0.787732407,0.788139926,0.788459683,0.788575396,0.205743451,0.020127853,0.17992116,0.001988102,0.145785838,0.012990784,0.072683621,0.020299041,0.216995275,0.02287329,0.215606742,0.046907275,0.152807646,0.018643669,0.104163128,0.030863986,0.201967628,0.003830329,0.210344555,0.012128712,0.156789599,0.013089773,0.104150775,0.020461208
304,0.788708388,0.789215575,0.78950798,0.789620126,0.206703667,0.014811428,0.176007669,0.008135927,0.120746418,0.015324751,0.068076737,0.024506695,0.221200619,0.010531365,0.202280937,0.018042297,0.156331381,0.023456703,0.098093981,0.028717913,0.221337349,0.011584181,0.209363624,0.023560512,0.159175019,0.01163022,0.105574068,0.017955149
305,0.789701407,0.79019484,0.790451307,0.790607721,0.203611773,0.009404479,0.192412001,0.022129744,0.147243008,0.006819735,0.068468004,0.018489773,0.214408166,0.008582368,0.197698728,0.011299503,0.151061762,0.018933299,0.099090243,0.027369639,0.20991939,0.011275279,0.195042076,0.007987983,0.154971141,0.00950995,0.096251925,0.019875459
306,0.790663826,0.791169841,0.791453935,0.791648314,0.201442449,0.003031274,0.177196547,0.010367136,0.138258454,0.007621301,0.06743636,0.026795295,0.223266991,0.02882904,0.207576725,0.011519157,0.149754506,0.01604081,0.092875667,0.032164463,0.199952906,0.014173992,0.193217067,0.015095078,0.146166497,0.01035316,0.093568369,0.017364862
307,0.791690334,0.792169932,0.792451236,0.792585942,0.202919749,0.011621995,0.180710132,0.006323681,0.139153554,0.01271148,0.063883023,0.019944857,0.215809881,0.024119422,0.194648955,0.017687387,0.141324657,0.025582049,0.088282141,0.028435759,0.222485504,0.011555025,0.201196592,0.006149344,0.157251316,0.028493546,0.094861725,0.028237024
308,0.792684032,0.793120177,0.793441202,0.793604223,0.201818268,0.019037237,0.191316968,0.014645867,0.138182098,0.004461275,0.060186015,0.019344862,0.207602433,0.013963382,0.196861548,0.017572232,0.148994134,0.018983511,0.082081882,0.032573373,0.206106508,0.006353544,0.192528118,0.014212929,0.142953911,0.014439271,0.08623875,0.016386749
309,0.793600456,0.794161934,0.794437698,0.794591831,0.19724612,0.01684554,0.176646986,0.011152553,0.130330471,0.005891983,0.05738877,0.022253767,0.2092686,0.019215012,0.189060656,0.015706532,0.143848921,0.023603972,0.08392439,0.030158578,0.202846484,0.014082577,0.207985722,0.019774696,0.142810039,0.00688998,0.0858481,0.020515965
310,0.794613578,0.795167646,0.795390602,0.795572011,0.207640653,0.015155122,0.168642399,0.009952008,0.1357846,0.015005757,0.058194429,0.022472651,0.22296543,0.015722025,0.186345183,0.024937636,0.136363504,0.020645689,0.077427371,0.02837413,0.214287498,0.007372873,0.205791545,0.004141541,0.137356999,0.016148045,0.080335821,0.020746786
311,0.795582794,0.796184009,0.796444125,0.796577569,0.193926895,0.011961541,0.177012605,0.009884539,0.129324891,0.007044751,0.053273653,0.022293742,0.2016962,0.013458547,0.208031071,0.031642887,0.144066892,0.02626263,0.076305704,0.035456569,0.192388329,0.006577414,0.183683433,0.006373548,0.132545657,0.010807536,0.07451557,0.019103651
312,0.796540987,0.797121961,0.797491282,0.797569299,0.200642908,0.019983122,0.174983333,0.012009808,0.125556818,0.005786448,0.051534878,0.020534974,0.220255269,0.020070566,0.19457691,0.018450048,0.135374605,0.018790725,0.071026342,0.02757069,0.220544649,0.022678636,0.183487191,0.015064027,0.134347494,0.006727478,0.077971912,0.022313086
313,0.797556542,0.7981173,0.798429406,0.7985537,0.189690108,0.007473487,0.173178721,0.007169639,0.132864746,0.009156115,0.049280759,0.021953742,0.204867574,0.0200258,0.185059712,0.017146666,0.131896384,0.028235762,0.069690398,0.031912978,0.204665544,0.012931428,0.190603544,0.011152655,0.128981214,0.009565033,0.071102753,0.025430131
314,0.79856148,0.79909372,0.799440764,0.799580578,0.205556354,0.007980093,0.170961425,0.012903066,0.126923654,0.013203179,0.044450773,0.020750919,0.208681705,0.017625442,0.187488348,0.024503772,0.129980147,0.018601395,0.068017962,0.036481295,0.191761097,0.012977044,0.189344917,0.020610289,0.127159723,0.01283071,0.06698054,0.020065056
315,0.799561875,0.800138921,0.80042345,0.800563094,0.182081835,0.005857799,0.164987122,0.007736991,0.121659362,0.005807568,0.042917189,0.020638759,0.201641681,0.018142395,0.180102687,0.012147528,0.128128306,0.02615895,0.060046457,0.028237485,0.208466669,0.00527816,0.178999976,0.012815527,0.121985883,0.012174995,0.059576801,0.021859429
316,0.800572673,0.801101035,0.801383214,0.801539352,0.189603511,0.004423795,0.174452475,0.0197609,0.126581882,0.002740101,0.039766569,0.020263722,0.216733921,0.017270117,0.181085677,0.028396283,0.123757551,0.017504141,0.058885084,0.037318012,0.191777343,0.00283459,0.18805716,0.009292127,0.124830319,0.008804926,0.059720886,0.023146744
317,0.80153892,0.802150163,0.802383396,0.802566412,0.20531244,0.024914825,0.182681623,0.018406316,0.125837359,0.016345363,0.036752728,0.021722211,0.194125046,0.011716386,0.179819247,0.019643492,0.125211001,0.029598444,0.058011102,0.043925087,0.204489476,0.015706542,0.177575856,0.002334732,0.119115214,0.015709743,0.05856284,0.023113641
318,0.802527568,0.803056472,0.803381059,0.803558492,0.191447356,0.011108852,0.170682418,0.006982077,0.118636589,0.001897285,0.036705671,0.019576449,0.210296106,0.000618555,0.19293227,0.019942172,0.119822998,0.0212033,0.053141252,0.034736077,0.199381884,0.006067059,0.180194203,0.017671784,0.115199565,0.012991044,0.049926658,0.023571319
319,0.803552736,0.804120819,0.804371409,0.804539928,0.183624901,0.007131624,0.160712616,0.012032792,0.119557563,0.015988259,0.030511585,0.021781542,0.195460814,0.024856379,0.183519688,0.010491744,0.114692139,0.024803823,0.047553928,0.040909008,0.192086725,0.004555545,0.182287285,0.022460065,0.113906069,0.008928802,0.045396705,0.018862659
320,0.804584956,0.805116247,0.80538925,0.805507558,0.189205675,0.006905563,0.160640695,0.004614616,0.108012494,0.001043921,0.029724733,0.018440515,0.212246219,0.006863279,0.177687667,0.025368449,0.115888439,0.025744117,0.039987429,0.02903387,0.194567941,0.013506551,0.175067897,0.009783656,0.110543086,0.012668315,0.045399619,0.024857006
321,0.805530001,0.806077757,0.806367893,0.806525017,0.195908341,0.015409616,0.164979667,0.003435369,0.113147549,0.011690633,0.02633695,0.017500661,0.194006451,0.01596171,0.169267371,0.027055117,0.11750016,0.034276915,0.03948454,0.034513607,0.193154355,0.004575231,0.176349097,0.020609867,0.106861412,0.013127027,0.036965517,0.022167228
322,0.806561655,0.807117697,0.807400629,0.807518166,0.182165778,0.007505935,0.157129402,0.008404777,0.110290614,0.006992141,0.020059648,0.018510406,0.197522429,0.006763004,0.168301231,0.015973449,0.120224808,0.026337376,0.034900446,0.03527965,0.195933021,0.01326318,0.178413195,0.011435577,0.101136611,0.009430569,0.033107261,0.019924747
323,0.807503612,0.808076953,0.808372948,0.808548432,0.195125137,0.013592312,0.157507167,0.00737609,0.108888263,0.005154138,0.020655608,0.017648761,0.204438503,0.029454264,0.169173711,0.02090614,0.101024452,0.032262933,0.029108526,0.035281664,0.202336096,0.012633433,0.176884382,0.013081393,0.101196993,0.013280619,0.031532502,0.027393395
324,0.808539859,0.809086262,0.80942046,0.809518188,0.174794119,0.012696122,0.162298142,0.001025035,0.106009352,0.007480361,0.017179565,0.0179785,0.195700484,0.017250718,0.165532366,0.018605687,0.102557727,0.033860874,0.026271916,0.039545627,0.183572996,0.006459617,0.162051406,0.011045817,0.099952063,0.012996118,0.026189057,0.021534339
325,0.809469594,0.810041518,0.810444733,0.810566485,0.198939732,0.009480136,0.160762584,0.012145831,0.101374304,0.009523944,0.014796778,0.018628343,0.188757735,0.004448929,0.173313044,0.017886183,0.09970849,0.023989178,0.021303482,0.037863125,0.19364174,0.014332308,0.1620404,0.010806813,0.094204445,0.011294763,0.023373825,0.022441828
326,0.810528245,0.811080416,0.811415941,0.811576609,0.193344234,0.015664254,0.161639449,0.01643784,0.098683262,0.006702998,0.011643977,0.018562993,0.200330946,0.021345533,0.177712142,0.039534967,0.095734864,0.023645312,0.017149799,0.035259547,0.181442742,0.003201053,0.162571632,0.008576643,0.09690705,0.012381203,0.014872461,0.023236353
327,0.811456144,0.812069525,0.812407373,0.812555003,0.177822397,0.013124833,0.149439723,0.001149381,0.106060481,0.009098192,0.006620438,0.016719439,0.190863341,0.02072711,0.164769923,0.017909865,0.096389192,0.030545297,0.015828283,0.036269381,0.185766644,0.007513721,0.166236393,0.018387084,0.09192006,0.017161697,0.01031256,0.021796521
328,0.812462494,0.813051154,0.813380795,0.813580003,0.179126773,0.002659173,0.159317414,0.0120208,0.10310438,0.01621791,0.00445573,0.017831974,0.198436846,0.008317933,0.16245762,0.020976903,0.091344217,0.02391491,0.007511089,0.038560403,0.198116172,0.001867588,0.157010856,0.017441133,0.08350078,0.007718846,0.012424613,0.025411942
329,0.813447406,0.814073072,0.814435938,0.814554114,0.187167536,0.009959516,0.157458912,0.015184831,0.093601192,0.011063085,-3.18E-05,0.015135294,0.186030584,0.027865996,0.157279652,0.019492612,0.087722311,0.025242577,0.00489721,0.034855915,0.187035298,0.00862277,0.166137149,0.024145108,0.082045737,0.014345114,0.00103224,0.021350658
330,0.814419969,0.815036753,0.815392427,0.815557885,0.184605804,0.011097736,0.150186378,0.004106253,0.093286082,0.002577658,-0.002095589,0.018029175,0.191631352,0.016123047,0.156357768,0.028178164,,0.026080877,0.004080711,0.039039587,0.179801979,0.017148018,0.160274508,0.014863628,0.075685988,0.011292472,0.000702606,0.022059859
331,0.815397516,0.816051326,0.816377542,0.816545772,0.173727323,0.005555346,0.147776188,0.004835316,0.088740969,0.009171884,-0.003655146,0.016074766,0.188380819,0.009388217,0.161471126,0.01579055,,1.446458152,-0.002816525,0.040832077,0.183409152,0.012290831,0.151286728,0.010561631,0.074711832,0.011976895,-0.006747362,0.022806923
332,0.816400744,0.817038362,0.817423115,0.817583511,0.175832561,0.011755784,0.147575582,0.004090001,0.087863121,0.004672016,-0.007155762,0.017004769,0.187970352,0.020564908,0.154134926,0.024581719,,1.449746928,-0.006776375,0.03354336,0.178100231,0.01300046,0.148326356,0.020949861,0.079353736,0.028649258,-0.011039498,0.020421741
333,0.817393237,0.818050857,0.818388104,0.818570318,0.176501777,0.009529788,0.148826139,0.00930338,0.085635834,0.005783286,-0.012427772,0.016089902,0.189466561,0.023654816,0.161709674,0.039501011,,0.026777524,-0.010805019,0.041427676,0.195888439,0.006186143,0.153431202,0.01222787,0.068330979,0.01178131,-0.012848348,0.022978298
334,0.818401877,0.819051877,0.819370095,0.819594252,0.175936842,0.012351111,0.147583202,0.00364834,0.084243728,0.00387465,-0.016716307,0.015464306,0.180551407,0.016228132,0.144729372,0.017973457,0.069907591,0.026842794,-0.017428974,0.037758087,0.169884225,0.004383543,0.1498722,0.024675066,0.062993131,0.01429265,-0.014780514,0.026645065
335,0.819413139,0.820021951,0.820375426,0.820583284,0.17747711,0.015879871,0.14808287,0.006145992,0.077999121,0.002427861,-0.019266599,0.016730866,0.18543387,0.012756256,0.153447646,0.025916518,0.065854296,0.028273663,-0.018403187,0.039003595,0.183819232,0.008895966,0.152760138,0.020935679,0.058620808,0.013451496,-0.024745273,0.019708319
336,0.820371827,0.821023848,0.821359625,0.821570183,0.170894731,0.003393218,0.141884613,0.003494424,0.080228089,0.005341213,-0.022657015,0.014587921,0.19160684,0.022784852,0.147469207,0.020946347,0.06658556,0.029449103,-0.024462671,0.0396439,0.180475178,0.010558175,0.144716639,0.009418088,0.055859924,0.012976703,-0.023490395,0.026320592
337,0.821347514,0.822032149,0.822369199,0.822534778,0.177084058,0.006627725,0.139219213,0.004203906,0.07733261,0.006842304,-0.023399647,0.015358399,0.179640874,0.016484491,0.141306064,0.026549538,0.05963803,0.0293028,-0.03221151,0.040945491,0.165841323,0.014164651,0.148570741,0.018911259,0.056670056,0.012511899,-0.031776497,0.024402728
338,0.822436346,0.823004432,0.823384126,0.823560887,0.166603448,0.012173204,0.137673394,0.004053761,0.073797373,0.006656514,-0.0306642,0.015521516,0.172183421,0.013007862,0.144469455,0.018380133,0.055863306,0.027317707,-0.030680485,0.041414097,0.185148492,0.007744889,0.134281773,0.010000568,0.048295431,0.014410492,-0.039553973,0.016686198
339,0.823407541,0.824022277,0.824351347,0.824567912,0.171214798,0.006486287,0.137921692,0.005926692,0.077662804,0.00751148,-0.03085736,0.012591502,0.189450885,0.014137759,0.145773897,0.025573097,0.057160601,0.033443341,-0.038762193,0.036419413,0.1736128,0.009758296,0.147520075,0.031819143,0.046376839,0.012163508,-0.038770392,0.025135263
340,0.824399191,0.825039105,0.825397078,0.825518729,0.161008013,0.003709844,0.131761438,0.001928407,0.067183361,0.004720706,-0.037568031,0.015756517,0.168360516,0.016766567,0.136922748,0.026068821,0.05131244,0.028155477,-0.040209075,0.040815604,0.174871124,0.003700199,0.13388806,0.01512728,0.043547827,0.015735743,-0.046065278,0.020705389
341,0.825368404,0.826040262,0.82638553,0.826526826,0.177048975,0.007888595,0.139851872,0.009520915,0.061370236,0.000857726,-0.041403712,0.014052201,0.17999233,0.007626939,0.138789599,0.032481293,0.047433721,0.031450479,-0.048102955,0.042581278,0.171509041,0.009770606,0.128308042,0.011854677,0.037142612,0.012482767,-0.051988772,0.024869266
342,0.826337416,0.82705917,0.827320012,0.827512679,0.165122045,0.002336085,0.139062876,0.008192177,0.065294041,0.004042835,-0.042934288,0.013432758,0.180136572,0.029604161,0.134025443,0.025755673,0.043203433,0.032405441,-0.054320727,0.04014695,0.166619327,0.005103511,0.127360408,0.009344813,0.084864814,0.084386797,-0.052578801,0.021826614
343,0.827332247,0.828056962,0.828381666,0.828550408,0.169434223,0.020146235,0.133781115,0.012211362,0.059476035,0.006057656,-0.047856917,0.012941977,0.174038708,0.003313145,0.129593861,0.028096131,0.038342681,0.030721109,-0.059081379,0.048449991,0.175369278,0.007164083,0.127272084,0.020820834,-0.017018048,0.088821855,-0.063595239,0.021473242
344,0.828295803,0.829046276,0.829417903,0.829556353,0.173342112,0.013659999,0.136394196,0.008930229,0.056419968,0.0039103,-0.048262289,0.012304752,0.165177093,0.014900293,0.131387449,0.024087273,0.038454164,0.034682352,-0.060517481,0.038466321,0.170140461,0.010063565,0.137410796,0.025318501,0.034138565,0.011588664,-0.065768744,0.022294827
345,0.829319218,0.830005957,0.830450984,0.83055917,0.157137806,0.004107617,0.126345377,0.003124245,0.053267404,0.003538133,-0.054972292,0.012980371,0.183872775,0.030023062,0.123913877,0.019274478,0.03048548,0.028369041,-0.06880653,0.043916047,0.159368069,0.005203056,0.125175937,0.016140437,0.027044675,0.012120581,-0.072677865,0.022362037
346,0.830263071,0.831042002,0.831395019,0.831607561,0.161053038,0.008287573,0.121943153,0.005193652,0.052515637,0.002930442,-0.055831793,0.012239384,0.163527426,0.011013979,0.136852044,0.02398685,0.030802443,0.03218615,-0.066923541,0.039974887,0.170515171,0.007411374,0.121515264,0.024209741,0.022016296,0.014513882,-0.070808731,0.017565795
347,0.83127563,0.832003804,0.832422791,0.832560593,0.168230448,0.012992603,0.126718481,0.002839168,0.047642557,0.003703918,-0.064134292,0.014264756,0.170014083,0.01919502,0.121813409,0.019753044,0.025963026,0.032502701,-0.07835179,0.038374977,0.160771475,0.003282283,0.117978907,0.011557213,0.019008876,0.013265039,-0.077074866,0.030700791
348,0.832255292,0.833032372,0.833394412,0.833578187,0.161665671,0.006387504,0.123557254,0.004502575,0.046098172,0.001572868,-0.066670921,0.011188182,0.172996193,0.031099146,0.119788151,0.033859405,0.0215724,0.035339269,-0.080688034,0.045505834,0.165599279,0.008590809,0.114303967,0.019046462,0.013945718,0.014582527,-0.086170997,0.018368818
349,0.833256265,0.834012262,0.834393711,0.834562007,0.159312256,0.004818353,0.120506924,0.002136899,0.042880196,0.004735754,-0.06930504,0.014444645,0.166416361,0.005878737,0.125999289,0.038096145,0.019665606,0.035392993,-0.08421503,0.044344177,0.168096555,0.020418694,0.116233267,0.014957441,0.009728572,0.013194853,-0.087883387,0.021967998
350,0.834300533,0.835049407,0.835406763,0.835546829,0.156405931,0.003420239,0.119081192,0.004618912,0.041841443,0.005975828,-0.070500153,0.010239034,0.154077004,0.020766301,0.113229881,0.023565773,0.013271816,0.031450842,-0.088932897,0.042144781,0.15868622,0.007851292,0.112232524,0.024510337,0.007680924,0.014112917,-0.089483157,0.025297533
351,0.835215697,0.835973776,0.836411345,0.836568766,0.161888458,0.009793817,0.127028032,0.013125384,0.036188184,0.00211521,-0.076439876,0.013238349,0.181092089,0.016355281,0.11035663,0.026139954,0.008101423,0.035812333,-0.094697831,0.04453348,0.159095896,0.007937272,0.10674712,0.021276337,-0.000231318,0.014808565,-0.096971708,0.014726306
352,0.836233505,0.8369757,0.837369296,0.837543028,0.158593534,0.011461415,0.122290698,0.007353709,0.034570295,0.004560927,-0.083355854,0.012363108,0.154562764,0.022111137,0.112290472,0.028128484,0.009683633,0.034963277,-0.098763666,0.041424831,0.154572812,0.010217754,0.107679354,0.018565652,-0.004831065,0.012296424,-0.095133579,0.024195413
353,0.837231271,0.837957777,0.838403614,0.838534231,0.155044906,0.0126805,0.117422641,0.00888465,0.030990476,0.00379212,-0.087048196,0.009774152,0.161884029,0.009655863,0.104922923,0.027173552,0.002605662,0.032571456,-0.103245219,0.038197334,0.161316867,0.016604289,0.113413378,0.015836496,-0.005810401,0.01527103,-0.110350382,0.025109231
354,0.838204914,0.838936744,0.839380686,0.83954241,0.146773338,0.004870079,0.113809546,0.001930763,0.028823124,0.004282326,-0.089685279,0.01288946,0.165231893,0.024125855,0.105447012,0.028363913,-0.001162807,0.034912488,-0.107490462,0.045407321,0.159825031,0.018838406,0.107123546,0.015938659,-0.012643245,0.015390506,-0.112483395,0.01847368
355,0.839178552,0.839996304,0.840376862,0.840537846,0.153276543,0.007520819,0.114177062,0.010629853,0.02366478,0.00337505,-0.092260238,0.010402706,0.157226297,0.017482739,0.112851074,0.028601101,-0.007552657,0.040732119,-0.115455748,0.041870993,0.150398986,0.000904163,0.098983366,0.021270613,-0.015922297,0.013507594,-0.114032937,0.025591855
356,0.840181282,0.840933936,0.841414422,0.84151099,0.16577259,0.012118895,0.11194763,0.002002757,0.023131624,0.003218899,-0.100341578,0.011258371,0.15259975,0.012023531,0.098708394,0.024502663,-0.010437575,0.035619705,-0.115557523,0.04054274,0.156022451,0.009969246,0.099865576,0.032042186,-0.02026949,0.015500198,-0.120852815,0.020151278
357,0.841185671,0.841959694,0.842349159,0.842526659,0.146738743,0.006619277,0.106207992,0.006397925,0.018671623,0.004402735,-0.098898593,0.013310111,0.183978866,0.026437118,0.10506007,0.034577379,-0.015039859,0.035140488,-0.119886055,0.045404248,0.14744459,0.003416033,0.094292497,0.022069368,-0.024502334,0.013940207,-0.123575618,0.015622277
358,0.842197291,0.842951542,0.843409082,0.843555051,0.144898878,0.002608433,0.108956568,0.007668635,0.015412325,0.004245842,-0.104357127,0.007303517,0.149865143,0.019139738,0.100709544,0.030411248,-0.016789275,0.036687847,-0.129620595,0.040563038,0.151660091,0.015708587,0.088357478,0.021148937,-0.02768969,0.014754138,-0.130213911,0.022637278
359,0.84322241,0.843921104,0.844330086,0.84455158,0.14953928,0.010670758,0.099802678,0.004274215,0.011761679,0.005126458,-0.109498281,0.011346136,0.153837622,0.006586261,0.091712444,0.028492926,-0.024722428,0.037036526,-0.130629616,0.040711953,0.157660121,0.011282992,0.085554221,0.022061036,-0.030309854,0.014177471,-0.130850517,0.016999071
360,0.844154873,0.844985085,0.845362459,0.845548131,0.154599849,0.013564823,0.100099291,0.010796774,0.007430149,0.005075169,-0.114117202,0.011332727,0.151205604,0.026760589,0.091027546,0.031502514,-0.024787357,0.040556271,-0.135201203,0.038092527,0.144800062,0.001616248,0.089418138,0.023726212,-0.03684229,0.013368332,-0.139252881,0.022833567
361,0.845166692,0.845943619,0.846376814,0.846546805,0.139049465,0.002280311,0.105329414,0.010914785,0.005801906,0.004525361,-0.118314055,0.012425826,0.148957775,0.01902696,0.084469017,0.026791141,-0.033025771,0.037659218,-0.141505537,0.045979214,0.146053373,0.011382523,0.081290328,0.022660485,-0.039978568,0.016475989,-0.143920575,0.022524929
362,0.846154197,0.846929864,0.847363614,0.847528588,0.145435245,0.008425688,0.103469527,0.005364212,0.003003744,0.006063442,-0.121941395,0.011202112,0.147978759,0.017473484,0.084799876,0.031059161,-0.032355817,0.039474677,-0.146550592,0.045847218,0.142269171,0.006657544,0.08478768,0.028556201,-0.046488901,0.017182517,-0.151612759,0.013826856
363,0.847136947,0.847995015,0.848415183,0.848538113,0.14837691,0.005275748,0.098902385,0.015826124,0.000173905,0.004705028,-0.120649917,0.011794293,0.150892368,0.026232558,0.083605455,0.028141685,-0.039313836,0.039229244,-0.145049197,0.036879184,0.144928854,0.015289753,0.081111114,0.030113208,-0.045185404,0.010414189,-0.144227832,0.026270093
364,0.848112627,0.848960437,0.849400978,0.849558387,0.140752231,0.004557836,0.095484012,0.00690516,-0.00415568,0.004272315,-0.129172165,0.010584041,0.14176006,0.019774763,0.077190867,0.03202622,-0.043898262,0.039752643,-0.152503823,0.040123734,0.144353661,0.006092082,0.07278775,0.01976601,-0.05067316,0.013787777,-0.155965627,0.017016659
365,0.849102683,0.849933366,0.850383575,0.850536231,0.147741719,0.008002062,0.094497629,0.007304756,-0.009136666,0.006789476,-0.134765547,0.012383207,0.147232784,0.005241307,0.077346285,0.032491452,-0.043138733,0.039644222,-0.159095623,0.050068203,0.139209561,0.004408112,0.075522059,0.02534435,-0.054682176,0.014620993,-0.159294676,0.016064933
366,0.850086202,0.850969977,0.851349213,0.851554372,0.136452062,0.002565408,0.089566894,0.009253984,-0.013334197,0.003729233,-0.137896277,0.012415843,0.142589347,0.030176452,0.082076831,0.04572003,-0.050712651,0.039300114,-0.162423567,0.037093741,0.141736365,0.013038343,0.074295396,0.021111128,-0.061150274,0.015818879,-0.167580931,0.027996083
367,0.851120406,0.851976905,0.852428424,0.852554525,0.139046285,0.012597693,0.088701079,0.00422485,-0.016168507,0.003679402,-0.144032529,0.008536544,0.145477897,0.016707046,0.070382903,0.033709556,-0.05725601,0.039354752,-0.16637594,0.037542352,0.136035833,0.007878245,0.065273956,0.024069471,-0.063256372,0.014728562,-0.170484207,0.017657723
368,0.852084597,0.852924606,0.853356026,0.853536634,0.137878529,0.008287496,0.085354303,0.006070154,-0.020488733,0.007660364,-0.146209367,0.013942384,0.135874257,0.013969065,0.07484966,0.025251529,-0.059307321,0.045765682,-0.169949532,0.043684687,0.132519145,0.009897239,0.065513607,0.028213464,-0.068834116,0.012594412,-0.172305098,0.021373332
369,0.853079243,0.853915736,0.854390738,0.854559022,0.139641684,0.008748672,0.086403613,0.005336045,-0.022025711,0.002718864,-0.149287484,0.008390579,0.134430523,0.019014972,0.064229623,0.034180991,-0.066746892,0.04109129,-0.178769997,0.042767631,0.142009131,0.007759111,0.060431883,0.027373319,-0.071197641,0.014401552,-0.177730632,0.015738945
370,0.85408665,0.85495149,0.855412755,0.855541168,0.134114369,0.002835014,0.081031118,0.011852878,-0.026490886,0.005994494,-0.156151762,0.011969061,0.141578612,0.027226517,0.06269522,0.032206819,-0.065986711,0.039166781,-0.180047223,0.039502502,0.132736008,0.009508999,0.066141489,0.039642008,-0.077816653,0.012054782,-0.181459444,0.012287325
371,0.855072419,0.855899292,0.856392395,0.856572068,0.138485406,0.007201956,0.081209943,0.008139803,-0.030548469,0.007059419,-0.161025247,0.006020331,0.138326615,0.011301142,0.059749508,0.036085657,-0.076450364,0.043412865,-0.18737095,0.041291935,0.129199549,0.009829887,0.053262903,0.024732282,-0.078346356,0.009098306,-0.185951003,0.019307605
372,0.856034296,0.856954184,0.857437809,0.857561622,0.129912243,0.00592384,0.076295024,0.007354677,-0.032942095,0.004996578,-0.161096848,0.015661262,0.132873091,0.022935613,0.053211699,0.032976581,-0.076511167,0.038437892,-0.186492214,0.029544031,0.127352018,0.004912909,0.053577233,0.028193639,-0.084153889,0.019088773,-0.188065391,0.018688893
373,0.857059276,0.857936638,0.85833697,0.858501363,0.125317578,0.005937473,0.082314843,0.008642464,-0.040483353,0.009985127,-0.173144387,0.018205227,0.138047442,0.024294347,0.053806541,0.036332708,-0.083711371,0.044959258,-0.192936507,0.037661301,0.131542746,0.005944937,0.051361101,0.0269082,-0.089706569,0.010597377,-0.194681846,0.024286671
374,0.858080053,0.85891707,0.859391981,0.859556645,0.136350313,0.011637211,0.084236684,0.002498005,-0.040672859,0.004411871,-0.170241995,0.00147073,0.12840882,0.009119101,0.051696481,0.032068228,-0.082936408,0.043323669,-0.196706911,0.042827915,0.131958767,0.010523249,0.046357829,0.026374282,-0.086877968,0.011731608,-0.196471547,0.018521281
375,0.859049251,0.859941545,0.860353696,0.860522885,0.133293697,0.008866387,0.075601619,0.019838194,-0.044748157,0.00919004,-0.177504488,0.018421879,0.124277271,0.022845692,0.050549457,0.033204211,-0.09778463,0.043311307,-0.200655081,0.045864906,0.125017785,0.001680029,0.043259535,0.025780162,-0.097708235,0.021362228,-0.207407933,0.015597907
376,0.860032733,0.860939735,0.861352576,0.861528297,0.125006825,0.003488663,0.069772133,0.00838325,-0.048280118,0.007318641,-0.17900579,0.006661263,0.133097677,0.02279415,0.045990563,0.035880429,-0.08936005,0.041433332,-0.20791921,0.037179425,0.120824376,0.005532229,0.039851161,0.027973487,-0.095620214,0.005077433,-0.195805901,0.016071815
377,0.861038274,0.861919741,0.862389734,0.86253069,0.120961584,0.002773911,0.065140991,0.008844933,-0.052692067,0.006596122,-0.181017121,0.016249648,0.128023997,0.010494283,0.047798665,0.051214969,-0.097874423,0.040791718,-0.200461972,0.024271477,0.125882421,0.017249278,0.038582292,0.031433488,-0.103187132,0.012734865,-0.218085133,0.014938084
378,0.862059909,0.862897585,0.863381336,0.863504325,0.131914394,0.005193169,0.065052032,0.011198912,-0.058261384,0.010095371,-0.193744034,0.010721442,0.119990327,0.024567425,0.036767496,0.038719518,-0.099808727,0.043019769,-0.20876166,0.050346191,0.120969228,0.006638011,0.033697337,0.024817778,-0.108202195,0.011571692,-0.212567983,0.009484136
379,0.862994769,0.8639273,0.864351469,0.864556472,0.124398504,0.002399288,0.060113223,0.007235445,-0.063707514,0.006143834,-0.185795879,0.009681582,0.127485423,0.016302511,0.034936877,0.037215349,-0.108465908,0.048425352,-0.215110053,0.033246386,0.116595755,0.007298473,0.039652801,0.042940837,-0.107965698,0.010847159,-0.216778817,0.03282559
380,0.864023949,0.864938922,0.86535127,0.865538615,0.120471893,0.00964605,0.060380949,0.01228043,-0.063582137,0.008119969,-0.201603705,0.019415423,0.119101186,0.018918636,0.029678431,0.038891028,-0.111214343,0.040939233,-0.219013838,0.034690393,0.122812762,0.008727452,0.028746357,0.028368832,-0.117657743,0.013609754,-0.22368926,0.005002686
381,0.865012516,0.865913479,0.866370187,0.866538823,0.120189894,0.014330974,0.058045864,0.009588697,-0.069666996,0.008004677,-0.199197344,0.010829192,0.122370521,0.024725582,0.02664453,0.039141633,-0.118306702,0.051498692,-0.223270947,0.044807091,0.118393719,0.007224092,0.024915618,0.028977163,-0.120916235,0.012178898,-0.224941025,0.015954765
382,0.86596495,0.866963484,0.867420915,0.86758036,0.122775032,0.001016405,0.053222474,0.009542231,-0.070277503,0.005972053,-0.205878759,0.003628502,0.114651214,0.025164296,0.024244751,0.037562279,-0.120861875,0.042793053,-0.228960977,0.036473525,0.110693203,0.00788427,0.023768797,0.031778559,-0.120232916,0.015395725,-0.232836067,0.023348264
383,0.867036433,0.867949811,0.868435645,0.868552995,0.121612926,0.013391528,0.052807367,0.012016966,-0.074854186,0.009940775,-0.21236671,0.01519546,0.115908458,0.015266655,0.018294223,0.039470256,-0.12334378,0.042768237,-0.230911712,0.035659529,0.119149425,0.014469357,0.01891952,0.029340314,-0.126036851,0.011301949,-0.23050928,0.01203622
384,0.867965863,0.868921539,0.869360321,0.869540507,0.13541796,0.029071937,0.050196624,0.011026091,-0.084053085,0.013294896,-0.211819382,0.018618401,0.116822647,0.022130777,0.018951952,0.042763986,-0.127733029,0.050540707,-0.232903514,0.031184046,0.104702479,0.006635354,0.016049009,0.030423,-0.12760071,0.00982198,-0.240710967,0.008889474
385,0.868931408,0.869928243,0.870335838,0.870586271,0.113596416,0.010335425,0.047100439,0.012288283,-0.089250469,0.007686557,-0.209809791,0.00974403,0.108171025,0.027988937,0.014162,0.041861328,-0.134275171,0.042456304,-0.237239378,0.037067342,0.109298328,0.008652143,0.013719444,0.029712877,-0.134471624,0.012337552,-0.238032372,0.031637097
386,0.869933306,0.870887201,0.871380423,0.871503777,0.114956453,0.007295689,0.045887942,0.011010983,-0.088168353,0.008000841,-0.235473227,0.018307063,0.117539764,0.012991705,0.008809991,0.041598921,-0.13653365,0.044412034,-0.237348288,0.031415397,0.105527449,0.014809385,0.010179496,0.029793366,-0.139437289,0.011530941,-0.252653914,0.009938816
387,0.870905428,0.871940697,0.872410127,0.872580324,0.112831703,0.005830001,0.042326461,0.009960288,-0.093696681,0.007950779,-0.219196276,0.004162578,0.107090548,0.019667194,0.009140908,0.045512817,-0.140235583,0.047274961,-0.249262227,0.043478686,0.110189291,0.011609819,0.008274249,0.031439986,-0.141718828,0.007348591,-0.243112822,0.019614243
388,0.871956854,0.872918879,0.873389004,0.873533881,0.115457772,0.009289536,0.039246038,0.013695055,-0.09640388,0.009140908,-0.22802106,0.023287247,0.104387693,0.018912759,0.000229851,0.039673104,-0.148358713,0.048951012,-0.244626022,0.025043873,0.107650016,0.011438898,0.004634349,0.031896915,-0.139116052,0.013588354,-0.250391318,0.014670677
389,0.872907946,0.873879304,0.874372288,0.874582862,0.108639278,0.00488584,0.040882532,0.020096997,-0.104000636,0.011234143,-0.231909909,0.007650242,0.111169214,0.025632354,0.002061313,0.047060257,-0.154041827,0.045974054,-0.251541604,0.036746052,0.099053309,0.012908849,-0.000358531,0.031280435,-0.150959396,0.008011597,-0.250441696,0.016905804
390,0.873887748,0.874876812,0.87540651,0.875561872,0.107056188,0.002266786,0.034567699,0.015319016,-0.103568678,0.010269326,-0.23536,0.015204366,0.103357676,0.021270782,-0.002673268,0.046325987,-0.147030788,0.045568303,-0.259756548,0.027209587,0.097447256,0.00419872,-0.002757331,0.033809209,-0.147972956,0.021810502,-0.259402721,0.016119211
391,0.874906359,0.875897727,0.876338152,0.876549355,0.111646677,0.014456414,0.029721683,0.012062501,-0.116026975,0.014428474,-0.24631316,0.021090513,0.095139901,0.018885356,-0.010644905,0.044785696,-0.156599429,0.038587318,-0.246161972,0.028079768,0.100745359,0.012468629,-0.006602728,0.031350313,-0.16177542,0.008742768,-0.265116974,0.004039634
392,0.875894833,0.876899662,0.877360128,0.877564427,0.101127781,0.012911766,0.027977036,0.013413072,-0.116845971,0.007913024,-0.249589418,0.003370674,0.103944111,0.026810007,-0.003936876,0.058559191,-0.15982391,0.045354548,-0.255546293,0.025998126,0.09815222,0.014931698,-0.005613705,0.038388134,-0.15560371,0.005138769,-0.263055908,0.030610845
393,0.876863101,0.877885734,0.878387418,0.87854238,0.105668057,0.005876822,0.024556425,0.010933804,-0.11646547,0.009326556,-0.246983478,0.01841318,0.095962363,0.019770712,-0.014693189,0.051459573,-0.16089692,0.041871218,-0.268447352,0.027584542,0.088941625,0.001178463,-0.010492725,0.038375387,-0.161609828,0.009326159,-0.264615613,0.009184127
394,0.877893031,0.878900688,0.879372303,0.879562747,0.10149521,0.007235869,0.022014396,0.013288989,-0.126491994,0.013562782,-0.256016377,0.01389064,0.096645898,0.018544884,-0.021802648,0.048007649,-0.17851946,0.042985708,-0.265993759,0.028602252,0.099336611,0.003002345,-0.01638121,0.033748337,-0.171580484,0.011837167,-0.275664141,0.010004689
395,0.878927393,0.87990177,0.880359405,0.880562993,0.105116825,0.010247396,0.019326061,0.014009325,-0.129829698,0.012702099,-0.254586468,0.010401392,0.090886472,0.017776058,-0.021691546,0.047098319,-0.168114989,0.046244221,-0.277428038,0.040848249,0.095972595,0.011887279,-0.019694743,0.034079383,-0.16728108,0.014849904,-0.276032688,0.015995356
396,0.879918574,0.880843571,0.881369827,0.881536676,0.100438262,0.00837648,0.015148287,0.014395153,-0.134194323,0.013016379,-0.261339223,0.010996977,0.093275407,0.034525476,-0.028186533,0.050362943,-0.184722605,0.040468295,-0.265426778,0.028314314,0.087620041,0.005942567,-0.023517726,0.034461234,-0.171167592,0.008481996,-0.276103818,0.015406845
397,0.880883064,0.881872394,0.882373904,0.882579319,0.093888386,0.003647092,0.012446268,0.01493122,-0.136387845,0.012099184,-0.262169851,0.00290499,0.086395689,0.017462188,-0.031898301,0.051578383,-0.175631337,0.038233484,-0.272871687,0.027897126,0.081258239,0.006761976,-0.028507876,0.035168166,-0.183066156,0.008338294,-0.276569464,0.009402577
398,0.881841241,0.88289079,0.883390754,0.883576308,0.088994919,0.007106271,0.009065916,0.013314789,-0.138711938,0.01187483,-0.268247647,0.016569515,0.091419038,0.017193664,-0.034715505,0.052347031,-0.183060255,0.04434083,-0.287618212,0.021134592,0.094377018,0.016088841,-0.028916402,0.034621741,-0.1804745,0.004049703,-0.295255996,0.022753134
399,0.882846733,0.883903888,0.884377895,0.884550069,0.099295839,0.003073875,0.007112377,0.015018843,-0.154071365,0.009282255,-0.264526194,0.023036826,0.086758634,0.02952043,-0.041544327,0.052246348,-0.197316791,0.045864725,-0.279800976,0.03359529,0.083531409,0.011601751,-0.034268895,0.033741177,-0.186341734,0.017225994,-0.288795501,0.0186163
400,0.883852918,0.884903285,0.885315242,0.885504696,0.101855631,0.01059224,0.003647779,0.0140383,-0.152561685,0.020843675,-0.292184001,0.005756516,0.078735411,0.02854877,-0.040061481,0.051576828,-0.186302301,0.04414817,-0.278886333,0.028172594,0.07839007,0.011013014,-0.036214873,0.034433942,-0.189728763,0.009555272,-0.289781242,0.014595487
401,0.884840939,0.885928384,0.886409528,0.886548388,0.085948785,0.004329701,-0.001177978,0.014542881,-0.151196001,0.002118292,-0.262752565,0.018316217,0.079065882,0.019138676,-0.048257093,0.055357989,-0.202010309,0.03764449,-0.286494765,0.025654608,0.078630397,0.001954303,-0.042376488,0.038323591,-0.188012249,0.003750105,-0.299823403,0.031028584
402,0.885816529,0.886883572,0.887348026,0.887563442,0.083794219,0.006455319,-0.003417114,0.016140214,-0.161328644,0.020745351,-0.274807105,0.011634588,0.076993901,0.016768033,-0.051566992,0.054550757,-0.200579501,0.040161125,-0.287253201,0.02450097,0.087663695,0.011473436,-0.04711463,0.03615025,-0.207478028,0.035297672,-0.296962675,0.008236264
403,0.886819147,0.887914154,0.888363869,0.888564735,0.09223159,0.009656084,-0.007374309,0.01478041,-0.162667861,0.011866141,-0.293557505,0.007631596,0.077649104,0.026707183,-0.060172011,0.063133029,-0.201783462,0.042235824,-0.284827001,0.035374128,0.072932918,0.010594609,-0.046920074,0.035080944,-0.191390904,0.009760223,-0.297616262,0.015250858
404,0.887832934,0.88885459,0.889396741,0.889586173,0.078744427,0.004260709,-0.012086951,0.015851744,-0.168385303,0.009050091,-0.280184074,0.018432205,0.076508662,0.030274813,-0.059904789,0.055319666,-0.204436071,0.035881539,-0.295630935,0.012124329,0.068869713,0.007464526,-0.053402709,0.037692537,-0.206746679,0.015959553,-0.310439397,0.005371521
405,0.888796013,0.88990008,0.890371305,0.890551398,0.085953193,0.013114991,-0.012960243,0.015313344,-0.175899388,0.018955279,-0.302838333,0.008388716,0.07033289,0.02337809,-0.063886605,0.057853367,-0.207202122,0.0408127,-0.292972401,0.028567946,0.070242205,0.011765434,-0.054871719,0.035103323,-0.202290812,0.00343685,-0.306634526,0.006193487
406,0.889788723,0.890837587,0.89137456,0.891569658,0.084619061,0.006341022,-0.017900154,0.015643148,-0.182725317,0.009063014,-0.288069371,0.01648881,0.066699152,0.026044438,-0.065595478,0.057294025,-0.225289403,0.048465276,-0.309515636,0.025596886,0.0748466,0.017071131,-0.060450729,0.037350653,-0.207280982,0.016737966,-0.312162173,0.036265575
407,0.890804325,0.891921513,0.892360828,0.89253806,0.077624349,0.005462728,-0.020372124,0.015311336,-0.181555176,0.018248456,-0.301791843,0.01428878,0.06646207,0.024174027,-0.078287564,0.061499897,-0.211066831,0.030814868,-0.2961165,0.023017457,0.068689935,0.011948937,-0.072253181,0.050279902,-0.207821535,0.005613549,-0.305539006,0.006661881
408,0.891792249,0.892831559,0.893368347,0.893558417,0.079642413,0.006224593,-0.025516788,0.018810061,-0.189586569,0.011256474,-0.295180623,0.000977909,0.066936253,0.032985269,-0.074551633,0.058814146,-0.218019445,0.04054517,-0.310326023,0.019856387,0.06007847,0.009883768,-0.067641851,0.039302654,-0.222140496,0.019419786,-0.316712152,0.01105901
409,0.892799083,0.893940031,0.8944183,0.894588283,0.072956283,0.004535972,-0.029241593,0.015310154,-0.185967837,0.00964842,-0.298915754,0.00912284,0.063075238,0.023107762,-0.078947069,0.059467999,-0.230775079,0.037496093,-0.306645292,0.01653554,0.058842493,0.008748485,-0.07117814,0.036751192,-0.213255267,0.017041226,-0.321522198,0.015088844
410,0.89381248,0.894908535,0.895371758,0.895559915,0.074214816,0.011103248,-0.032293587,0.018227046,-0.199087901,0.024041169,-0.312825215,0.022435117,0.059266251,0.024079279,-0.087762753,0.063568105,-0.22958921,0.034174648,-0.305662217,0.018545421,0.06434084,0.010480002,-0.072793649,0.041112556,-0.220228348,0.004686511,-0.320881402,0.011194787
411,0.894767566,0.895897071,0.896367206,0.896568603,0.070273711,0.006478993,-0.03623298,0.016995347,-0.214271237,0.01607459,-0.314690894,0.01388211,0.05422921,0.021280871,-0.089625613,0.065517378,-0.230540414,0.034677832,-0.302246165,0.014164793,0.061430197,0.012191464,-0.072236702,0.044863663,-0.229173589,0.018342607,-0.321806913,0.008965116
412,0.895768335,0.896890998,0.897416483,0.897583666,0.065765951,0.004165623,-0.038794333,0.015754947,-0.203294719,0.011665434,-0.302531924,0.012832785,0.057615634,0.036651475,-0.091190598,0.059518412,-0.232683092,0.024288902,-0.320884287,0.022771694,0.052826639,0.010171906,-0.078707444,0.030848135,-0.219920884,0.011069917,-0.337277496,0.026973794
413,0.89677825,0.897902146,0.898412132,0.898564787,0.068870771,0.008445073,-0.044002983,0.017389256,-0.207458126,0.019864392,-0.326386916,0.001189195,0.051274415,0.029053568,-0.098995375,0.066343712,-0.241112639,0.040985878,-0.298559104,0.01860856,0.04810661,0.009397999,-0.074644738,0.033468313,-0.233225998,0.005048766,-0.321199206,0.018739662
414,0.897744203,0.898892298,0.899393127,0.899556511,0.067419773,0.003550029,-0.048300501,0.017820302,-0.21142356,0.016984182,-0.298919209,0.016613314,0.044796421,0.027148378,-0.097088227,0.060824971,-0.241871785,0.027685481,-0.332023663,0.022469404,0.047885531,0.010247608,-0.092554643,0.042334925,-0.208656703,0.011624758,-0.307371186,0.05664636
415,0.898762242,0.899906989,0.900375298,0.900556722,0.061384302,0.002276588,-0.05234337,0.016413287,-0.225591847,0.011752126,-0.331239546,0.005971817,0.041484807,0.027231916,-0.102642484,0.058862328,-0.248818534,0.042528583,-0.316298281,0.021737289,0.053838524,0.008694979,-0.097013674,0.039600468,-0.232492365,0.044626278,-0.309754142,0.01343041
416,0.89976054,0.900870801,0.901417928,0.901581316,0.061324134,0.014403365,-0.055893592,0.022089308,-0.218610057,0.011374051,-0.327010755,0.015510794,0.036662225,0.021865288,-0.118755536,0.073560392,-0.243600622,0.036217,-0.322562267,0.021730372,0.042329416,0.017347013,-0.098778152,0.033982698,-0.243707967,0.001748848,-0.344469266,0.017675155
417,0.900763209,0.901865581,0.902377883,0.902524294,0.055326566,0.00498357,-0.060577455,0.016289464,-0.228092647,0.021980981,-0.32402968,0.023194139,0.043935963,0.04058592,-0.11192055,0.066179884,-0.254700426,0.029326312,-0.318008812,0.001619046,0.043116599,0.012876699,-0.10642614,0.040760278,-0.242163942,0.012809167,-0.337290319,0.010847719
418,0.901765956,0.902860938,0.903396131,0.903585966,0.053402412,0.004952529,-0.065030848,0.017599894,-0.235360204,0.008995088,-0.32371645,0.009595922,0.035461631,0.028930373,-0.121750018,0.067191406,-0.253129857,0.031812839,-0.325216463,0.02786088,0.040188771,0.014772762,-0.107060774,0.037286265,-0.247492392,0.014595029,-0.34423133,0.007561987
419,0.902766108,0.903905339,0.904375171,0.90454375,0.054119277,0.008843041,-0.064696687,0.017428002,-0.241464477,0.015046868,-0.327856482,0.01365627,0.031113936,0.029069611,-0.120596465,0.066856832,-0.269380944,0.042975377,-0.326321056,0.003018934,0.033526629,0.013017665,-0.119433703,0.036959698,-0.252517466,0.016850022,-0.340018267,0.001916664
420,0.903792237,0.904945563,0.905401893,0.905544978,0.049004025,0.00922813,-0.072206837,0.017162731,-0.239782822,0.010359705,-0.332860306,0.007229003,0.038497208,0.022626245,-0.127211234,0.067425318,-0.263890387,0.032844684,-0.331381511,0.03098578,0.034666628,0.014098931,-0.113977205,0.039915101,-0.253000991,0.002440184,-0.354188214,0.006331437
421,0.904733773,0.905904292,0.90643296,0.906589736,0.045863792,0.003983523,-0.076546859,0.021252555,-0.244665923,0.009761468,-0.326561891,0.005022573,0.032882563,0.024656776,-0.126797683,0.060915994,-0.265218987,0.027742183,-0.331150367,0.010371083,0.033559744,0.019837857,-0.120746383,0.04297322,-0.260432013,0.014320838,-0.334470575,0.01419223
422,0.90575506,0.906903363,0.907451257,0.907543276,0.044214864,0.005892798,-0.079283305,0.020445462,-0.243806029,0.014050905,-0.345815455,0.010000577,0.023355542,0.033122444,-0.144495554,0.083612192,-0.273887158,0.033181524,-0.330569503,0.015601657,0.026422098,0.013829755,-0.119120932,0.041790956,-0.264979041,0.02558029,-0.348662805,0.034692095
423,0.906721281,0.907920575,0.908407024,0.908534986,0.04117515,0.006355858,-0.084674603,0.017478152,-0.260969825,0.02200977,-0.336541987,0.006598429,0.028184085,0.050127427,-0.139147925,0.063261185,-0.279769064,0.023339304,-0.334823597,0.017744327,0.024006264,0.011738553,-0.130285674,0.044766531,-0.25633474,0.001809976,-0.374331568,0.030467506
424,0.907698488,0.908892298,0.909449756,0.909572273,0.042301709,0.014280679,-0.088392757,0.022174548,-0.251765335,0.013640728,-0.338586306,0.012536825,0.014597421,0.032458134,-0.143415013,0.068434453,-0.270510059,0.025063083,-0.336302652,0.021541426,0.020090287,0.014713115,-0.131016636,0.044576097,-0.271857919,0.00634773,-0.337503198,0.015640035
425,0.9087562,0.909958443,0.910442625,0.910590494,0.034585811,0.007609791,-0.089945484,0.014022917,-0.266367821,0.016294074,-0.338336894,0.018269089,0.011322935,0.034573177,-0.149875428,0.066346167,-0.291132259,0.034701526,-0.347097874,0.011552946,0.018644564,0.013720122,-0.132012433,0.030913167,-0.271798756,0.018538737,-0.358039472,0.006680493
426,0.90972933,0.910946282,0.911389924,0.911604462,0.032194015,0.003881758,-0.096654329,0.020949034,-0.274804655,0.023096678,-0.342717782,0.004625313,0.01007208,0.034342312,-0.14744291,0.065727584,-0.27294039,0.023876196,-0.320528044,0.021586742,0.01568007,0.013789842,-0.145099899,0.050716268,-0.270882898,0.006253202,-0.362034097,0.013315891
427,0.910734419,0.911970815,0.912428409,0.912574949,0.035157223,0.009266396,-0.101070351,0.022856079,-0.266338275,0.009637893,-0.34439289,0.014983171,0.003123296,0.035112317,-0.13140017,0.071184354,-0.281944796,0.028500037,-0.353530634,0.004788306,0.011691722,0.014894681,-0.148180648,0.030246002,-0.272892087,0.010860621,-0.348327066,0.021364597
428,0.911710511,0.912922914,0.913444692,0.913598502,0.027935024,0.004353912,-0.116872232,0.03228381,-0.273108103,0.014676171,-0.348991223,0.019538216,0.002305918,0.037037321,-0.14783662,0.05595977,-0.290570653,0.024368371,-0.338550622,0.014948816,0.00850362,0.013164672,-0.149378624,0.041693766,-0.282926832,0.012612497,-0.358556356,0.013034134
429,0.912695156,0.913905724,0.914432055,0.914593328,0.027327393,0.003821608,-0.1073715,0.022170853,-0.285616456,0.031161754,-0.35716947,0.005530797,0.001343753,0.042227721,-0.159020747,0.062494528,-0.255400055,0.03703204,-0.314226889,0.040859187,0.005456913,0.015226735,-0.147355447,0.039767868,-0.288544576,0.008278658,-0.363208231,0.016232912
430,0.913672437,0.91487696,0.915452315,0.915581838,0.021376422,0.00834341,-0.116030506,0.01624446,-0.290855139,0.002417951,-0.350442791,0.004182633,-0.005339801,0.042598213,-0.171227663,0.070769706,-0.289875574,0.007779503,-0.337050702,0.030654187,0.004720919,0.016320306,-0.154704326,0.037139546,-0.285928718,0.011350575,-0.368243221,0.009083761
431,0.914639362,0.915875832,0.916413372,0.916567134,0.016570629,0.006527434,-0.122469412,0.02129327,-0.297136974,0.019078221,-0.353437278,0.010697189,-0.007996958,0.038285847,-0.190113467,0.06125908,-0.29459346,0.029065574,-0.337848002,0.015176723,0.006810379,0.021340964,-0.154452295,0.034000293,-0.291190267,0.014396775,-0.355153793,0.006154014
432,0.915666667,0.916908774,0.917397801,0.917554608,0.014982402,0.00790475,-0.115769614,0.016544987,-0.298570712,0.014297194,-0.367638148,0.020674639,-0.013625654,0.038499577,-0.171817524,0.069314379,-0.312718731,0.023601629,-0.358007887,0.004157181,-0.004625877,0.015997198,-0.16238429,0.047457028,-0.288439052,0.005811821,-0.374435958,0.012257782
433,0.916780774,0.917922698,0.918404451,0.918534626,0.016120958,0.012133237,-0.129511615,0.009342391,-0.28833863,0.018516613,-0.361462296,0.011345467,-0.025431614,0.049737065,-0.178074352,0.065829021,-0.30755686,0.02070602,-0.355437584,0.018818714,-0.007702516,0.014547253,-0.158880508,0.029073053,-0.305275528,0.014830992,-0.363277348,0.019516219
434,0.917738772,0.918915608,0.919381496,0.919569778,0.008992392,0.009552125,-0.126650093,0.024790918,-0.301254002,0.022490727,-0.3498033,0.015264798,-0.019007253,0.039961919,-0.177959505,0.061435611,-0.304949965,0.029026813,-0.359122485,0.019442172,-0.012021484,0.014958655,-0.169913208,0.042379147,-0.306163519,0.012330076,-0.369339571,0.013372982
435,0.918776642,0.919935651,0.92040515,0.920510575,0.007920493,0.003966752,-0.135886387,0.014905927,-0.309903595,0.005146279,-0.36873308,0.015863668,-0.025289256,0.042002691,-0.183394008,0.071845449,-0.305744578,0.005133138,-0.357779503,0.010253914,-0.014649822,0.01621251,-0.171220437,0.039325761,-0.302581519,0.028408706,-0.378428644,0.013242449
436,0.919751085,0.920912681,0.921420325,0.921569032,-2.00E-05,0.007729505,-0.137750228,0.025510712,-0.300558321,0.019164943,-0.353635552,0.018585703,-0.028322131,0.042756618,-0.191080702,0.062417424,-0.322221445,0.021169343,-0.34911969,0.009587604,-0.018697572,0.015602653,-0.178650742,0.045910847,-0.301121749,0.009061297,-0.38829298,0.008399518
437,0.920771408,0.921928998,0.922375065,0.922540559,-0.002753699,0.007560877,-0.129344782,0.033128379,-0.329835742,0.020159463,-0.377787836,0.001602957,-0.03977365,0.049702936,-0.186445595,0.066428008,-0.314063884,0.030512358,-0.364569033,0.011232898,-0.022833362,0.0160431,-0.190398184,0.041933137,-0.316355354,0.016760748,-0.364336237,0.006169838
438,0.921782427,0.92300991,0.92339766,0.923497236,-0.005915758,0.008361585,-0.136249538,0.00896153,-0.313974512,0.011129528,-0.375406964,0.003980451,-0.036484011,0.043276101,-0.209087774,0.073343056,-0.326804842,0.022755281,-0.36506881,0.010972784,-0.026109779,0.017408863,-0.175881524,0.029818384,-0.298336275,0.019536408,-0.379454718,0.005436759
439,0.922764993,0.92403177,0.924460517,0.92458756,-0.011075283,0.008512088,-0.145554802,0.024543773,-0.290393096,0.023328024,-0.339283638,0.033727366,-0.041184468,0.04486084,-0.19555772,0.059949586,-0.316957255,0.01439687,-0.347656204,0.013477201,-0.027954694,0.014885173,-0.183387763,0.043241264,-0.324817887,0.016059836,-0.382412202,0.026721629
440,0.923795709,0.925070678,0.925541403,0.925616282,-0.014029609,0.00720511,-0.150896343,0.020706611,-0.309853229,0.011016708,-0.342101642,0.012084632,-0.049269867,0.050192271,-0.203293775,0.081884632,-0.333913369,0.020040557,-0.368902098,0.011646054,-0.034988323,0.019217721,-0.187222124,0.033140581,-0.316469844,0.030005964,-0.372790029,0.004324907
441,0.924732329,0.926018909,0.926489805,0.926642936,-0.017916764,0.007240348,-0.167912811,0.03311076,-0.328614198,0.032945155,-0.358396568,0.008048975,-0.049639991,0.046577711,-0.205398379,0.056505277,-0.32888376,0.026219957,-0.363527572,0.006024684,-0.037826797,0.017496259,-0.189158093,0.04377152,-0.328470474,0.01899212,-0.384641472,0.020585287
442,0.925788121,0.927017528,0.927542049,0.927664261,-0.022056226,0.008142391,-0.168167416,0.028409454,-0.335179253,0.001541471,-0.383922192,0.023352065,-0.054617508,0.048851906,-0.210102155,0.065157058,-0.327331858,0.009674484,-0.35514611,0.012706214,-0.042970673,0.017018075,-0.195945884,0.034994662,-0.314294194,0.013763112,-0.377778258,0.003604598
443,0.92677441,0.928052337,0.928503134,0.928633677,-0.024751957,0.008540634,-0.16742174,0.01440438,-0.337901883,0.027100496,-0.381998805,0.005046137,-0.063454415,0.053135565,-0.205529041,0.060170844,-0.332585815,0.01063894,-0.35977765,0.022520818,-0.055412698,0.026752322,-0.197295443,0.030389518,-0.344970074,0.012090262,-0.38246852,0.008959738
444,0.927764428,0.929063894,0.929490678,0.929661387,-0.029761957,0.007889614,-0.167711052,0.019802997,-0.348402563,0.016152926,-0.37610548,0.017966427,-0.063102749,0.049954329,-0.215165637,0.052844852,-0.343164087,0.007502756,-0.368938489,0.006369727,-0.048943394,0.017352212,-0.204403362,0.048350171,-0.335708221,0.02543079,-0.37751566,0.010827534
445,0.92876241,0.930026776,0.930500563,0.930633949,-0.033321424,0.00891618,-0.177016183,0.024148617,-0.350940005,0.011146768,-0.385002739,0.007164904,-0.070359059,0.055196094,-0.217801834,0.062386452,-0.323296652,0.026649498,-0.378807266,0.032377191,-0.054610534,0.019266564,-0.20271106,0.029402296,-0.354985437,0.044541202,-0.402088104,0.010720507
446,0.929792579,0.931033172,0.931474456,0.931676505,-0.036770854,0.00845936,-0.175495731,0.020887427,-0.350771502,0.029156699,-0.378110855,0.020046126,-0.082047073,0.056663345,-0.220214521,0.06036998,-0.353884954,0.007721445,-0.374889983,0.008686238,-0.058619772,0.017113249,-0.223768408,0.045565478,-0.330969596,0.016141059,-0.366494046,0.026706673
447,0.930772103,0.932083689,0.932556463,0.932630932,-0.042309859,0.007973101,-0.176611963,0.020743334,-0.343983848,0.016519462,-0.404777086,0.028328906,-0.078560813,0.055859549,-0.231462605,0.054160476,-0.341024468,0.018319576,-0.371369491,0.009571925,-0.066830136,0.022842641,-0.204197797,0.04368372,-0.337163336,0.012074697,-0.401777864,0.006964215
448,0.931793381,0.933045622,0.933539709,0.933619433,-0.044641897,0.009752026,-0.189389495,0.025808177,-0.350931212,0.026767117,-0.387449767,0.011908301,-0.085441386,0.057615615,-0.239587086,0.062434325,-0.356303881,0.017912015,-0.367503052,0.022621132,-0.068166086,0.017609203,-0.211457339,0.027597892,-0.339202127,0.010045873,-0.400301133,0.020815656
449,0.932764075,0.934070141,0.934498634,0.934621623,-0.050902576,0.008684978,-0.203716629,0.004177658,-0.373270567,0.017386844,-0.378189449,0.010891287,-0.084500963,0.050217325,-0.228245177,0.054218474,-0.345196945,0.010152948,-0.364532082,0.009633746,-0.079132961,0.005047805,-0.211403299,0.042692765,-0.344549538,0.004955746,-0.39099332,0.018197891
450,0.933798737,0.935027938,0.935524288,0.935618564,-0.058766359,0.011321194,-0.188877175,0.035713869,-0.368819564,0.018697481,-0.382757121,0.001880622,-0.09606034,0.059283993,-0.238203587,0.06571443,-0.337630424,0.019131396,-0.379253082,0.017152128,-0.077362046,0.020495872,-0.22132362,0.043737101,-0.349793699,0.025410174,-0.385616186,0.028867324
451,0.934803684,0.93603558,0.936539406,0.936631354,-0.058229913,0.011083216,-0.198221563,0.01975748,-0.358020893,0.011177091,-0.393987225,0.015489111,-0.100767702,0.058529542,-0.236424538,0.060785564,-0.354078544,0.010898759,-0.371384799,0.013583352,-0.087136563,0.023966549,-0.230349054,0.042016903,-0.35005787,0.014237069,-0.390907557,0.013132181
452,0.93581526,0.937062863,0.937503585,0.937613497,-0.062677962,0.006415954,-0.20704578,0.031478822,-0.36763582,0.024186772,-0.392053994,0.013366284,-0.107586248,0.060629998,-0.234276562,0.056669204,-0.367091946,0.01682604,-0.388735709,0.037043058,-0.087303294,0.018924129,-0.22112397,0.026090665,-0.354332279,0.013485901,-0.392210035,0.009487863
453,0.936811554,0.938087466,0.938522888,0.938615732,-0.066874015,0.006715587,-0.20081288,0.025255846,-0.366875807,0.013313941,-0.396024083,0.006513375,-0.105030049,0.054233385,-0.238407316,0.058763214,-0.354202239,0.017305853,-0.369394446,0.016596509,-0.092902907,0.019349997,-0.229128696,0.033887532,-0.359829284,0.030217834,-0.400967466,0.012419479
454,0.937811305,0.939083972,0.93955067,0.939647653,-0.068945161,0.007550276,-0.208271092,0.023817697,-0.368571921,0.006773501,-0.388003875,0.00947762,-0.119398688,0.06347118,-0.24355099,0.050050033,-0.373859562,0.012901907,-0.390687902,0.032504155,-0.100275229,0.029174798,-0.233187569,0.028725167,-0.37370593,0.007331582,-0.395919007,0.026973952
455,0.938826179,0.940077569,0.940524364,0.940675315,-0.077701232,0.010277901,-0.209248934,0.027914673,-0.389146073,0.023528263,-0.389367177,0.009346116,-0.126193962,0.064417601,-0.250869713,0.07018842,-0.363798774,0.016115963,-0.385220206,0.016743666,-0.105782001,0.018159873,-0.222620933,0.034245834,-0.367562595,0.032986908,-0.402141315,0.020748559
456,0.939853273,0.941091744,0.941576507,0.941621362,-0.082302928,0.011018324,-0.210183137,0.023209564,-0.370983383,0.013238081,-0.409567043,0.009126457,-0.121736348,0.058996672,-0.247688056,0.054050173,-0.385628381,0.022524448,-0.35925975,0.025213861,-0.102256633,0.019139571,-0.247894448,0.045281918,-0.359710691,0.010068626,-0.396719892,0.031668988
457,0.940850469,0.942100486,0.942517299,0.942637379,-0.093196012,0.006609027,-0.219390892,0.019047417,-0.392312736,0.023760669,-0.392902293,0.020714353,-0.129407569,0.061356386,-0.255122859,0.049435183,-0.371679408,0.003346422,-0.41283686,0.01248729,-0.128916517,0.013025162,-0.23641213,0.03484979,-0.371548292,0.017691869,-0.390594039,0.016189915
458,0.94179819,0.943114702,0.943507971,0.943651269,-0.09265948,0.002901512,-0.220880992,0.022910447,-0.385427502,0.022783953,-0.419543491,0.021962108,-0.137187603,0.05551858,-0.255088374,0.063520968,-0.374739527,0.012253832,-0.365987521,0.038908889,-0.110516731,0.020809145,-0.238379956,0.028745303,-0.383748527,0.011919058,-0.418984483,0.016679881
459,0.942814023,0.944131085,0.944531394,0.944657753,-0.087814063,0.01154342,-0.220057464,0.024932312,-0.39721973,0.006502454,-0.414479856,0.011163914,-0.149196344,0.065364504,-0.262190111,0.049057976,-0.388304857,0.016825624,-0.400975415,0.011692179,-0.124396358,0.017685181,-0.242261803,0.038038237,-0.368293191,0.028811391,-0.396469212,0.028878297
460,0.94383144,0.945132672,0.945513508,0.945614358,-0.096761087,0.007026533,-0.23010113,0.024475818,-0.387020174,0.027008062,-0.404917101,0.025822197,-0.145703244,0.068882806,-0.26218841,0.043735136,-0.387660017,0.030349162,-0.387263515,0.023777653,-0.122819675,0.01952518,-0.24477521,0.033433397,-0.388492716,0.01238943,-0.403866586,0.011225511
461,0.944862935,0.946144876,0.946528446,0.946668532,-0.097033447,0.013454782,-0.240649566,0.017171782,-0.397682434,0.005463069,-0.40398505,0.014351168,-0.144673853,0.060916381,-0.269578016,0.055569242,-0.384296541,0.012011297,-0.391181567,0.032918005,-0.135441577,0.028823467,-0.264815601,0.038957342,-0.397453011,0.034797534,-0.404683198,0.03791216
462,0.945810959,0.947173236,0.947554041,0.947623029,-0.115268539,0.019630962,-0.235571466,0.025064839,-0.388541236,0.01343552,-0.418910117,0.014389359,-0.157796031,0.064569367,-0.262696247,0.050410382,-0.411732168,0.033303045,-0.411128247,0.006716466,-0.136251762,0.023901559,-0.250532673,0.041655861,-0.386674156,0.001979593,-0.424704518,0.022525732
463,0.946823301,0.94814225,0.948524455,0.948666605,-0.111603145,0.015089247,-0.240730376,0.037220971,-0.408211766,0.018403029,-0.411842236,0.008044749,-0.174827323,0.068351128,-0.262956988,0.049216188,-0.387014777,0.023155008,-0.378035437,0.034249604,-0.147059871,0.002131487,-0.239290976,0.027292206,-0.390334983,0.023785641,-0.404026904,0.022284366
464,0.947844543,0.949161852,0.94955068,0.949652914,-0.114657191,0.007890345,-0.237729015,0.021932636,-0.400074381,0.010772061,-0.432779652,0.010747436,-0.157189912,0.060940426,-0.274548949,0.057299526,-0.395249867,0.018584687,-0.394086782,0.003274323,-0.151353174,0.026173261,-0.263401338,0.037267774,-0.407565145,0.024653606,-0.403010852,0.0292433
465,0.948836598,0.950160303,0.950559816,0.950657242,-0.117410977,0.011072591,-0.241023638,0.029750908,-0.412642467,0.010816532,-0.410148075,0.004158462,-0.172737385,0.066420942,-0.272734337,0.036231115,-0.411239787,0.017577061,-0.403012134,0.020140292,-0.15304633,0.027496235,-0.249152023,0.033773943,-0.397399543,0.0163183,-0.423072367,0.014421252
466,0.949913929,0.95115347,0.951538533,0.951620211,-0.122408748,0.006020215,-0.248975823,0.0270681,-0.411248549,0.016558464,-0.443231133,0.007510119,-0.171586395,0.0697417,-0.268538907,0.055848374,-0.389383617,0.005084803,-0.391715488,0.029465372,-0.163557866,0.02046544,-0.256671446,0.03199979,-0.395471934,0.02868868,-0.417399287,0.025099941
467,0.950837871,0.952163095,0.952570379,0.952616069,-0.127556646,0.016642133,-0.252088389,0.031180888,-0.405174529,0.014439423,-0.425696934,0.007256994,-0.208844446,0.059195903,-0.275248323,0.045323477,-0.40975223,0.024923681,-0.425055265,0.015893012,-0.158516441,0.016286583,-0.268023778,0.018522226,-0.407957782,0.024142535,-0.405485646,0.040553074
468,0.951835238,0.953137636,0.953565105,0.953675533,-0.130979303,0.008222941,-0.263243266,0.039181941,-0.423232835,0.007952479,-0.427790664,0.012668854,-0.1759112,0.063162474,-0.287141912,0.046411898,-0.40743553,0.006679746,-0.387412178,0.0037415,-0.173122959,0.012259512,-0.26631526,0.046537436,-0.42457583,0.023115624,-0.427927697,0.006714615
469,0.952879038,0.954176315,0.954538582,0.954638504,-0.138649834,0.016271817,-0.251207689,0.017443494,-0.412458329,0.025581263,-0.431689481,0.018891409,-0.193300863,0.079865572,-0.281634425,0.04628216,-0.407395716,0.025537369,-0.398231548,0.030307836,-0.179440404,0.033728984,-0.268675071,0.023536474,-0.422198388,0.027164546,-0.405245863,0.044035256
470,0.953900478,0.955128011,0.955507852,0.955606799,-0.150823023,0.015968631,-0.270370497,0.028495165,-0.433881933,0.014971991,-0.460362533,0.020208553,-0.190529485,0.067097905,-0.274756818,0.046455564,-0.404648417,0.023896313,-0.40762021,0.020617337,-0.175545018,0.02875545,-0.270942403,0.050168799,-0.406342224,0.01076095,-0.418952049,0.033476169
471,0.954917601,0.956126335,0.956512083,0.95660579,-0.143535958,0.005501568,-0.259527035,0.029317169,-0.426195241,0.002083348,-0.430612311,0.030071426,-0.207154076,0.076143934,-0.30380794,0.059348014,-0.415087273,0.018984057,-0.400946418,0.040554505,-0.180315117,0.016127414,-0.269618885,0.027490383,-0.432138101,0.029752813,-0.43672304,0.022549013
472,0.955985684,0.957143863,0.957529015,0.957628138,-0.138882868,0.009062842,-0.270570002,0.016630841,-0.420818439,0.015836735,-0.447907714,0.007175351,-0.207460963,0.068494484,-0.277695472,0.039845315,-0.415114404,0.014892607,-0.426474577,0.008384685,-0.205732018,0.021591037,-0.269424509,0.028587532,-0.429355444,0.020210555,-0.42030857,0.013599242
473,0.956929058,0.958172064,0.958518387,0.958633509,-0.151625183,0.015340295,-0.261799748,0.026719834,-0.417779559,0.016833572,-0.444335492,0.008350293,-0.207923167,0.061362101,-0.300446385,0.041031964,-0.428012294,0.014244875,-0.410962591,0.015996335,-0.190154196,0.029980444,-0.273571751,0.03129162,-0.419162395,0.034342746,-0.439256328,0.04120725
474,0.957943768,0.959153498,0.959596784,0.959632528,-0.160329892,0.018371589,-0.274832455,0.02970095,-0.41641851,0.029848129,-0.456469447,0.013939255,-0.219995598,0.069057599,-0.284593181,0.04279896,-0.425271682,0.013729498,-0.415191835,0.039156132,-0.198123319,0.029125981,-0.271278889,0.027364526,-0.450794747,0.039067981,-0.422847118,0.021110178
475,0.958968988,0.960146609,0.960529914,0.960623058,-0.15665799,0.011886216,-0.276521246,0.028696228,-0.449013928,0.015588092,-0.452942415,0.012416444,-0.216977905,0.069790261,-0.296330983,0.045502187,-0.426205178,0.010910757,-0.413416287,0.012318001,-0.20341927,0.026279548,-0.282459581,0.032670566,-0.428523797,0.021865965,-0.428398603,0.047168284
476,0.959978727,0.961155624,0.961517113,0.96158602,-0.1606584,0.00656017,-0.274186922,0.028933502,-0.444346492,0.001027774,-0.477321258,0.011892617,-0.229029977,0.068231995,-0.299890566,0.043277479,-0.428371016,0.025976174,-0.437968788,0.046010445,-0.219314517,0.034575975,-0.289312338,0.038414464,-0.446304935,0.038343567,-0.418077763,0.024474067
477,0.961003437,0.962143428,0.962564736,0.962580778,-0.174943414,0.012302265,-0.285492051,0.02912423,-0.405567286,0.040175047,-0.455122985,0.021355825,-0.231227166,0.066187336,-0.303727041,0.044838374,-0.449544809,0.00918908,-0.401777051,0.024229183,-0.205074828,0.019261292,-0.27683662,0.034387175,-0.434309424,0.031951804,,0.199668464
478,0.962002164,0.96315082,0.963544477,0.963589336,-0.1708563,0.017818205,-0.306330355,0.028881526,-0.444842557,0.004733976,-0.458565622,0.009032757,-0.2342538,0.06771652,-0.291110324,0.030728998,-0.436947446,0.005664575,-0.426751445,0.012894287,-0.225068489,0.051245847,-0.288549081,0.027533908,-0.463610384,0.035879384,-0.787388141,0.648188302
479,0.963014162,0.964184606,0.964524217,0.964613783,-0.172894659,0.007118027,-0.272493583,0.028276028,-0.441617892,0.018923106,-0.473175046,0.033028511,-0.237370603,0.061384693,-0.304423439,0.05681204,-0.438036476,0.014130386,,0.094515226,-0.227523674,0.020558512,-0.289410123,0.033710445,-0.446378778,0.038256357,,0.057731155
480,0.964011481,0.965226397,0.965567527,0.965594765,-0.182285267,0.016155223,-0.278722274,0.024359113,-0.43778476,0.024065795,-0.471823702,0.02402032,-0.240008351,0.069862576,-0.302878795,0.032188816,-0.443761242,0.033463147,-0.83341834,0.718515057,-0.227739859,0.026205513,-0.287085566,0.033299935,-0.455172364,0.013905499,-0.441930991,0.034880028
481,0.965104983,0.966204578,0.966545152,0.966572597,-0.178804977,0.007904084,-0.291027517,0.034322324,-0.457911421,0.01666875,-0.479794143,0.012126649,-0.247859704,0.066537392,-0.314753528,0.049603284,-0.45405942,0.017292536,,0.019352663,-0.231887687,0.047074353,-0.29289607,0.029762218,-0.461827481,0.015759135,-0.423618361,0.062183742
482,0.966013832,0.967249529,0.967546055,0.967618213,-0.190610767,0.027210511,-0.293299639,0.014108314,-0.450750281,0.02077284,-0.467446724,0.007717738,-0.247616354,0.067197148,-0.325432552,0.061819969,-0.452040578,0.020253262,-0.430916496,0.028097298,-0.236553653,0.036854112,-0.293856845,0.032818777,-0.452655809,0.03554755,-0.44052718,0.023160756
483,0.967071309,0.968169383,0.968542709,0.968676582,-0.190398379,0.009639724,-0.310919044,0.041151064,-0.450958423,0.011410905,-0.474878329,0.02967733,-0.254727502,0.063367221,-0.311660076,0.013910077,-0.45690935,0.028010424,-0.428481141,0.025477128,-0.23528916,0.029869263,-0.294082323,0.040102562,-0.464606865,0.02385757,-0.431833036,0.044239046
484,0.968075757,0.969229121,0.969511818,0.969642673,-0.195005885,0.00187061,-0.288891747,0.021835026,-0.46515617,0.016985367,-0.499480396,0.021571204,-0.265118562,0.069343795,-0.319369453,0.051915366,-0.466910768,0.006534811,-0.433128236,0.037444151,-0.250689484,0.048001777,-0.305511074,0.023711903,-0.468557669,0.02714062,-0.44325241,0.035040728
485,0.969052801,0.970233724,0.970575224,0.970655491,-0.192441477,0.011930691,-0.304488793,0.024977479,-0.455342455,0.017986343,-0.478834689,0.03411607,-0.270639727,0.071231262,-0.323661777,0.048672766,-0.474993856,0.022460703,-0.434128638,0.046609049,-0.252577273,0.040875265,-0.296707581,0.041330244,-0.47312635,0.034137485,-0.430228791,0.028560893
486,0.970067304,0.971260554,0.971528365,0.971662964,-0.203575635,0.019463608,-0.305211093,0.028435604,-0.469922607,0.015317287,-0.491843571,0.019850322,-0.247266546,0.070164981,-0.324214086,0.042435284,-0.46571499,0.010784591,-0.4428942,0.016931684,-0.251178996,0.038488508,-0.307998367,0.037777716,-0.483787203,0.02770159,-0.449506768,0.043952684
487,0.97111322,0.97225989,0.972554113,0.972674679,-0.201762172,0.00768775,-0.307117662,0.031768362,-0.466165841,0.004657599,-0.509941609,0.007106073,-0.271835019,0.050659853,-0.323762427,0.032048106,-0.474905914,0.014966039,-0.433499806,0.053261461,-0.251498144,0.032837118,-0.306438449,0.035378199,-0.481543901,0.022779786,-0.444203418,0.055202382
488,0.972087472,0.973256383,0.973544023,0.973660935,-0.203923166,0.015455036,-0.325648131,0.03629053,-0.483062648,0.026851673,-0.502450056,0.020941931,-0.285095991,0.075197884,-0.321643735,0.051728748,-0.477396877,0.022546889,-0.430567194,0.039706231,-0.271545557,0.042500741,-0.301891578,0.030712181,-0.484758674,0.04101779,-0.431807649,0.044714792
489,0.973134051,0.974256019,0.974575546,0.974669473,-0.202274062,0.006356863,-0.313622445,0.024937141,-0.467046656,0.015322033,-0.490872516,0.037846683,-0.2636359,0.061602896,-0.330813647,0.039004042,-0.469157402,0.010038649,-0.436502501,0.021873384,-0.265749509,0.052414762,-0.305145836,0.032558833,-0.496720261,0.004721504,-0.450282446,0.047058087
490,0.974188196,0.975232868,0.975529686,0.975632402,-0.213929752,0.019360259,-0.31377849,0.032875802,-0.472733602,0.024314632,-0.515651475,0.012495106,-0.282190603,0.071670675,-0.325033999,0.041787001,-0.495140792,0.022293052,-0.434217406,0.019945018,-0.26115123,0.037132692,-0.316788977,0.01971849,-0.480087527,0.034133787,-0.44434291,0.036992079
491,0.975156006,0.976257494,0.976594106,0.976661069,-0.216563577,0.018267232,-0.320703255,0.024803249,-0.470927982,0.027618755,-0.500848614,0.024868524,-0.271873554,0.0712978,-0.34002808,0.04291937,-0.485826712,0.02740472,-0.45394634,0.049913893,-0.276028165,0.045596673,-0.324095984,0.026912195,-0.499326501,0.017108293,-0.431600783,0.055187617
492,0.97621319,0.977235413,0.977572511,0.977628267,-0.214304609,0.014014538,-0.310885501,0.043231511,-0.459107648,0.041705619,-0.502349703,0.047200771,-0.297047523,0.061110767,-0.336544283,0.052415665,-0.488337367,0.019808389,-0.44436698,0.063218276,-0.277533244,0.05174884,-0.314540392,0.037052201,-0.504516032,0.046911151,-0.443823343,0.009892844
493,0.977180563,0.978285378,0.97859658,0.978674931,-0.219460899,0.021445152,-0.326428688,0.013526772,-0.484901843,0.018625865,-0.511582607,0.013542007,-0.280290907,0.058719418,-0.354114796,0.045734348,-0.487945705,0.025968832,-0.433706473,0.03777667,-0.268538564,0.040924806,-0.321477242,0.033204768,-0.510532933,0.040709886,-0.421429134,0.076225816
494,0.978250977,0.979262237,0.979611129,0.979679205,-0.225052912,0.012822685,-0.340324901,0.029283278,-0.492956984,0.020352362,-0.538490935,0.022924608,-0.293324025,0.081542882,-0.342771055,0.03148157,-0.487820305,0.022365061,-0.449509915,0.019338854,-0.290095266,0.035622957,-0.320145986,0.03150445,-0.507995754,0.018522961,-0.44766307,0.058530404
495,0.979250591,0.98025173,0.980532303,0.980641017,-0.226131784,0.012333701,-0.330241105,0.031575313,-0.495194236,0.045622736,-0.524170919,0.050966459,-0.294862255,0.069919433,-0.347332307,0.047526969,-0.494955967,0.027729993,-0.433401134,0.053472149,-0.284408925,0.059208156,-0.330918591,0.037160207,-0.519702273,0.017101644,-0.451704744,0.043537596
496,0.98023294,0.981305892,0.981515075,0.981652758,-0.223957645,0.018100162,-0.325197301,0.020451214,-0.486780244,0.018125502,-0.524675355,0.040532851,-0.284096993,0.056276207,-0.350907909,0.036566001,-0.523692703,0.011143412,-0.443410735,0.047900912,-0.283962488,0.052893494,-0.328393207,0.025376142,-0.501745291,0.038170951,-0.446713855,0.054250889
497,0.981267552,0.982288968,0.982562472,0.98261356,-0.225815027,0.012535508,-0.34458578,0.029996562,-0.511818369,0.031303956,-0.535018945,0.011654065,-0.302351593,0.066239485,-0.34628189,0.049643819,-0.507070947,0.015443867,-0.44483087,0.054640394,-0.299319554,0.062714417,-0.324698887,0.024376903,-0.530906032,0.01565121,-0.440504396,0.061452188
498,0.982278887,0.983331426,0.983561084,0.983593439,-0.23335783,0.019219035,-0.328538966,0.025473244,-0.495757246,0.013244338,,0.064558849,-0.297730628,0.047648088,-0.379634197,0.060503463,-0.486775479,0.018271898,-0.431430355,0.054801104,-0.280751178,0.031713035,-0.337813001,0.048083601,-0.516443918,0.041633071,-0.444056317,0.076861063
499,0.983282102,0.984313921,0.984591481,0.984659188,-0.240063784,0.013194206,-0.344770485,0.046010114,-0.504722737,0.027618342,-0.859169018,0.583080506,-0.29915676,0.069380361,-0.349400426,0.050485935,-0.529656501,0.030337425,-0.458170812,0.065473617,-0.289203482,0.057584221,-0.329730771,0.011503447,-0.51724937,0.01820666,-0.441488678,0.046203167
500,0.984285434,0.985354557,0.985605975,0.985699509,-0.235705061,0.024049387,-0.351944272,0.018763707,-0.517994788,0.01140996,,0.190953176,-0.298434953,0.065296894,-0.354512467,0.02661949,,0.039737151,,0.027417764,-0.297519896,0.050205342,-0.341248357,0.040798277,,0.029982465,,0.082717804
501,0.984916008,0.985914876,0.986155683,0.986194766,-0.218504036,0.028405193,,0.023339663,,0.10992867,,1.37360446,-0.329151655,0.092242784,-0.40895831,0.073626839,,0.577232123,,1.329715116,-0.290672512,0.136438132,,0.161702658,,3.927436807,,7.353956875
502,0.984967453,0.986008555,0.986143913,0.986406386,,0.907261535,,10.85848752,,0.673557443,,4.925194824,-0.176073273,1.008620105,,0.521313628,,0.366285148,,11.27311462,,0.488702041,,1.151274531,,11.52218816,,8.766007303
,,,,,,,,,,,,,,,,,,,,,,,,,,,,
,,,,,,,,,,,,,,,,,,,,,,,,,,,,
,,,,,,,,,,,,,,,,,,,,,,,,,,,,
,,,,,,,,,,,,,,,,,,,,,,,,,,,,
,,,,,,,,,,,,,,,,,,,,,,,,,,,,
,,,,,,,,,,,,,,,,,,,,,,,,,,,,
,,,,,,,,,,,,,,,,,,,,,,,,,,,,
,,,,,,,,,,,,,,,,,,,,,,,,,,,,
,,,,,,,,,,,,,,,,,,,,,,,,,,,,
,,,,,,,,,,,,,,,,,,,,,,,,,,,,
,,,,,,,,,,,,,,,,,,,,,,,,,,,,
,,,,,,,,,,,,,,,,,,,,,,,,,,,,
,,,,,,,,,,,,,,,,,,,,,,,,,,,,
,,,,,,,,,,,,,,,,,,,,,,,,,,,,
,,,,,,,,,,,,,,,,,,,,,,,,,,,,
,,,,,,,,,,,,,,,,,,,,,,,,,,,,
,,,,,,,,,,,,,,,,,,,,,,,,,,,,
,,,,,,,,,,,,,,,,,,,,,,,,,,,,
,,,,,,,,,,,,,,,,,,,,,,,,,,,,
,,,,,,,,,,,,,,,,,,,,,,,,,,,,
,,,,,,,,,,,,,,,,,,,,,,,,,,,,
,,,,,,,,,,,,,,,,,,,,,,,,,,,,
,,,,,,,,,,,,,,,,,,,,,,,,,,,,
,,,,,,,,,,,,,,,,,,,,,,,,,,,,
,,,,,,,,,,,,,,,,,,,,,,,,,,,,
,,,,,,,,,,,,,,,,,,,,,,,,,,,,
,,,,,,,,,,,,,,,,,,,,,,,,,,,,
,,,,,,,,,,,,,,,,,,,,,,,,,,,,
,,,,,,,,,,,,,,,,,,,,,,,,,,,,
,,,,,,,,,,,,,,,,,,,,,,,,,,,,
,,,,,,,,,,,,,,,,,,,,,,,,,,,,
,,,,,,,,,,,,,,,,,,,,,,,,,,,,
,,,,,,,,,,,,,,,,,,,,,,,,,,,,
,,,,,,,,,,,,,,,,,,,,,,,,,,,,
,,,,,,,,,,,,,,,,,,,,,,,,,,,,
,,,,,,,,,,,,,,,,,,,,,,,,,,,,
,,,,,,,,,,,,,,,,,,,,,,,,,,,,
,,,,,,,,,,,,,,,,,,,,,,,,,,,,
,,,,,,,,,,,,,,,,,,,,,,,,,,,,
,,,,,,,,,,,,,,,,,,,,,,,,,,,,
,,,,,,,,,,,,,,,,,,,,,,,,,,,,
,,,,,,,,,,,,,,,,,,,,,,,,,,,,
,,,,,,,,,,,,,,,,,,,,,,,,,,,,
,,,,,,,,,,,,,,,,,,,,,,,,,,,,
,,,,,,,,,,,,,,,,,,,,,,,,,,,,
,,,,,,,,,,,,,,,,,,,,,,,,,,,,
,,,,,,,,,,,,,,,,,,,,,,,,,,,,
,,,,,,,,,,,,,,,,,,,,,,,,,,,,
,,,,,,,,,,,,,,,,,,,,,,,,,,,,
,,,,,,,,,,,,,,,,,,,,,,,,,,,,
,,,,,,,,,,,,,,,,,,,,,,,,,,,,
,,,,,,,,,,,,,,,,,,,,,,,,,,,,
,,,,,,,,,,,,,,,,,,,,,,,,,,,,
,,,,,,,,,,,,,,,,,,,,,,,,,,,,
,,,,,,,,,,,,,,,,,,,,,,,,,,,,
,,,,,,,,,,,,,,,,,,,,,,,,,,,,
,,,,,,,,,,,,,,,,,,,,,,,,,,,,
,,,,,,,,,,,,,,,,,,,,,,,,,,,,
,,,,,,,,,,,,,,,,,,,,,,,,,,,,
,,,,,,,,,,,,,,,,,,,,,,,,,,,,
,,,,,,,,,,,,,,,,,,,,,,,,,,,,
,,,,,,,,,,,,,,,,,,,,,,,,,,,,
,,,,,,,,,,,,,,,,,,,,,,,,,,,,
,,,,,,,,,,,,,,,,,,,,,,,,,,,,
,,,,,,,,,,,,,,,,,,,,,,,,,,,,
,,,,,,,,,,,,,,,,,,,,,,,,,,,,
,,,,,,,,,,,,,,,,,,,,,,,,,,,,
,,,,,,,,,,,,,,,,,,,,,,,,,,,,
,,,,,,,,,,,,,,,,,,,,,,,,,,,,
,,,,,,,,,,,,,,,,,,,,,,,,,,,,
,,,,,,,,,,,,,,,,,,,,,,,,,,,,
,,,,,,,,,,,,,,,,,,,,,,,,,,,,
,,,,,,,,,,,,,,,,,,,,,,,,,,,,
,,,,,,,,,,,,,,,,,,,,,,,,,,,,
,,,,,,,,,,,,,,,,,,,,,,,,,,,,
,,,,,,,,,,,,,,,,,,,,,,,,,,,,
,,,,,,,,,,,,,,,,,,,,,,,,,,,,
,,,,,,,,,,,,,,,,,,,,,,,,,,,,
,,,,,,,,,,,,,,,,,,,,,,,,,,,,
,,,,,,,,,,,,,,,,,,,,,,,,,,,,
,,,,,,,,,,,,,,,,,,,,,,,,,,,,
,,,,,,,,,,,,,,,,,,,,,,,,,,,,
,,,,,,,,,,,,,,,,,,,,,,,,,,,,
,,,,,,,,,,,,,,,,,,,,,,,,,,,,
,,,,,,,,,,,,,,,,,,,,,,,,,,,,
,,,,,,,,,,,,,,,,,,,,,,,,,,,,
,,,,,,,,,,,,,,,,,,,,,,,,,,,,
,,,,,,,,,,,,,,,,,,,,,,,,,,,,
,,,,,,,,,,,,,,,,,,,,,,,,,,,,
,,,,,,,,,,,,,,,,,,,,,,,,,,,,
,,,,,,,,,,,,,,,,,,,,,,,,,,,,
,,,,,,,,,,,,,,,,,,,,,,,,,,,,
,,,,,,,,,,,,,,,,,,,,,,,,,,,,
,,,,,,,,,,,,,,,,,,,,,,,,,,,,
,,,,,,,,,,,,,,,,,,,,,,,,,,,,
,,,,,,,,,,,,,,,,,,,,,,,,,,,,
,,,,,,,,,,,,,,,,,,,,,,,,,,,,
,,,,,,,,,,,,,,,,,,,,,,,,,,,,
,,,,,,,,,,,,,,,,,,,,,,,,,,,,
,,,,,,,,,,,,,,,,,,,,,,,,,,,,
,,,,,,,,,,,,,,,,,,,,,,,,,,,,
,,,,,,,,,,,,,,,,,,,,,,,,,,,,
,,,,,,,,,,,,,,,,,,,,,,,,,,,,
,,,,,,,,,,,,,,,,,,,,,,,,,,,,
,,,,,,,,,,,,,,,,,,,,,,,,,,,,
,,,,,,,,,,,,,,,,,,,,,,,,,,,,
,,,,,,,,,,,,,,,,,,,,,,,,,,,,
,,,,,,,,,,,,,,,,,,,,,,,,,,,,
,,,,,,,,,,,,,,,,,,,,,,,,,,,,
,,,,,,,,,,,,,,,,,,,,,,,,,,,,
,,,,,,,,,,,,,,,,,,,,,,,,,,,,
,,,,,,,,,,,,,,,,,,,,,,,,,,,,
,,,,,,,,,,,,,,,,,,,,,,,,,,,,
,,,,,,,,,,,,,,,,,,,,,,,,,,,,
,,,,,,,,,,,,,,,,,,,,,,,,,,,,
,,,,,,,,,,,,,,,,,,,,,,,,,,,,
,,,,,,,,,,,,,,,,,,,,,,,,,,,,
,,,,,,,,,,,,,,,,,,,,,,,,,,,,
,,,,,,,,,,,,,,,,,,,,,,,,,,,,
,,,,,,,,,,,,,,,,,,,,,,,,,,,,
,,,,,,,,,,,,,,,,,,,,,,,,,,,,
,,,,,,,,,,,,,,,,,,,,,,,,,,,,
,,,,,,,,,,,,,,,,,,,,,,,,,,,,
,,,,,,,,,,,,,,,,,,,,,,,,,,,,
,,,,,,,,,,,,,,,,,,,,,,,,,,,,
,,,,,,,,,,,,,,,,,,,,,,,,,,,,
,,,,,,,,,,,,,,,,,,,,,,,,,,,,
,,,,,,,,,,,,,,,,,,,,,,,,,,,,
,,,,,,,,,,,,,,,,,,,,,,,,,,,,
,,,,,,,,,,,,,,,,,,,,,,,,,,,,
,,,,,,,,,,,,,,,,,,,,,,,,,,,,
,,,,,,,,,,,,,,,,,,,,,,,,,,,,
,,,,,,,,,,,,,,,,,,,,,,,,,,,,
,,,,,,,,,,,,,,,,,,,,,,,,,,,,
,,,,,,,,,,,,,,,,,,,,,,,,,,,,
,,,,,,,,,,,,,,,,,,,,,,,,,,,,
,,,,,,,,,,,,,,,,,,,,,,,,,,,,
,,,,,,,,,,,,,,,,,,,,,,,,,,,,
,,,,,,,,,,,,,,,,,,,,,,,,,,,,
,,,,,,,,,,,,,,,,,,,,,,,,,,,,
,,,,,,,,,,,,,,,,,,,,,,,,,,,,
,,,,,,,,,,,,,,,,,,,,,,,,,,,,
,,,,,,,,,,,,,,,,,,,,,,,,,,,,
,,,,,,,,,,,,,,,,,,,,,,,,,,,,
,,,,,,,,,,,,,,,,,,,,,,,,,,,,
,,,,,,,,,,,,,,,,,,,,,,,,,,,,
,,,,,,,,,,,,,,,,,,,,,,,,,,,,
,,,,,,,,,,,,,,,,,,,,,,,,,,,,
,,,,,,,,,,,,,,,,,,,,,,,,,,,,
,,,,,,,,,,,,,,,,,,,,,,,,,,,,
,,,,,,,,,,,,,,,,,,,,,,,,,,,,
,,,,,,,,,,,,,,,,,,,,,,,,,,,,
,,,,,,,,,,,,,,,,,,,,,,,,,,,,
,,,,,,,,,,,,,,,,,,,,,,,,,,,,
,,,,,,,,,,,,,,,,,,,,,,,,,,,,
,,,,,,,,,,,,,,,,,,,,,,,,,,,,
,,,,,,,,,,,,,,,,,,,,,,,,,,,,
,,,,,,,,,,,,,,,,,,,,,,,,,,,,
,,,,,,,,,,,,,,,,,,,,,,,,,,,,
,,,,,,,,,,,,,,,,,,,,,,,,,,,,
,,,,,,,,,,,,,,,,,,,,,,,,,,,,
,,,,,,,,,,,,,,,,,,,,,,,,,,,,
,,,,,,,,,,,,,,,,,,,,,,,,,,,,
,,,,,,,,,,,,,,,,,,,,,,,,,,,,
,,,,,,,,,,,,,,,,,,,,,,,,,,,,
,,,,,,,,,,,,,,,,,,,,,,,,,,,,
,,,,,,,,,,,,,,,,,,,,,,,,,,,,
,,,,,,,,,,,,,,,,,,,,,,,,,,,,
,,,,,,,,,,,,,,,,,,,,,,,,,,,,
,,,,,,,,,,,,,,,,,,,,,,,,,,,,
,,,,,,,,,,,,,,,,,,,,,,,,,,,,
,,,,,,,,,,,,,,,,,,,,,,,,,,,,
,,,,,,,,,,,,,,,,,,,,,,,,,,,,
,,,,,,,,,,,,,,,,,,,,,,,,,,,,
,,,,,,,,,,,,,,,,,,,,,,,,,,,,
,,,,,,,,,,,,,,,,,,,,,,,,,,,,
,,,,,,,,,,,,,,,,,,,,,,,,,,,,
,,,,,,,,,,,,,,,,,,,,,,,,,,,,
,,,,,,,,,,,,,,,,,,,,,,,,,,,,
,,,,,,,,,,,,,,,,,,,,,,,,,,,,
,,,,,,,,,,,,,,,,,,,,,,,,,,,,
,,,,,,,,,,,,,,,,,,,,,,,,,,,,
,,,,,,,,,,,,,,,,,,,,,,,,,,,,
,,,,,,,,,,,,,,,,,,,,,,,,,,,,
,,,,,,,,,,,,,,,,,,,,,,,,,,,,
,,,,,,,,,,,,,,,,,,,,,,,,,,,,
,,,,,,,,,,,,,,,,,,,,,,,,,,,,
,,,,,,,,,,,,,,,,,,,,,,,,,,,,
,,,,,,,,,,,,,,,,,,,,,,,,,,,,
,,,,,,,,,,,,,,,,,,,,,,,,,,,,
,,,,,,,,,,,,,,,,,,,,,,,,,,,,
,,,,,,,,,,,,,,,,,,,,,,,,,,,,
,,,,,,,,,,,,,,,,,,,,,,,,,,,,
,,,,,,,,,,,,,,,,,,,,,,,,,,,,
,,,,,,,,,,,,,,,,,,,,,,,,,,,,
,,,,,,,,,,,,,,,,,,,,,,,,,,,,
,,,,,,,,,,,,,,,,,,,,,,,,,,,,
,,,,,,,,,,,,,,,,,,,,,,,,,,,,
,,,,,,,,,,,,,,,,,,,,,,,,,,,,
,,,,,,,,,,,,,,,,,,,,,,,,,,,,
,,,,,,,,,,,,,,,,,,,,,,,,,,,,
,,,,,,,,,,,,,,,,,,,,,,,,,,,,
,,,,,,,,,,,,,,,,,,,,,,,,,,,,
,,,,,,,,,,,,,,,,,,,,,,,,,,,,
,,,,,,,,,,,,,,,,,,,,,,,,,,,,
,,,,,,,,,,,,,,,,,,,,,,,,,,,,
,,,,,,,,,,,,,,,,,,,,,,,,,,,,
,,,,,,,,,,,,,,,,,,,,,,,,,,,,
,,,,,,,,,,,,,,,,,,,,,,,,,,,,
,,,,,,,,,,,,,,,,,,,,,,,,,,,,
,,,,,,,,,,,,,,,,,,,,,,,,,,,,
,,,,,,,,,,,,,,,,,,,,,,,,,,,,
,,,,,,,,,,,,,,,,,,,,,,,,,,,,
,,,,,,,,,,,,,,,,,,,,,,,,,,,,
,,,,,,,,,,,,,,,,,,,,,,,,,,,,
