,Ewe_SHE,Logj1000a,Logj1000b,Logj1000c,Logj500a,Logj500b,Logj500c,Logj250a,Logj250b,Logj250c,OH_Order_overall,OH_Order_overall_std,OH_Order1000x500,OH_Order1000x500_std,OH_Order500x250,OH_Order500x250_std
0,-0.25,0.9377069765838831,1.1851983677635274,1.1597696026297053,0.08206977410923835,0.2586311985672831,-0.12507244448951113,-0.4397783580477423,-0.18925371809334177,-0.498061634206669,1.060379555930439,0.1206132632795703,1.4093430813752474,0.1873659853384331,0.6705008237075365,0.21847530655049202
1,-0.2495995995995996,0.9427986055649534,1.1902314902995166,1.1657798132035648,0.08831376494362264,0.264692222711121,-0.11731481488865206,-0.43255511385170253,-0.18316275770780005,-0.4879775513025083,1.0586404538101566,0.12026378603950993,1.4075382661280382,0.18689846561219484,0.6688351394339588,0.21694908522660056
2,-0.2491991991991992,0.9478820685251929,1.1952703096840052,1.1717716888125902,0.09452832599515276,0.2707264967750298,-0.10962300050525496,-0.4253163130828542,-0.17694893342345208,-0.4780759837268458,1.0569075153692427,0.11994486926442634,1.4057799492822405,0.18644759938133443,0.6671305549601522,0.21551757405158228
3,-0.2487987987987988,0.9529589417177866,1.2003149720518584,1.1777431664161933,0.10071359090578164,0.2767333108117519,-0.10199321285501853,-0.4180735691361792,-0.17062883036296045,-0.46837437885641015,1.055191402444721,0.11965346583264141,1.4040664982709279,0.18601114083631076,0.6654114680189449,0.2141774790324687
4,-0.2483983983983984,0.9580307690670836,1.205365531817484,1.183692367228276,0.10686993489580959,0.28271227462592463,-0.09442126474753522,-0.4108388182880696,-0.164220276074554,-0.4588854356063772,1.0535020343542756,0.11938628015473676,1.4023958670444185,0.1855868311290586,0.6637011662084267,0.21292422512009232
5,-0.247997997997998,0.9630990155901572,1.2104219580681694,1.1896176081579004,0.11299793671733041,0.2886633022549922,-0.08690258255627475,-0.40362347204250426,-0.15774261957416888,-0.4496167580506514,1.0518483655590696,0.11913977229052584,1.4007656131141029,0.18517241460731543,0.6620213372068591,0.21175176302524099
6,-0.24759759759759759,0.9681651111846176,1.2154841356307087,1.1955173802138566,0.11909844375828711,0.29458660257887453,-0.07943232972220224,-0.39643839829913025,-0.15121574603781274,-0.4405714399547581,1.050238292787247,0.11891030272886759,1.39917293939046,0.18476566588139917,0.6603918253866782,0.21065308019528423
7,-0.2471971971971972,0.973230411081482,1.2205518702927904,1.2013903722666956,0.1251724703375495,0.3004826982056822,-0.07200543201994496,-0.38929380260170415,-0.14465981398338723,-0.43174784746474304,1.0486785119407729,0.11869418554941082,1.3976147389953852,0.18436441890359917,0.6588302787843503,0.20962026501702333
8,-0.2467967967967968,0.978296214045797,1.2256248910852114,1.2072354809954267,0.1312212899487446,0.3063523404138308,-0.0646166787922581,-0.38219874640276175,-0.13809480524594556,-0.4231401301572135,1.047174426871395,0.11848776238625928,1.3960876524612849,0.18396657312410303,0.6573518920509049,0.20864471020544947
9,-0.2463963963963964,0.983363735616251,1.2307028582541062,1.2130517922638446,0.137246342710126,0.3121965542084837,-0.05726077671245888,-0.3751614957341832,-0.13154011809124258,-0.4147385727172679,1.045730210193892,0.1182874635024868,1.3945880970682638,0.18357013169978567,0.6559695024317501,0.2077173791131604
10,-0.245995995995996,0.9884341326342418,1.2357853680558102,1.2188386068479453,0.14324924527515262,0.3180165862795917,-0.049932347561074016,-0.36818874773278903,-0.12501400549082736,-0.4065299836572875,1.044348593669013,0.11808987777250618,1.3931123104790482,0.1831731830612033,0.6546930972043847,0.2068289336833698
11,-0.2455955955955956,0.9935084797494644,1.2408719570957913,1.2245954202905238,0.14923179431351974,0.32381387528738814,-0.042626113403168193,-0.3612860944271746,-0.1185336382564465,-0.3984981073417678,1.0430310815279153,0.11789176785968303,1.3916564298254723,0.18277395731055665,0.6535301769798947,0.20596988375828681
12,-0.2451951951951952,0.9985877672923077,1.2459621082831003,1.2303219111470447,0.15519589616374627,0.3295900503559013,-0.03533686424021791,-0.3544576651687782,-0.11211450927939019,-0.39062408797772125,1.0417778333996064,0.11769013675820189,1.390216506219159,0.18237081506584868,0.6524854916193094,0.20513078751546618
13,-0.2447947947947948,1.0036729152734316,1.2510552594143316,1.2360179761851433,0.16114359735298983,0.33534687962265036,-0.02805953775942013,-0.3477062425711889,-0.10577033981151658,-0.3828871625070154,1.040587847650708,0.11748224834847741,1.388788577567015,0.18196225966256163,0.6515613470563649,0.2043024183433834
14,-0.2443943943943944,1.0087647513274969,1.256150807197823,1.241683677239312,0.16707704871235346,0.3410862653956185,-0.02078925016030118,-0.3410330583314076,-0.09951309413778507,-0.3752649506078143,1.0394589683026587,0.11726562904858107,1.3873686687444384,0.18154694540196414,0.6507576197494158,0.20347578120935914
15,-0.243993993993994,1.0138640281179154,1.2612481189801006,1.2473192694026145,0.17299845659537108,0.34681019929727086,-0.013521386499820303,-0.3344381806346463,-0.09335253404314284,-0.3677341841543903,1.0383880584859493,0.11703813263341391,1.3859529024779789,0.18112369242929868,0.6500720000436327,0.20264244505989906
16,-0.2435935935935936,1.0189714040344844,1.2663465318950762,1.2529251678269495,0.17891010698960716,0.3525207402825873,-0.006251586905985415,-0.3279201983562687,-0.08729617255498387,-0.3602709293885933,1.0373709544056102,0.11679794105553083,1.384537467515466,0.18069147634100502,0.6494999302663739,0.20179454203439953
17,-0.24319319319319319,1.024087456971865,1.2714453663110168,1.2585019603960839,0.1848142859803551,0.35821997795540456,0.001024171003492705,-0.3214765428264943,-0.08134968931667313,-0.3528514966573842,1.0364028647525587,0.11654353908900664,1.3831187282365525,0.18024944172584004,0.6490353279178591,0.20092486309048804
18,-0.24279279279279278,1.0292126771448589,1.276543928341166,1.2640503867789405,0.1907133280209119,0.3639100458595159,0.008309587543012252,-0.315103455044984,-0.07551634257937918,-0.34545255253421,1.0354782440091232,0.1162737722763053,1.3816931775049914,0.1797969006971764,0.6486703701032468,0.20002706471175977
19,-0.24239239239239238,1.0343474706589046,1.281641519677599,1.2695713235457606,0.19660950359345303,0.36959304653406017,0.015607956586801601,-0.3087962155321714,-0.06979741605992625,-0.338051670616639,1.0345910834014858,0.11598781929238496,1.3802575608178596,0.1793333333042599,0.6483959708456121,0.19909567080197596
20,-0.241991991991992,1.039492156942527,1.2867374408711394,1.275065782164723,0.2025050799364828,0.3752710368523234,0.022922207092764033,-0.3025490665645832,-0.06419215969670002,-0.3306278630511746,1.033735003054065,0.11568519202330003,1.3788088354636643,0.178858370183772,0.6482020218301263,0.1981261709289798
21,-0.2415915915915916,1.0446469697911651,1.2918310014219947,1.2805348990503653,0.20840224488949766,0.38094603394979876,0.030254840337706975,-0.2963556287524163,-0.05869787810609338,-0.3231616829658424,1.0329033964303822,0.1153657382949948,1.3773442321772664,0.17837181268176222,0.6480776293373364,0.19711509687209539
22,-0.2411911911911912,1.0498120683656458,1.2969215194222927,1.2859799066910125,0.21430310820962598,0.3866199750855708,0.037607944300690366,-0.29020887004838036,-0.05331020853985991,-0.31563580289878573,1.0320896207460766,0.1150296097555377,1.375861257992099,0.17787360770835703,0.6480115142080664,0.1960600261843558
23,-0.2407907907907908,1.0549875218113487,1.3020083342524629,1.291402143698594,0.22020967821988238,0.39229468160691705,0.044983185542763836,-0.2841012901051713,-0.04802306966230177,-0.3080350162124174,1.0312870309359001,0.11467726972867637,1.3743577306450672,0.17736384554413462,0.6479920453211672,0.19495961622713068
24,-0.2403903903903904,1.0601733261243667,1.3070908072971787,1.2968030223739166,0.22612382990581215,0.3979718756286713,0.05238180421666023,-0.27802504962352176,-0.04282899058331722,-0.3003466302084708,1.030489177014146,0.11430945581882863,1.3728317810402966,0.17684275627810447,0.6480076547018307,0.19381359361258058
25,-0.23998998998999,1.0653694007878247,1.312168327068801,1.3021840310531734,0.23204730284870592,0.40365313425577976,0.05980460122810668,-0.2719721482058231,-0.037719280421903416,-0.29256045917036166,1.0296898857708197,0.11392715859811263,1.371281883020513,0.17631070049444522,0.6480469772306178,0.19262270336144122
26,-0.2395895895895896,1.0705755949263196,1.3172403163539763,1.3075467133267817,0.2379816696231115,0.4093398906064761,0.06725198112845616,-0.26593467593123066,-0.032684244592195114,-0.2846690233035509,1.0288834161434248,0.11353158602486726,1.3697068442717255,0.17576815164993134,0.6480991897657563,0.19138868156295188
27,-0.2391891891891892,1.0757916856109204,1.322306232922743,1.3128926525004898,0.24392834933602073,0.41503343758665245,0.07472391992612708,-0.25990474667953034,-0.027713217334638385,-0.27666744460285403,1.0280644226954105,0.11312415526412886,1.3681058055651345,0.1752157046003476,0.6481539346649409,0.19011420729609638
28,-0.23878878878878879,1.081017382909995,1.3273655752847284,1.3182234677618174,0.24988855679601438,0.420734872690948,0.0822200373602179,-0.25387478175510336,-0.022794995565777344,-0.26855353410382404,1.0272281473276124,0.11270642795698774,1.3664782594728562,0.17465403424079312,0.648201704775856,0.18880274940898772
29,-0.23838838838838838,1.0862523380706577,1.3324178847349315,1.323540791978692,0.25586329496398336,0.42644514533767125,0.0897395407013147,-0.2478376226124564,-0.017918109444132198,-0.26032771598189425,1.026370488982522,0.11228007714559174,1.364824052407886,0.17408392146024856,0.6482339887382451,0.18745848510158514
30,-0.23798798798798798,1.0914961436926147,1.3374627481350991,1.3288462715704594,0.26185338392837326,0.43216501765029564,0.09728131559369427,-0.2417865977202,-0.01307060727650151,-0.25199274313277437,1.0254879017538918,0.11184688318708358,1.3631433488866451,0.1735062127292777,0.6482430951842842,0.1860862474102958
31,-0.23758758758758758,1.0967483369265103,1.342499801087603,1.3341415412087114,0.2678594271647431,0.4378950679457145,0.10484391110495492,-0.235715686894894,-0.008240696156074501,-0.24355371120184519,1.024577583760799,0.11140865570508857,1.3614366436029202,0.17292182128354927,0.6482225391421982,0.1846913165705334
32,-0.23718718718718718,1.1020084080275927,1.3475287294400908,1.3394282214710467,0.2738817852297178,0.44363570915315936,0.11242556167672255,-0.2296195357917532,-0.0034168453991225223,-0.235017785491246,1.0236374423282242,0.11096720976810881,1.3597047585092805,0.17233172308042968,0.6481669715756975,0.1832793029641962
33,-0.23678678678678677,1.107275798825789,1.3525492672207795,1.3447079055803848,0.2799206168414585,0.4493871567754626,0.12002424572407601,-0.22349353811949335,0.0014122676506569264,-0.2263939529649151,1.0226660375698484,0.11052434815069388,1.3579488039899734,0.1717369269812715,0.6480721033142749,0.18185606567170046
34,-0.23638638638638637,1.1125499146594109,1.3575612041208334,1.3499821494795967,0.28597584895948713,0.45514947077854606,0.12763767362692985,-0.21733395012114548,0.0062573310239074365,-0.21769282158066125,1.0216626649766039,0.11008180993651272,1.3561701832400783,0.17113848738868181,0.6479348750210332,0.1804275468514128
35,-0.235985985985986,1.117830123714889,1.3625643789773616,1.3552524577075624,0.29204718191363566,0.46092252712935494,0.13526335097448453,-0.2111378831261145,0.011128346638425624,-0.20892628215446937,1.0206272806235865,0.10964124751433518,1.3543705641376391,0.17053747353467294,0.6477533302629869,0.17899963992454512
36,-0.2355855855855856,1.1231157635592721,1.3675586847521333,1.3605202841501223,0.2981340996729878,0.4667060487162173,0.1428985865722848,-0.20490332501438732,0.016034562396408315,-0.20010733864190436,1.019560484866225,0.10920421233102559,1.3525518622719774,0.1699349754937156,0.6475265999533855,0.17757812878711257
37,-0.2351851851851852,1.1284061445300408,1.3725440650511866,1.3657870112312687,0.3042358665083276,0.4724996011122654,0.15054053857716612,-0.19862917848480036,0.02098420675553612,-0.19124973557987313,1.0184635007760237,0.10877211700631166,1.3507162136210462,0.1693320847458526,0.6472548872210093,0.1761685213746298
38,-0.2347847847847848,1.1337005579271462,1.3775205154164163,1.37105395437598,0.3103515401814851,0.4783026030361719,0.1581862261948272,-0.19231514626373938,0.025984529356490343,-0.18236774053492522,1.0173380893218504,0.10834623759250087,1.348865964717336,0.16872989242549757,0.6469392988150556,0.17477600283674508
39,-0.2343843843843844,1.138998276531796,1.3824880802479944,1.376322347153712,0.31647998089556506,0.48411434744558424,0.16583257617748212,-0.18596190694598744,0.031041654959787297,-0.1734758311740401,1.016186546756661,0.10792769234015824,1.3470036294737278,0.1681294794277953,0.6465818878084064,0.17340536521458727
40,-0.23398398398398398,1.1442985645854435,1.387446852456951,1.3815933361642936,0.32261985956896655,0.4899340034270991,0.1734764521482988,-0.1795708834054499,0.03616057249624813,-0.16458847899310866,1.015011602404398,0.10751744102854624,1.3451318731139341,0.16753190485052974,0.6461854551408461,0.17206093566062786
41,-0.23358358358358358,1.1496006748048504,1.3923969714660114,1.3868679788797362,0.3287696699775501,0.4957606245941712,0.18111466584382077,-0.17314430299995837,0.04134506651025127,-0.1557199058982912,1.0138163896753214,0.10711628247918228,1.3432534942861079,0.16693820583548463,0.6457535082348624,0.17074654684066445
42,-0.23318318318318318,1.1549038613638163,1.3973386209689038,1.3921472375976434,0.3349277389517855,0.5015931743215668,0.18874402634750906,-0.16668509590385194,0.04659775342698717,-0.1468838449781962,1.0126043576884083,0.10672485911995279,1.341371388315392,0.1663493860139279,0.6452901149343782,0.16946551438952367
43,-0.23278278278278278,1.1602073776428712,1.4022720262038797,1.3974319731234908,0.3410922545215114,0.5074305367312537,0.19636135076991743,-0.16019683746447466,0.05192005995988748,-0.13809335527560693,1.011379216013255,0.10634366114577824,1.3394885191253154,0.165766415205945,0.6447998178804208,0.168220625374139
44,-0.23238238238238237,1.1655104835637233,1.407197452068506,1.4027229454988837,0.3472612647098611,0.5132715240026737,0.2039634979047763,-0.1536836772424719,0.057312172142545095,-0.12936063451459662,1.0101448870205791,0.10597302811615555,1.337607903806116,0.16519021990450686,0.6442875508663336,0.16701411192013307
45,-0.23198198198198197,1.1708124502843738,1.4121151996849584,1.4080208091862552,0.3534327002871196,0.5191148957598254,0.21154739129463115,-0.14715024679768607,0.06277322849278373,-0.12069687230489769,1.008905402658673,0.10561317455427509,1.3357325810180565,0.16462167998366675,0.6437584555892788,0.16584770965442386
46,-0.23158158158158157,1.1761125617828325,1.4170256031454296,1.4133261161771846,0.3596044079716392,0.5249593701073001,0.21911003402217955,-0.14060157678390975,0.06830130345188751,-0.11211212929086603,1.0076648602602059,0.10526419519943092,1.3338655845277672,0.16406162718251052,0.6432178176487461,0.1647226589240322
47,-0.2311811811811812,1.1814101191749122,1.4219290272983944,1.4186393067375127,0.3657741380015751,0.5308036461379021,0.22664854085136302,-0.1340430115705675,0.07389346763408218,-0.10361522504952425,1.0064273597422029,0.10492607782933419,1.332009920521579,0.16351084020367923,0.6426709589299767,0.1636397284592291
48,-0.2307807807807808,1.186704445857483,1.4268258627078634,1.423960718523771,0.37193959661973564,0.5366464027221618,0.23416015691412614,-0.1274801162622708,0.07954584449256899,-0.09521365719057064,1.0051969510027996,0.10459871271879136,1.3301685396937906,0.16297003752933328,0.6421231574141781,0.16259923356444314
49,-0.2303803803803804,1.1919948891364567,1.4317165247817039,1.4292905813575496,0.3780984376651811,0.542486321378877,0.24164225932087566,-0.12091856089140436,0.08525379252265038,-0.08691355108050221,1.0039775505866237,0.104281919746137,1.3283443278074183,0.16243988289437683,0.6415794812844686,0.16160110266779246
50,-0.22997997997998,1.1972808238677413,1.4366014480035532,1.4346290246021025,0.3842483040793631,0.5483221019947999,0.24909238398382516,-0.1143640836932008,0.09101193004237036,-0.07871962152033704,1.002772918856072,0.10397545141271797,1.326540069484829,0.1619209809852126,0.6410447810466499,0.16064489734234264
51,-0.22957957957957958,1.2025616533686976,1.441481083670412,1.4399760703075535,0.3903868320253505,0.5541524654658377,0.25650824658793697,-0.10782236611121788,0.09681429389496164,-0.07063515586422818,1.0015865869255267,0.10367901080778288,1.324758431694222,0.16141387071635316,0.6405235532805301,0.15972985120094707
52,-0.22917917917917918,1.2078368155838068,1.4463558960616205,1.445331644592411,0.3965116694745284,0.5599761712358184,0.26388773974109964,-0.10129894350054508,0.10265437787156968,-0.06266205603556381,1.0004218395533453,0.10339225857168516,1.3230019547618252,0.16091903037441532,0.6400199144596268,0.15885489417538554
53,-0.22877877877877878,1.2131057827407323,1.451226359151034,1.450695578160317,0.40262051311303104,0.5657920258069452,0.2712289532491536,-0.09479917727120572,0.10852533778957564,-0.05480082295050443,0.9992816553390939,0.10311483063216839,1.3212730207543164,0.16043687348026492,0.6395375096585649,0.1580187144586082
54,-0.22837837837837838,1.2183680627841216,1.45609295169058,1.456067607040876,0.4087111017064154,0.5715988951897284,0.27853017671249736,-0.08832811270806176,0.11442002129164248,-0.04705061061375951,0.9981686781998392,0.10284634225988346,1.3195738483538857,0.15996775087023848,0.639079457887143,0.1572197586783166
55,-0.22797797797797797,1.2236232035558063,1.4609561567794163,1.461447381785929,0.41478126067876125,0.5773957064473964,0.2857899134175763,-0.0818904684564417,0.12033112721188886,-0.039409321105409505,0.9970852024476181,0.10258639789308381,1.3179064712293174,0.1595119463905471,0.6386483446605008,0.15645628505398534
56,-0.22757757757757757,1.2288707923455557,1.4658164555048359,1.466834466446639,0.4208288927343312,0.5831814647529386,0.293006876083534,-0.07549057645811587,0.1262513121230312,-0.03187362676023828,0.9960331368031442,0.10233460222016647,1.316272732863448,0.1590696823482649,0.6382461515862252,0.15572639422132356
57,-0.22717717717717717,1.234110458042298,1.4706743255706936,1.4722283518313963,0.4268520150593276,0.5889552559311421,0.30018000347251805,-0.06913229897800342,0.13217323620389065,-0.024439091337256275,0.9950140056169213,0.10209055731597601,1.314674267108228,0.1586411159596217,0.6378742806745702,0.15502803105857899
58,-0.22677677677677677,1.239341870341071,1.4755302376146562,1.4776284518332061,0.43284876339791906,0.5947162478029264,0.3073084475688081,-0.06281899791732988,0.1380897447437247,-0.017100259357164815,0.9940289179670427,0.10185387846841594,1.3131124978410516,0.1582263422163215,0.6375334892948007,0.1543590406024739
59,-0.22637637637637636,1.2445647435993499,1.4803846522751205,1.4830341155955329,0.4388174095916226,0.6004637021222974,0.31439158804453693,-0.056553535629138126,0.14399389880700816,-0.009850749567858592,0.9930785855459404,0.10162419102229771,1.311588624787465,0.157825393200654,0.6372239438854247,0.1537171802204657
60,-0.22597597597597596,1.2497788348252283,1.4852380176505011,1.488444631037095,0.44475637730019324,0.6061969779557431,0.3214290256030232,-0.05033819066358612,0.14987903936711122,-0.0026833909904775215,0.9921633194177542,0.10140113210659765,1.310103617330924,0.15743824125500705,0.636945220004773,0.15310013157180655
61,-0.22557557557557556,1.2549839441068023,1.4900907658210627,1.4938592315253434,0.4506642542213018,0.6119155263641954,0.3284205798493885,-0.044174689452495905,0.15573895203240087,0.004409694930559229,0.991283018862705,0.10118436290733408,1.3086582139854745,0.15706479794657496,0.6366962793009168,0.15250555508245572
62,-0.22517517517517519,1.2601799158932776,1.494943311507208,1.4992771017777913,0.45653979661480976,0.6176189062915393,0.33536628678198976,-0.03806417049325736,0.16156782342545645,0.011436938356725825,0.9904372113016626,0.10097355995615327,1.3072529168524423,0.15670491962359345,0.6364755602351304,0.15193108596582044
63,-0.22477477477477478,1.2653666371265586,1.4997960494233418,1.5046973845342404,0.4623819471948425,0.6233067669890819,0.34226640031474714,-0.03200719299380099,0.1673603779917994,0.018407214433799862,0.9896250477263712,0.10076842357352814,1.3058879917669262,0.1563584024590338,0.6362809682428664,0.15137437352784186
64,-0.22437437437437438,1.2705440380949558,1.504649351384072,1.5101191882914757,0.4681898364977512,0.6289788678429475,0.34912137904870155,-0.026003722261056867,0.17311186851000304,0.02532970697608908,0.9888453349700093,0.10056867499340864,1.3045634672536481,0.1560249924034249,0.6361099452251127,0.1508330961478169
65,-0.22397397397397398,1.2757120909651312,1.5095035666199499,1.5155415908027288,0.4739627975714335,0.6346350638944546,0.3559318832304519,-0.020053161666515724,0.17881814223380402,0.03221379934076236,0.9880965539720675,0.10037405924543541,1.3032791369067676,0.1557043822919991,0.6359595055608127,0.15030498994815425
66,-0.22357357357357358,1.2808708091311942,1.5143590175365125,1.5209636483414093,0.4797003686347145,0.6402753075926053,0.3626987768116413,-0.01415437702812985,0.1844756993385395,0.03906894522075399,0.9873768832352132,0.1001843473126815,1.3020345584251445,0.1553962127727508,0.6358262868487184,0.14978788095216541
67,-0.22317317317317317,1.286020246684424,1.5192160000380746,1.5263844017407182,0.48540229238186594,0.645899647835314,0.3694231053856826,-0.008305680821073635,0.19008161863156828,0.045904542759301524,0.9866842438848038,0.0999993295177693,1.3008290671912022,0.15510007917944624,0.6357066301385863,0.1492796782071183
68,-0.22277277277277277,1.291160496275728,1.5240747819399285,1.531802880213421,0.4910685294696205,0.6515082300534679,0.3761060976911433,-0.0025049231727684394,0.19563368864625197,0.05272983441811957,0.9860163137508346,0.09981882471817993,1.2996617693874355,0.15481553179041102,0.6355966174367197,0.1487784385609755
69,-0.22237237237237237,1.296291688467154,1.5289356014811997,1.5372181125325395,0.4966992516786616,0.6571012817258978,0.38274915503701373,0.0032505342029167505,0.201130294824279,0.059553782551887965,0.985370579579359,0.09964266938348657,1.2985315608103403,0.1545420763987811,0.6354921612306617,0.14828233829160287
70,-0.22197197197197197,1.3014139895959709,1.5337986675984994,1.5426291262323193,0.5022948424442562,0.6626791203428537,0.3893538389143279,0.008963726095839475,0.2065705003138891,0.06638497546303239,0.9847443611909531,0.09947072488062353,1.2974371274369767,0.15427918055499243,0.6353890550056549,0.1477897307761041
71,-0.22157157157157156,1.306527600284552,1.5386641586987984,1.5480349602247665,0.5078559055442237,0.6682421395406287,0.39592186694004194,0.014638082867952137,0.21195401182722867,0.07323153556379047,0.9841348438748928,0.09930287264988373,1.2963769542167234,0.15402627266874866,0.6352830320085832,0.1472991399669762
72,-0.22117117117117116,1.311632754982557,1.5435322221920689,1.5534346656601872,0.5133832499869602,0.6737908088281573,0.40245509484523784,0.020277359987510377,0.2172811159577909,0.08010102921026072,0.9835391314999813,0.09913900952908959,1.2953493403879601,0.15378274739045233,0.6351698605842142,0.14680926934280275
73,-0.22077077077077076,1.3167297175183215,1.5484029748554462,1.5588273132487624,0.5188778965611852,0.6793256668492845,0.40895551355576426,0.025885592995211003,0.22255270609459601,0.08700040281737954,0.9829542666611271,0.09897904883254159,1.2943524023934245,0.15354796689838457,0.6350453835733296,0.14631901970465538
74,-0.22037037037037038,1.3218187808985402,1.5532765030861904,1.5642119973039932,0.5243410680877997,0.6848473114461078,0.4154252300507014,0.03146704700190947,0.22777024429806303,0.09393589268338312,0.9823772741008061,0.09882291734715767,1.2933840936035603,0.15332126407338578,0.6349055882108484,0.14582749405459253
75,-0.21996996996996998,1.3269002650914872,1.5581528627608332,1.5695878421850937,0.5297741846659207,0.6903564010728815,0.4218664649440178,0.037026155997125894,0.2329357038899645,0.10091299727535342,0.9818051961288277,0.0986705492394571,1.2924422088395633,0.1531019454827418,0.6347466760648851,0.14533399158343766
76,-0.21956956956956958,1.331974514188815,1.5630320798131505,1.5749540048264243,0.5351788556535185,0.6958536394935356,0.42828153214706044,0.042567489762529664,0.23805155190641322,0.10793641767660009,0.9812351189646332,0.09852188491384115,1.2915244045590604,0.15288929382728256,0.6345650962575213,0.14483800641977415
77,-0.21916916916916918,1.3370418949230918,1.5679141511926344,1.5803096799968326,0.5405568753001981,0.7013397727515693,0.4346728331955745,0.0480956807807187,0.2431206690563769,0.11501002570231379,0.9806642176089544,0.09837686219661525,1.2906282070380126,0.1526825701289266,0.6343576313280124,0.1443392130996067
78,-0.21876876876876877,1.3421027939904508,1.5727990453682184,1.585654102921133,0.5459102082079959,0.7068155833112705,0.44104284415887696,0.05361538007757234,0.24814636207510346,0.12213684587020633,0.9800897679277082,0.09823541771983751,1.2897510279650009,0.15248101722954527,0.6341214053946996,0.14383747038270217
79,-0.21836836836836837,1.347157615809298,1.5776867038809645,1.5909865551345626,0.5512409843773466,0.7122818849764245,0.4473940991041215,0.05913119240375146,0.25313226818864465,0.12931904914482273,0.9795091873760577,0.09809747819681189,1.2888901790247036,0.15228386460415436,0.6338539540845899,0.14333279777575988
80,-0.21796796796796797,1.3522067804232618,1.5825770415666107,1.5963063649434068,0.556551482194966,0.7177395073610151,0.4537291859665352,0.06464764699948457,0.25808231330970044,0.1365579338534801,0.9789200561544461,0.09796295468100881,1.28804288809903,0.1520903261403193,0.633553251225233,0.14282535061657262
81,-0.21756756756756757,1.3572507211147367,1.587469949095849,1.6016129108871953,0.5618441243354827,0.7231893005296625,0.46005072782471695,0.07016912509670722,0.26300064902226034,0.14385395373198656,0.9783201435524161,0.09783173742156674,1.287206309283852,0.15189960807308128,0.6332177534299501,0.14231540698463946
82,-0.21716716716716716,1.362289881605384,1.5923652932130443,1.606905625068407,0.5671214574831065,0.7286321182179467,0.4663613746311756,0.07569983316170363,0.26789166723367747,0.15120673535788223,0.9777074071787856,0.09770369707027964,1.2863775440708254,0.15171090830913853,0.6328463748025764,0.1418033546175827
83,-0.21676676676676676,1.3673247151782653,1.5972629190334908,1.612183994625276,0.5723861430165753,0.7340688178316709,0.4726637899668191,0.08124373763186155,0.27275983240458557,0.15861509544753824,0.9770800446944758,0.0975786688358281,1.2855536530435663,0.15152342087764678,0.6324385834011558,0.1412896436252658
84,-0.21636636636636636,1.372355680443124,1.6021626511561033,1.6174475625849882,0.577640943320636,0.7395002522409236,0.47896064116890763,0.08680455347164887,0.27760972223368,0.16607708401355387,0.9764364763975305,0.0974564563579969,1.2847316694321689,0.15133633808463287,0.6319943492223505,0.14077477890505014
85,-0.21596596596596596,1.377383240830808,1.6070642961282933,1.62269593025416,0.582888705010128,0.7449272612162342,0.4852545842981764,0.09238567959133348,0.28244595460227295,0.17359003914080015,0.9757753660882966,0.09733682703675389,1.2839086196636709,0.15114885324773203,0.6315141654182419,0.1402592960336857
86,-0.21556556556556555,1.3824078611096808,1.6119676429897192,1.6279287583895723,0.5881323444639178,0.7503506703064314,0.4915482569376696,0.09799018395804898,0.2872731094528909,0.18115062348620553,0.9750956341196418,0.09721950498880312,1.2830815330211076,0.150960164046131,0.6309990651353119,0.1397437264359044
87,-0.21516516516516515,1.3874300066674246,1.6168724665145113,1.6331457661705673,0.5933748351514859,0.7557712809150682,0.4978442658348741,0.1036207685986121,0.2920957059584242,0.1887548823192995,0.9743964579412941,0.09710417074149456,1.2822474583932946,0.150769473589605,0.6304506039532939,0.13922858153381495
88,-0.21476476476476475,1.3924501400529652,1.621778527828924,1.6383467335482014,0.5986191887725552,0.7611898682035881,0.504145174738785,0.10927974706616725,0.29691816149693473,0.1963983143909816,0.9736772704760387,0.09699046085233988,1.2814034792681672,0.15057599517014533,0.6298708396958959,0.13871433437646571
89,-0.21436436436436435,1.397468720030152,1.6266855773171542,1.6435314994444856,0.6038684409069518,0.7666071747575272,0.5104534958616548,0.1149690331775876,0.30174472463480334,0.20407592891005186,0.9729377653761909,0.09687796413992628,1.2805467272336553,0.15037895344152752,0.6292623284762411,0.13820139193903463
90,-0.21396396396396397,1.402486198900804,1.6315933558634046,1.6486999625231094,0.6091256352221445,0.7720239067084005,0.5167716796026007,0.12069010642389935,0.30657945906094813,0.2117823170546614,0.9721778921420084,0.09676622430953409,1.279674395433466,0.15017758765277892,0.628628099327888,0.13769009102197224
91,-0.21356356356356357,1.4075030209505934,1.636501597088345,1.653852080241664,0.614393806025287,0.7774407303305273,0.5231021052983362,0.12644403018946834,0.3114262005800238,0.219511725075907,0.9713978448613042,0.09665474050773057,1.2787837522765944,0.14997115435235644,0.6279716150468819,0.13718067749589222
92,-0.21316316316316317,1.4125196213309734,1.6414100293663902,1.6589878680365182,0.6196759657230619,0.7828582677819056,0.5294470706937335,0.1322314224869894,0.3162885072263134,0.22725811254230913,0.9705980673418095,0.09654296750180673,1.2778721540338207,0.14975892979907798,0.6272967689848301,0.13667329916588905
93,-0.21276276276276276,1.4175364234506822,1.6463183772713552,1.6641073980264673,0.624975085632454,0.7882770932117585,0.5358087848181954,0.1380524729713412,0.3211696620244008,0.23501524194547785,0.9697792269173638,0.09643032220874774,1.2769370575873709,0.14954021235580167,0.6266078153455852,0.13616800351946776
94,-0.21236236236236236,1.4225538379764593,1.6512263641084202,1.6692107971564454,0.6302940821322968,0.7936977342575977,0.5421893599049499,0.14390693432574433,0.32607262049567104,0.2427767315589216,0.9689422164502718,0.09631618445318325,1.2759760296709965,0.14931432601327382,0.6259093631012701,0.1356647336432111
95,-0.21196196196196196,1.4275722614073336,1.6561337132031806,1.6742982464322191,0.6356358025631162,0.7991206632449201,0.5485908030836825,0.14979415003527166,0.33100000838845384,0.25053613557078913,0.9680881294047148,0.09619990370864637,1.2749867607958678,0.14908062116842444,0.6252063076578434,0.13516332715856288
96,-0.21156156156156156,1.4325920744116925,1.661040149982124,1.679369977751864,0.6410030089904363,0.8045463026067945,0.5550150078685929,0.15571304395021024,0.33595409469581167,0.2582870057257482,0.9672182535946966,0.09608080387656238,1.2739670728683856,0.14883847954047444,0.6245038091069639,0.13466352761212194
97,-0.21116116116116115,1.4376136411375167,1.6659454036013255,1.6844262735897142,0.6463983647414041,0.8099750173656383,0.5614637516708262,0.16166215304218395,0.34093678359717017,0.2660229572764256,0.9663340501107005,0.0959581892685863,1.2729149302607574,0.14858731390634466,0.6238072352399283,0.13416498538363372
98,-0.21076076076076075,1.4426373076782666,1.6708492085243654,1.6894674625689086,0.6518244212509569,0.8154071198413309,0.5679386856680139,0.1676396455694551,0.3459496045785954,0.27373772518411515,0.9654371371705464,0.09583135120174961,1.2718284463326257,0.14832657279020814,0.6231221200696557,0.1336672712164009
99,-0.21036036036036035,1.447663401293174,1.6757513063632707,1.6944939187013104,0.6572836046648517,0.8208428651283045,0.5744413316354335,0.17364334113410423,0.3509937076486104,0.2814252291507213,0.9645292713919851,0.09569957523366072,1.2707058932599589,0.14805574132679325,0.622454113198823,0.13316988720999387
100,-0.20995995995995997,1.4526922296214908,1.6806514473075673,1.6995060575555467,0.66277820518409,0.8262824523752936,0.5809730769234216,0.17967074427861449,0.3560698740927329,0.28907962067640236,0.9636123255558865,0.0955621487347559,1.2695457071860647,0.14777434352736496,0.6218089269840669,0.13267228160136343
101,-0.20955955955955957,1.4577240796624082,1.6855493913781165,1.7045043343945703,0.6683103633695628,0.8317260267742658,0.5875351692035243,0.18571905860985913,0.36117849956945053,0.29669533135535364,0.9626882775886704,0.09541836705767708,1.268346495266631,0.14748194544571525,0.6211923053380032,0.13217386406749834
102,-0.20915915915915917,1.4627592173421602,1.6904449098793706,1.7094892405489297,0.6738820621545262,0.8371736780136876,0.5941287149074909,0.19178524147336412,0.36631962951290636,0.3042671211907876,0.9617591773634374,0.0952675426241111,1.267107039570011,0.14717815565296744,0.6206099490814088,0.13167402002009101
103,-0.20875875875875877,1.4677978871145045,1.6953377866692894,1.714461300565283,0.6794951162697039,0.8426254433790636,0.6007546738052695,0.19786601520365005,0.371492938384473,0.31179011320177547,0.9608271403830715,0.09510900994468445,1.2658263020929164,0.14686262825553897,0.6200674969650106,0.13117212658223396
104,-0.20835835835835836,1.4728403111649588,1.7002278193183227,1.719421069749068,0.6851511638004617,0.8480813080167602,0.6074138596443709,0.20395791627737841,0.37669777220603334,0.31925983267391966,0.959894316440509,0.09494213468157926,1.2645034272627,0.14653506376799397,0.6195704565198412,0.1306675696023404
105,-0.20795795795795796,1.4778866895057003,1.7051148199987785,1.7243691302882431,0.6908516588455743,0.8535412076567324,0.614106935339388,0.21005732541588149,0.3819331451089314,0.3266722336035261,0.9589628764571985,0.09476631883193465,1.263137744941181,0.14619521129502305,0.6191241728349788,0.13015975678436698
106,-0.20755755755755756,1.4829371996925726,1.7099986165072374,1.7293060876854078,0.6965978655809986,0.859005029868629,0.6208344142623329,0.21616050077771068,0.38719777571146846,0.33402372453143214,0.9580349893184272,0.09458100799276312,1.2617287706825802,0.14584286899843205,0.6187337792240165,0.12964813534865116
107,-0.20715715715715716,1.487991996544834,1.7148790531854463,1.7342325688848,0.702390852171298,0.8644726170069006,0.6275966589167774,0.22226362006231715,0.3924900975149662,0.3413111909986624,0.9571128039256567,0.09438569653758493,1.2602762072209421,0.14547788597177413,0.6184041575635879,0.12913220159128364
108,-0.20675675675675675,1.4930512124960602,1.7197559913977545,1.739149217565284,0.7082314876581626,0.8699437691289776,0.6343938814210375,0.22836281534951197,0.39780828269758217,0.3485320058757788,0.9561984319890611,0.09417993222960064,1.258779942554639,0.1451001626595199,0.618139904000994,0.1286115124314982
109,-0.20635635635635635,1.4981149576625388,1.724629310235994,1.744056691801496,0.7141204376499753,0.8754182461392179,0.6412261438881316,0.23445420602875305,0.40315027313079904,0.35568404838527945,0.9552939280914496,0.09396332191742683,1.257240050047895,0.14470965170603328,0.6179452866311557,0.12808569782912915
110,-0.20595595595595595,1.5031833196484512,1.7294989070629234,1.748955660146449,0.7200581626041314,0.8808957711545449,0.648093359735152,0.24053393670384027,0.40851380771074924,0.36276570204133096,0.9544012739031288,0.09373553495747813,1.2556567854319733,0.14430635850747714,0.6178242154259842,0.12755446786445734
111,-0.20555555555555555,1.5082563645191658,1.734364697810959,1.753846798924793,0.726044918128823,0.886376033938263,0.6549952961444846,0.24659821347434668,0.4138964446313507,0.36977586189846257,0.9535223622730532,0.09349630609580123,1.2540305832983918,0.14389034113762145,0.6177802124693511,0.12701761754320257
112,-0.20515515515515514,1.513334136742046,1.7392266172231965,1.7587307886585413,0.7320807535514176,0.8918586937452735,0.6619315762803116,0.25264332891358765,0.41929559422042245,0.376713935846485,0.9526589824411416,0.09324543881638861,1.2523620538719926,0.14346171039210437,0.617816384253181,0.12647503490445852
113,-0.20475475475475474,1.5184166598973385,1.7440846190953994,1.7636083110784224,0.738165514203776,0.8973433829480901,0.668901681514903,0.25866570224892166,0.4247085445098555,0.3835798313527202,0.9518128071101618,0.09298280650608104,1.2506519783361434,0.14302062959225795,0.617935399528332,0.12592670038569873
114,-0.20435435435435434,1.5235039370324917,1.7489386762870638,1.768480046106371,0.7442988436358495,0.9028297104906521,0.6759049568666785,0.26466190228648917,0.4301324925872355,0.39037395458191243,0.9509853791353876,0.09270835418417753,1.248901302510965,0.14256731364156897,0.6181394681862912,0.1253726905828648
115,-0.20395395395395394,1.5285959516481562,1.7537887806924444,1.7733466687166364,0.7504801866938102,0.908317265150937,0.6829406124932893,0.2706286807615474,0.4355645696157893,0.39709719193938564,0.9501781015299317,0.09242209876743965,1.2471111322510078,0.1421020285100855,0.6184303252399228,0.12481317578261508
116,-0.20355355355355353,1.5336926679611271,1.7586349429526844,1.7782088458852878,0.7567087940511057,0.913805619936949,0.6900077299565827,0.27656299262102163,0.44100187362889076,0.4037508986829612,0.9493922267858862,0.09212412943498294,1.2452827250511558,0.1416250900369746,0.6188092175919594,0.12424842088356752
117,-0.20315315315315316,1.5387940321741345,1.763477192443475,1.7830672342869598,0.762983727792647,0.9192943344630327,0.6971052660875043,0.28246202171019014,0.4464414933109255,0.4103368777434267,0.9486288498705665,0.09181460671799954,1.2434174841321592,0.14113686236149553,0.6192768958142444,0.12367878065244589
118,-0.20275275275275276,1.543899972825769,1.7683155767729104,1.7879224772834792,0.7693038669666729,0.9247829591781713,0.7042320587440409,0.28832320366104114,0.451880536279011,0.4168573626770151,0.9478888993085437,0.09149376165541472,1.2415169498469905,0.1406377564855913,0.6198336048674123,0.12310469610158041
119,-0.20235235235235235,1.5490104019506792,1.7731501614206742,1.792775202132835,0.7756679147016985,0.9302710386600482,0.7113868318866039,0.2941442412179201,0.45731615218465055,0.4233149902607339,0.9471731339963786,0.09116189380455435,1.239582791649481,0.1401282282992388,0.6204790863299117,0.12252668984621672
120,-0.20195195195195195,1.5541252160225951,1.7779810292235023,1.7976260181648112,0.782074406005615,0.9357581151696738,0.718568202039896,0.29992312139989125,0.4627455537466545,0.42971277762914717,0.9464821391299878,0.09081936899755362,1.2376167992664318,0.13960877648352615,0.6212125796381769,0.12194535977781674
121,-0.20155155155155155,1.559244296665368,1.7828082797561156,1.8024755137569686,0.7885217168763559,0.9412437312331641,0.7257746838479565,0.3056581323308363,0.4681660505336185,0.43605409344015894,0.945816320242913,0.09046661748496357,1.2356208734248815,0.13907993998116475,0.6220328198240971,0.12136137395256147
122,-0.20115115115115115,1.564367511888541,1.787632028678598,1.807324254974288,0.7950080719006862,0.9467274337786592,0.7330046968174753,0.3113478715705469,0.47357505293745267,0.44234263066894597,0.9451759064099208,0.09010412999640148,1.2335970170035575,0.13854229580321026,0.6229380541838621,0.12077546210113757
123,-0.20075075075075074,1.569494717087859,1.7924524071336032,1.8121727828430603,0.8015315553285054,0.9522087764745311,0.7402565722346355,0.31699125381087234,0.47897010415539715,0.4485823736227209,0.9445609479691697,0.08973245507348761,1.2315473246213815,0.13799645579207917,0.623926049087438,0.12018841099609995
124,-0.20035035035035034,1.5746257558351593,1.7972695608003644,1.817021612112889,0.8080901201895276,0.9576873232730462,0.7475285594169606,0.32258752229760546,0.48434889180280477,0.45477756889891524,0.9439713174756603,0.08935219533917563,1.2294739733064939,0.13744306423410646,0.624994102422273,0.1196010556046374
125,-0.19994994994994994,1.5797604613343146,1.8020836490985757,1.821871229083713,0.8146815995050336,0.9631626500543423,0.7548188335279467,0.32813624741097636,0.48970926422059385,0.46093269078988214,0.9434067138454056,0.08896400344527336,1.2273792123026779,0.13688279400057607,0.6261390637562791,0.11901427303838318
126,-0.19954954954954954,1.5848986571762007,1.806894844340302,1.8267220906274848,0.8213037164966253,0.968634348663413,0.7621255019019375,0.33363733197676415,0.4950492419882735,0.46705241008817977,0.9428666653486696,0.08856857812507249,1.2252653531245843,0.13631634414872262,0.6273573517860453,0.11842897525064076
127,-0.19914914914914916,1.5900401585901895,1.8117033307726462,1.8315746223185,0.8279540964942811,0.9741020281213576,0.7694466115316587,0.33909100876465603,0.5003670313000805,0.47314155754811876,0.9423505351443205,0.08816665977649456,1.2231347593646844,0.1357444359529783,0.6286449774425872,0.11784610240307036
128,-0.19874874874874876,1.5951847734861722,1.816509303580081,1.8364292177839663,0.834630277659516,0.9795653176166207,0.7767801567287207,0.3444978393157512,0.5056610329423156,0.4792050916614131,0.9418575267508967,0.08775902612422787,1.2209898365932192,0.13516780974482234,0.6299975667592124,0.11726661622363237
129,-0.19834834834834836,1.600332303529131,1.8213129679223314,1.8412862373060843,0.841329722893848,0.985023867819175,0.7841240858486848,0.3498587065701433,0.5109298492102784,0.4852480644373771,0.9413866917810064,0.08734648766713132,1.21883302260131,0.1345872212126366,0.6314103881480239,0.11669149430477967
130,-0.19794794794794796,1.6054825451045838,1.8261145378506363,1.846146007306524,0.8480498312301219,0.990477353642813,0.7914763092350054,0.3551748106219724,0.5161722883530628,0.49127558666258714,0.9409369377876986,0.08692988281998222,1.2166667769556267,0.1340034380595783,0.6328783806826559,0.11612172322231526
131,-0.19754754754754755,1.6106352906511228,1.830914235297496,1.851008819492576,0.8547879492638807,0.9959254747601279,0.7988347056576937,0.36044765569952986,0.5213873720315896,0.49729279491888445,0.9405070371044387,0.08651007370196247,1.2144935723060069,0.13341723615446555,0.6343961825262354,0.11555829490968571
132,-0.19714714714714715,1.615790329490089,1.8357122889361512,1.8558749305126019,0.8615413831867994,1.0013679579988053,0.8061971304621027,0.3656790441077056,0.5265743326603938,0.5033048179183113,0.940095636532229,0.08608794079810438,1.2123158837092054,0.13282939607351052,0.635958163369434,0.11500219896383121
133,-0.19674674674674675,1.6209474488332063,1.8405089331906932,1.8607445616594458,0.8683074097028207,1.006804558154976,0.8135614217267259,0.3708710596384081,0.5317326150588189,0.5093167451154489,0.9397012680796107,0.08566437863969831,1.2101361802813502,0.13224069967600585,0.6375584564959919,0.11445441953993712
134,-0.19634634634634635,1.626106435014585,1.8453044070863798,1.865617898630728,0.8750832873787732,1.012235058394151,0.8209254082782839,0.37602605457028376,0.5368618764284386,0.5153335938085306,0.9393223596243107,0.08524029093785325,1.2079569160426218,0.1316519261046956,0.6391909915848233,0.11391592988268091
135,-0.19594594594594594,1.6312670742407305,1.85009895319667,1.8704950916417589,0.8818662676718714,1.0176592725032654,0.8282869157347582,0.3811466346701801,0.5419619811675843,0.5213602808735979,0.9389572461661718,0.08481658596827983,1.2057805209509798,0.1310638489962075,0.6408495285528107,0.11338768819936805
136,-0.19554554554554554,1.636429153604028,1.8548928165594345,1.8753762556980476,0.8886536059502299,1.023077044053904,0.8356437736122139,0.38623564045076314,0.5470329989120796,0.5274015924657383,0.9386041817902171,0.0843941720494042,1.2036093930498666,0.13047723264834704,0.6425276916565356,0.1128706336149721
137,-0.19514514514514514,1.6415924621080622,1.8596862436132888,1.8802614706979233,0.8954425711228962,1.0284882474285466,0.8429938219315876,0.3912961289531514,0.5520751945878335,0.5334621573407905,0.938261352502752,0.08397395279523222,1.2014458905651655,0.1298928289020858,0.644219005499146,0.1123656815785739
138,-0.19474474474474474,1.646756791394328,1.8644794811270466,1.8851507821122877,0.9022304569008394,1.0338927882902933,0.85033491724977,0.3963313543963115,0.5570890238006726,0.539546421173326,0.937926887903529,0.08355682283951928,1.1992923238978062,0.1293113741852987,0.6459169286894642,0.11187372039912366
139,-0.19434434434434433,1.6519219367522169,1.8692727752260208,1.8900442016003687,0.909014590298677,1.0392906028639741,0.8576649391514753,0.40134474824262495,0.5620751240150454,0.5456586211758836,0.9375988740175271,0.08314366346649811,1.1971509493639956,0.12873358632724488,0.6476148880037541,0.11139560656652603
140,-0.19394394394394393,1.657087697788553,1.8740663703531855,1.894941707694122,0.9157923417688434,1.04468165849694,0.8649817959031258,0.406339895409786,0.5670343046660885,0.5518027659545172,0.9372753659567516,0.0827353385215731,1.1950239618275273,0.12816016198784988,0.64930631342543,0.11093216208050787
141,-0.19354354354354353,1.662253879232958,1.8788605082882737,1.8998432467797624,0.9225611333923976,1.050065952848775,0.8722834302872625,0.4113205142101036,0.5719675362988171,0.5579826139510812,0.9369544004054925,0.08233269027350122,1.1929134889977333,0.1275917739537701,0.6509846709500412,0.11048416940549839
142,-0.19314314314314313,1.6674202917488612,1.8836554272471928,1.9047487340172864,0.9293184475976323,1.0554435134121427,0.8795678248328449,0.4162904318373809,0.5768759398561221,0.5642016562394769,0.9366340080978276,0.08193653567231655,1.1908215856213458,0.12702906871432024,0.6526434954923668,0.11005236843332303
143,-0.19274274274274272,1.67258675248169,1.8884513609732234,1.9096580546427584,0.936061834928185,1.0608143974073894,0.8868330072346015,0.42125356176286644,0.5817607728544117,0.5704630993029824,0.9363122266130467,0.08154766243704618,1.188750227903851,0.1264726644560279,0.6542764242102302,0.10963745195179164
144,-0.19234234234234235,1.6777530858321836,1.8932485378248534,1.914571064995507,0.9427889211483552,1.0661786899747145,0.8940770549024546,0.4262138799477514,0.5866234194167389,0.5767698528287912,0.9359871113655749,0.08116682593140395,1.186701309392921,0.12592314881762975,0.6558772243721182,0.10924006235820077
145,-0.19194194194194195,1.6829191239168537,1.8980471800835343,1.9194875939051645,0.9494974143443599,1.0715365042005536,0.9012980998473173,0.43117540087546546,0.5914653738265331,0.5831245174839506,0.9356567482203376,0.08079474557318388,1.1846766359889602,0.1253810774035522,0.6574398256414905,0.10886078737862948
146,-0.19154154154154154,1.6880847072359055,1.9028475030276435,1.9244074443540844,0.9561851109510066,1.0768879793545354,0.9084943328567704,0.4361421540944387,0.596288229014972,0.5895293752970202,0.9353192642936189,0.08043210198061802,1.1826779227124327,0.12484697212673306,0.6589583465565649,0.10850015634494958
147,-0.19114114114114114,1.6932496850938978,1.9076497143564335,1.929330394641014,0.9628499017728788,1.08223327998645,0.9156640074632363,0.4411181599076204,0.6010936614956024,0.595986383785908,0.9349728388092249,0.08007953416398386,1.180706789991915,0.1243213199803143,0.6604271216626793,0.10815863681557004
148,-0.19074074074074074,1.6984139160440588,1.912454013445892,1.9342562001750512,0.9694897768940677,1.087572594695512,0.9228054438065504,0.44610740602929294,0.6058834179347538,0.6024971701322158,0.9346157134577767,0.07973763700897847,1.1787647608852243,0.12380457204892181,0.6618407265501628,0.1078366310447152
149,-0.19034034034034034,1.7035772683998347,1.9172605907524272,1.9391845950245237,0.9761028303685648,1.0929061343958917,0.9299170320005927,0.4511138250991941,0.610659299358737,0.6090630296551833,0.9342462020979015,0.07940695897855503,1.176853258846912,0.12329714257747672,0.6631940008884272,0.10753447233732934
150,-0.18993993993993993,1.7087396204459322,1.922069627246262,1.9441152937235247,0.9826872645477964,1.098234131127955,0.9369972352349579,0.45614127149377104,0.6154231490662087,0.6156849248826366,0.9338626996058748,0.07908800029872917,1.1749736055274456,0.12279940854592301,0.6644820696217103,0.10725242279733611
151,-0.18953953953953953,1.713900860850769,1.926881293955486,1.9490479928935216,0.9892413934791832,1.1035568364382233,0.9440445927612722,0.4611935002215474,0.6201768367547387,0.6223634878200681,0.9334636904129241,0.07878121119603736,1.1731270193088712,0.12231170923821456,0.6657003626806953,0.10699067028551701
152,-0.18913913913913913,1.7190608889266368,1.9316957514686768,1.9539823730452703,0.9957636459630729,1.108874519488165,0.9510577221118995,0.46627414550433677,0.6249222447771142,0.6290990233434258,0.9330477563551917,0.07848699060846988,1.1713146144686262,0.12183434611075303,0.6668446325370492,0.10674932650231266
153,-0.18873873873873873,1.7242196147845255,1.9365131495627073,1.9589181005028375,1.0022525681829817,1.1141874657673543,0.9580353217943386,0.47138670074440675,0.6296612556102245,0.6358915152223759,0.9326135833205071,0.07820568522959681,1.1695374001083523,0.1213675829409547,0.6679109694730735,0.10652842576280117
154,-0.18833833833833835,1.7293769596179025,1.941333626903815,1.9638548291186884,1.0087068256674918,1.1194959750195153,0.9649761728945521,0.47653449980914636,0.634395738012145,0.6427406340559775,0.9321599674580138,0.07793758885016955,1.167796280249779,0.12091164603574762,0.6688958146218952,0.10632792396435821
155,-0.18793793793793795,1.7345328557339348,1.9461573107305399,1.9687922021289446,1.0151252048448527,1.124800359722237,0.9718791408101893,0.4817206990525451,0.639127533421226,0.6496457459926139,0.9316858209384907,0.07768294191368695,1.1660920537436863,0.1204667247840373,0.6697959722652085,0.10614769825249963
156,-0.18753753753753755,1.739687246729709,1.9509843167077492,1.9737298540957255,1.0215066140104279,1.1301009431338198,0.9787431768605306,0.48694826090757287,0.6438584454157571,0.6566059239153463,0.9311901761461858,0.07744193163586982,1.164425414889484,0.12003297223280596,0.6706086180161943,0.1059875477490243
157,-0.18713713713713714,1.7448400874489178,1.9558147487185555,1.9786674126539578,1.0278500840541585,1.135398057599851,0.9855673191267078,0.49221993865662717,0.6485902270008571,0.6636199597093455,0.9306721897393024,0.07721469225291364,1.1627969541801526,0.11961050596667568,0.6713313065843041,0.10584719471758874
158,-0.18673673673673674,1.7499913441175217,1.9606486987846758,1.9836045003296907,1.0341547685680812,1.1406920427643175,0.9923506933971834,0.49753826263867446,0.65332456999152,0.6706863781343301,0.9301311455946392,0.07700130568478561,1.161207159501672,0.11919940900154977,0.6719619766697211,0.10572628671327078
159,-0.18633633633633634,1.7551409942084344,1.9654862470643255,1.9885407365237604,1.040419943439956,1.1459832438037676,0.9990925137814521,0.5029055281685634,0.6580630949699368,0.6778034512676488,0.929566457077005,0.07680180249067306,1.1596564176975432,0.11879973096596615,0.6724989540203252,0.1056243992914096
160,-0.18593593593593594,1.7602890264387046,1.970327461827513,1.9934757391056888,1.046645006191593,1.151272009507624,1.0057920829581373,0.5083237846761444,0.6628073422014729,0.6849692143601794,0.9289776683989003,0.07661616312499654,1.1581450163607196,0.11841148920667646,0.6729409523084394,0.10554103967392439
161,-0.18553553553553553,1.7654354406362731,1.9751723995479993,1.9984091263164143,1.052829474926596,1.1565586907535903,1.0124487922982082,0.5137948270691433,0.6675587620342189,0.6921814826451459,0.928364455425112,0.07644431938957823,1.1566731458164339,0.11803467018034512,0.6732870726190465,0.10547565079208908
162,-0.18513513513513513,1.770580247643284,1.9800211050319148,2.0033405183929562,1.0589729867182365,1.1618436386984792,1.0190621215777085,0.5193201878929302,0.672318708602962,0.6994378685833387,0.9277266253657178,0.07628615632397824,1.1552409015875513,0.11766923080985806,0.6735368000453955,0.10542761661036554
163,-0.18473473473473473,1.7757234691290198,1.984873611594823,2.008269539311498,1.0650752958853729,1.1671272030645239,1.0256316386772248,0.5249011319692691,0.6770884323628771,0.7067357994512654,0.9270641160982926,0.07614151411842594,1.1538482869087356,0.11731509992944342,0.6736899994449986,0.10539626730099455
164,-0.18433433433433433,1.7808651374099183,1.989729941258005,2.013195818444332,1.0711362716891242,1.172409730691973,1.032156998880097,0.5305386521984039,0.6818690737000924,0.7140725361209376,0.9263769946709272,0.07601019035659026,1.1524952155413066,0.11697217984390888,0.673746909125254,0.10538088549334394
165,-0.18393393393393392,1.7860052952126648,1.994590105072515,2.0181189920183793,1.0771558958002165,1.177691563851679,1.0386379439509683,0.536233467173803,0.6866616598479859,0.7214451910793273,0.9256654547510145,0.07589194249308646,1.1511815148460782,0.11664034784561982,0.6737081320087752,0.10538071289838234
166,-0.18353353353353352,1.7911439954377713,1.999454103393567,2.0230387047581466,1.0831342596454363,1.18297303880877,1.0450743011234982,0.5419860207328482,0.6914670985247121,0.7288507471726084,0.9249298142523394,0.07578649023511974,1.1499069289002648,0.11631945779590847,0.673574627126995,0.10539495671533362
167,-0.18313313313313312,1.7962813008867393,2.0043219262571927,2.0279546112838074,1.0890715610237343,1.188254484409627,1.0514659818239014,0.5477964823343786,0.6962861760785702,0.7362860767427564,0.9241705115744517,0.07569351837157635,1.14867112197841,0.11600934171418985,0.6733476977689264,0.10542279725334301
168,-0.18273273273273272,1.8014172839796174,2.009193553771212,2.032866377522921,1.0949681010428325,1.1935362207519855,1.0578129800759284,0.5536647502998261,0.7011195560048757,0.7437479590438646,0.9233881014886507,0.07561267944326357,1.1474736820026539,0.11570981136222253,0.6730289789159675,0.10546339463879074
169,-0.18233233233233231,1.8065520263921282,2.0140689565565646,2.037773681949458,1.1008242802075558,1.1988185579302566,1.064115370954433,0.5595904553512803,0.7059677764242831,0.7512330994072642,0.9225832507420568,0.07554359659341754,1.146314124232733,0.11542065981232547,0.6726204238119878,0.1055158963089012
170,-0.1819319319319319,1.8116856187682315,2.0189480962161412,2.0426762169358987,1.1066405948677573,1.2041017948087775,1.0703733086992533,0.5655729662602101,0.7108312503469176,0.7587381467441614,0.921756732950999,0.07548586641560669,1.1451918950332567,0.11514166297746649,0.6721242889423859,0.10557944405474123
171,-0.1815315315315315,1.8168181603618223,2.023830925824121,2.0475736898873156,1.112417632929473,1.209386217985911,1.076587024658479,0.5716113966939967,0.7157102665578805,0.7662597107675733,0.9209094230712195,0.07543906184626761,1.144106375846915,0.11487258114708115,0.6715431178870804,0.10565318102957237
172,-0.18113113113113113,1.8219497586418958,2.028717390472051,2.052465824253276,1.1181560697865582,1.2146721008180297,1.0827568251699333,0.5777046137579916,0.720604990382829,0.7737943791217454,0.9200422914921139,0.07540273496575561,1.1430568870203932,0.11461316044039548,0.6708797245420607,0.1057362582942419
173,-0.18073073073073073,1.8270805289207568,2.0336074278083704,2.057352360612127,1.1238566638569523,1.2199597024511957,1.0888830891971912,0.5838512468662135,0.7255154662799954,0.7813387335565193,0.9191563978736881,0.07537641986337094,1.142042691962058,0.11436313423785809,0.6701371754255289,0.10582784141024565
174,-0.18033033033033033,1.832210593972457,2.038500968620976,2.0622330575713987,1.1295202520401013,1.2252492670652197,1.0949662658958321,0.5900496989288581,0.7304416203342134,0.7888893651340312,0.9182528846514801,0.07535963529956108,1.1410630012011305,0.11412222454876396,0.6693187713911137,0.10592711596593211
175,-0.17992992992992993,1.8373400836130522,2.0433979374349804,2.0671076925852034,1.1351477450737966,1.2305410231490495,1.1010068720041084,0.5962981572380606,0.7353832647384435,0.7964428896466431,0.9173329700699999,0.07535188750209715,1.1401169765106625,0.1138901433243073,0.6684280282715428,0.10603329355154004
176,-0.17952952952952952,1.8424691343032062,2.0482982531205924,2.0719760627324084,1.1407401227775618,1.2358351828557346,1.1070054891039813,0.6025946069065959,0.7403401012535197,0.8039959609167671,0.9163979413540414,0.07535267259607815,1.139203735102539,0.11366659370571208,0.6674686577337666,0.10614561597769401
177,-0.17912912912912912,1.847597888703148,2.0532018295202823,2.0768379853615526,1.146298429105805,1.2411319416010391,1.112962760859348,0.6089368432643459,0.7453117265326056,0.8115452843769858,0.9154491475805157,0.07536147916178314,1.1383223537341565,0.11345127123944908,0.6664445475986818,0.10626336014971785
178,-0.17872872872872872,1.8527264952563913,2.058108576078607,2.0816932986871772,1.1518237672366136,1.2464314774735725,1.1188793900028113,0.615322486498306,0.7502976378215204,0.8190876291595113,0.9144879922825793,0.07537779056373466,1.1374718729929887,0.11324386498052096,0.6653597413953182,0.10638584145649868
179,-0.17832832832832834,1.8578551077723076,2.06301839849961,2.086541862249789,1.1573172945653243,1.251733951055683,1.1247561353292155,0.6217489959506453,0.7552972384689839,0.8266198396628076,0.9135159262737631,0.07540108717052008,1.136651301382536,0.11304405857622207,0.6642184186027236,0.10651241703775526
180,-0.17792792792792794,1.8629838849789904,2.067931199381123,2.091383557366489,1.1627802177073447,1.2570395051506422,1.1305938086495086,0.6282136852015567,0.7603098449412695,0.8341388458140595,0.9125344402255298,0.07543084845304732,1.1358596194367543,0.11285153126430644,0.663024874337976,0.10664248820524122
181,-0.17752752752752754,1.8681129900837115,2.0728468788649828,2.0962182874126483,1.1682137873429832,1.262348264645439,1.1363932715067129,0.6347137376779247,0.7653346931378424,0.8416416727899578,0.9115450573798961,0.07546655494567582,1.135095783887255,0.11266595883178512,0.6617834992712031,0.10677550226962441
182,-0.17712712712712714,1.8732425903563055,2.0777653352976517,2.101045978098806,1.1736192931891536,1.2676603364745709,1.1421554319947274,0.6412462222448744,0.7703709460719735,0.849125449473149,0.9105493262470863,0.07550769008058128,1.1343587316916601,0.11248701449736989,0.6604987596640393,0.10691095379858227
183,-0.17672672672672673,1.8783728566790694,2.0826864658570665,2.1058665775848726,1.1789980589759774,1.2729758097350528,1.1478812414059265,0.6478081088256316,0.775417700775406,0.856587416514901,0.9095488135167373,0.07555374189772239,1.1336473839632235,0.11231436976034946,0.6591751779705225,0.10704838548087502
184,-0.17632632632632633,1.8835039631313515,2.0876101672024268,2.110680056560834,1.18435143734105,1.2782947556953368,1.1535716909283378,0.6543962846251336,0.7804739962938988,0.8640249328058234,0.9085450969516559,0.07560420458935521,1.1329606499753473,0.11214769515466493,0.6578173133173855,0.10718738799316833
185,-0.17592592592592593,1.8886360865396923,2.092536336093465,2.1154864082765985,1.1896808048789485,1.2836172281548393,1.159227808176356,0.6610075696650622,0.7855388213136284,0.8714354817540236,0.9075397585461247,0.07565857998624619,1.132297430956918,0.11198666104224025,0.6564297427781602,0.10732759988632588
186,-0.17552552552552553,1.893769406086788,2.0974648700171823,2.1202856483927714,1.1949875571875554,1.2889432636768294,1.1648506538617494,0.6676387326152977,0.7906111224938434,0.8788166761573301,0.9065343777519033,0.07571637886367749,1.1316566238310124,0.11183093825711597,0.6550170428538845,0.10746870659492266
187,-0.17512512512512513,1.8989041028651397,2.1023956677852644,2.125077814873362,1.2002731040234407,1.2942728819653682,1.1704413182658067,0.6742865060428918,0.7956898116440139,0.8861662625586919,0.9055305252253152,0.07577712214968689,1.1310371249090474,0.1116801987987492,0.6535837721068541,0.1076104392570479
188,-0.17472472472472472,1.904040359491332,2.107328630115249,2.12986296770798,1.205538864478185,1.2996060863759136,1.176000917837226,0.6809476016800509,0.8007737740128839,0.8934821247441118,0.9045297564774055,0.07584034203881342,1.1304378333981533,0.11153411644247457,0.6521344537978278,0.10775257306073432
189,-0.17432432432432432,1.9091783596973226,2.112263660212834,2.134641188638424,1.2107862623377332,1.3049428643716448,1.1815305917513732,0.6876187251294761,0.8058618764777961,0.9007622863315763,0.9035336058898767,0.07590558300297669,1.1298576548591102,0.1113923673280236,0.6506735593529082,0.10789492523973208
190,-0.17392392392392392,1.914318287920916,2.1172006643019183,2.1394125807398137,1.2160167214918758,1.3102831881686516,1.1870314984284738,0.6942965901156589,0.8109529746331734,0.9080049128121255,0.902543581177515,0.07597240268289661,1.1292955044821087,0.11125463053790208,0.6492054929792914,0.10803735286823989
191,-0.17352352352352352,1.9194603289481655,2.122139552176544,2.1441772680179136,1.2212316614776912,1.315627015321788,1.1925048121166513,0.7009779321377665,0.8160459208351187,0.915208312575918,0.9015611580265429,0.07604037271475926,1.128750310339784,0.11112058862995693,0.6477345766788851,0.10817975034168592
192,-0.1731231231231231,1.9246046675274946,2.1270802376761697,2.1489353948911964,1.2264324932135588,1.3209742895089804,1.197951719513451,0.7076595217978299,0.8211395714159736,0.9223709377567927,0.9005877749919031,0.07610907947305924,1.1282210163426147,0.11098992816857835,0.6462650361426764,0.10832204676103205
193,-0.1727227227227227,1.9297514879930044,2.132022639177957,2.1536871255909196,1.23162061476152,1.3263249411887603,1.2033734163865721,0.7143381772975297,0.8262327938299954,0.929491383852922,0.8996248288826643,0.07617812470865219,1.127706585214283,0.11086234021760343,0.6448009876562879,0.10846420302332858
194,-0.1723223223223223,1.9349009739356724,2.136966680045001,2.1584326435938976,1.2367974074182768,1.3316788884770412,1.2087711042244689,0.7210107763257754,0.8313244734380849,0.9365683892633653,0.8986736704011128,0.07624712614956826,1.1272060012183331,0.11073752084912608,0.6433464258204904,0.10860620901244195
195,-0.1719219219219219,1.940053307851436,2.1419122890519326,2.1631721508998276,1.2419642317842698,1.3370360379381223,1.2141459869994218,0.7276742673456381,0.8364135202370286,0.9436008339419806,0.8977356000959466,0.07631571801351597,1.1267182727901892,0.11061517160842035,0.6419052120425033,0.10874808055624895
196,-0.1715215215215215,1.9452086708029424,2.1468594007685335,2.167905867309305,1.2471224241799548,1.3423962854843245,1.2194992679521632,0.7343256800290119,0.8414988748466707,0.9505877376838379,0.8968118647683172,0.07638355145200021,1.126242434937111,0.11049499998753326,0.6404810642453436,0.10888985647896839
197,-0.1711211211211211,1.9503672421183953,2.1518079559326786,2.1726340296737185,1.2522732931211369,1.347759517262119,1.2248321464009535,0.7409621350304658,0.8465795147175291,0.9575282578731191,0.8959036541078631,0.07645029496601856,1.1257775516052042,0.11037671989273468,0.6390775471009421,0.10903159562638
198,-0.1707207207207207,1.9555291990774044,2.1567579017774876,2.177356891053692,1.2574181160740676,1.3531256105951095,1.2301458147266968,0.7475808529998075,0.8516544590341588,0.9644216868079288,0.8950120978758707,0.07651563470982539,1.1253227177418235,0.11026005208711458,0.6376980637619817,0.10917337393227139
199,-0.17032032032032032,1.9606947166254303,2.16170919233213,2.182074719855944,1.2625581363565423,1.3584944349086003,1.2354414553480548,0.754179162800946,0.8567227743443993,0.9712674486023708,0.8941382631986646,0.07657927479754378,1.1248770612950558,0.11014472463321351,0.6363458478974126,0.10931528157148059
200,-0.16991991991991992,1.9658639670884357,2.1666617886884767,2.1867877989603555,1.2676945602817313,1.3638658527324519,1.2407202378212012,0.7607545090386846,0.8617835789183387,0.978065095800035,0.8932831523783314,0.07664093752616581,1.1244397449883243,0.11003047334501528,0.6350239570745411,0.10945742022214688
201,-0.16951951951951952,1.9710371199191776,2.1716156592380793,2.191496424768576,1.2728285544750788,1.3692397206341944,1.245983316054818,0.7673044586643822,0.8668360469199613,0.9848143055236107,0.8924477010542816,0.07670036354597799,1.1240099679594036,0.10991704219765347,0.6337352670354176,0.10959990043404401
202,-0.16911911911911912,1.9762143414330966,2.176570779871153,2.19620090625847,1.2779612434540208,1.3746158902449201,1.2512318255979664,0.7738267069547684,0.8718794123206347,0.9915148754276949,0.8916327766068066,0.07675731199467865,1.1235869671829926,0.10980418376503387,0.6324824667273983,0.1097428391398186
203,-0.1687187187187187,1.981395794578029,2.1815271341457114,2.200901563996133,1.2830937073964628,1.3799942091950756,1.2564668810386823,0.7803190827431464,0.8769129721302396,0.9981667193856154,0.8908391769499135,0.07681156057633239,1.1231700187794043,0.10969165961896493,0.6312680542851539,0.10988635729557393
204,-0.1683183183183183,1.98658163870041,2.1864847134217906,2.205598729131525,1.28822698013707,1.385374522126213,1.2616895735463207,0.7867795526961485,0.8819360892389189,1.0047698629122264,0.8900676296871297,0.07686290559234393,1.1227584390924277,0.10957924073751116,0.6300943340390525,0.11003057775868308
205,-0.1679179179179179,1.991772029347587,2.1914435169629374,2.2102927423655414,1.2933620474038219,1.3907566716578408,1.2669009685024208,0.7932062251632045,0.8869481948676199,1.0113244383741302,0.8893187915024935,0.07691116191666116,1.1223515856251716,0.10946670788517372,0.628963414180173,0.11017562321293847
206,-0.16751751751751753,1.9969671180580053,2.1964035520016614,2.2149839529238595,1.2984998452433725,1.3961404993355508,1.2721021032675708,0.7995973530343161,0.8919487906510677,1.0178306801067794,0.8885932478820349,0.07695616294723384,1.1219488578162389,0.10935385199303342,0.6278772053034276,0.11032161439100906
207,-0.16711711711711713,2.0021670521727786,2.201364833778417,2.219672717492482,1.3036412587229647,1.4015258465921483,1.2772939850900626,0.8059513360832397,0.8969374498440318,1.0242889193370275,0.8878915131959015,0.07699776047627596,1.1215496975977577,0.10924047451524876,0.626837419957986,0.11046866840396741
208,-0.16671671671671673,2.00737197467608,2.2063273855382226,2.2243593991687365,1.30878712082671,1.4069125556669424,1.2824775891406779,0.8122667225461425,0.9019138187023172,1.0306995789708258,0.8872140309500163,0.07703582453683133,1.1211535898262421,0.10912638776299204,0.6258455726987165,0.11061689724709388
209,-0.16631631631631633,2.0125820240245584,2.2112912385041845,2.2290443663845254,1.3139382115732774,1.412300470512892,1.2876538566726703,0.8185422100709641,0.906877617029721,1.0370631684444862,0.8865611743506663,0.07707024320636506,1.1207600625313603,0.10901141522810269,0.624902981003627,0.11076640654888
210,-0.16591591591591592,2.0177973339993085,2.2162564318152778,2.2337279918522426,1.3190952573591566,1.4176894376619034,1.2928236933436865,0.8247766460944684,0.9118286382739392,1.043380278258447,0.8859332471853445,0.07710092233158479,1.1203686870102192,0.10889539187808502,0.6240107670334851,0.11091729436726729
211,-0.16551551551551552,2.023018033579831,2.221223012435078,2.238410651501042,1.3242589305399757,1.423079307101885,1.297987967676552,0.8309690274831344,0.916766749503007,1.0496515747365975,0.8853304848455696,0.07712778524437583,1.1199790777353726,0.10877816442820554,0.6231698599001602,0.11106965029727595
212,-0.16511511511511512,2.0282442468084803,2.226191035027754,2.2430927234008267,1.3294298492015755,1.4284699330716384,1.3031475096553622,0.8371184997666767,0.9216918907700669,1.0558777946492464,0.8847530556073778,0.07715077241106887,1.1195908921261541,0.10865959158339057,0.622380998633216,0.11122355463313659
213,-0.16471471471471472,2.033476092690806,2.2311605618083195,2.247774586738706,1.3346085771345368,1.4338611748513672,1.3083031094908726,0.8432243557456565,0.9266040741215796,1.0620597398025318,0.8842010621641889,0.07716984103499502,1.1192038301795177,0.10853954425584156,0.6216447358378145,0.11137907769778783
214,-0.1643143143143143,2.0387136850853356,2.2361316623620877,2.2524566207637666,1.3397956240534243,1.439252897516833,1.3134555165175799,0.8492860335362377,0.9315033822924539,1.068198271789348,0.8836745433082085,0.0771849646280531,1.118817633911055,0.10841790575029421,0.6209614418791815,0.11153627938130242
215,-0.1639139139139139,2.0439571326187034,2.241104413442332,2.2571392037575952,1.3449914459546237,1.4446449726310995,1.3186054382456291,0.8553031142671369,0.9363899670344445,1.074294306662537,0.8831734758042624,0.07719613252705554,1.1184320867033246,0.10829457191289138,0.6203313095780558,0.1116952087164587
216,-0.1635135135135135,2.049206538610373,2.2460788987329257,2.261822712049955,1.3501964457225868,1.4500372789352403,1.3237535395728326,0.8612753191569538,0.9412640471244023,1.0803488097006602,0.8826977764655298,0.07720334937081091,1.1180470124760087,0.10816945125427536,0.6197543595326721,0.1118559036484659
217,-0.1631131131131131,2.05446200099501,2.251055208597411,2.266507519006116,1.3554109738805504,1.4554297029496845,1.328900442136844,0.8672025063033428,0.9461259060868715,1.0863627903391526,0.8822473043135735,0.07720663454738967,1.1176622747459954,0.10804246502744733,0.619230445742201,0.1120183908983854
218,-0.1627127127127127,2.05972361227565,2.2560334397945674,2.271193994078631,1.360635329529568,1.460822139574557,1.334046723824098,0.8730846670010466,0.9509758895502743,1.0923372970458238,0.8818218629617295,0.07720602158519914,1.1172777755577281,0.10791354727580742,0.6187592618480401,0.1121826859105257
219,-0.1623123123123123,2.064991459468833,2.2610136951794084,2.2758825018666498,1.3658697614515836,1.466214492615566,1.3391929184230633,0.8789219217051832,0.9558144024438491,1.0982734124666853,0.8814212030507605,0.0772015575310287,1.116893454299151,0.10778264484256676,0.6183403476135788,0.11234879294223901
220,-0.1619119119119119,2.0702656240641,2.2659960833791697,2.280573401195404,1.3711144693794213,1.471606675277083,1.3443395154323337,0.8847145156808267,0.9606419058948771,1.104172248541968,0.8810450248366148,0.07719330227287068,1.1165092863892574,0.107649717338767,0.6179730958694559,0.11251670517641198
221,-0.1615115115115115,2.0755461819950676,2.2709807184534405,2.2852670442412215,1.3763696053980374,1.4769986106003739,1.3494869600027268,0.8904628142787412,0.9654589138784923,1.110034941855742,0.8806929808782183,0.07718132784965583,1.1161252818878993,0.10751473707699147,0.6176567597574742,0.11268640497638092
222,-0.1611111111111111,2.080833203620975,2.2759677195323857,2.2899637756785647,1.3816352754993633,1.482390231866698,1.354635653034085,0.8961672980500466,0.9702659898142753,1.1158626490839705,0.8803646787533543,0.07716571772535116,1.1157414839849453,0.10737768896264319,0.6173904601687715,0.11285786414155233
223,-0.1607107107107107,2.0861267537084234,2.2809572104444182,2.2946639318676976,1.3869115412538198,1.4877814829409064,1.359785951396508,0.9018285574514462,0.975063742782976,1.1216565426175098,0.8800596839255748,0.07714656604527073,1.115357967419897,0.10723857035305788,0.6171731935794641,0.11303104430038063
224,-0.1603103103103103,2.0914268914269116,2.2859493193206446,2.2993678400684665,1.3921984216068048,1.4931723185630068,1.3649381683056838,0.9074472874540291,0.9798528237172969,1.127417806288468,0.8797775226181379,0.0771239768613052,1.114974836804846,0.1070973908684775,0.6170038400091561,0.11320589727800573
225,-0.1599099099099099,2.096733670352383,2.290944178196257,2.304075817697136,1.3974958947831626,1.4985627046176548,1.3700925738124623,0.913024281901438,0.984633921434758,1.1331476313503481,0.8795176847347616,0.07709806335343956,1.114592224877522,0.10695417217714598,0.6168811711566784,0.11338236557460757
226,-0.1595095095095095,2.102047138470224,2.2959419225908513,2.308788171627386,1.4028039002710608,1.5039526183194134,1.3752493954314775,0.9185604276910441,0.9894077586884898,1.1388472125421703,0.8792796268026651,0.07706894703203224,1.1142102907030202,0.10680894773791601,0.6168038586403511,0.11356038282965847
227,-0.1591091091091091,2.1073673381945772,2.300942691086812,2.31350519751895,1.4081223409181656,1.5093420483730666,1.3804088188878136,0.9240566988203043,0.9941750878492248,1.144517744385162,0.8790627749883645,0.07703675692722226,1.113829217800455,0.10666176250655833,0.6167704824761642,0.11373987436796479
228,-0.1587087087087087,2.1126943063907495,2.3059466248923686,2.318227179198,1.4134510850885758,1.5147309950892751,1.3855709889806218,0.929514150313982,0.9989366867901466,1.1501604176490268,0.8788665280624288,0.07700162877899723,1.1134492122266355,0.10651267261244265,0.6167795394959082,0.1139207577502454
229,-0.1583083083083083,2.118028074399183,2.3109538674010865,2.3229543880765573,1.4187899688722927,1.5201194704358627,1.3907360105599678,0.9349339120628231,1.0036933546816895,1.1557764159707633,0.8786902603786826,0.07696370422186577,1.1130705006301547,0.1063617450013899,0.6168294518289487,0.11410294333362828
230,-0.1579079079079079,2.1233686680687454,2.3159645637467623,2.327687082613811,1.4241387983655827,1.5255074980651204,1.3959039496110852,0.9403171825635687,1.008445907651762,1.1613669127280817,0.878533324858655,0.07692312997522711,1.1126933282560014,0.10620905705020518,0.6169185754503907,0.11428633490395468
231,-0.1575075075075075,2.128716107798622,2.320978860351835,2.3324255078283453,1.4294973519875223,1.5308951132782762,1.401074834436827,0.9456652226504639,1.013195174617752,1.1669330680332748,0.8783950559214959,0.07688005703557742,1.1123179569416606,0.10605469614933848,0.6170452086232875,0.11447083026695026
232,-0.1571071071071071,2.1340704085782747,2.325996904474812,2.337169894841131,1.4348653828203954,1.536282362955449,1.4062486569352426,0.950979349165669,1.0179419930019968,1.1724760259567668,0.8782747724078089,0.07683463988054508,1.1119446630871954,0.10589875926202665,0.6172076003570379,0.11465632189743512
233,-0.15670670670670672,2.139431580036508,2.331018843757369,2.341920460483131,1.440242620986504,1.5416693054474462,1.4114253739650966,0.9562609286538504,1.0226872045929696,1.1779969119145979,0.8781717804419711,0.07678703568437749,1.11157373561945,0.1057413524620276,0.6174039587421237,0.11484269757218038
234,-0.15630630630630632,2.1447996264932576,2.3360448257725035,2.346677406929645,1.4456287760158462,1.5470560104164148,1.4166049087931998,0.961511371070638,1.0274316514229196,1.1834968302943798,0.8780853762383207,0.07673740355550446,1.111205473960377,0.10558259044577238,0.6176324591613779,0.11502984103753322
235,-0.15590590590590592,2.1501745470196982,2.3410749975717735,2.35144092139702,1.4510235392350943,1.5524425586439008,1.4217871526116894,0.9667321235219034,1.032176171741022,1.1889768622195345,0.8780148488614568,0.07668590378802288,1.1108401860004706,0.10542259602788756,0.6178912523984074,0.11521763266685042
236,-0.15550550550550551,2.1555563354943414,2.346109505240323,2.3562111758734905,1.4564265861354402,1.557829041800284,1.4269719661323543,0.9719246640754633,1.036921596113346,1.1944380635210514,0.8779594828996867,0.07663269713870348,1.1104781860816781,0.10526149962106901,0.6181784725515266,0.11540595012491986
237,-0.1551051051051051,2.160944980670544,2.351148493455429,2.360988326896781,1.4618375787249807,1.5632155621822914,1.4321591812296155,0.9770904956528438,1.0416687435958196,1.199881462897196,0.8779185610729906,0.07657794413005738,1.110119793008072,0.10509943870197296,0.6184922447780412,0.1155946690449998
238,-0.1547047047047047,2.1663404662447476,2.3561921050492045,2.3657725153881066,1.4672561678605858,1.5686022324017275,1.4373486026458158,0.9822311400050954,1.0464184180875349,1.2053080602626978,0.8778913667488515,0.07652180438379598,1.109765328087895,0.10493655726388221,0.618830692808398,0.1157836637056018
239,-0.1543043043043043,2.171742770925458,2.3612404805820146,2.3705638665151976,1.4726819955319013,1.573989175062907,1.442540009739786,0.9873481318378365,1.0511714047960037,1.2107188252621097,0.8778771863676799,0.07646443598216497,1.1094151132015098,0.10477300526550738,0.6191919462399977,0.11597280770238932
240,-0.1539039039039039,2.177151868509012,2.366293757924672,2.3753624896142664,1.4781146971223513,1.5793765223900458,1.4477331582763264,0.9924430130530936,1.0559284668925324,1.216114695965149,0.8778753117712147,0.07640599486357835,1.109069468918343,0.1046089380693334,0.6195741475708297,0.11616197461780071
241,-0.1535035035035035,2.182567727956677,2.371352071848649,2.38016847814683,1.4835539035957435,1.5847644158424288,1.4529277822452002,0.9975173271253533,1.0606903423233751,1.2214965777387246,0.877885042431952,0.07634663425516253,1.1087287126603873,0.10444451588105641,0.6199754589715496,0.116351038703703
242,-0.1531031031031031,2.187990313473953,2.376415553628919,2.3849819097022196,1.4889992436511676,1.5901530056852673,1.4581235957106642,1.0025726136956803,1.0654577408592467,1.2268653422861677,0.877905687550465,0.0762865041394405,1.108393156914413,0.10427990318243052,0.6203940687234325,0.11653987553109404
243,-0.1527027027027027,2.193419584595478,2.381484330661079,2.389802846045669,1.4944503457863916,1.595542450554726,1.4633202946757324,1.0076104032880089,1.0702313412409288,1.2322218268355936,0.8779365680824937,0.07622575075954312,1.1080631075122098,0.10411526817261982,0.620828197431614,0.11672836266424673
244,-0.1523023023023023,2.198855496265843,2.3865585260889635,2.394631333202983,1.499906840314625,1.6009329169850604,1.4685175589610266,1.0126322122691185,1.0750117886408053,1.2375668335030559,0.8779770186037069,0.07616451616372177,1.1077388619627229,0.10395078220879582,0.6212761038366763,0.11691638030127542
245,-0.1519019019019019,2.2042979989307714,2.391638258448298,2.3994674015863384,1.5053683612910858,1.6063245789226024,1.4737150540897552,1.0176395380056686,1.0797996922803466,1.2429011287873766,0.878026389077172,0.07610293778689708,1.10742070785989,0.10378661925287536,0.6217360903356562,0.11710381190814297
246,-0.1515015015015015,2.2097470386254727,2.3967236413262825,2.40431106616151,1.5108345483654848,1.611717617223194,1.4789124331666479,1.0226338542278388,1.0845956232542202,1.248225443227222,0.8780840464989584,0.07604114807438402,1.1071089213599652,0.1036229553298461,0.6222065081674044,0.11729054485305215
247,-0.1511011011011011,2.2152025570659073,2.4018147830377634,2.409162326653503,1.516305048541835,1.6171122191234046,1.484109338759736,1.0276166066455434,1.0894001126525297,1.253540471191357,0.8781493763972555,0.07597927414501818,1.1068037657387708,0.10345996799263422,0.6226857621984953,0.11747647100470318
248,-0.15070070070070068,2.2206644917420078,2.406911786316653,2.414021167780859,1.5217795178525455,1.622508577710166,1.4893054047595742,1.0325892087949247,1.094213649827367,1.2588468707852254,0.8782217842275586,0.07591743749023036,1.1065054900205151,0.10329783580133783,0.6231723154091322,0.11766148732244211
249,-0.15030030030030028,2.2261327760159113,2.4120147480268175,2.4188875595355976,1.5272576229428356,1.627906891364912,1.4945002582244329,1.0375530381444684,1.0990366809414445,1.2641452639142323,0.878300696620992,0.07585575371658881,1.1062143276981982,0.1031367378131663,0.6236646929657813,0.1178454964253361
250,-0.14989989989989988,2.23160733921667,2.417123758892813,2.42376145748805,1.5327390425453074,1.633307363210479,1.499693521202274,1.0425094324573663,1.1038696077739172,1.2694362364388763,0.87838556250073,0.07579433232395226,1.1059304955328293,0.10297685309188336,0.6241614859264834,0.11802840712781272
251,-0.14949949949949948,2.2370881067406465,2.4222389032458462,2.428642803130375,1.5382234688678598,1.6387102005384067,1.5048848125180747,1.047459686423592,1.1087127866934512,1.27472033844866,0.8784758540827311,0.07573327652014658,1.10565419244478,0.10281836023009994,0.6246613545982865,0.11821013495395817
252,-0.14909909909909907,2.242575000153678,2.4273602587945295,2.433531524241638,1.5437106088730546,1.6441156142371107,1.5100737495322827,1.0524050485569034,1.113566527906073,1.2799980846530332,0.8785710677341498,0.07567268307336185,1.1053855984899945,0.10266143688954063,0.6251630314985485,0.11839060262517166
253,-0.1486986986986987,2.248067937293115,2.4324878964117413,2.4384275352889695,1.5492001854517543,1.649523818212459,1.5152599498544752,1.0573467183751912,1.118431094973575,1.2852699548537747,0.8786707246955751,0.07561264219866634,1.1051248739327795,0.10250625936172313,0.6256653239200115,0.11856974050132012
254,-0.1482982982982983,2.253566832372647,2.4376218799441007,2.4433307378536955,1.554691938497399,1.6549350288073839,1.5204430330164371,1.0622858438619767,1.123306704477825,1.2905363945134687,0.8787743716930274,0.07555323747599597,1.1048721584064913,0.1023530021470534,0.6261671161642802,0.1187474869957498
255,-0.1478978978978979,2.2590715960881136,2.4427622660418384,2.448241021078667,1.5601856258692712,1.6603494642190304,1.5256226220967763,1.067223519207554,1.1281935259756943,1.2957978154212106,0.878881581403929,0.07549454580240769,1.1046275701681973,0.10220183755343062,0.6266673713611131,0.11892378894998522
256,-0.1474974974974975,2.2645821357268496,2.4479091040100838,2.4531582621417796,1.56568102424762,1.6657673439200713,1.5307983452885114,1.072160782833962,1.1330916821594894,1.3010545964133216,0.8789919528081491,0.07543663737181835,1.1043912054508256,0.1020529353171003,0.6271651329354943,0.11909860196041978
257,-0.1470970970970971,2.2700983552757865,2.4530624356813053,2.458082326751469,1.5711779298884305,1.671188888080392,1.535969837417762,1.0770986156971434,1.13800124921699,1.3063070841847333,0.8791051114163619,0.07537957568394114,1.1041631379029697,0.10190646224351672,0.6276595257169916,0.11927189067013005
258,-0.1466966966966967,2.2756201555339564,2.458222295309256,2.463013069658159,1.5766761592652754,1.6766143169949506,1.5411367413974422,1.0820379398884081,1.1429222574169637,1.3115555941513128,0.8792207093739016,0.07532341757821563,1.1039434181268457,0.10176258186951741,0.6281497566758628,0.11944362900319751
259,-0.14629629629629629,2.281147434223871,2.46338870948453,2.467950335186954,1.5821755496061236,1.6820438505170279,1.5462987096195866,1.0869796174957784,1.1478546918928128,1.3168004113689182,0.8793384254544017,0.07526821329247237,1.1037320733094171,0.10162145414824703,0.6286351153217139,0.11961380035572954
260,-0.1458958958958959,2.2866800861080074,2.4685616970713675,2.4728939577831284,1.5876759593279666,1.6874777075018876,1.5514554052846032,1.09192444975904,1.152798493595736,1.3220417915208844,0.8794579649385611,0.07521400654427761,1.1035291069426632,0.10148323515350186,0.6291149737593466,0.11978239774078361
261,-0.1454954954954955,2.2922180031027213,2.4737412691662324,2.477843762572919,1.593177268364118,1.6929161052556732,1.5566065036590073,1.0968731764843016,1.1577535604740832,1.327279961924587,0.8795790593833738,0.07516083463144504,1.1033344986394753,0.10134807680714522,0.6295887864058476,0.11994942386918657
262,-0.1450950950950951,2.29776107439774,2.4789274290777668,2.482799565935447,1.5986793783920532,1.6983592590004695,1.5617516932657707,1.1018264757358136,1.1627197487873742,1.3325151225965721,0.8797014662906256,0.07510872855174949,1.1031482040362972,0.10121612662644697,0.630056089397492,0.12011489118686333
263,-0.1446946946946947,2.3033091865735607,2.484120172327146,2.4877611760851557,1.604182212961209,1.7038073813461596,1.5668906770014586,1.106784963778574,1.1676968745813399,1.3377474473389857,0.8798249686813332,0.07505771313838952,1.1029701547854964,0.10108752749223747,0.6305164996972458,0.12027882185488098
264,-0.1442942942942943,2.3088622237234664,2.4893194866697583,2.4927283936621913,1.6096857175193238,1.7092606817820661,1.5720231731783585,1.111749195284126,1.1726847153501236,1.3429770848584903,0.8799493745655556,0.07500780721131195,1.1028002586353005,0.10096241743808493,0.6309697138829189,0.12044124767157681
265,-0.1438938938938939,2.3144200675754854,2.4945253521379196,2.4977010123297236,1.6151898593478808,1.7147193661778206,1.5771489164940415,1.116719663771999,1.1776830118017907,1.3482041599063546,0.8800745163350657,0.07495902374087575,1.1026383995934417,0.10084092945772696,0.631415506678466,0.12060220994404261
266,-0.1434934934934935,2.319982597616292,2.49973774110205,2.502678819375284,1.6206946274034026,1.7201836363041132,1.5822676589220346,1.121696802294139,1.1826914697659017,1.3534287744305462,0.8802002500693067,0.07491137002256464,1.102484438172397,0.10072319133247852,0.6318537292105341,0.12076175930045645
267,-0.1430930930930931,2.325549691216216,2.504956618353184,2.5076615963154993,1.6262000320681451,1.725653689368513,1.5873791705265528,1.1266809843421066,1.1877097622267927,1.3586510087436585,0.8803264547626973,0.07486484786251635,1.1023382117161036,0.10060932547687493,0.6322843070074501,0.12091995544891349
268,-0.1426926926926927,2.331121223756498,2.5101819412036424,2.512649119501783,1.631706104815102,1.7311297175708986,1.592483240198407,1.1316725249717674,1.1927375314346043,1.3638709226991366,0.8804530314864835,0.07481945377124051,1.1021995348030764,0.1004994488019621,0.6327072377742743,0.12107686688610265
269,-0.1422922922922923,2.3366970687578896,2.5154136596071077,2.5176411607264346,1.637212897791746,1.7366119076764697,1.597579676313938,1.1366716821302216,1.197774391131948,1.3690885568628777,0.8805799024827753,0.07477517916387119,1.102068199723883,0.10039367259515572,0.6331225889411918,0.12123257054794633
270,-0.14189189189189189,2.3422770980094527,2.5206517162958315,2.5226374878254356,1.6427204833215,1.7421004406102936,1.6026683073141708,1.1416786581765141,1.2028199288509276,1.3743039336901075,0.8807070101993705,0.07473201056739463,1.1019439770296287,0.10029210241716657,0.6335304950072022,0.1213871514139725
271,-0.14149149149149148,2.3478611817009387,2.525896046936328,2.527637865279235,1.64822895333294,1.7475954910701523,1.6077489822066924,1.1466936015856488,1.207873708272545,1.3795170586930687,0.8808343162745337,0.07468992983192417,1.1018266161499688,0.10019483801300995,0.6339311547001729,0.12154070206019317
272,-0.14109109109109108,2.353449188554925,2.5311465803007414,2.5326420548078374,1.6537384187154487,1.7530972271639564,1.6128215709886724,1.1517166088159365,1.2129352716450326,1.3847279216004695,0.8809618004745053,0.07464891434630858,1.1017158460743353,0.10010197323900744,0.6343248279661827,0.12169332216798735
273,-0.14069069069069068,2.3590409859606973,2.536403238455444,2.5376498159590835,1.6592490086062368,1.7586058100645074,1.6178859649923867,1.1567477263355295,1.218004142242217,1.3899364975039132,0.8810894595908978,0.07460893725677115,1.1016113760979331,0.10001359600254184,0.6347118328015742,0.12184511798703417
274,-0.14029029029029028,2.3646364401094684,2.5416659369640624,2.542660906690313,1.6647608696185063,1.7641213936919165,1.6229420771556515,1.1617869527871785,1.2230798268563157,1.3951427479891774,0.8812173063038689,0.07456996768734112,1.1015128966207812,0.09992978821566995,0.6350925419532811,0.12199620175901181
275,-0.13988988988988987,2.3702354161314125,2.5469345851057263,2.547675083939579,1.670274165005883,1.7696441244141186,1.6279898422138104,1.1668342412835437,1.228161818294974,1.4003466222492675,0.8813453680202165,0.07453197096230611,1.1014200800067968,0.0998506257603138,0.6354673794989816,0.12214669110445232
276,-0.13948948948948947,2.3758377782327718,2.5522090861067595,2.5526921041880524,1.6757890737742982,1.7751741407740385,1.6330292168188918,1.1718895018162463,1.2332495979073197,1.4055480581749327,0.8814736856849208,0.07449490882940088,1.1013325814904116,0.09977617846612977,0.6358368173179173,0.12229670837316478
277,-0.13908908908908907,2.381443389834666,2.5574893373852623,2.557711724009261,1.681305789743231,1.7807115732369805,1.6380601795847334,1.1769526037655933,1.2383426380809273,1.4107469834245576,0.8816023125817009,0.07445873968345822,1.1012500401318388,0.09970651009809371,0.6362013714841096,0.12244637996782398
278,-0.13868868868868867,2.387052113713436,2.5627752308085823,2.5627337006082316,1.6868245205617614,1.7862565439648173,1.6430827310596208,1.1820233784960292,1.2434404047439913,1.415943316466769,0.8817313131202128,0.07442341879026707,1.1011720798160864,0.09964167835573741,0.6365615985824107,0.12259583563954059
279,-0.13828828828828826,2.3926638121410915,2.56806665296083,2.5677577923440458,1.6923454866828798,1.791809166611323,1.6480968936294809,1.1871016220292154,1.248542359827887,1.4211369675949448,0.8818607616199429,0.0743888985093547,1.101098310290385,0.09958173488085006,0.6369180919746377,0.12274520776057382
280,-0.1378878878878879,2.3982783470265554,2.573363485422151,2.572783759240345,1.6978689203008164,1.797369546142172,1.6531027113516732,1.1921870977726183,1.2536479637010989,1.426327839915922,0.881990741094512,0.0743551285170182,1.1010283282394047,0.09952672527553412,0.6372714780243642,0.12289463058144277
281,-0.1374874874874875,2.403895580058798,2.5786656050565684,2.5778113634790816,1.7033950642570181,1.8029377786790288,1.658100249722166,1.1972795392959619,1.2587566775597079,1.4315158303069222,0.8821213420413946,0.07432205602786038,1.1009617183915184,0.09947668912818254,0.6376224122984825,0.1230442394734492
282,-0.13708708708708708,2.4095153728495804,2.583972884308992,2.582840369878223,1.7089241709178726,1.8085139513669133,1.663089595378541,1.2023786531426703,1.2638679657544598,1.43670083034008,0.8822526612446799,0.0742896260149132,1.1008980546535043,0.09943166004812781,0.6379715757646095,0.12319417016229686
283,-0.13668668668668668,2.415137587076998,2.589285191509741,2.5878705463532308,1.7144565010302681,1.8140981422642488,1.6680708557394168,1.2074841216597623,1.2689812980686164,1.4418827271774302,0.8823848005905568,0.07425778142899415,1.1008369012705876,0.09939166570816634,0.6383196709871178,0.12334455795755406
284,-0.13628628628628628,2.4207620846295717,2.594602391186023,2.5929016643596494,1.7199923225575178,1.8196904202571142,1.6730441585843123,1.212595605838017,1.2740961519194862,1.4470614044304988,0.8825178659043247,0.07422646341594326,1.1007778140065223,0.09935672789459764,0.6386674183463615,0.1234955369814661
285,-0.13588588588588588,2.426388727750866,2.5999243443793434,2.597933499318347,1.7255319095025312,1.8252908449966025,1.6780096515756142,1.2177127481462033,1.279212014478306,1.4522367429869056,0.8826519658135211,0.07419561153211299,1.1007203413405118,0.09932686256461941,0.6390155522943738,0.1236472394036516
286,-0.13548548548548547,2.432017379183579,2.6052509089677525,2.602965831021703,1.7310755407207636,1.830899466857233,1.6829675017244161,1.2228351753526654,1.2843283847169422,1.4574086218047626,0.8827872106356089,0.07416516395836895,1.1006640256781721,0.09930207991076298,0.6393648176468809,0.12379979468324577
287,-0.1350850850850851,2.4376479023146103,2.6105819399927124,2.607998444020296,1.7366234987283284,1.8365163269188836,1.6879178948040825,1.2279625013179145,1.2894447753591778,1.4625769186696733,0.8829237113006788,0.07413505771146749,1.10060840457154,0.09928238443211171,0.6397159659393437,0.1239533288245677
288,-0.1346846846846847,2.4432801613194814,2.6159172899887135,2.6130311279901766,1.7421760685086718,1.8421414569699008,1.6928610347131094,1.233094329750111,1.2945607147325484,1.467741510919769,0.883061578309904,0.07410522885354376,1.1005530119453555,0.09926777501240706,0.6400697518516905,0.12410796365167692
289,-0.1342842842842843,2.448914021306145,2.6212568093154633,2.6180636780800355,1.74773353632357,1.8477748795315903,1.697797142790398,1.2382302569161447,1.299675748530313,1.4729022761350612,0.8832009207298273,0.07407561269900244,1.1004973793250625,0.09925824500494317,0.6404269297069868,0.12426381610191156
290,-0.1338838838838839,2.454549348459586,2.6266003464916263,2.6230958952381065,1.7532961885307368,1.8534166079026715,1.702726457086108,1.24336987429216,1.3047894414630787,1.4780590927934638,0.8833418452305868,0.07404614401895562,1.100441037064775,0.09925378232340182,0.6407882500631835,0.12442099754679539
291,-0.1334834834834835,2.460186010184448,2.6319477485291487,2.628127586518484,1.75886431041337,1.8590666462248853,1.7076492315899365,1.2485127711500266,1.3099013787980436,1.4832118408922026,0.8834844551686523,0.07401675724274989,1.1003835155695008,0.09925436954010018,0.6411544564055122,0.12457961314215443
292,-0.1330830830830831,2.4658238752481343,2.6372988612673547,2.633158565366996,1.7644381850247859,1.864724989567183,1.7125657354207748,1.2536585370710962,1.3150111677994505,1.4883604025340598,0.8836288497134414,0.07398738665635828,1.1003243465103625,0.09925998399005188,0.6415262819396136,0.12473976120811199
293,-0.13268268268268268,2.4714628139221566,2.642653529706094,2.6381886518860265,1.7700180920527604,1.8703916240283665,1.71747625197961,1.2588067643750125,1.320118439042121,1.4935046624853818,0.883775123024795,0.07395796659815677,1.1002630640282574,0.09927059788185136,0.6419044465052642,0.12490153264936585
294,-0.13228228228228228,2.477102698123067,2.6480115983369896,2.643217673079235,1.7756043067058653,1.8760665268589436,1.7223810780700957,1.2639570504626396,1.325222847617525,1.4986445086940503,0.8839233634800034,0.0739284316502755,1.1001992059231365,0.09928617841513773,0.6422896536110762,0.12506501040960236
295,-0.13188188188188188,2.48274340155163,2.6533729114720956,2.648245463074691,1.7811970986269143,1.8817496665988283,1.72728052298781,1.2691090000602567,1.3303240742202525,1.503779832781375,0.884073652952109,0.07389871682710943,1.100132314826017,0.09930668790449546,0.6426825875970603,0.12523026897096803
296,-0.13148148148148148,2.4883847998308957,2.658737313569398,2.65327186332778,1.7867967308352475,1.887441003232836,1.732174907583139,1.2742622273656212,1.3354218261146593,1.5089105304993187,0.8842260661417215,0.07386875775931229,1.1000619393504312,0.09933208391018447,0.6430839109334581,0.12539737389563496
297,-0.13108108108108107,2.4940267706427366,2.66410464955371,2.6582967228040166,1.7924034587023239,1.893140488360956,1.7370645632995059,1.279416358084367,1.3405158379833721,1.514036502158198,0.8843806699630095,0.0738384908737925,1.0999876352210594,0.09936231937528986,0.6434942616597706,0.12556638141468263
298,-0.13068068068068067,2.4996691938623723,2.669474765133448,2.6633198981407085,1.7980175289631217,1.8988480653840831,1.7419498311905328,1.2845710313574024,1.3456058726588818,1.5191576530231536,0.8845375229835231,0.07380785356895259,1.099908966375945,0.0993973427697726,0.6439142509672785,0.12573733806373602
299,-0.13028028028028027,2.5053119516910383,2.6748475071113043,2.668341253788982,1.8036391787657196,1.9045636697039514,1.7468310609191051,1.289725901570652,1.3506917217328984,1.524273893682433,0.8846966749203268,0.07377678438526267,1.0998255060402755,0.09943709824120438,0.6443444609325476,0.12591028036976795
300,-0.12987987987987987,2.510954928786532,2.6802227236893588,2.673360662136017,1.8092686347628204,1.910287228935613,1.751708609741427,1.2948806400479513,1.3557732060493082,1.5293851403862253,0.884858166191164,0.07374522317051298,1.099736837769398,0.09948152577207861,0.6447854424018313,0.1260852345873949
301,-0.12947947947947946,2.516598012391455,2.68560026476686,2.678378003607422,1.8149061122462824,1.9160186631335172,1.7565828414788929,1.3000349366197073,1.360850176082907,1.5344913153583049,0.8850220275208319,0.0737131112397763,1.099642556457868,0.09953056134405046,0.6452377130303071,0.12626221648801028
302,-0.12907907907907906,2.522241092458938,2.690979982231146,2.6833931667508506,1.8205518143288044,1.9217578850282453,1.7614541254808251,1.3051885010701283,1.36592251219845,1.5395923470802177,0.885188279603754,0.07368039152942013,1.0995422693132015,0.09958413710871981,0.6457017554797356,0.12644123120062414
303,-0.12867867867867866,2.5278840617754677,2.6963617302403904,2.688406048300267,1.8262059311722922,1.9275048002743533,1.7663228355813954,1.3103410644560127,1.3709901248014584,1.544688170550007,0.8853569328206556,0.07364700874531983,1.0994355967917673,0.0996421815650681,0.6461780157729762,0.12662227310607932
304,-0.12827827827827826,2.533526816081134,2.701745365498156,2.6934165532224625,1.831868639267702,1.9332593077080837,1.7711893490531843,1.315492380300131,1.3760529543742943,1.5497787275148884,0.8855279870107283,0.07361290950451138,1.099322173494926,0.09970461974345016,0.6466669018103818,0.12680532578374207
305,-0.12787787787787785,2.5391692541866147,2.7071307475186694,2.6984245947453633,1.8375401007656618,1.9390212996141856,1.776054045560629,1.3206422256550627,1.381110971406449,1.5548639666800304,0.8857014312970724,0.07357804247043764,1.0992016490235734,0.09977137339597683,0.6471687820454909,0.1269903620113131
306,-0.12747747747747745,2.544811278087004,2.712517738883154,2.703430094368569,1.8432204628606128,1.9447906620007431,1.780917306116161,1.325790402040759,1.3861641762190118,1.5599438438935354,0.8858772439648317,0.07354235848125432,1.0990736887894526,0.09984236119308118,0.6476839843205673,0.1271773438161729
307,-0.12707707707707708,2.550452793072084,2.717906205485986,2.70843298185762,1.8489098572295186,1.9505672748815432,1.7857795120417412,1.3309367362519295,1.391212598687551,1.5650183223083483,0.8860553923917062,0.07350581067113834,1.0989379747816548,0.09991749892629233,0.6482127948631072,0.1273662225786667
308,-0.12667667667667667,2.556093707833091,2.723296016770871,2.7134331952214854,1.8546083995261613,1.9563510125647567,1.790641043938803,1.336081081040141,1.3962562978649689,1.5700873725224562,0.8862358330289222,0.07346835458426922,1.0987942062869085,0.09999669971669307,0.6487554574408063,0.12755693918538255
309,-0.12627627627627627,2.561733934565801,2.7286870459564185,2.718430680674229,1.8603161889317896,1.9621417439475126,1.7955022806689966,1.341223315668812,1.401295361512621,1.5751509726972315,0.8864185114311879,0.07342994828137188,1.0986421005624722,0.1000798742289918,0.6493121726731977,0.12774942423129546
310,-0.12587587587587587,2.5673733890692976,2.7340791702506415,2.7234253925813765,1.8660333077627906,1.9679393328152097,1.8003635983487272,1.346363346343327,1.4063299055367022,1.5802091086559105,0.8866033623351863,0.07339055243869778,1.0984813934601991,0.10016693089087059,0.6498830975006041,0.1279435982701803
311,-0.12547547547547547,2.573011990841134,2.7394722710545802,2.728417293392231,1.8717598211363469,1.9737436381448912,1.8052253693596327,1.351501106519102,1.4113600733392906,1.5852617739615564,0.8867903097843894,0.07335013043922352,1.0983118400016605,0.10025777611724669,0.6504683448058433,0.1281393721102915
312,-0.12507507507507507,2.578649663167822,2.7448662341542014,2.7334063535569624,1.8774957766937128,1.9795545144120106,1.8100879613781633,1.3566365570886396,1.4163860350903485,1.59030896997561,0.886979267297429,0.07330864845594512,1.098133214901923,0.10035231453890263,0.6510679831855273,0.12833664715360493
313,-0.12467467467467466,2.5842863332110895,2.7502609499007997,2.738392551431606,1.8832412043813958,1.9853718118997405,1.8149517364256949,1.3617696864508424,1.4214079869145386,1.5953507058994694,0.8871701380810547,0.07326607552755555,1.0979453130433272,0.10045044923554423,0.6516820368716114,0.12853531577842356
314,-0.12427427427427426,2.5899219320894886,2.755656313379411,2.743375873169381,1.8889961162901752,1.991195377009887,1.8198170499426127,1.366900510465336,1.42642615001072,1.600386998795911,0.8873628152829348,0.07322238362586338,1.0977479498970104,0.10055208197217996,0.6523104857956994,0.1287352617598521
315,-0.12387387387387386,2.595556394955329,2.7610522245652565,2.748356312600166,1.8947605065520234,1.9970250525752289,1.8246842498875817,1.372029072295231,1.43144076970031,1.6054178735952118,0.8875571822836934,0.07317754771555583,1.0975409618925016,0.10065711343891522,0.6529532657944226,0.12893636072869344
316,-0.12347347347347346,2.6011896610666985,2.766448588468027,2.7533338710987256,1.900534351293415,2.0028606781718445,1.8295536758649786,1.3771554421410648,1.4364521144094844,1.6104433630829467,0.8877531130271069,0.07313154580590205,1.0973242067354558,0.10076544349328037,0.6536102689535626,0.12913848066466818
317,-0.12307307307307308,2.6068216738545864,2.771845315263811,2.7583085574417807,1.906317608645481,2.0087020904313713,1.8344256582818261,1.38227971687064,1.4414604745964015,1.615463507872757,0.8879504723839062,0.07308435899478505,1.0970975636726883,0.10087697140469119,0.6542813440822013,0.1293414824217335
318,-0.12267267267267268,2.612452380984829,2.7772423204147922,2.763280387655115,1.9121102188095174,2.014549123352347,1.8393005175366646,1.3874020195481978,1.4464661616198582,1.6204783563628287,0.8881491165497676,0.07303597150490528,1.096860933704944,0.10099159610048054,0.6549662973176525,0.1295452202830412
319,-0.12227227227227228,2.618081734414802,2.782639524776563,2.7682493848512792,1.917912104176955,2.0204016086098515,1.844178563241899,1.3925224988667122,1.451469506560722,1.62548796467724,0.8883488934737311,0.07298637071244919,1.0966142397476084,0.10110921641288499,0.6556648928529695,0.12974954254244028
320,-0.12187187187187187,2.623709690444909,2.7880368546929026,2.773215579058364,1.9237231695025867,2.0262593758630922,1.849060093481408,1.3976413284886136,1.4564708589990805,1.6304923965926192,0.8885496433150828,0.07293554716830469,1.096357426739438,0.10122973132630075,0.6563768537828056,0.1299542921096865
321,-0.12147147147147147,2.6293362097645097,2.793434242078413,2.7781790070407535,1.929543302129974,2.032122253060148,1.853945394104825,1.4027587062986628,1.4614705857502404,1.6354917234505613,0.8887511989272184,0.07288349461204077,1.0960904616999478,0.10135304022435943,0.6571018630637536,0.1301593071369021
322,-0.12107107107107107,2.6349612574924026,2.7988316244886393,2.7831397121122734,1.9353723722672587,2.0379900667396194,1.858834738060502,1.40787485357379,1.4664690695682325,1.6404860240559727,0.8889533863652992,0.07283020997878188,1.0958133337355342,0.10147904313592707,0.6578395645823433,0.13036442166280335
323,-0.12067067067067067,2.640584803211697,2.8042289451780538,2.7880977439427097,1.941210233311781,2.0438626423282775,1.8637283847676476,1.4129900140753113,1.4714667078183346,1.6454753845617656,0.8891560254162807,0.07277569339928691,1.095526053995805,0.10160764097964249,0.6585895643260253,0.13056946627211227
324,-0.12027027027027026,2.646206820998988,2.809626153145846,2.7930531583579907,1.947056722222091,2.049739804434545,1.8686265795295485,1.418104453067216,1.4764639111248803,1.6504598983407948,0.8893589301487774,0.07271994819346583,1.095228655580041,0.10173873580612358,0.6593514316518827,0.13077426876755885
325,-0.11986986986986986,2.651827289447782,2.815023203169629,2.7980060171351058,1.9529116599351488,2.055621377137386,1.8735295529886677,1.4232184562671708,1.4814611020015902,1.6554396658444552,0.8895619094799195,0.07266298085752265,1.0949211933951426,0.10187223103735912,0.6601247006455162,0.13097865485059917
326,-0.11946946946946946,2.6574461916861987,2.820420055827383,2.802956387791873,1.9587748518268786,2.061507184269651,1.8784375206246249,1.4283323287335878,1.4864587134642862,1.6604147944492338,0.8897647677582625,0.07260480104509877,1.0946037439660972,0.10200803170237205,0.6609088715669608,0.13118244880924082
327,-0.11906906906906906,2.6630635153887576,2.825816677507599,2.8079043433726283,1.9646460882140935,2.0673970496963414,1.8833506822958272,1.4334463936954682,1.491457187634929,1.6653853982906037,0.8899673053594102,0.07254542154258674,1.094276405199698,0.10214604466884462,0.6617034123757521,0.13138547420915536
328,-0.11866866866866865,2.668679252782309,2.8312130404079063,2.8128499622304317,1.9705251448955445,2.0732907975865373,1.888269221825477,1.4385609913291189,1.4964569743403475,1.6703515980854573,0.8901693192925528,0.07248485823905593,1.0939392961032208,0.10228617886976218,0.662507760329427,0.1315875545858546
329,-0.11826826826826825,2.674293400646119,2.8366091225224164,2.817793327805875,1.9764117837298545,2.0791882526792684,1.8931933066326243,1.4436764774875481,1.501458529709691,1.6753135209425591,0.8903706038158162,0.07242313009090229,1.0935925564588063,0.10242834552452615,0.6633213236501649,0.13178851413495904
330,-0.11786786786786785,2.679905960305935,2.842004907617992,2.822734528403877,1.982305753248133,2.085089240542765,1.8981230874084591,1.4487932223878075,1.5064623147756493,1.6802713001619627,0.8905709510581222,0.07236025908169616,1.0932363464553778,0.10257245835404569,0.6641434832526595,0.1319881783980972
331,-0.11746746746746747,2.685516937622231,2.847400385199677,2.827673656968361,1.9882067892986885,2.0909935878267523,1.9030586978383504,1.4539116092610507,1.5114687940841431,1.6852250750231044,0.8907701516454924,0.07229627017740532,1.0928708462793557,0.10271843378898543,0.664973594527432,0.13218637494169036
332,-0.11706706706706707,2.691126342972499,2.852795550465598,2.8326108108557975,1.9941146157218557,2.0969011225076435,1.908000254369712,1.4590320329711979,1.5164784343155266,1.6901749905624746,0.8909679953297738,0.0722311912773477,1.0924962556656497,0.10286619117072245,0.6658109891736536,0.13238293402638185
333,-0.11666666666666667,2.6967341912275766,2.858190404251576,2.8375460916079045,2.000028945051972,2.1028116741263325,1.91294785602571,1.4641548986070678,1.5214917029229647,1.6951211973402605,0.8911642716175899,0.0721650531610982,1.0921127934106478,0.10301565294444644,0.6666549770749013,0.13257768926431995
334,-0.11626626626626627,2.7023405017221944,2.8635849529657955,2.84247960472421,2.0059494792441694,2.108725074018451,1.9179015842647391,1.4692806200530832,1.5265090667902554,1.7000638511974873,0.8913587703977379,0.07209788943176894,1.0917206968489506,0.10316674484382395,0.6675048482121311,0.1327704782626914
335,-0.11586586586586586,2.7079452982195966,2.868979208513823,2.847411459434912,2.0118759104239827,2.114641155536758,1.9228615028854759,1.474409618544064,1.5315309909148007,1.7050031130024186,0.8915512825648345,0.07202973645570038,1.0913202212952715,0.10331939606672443,0.6683598746076278,0.13296114325037858
336,-0.11546546546546546,2.713548608870416,2.874373188214316,2.8523417684744867,2.0178079216562983,2.120559754265585,1.9278276579771707,1.4795423212087457,1.5365579371172489,1.7099391483877926,0.8917416006376471,0.07196063329904064,1.090911639453735,0.10347353944152798,0.6692193122941222,0.13314953168653437
337,-0.11506506506506506,2.7191504661657393,2.8797669147057485,2.8572706478566103,2.0237451877319694,2.126480708227314,1.932800077914626,1.4846791596073485,1.5415903627834944,1.7148721274786964,0.8919295193697758,0.07189062166136212,1.0904952407959967,0.10362911158364538,0.6700824033025551,0.13333549684862472
338,-0.11466466466466466,2.724750906884549,2.885160415844554,2.8621982166507896,2.0296873759691407,2.1324038580805134,1.9377787733974314,1.4898205682679357,1.5466287196396413,1.7198022246111568,0.8921148363516709,0.07181974580649154,1.0900713309103511,0.10378605304169738,0.6709483776639005,0.13351889839823486
339,-0.11426426426426425,2.730349972035496,2.8905537245949993,2.867124596761162,2.0356341470268227,2.1383290473098553,1.9427637375325992,1.494966983226359,1.551673452566092,1.7247296180420726,0.8922973526014492,0.071748052490857,1.0896402308236404,0.10394430843313184,0.6718164554176685,0.13369960292278407
340,-0.11386386386386385,2.7359477067932003,2.895946878911174,2.8720499127078485,2.0415851557284808,2.144256122407682,1.9477549459599894,1.5001188405747659,1.5567249984511677,1.7296544896507569,0.8924768731434329,0.07167559088944993,1.0892022762977716,0.10410382656880422,0.6726858486227814,0.13387748445163516
341,-0.11346346346346345,2.741544160429046,2.9013399216115325,2.8769742914112597,2.047540051892623,2.150184933047077,1.9527523570194087,1.5052765750226287,1.5617837850878844,1.734577024632437,0.8926532075727621,0.0716024125196752,1.088757817103175,0.10426456056633078,0.673555763364723,0.13405242494520253
342,-0.11306306306306305,2.7471393862367273,2.9067329002463116,2.881897861979787,2.053498481168661,2.1561153322465683,1.9577559119585768,1.5104406184755137,1.566850230117213,1.7394974111839618,0.8928261706042706,0.07152857116312468,1.0883072162707779,0.10442646795187423,0.6744254017533754,0.1342243147553256
343,-0.11266266266266264,2.7527334414524853,2.91212586695825,2.8868207555011436,2.0594600858751306,2.1620471765262885,1.962765535180675,1.5156113986352522,1.5719247400179022,1.7444158401822927,0.8929955826047807,0.07145412278550814,1.0878508493247894,0.10458951075019914,0.6752939639071909,0.13439305305615074
344,-0.11226226226226227,2.758326387170285,2.9175188783370296,2.891743104837721,2.065424505838137,2.1679803260557238,1.9677811345304974,1.5207893376260004,1.577007709147604,1.749332504856002,0.8931612701068701,0.07137912545477813,1.0873891034981422,0.10475365556276556,0.6761606499175064,0.134558548243927
345,-0.11186186186186187,2.7639182882520412,2.9229119952678206,2.896665044426263,2.071391379227779,2.17391464479297,1.9728026016176698,1.5259748506500797,1.5820995188352696,1.7542476004502627,0.8933230663032948,0.07130363925759464,1.086922376932736,0.10491887363375092,0.6770246617888892,0.134720718305011
346,-0.11146146146146146,2.7695092132329444,2.92830528277435,2.901586710082183,2.0773603433902426,2.1798500006155885,1.9778298121758546,1.5311683446774416,1.58720053652718,1.759161323885869,0.8934808115206972,0.07122772621417608,1.0864510778663574,0.10508514090388694,0.6778852053505021,0.13487949115109563
347,-0.11106106106106106,2.7750992342221394,2.933698809856913,2.9065082388087164,2.0833310356734582,2.1857862654431046,1.9828626264562719,1.536370217172268,1.5923111149880869,1.7640738734125836,0.8936343536715841,0.071151450191612,1.0859756238083926,0.10525243805206315,0.6787414921339908,0.13503480492094028
348,-0.11066066066066066,2.7806884267988745,2.9390926493257465,2.9114297686111947,2.0893030942442787,2.1917233153511546,1.9879008896542116,1.541580854860358,1.5974315915583122,1.7689854482574108,0.8937835486835977,0.07107487681565745,1.0854964407062546,0.10542075052463652,0.6795927412136602,0.13518660824794443
349,-0.11026026026026026,2.7862768699042295,2.944486877630172,2.916351438316653,2.095276158895057,2.1976610306774633,1.9929444323668946,1.546800632540375,1.602562287468254,1.7738962482682732,0.8939282609050959,0.07099807338106782,1.0850139621045058,0.10559006855252742,0.6804381810046597,0.13533486049309576
350,-0.10985985985985985,2.791864645728682,2.949881574683924,2.9212733873989722,2.101249871837834,2.2035992961196076,1.997993071081082,1.5520299119421765,1.6077035072109496,1.7788064735536129,0.8940683634862477,0.07092110876045288,1.0845286282986566,0.10576038715608528,0.6812770510152706,0.1354795319428393
351,-0.10945945945945945,2.797451839595615,2.9552768236870715,2.926195755809729,2.107223878484184,2.2095380008247907,2.0030466086887957,1.5572690406348775,1.6128555379730132,1.783716324118535,0.8942037387349778,0.07084405331168843,1.0840408854855017,0.10593170613787312,0.6821086035498166,0.13562060397173697
352,-0.10905905905905905,2.803038539840991,2.9606727109449933,2.9311186838148835,2.1131978282090196,2.2154770384716054,2.0081048350293758,1.5625183509874616,1.618018649124755,1.7886259994979792,0.8943342784470193,0.07076697878385314,1.0835511849119703,0.10610403006346862,0.6829321053584104,0.1357580691696276
353,-0.10865865865865865,2.8086248376893703,2.96606932568475,2.9360423118375274,2.119171375096626,2.221416307344041,2.013167527456262,1.5677781591843205,1.6231930917692403,1.7935356983875304,0.894459884209623,0.07068995822167386,1.0830599820242575,0.10627736823045168,0.6837468392306152,0.13589193143332567
354,-0.10825825825825824,2.8142108271264403,2.9714667598693145,2.9409667803066566,2.125144178667433,2.2273557103977235,2.0182344514265496,1.5730487642978077,1.628379098350476,1.7984456182725517,0.8945804676783955,0.07061306586847574,1.082567735619089,0.10645173462578371,0.6845521055298235,0.1360222060229835
355,-0.10785785785785784,2.819796604768326,2.9768651080100295,2.945892229512211,2.131115904583915,2.2332951553186415,2.0233053611116807,1.5783304474199753,1.633576882320675,1.8033559550563565,0.894695950826827,0.07053637706761781,1.0820749069989057,0.10662714787179513,0.68534722366544,0.1361489195832699
356,-0.10745745745745744,2.825382269727804,2.982264466977729,2.9508187994663926,2.137086225334297,2.239234554574399,2.028380000027361,1.583623470855057,1.6387866378655245,1.8082669026876736,0.8948062661684961,0.07045996816233834,1.0815819591326945,0.10680363116104993,0.6861315335009047,0.1362721101296412
357,-0.10705705705705704,2.8309679234777074,2.9876649358128726,2.95574662977126,2.143054820892757,2.2451738254582003,2.0334581016808873,1.588928077374412,1.6440085396876971,1.8131786527887184,0.8949113569513532,0.07038391639405535,1.0810893558240944,0.10698121218037043,0.6869043966944667,0.13639182700023061
358,-0.10665665665665666,2.8365536697116784,2.9930666155351173,2.9606758594927736,2.149021379354885,2.2511128901256945,2.038539390234074,1.594244489534996,1.649242742847013,1.8180913942839692,0.895011177324385,0.07030829979904715,1.0805975608884786,0.10715992302435014,0.687665197971463,0.13650813077379387
359,-0.10625625625625626,2.8421396142025435,2.9984696089526834,2.9656066270411556,2.154985597547275,2.2570516756248575,2.0436235811799324,1.5995729090627198,1.6544893826569937,1.823005313030782,0.8951056924762737,0.07023319710351496,1.0801070373405133,0.10733980009867441,0.6884133463255888,0.13662109315434845
360,-0.10585585585585586,2.847725864658471,3.0038740204719176,2.970539070057679,2.1609471816102666,2.2629901139190225,2.0487103820312234,1.6049135163012178,1.6597485746360416,1.8279205914522172,0.8951948787464367,0.07015868761701069,1.0796182465937731,0.10752088401364943,0.689148276148224,0.13673079682324982
361,-0.10545545545545545,2.8533125305772176,3.0092799559073575,2.975473325307785,2.1669058475528633,2.268928141903291,2.053799493019135,1.610266469726893,1.6650204145125613,1.832837408173252,0.8952787237082671,0.07008485112425028,1.0791316476737922,0.10770321946828726,0.689869448283895,0.13683733525955197
362,-0.10505505505505505,2.858899723098615,3.0146875222927436,2.980409528580576,2.1728613217790267,2.274865701414415,2.0588906078002185,1.6156319055305057,1.6703049782819626,1.83775593766056,0.8953572262251309,0.07001176777527358,1.0786476964460285,0.10788685512539567,0.6905763510113825,0.13694081252945292
363,-0.10465465465465465,2.864487554855595,3.0200968276932376,2.9853478145945513,2.1788133415845627,2.280802739234381,2.06398341416981,1.6210099372654865,1.6756023223146674,1.8426763498671728,0.8954303964790897,0.0699395179740331,1.0781668448600086,0.10807184347806469,0.6912685009490183,0.13704134304595453
364,-0.10425425425425425,2.8700761398239365,3.025507981019234,2.9902883169095715,2.184761655623981,2.2867392070878476,2.069077594780184,1.6264006555629367,1.6809124835127667,1.8475988098823917,0.8954982559729788,0.06986818226539841,1.0776895402109257,0.1082582407080176,0.6919454438840615,0.1371390512997341
365,-0.10385385385385384,2.875665593171025,3.030921091842093,2.9952311678449464,2.19070602434674,2.2926750616335654,2.0741728278616822,1.6318041279130722,1.6862354795139542,1.8525234775878738,0.8955608375061405,0.0697978412206538,1.0772162244199452,0.10844610653627207,0.6926067555253972,0.1372340715623845
366,-0.10345345345345344,2.8812560311038,3.036336270212077,3.0001764984035706,2.1966462204024273,2.298610264450036,2.0792687879451157,1.6372203985125675,1.6915713089407172,1.857450507320719,0.8956181851243324,0.0697285753215655,1.07674733333427,0.10863550406659492,0.6932520421794781,0.13732654756332816
367,-0.10305305305305304,2.8868475707161902,3.0417536264788367,3.005124438201973,2.202582029014457,2.304544782015476,2.0843651465838056,1.642649488177251,1.6969199516925781,1.8623800475440593,0.8956703540444712,0.06966046484306351,1.0762832960481012,0.108826499622199,0.6938809413496451,0.13741663214155594
368,-0.10265265265265264,2.892440329836233,3.0471732711147044,3.0100751154061696,2.2085132483219683,2.3104785856823815,2.089461573073583,1.648091394319109,1.702281369279469,1.8673122405263534,0.8957174105547291,0.06959358973471821,1.0758245342454502,0.10901916257622832,0.6944931222588516,0.13750448687378833
369,-0.10225225225225223,2.898034426873126,3.052595314541101,3.015028656673211,2.2144396896897947,2.3164116516467486,2.0945577351692126,1.653546090986741,1.7076555051941087,1.8722472220295994,0.8957594318907527,0.06952802950104818,1.075371461565732,0.10921356517647443,0.695088286296373,0.13759028168018517
370,-0.10185185185185183,2.9036299806644816,3.0580198669583187,3.019985187098214,2.220361177986202,2.322343960912192,2.0996532997956763,1.6590135289678376,1.7130422853207883,1.8771851210077455,0.8957965060887398,0.06946386308088934,1.0749244829930413,0.10940978236485549,0.6956661673890643,0.13767419440938194
371,-0.10145145145145146,2.9092271103239535,3.063447038178931,3.024944830166809,2.2262775518284896,2.32827549924912,2.1047479337528463,1.6644936359524272,1.7184416183787095,1.8821260593156146,0.8958287318161261,0.06940116872593255,1.0744839942698323,0.10960789159217282,0.6962265322979496,0.13775641040413178
372,-0.10105105105105106,2.914825935089555,3.0688769374650735,3.029907707712758,2.2321886637963617,2.33420625714911,2.1098413044121056,1.6699863167552236,1.7238533963971279,1.8870701514293708,0.8958562181807695,0.06934002387865187,1.0740503813357867,0.10980797262861251,0.6967691808411408,0.13783712204929305
373,-0.10065065065065065,2.9204265741728173,3.074309673369843,3.0348739398806304,2.2380943806131905,2.340136229774693,2.114933080403545,1.6754914535953573,1.7292774952201875,1.8920175041790335,0.8958790845194902,0.06928050504981256,1.0736240197924758,0.1100101073705722,0.6972939460442267,0.13791652830367163
374,-0.10025025025025025,2.9260291466090984,3.079745353583004,3.0398436450933133,2.2439945832953163,2.34606541690467,2.1200229322924042,1.6810089064316873,1.7347137750388293,1.8969682164938568,0.8958974601668896,0.06922268769579268,1.0732052743944387,0.11021437964423614,0.6978006942194009,0.1379948342173953
375,-0.09984984984984985,2.931633771109203,3.085184084781237,3.044816940024187,2.2498891672696257,2.351993822875168,2.1251105332435047,1.6865385133516024,1.7401620809475373,1.9019223791611792,0.8959114842053877,0.06916664609596454,1.0727944985671434,0.11042087500648422,0.698289324974784,0.13807225043646976
376,-0.09944944944944945,2.9372405659125875,3.090625972483094,3.049793939573776,2.2557780424596428,2.3579214565165447,2.130195559672467,1.6920800910112583,1.745622243523239,1.9068800745994263,0.8959213051975009,0.06911245323039387,1.0723920339523445,0.11062968054358069,0.6987597711555376,0.13814899269620856
377,-0.09904904904904904,2.942849648642338,3.0960711209088543,3.0547747568506565,2.2616611333405467,2.363848331086373,2.1352776918825636,1.697633435124956,1.7510940794242242,1.9118413766458826,0.8959270809013011,0.06906018065814745,1.071998209981147,0.11084088466817468,0.6992119987184152,0.13822528130523
378,-0.09864864864864864,2.948461136162159,3.101519632845433,3.0597595031564286,2.2675383789634918,2.369774464198585,2.1403566146861377,1.7031983210013715,1.7565773920064018,1.9168063503598212,0.8959289779701446,0.06900989839649176,1.0716133434751403,0.11105457691507857,0.6996460065416423,0.1383013406217188
379,-0.09824824824824824,2.954075144435581,3.106971609516501,3.064748287974534,2.2734097329496628,2.3756998777489935,2.1454320180095596,1.7087745041241538,1.7620719719546665,1.9217750518415642,0.8959271716376801,0.06896167480130709,1.0712377382758578,0.11127084773632202,0.7000618261719935,0.13837739852367098
380,-0.09784784784784784,2.9596917883875755,3.112427150457937,3.0697412189627142,2.2792751634546633,2.3816245978373174,2.1505035974807782,1.714361720774439,1.7675775979269372,1.926747528068045,0.8959218453891897,0.06891557644902725,1.0708716849026967,0.11148978829595804,0.70045952151112,0.13845368587482537
381,-0.09744744744744743,2.9653111817688167,3.117886353398752,3.0747384019488906,2.285134653103733,2.3875486546858506,2.1555710549985507,1.71995968869266,1.7730940372085655,1.931723816745269,0.8959131906203606,0.06887166802044117,1.070515460239506,0.11171149026506415,0.700839188443247,0.13853043598794323
382,-0.09704704704704703,2.9709334370227394,3.123349314147574,3.079739940930241,2.2909881988984573,2.393472082554954,2.1606340992825688,1.7255681077770382,1.7786210463748218,1.936703946178294,0.8959014062845084,0.06883001218670594,1.0701693272498274,0.11193604561742172,0.7012009544064075,0.13860788408716163
383,-0.09664664664664663,2.976558665155627,3.1288161264847942,3.084745938075266,2.2968358120956274,2.399394919655487,2.165692446403664,1.7311866608160578,1.7841583719592675,1.9416879351590084,0.8958866985293706,0.06879066949789593,1.0698335347208547,0.11216354642628058,0.701544977909498,0.13868626677102897
384,-0.09624624624624623,2.9821869756098853,3.134286882060467,3.089756493728626,2.3026775180589345,2.4053172080583427,2.17074582029343,1.736815014252245,1.7897057511257828,1.9466757928722094,0.8958692803245079,0.06875369827447417,1.0695083170360475,0.1123940846626722,0.7018714479974495,0.138765821477877
385,-0.09584584584584585,2.987818476140684,3.139761670297993,3.094771706418504,2.308513356084316,2.4112389936012053,2.175793953232599,1.7424528189744812,1.7952629123422608,1.951667518820237,0.8958493710803792,0.06871915450199431,1.0691938939762622,0.11262775199565454,0.7021805836668945,0.13884678595509162
386,-0.09544544544544545,2.9934532726961494,3.1452405783036914,3.0997916728663193,2.3143433791996557,2.4171603257927003,2.180836586317621,1.7480997111360925,1.800829576053795,1.956663102766565,0.8958271962601687,0.0686870917294343,1.0688904705492905,0.11286463959490688,0.7024726332347597,0.13892939773387755
387,-0.09504504504504505,2.999091469301241,3.1507236907822427,3.104816487998544,2.3201676539397353,2.4230812577140375,2.1858734699048976,1.753755312995998,1.8064054553535844,1.9616625246985262,0.8958029869853613,0.06865756097146516,1.0685982368475564,0.11310483793606156,0.7027478736621573,0.13901389361097674
388,-0.09464464464464464,3.004733167945505,3.1562110899580706,3.109846244960409,2.3259862600972654,2.4290018459183034,2.190904364032242,1.7594192337801167,1.8119902566495187,1.9666657548094448,0.8957769796361403,0.06863061061503813,1.0683173679337234,0.11334843660912122,0.7030066098361363,0.13910050913883887
389,-0.09424424424424424,3.0103784684748183,3.161702855502655,3.11488103513131,2.3317992904508826,2.434922150327537,2.195929038817157,1.765091070560349,1.8175836803247976,1.9716727535003051,0.8957494154475815,0.06860628633059236,1.0680480237538956,0.11359552413034744,0.7032491738116957,0.13918947812561272
390,-0.09384384384384384,3.0160274684872785,3.167199064467783,3.119920948141685,2.337606850471069,2.44084223412769,2.2009472748315937,1.7707704091483805,1.8231854213908192,1.9766834714011354,0.8957205401026415,0.06858463098823611,1.0677903490780607,0.11384618775792,0.7034759240165867,0.13928103214633247
391,-0.09344344344344344,3.021680263233362,3.172699791224725,3.124966071891163,2.3434090580048763,2.446762163661645,2.205958863452905,1.7764568250016521,1.8287951701307619,1.9816978494121336,0.8956906033229062,0.06856568457920166,1.0675444734673627,0.11410051331172756,0.7036872444213844,0.13937540006656615
392,-0.09304304304304303,3.0273369455204784,3.178205107409304,3.1300164925678,2.3492060429404966,2.4526820083203673,2.2109636071907808,1.7821498841388674,1.8344126127323903,1.9867158187645877,0.8956598584580284,0.06854948414287013,1.0673105112677632,0.11435858499755411,0.7038835436773097,0.13947280757972594
393,-0.09264264264264263,3.0329976056220254,3.183715081872833,3.135072294668186,2.3549979468526128,2.458601840432342,2.215961319989972,1.787849144062445,1.8400374319085633,1.9917373011015869,0.8956285620747815,0.06853606369965973,1.0670885616296122,0.11462048523597133,0.70406525422429,0.13957347675920995
394,-0.09224224224224223,3.0386623311910506,3.1892297806388674,3.1401335610182484,2.3607849226295854,2.4645217351514277,2.2209518275086975,1.7935541546853744,1.84566930750432,1.996762208578429,0.895596973546585,0.06852545419003263,1.066878708552571,0.11488629449620125,0.7042328313716899,0.13967762562642028
395,-0.09184184184184183,3.0443312071786175,3.1947492668657125,3.1452003727945694,2.3665671340834664,2.4704417703432027,2.225934967372661,1.79926445926004,1.8513079170891653,2.001790443982635,0.8955653546443783,0.06851768341986146,1.0666810209553768,0.11515609113518063,0.704386752354149,0.139785467735648
396,-0.09144144144144142,3.050004315756957,3.2002736008146146,3.150272809546031,2.3723447555439194,2.4763620264699813,2.230910589404654,1.804979595306593,1.8569529365335389,2.0068219008733963,0.895533969129642,0.06851277601238455,1.0664955527697861,0.11542995124208641,0.7045275153649466,0.13989721177674327
397,-0.09104104104104102,3.0556817362474726,3.2058028398235607,3.1553509492156318,2.3781179714370726,2.4822825864745552,2.235878555829767,1.8106990955385622,1.8626040405684525,2.011856463740259,0.8955030823503538,0.06851075336693437,1.0663223430581252,0.11570794848851632,0.7046556385692055,0.14001306119638315
398,-0.09064064064064065,3.0613635450536827,3.211337038286595,3.1604348681623025,2.3838869758504004,2.4882035356628305,2.240838741456291,1.8164224887834597,1.868260903327359,2.016894008180775,0.8954729608406348,0.06851163362462419,1.0661614161537445,0.1159901539845241,0.7047716590993279,0.14013321383868865
399,-0.09024024024024024,3.0670498155991366,3.216876247638547,3.165524641182572,2.389651972084695,2.4941249615854364,2.2457910338324227,1.822149300896233,1.8739231988694787,2.021934401096826,0.8954438719247898,0.06851543164111984,1.0660127818236929,0.11627663614069418,0.7048761320348952,0.14025786160583104
400,-0.08983983983983984,3.0727406182703603,3.2224205163450734,3.1706203415319316,2.3954131721942034,2.500046953918427,2.2507353333789184,1.8278790556634827,1.8795906016838424,2.0269775009092856,0.8954160833264247,0.0685221589666323,1.065876435452921,0.11656746053640979,0.7049696293692795,0.14038719013921272
401,-0.08943943943943944,3.078436020364867,3.2279698898978806,3.1757220409457636,2.4011707965160545,2.5059696043432056,2.255671553497916,1.833611275696496,1.8852627871734775,2.032023157790607,0.8953898627832728,0.06853182383320017,1.065752358249215,0.11686268979445824,0.7050527389651664,0.140521378521685
402,-0.08903903903903904,3.0841360860442646,3.2335244108150207,3.1808298096597056,2.4069250731900276,2.5118930064257503,2.260599620658145,1.8393454833111906,1.8909394321191957,2.0370712139149103,0.8953654776683426,0.06854443114933753,1.0656405174681585,0.11716238346210316,0.7051260635010994,0.14066059900119993
403,-0.08863863863863863,3.0898408762924636,3.239084118646111,3.1859437164293127,2.412676237669782,2.5178172554952853,2.26551947445681,1.8450812013932083,1.8966202151225586,2.0421215037251153,0.8953431946179385,0.06855998250206705,1.0655408666572723,0.11746659789872804,0.7051902194111366,0.14080501673621204
404,-0.08823823823823823,3.0955504488790044,3.2446490499823444,3.1910638285489363,2.4184245322266364,2.5237424485224715,2.2704310676584494,1.8508179542464689,1.9023048170277017,2.0471738542165605,0.8953232791670931,0.0685784761663437,1.065453345918575,0.11777538617014495,0.7052458358196331,0.14095478956302498
405,-0.08783783783783783,3.101264858327501,3.2502192384711446,3.1961902118696712,2.4241702054469725,2.529668683997259,2.2753343662111156,1.8565552684236064,1.9079929213217717,2.052228085236603,0.89530599539289,0.06859990712183178,1.0653778821887052,0.11808879794964604,0.7052935534730931,0.14111006778524146
406,-0.08743743743743743,3.106984155889187,3.2557947148353032,3.2013229308163167,2.4299135117243766,2.535596061806475,2.280229349240252,1.8622926735368097,1.9136842145138113,2.0572840097995635,0.8952916055661351,0.06862426707698943,1.0653143895357804,0.1184068794258609,0.7053340236710103,0.14127099398534196
407,-0.08703703703703702,3.11270838952154,3.2613755068964507,3.206462048403243,2.435654710747568,2.5415246831112848,2.2851160090206775,1.8680297030476902,1.9193783864920164,2.0623414344164175,0.895280369811792,0.06865154450036325,1.0652627694721404,0.11872967321744968,0.7053679071975161,0.1414377028583779
408,-0.08663663663663662,3.11843760387196,3.2669616396026884,3.211607626249084,2.441394066985205,2.547454650224603,2.2899943509270955,1.8737658950349163,1.9250751308593836,2.0674001594385687,0.8952725457785498,0.06868172465897675,1.0652229112821012,0.11905721829468599,0.7053958732555842,0.14161032106765487
409,-0.08623623623623622,3.1241718402664653,3.272553135060208,3.216759724590201,2.447131849168627,2.5533860664885877,2.294864393363607,1.8795007929384235,1.9307741452478075,2.07245997941499,0.8952683883178801,0.06871478966367543,1.065194692363849,0.11938954990792602,0.7054185984055423,0.14178896712222674
410,-0.08583583583583582,3.1299111367033388,3.27815001256874,3.2219184022928493,2.4528683297735707,2.5593190361522957,2.2997261676727043,1.8852339462791594,1.936475131610798,2.0775206834620397,0.8952681491728771,0.0687507185212579,1.0651779785845916,0.11972669952297635,0.7054367655094693,0.14197375127593057
411,-0.08543543543543544,3.1356555278516995,3.2837522886606307,3.227083716863994,2.458603784501907,2.565253664249628,2.304579718024255,1.8909649113533757,1.9421777964950029,2.08258205564519,0.8952720766771641,0.06878948719319206,1.0651726246480777,0.12006869476334049,0.7054510626831024,0.14216477544764275
412,-0.08503503503503504,3.141405045054903,3.2893599771433917,3.232255724460746,2.46433849176442,2.571190056477649,2.3094251012850138,1.8966932519006117,1.9478818512908846,2.0876438753718887,0.8952804154640963,0.06883106866070168,1.0651784744735888,0.12041555935933444,0.7054621822567144,0.1423621331623445
413,-0.08463463463463464,3.147159716338716,3.2949730891455067,3.2374344798983747,2.470072732165622,2.577128319075396,2.314262386869207,1.902418539744596,1.953587012462816,2.092705917794753,0.8952934061864763,0.06887543299598381,1.065195361585507,0.12076731310401886,0.7054708197464422,0.14256590951255013
414,-0.08423423423423423,3.1529195664241723,3.300591633165342,3.242620036656876,2.4758067879915973,2.5830685587032773,2.319091656570774,1.9081403554063976,1.9592930017590524,2.0977679542243046,0.8953112852469485,0.06892254743929149,1.0652231095125626,0.1211239718159112,0.7054776728374039,0.14277618113957669
415,-0.08383383383383383,3.1586846167450315,3.3062156151229507,3.2478124468860803,2.481540942701842,2.5890108823231586,2.323913004377845,1.9138582886892435,1.9649995464020196,2.102829752550375,0.8953342845392226,0.06897237648159704,1.0652615321958638,0.12148554730841706,0.7054834403799336,0.14299301623408384
416,-0.08343343343343343,3.164454885469733,3.311845038414577,3.253011761409307,2.487275480426033,2.594955397079247,2.3287265362700675,1.9195719392345152,1.9707063792594108,2.1078910776713387,0.8953626312002411,0.06902488195254662,1.0653104344048168,0.1218520473659143,0.7054888214001774,0.14321647455526568
417,-0.08303303303303303,3.1702303875277456,3.317479903969695,3.2582180297255414,2.4930106854666656,2.6009022101798687,2.33353236999941,1.9252809170485319,1.9764132389966498,2.11295169193032,0.8953965473733774,0.0690800231133758,1.0653696121600356,0.12222347572640127,0.7054945141262247,0.14344660746803373
418,-0.08263263263263262,3.1760111346401945,3.3231202103103636,3.263431300010165,2.4987468418084293,2.606851428780239,2.3383306348550663,1.9309848429997958,1.982119870211295,2.1180113555574795,0.8954362499827246,0.0691377567544738,1.0654388531623702,0.12259983207063954,0.7055012150308951,0.1436834579974851
419,-0.08223223223223222,3.1817971353546666,3.328765953612714,3.26865161911425,2.504484232635219,2.6128031598663357,2.343121471413119,1.9366833492864812,1.9878260235500287,2.123069827117497,0.895481950518512,0.06919803729723426,1.0655179372271626,0.12298111201768015,0.7055096178922363,0.14392706089992766
420,-0.08183183183183182,3.1875883950840382,3.3344171277703936,3.273879032562446,2.510223139855604,2.618757510139964,2.3479050312716327,1.9423760798740124,1.9935314558088675,2.1281268639613478,0.8955338548336593,0.06926081689986609,1.0656066367228663,0.12336730712667636,0.7055204128727371,0.1441774427496795
421,-0.08143143143143142,3.1933849161492276,3.3400737244597516,3.2791135845494823,2.515963843637579,2.6247145859051173,2.352681476771819,1.9480626909026533,1.9992359300172888,2.1331822226814987,0.8955921629514535,0.06932604556678226,1.065704717013168,0.12375840490487361,0.7055342856181658,0.14443462204087706
422,-0.08103103103103101,3.199186697825707,3.3457357332065962,3.2843553179353377,2.5217066219533817,2.630674492955737,2.3574509807059933,1.9537428510651202,2.0049392155069787,2.1382356595695793,0.8956570688843182,0.06939367126121224,1.0658119369017562,0.12415438882165103,0.705551916376951,0.14469860930345338
423,-0.08063063063063061,3.2049937363936567,3.3514031414543286,3.2896042742391156,2.5274517501351155,2.636637336464957,2.362213726012979,1.9594162419542736,2.010641087965935,2.1432869310756653,0.8957287604636208,0.06946364002066473,1.065928049078912,0.12455523832850329,0.7055739791408818,0.14496940723248541
424,-0.08023023023023021,3.2108060251915975,3.357075934633267,3.2948604936316834,2.5331995004419188,2.642603220875946,2.366969905461676,1.9650825583810378,2.0163413294786707,2.1483357942682524,0.8958074191804382,0.06953589607487078,1.0660528005690841,0.12496092888481555,0.7056011408079218,0.1452470108300566
425,-0.07982982982982983,3.2166235546733555,3.3627540962309834,3.300124014927128,2.5389501416393463,2.6485722497944235,2.3717197213234815,1.970741508662743,2.0220397285532727,2.1533820072940215,0.8958932200371974,0.06961038196582436,1.0661859331786512,0.12537143198932027,0.7056340603678326,0.1455314075588
426,-0.07942942942942943,3.222446312468209,3.3684376078634704,3.3053948755730986,2.5447039385916295,2.654544525882967,2.376463385034286,1.9763928148821501,2.0277360801361,2.15842532983652,0.8959863314100787,0.06968703866955703,1.0663271839430726,0.1257867152170649,0.7056733881112645,0.14582257750627542
427,-0.07902902902902903,3.228274283444048,3.3741264493469547,3.3106731116401047,2.550461151867422,2.66052015075718,2.3812011168467384,1.9820362131174731,2.0334301856148826,2.1634655235728593,0.8960869149220537,0.06976580571927485,1.0664762855726553,0.12620674226177994,0.7057197648629243,0.14612049355933523
428,-0.07862862862862863,3.234107449773396,3.3798205987702006,3.3159587578098435,2.5562220373596136,2.6664992248838364,2.3859331454735027,1.987671453643772,2.03912185281101,2.168502352627567,0.8961951253264345,0.06984662132948495,1.0666329668961834,0.12663147298347152,0.7057738212393656,0.14642512158764706
429,-0.07822822822822822,3.2399457910021128,3.38552003256711,3.3212518473626336,2.5619868459197557,2.672481847481073,2.390659707722224,1.9932983011061287,2.0448108959617914,2.173535584022729,0.8963111104007615,0.06992942252076048,1.0667969533016595,0.12706086346110249,0.7058361769319126,0.1467364206355402
430,-0.07782782782782782,3.245789284120621,3.3912247255894803,3.3265524121640477,2.5677558230076025,2.678468116420729,2.3953810481229127,1.9989165346650766,2.0504971356934587,2.1785649881235694,0.8964350108508926,0.07001414524478089,1.0669679671734638,0.12749486605019825,0.7059074400151745,0.1470543431213591
431,-0.07742742742742742,3.2516379036374876,3.3969346511797345,3.3318604826508267,2.5735292083562245,2.68445812813292,2.4000974185484694,2.004525948114783,2.056180398985687,2.1835903390786457,0.8965669602251005,0.07010072450931237,1.0671457283252193,0.12793342944522287,0.7059882062815539,0.1473788350435363
432,-0.07702702702702702,3.2574916216551717,3.4026497812434826,3.33717608781616,2.579307235653135,2.69045197751293,2.4048090778290616,2.0101263499745357,2.0618605191283987,2.1886114152538316,0.896707084838007,0.07018909450278803,1.067329954427684,0.12837649874656984,0.7060790586021308,0.14770983619258596
433,-0.07662662662662661,3.2633504079477844,3.4083700863217574,3.3424992551944435,2.585090132237803,2.696449757830504,2.4095162913610695,2.015717563554119,2.067537335671589,2.1936279996593036,0.8968555037041622,0.07027918871815755,1.0675203614310462,0.12882401553198713,0.7061805663142283,0.14804728036827536
434,-0.07622622622622621,3.269214230040667,3.414095535662775,3.3478300108455925,2.590878118815903,2.7024515606416224,2.414219330711305,2.0212994269936795,2.0732106943689357,2.1986398803687384,0.8970123284810656,0.07037094007571071,1.067716663980969,0.12927591793228618,0.7062932846359481,0.1483910956012234
435,-0.07582582582582581,3.275083053291625,3.4198260972930874,3.3531683793390266,2.5966714091906096,2.70845747570285,2.4189184732172198,2.0268717932787537,2.0788804471158864,2.2036468509299816,0.8971776634214317,0.07046428104455248,1.067918575827793,0.1297321407111682,0.7064177541079232,0.14874120437822846
436,-0.07542542542542541,3.280956840973634,3.425561738087978,3.3585143837374156,2.602470210011193,2.7144675908883094,2.4236140015837946,2.0324345302310975,2.0845464518829493,2.208648710766442,0.8973516053344844,0.07055914376246135,1.0681258102283309,0.13019261534897442,0.7065545000624686,0.14909752387062694
437,-0.075025025025025,3.286835554358839,3.431302423840987,3.3638680455802943,2.608274720539151,2.7204819921093852,2.428306203477817,2.0379875204760416,2.0902085726448596,2.2136452655685037,0.8975342435560726,0.07065546015384298,1.0683380803396771,0.1306572701302236,0.7067040321203178,0.1494599661650389
438,-0.07462462462462463,3.2927191528036737,3.4370481193324207,3.3692293848676527,2.614085132432047,2.7265007632372034,2.432995371120222,2.043530661387076,2.0958666793062783,2.218636327674279,0.897725659927381,0.07075316204553404,1.06855509960454,0.13112603023473426,0.7068668437150453,0.14982843849586472
439,-0.07422422422422423,3.2986075938349306,3.4427987883967526,3.3745984200435983,2.6199016295452062,2.732523986027977,2.4376818008772,2.0490638650084048,2.101520647624684,2.2236217164390286,0.8979259287820226,0.07085218128020136,1.0687765821275703,0.13159881783216817,0.7070434116452798,0.15020284347894208
440,-0.07382382382382383,3.3045008332365926,3.448554393988773,3.3799751679802035,2.6257243877513674,2.738551740051268,2.4423657928507265,2.054587057956223,2.107170359131036,2.2286012585926285,0.8981351169412873,0.07095244982711782,1.0690022430422323,0.13207555217981687,0.7072341956547638,0.15058307934579296
441,-0.07342342342342342,3.3103988251372605,3.454314898248412,3.385359643961638,2.6315535747783474,2.7445841026212365,2.4470476504691905,2.0601001812994886,2.11281570104882,2.233574788584475,0.8983532837173229,0.07105389989009,1.0692317988677675,0.13255614972346208,0.707439638040265,0.1509690401779299
442,-0.07302302302302302,3.316301522098011,3.460080262564113,3.3907518616686936,2.637389350064747,2.7506211487309407,2.451727680078776,2.065603190420954,2.118456566212028,2.238542148915244,0.8985804809240256,0.07115646401235612,1.0694649678558377,0.1330405242011084,0.707660163287353,0.15136061614071392
443,-0.07262262262262262,3.3222088752005026,3.46585044763467,3.3961518331638003,2.643231864633676,2.756662950989731,2.45640619053624,2.0710960548592636,2.1240928529825895,2.2435031904549696,0.8988167528954103,0.0712600751782579,1.0697014703264567,0.13352858674943144,0.7078961777339743,0.15175769371629638
444,-0.07222222222222222,3.3281208341351713,3.4716254135294475,3.4015595688766425,2.6490812609844325,2.762709579563808,2.4610834928037244,2.0765787581328983,2.129724465167765,2.2484577727469155,0.899062136511245,0.07136466691153831,1.0699410289928564,0.13402024601274815,0.7081480692617699,0.152160155935202
445,-0.07182182182182181,3.3340373472893505,3.477405119746894,3.4069750775904684,2.6549376730020566,2.7687611021199805,2.4657598995462187,2.0820512975467698,2.135351311937963,2.2534057642967458,0.8993166612297226,0.0714701733700906,1.0701833692749503,0.13451540825432567,0.7084162070150309,0.1525678826061375
446,-0.07142142142142141,3.339958361835148,3.4831895252712766,3.4123983664291986,2.6608012258846103,2.7748175837726747,2.4704357247322886,2.087513683982273,2.1409733077454156,2.2583470428465557,0.8995803491269443,0.07157652943705334,1.0704282196010977,0.13501397746984548,0.7087009411471538,0.152980750543655
447,-0.07102102102102101,3.3458838238169295,3.48897858862757,3.4178294408454244,2.6666720360880194,2.78087908703424,2.4751112832386606,2.0929659416715993,2.146590372244113,2.2632814956333154,0.8998532149430045,0.07168367080811569,1.0706753116978878,0.1355158555028411,0.709002602594451,0.1533986337933097
448,-0.0706206206206206,3.351813678238249,3.4947722679344393,3.423268304609393,2.672550211288274,2.7869456717685783,2.479786890459245,2.0984081079571104,2.15220243021138,2.268209019631346,0.9001352661344555,0.071791534074925,1.0709243808677047,0.13602094216192218,0.7093215028771199,0.15382140385399268
449,-0.0702202202202202,3.3577478691480733,3.500570520955255,3.4287149597990703,2.678435850360745,2.7930173951481447,2.484462861919168,2.103840233036581,2.1578094114714075,2.2731295217784604,0.9004265029329386,0.07190005680452609,1.071175166253847,0.13652913533958924,0.7096579339271792,0.15424892989714256
450,-0.0698198198198198,3.36368633972616,3.5063733051470996,3.434169406791368,2.6843290433763345,2.799094311614338,2.489139512894351,2.109262379695113,2.1634112508210768,2.278042919185432,0.9007269184097708,0.07200917761474344,1.071427411093023,0.13704033113246544,0.7100121679431146,0.15468107898256403
451,-0.0694194194194194,3.3696290323674423,3.5121805777077157,3.4396316442546184,2.6902298716141733,2.805176472841307,2.4938171580371806,2.1146746230245004,2.1690078879583115,2.2829491393284997,0.9010364985462854,0.07211883624545053,1.071680862955049,0.13755442396274353,0.7103844572710034,0.15511771627061358
452,-0.06901901901901902,3.3755758887652796,3.5179922956203646,3.4451016691423804,2.6961384075905017,2.8112639277032034,2.498496111008783,2.120077050130856,2.174599267413226,2.287848120224639,0.9013552223097154,0.07222897362567351,1.0719352739696186,0.13807130670066664,0.7107750343118189,0.1555587052305235
453,-0.06861861861861862,3.3815268499934508,3.5238084156965623,3.4505794766886537,2.7020547151033916,2.817356722244889,2.5031766841183956,2.125469759831265,2.180185338482258,2.2927398105893597,0.9016830617344249,0.07233953193651595,1.0721904010400454,0.13859087078784896,0.7111841114546216,0.15600390784467572
454,-0.06821821821821822,3.3874818565867417,3.5296288946166645,3.456065060404564,2.707978849292888,2.823454899656102,2.507859187970317,2.130852862340239,2.185766055165465,2.29762416997683,0.9020199820082931,0.07245045466984956,1.0724460060438825,0.1391130063612473,0.7116118810353038,0.15645318480863904
455,-0.06781781781781782,3.3934408486200316,3.5354536889682904,3.461558412076603,2.7139108567161707,2.829558500249111,2.512543931118901,2.1362264789467487,2.1913413761071245,2.3025011689021575,0.9023659415640569,0.072561686682797,1.0727018560203756,0.13963760237759307,0.7120585153205604,0.15690639572681914
456,-0.06741741741741741,3.3994037657857326,3.541282755282568,3.4670595217664735,2.7198507754372683,2.835667561439838,2.5172312197320252,2.141590741682567,2.1969112645397413,2.3073707889456823,0.9027208921754316,0.0726731742479848,1.0729577233447245,0.14016454673809114,0.7125241665167055,0.15736339930358167
457,-0.06701701701701701,3.4053705474694858,3.547116050068191,3.472568377812601,2.7257986351308605,2.84178211773246,2.52192135726346,2.146945792982684,2.202475688231557,2.312233022839178,0.9030847790578173,0.07278486509958682,1.073213385889134,0.14069372641320138,0.7130089668029553,0.15782405352972514
458,-0.06661661661661661,3.411341132824003,3.5529535298432924,3.4780849668333693,2.731754457199671,2.8479022007074772,2.526614644134534,2.152291785338511,2.2080346194375866,2.3170878745338848,0.9034575409734225,0.07289670847519021,1.073468627170697,0.1412250275673096,0.7135130283887816,0.15828821586420316
459,-0.0662162162162162,3.417315460840951,3.558795151165132,3.4836092737321236,2.737718254904933,2.8540278390132383,2.5313113774254785,2.1576288809445967,2.2135880348542245,2.3219353592503222,0.9038391103406227,0.0730086551535041,1.0737232364861442,0.14175833568308926,0.7140364435949056,0.15875574341099982
460,-0.0658158158158158,3.4232934704207794,3.5646408706576103,3.4891412817039846,2.74369003350939,2.860159058360909,2.5360118505767946,2.162957251339554,2.219135915577387,2.326775503509881,0.9042294133473927,0.07312065748795997,1.073977009033527,0.1422935356853895,0.7145792849575046,0.15922649309109174
461,-0.0654154154154154,3.4292751004404094,3.570490645036625,3.494680972244514,2.7496697904322835,2.86629588152285,2.5407163531009926,2.1682770770418918,2.2246782470641757,2.3316083451481964,0.904628370068639,0.07323266943625929,1.0742297460209451,0.1428305120644271,0.7151416053551649,0.15970032180941998
462,-0.065015015015015,3.435260289818696,3.5763444311332826,3.5002283251602564,2.7556575154157517,2.872438328334403,2.545425170304999,2.173588547181424,2.230215019097982,2.3364339333103574,0.9050358945872773,0.07334464658591917,1.074481254762408,0.14336914899813785,0.7157234381581264,0.16017708661683336
463,-0.0646146146146146,3.441248977579578,3.582202185914997,3.5057833185811944,2.7616531907020554,2.878586415699024,2.550138583023529,2.178891859126907,2.2357462257569516,2.3412523284280335,0.9054518951188928,0.07345654617589156,1.0747313487609964,0.14390933047346371,0.7163247973993144,0.160656644866951
464,-0.0642142142142142,3.447241102912858,3.588063866504494,3.5113459289751257,2.7676567912210426,2.8847401575967497,2.5548568673636862,2.184187218110569,2.2412718653856905,2.3460636021786128,0.905876274139836,0.07356832711432124,1.0749798477794557,0.1444509404064214,0.7169456779666711,0.1611388543679134
465,-0.06381381381381382,3.453236605232533,3.5939294301967646,3.516916131163984,2.7736682847872314,2.8908995650959493,2.5595802944610266,2.189474836850128,2.2467919405700796,2.3508678374265,0.9063089285185976,0.07367994999253552,1.075226577898419,0.14499386276075998,0.7175860558162656,0.1616235735290038
466,-0.06341341341341342,3.4592354242326278,3.599798834473994,3.522493898342113,2.77968763230591,2.897064646368322,2.564309130247311,2.194754935168943,2.2523064581150374,2.355665128146736,0.9067497496503217,0.07379137709533744,1.0754713715624458,0.14553798166503426,0.7182458882056546,0.1621106615021154
467,-0.06301301301301301,3.4652374999404585,3.605672037018515,3.5280792020964906,2.7857147879876085,2.9032354067070734,2.5690436352301314,2.200027739614859,2.2578154290250487,2.3604555793311266,0.9071986235943127,0.07390257240770527,1.0757140676140986,0.14608318152792296,0.7189251139469423,0.16259997831805553
468,-0.06261261261261261,3.471242772767307,3.6115489957238234,3.5336720124289074,2.791749699570343,2.9094118485482463,2.5737840642845886,2.2052934830783504,2.263318868487264,2.36523930687711,0.9076554312143974,0.07401350161799297,1.0759545113162876,0.14662934715161208,0.7196236536790019,0.1630913850176904
469,-0.06221221221221221,3.4772511835564344,3.617429668703709,3.539272297780088,2.7977923085489613,2.9155939714951167,2.5785306664571626,2.2105524044105005,2.2688167958569543,2.3700164374596078,0.908120048322003,0.07412413211773128,1.0761925543631345,0.14717636384309316,0.7203414101582674,0.1635847437779178
470,-0.061811811811811807,3.4832626736284196,3.623314014299549,3.54488002505574,2.8038425504109923,2.9217817723456148,2.58328368478189,2.2158047480413736,2.274309234645085,2.374787108386138,0.9085923458218222,0.07423443299813219,1.0764280548796243,0.14772411752319767,0.7210782685675308,0.16407991803249058
471,-0.061411411411411404,3.4892771848237834,3.629201991085822,3.5504951596545142,2.8099003548783275,2.9279752451226915,2.5880433561089644,2.2210507635992935,2.27979621250776,2.379551467435485,0.9090721898599298,0.07434437504341698,1.0766608774103223,0.14827249483322225,0.7218340968421508,0.16457677258768444
472,-0.061011011011011,3.495294659542879,3.6350935578738968,3.556117665497846,2.815965646154124,2.9341743811075656,2.592809910945808,2.2262907055315413,2.2852777612372797,2.3843096726802644,0.9095594419742262,0.07445393072106193,1.0768908928974548,0.1488213832389905,0.7226087460130657,0.16507517373283687
473,-0.0606106106106106,3.5013150407830267,3.640988673714155,3.5617475050616516,2.8220383431742757,2.94037916887577,2.5975835733106853,2.231524832726955,2.290753916754534,2.38906189229373,0.9100539592470763,0.0745630741690969,1.0771179786486618,0.14937067113219754,0.7234020505659952,0.16557498934576712
474,-0.0602102102102102,3.5073382721728876,3.646887297896514,3.567384639409841,2.82811835986284,2.946589594335927,2.6023645605988732,2.2367534081409026,2.2962247191024487,2.3938083043412015,0.9105555944600241,0.07467178118055696,1.0773420182947406,0.1499202479289029,0.7242138288162235,0.1660760889931015
475,-0.059809809809809794,3.513364298004063,3.6527893899494135,3.5730290282296036,2.83420560539078,2.9528056407711594,2.6071530834613905,2.241976698423089,2.301690212440189,2.398549096556514,0.9110641962504556,0.07478002918521512,1.0775629017377135,0.1504700041650415,0.7250438832983126,0.16657834402552266
476,-0.05940940940940939,3.519393063259928,3.658694909637326,3.5786806298684244,2.840299984437408,2.9590272888830618,2.611949345696268,2.2471949735486105,2.307150445037822,2.403284466103918,0.911579609270091,0.07488779722871745,1.0777805250895662,0.15101983158881022,0.7258920011701129,0.1670816276679786
477,-0.05900900900900899,3.525424513641694,3.664603816956869,3.5843394013727776,2.846401397453929,2.9652545168381286,2.6167535441523158,2.252408506452699,2.3126054692711304,2.4080146193258716,0.9121016743451809,0.07499506594923676,1.077994790601999,0.15156962324982087,0.7267579546304274,0.1675858151048627
478,-0.05860860860860859,3.5314585955917246,3.6705160721315857,3.5900052985284354,2.8525097409284648,2.9714873003165616,2.6215658686453183,2.2576175726695284,2.318055341616258,2.4127397714772023,0.9126302286382958,0.07510181755177085,1.0782056065875683,0.15211927358489602,0.7276415013496614,0.16809078356021268
479,-0.05820820820820821,3.537495256314105,3.6764316356054576,3.5956782759023396,2.858624907651989,2.977725612563348,2.6263865018865693,2.262822449975487,2.323500122643884,2.4174601464461185,0.9131651058115757,0.07520803578021534,1.0784128873325618,0.15266867850041435,0.7285423849128017,0.16859641237295112
480,-0.05780780780780781,3.5435344437925034,3.6823504680352364,3.6013582868859673,2.864746786984572,2.9839694244415145,2.631215619423642,2.2680234180372554,2.328939877012595,2.4221759764625954,0.9137061361913356,0.07531370588731749,1.0786165530020175,0.15321773545108286,0.7294603352740476,0.16910258306720177
481,-0.05740740740740741,3.5495761068053375,3.6882725302816555,3.6070452837401104,2.870875265121391,2.990218704487455,2.636053389593252,2.2732207580650545,2.334374673461147,2.426887501794651,0.9142531469338943,0.0754188146026591,1.0788165295372287,0.15376634351506893,0.7303950692224236,0.1696091794177238
482,-0.057007007007007005,3.555620194938284,3.6941977833996007,3.612739217641015,2.877010225357933,2.996473418968229,2.6408999734860727,2.2784147524713743,2.33980458479929,2.4315949704330766,0.9148059621925209,0.07552335009876636,1.0790127485461534,0.15431440346539052,0.7313462908576825,0.17011608751049898
483,-0.0566066066066066,3.561666658594168,3.7001261886273147,3.6184400387277815,2.8831515483538728,3.002733531940719,2.6457555249233247,2.283605684535506,2.345229687896855,2.436298637765177,0.9153644032853668,0.07562730195549441,1.079205147187098,0.15486181783750175,0.7323136920758171,0.1706231957985143
484,-0.0562062062062062,3.56771544900027,3.706057707374714,3.62414769615096,2.889299112395082,3.008999005312545,2.65062019044495,2.2887938380741613,2.350650063670772,2.4409987662381125,0.9159282888642762,0.07573066112278963,1.0793936680460838,0.1554084909929927,0.7332969530634841,0.1711303951527809
485,-0.0558058058058058,3.5737665182130995,3.7119923012108824,3.6298621381222422,2.8954527936532872,3.015269798904614,2.6554941093091604,2.293979497118454,2.3560657970697316,2.4456956250124433,0.9164974350843424,0.07583341988196207,1.0795782590082763,0.15595432917935972,0.7342957428006439,0.17163757890864167
486,-0.055405405405405395,3.579819819120682,3.717929931850828,3.6355833119651724,2.9016124664428697,3.0215458705152045,2.6603774135031335,2.2991629455975104,2.361476977056175,2.4503894896064864,0.9170716557741003,0.07593557180558487,1.0797588731238876,0.15649924058579334,0.7353097195707173,0.17214464290740591
487,-0.05500500500500499,3.5858753054424164,3.7238705611415766,3.6413111641667797,2.9077780034743506,3.0278271759854634,2.6652702277646116,2.3043444670289395,2.3668836965853317,2.4550806415321254,0.9176507626062254,0.07603711171614082,1.0799354684689486,0.15704313539492856,0.7363385314775541,0.17265148553337095
488,-0.05460460460460459,3.591932931726558,3.729814151047667,3.647045640430038,2.9139492761041033,3.0341136692661967,2.6701726696141415,2.3095243442163955,2.3722860525810057,2.4597693679227035,0.9182345652686192,0.07613803564353291,1.0801080080013368,0.15758592583055292,0.7373818169685112,0.17315800774627788
489,-0.05420420420420419,3.5979926533453925,3.7357606636361362,3.6527866857270603,2.9201261545798634,3.0404053024858495,2.6750848493976767,2.314702858954437,2.3776841459078524,2.4644559611536745,0.9188228716357587,0.07623834078157668,1.080276459412478,0.1581275262012173,0.7384392053629292,0.17366411310926227
490,-0.053803803803803785,3.6040544264881595,3.7417100610610525,3.6585342443529236,2.9263085082816294,3.0467020260195397,2.680006870339253,2.3198802917408785,2.3830780813398675,2.4691407184566576,0.9194154879401771,0.07633802544358449,1.0804407949750967,0.1586678529397669,0.7395103173853043,0.17416970781235497
491,-0.05340340340340338,3.610118208151804,3.7476623055476863,3.664288259980026,2.9324962059575514,3.0530037885590464,2.684938828603432,2.3250569214968113,2.3884679675248446,2.473823941527592,0.9200122189439599,0.07643708901716002,1.0806009913874213,0.15920682463876248,0.7405947657024433,0.17467470069159877
492,-0.05300300300300301,3.61618395612962,3.753617359376373,3.6700486757128776,2.938689115954451,3.059310537183614,2.6898808133671905,2.330233025294452,2.393853916944553,2.478505936129666,0.9206128681101197,0.07653553191830677,1.080757029614232,0.15974436208180792,0.7416921554638988,0.17517900324384336
493,-0.052602602602602605,3.622251628997862,3.7595751848661476,3.6758154341432103,2.944887106442615,3.065622217431473,2.6948329069009294,2.335408878092973,2.3992360458704267,2.4831870116917236,0.9212172377737191,0.0766333555449605,1.0809088947251297,0.1602803882707968,0.7428020848449717,0.17568252963729186
494,-0.0522022022022022,3.6283211861004094,3.7655357443582202,3.681588477405313,2.9510900456345324,3.071938773371937,2.699795184658254,2.3405847524824335,2.404614474314528,2.487867480902841,0.9218251293126193,0.07673056223005681,1.0810565757304234,0.16081482844909267,0.7439241455915829,0.17618519671786406
495,-0.0518018018018018,3.634392587531551,3.7714990001993534,3.6873677472314794,2.9572978019972753,3.078260147677977,2.7047677153741807,2.3457609184359454,2.409989325975616,2.4925476593037894,0.9224363433177094,0.07682715519422514,1.0812000654149947,0.16134761012067578,0.7450579235663066,0.1766869240114624
496,-0.0514014014014014,3.640465794116988,3.7774649147252135,3.6931531850074655,2.963510244458236,3.084586281699135,2.7097505611714032,2.350937643070162,2.415360728180122,2.4972278648760864,0.9230506797624946,0.07692313849821793,1.081339360170528,0.16187866306529758,0.7462029992948673,0.17718763372220686
497,-0.051001001001000995,3.6465407673931254,3.7834334502437557,3.6989447318278437,2.9697272426039545,3.09091711553468,2.7147437776742485,2.356115190414187,2.4207288118178774,2.5019084176293602,0.9236679381718926,0.07701851699517422,1.0814744598264507,0.16240791934968368,0.7473589485124111,0.17768725072673713
498,-0.05060060060060059,3.6526174695847504,3.7894045690187057,3.704742328551157,2.975948666871793,3.097252588106866,2.719747414129948,2.361293821186978,2.4260937112724483,2.506589639187731,0.924287917790117,0.07711329628280406,1.0816053674799664,0.16293531333483854,0.7485253427088452,0.17818570256465335
499,-0.05020020020020019,3.65869586358118,3.795378233253202,3.710545915854754,2.9821743887342507,3.1035926372341924,2.724761513536836,2.366473792583303,2.4314555643459466,2.5112718523759394,0.9249104177474952,0.07720748265559209,1.0817320893255065,0.16346078167952016,0.7497017496725812,0.17868291942519832
500,-0.04979979979979979,3.66477591291097,3.801354405073646,3.71635543428921,2.9884042808756974,3.1099371997045497,2.7297861127790872,2.3716553580683066,2.4368145121782114,2.5159553808059223,0.9255352372260873,0.07730108305710978,1.0818546344839586,0.16398426333994642,0.7508877340319862,0.17917883413027075
501,-0.049399399399399385,3.670857581715274,3.80733304651383,3.7221708243322182,2.9946382173613775,3.116286211348124,2.7348212427675986,2.376838767180718,2.4421706991602745,2.520640548464568,0.9261621756239636,0.07739410503251756,1.081973014832001,0.16450569956580943,0.7520828577938723,0.17967338211386294
502,-0.04899899899899898,3.676940834719953,3.8133141194993847,3.7279920264418545,3.0008760737984996,3.122639607109968,2.7398669285866193,2.382024265344721,2.447524272842032,2.5253276793033455,0.9267910327179987,0.07748655668134716,1.0820872448318646,0.16502503389268966,0.7532866808783714,0.180166501398036
503,-0.04859859859859858,3.683025637206521,3.819297585832602,3.7338189811091076,3.0071177274893044,3.1289973211221116,2.7449231896457253,2.3872120936905157,2.452875383834081,2.53001709683052,0.9274216088250361,0.07757844661063301,1.0821973413618429,0.16554221213094134,0.7544987616495223,0.18065813256552496
504,-0.04819819819819818,3.6891119549820224,3.8252834071776873,3.739651628909575,3.0133630575759756,3.1353592867751123,2.7499900398367347,2.3924024888835533,2.4582241857036857,2.5347091237066586,0.9280537049612815,0.07766978388848463,1.0823033235478547,0.166057182351166,0.7557186574409334,0.18114821872909684
505,-0.047797797797797775,3.695199754347941,3.8312715450464703,3.745489910554221,3.019611945177315,3.141725436788938,2.755067487695167,2.397595682962449,2.4635708348648664,2.5394040813441063,0.9286871229997795,0.07776057799815951,1.0824052125963508,0.16656989486635707,0.7569459250758825,0.18163670549776048
506,-0.0473973973973974,3.7012890020682305,3.83726196078464,3.7513337669391045,3.025864273517101,3.1480957032830785,2.7601555365658323,2.402791903185547,2.468915490462622,2.5441022895111267,0.9293216658258278,0.07785083879271688,1.0825030316288573,0.16708030221082698,0.7581801213812258,0.1821235409399568
507,-0.046996996996997,3.7073796653365663,3.843254615558531,3.7571831391939736,3.032119928044083,3.154470017845784,2.7652541847721586,2.4079913718861103,2.474258314251315,2.548804065941375,0.9299571374901845,0.07794057645031334,1.0825968055184239,0.16758835911603903,0.7594208036945005,0.18260867554384227
508,-0.046596596596596596,3.7134717117429066,3.8492494703424995,3.7630379687296363,3.0383787965435713,3.1608483116023307,2.770363425788845,2.413194306336094,2.479599470467275,2.553509725949361,0.9305933433599193,0.0780298014302099,1.0826865607282419,0.1680940224834414,0.7606675303636203,0.18309206217478968
509,-0.04619619619619619,3.71956510923947,3.8552464859069295,3.7688981972840185,3.0446407692406128,3.1672305152822253,2.775483248417454,2.418400918618451,2.4849391256956883,2.5582195820525593,0.9312300902667704,0.0781185244295468,1.082772325152687,0.16859725135443823,0.7619198612385769,0.1835736560302336
510,-0.04579579579579579,3.7256598261062104,3.8612456228069023,3.774763766966816,3.0509057388947554,3.173616559285245,2.7806136369645316,2.423611415507916,2.490277448731875,2.5629339436007905,0.9318671866528531,0.07820675634094541,1.082854127961025,0.16909800687761342,0.7631773581545618,0.18405341459199265
511,-0.04539539539539539,3.7317558309158945,3.8672468413715553,3.780634620302659,3.0571736008864203,3.180006373746233,2.785754571421886,2.4288259983601947,2.4956146104370553,2.5676531164134984,0.9325044427135842,0.07829450821099622,1.0829319994440063,0.16959625227334343,0.7644395854059647,0.18453129757618988
512,-0.044994994994994986,3.737853092498867,3.8732501016941594,3.786510700272706,3.0634442532949206,3.186399888598559,2.790906027648614,2.434044863009492,2.5009507835887477,2.5723774024255195,0.9331416705376739,0.07838179119967463,1.0830059708635733,0.1700919527959192,0.7657061102106826,0.1850072668809219
513,-0.04459459459459458,3.7439515799076037,3.879255363622944,3.7923919503545833,3.0697175969681867,3.1927970336361637,2.796067977554514,2.4392681996742813,2.5062861427259464,2.5771070993419305,0.9337786842440468,0.07846861654073989,1.0830760743058805,0.17058507569331507,0.7669765031642314,0.1854812865317979
514,-0.04419419419419418,3.750051262381134,3.885262586752679,3.798278314560607,3.0759935355842623,3.199197738574109,2.8012403892845006,2.44449619287124,2.5116208639892537,2.5818425003025363,0.9344153001155461,0.0785549955031648,1.0831423425378168,0.17107559016474633,0.76825033868313,0.18595332262549705
515,-0.04379379379379378,3.7561521093094314,3.89127173041705,3.8041697374742043,3.0822719757046655,3.2056019331075527,2.806423227403653,2.4497290213372396,2.5169551249561555,2.58658389355654,0.9350513367292916,0.07864093935362773,1.0832048088672246,0.17156346731614258,0.76952719543707,0.18642334327148322
516,-0.043393393393393376,3.7622540901978545,3.897282753681831,3.8100661642844647,3.088552826819715,3.212009546969089,2.8116164530825443,2.4549668579592954,2.52228910447165,2.5913315621479156,0.9356866150835454,0.07872645932011509,1.0832635070069632,0.17204868011367774,0.7708066567693969,0.18689131853201876
517,-0.04299299299299297,3.768357174631727,3.90329561533887,3.8159675408187743,3.0948360013859344,3.2184205099843712,2.8168200242824932,2.460209869712357,2.527622982474458,2.5960857836119833,0.936320958720959,0.0788115665566674,1.0833184709429904,0.17253120333550834,0.7720883111054408,0.18735722036061916
518,-0.04259259259259257,3.774461332241144,3.9093102739009007,3.8218738135734553,3.1011214148556743,3.224834752125965,2.822033895940394,2.4654582176048274,2.532956939819059,2.6008468296836553,0.9369541938480666,0.07889627210929882,1.083369734806598,0.17301101352184092,0.7733717523482572,0.187821022539099
519,-0.042192192192192196,3.780566532666081,3.915326687597189,3.827784929742361,3.1074089856990836,3.231252203565369,2.827258020152798,2.470712056631682,2.5382911580938132,2.6056149660178067,0.9375861494508987,0.07898058688312098,1.0834173327509296,0.17348808892348833,0.7746565802613701,0.18828270061334845
520,-0.041791791791791794,3.7866727455218965,3.921344814370017,3.833700837243386,3.113698635418601,3.2376727947231414,2.832492346358915,2.4759715357350687,2.5436258194354506,2.6103904519221905,0.9382166574065895,0.07906452161070317,1.083461298831912,0.17396240944903812,0.7759424008381026,0.188742231827993
521,-0.04139139139139139,3.7927799403652918,3.927364611872011,3.8396214847428207,3.119990288556116,3.244096456317093,2.8377368215222214,2.48123679777224,2.5489611063402107,2.6151735401032896,0.9388455525908601,0.07914808682168459,1.0835016668936879,0.1744339566107957,0.7772288266571422,0.1891995950600787
522,-0.04099099099099099,3.798888086660823,3.9333860374643073,3.84554682167754,3.126283872692999,3.2505231194084843,2.8429913903103774,2.4865079794906966,2.554297201471951,2.6199644764254737,0.9394726729812577,0.07923129281366387,1.0835384704586668,0.17490271346961447,0.7785154772239694,0.18965477075192771
523,-0.040590590590590586,3.8049971537480207,3.939409048215561,3.851476798274962,3.132579318443177,3.2569527154461992,2.848255995273151,2.4917852115103867,2.5596342874675417,2.6247634996838047,0.9400978597560397,0.07931414962438578,1.083571742622257,0.17536866457877898,0.7798019792978251,0.19010774084331875
524,-0.040190190190190184,3.811107110809205,3.9454336009017923,3.8574113655707563,3.1388765594394537,3.263385176308844,2.8535305770180774,2.4970686183128215,2.56497254673987,2.6295708413907906,0.940720957388595,0.07939666700523704,1.0836015159523653,0.17583179592705422,0.7810879672039136,0.19055848870312503
525,-0.03978978978978978,3.817217926838049,3.951459652007056,3.863350475424272,3.145175532313291,3.2698204343447443,2.858815074383575,2.502358318236953,2.570312161278814,2.6343867255773725,0.9413418137373,0.07947885439606527,1.0836278223937115,0.1762920948810571,0.7823730831305469,0.1910069990605679
526,-0.03938938938938938,3.823329570608967,3.9574871577249344,3.8692940805316667,3.151476176668263,3.276258422409807,2.864109424609269,2.507654423481663,2.5756533124505356,2.639211368608389,0.9419602801307101,0.0795607209013334,1.0836506931770165,0.17674955012706742,0.7836569774109815,0.19145325793621537
527,-0.038988988988988976,3.829442010647389,3.963516073960833,3.875242134436706,3.1577784350474074,3.2826990739032205,2.869413563503265,2.512957040114709,2.580996180795455,2.644044979012741,0.9425762114479945,0.07964227526761238,1.0836701587330932,0.17720415161242223,0.784939308789698,0.191897252572878
528,-0.038588588588588574,3.835555215200977,3.969546356335073,3.881194591539235,3.164082252894709,3.2891423228009757,2.874727425606155,2.5182662680879577,2.586340945825285,2.648887757328429,0.9431894661945305,0.07972352586242712,1.0836862486118677,0.17765589048660993,0.7862197446729278,0.19233897136653566
529,-0.03818818818818817,3.841669152211841,3.975577960186761,3.8871514071013036,3.1703875785109474,3.295588103687187,2.880050944351519,2.5235822012587605,2.5916877858195146,2.653739895962633,0.9437999065725728,0.07980448065444352,1.0836989914063464,0.17810475904220294,0.7874979613632238,0.1927784037974306
530,-0.03778778778778777,3.8477837892898155,3.9816108405784156,3.893112537250943,3.1766943630041657,3.3020363517831988,2.885384052222725,2.5289049274172903,2.597036877621715,2.6586015790669397,0.944407398546929,0.07988514719501287,1.0837084146815343,0.17855075065574394,0.7887736442779271,0.19321554036147004
531,-0.037387387387387366,3.853899093686833,3.987644952301335,3.899077938983601,3.183002560234992,3.308487002974476,2.890726680905824,2.5342345283196868,2.602388396436083,2.6634729824278183,0.9450118119055665,0.07996553260106165,1.0837145449082968,0.178993859728703,0.7900464881513827,0.19365037250205624
532,-0.036986986986986964,3.860015032272459,3.9936802498816824,3.905047570161231,3.189312126757081,3.314939993835267,2.8960787614383663,2.5395710797268327,2.607742515624604,2.6683542733723917,0.9456130203150981,0.08004564353932368,1.0837174074021456,0.17943408162863503,0.7913161972208036,0.19408289254248692
533,-0.03658658658658659,3.8661315715106146,3.9997166875872634,3.9110213895090564,3.1956230217529304,3.3213952616510376,2.9014402243539577,2.544914651448604,2.61309940650525,2.67324561068953,0.9462109013710862,0.08012548621191506,1.0837170262669313,0.17987141263063056,0.7925824853956891,0.19451309361903638
534,-0.03618618618618619,3.872248677437545,4.005754219434975,3.916999356610023,3.20193520696533,3.3278527444386934,2.9068109998224068,2.550265307393408,2.6184592381516136,2.6781471445662612,0.9468053366431218,0.08020506634323821,1.0837134243434006,0.18030584985919174,0.7938450764107422,0.1949409696148551
535,-0.035785785785785784,3.8783663156410535,4.011792799198891,3.922981431896952,3.208248646624702,3.334312380964578,2.9121910177853176,2.5556231056228547,2.62382217719438,2.683059016539448,0.9473962117146396,0.08028438916819965,1.083706623162575,0.1807373912306148,0.7951037039622544,0.19536651509478578
536,-0.03538538538538538,3.8844844512410512,4.017832380418969,3.92896757664243,3.214563307372617,3.340774110760276,2.917580208086991,2.560988098411376,2.629188387625055,2.687981359462671,0.9479834162174349,0.08036345942174654,1.083696642903901,0.18116603539600384,0.7963581118279444,0.1957897252412278
537,-0.03498498498498498,3.8906030488714416,4.023872916410332,3.9349577529464597,3.2208791581817287,3.3472378741362308,2.922978500600521,2.5663603323106297,2.6345580306023413,2.6929142974882008,0.9485668438608611,0.08044228132968785,1.0836835023581088,0.18159178168499093,0.797608053970273,0.196210595791143
538,-0.03458458458458458,3.8967220726633687,4.02991436027311,3.940951923721905,3.227196170272409,3.353703612193195,2.9283858253489807,2.5717398482185114,2.6399312642615778,2.697857946063934,0.9491463924556892,0.08052085860079786,1.0836672188947039,0.18201463005027302,0.7988532946232773,0.19662912297431742
539,-0.034184184184184174,3.902841486229861,4.035956664902793,3.9469500526777708,3.233514317026353,3.360171266831539,2.933802112621596,2.577126681452602,2.6453082435276296,2.702812411945118,0.9497219639326246,0.08059919442017696,1.0836478084340293,0.18243458101304072,0.8000936083629893,0.19704530345297078
540,-0.03378378378378377,3.9089612526518738,4.0419997830010805,3.9529521043003593,3.239833573897411,3.3666407807584466,2.939227293084833,2.582520861827877,2.6506891199316356,2.7077777932206746,0.9502934643554722,0.08067729144386099,1.0836252854237955,0.18285163560939557,0.8013287801615356,0.19745913426281245
541,-0.03338338338338337,3.915081334465771,4.048043667087179,3.958958043832352,3.2461539183199246,3.3731120974930278,2.944661297888324,2.587922413738507,2.656074041431991,2.7127541793538934,0.9508608039289752,0.08075515179464161,1.0835996628200062,0.1832657953378209,0.8025586054250379,0.19787061275563075
542,-0.03298298298298297,3.92120169365223,4.054088269509515,3.9649678372498656,3.252475329614825,3.3795851613693793,2.9501040587655827,2.593331356243576,2.661463152239956,2.717741651237243,0.9514238970013189,0.08083277705909155,1.0835709520721615,0.18367706210779294,0.8037828900154514,0.19827973654349515
543,-0.032582582582582564,3.927322291626609,4.060133542457831,3.9709814512375385,3.2587977888937663,3.386059917537639,2.9555555081294473,2.598747703156544,2.666856592650258,2.7227402812610153,0.9519826620613491,0.08091016828576211,1.0835391631126527,0.18408543818959966,0.8050014502565207,0.1986865034446579
544,-0.03218218218218216,3.9334430892307597,4.066179437975628,3.9769988531617075,3.2651212789615407,3.392536311963066,2.961015579162235,2.604171463138286,2.672254498877054,2.7277501333954954,0.9525370217305169,0.08098732598453127,1.0835043043502284,0.18449092616542984,0.8062141129240283,0.19909091143121774
545,-0.03178178178178176,3.9395640467263027,4.072225907972914,3.983020011041737,3.2714457842170517,3.3990142914231964,2.9664842059005694,2.6096026397935335,2.677657002895608,2.7327712632863257,0.9530869027496064,0.0810642501270724,1.0834663826674187,0.18489352888179422,0.8074207152205678,0.1994929585786167
546,-0.031381381381381385,3.945685123789357,4.078272904239219,3.989044893519566,3.277771290553085,3.4054938035031252,2.9719613233148765,2.6150412317705496,2.6830642322900267,2.737803718362697,0.9536322359602805,0.08114094014842087,1.0834254034217976,0.18529324940334405,0.8086211047350648,0.199892643017034
547,-0.030980980980980982,3.951806279506729,4.084320378456849,3.995073469827547,3.2840977852551405,3.411974796588954,2.977446867383545,2.6204872328638724,2.6884763101073825,2.742847537957994,0.954172956281515,0.0812173949496049,1.083381370450964,0.1856900909681248,0.8098151393873142,0.20028996288472298
548,-0.03058058058058058,3.957927472373539,4.0903682822143255,4.001105709754641,3.290425256899561,3.4184572198594676,2.982940775161757,2.6259406321199514,2.693893354718539,2.747902753442476,0.954709002680975,0.08129361290131311,1.0833342860811002,0.18608405694432567,0.8110026873578183,0.20068491628334692
549,-0.030180180180180177,3.964048660292296,4.096416567019985,4.007141583611056,3.296753695251215,3.424941023276089,2.988442984845012,2.63140141394552,2.699315479685989,2.752969388367581,0.9552403181414145,0.08136959184856728,1.0832841511389875,0.18647515078856247,0.8121836270032159,0.20107750123535761
550,-0.029779779779779775,3.9701698005733856,4.102465184315697,4.0131810621914,3.3030830911609548,3.431426157571178,2.993953435827366,2.636869558218528,2.7047427936389874,2.758047458621393,0.955766849622174,0.08144532911637095,1.0832309649673382,0.1868633760057319,0.8133578467576438,0.2014677156434472
551,-0.029379379379379372,3.9762908499369765,4.108514085490649,4.019224116736434,3.3094134364630987,3.437912574234725,2.9994720687544323,2.642345040401485,2.7101754001562504,2.763136972594813,0.9562885480158726,0.08152082151629222,1.0831747254432984,0.18724873611047607,0.8145252450203596,0.20185555725211263
552,-0.02897897897897897,3.982411764516305,4.114563221895184,4.025270718893508,3.3157447238731503,3.4444002254995083,3.0049988255711777,2.6478278316570316,2.7156133976564814,2.7682379313579486,0.9568053681003842,0.08159606535395537,1.083115428999995,0.1876312345902811,0.8156857300299973,0.2022410236113522
553,-0.028578578578578567,3.988532499862336,4.1206125448546365,4.031320840675769,3.3220769468859874,3.4508890643247803,3.0105336495645822,2.653317898965599,2.721056879296954,2.773350328846222,0.9573172684862042,0.0816710564374094,1.0830530706509613,0.18801087487024618,0.8168392197258377,0.20262411204251715
554,-0.028178178178178165,3.994653010949758,4.12666200568312,4.037374454420228,3.3284100996747226,3.457379044378546,3.0160764854012116,2.658815205244981,2.72650593288038,2.7784741520556837,0.957824211559319,0.08174579008632506,1.08298764401732,0.18838766027953252,0.8179856415964815,0.2030048196063363
555,-0.027777777777777762,4.0007732521843,4.132711555697264,4.043431532744775,3.334744176990458,3.463870120018504,3.021627279159791,2.6643197094716715,2.731960640770256,2.783609381246999,0.9583261634196986,0.08182026114199374,1.082919141357553,0.18876159401951975,0.8191249325163577,0.20338314307311092
556,-0.02737737737737736,4.0068931774113254,4.1387611462298155,4.049492048504248,3.3410791740631227,3.470362246271722,3.027185978358838,2.6698313668038,2.737421079814872,2.788755990157575,0.958823093815532,0.08189446397809577,1.0828475535997244,0.18913267913368167,0.8202570385704863,0.2037590788951025
557,-0.026976976976976957,4.013012739925688,4.1448107286431135,4.055555974745624,3.3474150865035917,3.476855378813112,3.032752531979462,2.6753501287055252,2.7428873212801457,2.793913946221272,0.9593149760733425,0.0819683925121896,1.0827728703760018,0.18950091847918799,0.8213819148679458,0.2041326231810887
558,-0.026576576576576555,4.019131892482791,4.150860254342371,4.061623284662467,3.3537519102072757,3.483349473942789,3.0383268904834044,2.6808759430727194,2.7483594307914183,2.799083210795138,0.9598017870241223,0.0820420402178916,1.0826950800593265,0.1898663147002427,0.8224995253445108,0.20450377167310477
559,-0.026176176176176152,4.0252505873108415,4.156909674788741,4.067693951548687,3.3600896412593557,3.4898444885623743,3.0439090058264284,2.6864087543598005,2.7538374682843387,2.804263739392613,0.9602835069256247,0.08211540013771051,1.0826141698020808,0.19022887020316198,0.8236098425549251,0.20487251972534015
560,-0.025775775775775778,4.031368776124234,4.162958941512134,4.073767948751742,3.366428275841834,3.4963403801503268,3.049498831467165,2.691948503707563,2.759321487964924,2.8094554819226074,0.9607601193809725,0.08218846489649147,1.082530125576605,0.19058858713318613,0.8247128474553086,0.2052388622851832
561,-0.025375375375375375,4.037486410138038,4.169008006123751,4.07984524962537,3.372767810142571,3.5028371067363784,3.0550963223715177,2.6974951290718545,2.7648115382788894,2.8146583829339016,0.9612316112537349,0.08226122671543919,1.0824429322174187,0.19094546735302953,0.8258085291761835,0.20560279387639524
562,-0.024974974974974973,4.043603440083537,4.175056820328298,4.085925827481942,3.379108240266451,3.5093346268751424,3.0607014350127484,2.7030485653529586,2.770307661890283,2.8198723818642626,0.9616979725796369,0.082333677426673,1.082352573464983,0.19129951242315604,0.826896884786641,0.20596430858438247
563,-0.02457457457457457,4.049719816224783,4.181105335935856,4.092009655544558,3.3854495621488394,3.5158328996189794,3.066314127367364,2.7086087445255376,2.7758098956694783,2.825097413293717,0.9621591964750612,0.08240580848828806,1.082259032010879,0.19165072358376775,0.827977919050154,0.206323400043542
564,-0.024174174174174168,4.05583548837611,4.187153504873369,4.0980967068989615,3.3917917714714503,3.5223318844901934,3.071934358906929,2.714175595768991,2.781318270690523,2.8303334072013784,0.9626152790425287,0.08247761099986624,1.0821622895442347,0.19199910173850243,0.829051644172573,0.20668006142664866
565,-0.023773773773773765,4.061950405920558,4.193201279195737,4.104186954445392,3.3981348635807747,3.5288315414526408,3.07756209058593,2.7197490455980975,2.786832812237842,2.8355802892252573,0.9630662192733157,0.082549075718421,1.0820623267992697,0.19234464743981566,0.8301180795428309,0.20703428543624672
566,-0.023373373373373363,4.068064517829171,4.1992486110964595,4.110280370850467,3.4044788334091733,3.53533183088282,3.0831972848258355,2.725329017993795,2.792353539822254,2.8408379809244733,0.9635120189474027,0.08262019307471306,1.081959123603814,0.19268736087603072,0.8311772514669005,0.20738606429800477
567,-0.02297297297297296,4.074177772681096,4.2052954529178335,4.116376928499197,3.4108236753987584,3.541832713540528,3.0888399054954703,2.7309154345339635,2.7978804672062583,2.846106400043289,0.9639526825309294,0.08269095318992385,1.0818526589286537,0.19302724186003792,0.8322291928955502,0.20773538975599493
568,-0.022572572572572558,4.08029011868445,4.211341757160662,4.122476599447225,3.4171693834281616,3.548334150539156,3.094489917887867,2.736508214524086,2.8034136024385075,2.8513854607763975,0.9643882170713504,0.08276134589262545,1.0817429109375771,0.193364289819615,0.8332739431464459,0.2080822530698491
569,-0.022172172172172155,4.086401503697887,4.217387476493449,4.128579355373404,3.4235159507422837,3.5548361033157034,3.1001472886937145,2.742107275127645,2.8089529478973736,2.856675074034899,0.9648186320904719,0.08283136073602847,1.0816298570379757,0.19369850378934755,0.8343115476211528,0.20842664501374414
570,-0.021771771771771753,4.09251187525282,4.223432563761074,4.1346851675327905,3.4298633698851186,3.5613385336005834,3.105811985971565,2.747712531496129,2.814498500343488,2.8619751477124065,0.9652439394755715,0.08290098701546296,1.0815134739318777,0.19402988240411578,0.835342057517593,0.20876855587716947
571,-0.02137137137137135,4.09862118057623,4.22947697199291,4.1407940067101725,3.4362116326357186,3.567841403387295,3.111483979114937,2.753323896898527,2.8200502509811165,2.8672855869507297,0.9656641533687954,0.08297021378605071,1.0813937376672795,0.19435842389412297,0.8363655295385161,0.2091079754674179
572,-0.020970970970970948,4.104729366614026,4.235520654410375,4.146905843174201,3.4425607299473824,3.5743446749020378,3.1171632388164667,2.7589412828501754,2.825608185528213,2.8726062944046085,0.9660792900550208,0.08303902988054734,1.0812706236896525,0.1946841260814259,0.8373820255965362,0.20944489311375344
573,-0.020570570570570573,4.110836380054873,4.241563564433888,4.153020646632244,3.4489106518901145,3.5808483105733413,3.1228497370292554,2.764564599240845,2.831172284294969,2.877937170504952,0.9664893678483926,0.08310742392730364,1.0811441068935028,0.19500698637794217,0.8383916125162952,0.20977929767319622
574,-0.02017017017017017,4.11694216735445,4.247605655689237,4.159138386186036,3.4552613875964173,3.5873522730017835,3.128543446925566,2.770193754461941,2.8367425222706633,2.8832781137200785,0.9668944069777295,0.08317538436831902,1.0810141616738647,0.19532700178489143,0.8393943617343061,0.2101111775378684
575,-0.01976976976976977,4.123046674760077,4.2536468820133155,4.165259030288217,3.4616129252104497,3.5938565249298597,3.1342443428530165,2.775828655532696,2.8423188692185963,2.888629020814445,0.9672944294710003,0.0832428994773563,1.0808807619776235,0.19564416889363515,0.8403903489970218,0.21044052064384164
576,-0.019369369369369366,4.129149848335638,4.2596871974592325,4.17138254669986,3.467965251840599,3.6003610292120873,3.1399524002884274,2.7814692082252463,2.8479012897788696,2.893989787104385,0.9676894590390671,0.0833099573780789,1.080743881354535,0.19595848388787776,0.8413796540576914,0.21076731448143166
577,-0.018968968968968963,4.135251633986768,4.265726556300787,4.177508902449047,3.4743183535154802,3.6068657487853955,3.1456675957894706,2.7871153171884746,2.853489743578764,2.899360306710364,0.9680795209589054,0.08337654606217677,1.080603493007864,0.196269942547187,0.8423623603725285,0.21109154610687259
578,-0.01856856856856856,4.1413519774862175,4.271764913036284,4.183638063790607,3.4806722151433895,3.613370646639881,3.1513899069442703,2.792766886070501,2.8590841853504454,2.9047404728053112,0.9684646419564931,0.08344265340745798,1.0804595698445238,0.1965785402517941,0.843338554796743,0.21141320215532075
579,-0.01816816816816816,4.147450824499362,4.2778022223916965,4.189769996167069,3.4870268204752204,3.619875685789988,3.157119312319116,2.798423817639727,2.864684565055711,2.910130177858567,0.9688448500895697,0.0835082671958692,1.0803120845246135,0.196884271988631,0.8443083272809666,0.21173226885511592
580,-0.017767767767767756,4.153548120609773,4.2838384393231586,4.195904664170922,3.493382152070842,3.626380829246167,3.1628557914044237,2.804086013904312,2.8702908280174797,2.9155293138750316,0.9692201746304653,0.08357337513141525,1.0801610095102792,0.19718713235855762,0.845271770568583,0.2120487320432496
581,-0.017367367367367353,4.159643811344821,4.289873519018796,4.2020420315082525,3.4997381912689383,3.63288603998709,3.168599324559111,2.809753376229984,2.875902915057712,2.9209377726290935,0.9695906459492001,0.0836379648579496,1.0800063171137986,0.19748711558474122,0.8462289798944967,0.2123625771819727
582,-0.01696696696696695,4.165737842201229,4.295907416899873,4.20818206096383,3.5060949181602923,3.639391280932463,3.1743498929535194,2.815425805456087,2.8815207626414314,2.926355445892961,0.9699562953970372,0.08370202397681475,1.0798479795448022,0.19778421552213718,0.8471800526858303,0.2126737893764843
583,-0.01656656656656655,4.171830158670535,4.301940088621282,4.21432471436771,3.512452311564499,3.6458965149164997,3.180107478511041,2.8211032020097555,2.887144303026509,2.931782225659006,0.9703171551906971,0.08376554006429617,1.0796859689565634,0.19807842566803294,0.8481250882650588,0.21298235339364235
584,-0.016166166166166146,4.177920706264405,4.307971490071345,4.220469952563417,3.518810349010077,3.652401704662112,3.1858720638485902,2.82678546601813,2.892773464418857,2.9372180043557847,0.9706732582974129,0.08382850068887032,1.0795202574912763,0.1983697391735973,0.8490641875560574,0.2132882536816344
585,-0.015765765765765744,4.184009430539732,4.314001577370951,4.226617735377764,3.525169006717941,3.6589068127558613,3.191643632216062,2.832472497418511,2.89840817113268,2.9426626750573885,0.9710246383210148,0.08389089342822148,1.0793508173242443,0.19865814885640343,0.849997452793541,0.21359147439054854
586,-0.015365365365365341,4.19009627712349,4.320030306872031,4.232768021592386,3.5315282595882063,3.665411801623725,3.1974221674349237,2.838164196066366,2.904048343755393,2.948116131685817,0.9713713293892337,0.08395270588600437,1.0791776207069366,0.1989436472138634,0.8509249872363597,0.21389199939378922
587,-0.014964964964964966,4.19618119173726,4.32605763515536,4.238920768917009,3.5378880811902635,3.671916633507721,3.2032076538360696,2.843860461841101,2.9096938993168515,2.953578269206076,0.9717133660423986,0.0840139257083284,1.0790006400088261,0.19922622643754065,0.8518468948850927,0.21418981231027484
588,-0.014564564564564564,4.202264120221407,4.332083519027716,4.245075933964537,3.5442484437560826,3.6784212704434367,3.209000076197085,2.8495611947495045,2.9153447514624906,2.959048983813731,0.9720507831237033,0.08407454059995004,1.078819847757974,0.19950587842828338,0.8527632802043813,0.21448489652736386
589,-0.014164164164164161,4.208345008558828,4.338107915518384,4.251233472227978,3.5506093181766762,3.6849256742384986,3.2147994196790424,2.855266295026786,2.9210008106299794,2.9645281731146613,0.9723836156712228,0.08413453834013929,1.0786352166802964,0.1997825948121374,0.853674247850422,0.21477723522445247
590,-0.013763763763763759,4.214423802898254,4.34413078187503,4.25739333805927,3.556970674001666,3.6914298064520237,3.220605669762968,2.8609756632351346,2.926661984229007,2.9700157362967827,0.9727118988118347,0.08419390679821968,1.078446719737479,0.2000563669569898,0.8545799024040166,0.21506681139718384
591,-0.013363363363363356,4.220500449577025,4.350152075558946,4.263555484650032,3.563332479441878,3.697933628375089,3.2264188121861035,2.866689200359706,2.932328176823777,2.9755115742935296,0.9730356676572193,0.08425263394875054,1.078254330163486,0.20032718598988986,0.8554803481095876,0.21535360788222252
592,-0.012962962962962954,4.226574895143325,4.356171754239683,4.26971986401428,3.569694701374888,3.7044371010122488,3.2322388328780853,2.8724068079019784,2.937999290317822,2.981015589938909,0.9733549572020899,0.08431070788634193,1.078058021499638,0.20059504281501403,0.8563756886205166,0.2156376073825325
593,-0.012562562562562551,4.232647086377799,4.362189775789092,4.275886426973141,3.576057305353445,3.710940185064126,3.2380657178971637,2.8781283879704,2.9436752241407196,2.986527688113951,0.9736698022248071,0.0843681168400866,1.0778577676282224,0.2008599281322134,0.8572660267511679,0.2159187924931117
594,-0.012162162162162149,4.238716970314543,4.368206098274778,4.282055123141584,3.582420255616676,3.7174428409111138,3.2438994533665806,2.8838538433682586,2.9493558754363063,2.9920477758844166,0.9739802371905244,0.0844248491875949,1.0776535428046037,0.20112183245610726,0.8581514642359492,0.2161971457271264
595,-0.011761761761761746,4.244784494261397,4.37422067995299,4.28822590091719,3.588783515103999,3.723945028598203,3.249740025411217,2.8895830776787137,2.95504113925197,2.997575762629633,0.9742862961570049,0.08448089346861953,1.077445321687819,0.20138074613566906,0.8590321014957215,0.21647264954240272
596,-0.011361361361361344,4.250849605819522,4.380233479260967,4.294398707470995,3.595147045471629,3.730446707820954,3.255587420094621,2.895315995346927,2.960730908728628,3.003111560162347,0.9745880126832465,0.0845362383982547,1.0772330793696383,0.20163665937426692,0.8599080374118621,0.2167452863682176
597,-0.010960960960960942,4.256912252902214,4.386244454808757,4.300573488740385,3.6015108071116058,3.7369478379126417,3.261441623356525,2.901052501759236,2.9664250752909687,3.0086550828395184,0.9748854197410366,0.08459087287971373,1.0770167914020674,0.2018895622501076,0.860779369108286,0.21701503863234414
598,-0.010560560560560539,4.262972383752919,4.392253565370529,4.306750189424093,3.6078747591732183,3.7434483778325767,3.267302620950951,2.906792503319309,2.9721235288375603,3.0142062476639873,0.9751785496295704,0.08464478601665444,1.0767964338232938,0.20213944473704273,0.861646191741673,0.21728188878830862
599,-0.010160160160160137,4.269029946962424,4.398260769875404,4.31292875297927,3.6142388595867407,3.749948286155619,3.273170398385006,2.9125359075212427,2.977826157930427,3.0197649743769635,0.9754674338932349,0.08469796712506626,1.0765719831820648,0.20238629672568365,0.8625085983001691,0.21754581934280195
600,-0.009759759759759762,4.275084891485184,4.404266027397821,4.319109121620648,3.620603065089365,3.7564475210628947,3.279044940858458,2.9182826230195418,2.983532849983693,3.025331185541325,0.9757521032426767,0.08475040574469297,1.0763434165604924,0.20263010804480414,0.863366679410783,0.2178068128832135
601,-0.00935935935935936,4.281137166654757,4.4102692971474715,4.325291236321784,3.626967331253225,3.7629460403337194,3.2849262332041906,2.9240325596959496,2.9892434914509116,3.0309048066157156,0.9760325874792486,0.08480209164999883,1.07611071159529,0.20287086848296007,0.8642205231556966,0.21806485210523094
602,-0.008958958958958957,4.287186722198329,4.416270538458822,4.331475036818385,3.633331612515393,3.769443801338728,3.2908142598296117,2.929785628723076,2.9949579680106826,3.036485766019451,0.9763089154229361,0.084853014860665,1.0758738464974522,0.20310856781030115,0.8650702148976789,0.21831991984047025
603,-0.008558558558558554,4.293233508250288,4.422269710780249,4.3376604616136865,3.6396958622097513,3.7759407610342213,3.296709004659108,2.9355417426247965,3.0006761647502023,3.0420739951882774,0.9765811148438408,0.08490316565162112,1.075632800070372,0.2033431958005345,0.8659158371147802,0.21857199908409328
604,-0.008158158158158152,4.299277475364842,4.428266773662812,4.343847447985888,3.646060032600607,3.7824368759577087,3.3026104510776215,2.9413008153333866,3.006397966346361,3.047669428621026,0.9768492123973112,0.08495253456259112,1.075387551726422,0.2035747422529871,0.8667574692444585,0.21882107302236264
605,-0.0077577577577577495,4.305318574527649,4.434261686748709,4.3500359319976125,3.652424074917949,3.7889321022246634,3.3085185818754175,2.94706276224336,3.0121232572440393,3.0532720039172396,0.9771132335627843,0.08500111240717875,1.075138081502011,0.20380319701474336,0.867595187537275,0.2190671250601061
606,-0.007357357357357347,4.311356757166442,4.440254409759416,4.356225848507363,3.658787939394221,3.7954263955264604,3.3144333791941194,2.952827500261986,3.0178519218312547,3.0588816618058483,0.9773732025864061,0.08504889028146491,1.0748843700711292,0.20402855000280185,0.8684290649202717,0.219310138848042
607,-0.0069569569569569445,4.317391975160641,4.446244902483562,4.362417131182964,3.6651515753024935,3.8019197111295,3.3203548244740744,2.9585949478564704,3.0235838446108145,3.0644983461650166,0.9776291424274896,0.08509585957213116,1.0746263987574154,0.2042507912262305,0.8692591708701262,0.21955009830992664
608,-0.006556556556556542,4.323424180849923,4.452233124764553,4.368609712516934,3.6715149309959263,3.8084120038754983,3.326282898403108,2.9643650250977727,3.029318910368156,3.0701220040332617,0.9778810747088538,0.08514201196410878,1.074364149544758,0.20446991080827248,0.8700855712961655,0.21978698766948962
609,-0.0061561561561561395,4.3294533270417626,4.458219036487996,4.374803523843775,3.6778779539483883,3.814903228182925,3.332217580866732,2.970137653701052,3.0350570043350587,3.0757525856119994,0.9781290196710936,0.08518733944774895,1.0740976050864752,0.20468589900836776,0.870908328433287,0.220020791477116
610,-0.005755755755755737,4.335479367017909,4.464202597568925,4.380998495359122,3.6842405907961306,3.8213933380495746,3.338158850899851,2.9759127570627375,3.0407980123489193,3.081390044259655,0.9783729961308031,0.08523183432552302,1.0738267487130833,0.20489874624406007,0.8717275007448279,0.2202514946362403
611,-0.005355355355355335,4.34150225453981,4.470183767938886,4.387194556140719,3.690602787380384,3.8278822870562457,3.3441066866400244,2.9816902602942017,3.0465418210073163,3.0870343364775183,0.9786130214427893,0.08527548921824904,1.0735515644387057,0.20510844311275006,0.8725431428354005,0.22047908242941522
612,-0.004954954954954932,4.347521943852967,4.476162507532901,4.393391634171177,3.696964488790775,3.834370028371505,3.3500610652823215,2.9874700902520535,3.05228831781757,3.092685421887515,0.978849111466289,0.08531829707085324,1.0732720369661457,0.20531498041326746,0.873355305373698,0.22070354054401903
613,-0.00455455455455453,4.353538389690235,4.482138776276342,4.399589656362446,3.7033256394094307,3.840856514757511,3.356021963035816,2.993252175565043,3.0580373913410552,3.0983432632020964,0.9790812805351959,0.08536025115767082,1.0729881516906659,0.20551834916722572,0.8741640350252365,0.22092485509757195
614,-0.004154154154154155,4.35955154727405,4.48811253407175,4.405788548581977,3.7096861829556707,3.847341698576863,3.361989355081757,2.999036446657585,3.063788931332014,3.104007826186452,0.9793095414323103,0.08540134508728318,1.0726998947025133,0.20571854064012557,0.8749693743950124,0.22114301266261488
615,-0.0037537537537537524,4.365561372317599,4.494083740785631,4.411988235680497,3.716046062531163,3.8538255318004584,3.3679632155334436,3.0048228357699176,3.069542828870636,3.1096790796132696,0.9795339053675969,0.08544157280690903,1.0724072527882305,0.20591554636218895,0.8757713619800058,0.22135800029113653
616,-0.00335335335335335,4.371567821024928,4.500052356235261,4.418188641521335,3.722405220665432,3.8603079660163013,3.373943517397844,3.0106112769749065,3.0752989764901937,3.1153569952102678,0.9797543819604447,0.08548092860634064,1.0721102134307954,0.2061093581488784,0.876570032131462,0.22156980553849573
617,-0.0029529529529529475,4.377570850090008,4.506018340175527,4.424389689011257,3.728763599361617,3.8667889524392556,3.3799302325389666,3.0164017061915125,3.081057268298037,3.1210415476007545,0.9799709792259061,0.0855194071214515,1.0718087648086365,0.20629996812109405,0.8773654150268577,0.22177841648682395
618,-0.002552552552552545,4.383570416694753,4.511981652285848,4.4305913001327175,3.7351211401423603,3.8732684419216814,3.385923331643029,3.022194061194954,3.086817600090259,3.126732714237458,0.9801837035648884,0.08555700333725715,1.0715028957935673,0.20648736872499582,0.8781575366514426,0.22198382176786194
619,-0.0021521521521521425,4.389566478506018,4.517942252157194,4.436793395977498,3.741477784095727,3.879746384964933,3.3919227841854185,3.027988281623581,3.092579869459875,3.132430475329897,0.9803925597582651,0.0855937125905583,1.07119259594769,0.2066715527514538,0.8789464187892272,0.22218601058521645
620,-0.00175175175175174,4.395558993671575,4.523900099279248,4.442995896781611,3.7478334719210498,3.8862227317316678,3.3979285583994776,3.033784308982498,3.0983439758983518,3.1381348137655625,0.9805975509648631,0.08562953057216496,1.0708778555193148,0.20685251335507746,0.8797320790232867,0.22238497273598912
621,-0.0013513513513513375,4.401547920815091,4.529855153027729,4.449198721961455,3.754188143974595,3.892697432058928,3.403940621247113,3.0395820866439753,3.1041098208903724,3.1438457150251886,0.9807986787232793,0.0856644533287072,1.0705586654379458,0.20703024407281592,0.8805145307452025,0.2225806986317644
622,-0.0009509509509509351,4.407533219030128,4.535807372651918,4.455401790151093,3.760541740314958,3.8991704354719507,3.409958938391245,3.045381559844674,3.1098773080017046,3.1495631670924125,0.9809959429574682,0.08569847726404477,1.0702350173083792,0.20720473884209922,0.8812937831734909,0.22277317931891716
623,-0.0005505505505505326,4.413514847873183,4.541756717262418,4.461605019240622,3.7668942007480832,3.9056416911986673,3.4159834741700967,3.0511826756797484,3.115646342960088,3.155287160358101,0.9811893419860424,0.08573159914028725,1.0699069034039737,0.20737599201850404,0.8820698413808115,0.22296240649822027
624,-0.0001501501501501301,4.419492767355785,4.5477031458191615,4.467808326415524,3.7732454648718203,3.912111148184834,3.422014191573324,3.0569853830938576,3.121416833729048,3.161017687519663,0.9813788725352142,0.08576381607842384,1.0695743166591338,0.2075439983929167,0.8828427063297636,0.22314837254371944
625,0.00025025025025027237,4.425466937935674,4.553646617119726,4.474011628196934,3.7795954721199294,3.918578755109756,3.4280510522199905,3.0627896328691415,3.1271886905745805,3.166754743475645,0.981564529755303,0.08579512555858525,1.0692372506610672,0.20770875320817953,0.8836123749170526,0.22333107052085252
626,0.0006506506506506748,4.431437320507102,4.559587089787952,4.48021484048275,3.7859441618054457,3.9250444604025585,3.4340940163383715,3.068595377610224,3.132961826124655,3.1724983252159262,0.981746307240733,0.08582552541993518,1.068895699640861,0.20787025217520358,0.884378840025791,0.2235104942037936
627,0.0010510510510510773,4.437403876390257,4.56552452226292,4.486417878589477,3.792291473163318,3.931508212258944,3.4401430427475947,3.0744025717262953,3.138736155421512,3.1782484317078254,0.981924197053424,0.08585501386020897,1.0685496584639316,0.20802849148852354,0.8851420905856979,0.22368663809198416
628,0.0014514514514514798,4.443366567319868,4.571458872788296,4.492620657294757,3.798637345392247,3.937969958658403,3.4461980888410944,3.080211171410335,3.1445115959667356,3.184005063778446,0.9820981897494933,0.08588358943490763,1.068199122619903,0.20818346784128314,0.8859021116409413,0.2238594974258476
629,0.0018518518518518823,4.449325355432998,4.577390099402087,4.498823090880467,3.8049817176956475,3.9444296473818072,3.4522591105718705,3.0860211346155517,3.1502880677591123,3.1897682239935747,0.9822682744091633,0.08591125105615433,1.0678440882119624,0.20833517843963642,0.8866588844253521,0.22402906820164764
630,0.0022522522522522848,4.455280203256069,4.583318159926818,4.505025093176326,3.811324529321655,3.9508872260293577,3.4583260624395393,3.0918324210291024,3.156065493325289,3.1955379165334645,0.9824344386697725,0.08593799799122669,1.0674845519457397,0.20848362101654958,0.8874123864447397,0.22419534718548462
631,0.0026526526526526872,4.461231073691158,4.58924301196017,4.511226577603906,3.8176657196021178,3.9573426420388143,3.4643988974791573,3.097644992043168,3.1618437977432765,3.2013141470658235,0.9825966687617836,0.08596382986077661,1.0671205111177746,0.20862879384498517,0.8881625915660167,0.22435833192639895
632,0.0030530530530530897,4.467177930001585,4.595164612866095,4.5174274572209745,3.8240052279905044,3.963795842703971,3.4704775672517942,3.103458810723462,3.1676229086588443,3.207096922616337,0.9827549495476751,0.08598874663674125,1.0667519636036111,0.2087706957504662,0.888909470112842,0.22451802076857205
633,0.003453453453453492,4.473120735796841,4.601082919766431,4.523627644766076,3.8303429940986677,3.9702467751933157,3.4765620218368367,3.109273841775254,3.1734027562948808,3.2128862514370513,0.9829092645635933,0.08601274863996547,1.066378907845573,0.20890932612299506,0.8896529889674696,0.2246744128626055
634,0.003853853853853839,4.479059455016889,4.606997889533042,4.529827052703266,3.8366789577324085,3.9766953865688297,3.482652209825998,3.1150900515069915,3.179183273453801,3.218682142872942,0.9830595960636499,0.086035836537537,1.0660013428402644,0.20904468492833497,0.8903931116784967,0.22482750817585903
635,0.004254254254254242,4.484994051915887,4.612909478780515,4.53602559326691,3.8430130589257883,3.9831416238048702,3.4887480783190083,3.1209074077916132,3.1849643955131097,3.224484607227001,0.9832059250667335,0.08605801133985201,1.065619268125859,0.20917677271862348,0.8911297985741822,0.22497730750184067
636,0.004654654654654644,4.49092449104535,4.61881764385941,4.542223178506471,3.8493452379741373,3.9895854338070835,3.4948495729209466,3.126725880025626,3.1907460604142175,3.2302936556241417,0.9833482314057116,0.08607927439741596,1.0652326837692074,0.2093055906423262,0.8918630068810194,0.22512381246863356
637,0.005055055055055047,4.496850737236822,4.624722340850105,4.548419720331179,3.8556754354657192,3.9960267634313036,3.5009566377412074,3.1325454390860674,3.1965282086446654,3.236109299874273,0.9834864937788759,0.0860996273973977,1.0648415903528143,0.20943114045351083,0.8925926908472132,0.22526702554634193
638,0.005455455455455449,4.502772755584083,4.630623525557241,4.554615130554528,3.862003592312011,4.002465559502381,3.507069215394045,3.1383660572854226,3.2023107832138806,3.241931552334834,0.9836206898035167,0.08611907235993435,1.0644459889617388,0.209553424520447,0.8933188018707381,0.22540695005355846
639,0.0058558558558558516,4.50869051142493,4.6365211535047965,4.560809320938486,3.8683296497765594,4.008901768832891,3.51318724700068,3.1441877083246115,3.2080937296226284,3.247760425773119,0.9837507960714628,0.08613761163421764,1.0640458811704518,0.20967244583350975,0.8940412886316229,0.2255435901628374
640,0.006256256256256254,4.514603970322598,4.642415179931785,4.567002203237357,3.874653549502381,4.01533533824168,3.519310672192927,3.1500103672441417,3.213876995826336,3.2535959332286843,0.9838767882064654,0.08615524789434878,1.0636412690296966,0.20978820801239806,0.8947600972281192,0.22567695090516898
641,0.0066566566566566565,4.520513098046838,4.6483055597886205,4.573193689241193,3.8809752335378844,4.021766214572183,3.525439429118305,3.1558340103735287,3.219660532192465,3.2594380878761604,0.9839986409232659,0.0861719841349946,1.0632321550533923,0.20990071531265153,0.8954751713163982,0.22580703817344897
642,0.007057057057057059,4.526417860554719,4.654192247734131,4.579383690818702,3.887294644361281,4.028194344710486,3.5315734544466038,3.161658615279094,3.2254442914521264,3.265286902888751,0.9841163280882147,0.08618782366683475,1.0628185422056255,0.21000997263146517,0.8961864522534282,0.22593385872494398
643,0.0074574574574574615,4.532318223971188,4.660075198133266,4.585572119959539,3.8936117249034714,4.034619675603077,3.5377126833778565,3.1674841607102455,3.231228228646158,3.271142391302716,0.9842298227812846,0.08620277011182867,1.062400433887762,0.21011598551280405,0.8968938792426725,0.22605742018274796
644,0.007857857857857864,4.538214154569442,4.665954365055473,4.59175888881594,3.8999264185693874,4.0410421542742325,3.5438570496516872,3.17331062654435,3.2370123010658642,3.2770045658831264,0.984339097359333,0.08621682739830039,1.0619778339257144,0.21021876015181012,0.8975973894822556,0.22617773103623123
645,0.008258258258258266,4.544105618751147,4.671829702273781,4.597943909743582,3.90623866925778,4.04746172784301,3.5500064855579923,3.1791379937303126,3.242796468188662,3.2828734389911696,0.9844441235204607,0.0862299997558545,1.0615507465574057,0.21031830339850083,0.8982969183152343,0.22629480064048607
646,0.008658658658658669,4.549992583026574,4.677701163264582,4.604127095341628,3.9125484213794404,4.053878343539787,3.5561609219489143,3.184966244230972,3.2485806916088635,3.2887490224532643,0.9845448723693222,0.08624229171013312,1.0611191764204622,0.21041462276075823,0.8989923993816225,0.2264086392147668
647,0.009059059059059071,4.5558750139946635,4.68356870120813,4.610308358491872,3.9188556198738578,4.060291948722324,3.562320288252068,3.1907953609644255,3.2543649349638457,3.294631327432262,0.9846413144832293,0.08625370807742909,1.0606831285401577,0.21050772640661755,0.8996837647718231,0.22651925783993898
648,0.009459459459459474,4.561752878323098,4.689432268989739,4.616487612396909,3.9251602102242993,4.066702490891291,3.5684845124849778,3.1966253277444063,3.2601491638558597,3.3005203643009824,0.9847334199788987,0.0862642539591536,1.060242608317652,0.21059762316583772,0.900370945181087,0.22662666845493723
649,0.009859859859859876,4.56762614272842,4.695291819201716,4.622664770617272,3.931462138471329,4.073109917705234,3.574653521270681,3.202456129219819,3.265933345769749,3.3064161425183216,0.9848211585796982,0.08627393473617782,1.0597976215185416,0.2106843225307773,0.9010538700646787,0.2267308838522432
650,0.010260260260260279,4.5734947739562255,4.701147304146002,4.628839747107458,3.937761351224764,4.079514176994934,3.5808272398544623,3.2082877508135583,3.2717174499868418,3.3123186705081786,0.9849044996832295,0.0862827560630551,1.0593481742617523,0.2107678346565588,0.9017324677933839,0.22683191767239652
651,0.010660660660660681,4.579358738761507,4.7069986758375375,4.635012456250799,3.9440577956740785,4.085915216777132,3.587005592121666,3.2141201786607265,3.2775014474952995,3.31822795554142,0.9849834124291118,0.08629072386212758,1.0588942730087985,0.21084817036053882,0.9024066658090143,0.22692978439754916
652,0.011061061061061084,4.585218003889172,4.712845886008345,4.641182812893095,3.950351419597268,4.092312985267582,3.5931885006165545,3.219953399546366,3.283285310897203,3.3241440036210976,0.9850578657668027,0.08629784431753973,1.0584359245534294,0.21092534112107847,0.9030763907795775,0.22702449934407684
653,0.011461461461461486,4.591072536054787,4.718688886112333,4.647350732374971,3.9566421713681916,4.098707430893397,3.5993758865621617,3.225787400842827,3.2890690143126617,3.3300668193711256,0.9851278285233228,0.0863041238691475,1.0579731360116824,0.2109993590756246,0.9037415687537739,0.22711607865426447
654,0.011861861861861889,4.596922301925601,4.72452762733081,4.6535161305628865,3.9629299999624137,4.1050985023046636,3.6055676698811023,3.2316221704468897,3.294852533281246,3.3359964059286136,0.9851932694707292,0.08630956920634904,1.0575059148123653,0.21107023701809893,0.9044021253144885,0.2272045392870828
655,0.012262262262262291,4.60276726810188,4.7303620605787,4.659678923878763,3.96921485496156,4.111486148385298,3.6117637692172946,3.2374576967167554,3.3006358446610293,3.3419327648400343,0.9852541573931933,0.08631418726184259,1.0570342686879783,0.21113798839561013,0.9050579857309616,0.22728989900807395
656,0.012662662662662694,4.608607401098611,4.736192136511475,4.665839029328162,3.97549668655622,4.117870318263111,3.6179641019585502,3.243293968409027,3.306418926525548,3.3478758959614,0.9853104611535564,0.08631798520530688,1.056558205666098,0.21120262730448922,0.9057090751093175,0.2273721763783692
657,0.013063063063063096,4.614442667327596,4.742017805532766,4.671996364526985,3.9817754455474224,4.124250961319068,3.6241685842599933,3.2491309746157966,3.312201758058977,3.3538257973626093,0.9853621497591996,0.0863209704370285,1.0560777340612253,0.21126416848565854,0.9063553185411446,0.2274513907428595
658,0.013463463463463499,4.6202730330800135,4.747839017802664,4.678150847726633,3.9880510833467118,4.130628027195712,3.630377131068263,3.2549687047019504,3.317984319449818,3.3597824652361123,0.9854091924271152,0.08632315058147533,1.0555928624671183,0.21132262731933094,0.9069966412498301,0.22752756221753728
659,0.013863863863863901,4.626098464509448,4.753655723246694,4.684302397837618,3.9943235519748628,4.137001465804739,3.63658965614646,3.260807148242816,3.32376659178342,3.36574589381003,0.9854515586480325,0.08632453348082318,1.055103599749614,0.21137801981906934,0.9076329687343515,0.22760071167604362
660,0.014264264264264304,4.631918927615461,4.759467871565448,4.690450934451543,4.000592804059265,4.1433712273337076,3.6428060720997926,3.2666462949622543,3.3295485569336143,3.371716075265854,0.9854892182494742,0.08632512718844532,1.0546099550399435,0.21143036262519163,0.9082642269102483,0.22767086073543977
661,0.01466466466466465,4.637734388227725,4.7652754122448675,4.69659637786147,4.006858792830016,4.149737262251858,3.6490262904018795,3.272486134671317,3.3353301974537843,3.377692999660841,0.9855221414576137,0.08632493996237527,1.0541119377285522,0.21147967299754325,0.9088903422474989,0.22773803174123297
662,0.015065065065065053,4.643544811990764,4.771078294567158,4.702738649080606,4.013121472114772,4.156099521315049,3.6552502214216847,3.2783266572075793,3.3411114964676685,3.3836766548551984,0.9855502989578165,0.08632398025873547,1.053609557459419,0.21152596880764732,0.9095112419050407,0.22780224775168226
663,0.015465465465465456,4.649350164349333,4.776876467622318,4.7088776698593025,4.019380796332376,4.162457955569776,3.661477774451009,3.2841678523752447,3.346892437560181,3.389667026444154,0.9855736619537396,0.08632225672516246,1.0531028241248919,0.21156926853023325,0.9101268538616787,0.22786353252141678
664,0.015865865865865858,4.655150410534481,4.782669880320271,4.715013362700336,4.0256367204853385,4.168812516356288,3.6677088577325416,3.290009709886149,3.3526730046685693,3.395664097694987,0.9855922022248829,0.08631977819420768,1.052591747861013,0.21160959123416961,0.9107371070431487,0.22792191048439986
665,0.01626626626626626,4.660945515550314,4.7884584814035716,4.721145650872463,4.031889200151185,4.175163155310777,3.6739433784884,3.29585221930175,3.358453181974185,3.401667849489074,0.9856058921824754,0.08631655367673967,1.0520763390433596,0.21164695657279645,0.911341931445095,0.22797740673625566
666,0.016666666666666663,4.666735444161522,4.794242219460681,4.727274458422216,4.038138191472744,4.181509824366653,3.680181242949134,3.3016953699762133,3.3642329537951614,3.407678260269021,0.9856147049235999,0.08631259235534543,1.051556608283383,0.2116813847736785,0.9119412582517552,0.22803004701601348
667,0.017067067067067065,4.672520160881655,4.800021042939778,4.733399710183948,4.044383651147409,4.187852475754897,3.6864223563831526,3.3075391510006895,3.3700123044802845,3.413695305990901,0.9856186142834458,0.08630790357773789,1.0510325664252318,0.21171289662779721,0.9125350199501386,0.2280798576872821
668,0.017467467467467468,4.678299629962227,4.805794900163087,4.739521331788099,4.050625536415422,4.194191062003488,3.6926666231265397,3.3133835511488834,3.375791218304328,3.419718960081637,0.985617594885604,0.08630249685017331,1.0505042245430756,0.2117415134781749,0.9131231504395092,0.22812686571889734
669,0.01786786786786787,4.684073815382633,4.8115637393417,4.745639249667702,4.056863805047246,4.200525535935916,3.698913946613217,3.3192285588240007,3.3815696793651338,3.425749193401541,0.9856116221903091,0.08629638183088163,1.0499715939388952,0.21176725720796633,0.91370558513599,0.22817109866507454
670,0.018268268268268273,4.689842680840935,4.817327508590879,4.751753391063101,4.063098415330065,4.206855850668793,3.7051642294054195,3.325074162007172,3.387347671482695,3.43178597421202,0.985600672540548,0.08628956832352136,1.0494346861407475,0.211790150228021,0.9142822610721222,0.22821258464510558
671,0.018668668668668675,4.695606189745521,4.823086155945789,4.7578636840249064,4.0693293260534675,4.213181959608552,3.711417373224457,3.330920348207432,3.3931251781005005,3.43782926814843,0.9855847232059458,0.08628206627065915,1.0488935129014823,0.21181021546392506,0.9148531169912275,0.22825135232262314
672,0.019069069069069078,4.7013643052076795,4.8288396293776605,4.763970057415187,4.0755564964943725,4.21950381644726,3.7176732789817115,3.3367671044133416,3.398902182189397,3.443879038198065,0.9855637524243755,0.08627388574727177,1.048348086197908,0.21182747634255575,0.9154180934364261,0.2282874308844818
673,0.01946946946946948,4.7071169900350815,4.834587876810347,4.770072440906897,4.081779886401245,4.225821375157554,3.723931846809853,3.342614417046329,3.404678666154196,3.449935244683255,0.985537739441201,0.08626503695428597,1.0477984182303788,0.21184195677814183,0.9159771328341904,0.228320850019281
674,0.019869869869869883,4.712864206726221,4.840330846137239,4.776170764981573,4.087999455977662,4.23213458998672,3.73019297609423,3.348462271915829,3.410454611743274,3.4559978452495215,0.9855066645461059,0.08625553021215347,1.0472445214228034,0.21185368115786513,0.9165301795723132,0.2283516398955698
675,0.020270270270270285,4.718605917465802,4.84606848523852,4.7822649609253025,4.0942151658652834,4.23844341544992,3.73645656550441,3.3543106541762895,3.416229999961373,3.4620667948587447,0.9854705091074516,0.0862453759544592,1.046686408423046,0.21186267432700395,0.9170771800721988,0.22837983113976795
676,0.020670670670670688,4.724342084121112,4.851800741998729,4.78835496082298,4.100426977126284,4.244747806322598,3.742722513025834,3.360159548286109,3.422004810985821,3.4681420457872814,0.9854292556041054,0.08623458472157676,1.046124092103705,0.21186896157364624,0.917618082855386,0.228405454813838
677,0.02107107107107109,4.730072668239364,4.857527564324595,4.794440697550898,4.106634851225294,4.251047717632091,3.7489907159915563,3.3660089379685756,3.427779024086372,3.474223547628951,0.9853828876547062,0.08622316715436722,1.0455575855632533,0.21187256861298645,0.9181528386042327,0.22842854239274457
678,0.021471471471471493,4.735797631046054,4.86324890016313,4.800522104767669,4.112838750010925,4.25734310464845,3.7552610711140426,3.371858806174859,3.433552617548855,3.480311247302819,0.9853313900443224,0.08621113398792071,1.0449869021275224,0.21187352157122014,0.918681400216705,0.2284491257417369
679,0.021871871871871895,4.741516933444311,4.868964697519918,4.80659911690354,4.119038635696906,4.263633922874513,3.761533474516995,3.3777091350491135,3.4393255686028086,3.486405089065678,0.9852747487484743,0.08619849604534721,1.0444120553514968,0.21187184696905423,0.9192037228552253,0.2284672370934837
680,0.022272272272272298,4.747230536015259,4.874674904477607,4.812671669148103,4.1252344708429165,4.269920128035267,3.767807821767175,3.3835599058957397,3.4450978533532726,3.4925050145291254,0.9852129509544933,0.0861852642316219,1.043833059021414,0.2118675717048642,0.9197197639895563,0.22848290902510407
681,0.0226726726726727,4.752938399019398,4.880379469214538,4.81873969743647,4.131426218335143,4.27620167606649,3.7740840079062012,3.3894110991488495,3.450869446716884,3.49861096268113,0.9851459850802007,0.08617144952747764,1.0432499271571374,0.21186072303749534,0.9202294834336935,0.2284961744351178
682,0.023073073073073103,4.758640482399006,4.886078340023497,4.824803138433919,4.137613841366643,4.282478523102755,3.7803619274822937,3.395262694343975,3.4566403223624236,3.504722869911969,0.9850738407898917,0.0861570629833484,1.0426626740147784,0.2118513285687443,0.9207328433767799,0.2285070665203565
683,0.023473473473473505,4.764336745781545,4.891771465330552,4.8308619295190836,4.143797303417539,4.288750625464789,3.786641474581938,3.4011146700920563,3.4624104526559427,3.5108406700444026,0.9849965090076187,0.0861421157133733,1.0420713140895488,0.21183941622553518,0.9212298084080416,0.22851561875286205
684,0.023873873873873908,4.770027148484094,4.897458793713944,4.836916008765718,4.1499765682351235,4.295017939646245,3.7929225428614477,3.406967004055736,3.4681798086105804,3.516964294367964,0.9849139819277735,0.08612661888945104,1.0414758621188154,0.21182501424180936,0.9217203455357813,0.22852186485681072
685,0.02427427427427431,4.77571164951879,4.903140273922986,4.842965314923085,4.156151599813901,4.3012804222999135,3.799205025578398,3.4128196729279914,3.4739483598411787,3.5230936716772097,0.9848262530229729,0.08611058373534611,1.0408763330853374,0.21180815114014603,0.9222044242004563,0.22852583878548532
686,0.024674674674674713,4.781390207599269,4.908815854896962,4.849009787395023,4.162322362375647,4.307538030223415,3.805488815622906,3.4186726524131155,3.4797160745237816,3.529228728313793,0.9847333170492611,0.08609402152085738,1.0402727422206555,0.21178885571314257,0.9226820162819078,0.22852757469833565
687,0.025075075075075115,4.787062781148108,4.914485485783958,4.855049366217745,4.168488820349505,4.313790720344415,3.811773805548747,3.4245259172100724,3.4854829193600927,3.5353693882122017,0.9846351700486425,0.0860769435560383,1.0396651050086032,0.21176715700456772,0.9231530961007981,0.22852710693814923
688,0.025475475475475462,4.792729328305243,4.920149115959623,4.861083992036431,4.174650938352189,4.320038449705395,3.818059887604263,3.430379440998227,3.491248859546956,3.541515572948998,0.9845318093489721,0.08605936118547222,1.0390534371889322,0.21174308429031177,0.9236176404143328,0.2285244700083631
689,0.025875875875875864,4.798389806937375,4.92580669504581,4.867113606080665,4.18080868116834,4.326281175448028,3.8243469537630683,3.4362331964254653,3.4970138587509005,3.547667201795403,0.9844232335612364,0.08604128578260424,1.0384377547610095,0.21171666705915432,0.9240756284063669,0.22851969855054585
690,0.026276276276276267,4.804044174648312,4.9314581729290525,4.873138150138777,4.18696201373107,4.332518854797207,3.8306348957545087,3.442087155098688,3.50277787908779,3.553824191773047,0.984309442574243,0.08602272874412825,1.0378180739875553,0.21168793499337546,0.9245270416719914,0.22851282732207634
691,0.02667667667667667,4.8096923887902685,4.93710349977887,4.879157566531174,4.193110901102743,4.338751445044749,3.836923605093871,3.4479412875766973,3.5085408811075873,3.559986457712713,0.984190437546786,0.08600370148442556,1.0371944113984237,0.2116569179492234,0.9249718641967161,0.22850389117403994
692,0.027077077077077072,4.815334406476077,4.942742626065849,4.885171798082694,4.199255308456049,4.344978903532854,3.8432129731123164,3.45379556336544,3.5143028237842517,3.5661539123159063,0.9840662208973061,0.08598421543006059,1.0365667837943706,0.21162364593726715,0.9254100823303729,0.22849292502937685
693,0.027477477477477474,4.820970184592301,4.948375502579463,4.891180788094074,4.205395201055395,4.351201187637329,3.84950289098652,3.4596499509156136,3.5200636645107455,3.5723264662190473,0.983936796291115,0.08596428201432697,1.0359352082507902,0.21158814910266044,0.9258416847558879,0.22847996386129402
694,0.027877877877877877,4.826599679813231,4.954002080445619,4.897184480312603,4.211530544238663,4.357418254750651,3.855793249768,3.4655044176226033,3.5258233590991424,3.578504028060127,0.983802168625233,0.08594391267184474,1.0352997021214136,0.21155045770532885,0.9262666624530482,0.22846504267197257
695,0.02827827827827828,4.832222848615721,4.959622311143871,4.903182818902011,4.2176613033993755,4.363630062264899,3.8620839404121194,3.4713589298287264,3.531581861785789,3.584686504547615,0.9836623440108994,0.08592311883321063,1.034660283041911,0.21151060210011005,0.926685008657448,0.22844819647159026
696,0.028678678678678682,4.837839647294857,4.965236146524292,4.909175748411687,4.223787443969295,4.369836567554616,3.868374853806744,3.4772134528277623,3.537339125241478,3.5908738005314538,0.9835173297538281,0.08590191191969691,1.0340169689334051,0.21146861271686765,0.9270967188147597,0.22842946025766928
697,0.029079079079079084,4.84345003198043,4.970843538823958,4.915163213745288,4.229908931401505,4.376037727959646,3.874665880800537,3.4830679508717215,3.5430951005865676,3.5970658190759286,0.9833671343322746,0.08588030333799747,1.033369778005846,0.2114245200406086,0.9275017905305235,0.22840886899479212
698,0.029479479479479487,4.84905395865416,4.976444440683013,4.921145160128825,4.236025731153999,4.382233500767978,3.8809569122308827,3.4889223871798283,3.5488497374109715,3.603262461534237,0.9832117673729867,0.0858583044750217,1.0327187287612383,0.21137835459160997,0.927900223515626,0.2283864575946717
699,0.02987987987987989,4.854651383167667,4.98203880516029,4.927121533078289,4.242137808673807,4.388423843198677,3.8872478389514145,3.494776723949662,3.5546029837989312,3.6094636276245575,0.9830512396251232,0.08583592669273742,1.0320638399966875,0.21133014690560062,0.9282920195276765,0.22836226089662076
700,0.03028028028028029,4.860242261261133,4.987626585748457,4.93309227836691,4.248245129381694,4.394608712384926,3.893538551859144,3.5006309223704175,3.5603547863584666,3.615669215507428,0.982885562932226,0.08581318132305257,1.0314051308072494,0.2112799275140032,0.9286771823084786,0.22833631364842008
701,0.030680680680680694,4.865826548582639,4.993207736388658,4.939057341992113,4.254347658657455,4.4007880653572355,3.8998289419211645,3.506484942638228,3.5661050902553972,3.6218791218642465,0.9827147502023225,0.08579007966274589,1.030742620588559,0.2112277269242718,0.9290557175177933,0.22830865048760893
702,0.031081081081081097,4.8714042007081195,4.998782211484603,4.945016670142254,4.260445361825834,4.406961859026873,3.9061189002009282,3.5123387439734968,3.5718538392518044,3.6280932419766954,0.9825388153762553,0.08576663296843857,1.0300763290392037,0.2111735756003384,0.9294276326636354,0.2282793059232015
703,0.0314814814814815,4.876975173161917,5.004349965916123,4.950970209163234,4.266538204143091,4.413130050169556,3.912408317884077,3.518192284640179,3.5776009757488008,3.6343114698069092,0.9823577733943365,0.0857428524516072,1.0294062761628446,0.21111750394320056,0.9297929370293035,0.22824831431785417
704,0.0318818818818819,4.882539421437877,5.0099109550520975,4.956917905525027,4.272626150784227,4.419292595409464,3.918697086303814,3.5240455219669418,3.583346440833453,3.640533698078193,0.9821716401614148,0.0857187492736334,1.0287324822700363,0.2110595422716721,0.9301516415973782,0.22821570987048723
705,0.032282282282282304,4.8880969010209565,5.015465134762799,4.962859705788255,4.27870916683091,4.425449451203605,3.924985096965811,3.5298984123701502,3.5890901743297112,3.646759818356104,0.9819804325104584,0.08569433454090261,1.0280549679797508,0.21099972080331036,0.9305037589709261,0.22818152659937013
706,0.03268268268268271,4.893647567409301,5.021012461431569,4.968795556570848,4.2847872172601,4.431600573826591,3.9312722415726262,3.5357509113785897,3.5948321148531672,3.6529897211297246,0.9817841681647608,0.0856696192999305,1.0273737542205694,0.2109380696355605,0.9308493032921382,0.22814579832568882
707,0.03308308308308311,4.899191376136733,5.026552891965841,4.974725404514889,4.290860266933387,4.437745919355882,3.937558412047644,3.5416029736598675,3.6005721998694646,3.659223295892931,0.9815828656988641,0.08564461453253157,1.0266888622315304,0.21087461872712523,0.931188290158654,0.22810855865759205
708,0.03348348348348351,4.904728282795633,5.032086383807465,4.980649196253724,4.296928280587074,4.443885443657513,3.9438435005584997,3.5474545530484027,3.6063103657561792,3.6654604312254975,0.9813765444983152,0.08561933115103167,1.0260003135626192,0.21080939787959085,0.9315207365378068,0.22806984097473523
709,0.033883883883883914,4.910258243060134,5.037612894942318,4.986566878379397,4.302991222823,4.450019102372382,3.9501273995399986,3.5533056025749343,3.612046547867971,3.671701014873851,0.9811652247183543,0.08559377999350601,1.0253081300748739,0.21074243671932846,0.9318466606790384,0.22802967841331945
710,0.034284284284284317,4.915781212709619,5.043132383909184,4.9924783974105145,4.309049058100111,4.456146850903115,3.956410001716513,3.559156074497457,3.6177806806047994,3.6779449338313146,0.980948927241655,0.08556797181906374,1.0246123339401034,0.21067376467969778,0.9321660820247377,0.22798810385163645
711,0.03468468468468472,4.921297147652439,5.048644809807876,4.998383699760603,4.31510175072681,4.462268644401576,3.9626912001238455,3.5650059203335025,3.6235126974830028,3.684192074417673,0.9807276736352167,0.08554191730316366,1.0239129476401927,0.21060341098357432,0.9324790211197506,0.22794514989612585
712,0.03508508508508512,4.926806003949831,5.0541501323065825,5.004282731707024,4.321149264854051,4.468384437757043,3.9689708881305528,3.5708550908936796,3.629242531209011,3.6904423223578986,0.9805014861065297,0.08551562703297082,1.023209993965992,0.21053140462621556,0.9327854995198095,0.22790084886794354
713,0.035485485485485524,4.932307737839963,5.059648311648419,5.01017543936055,4.327191564469222,4.474494185585102,3.975248959458721,3.5767035363163777,3.634970113755478,3.6966955628598925,0.9802703874591149,0.08548911150274915,1.0225034960157653,0.21045777435850363,0.9330855396991355,0.22785523279004813
714,0.035885885885885926,4.93780230576208,5.065139308657181,5.016061768635651,4.333228613390792,4.480597842217287,3.9815253082041844,3.5825512061035485,3.640695376439593,3.702951680691075,0.9800344010475665,0.08546238110929366,1.0217934771931998,0.2103825486705692,0.9333791649574725,0.22780833337480863
715,0.03628628628628627,4.943289664380679,5.070623084742256,5.021941665221572,4.33926037526373,4.486695361691525,3.987799828856176,3.5883980491574667,3.646418250003351,3.709210560253699,0.9797935507321902,0.08543544614740119,1.0210799612049544,0.21030575577583346,0.9336663993267882,0.22776018201213394
716,0.036686686686686676,4.948769770609675,5.076099601902717,5.027815074554277,4.345286813555699,4.492786697743389,3.994072416316413,3.5942440138183795,3.6521386646955327,3.7154720856587393,0.9795478608333672,0.08540831680538273,1.0203629720577463,0.21022742359547272,0.9339472674779046,0.2277108097581248
717,0.03708708708708708,4.9542425816365006,5.081568822730544,5.033681941789319,4.351307891554006,4.498871803798224,4.000342965917591,3.60008904790294,3.657856550355147,3.721736140798224,0.9792973560857468,0.0853810031606162,1.0196425340549633,0.21014757974334766,0.934221794627295,0.22766024732425102
718,0.03748748748748748,4.959708054946095,5.087030710413001,5.039542211775714,4.357323572363318,4.504950632964156,4.006611373441306,3.60593309874334,3.6635718364961067,3.7280026094158876,0.9790420615923805,0.0853535151751497,1.0189186717927992,0.21006625151139574,0.9344900064442994,0.22760852506705162
719,0.03788788788788788,4.96516614834472,5.092485228734128,5.045395829030872,4.363333818904135,4.511023138026033,4.012877535135375,3.6117761132270316,3.669284452392873,3.7342713751760273,0.9787820027789111,0.08532586269134061,1.0181914101558898,0.20998346585552244,0.9347519289589973,0.22755567297836077
720,0.038288288288288286,4.970616819983561,5.097932342075361,5.051242737716654,4.369338593911995,4.517089271440306,4.019141347730559,3.6176180378369485,3.6749943271668304,3.7405423217304437,0.9785172053479197,0.08529805542755607,1.017460774312477,0.20989924938200644,0.9350075884709603,0.22750172067605742
721,0.03868868868868869,4.9760600283820535,5.103372015415261,5.057082881616624,4.375337859937425,4.523148985330896,4.025402708456691,3.6234588186921206,3.6807013898731316,3.746815332783363,0.9782476952335472,0.08527010297391502,1.0167267897090566,0.20981362833443334,0.9352570114591492,0.22744669739533316
722,0.03908908908908909,4.981495732450896,5.108804214328346,5.062916204114528,4.3813315793465994,4.529202231486054,4.031661515058185,3.6292984015885894,3.6864055695877695,3.7530902921542464,0.9779734985564882,0.08524201478808952,1.015989482064544,0.20972662858118024,0.935500224493146,0.22739063198048237
723,0.03948948948948949,4.9869238915146745,5.114228904983029,5.06874264817409,4.387319714322718,4.535248961356251,4.037917665808938,3.6351367320405186,3.6921067954946216,3.7593670838383852,0.9776946415794651,0.08521380019116397,1.0152488773639246,0.2096382756034744,0.9357372541459732,0.22733355287721208
724,0.039889889889889896,4.992344465334076,5.119646054138656,5.074562156320145,4.393302226868065,4.541289126053108,4.044171059526612,3.6409737553214088,3.6978049969722164,3.7656455920652063,0.9774111506632852,0.0851854683635603,1.0145050018514177,0.20954859448403038,0.9359681269086976,0.22727548812546516
725,0.0402902902902903,4.9977574141276255,5.125055629141639,5.080374670621177,4.399279078806752,4.547322676349391,4.050421595586301,3.6468094165053153,3.703500103679974,3.771925701354203,0.9771230522235781,0.08515702834101818,1.013757882023122,0.2094576098962949,0.9361928691070424,0.22721646535275597
726,0.0406906906906907,5.003162698592883,5.130457597920697,5.086180132673312,4.405250231788117,4.5533495626800695,4.056669173933566,3.6526436605079677,3.709192045643675,3.778207296568425,0.9768303726883096,0.08512848901066081,1.0130075446191764,0.20936534609431068,0.9364115068202004,0.2271565117680171
727,0.0410910910910911,5.008560279927086,5.135851928981181,5.091978483585785,4.411215647290755,4.559369735144485,4.062913695096849,3.658476432127706,3.7148807533399157,3.784490262965463,0.9765331384561685,0.08509985910712427,1.012254016615408,0.2092718269032089,0.9366240658020538,0.22709565415595173
728,0.041491491491491506,5.013950119847157,5.141238591398519,5.097769663967951,4.417175286627179,4.565383143509598,4.0691550601992565,3.664307676086125,3.7205661577793108,3.7907744862458737,0.9762313758559164,0.0850711472087704,1.0114973252144959,0.20917707571035726,0.9368305714049808,0.22703391887188967
729,0.04189189189189191,5.01933218060904,5.146617554810761,5.10355361391786,4.423129110949073,4.571389737214355,4.075393170969707,3.6701373370683497,3.7262481905881994,3.7970598525989914,0.9759251111067837,0.0850423617339921,1.0107374978366357,0.20908111545716632,0.9370310485064374,0.22697133183714305
730,0.04229229229229231,5.0247064250263165,5.151988789410241,5.109330273012425,4.429077081253118,4.57738946537517,4.081627929753454,3.6759653597628383,3.73192678408864,3.8033462487460943,0.9756143702800022,0.08501351093760008,1.009974562109719,0.20898396863157362,0.9372255214384799,0.22690791853485534
731,0.04269269269269271,5.030072816488065,5.157352265934362,5.115099580299227,4.4350191583873775,4.583382276792509,4.087859239521971,3.6817916889006277,3.737601871376451,3.809633561980881,0.9752991792615504,0.08498460290731155,1.0092085458590305,0.20888565726121217,0.9374140139204007,0.22684370400634377
732,0.043093093093093116,5.0354313189759035,5.162707955655512,5.120861474289972,4.4409553030582085,4.589368119958606,4.094087003882203,3.687616269293935,3.743273386397094,3.81592168020724,0.9749795637161873,0.08495564556034664,1.0084394770964726,0.20878620290728125,0.9375965489946188,0.22677871284792908
733,0.04349349349349352,5.04078189708018,5.168055830370126,5.126615892955632,4.446885475837675,4.595346943066287,4.100311127085185,3.693439045874033,3.748941264019175,3.8222104919742868,0.9746555490528511,0.08492664664012696,1.0076673840093215,0.20868562665912524,0.9377731489659811,0.22671296920824832
734,0.04389389389389392,5.046124516015263,5.173395862386896,5.132362773723268,4.452809637171446,4.601318694018902,4.106531514034026,3.699259963728314,3.7546054401053612,3.828499886508657,0.9743271603914836,0.08489761371309465,1.006892294948514,0.2085839491295294,0.9379438353446049,0.22664649678604382
735,0.04429429429429432,5.051459141633906,5.17872802451416,5.138102053474579,4.458727747387139,4.6072833204413595,4.112748070291268,3.705078968136458,3.7602658515805225,3.834789753744057,0.9739944225313518,0.08486855416566096,1.006114238416501,0.20848119045074598,0.9381086287923859,0.2265793188284309
736,0.044694694694694725,5.056785740440616,5.1840522900464645,5.143833668546167,4.4646397667031055,4.613240769692262,4.1189607020856025,3.7108960046056447,3.7659224364968957,3.8410799843480605,0.9736573599209228,0.08483947520127258,1.005333243054639,0.20837737027125128,0.9382675490732932,0.22651145812963278
737,0.04509509509509513,5.062104279604028,5.189368632750335,5.149557554731521,4.470545655237594,4.619190988877112,4.125169316317973,3.716711018904716,3.7715751340961,3.847370469746175,0.9733159966293432,0.08481038383762807,1.0045493376301642,0.20827250775324574,0.9384206150075425,0.22644293703018215
738,0.04549549549549553,5.067414726968204,5.194677026849262,5.155273647284747,4.47644537301831,4.625133924862585,4.131373820567048,3.722523957097237,3.777223884867826,3.8536611021431812,0.9729703563195768,0.08478128690403369,1.0037625510227375,0.20816662157089635,0.9385678444297558,0.22637377741657996
739,0.04589589589589593,5.072717051062865,5.199977447007924,5.160981880926015,4.4823388799923,4.631069524291854,4.137574123094067,3.7283347655733756,3.782868630605042,3.8599517745417735,0.9726204622232456,0.08475219103891517,1.0029729122105793,0.20805972990933405,0.9387092541511792,0.22630400072141726
740,0.046296296296296335,5.078011221112484,5.205269868315671,5.166682189848732,4.488226136036174,4.636997733600938,4.14377013284708,3.734143391080546,3.788509314455553,3.8662423807585284,0.9722663371172121,0.08472310268748706,1.002180450256209,0.20795185046439948,0.9388448599260408,0.22623362792394267
741,0.04669669669669674,5.083297207044242,5.2105542662692885,5.17237450772843,4.494107100966604,4.642918499036058,4.149961759464571,3.7399497807527537,3.794145880969786,3.8725328154372334,0.9719080033019396,0.08469402809959307,1.0013851942917924,0.2078430004431448,0.9389746764220974,0.2261626795510775
742,0.047097097097097085,5.08857497949479,5.2158306167550625,5.178058767733353,4.499981734551084,4.648831766671967,4.156148913278471,3.7457538821385845,3.7997782761446555,3.8788229740596214,0.9715454825816581,0.08466497332772217,1.0005871735041196,0.20773319656509304,0.9390987171954306,0.22609117567887602
743,0.04749749749749749,5.093844509815805,5.221098896030178,5.183734902536723,4.505849996518939,4.654737482431241,4.162331505316584,3.7515556432277952,3.805406447463403,3.885112752953552,0.9711787962463634,0.08463594422520491,0.9997864171192179,0.2076224550642424,0.9392169946695222,0.22601913593441716
744,0.04789789789789789,5.0991057700783164,5.226359080703465,5.189402844330663,4.511711846572522,4.660635592104479,4.1685094473044035,3.757355012476444,3.811030343931282,3.8914020492986903,0.9708079650556667,0.08460694644461075,0.9989829543866169,0.20751079169183737,0.9393295201186417,0.22594657949813474
745,0.04829829829829829,5.104358733075754,5.231611147715532,5.195062524841759,4.517567244398605,4.666526041371406,4.174682651666355,3.763151938830529,3.8166499161070147,3.8976907611297493,0.970433009224512,0.08457798543632833,0.9981768145632788,0.20739822171987368,0.9394363036555573,0.22587352510656666
746,0.048698698698698695,5.109603372325744,5.236855074318306,5.200713875348216,4.523416149679912,4.672408775822821,4.180851031526456,3.768946371748096,3.822265116129918,3.903978787337349,0.9700539484107656,0.08454906644737142,0.9973680268972087,0.20728475994536036,0.939537354223574,0.2257999910555354
747,0.0490990990990991,5.114839662070576,5.242090838054012,5.206356826698586,4.529258522106784,4.678283740983365,4.187014500708411,3.774738261219771,3.827875897742629,3.910266027666564,0.9696708017046868,0.08452019452038134,0.9965566206107542,0.20717042069530778,0.9396326795928963,0.22572599520373393
748,0.0494994994994995,5.120067577276372,5.247318416733618,5.211991309332016,4.535094321388936,4.684150882335069,4.193172973735148,3.780527557787698,3.8334822163093754,3.9165523827132307,0.9692835876202734,0.08449137449286274,0.995742624883616,0.2070552178324574,0.939722286361292,0.22565155497672915
749,0.0498998998998999,5.125287093630916,5.252537788414788,5.2176172532999905,4.540923507267289,4.6900101453416365,4.199326365827798,3.786314212562852,3.8390840288297357,3.9228377539180928,0.9688923240884809,0.08446261099663908,0.9949260688355753,0.20693916476172747,0.9398061799590227,0.22557668737137018
750,0.050300300300300305,5.130498187540136,5.257748931379356,5.223234588289505,4.546746039525846,4.695861475473424,4.205474592904155,3.792098177240704,3.8446812939478563,3.9291220435588596,0.9684970284522981,0.08443390845754799,0.9941069815089573,0.2068222744373718,0.9398843646580205,0.22550140896059034
751,0.05070070070070071,5.135700836123243,5.2629518241103765,5.22884324364762,4.5525618780035915,4.701704818233059,4.211617571576587,3.7978794041152235,3.8502739719571055,3.9354051547402737,0.9680977174636635,0.08440527109537269,0.9932853918508465,0.20670455937083662,0.9399568435852234,0.22542573589860698
752,0.05110110110110111,5.1408950172064936,5.268146445268768,5.234443148407361,4.558370982606383,4.707540119181673,4.217755219149459,3.8036578460912103,3.855862024800147,3.9416869913822605,0.9676944072822041,0.08437670292402402,0.9924613286950605,0.2065860316393123,0.9400236187400483,0.22534968392650362
753,0.05150150150150151,5.146080709315594,5.273332773669593,5.240034231314879,4.564173313318816,4.713367323965672,4.223887453616034,3.8094334566949377,3.861445416064445,3.9479674582062687,0.9672871134757639,0.08434820775197106,0.9916348207439061,0.20646670289494987,0.9400846910158878,0.22527326837819417
754,0.051901901901901915,5.151257891666734,5.278510788258008,5.245616420857823,4.569968830216038,4.719186378344017,4.230014193654904,3.8152061900831167,3.867024110973213,3.9542464607198795,0.9668758510226928,0.08431978918293065,0.9908058965497242,0.20634658437473813,0.9401400602255807,0.22519650418675663
755,0.05230230230230232,5.156426544156244,5.283680468084919,5.2511896452948585,4.575757493475491,4.724997228215953,4.236135358625947,3.820976001050173,3.872598076371831,3.9605239051998002,0.9664606343158568,0.08429145061681752,0.9899745844962365,0.20622568691102003,0.9401897251307398,0.22511940589113172
756,0.05270270270270272,5.161586647348892,5.288841792282378,5.256753832686257,4.581539263388548,4.7307998196491186,4.242250868565814,3.8267428450338494,3.878167280709784,3.9667996986733245,0.9660414771683298,0.08426319525096235,0.9891409127797238,0.20610402094263272,0.9402336834748335,0.2250419876431789
757,0.05310310310310312,5.16673818246481,5.293994740038766,5.262308910925483,4.587314100372048,4.7365940989080135,4.248360644183004,3.832506678119136,3.8837316940181603,3.973073748898376,0.9656183928207187,0.0842350260815959,0.9883049093900158,0.20598159652664388,0.9402719320199319,0.22496426321507987
758,0.053503503503503524,5.171881131365074,5.299139290573789,5.2678548077717124,4.593081964979677,4.742380012482733,4.254464606852486,3.838267457040557,3.889291287882799,3.9793459643422366,0.9651913939500713,0.08420694590560521,0.9874666020913506,0.2058584233506722,0.9403044665869512,0.2248862460070798
759,0.05390390390390393,5.177015476535925,5.304275423113331,5.273391450883184,4.598842817913211,4.748157507117928,4.260562678609942,3.844025139182819,3.894846035413142,3.9856162541590563,0.9647604926803061,0.08417895732256851,0.98662601840307,0.20573451074575888,0.9403312820993094,0.22480794905555807
760,0.05430430430430433,5.182141201071667,5.309403116864202,5.2789187678513185,4.604596620033566,4.753926529841939,4.266654782145603,3.849779682579853,3.900395911206903,3.991884528166269,0.964325700594116,0.08415106273705845,0.9857831855802014,0.20560986769977813,0.9403523726298156,0.22472938504142206
761,0.05470470470470473,5.187258288656243,5.314522350988829,5.284436686235503,4.610343332371668,4.7596870279960175,4.27274084079773,3.8555310459122776,3.9059408913106455,3.9981506968200082,0.9638870287462654,0.0841232643612297,0.9849381305939172,0.20548450287135048,0.9403677314506642,0.2246505662988023
762,0.055105105105105134,5.192366723543508,5.319633104579906,5.289945133598462,4.616082916139116,4.765438949263608,4.278820778545741,3.8612791885033118,3.9114809531763943,4.0044146711896405,0.9634444876782255,0.08409556421767594,0.984090880111882,0.20535842460423043,0.9403773510863714,0.22457150482405333
763,0.05550550550550554,5.197466490536221,5.324735356635067,5.295444037542134,4.621815332738607,4.771182241699596,4.284894520003012,3.8670240703131786,3.917016075614402,4.010676362931525,0.9629980874340693,0.08406796414256812,0.9832414604785196,0.20523164094215424,0.9403812233694792,0.22449221228503025
764,0.05590590590590594,5.202557574963784,5.329829086031611,5.300933325743917,4.627540543774142,4.776916853759488,4.290961990409363,3.8727656519320353,3.922546238742216,4.016935684262109,0.96254783757755,0.08404046578906406,0.9823898976951835,0.20510415964410372,0.9403793394988677,0.22441270003065084
765,0.05630630630630634,5.207639962658739,5.334914271501316,5.306412925993243,4.633258511060968,4.7826427343284355,4.297023115623272,3.878503894571478,3.9280714239301866,4.0231925479304715,0.9620937472102866,0.08401307063099142,0.9815362174002595,0.2049759881999578,0.9403716901004902,0.22433297910070252
766,0.056706706706706744,5.212713639932064,5.339990891605385,5.311882766228337,4.638969196635259,4.788359832750058,4.303077822113813,3.8842387600546644,3.9335916137435945,4.029446867190423,0.9616358249909717,0.08398577996679794,0.9806804448492079,0.20484713384650755,0.9403582652903367,0.22425306023590355
767,0.05710710710710715,5.217778593547291,5.345058924709567,5.317342774573085,4.644672562763523,4.794068098854996,4.309126036952354,3.889970210805113,3.939106791881548,4.03569855577227,0.9611740791555164,0.08395859492376545,0.9798226048945446,0.20471760358379046,0.9403390547394526,0.22417295388819203
768,0.05750750750750755,5.222834810693484,5.350118348959477,5.322792879373884,4.650368571951726,4.799767482989124,4.315167687804043,3.8956982098342205,3.944616943112848,4.041947527854363,0.9607085175380412,0.08393151646249003,0.9789627219657808,0.2045874041917175,0.9403140477407954,0.2240926702312256
769,0.057907907907907896,5.227882278957095,5.355169142256179,5.328233009236404,4.656057186954115,4.80545793604137,4.321202702919089,3.9014227207275742,3.9501220532090016,4.048193698034518,0.9602391475926269,0.08390454538160413,0.9781008200493261,0.20445654224695495,0.9402832332777372,0.22401221917108508
770,0.0583083083083083,5.232920986292767,5.360211282232053,5.3336630930621185,4.661738370781751,4.811139409471073,4.327231011123885,3.907143707630102,3.9556221088745875,4.054436981301436,0.9597659764157265,0.0838776823227568,0.9772369226683548,0.20432502414001902,0.9402466000940133,0.22393161035714743
771,0.0587087087087087,5.237950920993084,5.365244746226973,5.339083060084518,4.667412086710713,4.81681185533481,4.33325254181197,3.9128611352301323,3.961117097675181,4.060677293006212,0.9592890107691446,0.08385092777582548,0.9763710528626613,0.20419285609255652,0.9402041367648796,0.22385085319313253
772,0.059109109109109104,5.242972071657342,5.370269511264864,5.344492839904887,4.673078298290008,4.8224752263126405,4.339267224934876,3.918574968742432,3.966607007963051,4.066914548834045,0.9588082571034855,0.08382428208436253,0.9755032331684832,0.20406004417476317,0.9401558317693017,0.22376995684828074
773,0.059509509509509506,5.247984427159362,5.375285554030654,5.349892362527542,4.678736969349143,4.8281294757337045,4.345274990992881,3.9242851738902913,3.972091828800857,4.073148664776241,0.9583237215819705,0.08379774545125672,0.9746334855983245,0.20392659432290214,0.9401016735629254,0.22368893026865627
774,0.05990990990990991,5.252987976614405,5.380292850847663,5.355281558394416,4.684388064005383,4.833774557601103,4.35127577102569,3.929991716886719,3.9775715498835726,4.079379557102621,0.9578354101045267,0.08377131794461241,0.9737618316207662,0.20379251235689153,0.9400416506516323,0.22360778218855248
775,0.06031031031031031,5.2579827093452325,5.3852913776554585,5.36066035841887,4.690031546670678,4.8394104266160065,4.3572694966030605,3.935694564414833,3.9830461614588697,4.085607142334416,0.9573433283320353,0.08374499950382021,0.9728882921402777,0.20365780399790262,0.9399757516654395,0.22352652114197413
776,0.060710710710710714,5.262968614847347,5.39028110998822,5.3660286940186355,4.695667382058254,4.845037038200938,4.363256099815424,3.9413936836075134,3.988515654246208,4.091831337217743,0.9568474817106498,0.08371878994581601,0.972012887477024,0.20352247488594558,0.9399039654325431,0.22344515547416974
777,0.061111111111111116,5.267945682753495,5.395262022953651,5.371386497147765,4.701295535188879,4.850654348522164,4.369235513264503,3.947089042026398,3.993980019354877,4.098052058697768,0.9563478754960707,0.08369268897151383,0.9711356373466883,0.203386530597388,0.9398262810532594,0.2233636933532048
778,0.06151151151151152,5.27291390279745,5.40023409121245,5.376733700327472,4.706915971396802,4.856262314511135,4.375207670053965,3.952780607640299,3.999439248201234,4.104269223893622,0.9558445147776713,0.08366669617239553,0.9702565608402811,0.20324997666236957,0.9397426879736638,0.22328214278153174
779,0.06191191191191192,5.277873264777157,5.4051972889584015,5.382070236675776,4.712528656335342,4.861860893884933,4.381172503780135,3.9584683488031205,4.0048933324254,4.110482750074172,0.9553374045023815,0.08364081103724384,0.969375676403983,0.20311281858206837,0.9396531760586774,0.22320051160754822
780,0.062312312312312323,5.282823758517279,5.410151589899089,5.387396039935803,4.718133555982171,4.867450045165651,4.3871299485227935,3.9641522342313555,4.010342263807665,4.116692554634702,0.9548265494982104,0.08361503295900444,0.9684930018189718,0.20297506184577713,0.9395577356644115,0.223118807537106
781,0.06271271271271273,5.2877653738312045,5.415096967237285,5.39271104450266,4.723730636644247,4.8730297276986665,4.3930799388360855,3.969832232981248,4.015786034184866,4.122898555074617,0.9543119544973164,0.08358936124175316,0.9676085541812744,0.2028367119477423,0.9394563577095176,0.2230370381449458
782,0.06311311311311313,5.2926981004825855,5.420033393653031,5.39801518544877,4.729319864962434,4.878599901669768,4.399022409739571,3.9755083144256957,4.0212246353669885,4.129100668976205,0.9537936241585149,0.08356379510776628,0.9667223498816228,0.2026977744037269,0.9393490337453544,0.22295521088603623
783,0.06351351351351353,5.297621928146449,5.424960841286433,5.403308398547549,4.734901207915801,4.88416052812105,4.404957296709434,3.9811804482309845,4.026658059054271,4.135298813984551,0.9532715630891222,0.08353833370465452,0.9658344045853141,0.20255825476725098,0.9392357560247324,0.22287333310677956
784,0.06391391391391393,5.302536846369956,5.4298792817212105,5.408590620295316,4.740474632825588,4.889711568965575,4.41088453566989,3.986848604333426,4.03208629675505,4.141492907788651,0.9527457758660367,0.08351297611256353,0.9649447332120816,0.20241815864547022,0.9391165175690426,0.22279141205605874
785,0.06431431431431434,5.307442844532865,5.434788685969015,5.413861787931356,4.746040107358883,4.8952529870007195,4.416804062984799,3.992512752915992,4.0375093397046244,4.147682868103802,0.9522162670559603,0.08348772135140023,0.9640533499159695,0.20227749171464038,0.9389913122335467,0.22270945489609842
786,0.06471471471471474,5.312339911807758,5.439689024454541,5.419121839456003,4.751597599531967,4.900784745920186,4.4227158154495285,3.9981728643850127,4.042927178785387,4.1538686126553035,0.9516830412346522,0.0834625683880872,0.9631602680652036,0.20213625973514027,0.9388601347706418,0.22262746871310551
787,0.06511511511511514,5.317228037120099,5.4445802670014505,5.424370713646655,4.757147077713369,4.906306810324631,4.42861973028308,4.00382890934704,4.048339804448488,4.160050059163539,0.9511461030051337,0.08343751614380474,0.9622655002220653,0.20199446856599243,0.9387229808908841,0.2225454605276591
788,0.06551551551551554,5.322107209108192,5.449462382819135,5.429608350071631,4.762688510626624,4.9118191457308775,4.434515745120501,4.00948085858593,4.053747206637276,4.166227125330475,0.9506054570147409,0.08341256350120946,0.961369058122757,0.20185212417885856,0.9385798473215874,0.22246343730482412
789,0.06591591591591595,5.326977416083083,5.454335340490329,5.4348346891017565,4.768221867352742,4.917321718579662,4.4404037980056215,4.01512868304025,4.059149374712767,4.17239972882762,0.950061107970938,0.08338770931160977,0.9604709526572556,0.2017092326714507,0.9384307318628181,0.22238140596394274
790,0.06631631631631635,5.331838645988501,5.459199107959586,5.440049671919598,4.773747117332385,4.922814496241914,4.446283827384121,4.020772353781063,4.0645462973814,4.178567787285483,0.9495130606558021,0.08336295240206985,0.9595711938491517,0.20156580028033366,0.9382756334405837,0.22229937338809566
791,0.06671671671671675,5.336690886360871,5.464053652522652,5.445253240526257,4.779264230367779,4.928297447023504,4.452155772096959,4.0264118419901855,4.069937962625291,4.1847312182845595,0.9489613199391004,0.08333829158242526,0.9586697908354699,0.2014218333930692,0.9381145521570677,0.2222173464331739
792,0.06711711711711715,5.341534124289487,5.468898940816714,5.450445337745619,4.7847731766243555,4.933770540168462,4.458019571374189,4.0320471189389755,4.075324357635246,4.190889939347878,0.9484058907898695,0.08331372565218449,0.9577667518464539,0.2012773385596647,0.93794748933773,0.22213533193655408
793,0.06751751751751756,5.3463683463769,5.473734938811571,5.455625907226009,4.790273926632127,4.939233745860623,4.463875164829173,4.037678155967738,4.080705468746754,4.19704386793512,0.947846778286427,0.083289253407298,0.9568620841853324,0.20113232250329632,0.9377744475751115,0.22205333672532515
794,0.06791791791791796,5.3511935386995795,5.478561611801714,5.4607948934391315,4.795766451286815,4.9446870352237005,4.46972249245323,4.043304924465799,4.086081281379165,4.203192921438345,0.9472839876247384,0.0832648736467678,0.9559557942080278,0.2009867921302596,0.9375954307692175,0.22197136762405356
795,0.0683183183183183,5.35600968676893,5.483378924399322,5.465952241676264,4.801250721850726,4.950130380319745,4.475561494610719,4.048927395852335,4.09145177997828,4.209337017179317,0.9467175241250699,0.08324058517907952,0.9550478873028381,0.20084075453911865,0.9374104441643071,0.22188943146203602
796,0.06871871871871871,5.3608167754927,5.488186840528193,5.471097898041598,4.806726709953405,4.955563754146004,4.481392112034593,4.054545541558004,4.096816947962556,4.215476072408457,0.9461473932368603,0.08321638682843216,0.9541383678700441,0.20069421702902812,0.9372194943819878,0.22180753508002943
797,0.06911911911911911,5.365614789136869,5.492985323418595,5.476231809442682,4.812194387592031,4.960987130630146,4.487214285822425,4.060159333007444,4.102176767673099,4.221610004305403,0.9455736005417553,0.0831922774407448,0.95322723930147,0.20054718710717656,0.9370225894504789,0.22172568533641346
798,0.06951951951951951,5.370403711288061,5.497774335603053,5.481353923577901,4.817653727131622,4.9664004846238585,4.493027957432942,4.065768741602713,4.107531220327664,4.227738729981202,0.9449961517547424,0.0831682558894159,0.9523145039599716,0.200399672495342,0.9368197388299291,0.22164388911275892
799,0.06991991991991992,5.375183524816547,5.502553838913056,5.4864641889209285,4.823104701305003,4.971803791894816,4.498833068683065,4.071373738707687,4.112880285978791,4.233862166482103,0.9444150527233399,0.08314432108081996,0.9514001631588402,0.20025168113551653,0.9366109534337123,0.22156215331877832
800,0.07032032032032032,5.379954211839903,5.507323794476697,5.491562554702115,4.828547283212573,4.977197029117008,4.504629561745476,4.076974295633513,4.118223943476278,4.239980230794953,0.9438303094247908,0.08312047195951251,0.9504842171411314,0.2001032211945841,0.9363962456455801,0.22148048489662647
801,0.07072072072072072,5.384715753687356,5.512084162717218,5.496648970886753,4.83398144632187,4.98258017385944,4.5104173791467295,4.082570383625126,4.123562170434107,4.246092839854179,0.9432419279612205,0.08309670751312898,0.9495666650588931,0.19995430106801612,0.9361756293326161,0.22139889082452371
802,0.07112112112112112,5.389468130864921,5.5168349033524775,5.501723388150183,4.839407164466944,4.987953204573219,4.516196463765907,4.088161973848892,4.128894943201993,4.252199910550333,0.9426499145527243,0.08307302677695731,0.9486475049522975,0.1998049293825757,0.9359491198539175,0.22131737811968177
803,0.07152152152152152,5.394211323021325,5.521575975395308,5.506785757849715,4.844824411847537,4.993316100577016,4.521966758833846,4.0937490373814125,4.1342222368416355,4.258301359740166,0.9420542755283554,0.08304942883815773,0.9477267337286566,0.19965511499799501,0.9357167340649557,0.2212359538404994
804,0.07192192192192193,5.398945308914819,5.526307337154762,5.5118360319933215,4.850233163028085,4.998668842040946,4.527728207932922,4.099331545199527,4.139544025107834,4.26439710425822,0.9414550173149818,0.08302591283962808,0.9468043471413274,0.19950486700762166,0.9354784903175567,0.22115462508801415
805,0.07232232232232233,5.403670066380904,5.5310289462382345,5.516874163205094,4.855633392936533,5.004011409968859,4.533480754997427,4.104909468171534,4.14486028043452,4.270487060929891,0.9408521464240052,0.08300247798347395,0.945880339768486,0.19935419473800714,0.9352344084554917,0.22107339900657896
806,0.07272272272272273,5.408385572301016,5.535740759554431,5.52190010468744,4.861025076862994,5.009343786179087,4.539224344314515,4.110482777049673,4.150170973925809,4.276571146585926,0.9402456694359151,0.08297912353408878,0.9449547049917666,0.19920310774743583,0.9349845098056426,0.22099228278375666
807,0.07312312312312313,5.4130918025722385,5.54044273331718,5.526913810180011,4.866408190458218,5.014665953283648,4.54495892052574,4.116051442463872,4.155476075352142,4.282649278078316,0.939635592982687,0.08295584882081448,0.94402743497477,0.1990516158233684,0.9347288171647447,0.22091128364939927
808,0.07352352352352354,5.417788732078055,5.545134823050052,5.531915233915365,4.871782709731913,5.019977894665971,4.550684428629193,4.121615434916795,4.16077555315155,4.288721372297533,0.9390219237280047,0.08293265324017551,0.9430985206414036,0.19889972897880928,0.9344673547817125,0.22083040887391292
809,0.07392392392392394,5.422476334660213,5.549816983591773,5.536904330571364,4.877148611050895,5.025279594457132,4.556400813982211,4.1271747247801835,4.1660693744360975,4.294787346191071,0.9384046683453321,0.08290953625766705,0.9421679516540846,0.19874745744757366,0.934200148335564,0.2207496657656778
810,0.07432432432432434,5.427154583091709,5.554489169102401,5.541881055220308,4.882505871137082,5.030571037510672,4.562108022304689,4.132729282292511,4.171357505003518,4.300847116783227,0.9377838334938279,0.082886497409092,0.9412357163917687,0.19859481167846957,0.9339272249089751,0.22066906166762604
811,0.07472472472472474,5.431823449050953,5.559151333070232,5.5468453632748504,4.887854467065321,5.035852209376031,4.567805999682973,4.138279077557955,4.176639909354041,4.3069006011960695,0.9371594257921328,0.08286353630142937,0.9403018019278114,0.19844180232837969,0.9336486129575133,0.22058860395295804
812,0.07512512512512515,5.4364829030971284,5.5638034283194235,5.551797210430683,4.893194376261068,5.041123096270625,4.5734946925743305,4.143824080546677,4.181916550712407,4.312947716671542,0.9365314517900478,0.08284065261323084,0.9393661940076579,0.19828844025425535,0.9333643422746004,0.22050830001999777
813,0.07552552552552555,5.441132914646777,5.568445407018278,5.556736552606062,4.898525576497903,5.046383685050633,4.579174047812009,4.149364261096404,4.187187391055049,4.31898838059462,0.9358999179381297,0.08281784609452907,0.9384288770263411,0.19813473650402344,0.9330744439522781,0.22042815728617307
814,0.07592592592592595,5.445773451951649,5.573077220688171,5.561663345878186,4.9038480458948905,5.051633963180533,4.584844012610838,4.154899588915308,4.19245239114237,4.325022510517472,0.93526483055525,0.08279511656626454,0.9374898340058082,0.19798070230641548,0.9327789503378567,0.2203481831811315
815,0.07632632632632635,5.450404482077827,5.577698820213079,5.566577546416486,4.909161762913771,5.056873918701453,4.590504534573412,4.160430033586154,4.197711510556103,4.33105002418456,0.9346261957941471,0.08277246391920678,0.9365490465720449,0.197826349059732,0.932477894986535,0.22026838513898078
816,0.07672672672672676,5.455025970886131,5.582310155849665,5.571479110412885,4.914466706356001,5.062103540198375,4.596155561696801,4.165955564571713,4.202964707741621,4.33707083955858,0.933984019605028,0.08274988811238607,0.9356064949320071,0.1976716883195525,0.9321713126101091,0.22018877058966466
817,0.07712712712712716,5.45963788301385,5.5869111772378925,5.57636799400908,4.919762855359618,5.067322816766278,4.601797042379785,4.1714761512213885,4.208211940055157,4.343084874847202,0.9333383076972673,0.08272738917102326,0.9346621578503598,0.19751673178541534,0.9318592390218731,0.22010934694947978
818,0.07752752752752756,5.464240181857785,5.591501833412108,5.581244153220928,4.925050189395941,5.072531737975256,4.607428925430625,4.176991762779055,4.213453163815791,4.349092048530519,0.9326890654992696,0.08270496718395523,0.9337160126260085,0.1973614912864787,0.9315417110778519,0.22003012161073615
819,0.07792792792792796,5.468832829558616,5.596082072812564,5.586107543860009,4.930328688266092,5.077730293834708,4.613051160075301,4.18250236839205,4.218688334362092,4.35509227938912,0.9320362981165558,0.08268262230056492,0.9327680350684342,0.19720597876619234,0.9312187666145019,0.21995110193058384
820,0.07832832832832837,5.473415786986603,5.60065184329732,5.590958121452442,4.935598332097337,5.082918474756647,4.61866369596624,4.188007937121286,4.22391740611328,4.361085486532731,0.9313800102881413,0.08266035472721386,0.9318181994738223,0.19705020626600672,0.9308904443830253,0.21987229521901366
821,0.07872872872872877,5.477989013728609,5.605211092154488,5.5957958411550734,4.94085910133924,5.088096271518197,4.624266483191494,4.1935084379524445,4.229140332634734,4.367071589429309,0.930720206341297,0.08263816472318376,0.9308664786009877,0.19689418590814212,0.9305567839804798,0.21979370872605078
822,0.07912912912912912,5.482552468076452,5.609759766114758,5.600620657669104,4.946110976759627,5.093263675223388,4.6298594722843385,4.199003839808197,4.234357066707697,4.373050507934552,0.9300568901447519,0.08261605259613625,0.9299128436470979,0.19673792987746114,0.9302178257778247,0.21971534962816813
823,0.07952952952952952,5.487106107016564,5.614297811364157,5.6054325251513,4.95135393944034,5.098420677264277,4.635442614233282,4.2044941115614005,4.239567560402983,4.379022162321698,0.929390065060445,0.08259401869709176,0.9289572642231941,0.19658145040246716,0.9298736108451151,0.21963722501393335
824,0.07992992992992992,5.491649886220948,5.618825173556993,5.610231397122864,4.956587970772777,5.1035672692815135,4.641015860492439,4.209979222049208,4.244771765158471,4.384986473311558,0.9287197338939073,0.08257206341494958,0.9279997083295181,0.1964247597354753,0.9295241808740162,0.2195593418689309
825,0.08033033033033032,5.496183760039418,5.623341797828918,5.615017226376133,4.961813052453222,5.108703443124418,4.646579162992253,4.215459140088042,4.249969631860197,4.390943362102691,0.9280458988433761,0.08255018717054576,0.9270401423306353,0.19626787013199765,0.9291695780978562,0.2194817070599741
826,0.08073073073073073,5.500707681493094,5.627847628810057,5.619789964879195,4.96702916647793,5.113829190810653,4.652132474150521,4.220933834489356,4.2551611109267995,4.396892750401635,0.9273685614477324,0.08252839041028037,0.9260785309303724,0.1961107938293817,0.9288098452093985,0.21940432731866
827,0.08113113113113113,5.505221602269128,5.632342610638148,5.624549563678589,4.9722362951379795,5.118944504485576,4.657675746883711,4.226403274076125,4.260346152397078,4.402834560453116,0.9266877225333804,0.08250667359931534,0.925114837146566,0.1959535430247514,0.9284450252765875,0.2193272092242799
828,0.08153153153153153,5.509725472716624,5.6368266869716255,5.629295972800223,4.977434421013862,5.124049376381367,4.663208934618499,4.231867427699981,4.2655247060204164,4.4087687150701385,0.9260033821601712,0.08248503721436516,0.924149022285639,0.1957961298522998,0.9280751616564565,0.21925035918615055
829,0.08193193193193193,5.514219241843725,5.641299801002596,5.634029141148656,4.982623526969806,5.129143798776013,4.66873199130353,4.237326264258935,4.2706967213497995,4.414695137663889,0.9253155395664779,0.08246348173610392,0.9231810459169876,0.19563856635998986,0.9277002979074548,0.21917378342538885
830,0.08233233233233234,5.518702857315824,5.645761895469631,5.638749016404922,4.987803596147826,5.134227763952242,4.674244871421324,4.242779752715601,4.275862147837149,4.420613752273361,0.9246241931135537,0.08244200764120661,0.9222108658472264,0.19548086448571134,0.9273204777004188,0.21909748795618889
831,0.08273273273273274,5.5231762654548335,5.650212912670322,5.643455544923036,4.992974611961469,5.139301264156493,4.679747530000316,4.248227862115832,4.281020934930688,4.426524483594617,0.9239293402292758,0.08242061539403929,0.9212384380942582,0.19532303603295706,0.9269357447284265,0.21902147856664525
832,0.08313313313313314,5.527639411239506,5.654652794473532,5.648148671625384,4.998136558089268,5.144364291558022,4.685239922626977,4.253670561607707,4.286173032174046,4.432427257009618,0.9232309773514104,0.08239930543804,0.920263716861211,0.19516509264607512,0.9265461426158018,0.21894576079916825
833,0.08353353353353354,5.532092238306709,5.659081482331271,5.65282833989714,5.003289418467851,5.149416838208234,4.690722005457958,4.259107820460761,4.29131838930678,4.438321998614525,0.9225290998705147,0.08237807818680251,0.9192866545102365,0.1950070457851638,0.9261517148264932,0.21887033993056162
834,0.08393393393393395,5.536534688953617,5.66349891729014,5.657494491479931,5.008433177284743,5.154458896000332,4.696193735232238,4.264539608085398,4.296456956366013,4.444208635247407,0.9218237020726093,0.0823569340148938,0.9183072015361846,0.19484890670067131,0.9257525045721113,0.2187952209518026
835,0.08433433433433435,5.540966704140765,5.667905040002269,5.662147066364906,5.013567818970786,5.1594904566293645,4.7016550692832055,4.269965894052375,4.301588683788861,4.450087094515276,0.9211147770817492,0.08233587324843614,0.9173253065401813,0.19469068640776238,0.9253485547198546,0.2187204085475912
836,0.08473473473473475,5.54538822349587,5.672299790735675,5.666786002685423,5.018693328192227,5.164511511552798,4.707105965550633,4.275386648112282,4.3067135225153175,4.455957304820368,0.9204023168026146,0.08231489615548891,0.9163409162030913,0.19453239566053782,0.9249399077006125,0.21864590707573764
837,0.08513513513513515,5.549799185318377,5.676683109383984,5.6714112366095595,5.023809689842392,5.169522051951667,4.712546382592498,4.280801840214925,4.311831424091268,4.461819195385601,0.91968631186327,0.08229400293625232,0.9153539752589207,0.19437404492615276,0.9245266054174854,0.21857172054643678
838,0.08553553553553556,5.554199526584637,5.68105493547545,5.676022702232629,5.028916889032988,5.174522068692412,4.7179762795965985,4.286211440528527,4.316942340771287,4.467672696279153,0.9189667515582061,0.08227319371313477,0.9143644264681462,0.19421564435893185,0.924108689154988,0.21849785260150803
839,0.08593593593593596,5.558589182953647,5.6854152081811735,5.680620331469927,5.034014911084986,5.179511552289514,4.723395616391898,4.2916154194586476,4.322046225620879,4.473517738438064,0.9182436237918098,0.0822524685207192,0.9133722105909978,0.19405720377454097,0.9236861994892143,0.21842430649367062
840,0.08633633633633636,5.5629680887732595,5.689763866322494,5.685204053949923,5.039103741519081,5.184490492868976,4.728804353459573,4.297013747666734,4.327143032617817,4.479354253690824,0.9175169150223886,0.08223182729566043,0.9123772663607088,0.1938987326242956,0.9232591761992059,0.21835108506591308
841,0.08673673673673676,5.56733617708678,5.6941008483774445,5.689773796908104,5.044183366045704,5.1894588801327695,4.734202451943673,4.302406396088224,4.332232716752236,4.485182174778872,0.9167866102068825,0.08221126986655121,0.9113795304567659,0.19374023996968553,0.9228276581797806,0.21827819073103802
842,0.08713713713713717,5.571693379639868,5.6984260924862316,5.69432948508169,5.049253770554596,5.194416703324331,4.739589873661383,4.307793335950091,4.33731523412512,4.491001435376946,0.9160526927463976,0.0821907959438036,0.9103789374781521,0.19358173445719182,0.9223916833561098,0.21820562545145497
843,0.08753753753753757,5.576039626887628,5.702739536455646,5.698871040605459,5.054314941103903,5.199363951195175,4.7449665811127835,4.31317453878777,4.342390542044853,4.496811970112233,0.9153151444326829,0.08217040510957527,0.9093754199166225,0.19342322429348238,0.9219512886002524,0.21813339071929533
844,0.08793793793793797,5.580374848001817,5.707041117762357,5.703398382908878,5.059366863908789,5.204300611972732,4.750332537490095,4.318549976461348,4.347458599121472,4.502613714582266,0.914573945395693,0.08215009680778863,0.90836890813003,0.19326471722105876,0.9215065096499346,0.21806148753692103
845,0.08833833833833837,5.5846989708780495,5.711330773554996,5.707911428614798,5.064409525329567,5.209226673329467,4.755687706686327,4.323919621170966,4.352519365358285,4.508406605371509,0.9138290740523477,0.08212987033428105,0.9073593303157107,0.19310622049444526,0.9210573810297947,0.2179899163979112
846,0.08873873873873878,5.589011922142901,5.715608440654997,5.712410091439912,5.069442911859318,5.214142122353371,4.761032053303277,4.3292834454713205,4.3575728022405205,4.514190580066608,0.9130805070566207,0.08210972482713069,0.9063466124839655,0.1929477408569954,0.9206039359753394,0.21791867726859876
847,0.08913913913913918,5.593313627160808,5.719874055556085,5.71689428209722,5.074467010110996,5.219046945519901,4.766365542658834,4.334641422285208,4.362618872820657,4.51996557727023,0.9123282192510784,0.08208965925719763,0.9053306784316424,0.1927892845184029,0.9201462063598528,0.21784776957023566
848,0.08953953953953958,5.59760401004065,5.724127554422374,5.7213639082007335,5.079481806804008,5.223941128665431,4.771688140793517,4.339993524916023,4.367657541800117,4.525731536613486,0.9115721836199837,0.08206967241892937,0.9043114497158578,0.1926308571330045,0.9196842226244621,0.2177771921618698
849,0.08993993993993993,5.601882993641907,5.728368873085006,5.725818874172623,5.084487288750264,5.228824656962286,4.7769998144762065,4.345339727059135,4.372688775607004,4.531488398766887,0.9108123712440768,0.08204976292147062,0.903288845627866,0.19247246377894522,0.9192180137115984,0.21770694332399965
850,0.09034034034034033,5.606150499580271,5.732597947037251,5.730259081153069,5.0894834428396845,5.233697514895428,4.782300531208994,4.350680002812083,4.377712542469552,4.537236105449805,0.910048751257147,0.08202992918011948,0.902262783167101,0.19231410893830567,0.9187476070020443,0.21763702074310107
851,0.09074074074074073,5.6104064482326015,5.736814711428019,5.734684426913014,5.094470256025155,5.238559686240845,4.7875902592311155,4.35601432668351,4.382728812484997,4.542974599438414,0.9092812908045005,0.0820101694081851,0.9012331770154219,0.19215579647826142,0.9182730282557775,0.21756742149708846
852,0.09114114114114114,5.614650758741108,5.741019101053713,5.739094805770052,5.099447715306941,5.243411154045709,4.792868967521899,4.361342673600788,4.387737557683575,4.5487038245720814,0.9085099550034174,0.08199048160927509,0.9001999395115643,0.1919975296333629,0.9177943015567902,0.21749814204179246
853,0.09154154154154154,5.618883349016644,5.7452110503483675,5.743490108507678,5.104415807716538,5.2482519006103425,4.798136625802681,4.366665018916261,4.392738752087358,4.5544237257582125,0.9077347069057023,0.08197086357007256,0.8991629806258443,0.19183931098901671,0.9173114492620651,0.21742917819853208
854,0.09194194194194194,5.6231041357409755,5.749390493372012,5.747870222298102,5.109374520299965,5.253081907472057,4.803393204537638,4.371981338412062,4.3977323717636505,4.560134248975513,0.9069555074624089,0.08195131285363756,0.8981222079351047,0.19168114246624487,0.9168244919548741,0.21736052514284754
855,0.09234234234234234,5.6273130343679325,5.753557363797194,5.752235030628864,5.114323840100515,5.2579011553908845,4.808638674933475,4.377291608303457,4.402718394872706,4.5658353412756645,0.9061723154908304,0.08193182679327975,0.8970775265979606,0.1915230253078078,0.9163334484025508,0.21729217739447287
856,0.09274274274274275,5.631509959123295,5.757711594893613,5.756584413233426,5.119263754140931,5.262709624337255,4.813873008937931,4.382595805240668,4.407696801709508,4.571526950783425,0.9053850876438184,0.08191240248704657,0.8960288393303282,0.19136496006575957,0.91583833551887,0.21722412880861283
857,0.09314314314314315,5.635694823003309,5.761853119510815,5.760918246025983,5.1241942494050505,5.2675072934816445,4.819096179237053,4.38789390630914,4.412667574739385,4.577209026695125,0.9045937783815178,0.08189303679286802,0.8949760463812806,0.19120694659052143,0.9153391683311772,0.21715637256859513
858,0.09354354354354355,5.63986753777171,5.765981870058877,5.765236401040654,5.1291153128188895,5.272294141186219,4.82430815925118,4.393185889028219,4.417630698627262,4.582881519275593,0.9037983399455644,0.0818737263243964,0.8939190455092395,0.19104898402153359,0.9148359599523589,0.21708890117995674
859,0.09394394394394395,5.6440280139551176,5.770097778487061,5.7695387463752725,5.134026931231208,5.277070144998494,4.829508923129607,4.398471731348225,4.4225861602603445,4.588544379853497,0.9029987223358055,0.08185446744759266,0.892857731958517,0.1908910707795727,0.9143287215577653,0.21702170646603705
860,0.09434434434434436,5.648176160836716,5.774200776260348,5.773825146139944,5.138929091393528,5.281835281647028,4.834698445743884,4.403751411645884,4.4275339487640615,4.594197560815119,0.9021948732895966,0.08183525627808326,0.8917919984362305,0.1907332045607885,0.9138174623671634,0.21695477956512318
861,0.09474474474474476,5.6523118864480555,5.778290794333855,5.778095460410555,5.143821779939662,5.286589527039147,4.839876702679699,4.409024908718124,4.43247405551111,4.599841015596594,0.9013867382637009,0.0818160886793415,0.8907217350896002,0.19057538233253363,0.9133021896317819,0.21688811092921437
862,0.09514514514514516,5.656435097558907,5.7823677631250465,5.782349545187392,5.148704983364719,5.291332856260708,4.845043670227324,4.414292201774217,4.437406474123481,4.605474698674602,0.9005742604188312,0.08179696026171684,0.8896468294836442,0.19041760033104463,0.9127829086265021,0.21682169032444593
863,0.09554554554554556,5.66054569966501,5.786431612483733,5.786587252359039,5.153578688003648,5.296065243577903,4.850199325370581,4.419553270426278,4.442331200467326,4.611098565555583,0.8997573806068507,0.08177786638235589,0.8885671665792804,0.19025985406103807,0.9122596226472223,0.2167555068332278
864,0.09594594594594597,5.664643596973641,5.7904822716597995,5.7908084296717,5.1584428800093125,5.300786662441076,4.855343645774295,4.424808094678121,4.447248232640593,4.616712572763457,0.8989360373606515,0.08175880214604501,0.8874826287118507,0.1901021382972709,0.9117323330134239,0.21668954885813793
865,0.09634634634634637,5.668728692386861,5.794519669268632,5.795012920704074,5.163297545330124,5.305497085490542,4.8604766097702115,4.43005665491249,4.452157570953361,4.622316677825915,0.8981101668867049,0.08173976240700612,0.8863930955700677,0.18994444708811753,0.9112010390759203,0.21662380412760304
866,0.09674674674674677,5.672800887482354,5.798543733254218,5.799200564847917,5.168142669687266,5.310196484564384,4.865598196341349,4.4352989318766936,4.457059217900807,4.62791083925931,0.8972797030602834,0.0817207417716719,0.8852984441753959,0.18978677376121209,0.9106657382297758,0.21655825970340759
867,0.09714714714714717,5.676860082491743,5.8025543908498785,5.803371197294416,5.172978238551528,5.314884830708196,4.870708385104768,4.440534906666663,4.461953178128809,4.633495016552173,0.896444577423341,0.08170173460247551,0.8841985488618662,0.18962911093119839,0.9101264259323724,0.21649290199004936
868,0.09754754754754758,5.680906176276299,5.80655156853662,5.807524649026446,5.177804237119787,5.319562094186725,4.875807156292738,4.44576456070948,4.466839458392166,4.639069170147427,0.8956047191850207,0.08168273502266311,0.8830932812563321,0.18947145050961636,0.9095830957265382,0.2164277167459736
869,0.09794794794794798,5.684939066299922,5.810535191999063,5.811660746816833,5.1826206502911605,5.3242282444973705,4.880894490732286,4.450987875744412,4.471718067505476,4.6446332614233174,0.8947600552247549,0.08166373692217073,0.8819825102591534,0.1893137837169693,0.9090357392686962,0.2163626890966871
870,0.09834834834834838,5.688958648599331,5.814505186078946,5.815779313232678,5.187427462642882,5.328883250385488,4.885970369823122,4.45620483380251,4.476589016286706,4.650187252673134,0.8939105100979189,0.08164473396456769,0.8808661020253213,0.18915610109698563,0.9084843463619239,0.2162978035497773
871,0.09874874874874878,5.692964817751359,5.818461474726178,5.819880166645799,5.192224658405913,5.33352707986143,4.891034775513925,4.461415417184835,4.4814523174935585,4.655731107083762,0.8930560060439738,0.08162571959508583,0.8797439199460034,0.18899839253310224,0.9079289049938088,0.21623304401182408
872,0.09914914914914918,5.696957466837281,5.822403980947426,5.823963121249354,5.197012221440363,5.338159700219268,4.896087690277015,4.466619608439364,4.486307985752705,4.661264788713126,0.892196462997043,0.0816066870497537,0.8786158246305037,0.18884064726718036,0.907369401378999,0.21616839380721156
873,0.09954954954954959,5.700936487404094,5.826332626752232,5.82802798708065,5.201790135210731,5.3427810780571034,4.901129097081367,4.471817390336667,4.491156037482047,4.6667882624666,0.8913317985988352,0.08158762936563234,0.8774816738886267,0.18868285392046424,0.9068058200062652,0.21610383569882535
874,0.09994994994994999,5.704901769422696,5.83024733309664,5.832074570050174,5.206558382761043,5.347391179298901,4.906158979364029,4.477008745844419,4.49599649080614,4.672301494072414,0.8904619282138376,0.08156853939217214,0.8763413227134302,0.1885250005167778,0.9062381436899433,0.21603935191061371
875,0.10035035035035039,5.708853201242875,5.834148019824347,5.836102671976819,5.211316946689904,5.351989969217739,4.911177320999917,4.482193658100858,4.5008293654649645,4.677804450056167,0.8895867649466791,0.08154940980367792,0.8751946232643415,0.18836707450795712,0.9056663536255535,0.21597492415199124
876,0.10075075075075074,5.712790669545091,5.838034605605365,5.840112090629304,5.216065809125559,5.356577412460395,4.9161841062700224,4.487372110387251,4.50565468271627,4.683297097714467,0.8887062196615594,0.08153023311288747,0.8740414248506195,0.18820906280150518,0.9050904294494175,0.21591053364405244
877,0.10115115115115114,5.716714059288966,5.841907007872201,5.844102619773725,5.220804951700963,5.361153473073157,4.921179319828051,4.4925440860995085,4.510472465231705,4.6887794050878195,0.8878202010036208,0.0815110016856599,0.8728815739151398,0.1880509517904439,0.9045103493020253,0.21584616114755165
878,0.10155155155155154,5.7206232536584665,5.845765142753556,5.848074049227205,5.225534355528961,5.365718114528749,4.926162946665519,4.4977095687190145,4.515282736987,4.694251340932785,0.8869286154221508,0.08149170775675506,0.8717149140184561,0.18789272738533672,0.9039260898949621,0.2157817869926053
879,0.10195195195195195,5.724518134003743,5.849608925005569,5.852026164917532,5.230254001177622,5.370271299754247,4.931134972075348,4.50286854178282,4.520085523146502,4.699712874693516,0.8860313671954647,0.08147234344669463,0.8705412858231257,0.1877343750484434,0.9033376265811104,0.21571739111005078
880,0.10235235235235235,5.728398579779601,5.8534382679406045,5.855958748948719,5.234963868645781,5.374812991159888,4.936095381613981,4.508020988853297,4.524880849942358,4.705163976472741,0.8851283584573327,0.08145290077968692,0.869360527078245,0.1875758798299657,0.902744933427876,0.2156529530644159
881,0.10275275275275275,5.732264468480581,5.857253083353599,5.859871579672349,5.239663937338857,5.379343150668607,4.941044161062085,4.5131668934873925,4.529668744548686,4.710604617002256,0.8842194892247932,0.08143337170258505,0.8681724726041528,0.18741722640631933,0.9021479832931648,0.21558845208840074
882,0.10315315315315315,5.73611567557267,5.861053281446003,5.863764431764568,5.244354186045025,5.3838617397462,4.945981296383868,4.518306239205599,4.534449234951106,4.716034767613027,0.883304657427188,0.08141374810486131,0.866976954277268,0.18725839912038347,0.9015467479038032,0.21552386711881838
883,0.10355355355355356,5.739952074421611,5.864838770747332,5.867637076308575,5.249034592911781,5.388368719431948,4.950906773685085,4.523439009460787,4.539222349811998,4.721454400204952,0.8823837589362534,0.08139402183955205,0.8657738010149953,0.1870993820236448,0.900941197936107,0.21545917683388674
884,0.10395395395395396,5.743773536217855,5.86860945803435,5.871489280882419,5.253705135422997,5.392864050369566,4.955820579169778,4.52856518760703,4.543988118331909,4.726863487216396,0.8814566875970711,0.0813741847451494,0.864562838760644,0.1869401589201612,0.9003313030982646,0.21539435969178267
885,0.10435435435435436,5.747579929898172,5.872365248247926,5.875320809651909,5.258365790376525,5.3973476928383315,4.960722699095829,4.533684756868573,4.54874657010753,4.732262001593538,0.8805233352597149,0.08135422866838266,0.8633438904683137,0.1867807134122556,0.8997170322142246,0.2153293939703537
886,0.10475475475475476,5.751371122063946,5.876106044407592,5.879131423468407,5.263016533862408,5.40181960678422,4.965613119729389,4.538797700309085,4.553497734986685,4.737649916759656,0.8795835918113677,0.08133414548786168,0.8621167760876653,0.18662102894783747,0.8990983533087135,0.21526425780787564
887,0.10515515515515517,5.755146976896211,5.879831747523847,5.882920879971259,5.267657341241801,5.4062797518508985,4.970491827298266,4.543904000801337,4.558241642920837,4.743027206584373,0.8786373452087279,0.08131392713851117,0.8608813125485145,0.1864610888692486,0.8984752336930578,0.21519892924473083
888,0.10555555555555557,5.758907356067474,5.883542256508231,5.886688933694602,5.272288187126642,5.4107280874104156,4.975358807944352,4.549003640997477,4.562978323815544,4.748393845353,0.8776844815104827,0.08129356563675402,0.8596373137451717,0.1863008764635146,0.8978476400514361,0.21513338626588674
889,0.10595595595595597,5.762652118650406,5.887237468081235,5.890435336178242,5.276909045360171,5.4151645725934054,4.980214047675181,4.554096603300031,4.567707807379424,4.753749807736005,0.8767248849096315,0.08127305310637618,0.8583845905204467,0.18614037501387332,0.8972155385271867,0.21506760684403597
890,0.10635635635635637,5.766381121023463,5.890917276678078,5.89415983608231,5.281519888998357,5.4195891663186435,4.985057532314715,4.559182869833801,4.572430122972107,4.759095068758719,0.8757584377654456,0.08125238180501097,0.8571229506492394,0.18597956785244507,0.8965788948088046,0.21500156898325282
891,0.10675675675675678,5.770094216773531,5.894581574352405,5.8978621793053385,5.286120690292321,5.424001827321783,4.989889247453449,4.564262422418806,4.577145299451752,4.764429603771331,0.8747850206348184,0.08123154415117428,0.8558521988216097,0.1858184384139063,0.8959376742152384,0.21493525076302608
892,0.10715715715715718,5.7737912565957,5.89823025067796,5.901542109105416,5.290711420671805,5.428402514183079,4.994709178397948,4.569335242544419,4.581853365022644,4.769753388419258,0.8738045123027942,0.08121053275176572,0.854572136625254,0.1856569702900002,0.8952918417800979,0.21486863038249918
893,0.10755755755755758,5.777472088190281,5.901863192648285,5.905199366224031,5.295292050729798,5.432791185353947,4.999517310119927,4.574401311344863,4.586554347083443,4.775066398613952,0.87281678981202,0.08118934042997723,0.8532825625272651,0.18549514728473984,0.8946413623343968,0.21480168620477474
894,0.10795795795795798,5.781136556157169,5.90548028457451,5.9088336890122015,5.299862550208347,5.43716779918214,5.0043136272049855,4.579460609576202,4.59124827207667,4.780368610504232,0.8718217284908892,0.08116796025350673,0.8519832718550852,0.18533295347010809,0.8939862005874148,0.2147343968010927
895,0.10835835835835839,5.784784501887717,5.9090814079812795,5.9124448135584675,5.304422887985664,5.441532313935402,5.009098113801118,4.584513117595,4.595935165339983,4.78566000044818,0.87081920198013,0.08114638556300269,0.8506740567765319,0.18517037324210053,0.8933263212053097,0.21466674099473435
896,0.10875875875875879,5.7884157634542355,5.912666441500898,5.916032473818294,5.308973032064572,5.445884687823388,5.01387075356713,4.589558815338761,4.600615050959841,4.790940544985689,0.8698090822575947,0.08112461000064626,0.8493547062787773,0.1850073913769062,0.89266168888709,0.2145986979044515
897,0.10915915915915919,5.792030175497299,5.916235260765735,5.9195964017444185,5.313512949562372,5.450224879017678,5.018631529621088,4.59459768230834,4.605287951628155,4.796210220811714,0.8687912396609961,0.08110262753877417,0.8480250061461729,0.1848439930870338,0.8919922684375259,0.21453024698725517
898,0.1095595595595596,5.79562756911101,5.91978773829897,5.923136327417645,5.3180426067021935,5.45455284566971,5.023380424488932,4.599629697552412,4.609953888502475,4.801469004750288,0.8677655429083538,0.08108043250844707,0.8466847389367673,0.18468016407718787,0.8913180248366745,0.21446136808037228
899,0.10995995995996,5.799207771726414,5.923323743403749,5.926651979177579,5.322561968805887,5.458868545926447,5.0281174200534,4.604654839654177,4.614612881070371,4.806716873729355,0.8667318591158865,0.08105801962787074,0.8453336839574108,0.18451589059967352,0.8906389233055786,0.21439204144217755
900,0.1103603603603604,5.802770606993235,5.926843142050797,5.930143083752759,5.327071000288527,5.463171937943601,5.032842497503395,4.609673086720409,4.619264947018507,4.811953804756472,0.8656900538131165,0.08103538403055119,0.8439716172372844,0.1843511595091238,0.8899549293678207,0.21432224779191494
901,0.1107607607607608,5.806315894660153,5.930345796764582,5.933609366389645,5.331569664654571,5.467462979896245,5.037555637283955,4.6146844163729694,4.623910102107079,4.8171797748954335,0.8646399909549298,0.08101252129309686,0.8425983114997244,0.18418595831631948,0.8892660089065347,0.21425196834801258
902,0.1111611611611612,5.809843450453815,5.933831566508091,5.937050550979877,5.336057924495745,5.471741629986638,5.042256819046955,4.619688805742907,4.628548360050128,4.822394761243858,0.8635815329303477,0.0809894274625471,0.8412135361321842,0.18402027524087755,0.88857212821654,0.21418118486479273
903,0.11156156156156155,5.813353085956813,5.937300306566274,5.940466360185213,5.340535741490681,5.476007846449098,5.04694602160272,4.624686231467252,4.63317973240232,4.827598740911775,0.8625145405677788,0.0809660990831261,0.8398170571541803,0.1838540992625766,0.8878732540512706,0.21410987966738892
904,0.11196196196196195,5.816844608484848,5.940751868428267,5.94385651555954,5.345003076406371,5.480261587551768,5.051623222872676,4.629676669688606,4.63780422845275,4.832791691001249,0.8614388731364953,0.08094253322230673,0.8384086371830689,0.1836874201710753,0.8871693536641411,0.2140380356846642
905,0.11236236236236236,5.820317820963308,5.9441860996684035,5.9472207376673305,5.34945988910146,5.484502811595098,5.056288399843213,4.634660096057595,4.64242185512631,4.837973588587079,0.860354388344112,0.08091872749608034,0.8369880353974729,0.1835202286137996,0.8864603948440656,0.21396563647994393
906,0.11276276276276276,5.823772521803536,5.9476028438261554,5.950558746197889,5.353906138531431,5.48873147690693,5.0609415285209165,4.639636485738298,4.647032616893112,4.843144410698582,0.8592609423298462,0.08089468009331509,0.8355550074982029,0.18335251614173695,0.8857463459448485,0.2138926662793708
907,0.11316316316316316,5.827208504779004,5.951001940285016,5.9538702600747415,5.3583417827556845,5.492947541834002,5.065582583889324,4.644605813416697,4.651636515686548,4.848304134302512,0.858158389653304,0.08087038979909429,0.83410930566649,0.18318427525290645,0.885027175908114,0.21381910999767742
908,0.11356356356356356,5.830625558901675,5.954383224150431,5.957154997559485,5.362766778946555,5.497150964729768,5.070211539867361,4.649568053312209,4.656233550830367,4.853452736287103,0.8570465832786262,0.08084585601692777,0.8326506785193519,0.18301549943326445,0.8843028542795935,0.21374495326121817
909,0.11396396396396397,5.83402346829881,5.957746526126823,5.960412676349412,5.3671810834002684,5.501341703938388,5.074828369269645,4.6545231791923545,4.6608237189753385,4.858590193447251,0.8559253745537374,0.08082107878971734,0.831178871061903,0.18284618319477852,0.8835733512184849,0.21367018242803146
910,0.11436436436436437,5.8374020120904895,5.9610916723938,5.963643013668211,5.371584651549844,5.505519717774782,5.079433043768773,4.659471164390577,4.665407014045835,4.863716482470876,0.8547946131845305,0.0807960588193854,0.8296936246364273,0.18267632211045934,0.8828386374996847,0.21359478460481093
911,0.11476476476476477,5.840760964268131,5.964418484481583,5.966845726349033,5.375977437979954,5.509684964500637,5.0840255338597995,4.664411981827257,4.669983427196822,4.868831579926412,0.8536541472037832,0.08077079748503974,0.8281946768680091,0.18250591284608117,0.8820986845087232,0.21351874766055873
912,0.11516516516516517,5.844100093574268,5.967726779145749,5.970020530909202,5.380359396443715,5.513837402296256,5.088605808827032,4.669345604033906,4.674552946781589,4.8739354622514695,0.8525038229346225,0.08074529685959302,0.8266817616065375,0.1823349531883674,0.8813534642292064,0.2134420602367915
913,0.11556556556556558,5.847419163383885,5.9710163682413215,5.973167143615855,5.384730479881399,5.517976989228201,5.09317383671332,4.674272003180535,4.6791155583305555,4.879028105742631,0.8513434849483824,0.08071955972472493,0.8251546088648679,0.18216344206941024,0.8806029492226749,0.21336471175412794
914,0.11596596596596598,5.850717931587571,5.974287058596293,5.97628528054177,5.389090640441053,5.522103683212604,5.097729584291981,4.679191151106181,4.683671244541488,4.884109486546393,0.8501729760166729,0.08069358958409728,0.8236129447529484,0.1819913795870866,0.8798471126007258,0.21328669241510828
915,0.11636636636636638,5.853996150476799,5.977538651884603,5.979374657610642,5.393439829500958,5.526217441974135,5.102273017041528,4.684103019352549,4.6882199852814015,4.889179580651198,0.8489921370575337,0.08066739067472445,0.8220564914076937,0.1818187670212567,0.8790859279893487,0.21320799320309644
916,0.11676676676676678,5.857253566631584,5.980770944498659,5.982434990631103,5.3977779976939235,5.530318223000539,5.10680409912333,4.68900757920071,4.692761757600322,4.8942383638805795,0.8478008070755296,0.08064096797643007,0.820484966918399,0.18164560684553654,0.8783193694854282,0.21312860587715993
917,0.11716716716716719,5.86048992081081,5.983983727421419,5.985465995318706,5.402105094933317,5.534405983492743,5.111322793362379,4.693904801710788,4.697296535757174,4.89928581188735,0.8465988230956645,0.08061432721928907,0.8188980852474842,0.1814719027344305,0.8775474116053705,0.21304852296277607
918,0.11756756756756759,5.863704947845502,5.987176786098088,5.98846738730518,5.406421070440804,5.538480680310484,5.11582906123126,4.698794657764552,4.701824291257866,4.904321900148826,0.845386020091016,0.08058747488900012,0.8172955561463366,0.18129765956564356,0.8767700292259106,0.21296773773828748
919,0.11796796796796799,5.866898376535307,5.990349900307485,5.991438882134209,5.410725872775686,5.542542269913479,5.120322862837513,4.7036771181107975,4.706344992905761,4.909346603963031,0.8441622309039856,0.08056041823011237,0.8156770850660648,0.18112288341738073,0.8759871975170926,0.21288624421697852
920,0.11836836836836839,5.87006992954844,5.99350284403308,5.994380195243024,5.415019449865774,5.546590708298132,5.124804156914469,4.708552153413421,4.7108586068644795,4.914359898445843,0.8429272861611025,0.08053316524705362,0.8140423730629054,0.1809475815604764,0.875198891867571,0.21280403712472581
921,0.1187687687687688,5.873219323325356,5.996635385333767,5.997291041929101,5.419301749039687,5.550625950929819,5.129272900815703,4.713419734302013,4.715365096733137,4.91936175852905,0.8416810141813084,0.08050572470290468,0.8123911166981005,0.18077176244519405,0.8744050878022863,0.2127211118731344
922,0.1191691691691692,5.876346267986377,5.999747286214369,6.00017113730127,5.423572717060455,5.554647952670786,5.133729050513224,4.71827983142485,4.719864423633923,4.924352158959224,0.8404232408776822,0.080478106115891,0.810723007932005,0.18059543568256367,0.873605760892706,0.21263746452810556
923,0.1195695695695696,5.879450467243525,6.002838302495903,6.0030201962145595,5.427832300160323,5.5586566677037395,5.13817256059949,4.723132415504099,4.724356546311934,4.929331074297401,0.8391537896525769,0.08045031975353896,0.8090377340122074,0.18041861202013104,0.8728008866597937,0.21255309177381562
924,0.11996996996997,5.882531618316752,6.0059081836856265,6.005837933188121,5.432080444076601,5.562652049451193,5.142603384293369,4.727977457393046,4.728841421247116,4.934298478919473,0.8378724812861591,0.08042237662450447,0.8073349773554586,0.1802413033120234,0.8719904404699385,0.21246799087207235
925,0.1203703703703704,5.885589411854784,6.008956672846852,6.0086240623055955,5.436317094088429,5.566634050490683,5.147021473450107,4.732814928135141,4.7333190027781455,4.939254347017233,0.8365791338183531,0.08039428846803494,0.8056144154231774,0.18006352248324392,0.8711743974240901,0.21238215961704693
926,0.12077077077077081,5.888623531860752,6.011983506468539,6.0113782970973215,5.440542195054279,5.570602622465967,5.151426778575406,4.737644799024646,4.737789243237929,4.944198652600021,0.8352735624242171,0.08036606774109034,0.8038757205903309,0.17988528348813926,0.8703527322403963,0.21229559628540673
927,0.12117117117117121,5.89163365562278,6.014988414334652,6.014100350403805,5.444755691450036,5.574557715994341,5.155819248843666,4.742467041668654,4.742252093100505,4.9491313694968735,0.8339555792827927,0.08033772760311525,0.8021185600074762,0.17970660126299215,0.8695254191306537,0.21220829958186088
928,0.12157157157157161,5.8946194536496614,6.01797111939327,6.016789934219909,5.448957527407459,5.578499280570242,5.1601988321204475,4.747281628050198,4.746707501138899,4.954052471359108,0.8326249934394961,0.08030928189850652,0.8003425954557642,0.17952749167273246,0.8686924316709553,0.21212026858019664
929,0.12197197197197202,5.897580589611748,6.020931337625428,6.019446759519262,5.453147646752845,5.582427264465299,5.164565474989205,4.752088530592225,4.751155414593582,4.9589619316632865,0.8312816106621159,0.08028074513679917,0.7985474831946981,0.17934797145176593,0.8678537426668929,0.21203150265985185
930,0.12237237237237236,5.900516720287135,6.02386877791364,6.02207053605841,5.457325993045657,5.586341614625042,5.168919122782307,4.756887722222108,4.755595779351046,4.963859723714445,0.8299252332905216,0.08025213247063394,0.7967328738024508,0.17916805813896228,0.8670093240137586,0.2119420014381327
931,0.12277277277277276,5.903427495513204,6.026783141910093,6.024660972160329,5.461492509616915,5.590242276562476,5.1732597196163805,4.761679176436435,4.760028540131958,4.968745820649509,0.8285556600802143,0.08022345967155999,0.7948984120085818,0.17898777000685248,0.8661591465521992,0.21185176469816594
932,0.12317317317317317,5.9063125581435605,6.02967412390443,6.027217774476887,5.465647139607102,5.594129194248757,5.177587208431964,4.766462867365734,4.764453640688292,4.973620195440835,0.827172686039846,0.08019474310376618,0.7930437365189353,0.17880712598512902,0.8653031799198334,0.2117607923127452
933,0.12357357357357357,5.909171544010357,6.032541410691105,6.029740647729993,5.469789826003349,5.598002310001231,5.181901531037464,4.771238769838847,4.768871024008921,4.978482820899764,0.8257761022628397,0.08016599969582283,0.791168479832591,0.17862614557856027,0.8644413923992682,0.21166908416418528
934,0.12397397397397397,5.912004081891965,6.0353846814362075,6.032229294431146,5.47392051167563,5.601861564369108,5.186202628157391,4.776006859446591,4.773280632532815,4.983333669680124,0.824365695753338,0.08013724691054687,0.7892722680506821,0.17844484877946257,0.863573750763178,0.21157664006039148
935,0.12437437437437437,5.914809793485907,6.038203607543705,6.034683414579234,5.478039139411706,5.605706896017061,5.190490439484827,4.780767112604357,4.7776824083692935,4.98817271428155,0.8229412492466205,0.08010850271311952,0.7873547206769519,0.17826325597490303,0.8627002201169187,0.21148345964729992
936,0.12477477477477478,5.917588293386966,6.040997852521011,6.037102705336438,5.4821456519505105,5.609538241607068,5.194764903738059,4.785519506613342,4.782076293524379,4.992999927052588,0.8215025410242405,0.08007978553758215,0.7854154504099203,0.17808138784883223,0.8618207637393233,0.21138954231793375
937,0.12517517517517518,5.920339189070261,6.043767071843796,6.039486860682227,5.486239992013735,5.613355535678829,5.199025958721319,4.790264019719981,4.786462230132588,4.99781528019346,0.8200493447240855,0.08005111425187986,0.783454062926526,0.17789926527938246,0.8609353429222812,0.21129488711828087
938,0.12557557557557558,5.923062080879131,6.046510912819929,6.041835571045466,5.49032210233526,5.617158710529097,5.203273541389511,4.795000631173278,4.79084016069314,5.00261874575839,0.8185814291456348,0.08002250812160841,0.7814701566571619,0.17771690923159175,0.8600439168097589,0.2111994926502581
939,0.12597597597597598,5.925756562017545,6.049229014452453,6.044148522914784,5.494391925688153,5.620947696090311,5.207507587916827,4.7997293212796155,4.7952100283097705,5.0074102956574595,0.8170985580506636,0.07999398677266015,0.7794633225520241,0.17753434064585194,0.8591464422368885,0.2111033569720412
940,0.1263763763763764,5.928422218546738,6.051921007301465,6.046425398427404,5.498449404908893,5.624722419808881,5.211728033769124,4.804450071454689,4.799571776933128,5.0121899016578295,0.815600489959692,0.07996557015295976,0.777433143838693,0.17735158032239254,0.8582428735698426,0.21100647749602724
941,0.1267767767767768,5.931058629385725,6.054586513344784,6.048665874936748,5.502494482918521,5.628482806523569,5.215934813779903,4.80916286427218,4.803925351604795,5.0169575353843205,0.8140869779444739,0.07993727849351426,0.7753791957709149,0.17716864880217528,0.8573331625471526,0.21090885088477532
942,0.1271771771771772,5.9336653663152745,6.057225145837258,6.05086962455925,5.506527102740349,5.63222877834432,5.220127862229711,4.8138676835087955,4.808270698701881,5.021713168319204,0.8125577694168528,0.07990913226899567,0.773301045368583,0.17698556624456235,0.8564172581231722,0.21081047294521874
943,0.1275775775775776,5.936241993984873,6.0598365091685835,6.053036313700887,5.51054720751391,5.635960254532039,5.224307112928805,4.818564514185273,4.812607766181119,5.02645677180119,0.8110126059143224,0.07988115215811636,0.7711982511488931,0.1768023523021929,0.855495106314421,0.21071133852153417
944,0.127977977977978,5.938788069922157,6.062420198719481,6.055165602564058,5.514554740504805,5.639677151379695,5.228472499302837,4.82325334260301,4.816936503821395,5.0311883170234895,0.8094512228826383,0.07985335900404408,0.7690703628487222,0.17661902599350127,0.854566650049492,0.21061144138700325
945,0.1283783783783784,5.941303144544205,6.064975800716052,6.057257144635588,5.518549645110072,5.643379382095232,5.232623954481364,4.827934156375889,4.821256863463593,5.035907775030892,0.8078733494558628,0.07982577377513063,0.7669169211383003,0.17643560557335136,0.85363182902325,0.21051077413525549
946,0.1287787787787788,5.943786761170063,6.067502892082173,6.059310586156708,5.522531864858756,5.647066856686749,5.236761411388892,4.832606944457039,4.825568799246578,5.040615116715811,0.8062787082342081,0.07979841752624992,0.7647374573262439,0.17625210840230088,0.8526905795560212,0.21040932807130766
947,0.1291791791791792,5.946238456033756,6.070001040289747,6.061325565576042,5.52650134340732,5.650739481850408,5.240884802838234,4.83727169716001,4.82987226783821,5.04531031281322,0.8046670150601103,0.07977131136104126,0.7625314930560846,0.17606855081500944,0.8517428344585419,0.21030709310279344
948,0.1295795795795796,5.948657758297016,6.072469803206623,6.063301712986722,5.530458024529514,5.654397160861545,5.244994061625852,4.841928406174238,4.834167228660192,5.049993333894433,0.8030379787928986,0.07974447639535988,0.7602985399944664,0.1758849479883547,0.8507885229032364,0.21020405763180747
949,0.12997997997998,5.951044190060867,6.074908728942015,6.065238649548941,5.534401852100408,5.658039793469492,5.249089120628905,4.8465770645742206,4.8384536441056065,5.054664150359654,0.8013913010825464,0.07971793372227434,0.7580380995111614,0.17570131380984227,0.8498275703026916,0.21010020844782348
950,0.1303803803803804,5.9533972663751324,6.077317355689229,6.067135986899324,5.538332770074183,5.661667275796542,5.253169912903646,4.851217666822301,4.842731479747936,5.059322732429305,0.7997266761428853,0.0796917043789345,0.7557496623511921,0.17551766074689884,0.8488598981958195,0.20999553062210502
951,0.13078078078078081,5.95571649524489,6.0796952115654825,6.0689933265487515,5.542250722455373,5.665279500241609,5.257236371784851,4.855850208764642,4.847000704540433,5.063969050134054,0.798043790524759,0.0796658093156534,0.7534327082992753,0.17533399971769137,0.8478854241424659,0.20989000740409955
952,0.13118118118118122,5.958001377632777,6.082041814448662,6.070810259270309,5.54615565326322,5.6688763553890125,5.261288430985885,4.860474687620125,4.851261291004513,5.068603073303516,0.7963423228896229,0.07964026936756965,0.7510867058369423,0.1751503399641098,0.8469040616271434,0.20978362012026974
953,0.13158158158158162,5.960251407456032,6.084356671810786,6.072586364479291,5.5500475064887835,5.672457725922898,5.265326024699047,4.865091101961973,4.855513215406405,5.073224771553622,0.7946219437839417,0.07961510522922052,0.7487111117926802,0.1749666889275718,0.8459157199722579,0.20967634807579882
954,0.13198198198198202,5.962466071577046,6.086639280547991,6.074321209607292,5.553926226044536,5.676023492547773,5.269349087695761,4.869699451691762,4.8597564579203745,5.07783411427268,0.7928823154150203,0.07959033743243923,0.7463053709854924,0.17478305212835363,0.8449203042617177,0.20956816845974605
955,0.13238238238238242,5.964644849786148,6.088889126806843,6.076014349472593,5.557791755706108,5.679573531915601,5.273357555426218,4.874299738005727,4.863991002777913,5.082431070606025,0.7911230914286391,0.07956598632789581,0.743868915862343,0.17459943304911216,0.8439177152751933,0.2094590562540092
956,0.13278278278278283,5.966787214775267,6.091105685806772,6.077665325649252,5.5616440390458886,5.683107716559948,5.277351364118019,4.878891963353153,4.868216838401556,5.087015609439348,0.7893439166890314,0.07954207207069272,0.7414011661299976,0.17441583302332891,0.842907849433605,0.20934898414665484
957,0.13318318318318317,5.96889263210105,6.093288421658451,6.079273665837416,5.56548301935823,5.6866259148376015,5.2813304508733685,4.88347613138655,4.872433957522206,5.091587699380713,0.7875444270617767,0.07951861461039192,0.738901528381802,0.17423225112937593,0.8418905987564325,0.20923792245010728
958,0.13358358358358358,5.970960560135952,6.095436787177911,6.0808388832376385,5.569308639576001,5.690127990878121,5.285294753764354,4.888052246903857,4.876642357279309,5.096147308741248,0.7857242491999693,0.07949563368582513,0.7363693957200298,0.17404868409093863,0.8408658508309097,0.20912583902459556
959,0.13398398398398398,5.972990450005736,6.0975502236962456,6.082360475932036,5.573120842178239,5.69361380454169,5.2892442119258165,4.8926203157821115,4.880842039302517,5.100694405514563,0.7838830003343755,0.07947314882509951,0.7338041473744816,0.17386512618450564,0.8398334887938601,0.2090126992074196
960,0.13438438438438438,5.974981745511769,6.099628160864695,6.083837926275424,5.576919569088712,5.6970832113857,5.293178765645344,4.897180344903074,4.8850330097742845,5.105228957354962,0.7820202880679075,0.079451179351137,0.7312051483180434,0.1736815691546545,0.8387933913260596,0.20889846574841353
961,0.13478478478478478,5.976933883036486,6.101670016454991,6.085270700299648,5.580704761565197,5.7005360626404435,5.297098356449839,4.901732342070271,4.889215279472245,5.109750931554451,0.7801357101751651,0.07942974439316075,0.728571748880058,0.17349800213787112,0.8377454326597775,0.20878309875216494
962,0.13518518518518519,5.978846291430222,6.10367519615478,6.0866582471345465,5.584476360079345,5.703972205194195,5.301002927188206,4.906276315918002,4.893388863790975,5.114260295018711,0.7782288544073293,0.0794088629044412,0.7259032843583054,0.1733144115955768,0.8366894825992028,0.20866655562730108
963,0.1355855855855856,5.980718391877736,6.105643093358027,6.087999998449146,5.588234304186973,5.707391481588069,5.304892422109578,4.910812275811992,4.897553782742115,5.118757014241915,0.7762992983031888,0.07938855368668454,0.7231990746305974,0.17313078125710096,0.8356254065542842,0.2085487910433561
964,0.135985985985986,5.982549597742583,6.107573088950268,6.08929536791684,5.591978532388747,5.71079373002087,5.308766786936571,4.915340231742059,4.9017100609323085,5.123241055280757,0.7743466090067016,0.07936883542141576,0.7204584237669609,0.17294709207326456,0.834553065587752,0.20842975689563525
965,0.1363863863863864,5.98433931438751,6.109464551088629,6.090543750708497,5.59570898198117,5.714178784364229,5.312625968933048,4.919860194206911,4.905857727518724,5.127712383727526,0.7723703430916427,0.07934972670863448,0.7176806196434767,0.17276332218124416,0.8334723164752893,0.2083094022783624
966,0.1367867867867868,5.986086938969054,6.111316834976561,6.091744523017565,5.599425588897873,5.717546474188175,5.3164699169658345,4.924372174091242,4.909996816141232,5.132170964682512,0.770370046393986,0.07933124611310859,0.7148649335589827,0.17257944688134277,0.8323830117788826,0.20818767346659167
967,0.1371871871871872,5.987791860204463,6.113129282633227,6.092897041621433,5.603128287541262,5.720896624797339,5.320298581559848,4.928876182535472,4.914127364831393,5.1366167627257076,0.7683452538524852,0.07931341221854578,0.7120106198558366,0.17239543862629167,0.8312849999329923,0.2080645139071033
968,0.1375875875875876,5.989453458109151,6.1149012226575765,6.094000643483387,5.606817010604594,5.724229057277896,5.324111914946105,4.93337223079847,4.918249415897558,5.141049741888203,0.7662954893580565,0.07929624368995906,0.7091169155460809,0.17221126702363942,0.8301781253433254,0.20793986421872634
969,0.137987987987988,5.991071103702823,6.116631969987098,6.095054645399684,5.610491688884564,5.727543588555302,5.327909871102094,4.937860330113512,4.922363015786447,5.145469865622987,0.7642202656125455,0.07927975934439815,0.7061830399444166,0.17202689885174266,0.8290622284978718,0.2078136622021772
970,0.1383883883883884,5.992644158682506,6.118320825651369,6.0960583436963995,5.61415225108467,5.730840031462831,5.331692405783926,4.942340491538092,4.926468214920734,5.149877096775803,0.7621190839974157,0.07926397823033023,0.7032081943094898,0.17184229808987056,0.8279371460896512,0.20768584285985192
971,0.1387887887887888,5.994171975060828,6.119967076520481,6.097011013980697,5.617798623609491,5.734118194820877,5.335459476549833,4.946812725797952,4.93056506751312,5.154271397555807,0.7599914344529635,0.07924891971577373,0.7001915614950813,0.17165742596277694,0.8268027111506974,0.20755633842558588
972,0.1391891891891892,5.995653894767813,6.121569995048539,6.097911910951374,5.621430730350237,5.737377883526956,5.339211042774399,4.951277043125818,4.934653631356825,5.158652729506398,0.7578367953686854,0.0792346035853847,0.6971323056128446,0.17147224100017955,0.8256587531967355,0.20742507840470154
973,0.1395895895895896,5.997089249214788,6.123128839012432,6.098760268273562,5.625048492461857,5.740618898656118,5.342947065653126,4.9557334530956405,4.938733967593216,5.163021053476475,0.7556546334852723,0.07922105014652932,0.6940295717084931,0.17128669911131672,0.8245050983814631,0.20729198962431877
974,0.13998998998999002,5.998477358818934,6.124642851246197,6.09955529852245,5.6286518281321545,5.74384103757175,5.346667508196806,4.960181964452732,4.942806140456699,5.16737632959195,0.7534444038090435,0.07920828034443497,0.6908824854531577,0.17110075367488442,0.8233415696602163,0.20715699629407608
975,0.14039039039039042,5.999817532487296,6.12611125937129,6.100296193200973,5.632240652343362,5.747044094046221,5.350372335215232,4.964622584940661,4.946870216997583,5.17171851722829,0.7512055495392765,0.07919631588641202,0.6876901528520832,0.17091435564437185,0.8221679869615635,0.20702002007732373
976,0.14079079079079082,6.001109067059223,6.127533275523203,6.100982122836353,5.635814876626681,5.750227858391234,5.354061513289857,4.969055321125649,4.9509262667840845,5.176047574983637,0.7489375020091086,0.0791851793750419,0.6844516599726154,0.17072745366885772,0.8209841673660896,0.20688098017258924
977,0.14119119119119122,6.002351246706523,6.128908096074951,6.101612237160377,5.639374408810417,5.75339211759729,5.357735010734957,4.973480178219163,4.95497436158377,5.180363460653282,0.7466396806407519,0.07917489445027076,0.6811660726938402,0.17053999422911362,0.8197899252912886,0.20673979340543414
978,0.14159159159159163,6.003543342290705,6.130234901357984,6.102185665378093,5.64291915276235,5.7565366554818285,5.361392797546924,4.977897159899688,4.959014575025919,5.184666131205269,0.7443114929156015,0.07916548594017267,0.6778324364800645,0.1703519217888241,0.8185850726813505,0.20659637433040348
979,0.14199199199199203,6.004684610677341,6.131512855381259,6.102701516529635,5.646449008127104,5.759661252845416,5.365034845341359,4.982306268134423,4.9630469822458,5.18895554275773,0.7419523343600162,0.07915698002015636,0.674449776180752,0.17016317896051164,0.8173694192005829,0.20645063534298244
980,0.14239239239239243,6.005774294007572,6.132741105549214,6.10315887994958,5.649963870059285,5.762765687635319,5.368661127277655,4.98670750300203,4.967071659512152,5.193231650557819,0.7395615885474931,0.07914940438024755,0.6710170958593709,0.16997370668568473,0.8161427724292278,0.20630248680121008
981,0.14279279279279283,6.006811618927574,6.1339187823796095,6.103556825827951,5.6534636289532685,5.76584973511576,5.372271617970753,4.991100862517218,4.971088683839745,5.197494408962701,0.7371386271179245,0.07914278840003659,0.6675333786539397,0.16978344442854298,0.8149049380600427,0.2061518371566748
982,0.14319319319319324,6.007795795777052,6.135044999222205,6.1038944058769165,5.656948170170628,5.768913168043925,5.375866293389953,4.995486342458302,4.975098132587925,5.201743771422838,0.7346828098148763,0.07913716333079539,0.6639975866720844,0.16959233038234767,0.8136557200944733,0.20599859309454438
983,0.14359359359359364,6.008726017738578,6.136118851979486,6.104170654106552,5.660417373766154,5.771955756850936,5.379445130744462,4.99986393619885,4.9791000830475225,5.205979690467524,0.7321934845416312,0.07913256248411984,0.6604086609236223,0.1694003016875026,0.8123949210366342,0.20584265968209378
984,0.14399399399399399,6.009601459950105,6.1371394188307145,6.10438458771286,5.663871114213612,5.774977269826647,5.383008108355668,5.00423363454427,4.983094612017716,5.210202117693287,0.7296699874369211,0.07912902142642156,0.6567655212937995,0.1692072946600546,0.8111223420835486,0.2056839405253243
985,0.1443943943943944,6.010421278583838,6.138105759960797,6.104535208080484,5.66730926013239,5.77797747330733,5.386555205516029,5.008595425574772,4.987081795374658,5.214411003755071,0.7271116429713245,0.07912657817844147,0.6530670665603977,0.1690132450292203,0.8098377833101374,0.20552233793304855
986,0.1447947947947948,6.01118460989541,6.139016917295548,6.104621501902077,5.670731674016236,5.780956131864964,5.390086402334507,5.012949294495536,4.9910617076347314,5.218606298360607,0.7245177640651849,0.07912527341883303,0.6493121744582243,0.16881808818227628,0.8085410438468285,0.20535775308778456
987,0.1451951951951952,6.011890569248243,6.1398719142452824,6.104642442415467,5.674138211965421,5.783913008496957,5.393601679568721,5.017295223495517,4.995034421513759,5.222787950268026,0.7218876522293067,0.07912515069078732,0.64549970179449,0.16862175941490753,0.807231922048539,0.20519008622278553
988,0.1455955955955956,6.01253825011912,6.14066975545857,6.104596990758946,5.677528723423727,5.786847864814962,5.397101018443766,5.021633191615778,4.999000007484846,5.226955907287057,0.7192205977294946,0.07912625661054845,0.6416284846188222,0.1684241941849174,0.8059102156531013,0.20501923680452272
989,0.145995995995996,6.013126723092004,6.141409426588599,6.104484097443964,5.680903050921642,5.7897604612313245,5.400584400458041,5.025963174628827,5.002958533337983,5.23111011628405,0.7165158797759178,0.07912864107643809,0.6376973384518276,0.16822532836686785,0.804575721926828,0.20484510371959766
990,0.1463963963963964,6.013655034848591,6.142089894074404,6.104302703943397,5.684261029827213,5.792650557141764,5.404051807176221,5.030285144929739,5.006910063742729,5.235250523190789,0.7137727667389696,0.07913235747704751,0.6337050585762183,0.16802509850502406,0.8032282377962857,0.20466758546542238
991,0.1467967967967968,6.0141222071655225,6.142710104939808,6.104051744392228,5.687602488106311,5.79551791110268,5.4075032200097795,5.034599071440815,5.010854659817524,5.239377073017483,0.7109905163926087,0.07913746289695195,0.6296504203946454,0.1678234420616772,0.8018675599637167,0.20448658034355668
992,0.1471971971971972,6.014527235929714,6.143268986612994,6.103730147396198,5.690927246093633,5.79836228100144,5.410938619985363,5.038904919530181,5.014792378708191,5.243489709870077,0.7081683761868571,0.07914401831827142,0.6255321798588338,0.16762029765766492,0.800493485004536,0.20430198665480934
993,0.1475975975975976,6.014869090185209,6.143765446769961,6.103336837941727,5.69423511627641,5.801183424218001,5.414357987501675,5.043202650946054,5.018723273177828,5.247588376971995,0.7053055835509148,0.07915208881623256,0.621349073974135,0.16741560530156077,0.7991058094453884,0.2041137028950331
994,0.147997997997998,6.015146711226902,6.144198373205474,6.102870739399402,5.697525903092177,5.803981097776101,5.417761302075231,5.047492223767617,5.022647391211741,5.25167301669034,0.7024013662285257,0.0791617437466821,0.6170998213846883,0.16720930660385003,0.7977043298204338,0.2039216279504196
995,0.1483983983983984,6.015359011758635,6.144566633735399,6.102330775610094,5.7007994027426925,5.806755058482154,5.421148542075814,5.051773592373316,5.026564775639451,5.255743570566992,0.6994549426473485,0.07917305692350686,0.6127831230435153,0.16700134497200228,0.796288842704732,0.2037256612913353
996,0.14879879879879881,6.015504875135753,6.144869076134689,6.101715873041342,5.70405540302552,5.809505063050096,5.424519684452266,5.0560467074280435,5.03047546377691,5.259799979354237,0.6964655223242462,0.07918610678361965,0.6083976629728797,0.16679166578219493,0.7948591447228319,0.20352570316333773
997,0.14919919919919922,6.015583154714987,6.145104528115652,6.101024962998184,5.707293683185159,5.812230868210192,5.427874704449514,5.060311515889583,5.034379487092178,5.26384218305544,0.693432306308333,0.07920097653712309,0.6039421091199022,0.1665802165230554,0.7934150325308802,0.20332165477422884
998,0.14959959959959962,6.015592673337257,6.145271797351669,6.100256983869799,5.710514013785538,5.81493223079992,5.431213575317644,5.0645679610359045,5.038276870896358,5.267870120970657,0.6903544876639486,0.07921775430017235,0.5994151143126738,0.16636694690672604,0.7919563027709775,0.2031134184759922
999,0.15,6.015532222972665,6.145369671551732,6.0994108833900125,5.713716156605652,5.8176089078349715,5.434536268014237,5.068815982513543,5.042167634063686,5.271883731746946,0.6872312519957126,0.07923653320778787,0.5948153173222163,0.16615180894207723,0.79048275199638,0.2029008979400654
