,Ewe_a_100,Ewe_a_10,Ewe_a_1,Ewe_a_pt1,alpha100_1000mean,alpha100_1000stddev,alpha10_1000mean,alpha10_1000stddev,alpha1_1000mean,alpha1_1000stddev,alphapt1_1000mean,alphapt1_1000stddev,alpha100_500mean,alpha100_500stddev,alpha10_500mean,alpha10_500stddev,alpha1_500mean,alpha1_500stddev,alphapt1_500mean,alphapt1_500stddev,alpha100_250mean,alpha100_250stddev,alpha10_250mean,alpha10_250stddev,alpha1_250mean,alpha1_250stddev,alphapt1_250mean,alphapt1_250stddev
0,0.494674335,0.494764623,0.494605524,0.494691719,,,,,,,,,,,,,,,,,,,,,,,,
1,0.495250372,0.495210839,0.495222455,0.495202579,0.97143862,0.28525167,0.68766471,2.473826524,1.746780713,1.249777412,1.364258926,3.059046862,-1.013699036,1.583155348,-0.235014168,1.730102409,4.40459735,11.15669301,22.52308258,55.5396849,1.284697756,1.032102928,3.252956006,1.946999264,-4.209391498,10.31067299,-31.91444614,29.61229071
2,0.496180008,0.496181673,0.496231821,0.496220452,,0.007394985,,0.040020632,,0.101674078,,0.586239134,,0.083988214,0.463907528,0.150177742,,0.447107965,,7.169962685,,0.076363007,,0.144693011,,0.43625734,,6.381558876
3,0.497220909,0.4972004,0.49721571,0.497244756,0.24622292,0.027780607,0.314212279,0.017057893,0.480024886,0.106635094,,0.512700164,0.254576206,0.056920679,0.353990351,0.063229209,,0.268546884,,6.097623707,0.279205212,0.038691664,0.348874506,0.067164471,,0.300046591,,7.224921759
4,0.49823225,0.498180863,0.49816347,0.498186225,0.245863612,0.035292676,0.330492131,0.010343281,0.502711386,0.130646709,,0.507435018,0.27092887,0.076532171,0.354837962,0.100484095,,0.312736746,,7.670133583,0.268879914,0.073455398,0.369216503,0.089298195,0.693485285,0.272260773,,9.506769074
5,0.499233996,0.499238942,0.499211052,0.49921789,0.231733049,0.010390727,0.318607343,0.061717561,0.403290579,0.033328176,,0.359742384,0.252105521,0.058431707,0.354357849,0.065410577,0.613040277,0.239241694,,10.29609602,0.269028047,0.044675395,0.352924552,0.069696557,0.72812045,0.263956704,,16.81863436
6,0.500221931,0.500220535,0.500207698,0.500205055,0.241264355,0.014201847,0.307084298,0.013272291,0.478945942,0.070965808,0.772358703,0.248048694,0.243956167,0.063136412,0.33885166,0.058287567,0.69475275,0.096058735,,32.25689639,0.259314814,0.053612774,0.327708645,0.06859959,0.545691062,0.224498936,,40.91461788
7,0.501245323,0.50116305,0.501173615,0.501248187,0.244568664,0.017244205,0.345896773,0.024478773,0.484357368,0.102515803,0.815265336,0.357268467,0.25378102,0.05920589,0.316543236,0.103480316,,0.181671288,,36.11527975,0.258702499,0.054499961,0.348089587,0.074225919,0.610208295,0.218138868,,32.35872282
8,0.502191322,0.502191439,0.502217835,0.502211845,0.250967615,0.016019276,0.302508881,0.020640312,0.369335847,0.090032783,0.693229994,0.119608131,0.248601213,0.062707772,0.376230934,0.067933755,0.518380798,0.199292862,,7.728721692,0.261645262,0.05004777,0.37261812,0.072099256,0.59265714,0.093258217,,10.26784833
9,0.503272678,0.503205047,0.503203842,0.503224246,0.226693443,0.018539251,0.325037334,0.040346913,0.479231046,0.075871231,0.782798061,0.291734321,0.249634045,0.070826352,0.367478288,0.0587943,0.579317014,0.14062865,,2.025460304,0.266156169,0.056428776,0.338161528,0.083383048,0.532333847,0.188205016,,2.267341728
10,0.504208756,0.504167475,0.50416548,0.504202735,0.246325932,0.013826158,0.311435401,0.015059458,0.377179444,0.067309723,0.704528356,0.247030024,0.271021465,0.065604449,0.319265765,0.094033298,0.576146352,0.179822405,,4.551683712,0.278647061,0.060245653,0.366885615,0.053398867,0.56617963,0.227071431,,4.242377944
11,0.505266741,0.505258442,0.505219218,0.505255408,0.246078829,0.023026387,0.321608468,0.047821952,0.456263027,0.057547855,0.691146382,0.216614936,0.24020627,0.047387046,0.360712125,0.078029058,0.683207164,0.229233992,,3.054922354,0.267329705,0.021006985,0.351805036,0.08806614,0.660843471,0.259375282,,2.873789278
12,0.506218818,0.506230634,0.506241351,0.506235011,0.250573777,0.013124608,0.332445097,0.011295802,0.419788664,0.072504683,0.67341117,0.340354921,0.263707253,0.069237986,0.364799656,0.091722301,0.548097057,0.182326284,2.270413529,1.8121576,0.265103014,0.069139768,0.357084213,0.096779896,0.549986189,0.181473976,,1.997513548
13,0.507230075,0.507231446,0.507286813,0.507277301,0.233559448,0.011981448,0.30763014,0.036869653,0.417161728,0.074388891,0.596374112,0.178811963,0.25895292,0.070873275,0.329638059,0.064711926,0.569145545,0.096110575,,2.573445569,0.269383951,0.06079686,0.351608845,0.046827951,0.537832814,0.135798489,,2.653094731
14,0.508262493,0.508159104,0.508208186,0.508241123,0.243197787,0.025296156,0.323576458,0.039890611,0.433668396,0.099502202,0.717769139,0.264745739,0.253329774,0.074025846,0.360389167,0.104395789,0.635503141,0.098669476,,1.160054852,0.275080059,0.051130275,0.369140961,0.098925277,0.535450841,0.181731437,,1.288793867
15,0.509233484,0.509204323,0.509227924,0.509231438,0.24998446,0.020844837,0.324061655,0.046792168,0.400428456,0.056134714,0.60798045,0.240204089,0.259606896,0.06909376,0.356397006,0.072502884,0.439324577,0.179464811,,1.694830845,0.276945589,0.053889969,0.368076206,0.066556021,0.476037521,0.142722687,2.202708427,1.486790339
16,0.510213944,0.510207183,0.510205473,0.510236415,0.244653003,0.013436629,0.315320061,0.017167279,0.393035908,0.04900209,0.671147134,0.290068924,0.253321289,0.057983606,0.340781684,0.066345706,0.586008466,0.183025038,,0.879468602,0.273396583,0.040264415,0.350029491,0.058363933,0.580038901,0.199967738,,1.686151891
17,0.511213387,0.51123856,0.511226445,0.511235198,0.246552887,0.017532775,0.318351535,0.037633348,0.469267569,0.055556077,0.591374897,0.099248687,,0.067612533,0.35302512,0.073211106,0.527083993,0.127002007,,1.015778244,,0.059131346,0.345037298,0.08096305,0.475041795,0.156003343,,0.962948113
18,0.512236311,0.512208664,0.51218713,0.512260446,0.246647803,0.023407294,0.335577211,0.018676926,0.366260044,0.068409051,0.571220344,0.068454134,0.658370338,0.747298571,0.347632297,0.066451418,0.531983235,0.190551136,1.349289391,0.791084367,0.674404034,0.73353292,0.359282875,0.058642224,0.555987762,0.177719135,1.745947924,1.097461221
19,0.513258192,0.513208411,0.513262159,0.513275156,0.247085963,0.019283587,0.321558371,0.029371646,0.395512551,0.071473189,0.53267552,0.261558552,,0.191041031,0.343774519,0.102551089,0.509072814,0.101645974,1.410061204,0.743170758,,0.169676009,0.369307103,0.081359397,0.477106507,0.138494075,,0.960804184
20,0.514207975,0.514234671,0.514216354,0.514210312,0.257599053,0.010062914,0.301160696,0.036858632,0.418348618,0.044743673,0.697168328,0.105819335,0.263195724,0.055818726,0.339365963,0.055706039,0.547930454,0.151670126,,0.879070367,0.263889456,0.054580769,0.336508743,0.051320214,0.544201126,0.186265368,,0.858019195
21,0.515224549,0.515212,0.515221401,0.515200531,0.245742064,0.016090078,0.313885814,0.05564886,0.41676983,0.110704877,0.526155137,0.182516385,0.259778502,0.07118868,0.368643475,0.09278201,0.458661312,0.156625867,,0.493857,0.291111455,0.044366791,0.367579952,0.091914836,0.505279283,0.112137677,1.431405217,0.891951757
22,0.516232622,0.516196876,0.516181826,0.516210965,0.249314334,0.025663525,0.316914292,0.007401612,0.403782409,0.058694765,0.65504299,0.184746195,0.264995887,0.070060129,0.328937564,0.077202991,0.520753944,0.167658391,1.018299345,0.424100476,0.278580421,0.055344405,0.355490574,0.054863485,0.475556198,0.133729702,1.244154076,0.638077731
23,0.517255307,0.517181751,0.517236861,0.517238146,0.243949418,0.004511038,0.33005617,0.015923486,0.416679583,0.100260012,0.5371952,0.065473061,0.262611371,0.065493816,0.381415089,0.072403017,0.552383368,0.195230655,1.248524718,0.770539679,0.281936106,0.047801505,0.361099441,0.08820563,0.534786283,0.220611673,1.498751672,0.849410945
24,0.518193347,0.518210163,0.518218681,0.518233798,0.251152664,0.017878962,0.323524795,0.039710113,0.372226182,0.057300739,0.655229916,0.142062731,0.267635749,0.067569859,0.329869026,0.080539848,0.526649945,0.095804315,,0.619316072,0.281959626,0.055247692,0.374437974,0.041779725,0.50897097,0.110630719,,0.676515527
25,0.519276715,0.519229999,0.519203659,0.519234728,0.250601324,0.031738043,0.328543487,0.029557848,0.415198955,0.080013538,0.519708023,0.133742284,0.265211105,0.051579756,0.354144939,0.080344388,0.51269955,0.113245528,1.047201979,0.393127945,0.28633644,0.045802358,0.366631295,0.06953228,0.507457185,0.118915262,1.192209037,0.511738194
26,0.520263615,0.520220109,0.520227696,0.520231401,0.262336336,0.023959498,0.329333045,0.016814162,0.396219091,0.079682612,0.518794443,0.17407754,0.272996251,0.079135284,0.361661074,0.05976632,0.479582027,0.067932136,,0.518533313,0.286562926,0.069763702,0.369865527,0.053263753,0.410327459,0.167427247,,0.638871598
27,0.521251533,0.521206053,0.521212668,0.521231222,0.241101358,0.012247045,0.328676163,0.030768658,0.40271079,0.041789347,0.578958263,0.100043336,0.270398478,0.069053217,0.338441361,0.076839144,0.466321423,0.115525895,0.866806589,0.146577567,0.300797864,0.045785318,0.352690906,0.063617246,0.528450896,0.063034033,0.890443912,0.328187952
28,0.522261681,0.522203371,0.522222038,0.522245771,0.260631187,0.029697843,0.320162154,0.014194504,0.376048617,0.027814215,0.565953809,0.173546486,0.26419449,0.063109655,0.358403571,0.077534254,0.516163758,0.068557804,1.033550514,0.541295067,0.280173352,0.048939137,0.369566159,0.069502376,0.471635744,0.110139065,,0.65293282
29,0.523239955,0.523221121,0.523198617,0.523240342,0.25526273,0.01650292,0.310688389,0.042321396,0.41141227,0.091951366,0.537240071,0.132119509,0.274324605,0.074072625,0.353840058,0.071264002,0.496117806,0.152134958,0.851722383,0.404049873,0.299729089,0.052387571,0.36953854,0.06079655,0.484537155,0.145143091,,0.474152404
30,0.524271367,0.524247215,0.524206906,0.5242941,0.253726962,0.009922036,0.331712226,0.020633,0.354223139,0.071477925,0.590706572,0.127310988,0.276440854,0.055282017,0.367819971,0.06960666,0.492336439,0.059631662,0.886781084,0.15869529,0.276237016,0.059799982,0.376349607,0.065792584,0.468061218,0.089723996,0.893946884,0.280123671
31,0.525259395,0.525258598,0.525246834,0.525293984,0.257523944,0.020790693,0.329684169,0.01906444,0.387524483,0.045330695,0.486203865,0.121218802,0.272829617,0.068914381,0.339277334,0.074405959,0.453205593,0.073168299,0.98085128,0.391207826,0.294639061,0.044170238,0.353689435,0.064363228,0.476160813,0.118279652,0.969758611,0.501243268
32,0.526303533,0.526235942,0.526265601,0.526299115,0.241984663,0.029902636,0.330851945,0.025640973,0.425428334,0.060663838,0.493577426,0.082441401,0.281874895,0.060849439,0.353744534,0.072189899,0.498684219,0.145329807,,0.220879553,0.289061768,0.054463373,0.378049575,0.054396695,0.486058954,0.165357848,0.93653609,0.48732439
33,0.527296543,0.527234471,0.527256729,0.527279826,0.256014716,0.010825695,0.313589649,0.012750926,0.352322069,0.061921757,0.536730139,0.129208921,0.264454714,0.069746598,0.348508555,0.059826852,0.45748425,0.083571565,0.798405255,0.186754886,0.29703667,0.040370693,0.354683641,0.054515812,0.441025908,0.094996291,0.901384412,0.245692917
34,0.528280228,0.528205414,0.528238489,0.528254057,0.264305335,0.014057467,0.323972742,0.02497598,0.415199843,0.049567688,0.568016768,0.082790061,0.277313063,0.0584726,0.373702327,0.083760285,0.520998383,0.134545855,0.826372291,0.303669281,0.283892585,0.046382808,0.376196873,0.080574077,0.505554134,0.160220877,0.920299999,0.455975274
35,0.529236305,0.529235708,0.529277428,0.529274919,0.25688036,0.018833575,0.319289979,0.030680224,0.378448184,0.047947293,0.47107592,0.083408984,0.261721178,0.064309642,0.353642085,0.085174399,0.463601946,0.11769891,0.870609726,0.410975196,0.292397948,0.037425136,0.378106424,0.063503896,0.456404015,0.125362886,,0.414634771
36,0.530264349,0.53024798,0.530263417,0.530260912,0.265282318,0.0257863,0.322971722,0.025738891,0.376626717,0.058931822,0.50456892,0.083226053,0.279624225,0.068170629,0.353337605,0.068821566,0.462965941,0.051560935,0.696223947,0.150237691,0.297650185,0.051499731,0.37652958,0.04795668,0.432932675,0.07473095,0.677629929,0.303848001
37,0.531280936,0.531278234,0.53124412,0.531285119,0.252237545,0.020510781,0.319417682,0.020483138,0.409961226,0.040702247,0.498079448,0.224325056,0.273122241,0.061346508,0.364881024,0.054446011,0.499761875,0.101168462,0.845013989,0.411034262,0.295117322,0.040592051,0.374822136,0.049381271,0.493524977,0.136722848,0.977791744,0.417619031
38,0.532278421,0.532267364,0.532256635,0.532240405,0.259554464,0.012597423,0.336627754,0.022571328,0.37871446,0.071762825,0.501560771,0.051225159,0.286406809,0.086236741,0.339634287,0.078128754,0.453256359,0.12508051,0.760749936,0.145682605,0.306927828,0.067376735,0.377142551,0.045983124,0.451864198,0.088651965,,0.228480755
39,0.533269479,0.533267122,0.533248853,0.533281619,0.262899791,0.024010406,0.31804837,0.031658514,0.365294572,0.026805476,0.487252504,0.112733337,0.278782648,0.056596554,0.373194773,0.065399968,0.465511154,0.053919775,0.782740531,0.181385324,0.291619637,0.044004503,0.353165377,0.080293762,0.416805844,0.093985625,0.77175306,0.328188796
40,0.534248662,0.534256183,0.534215789,0.534238977,0.274828098,0.041435501,0.323781313,0.03015238,0.419635466,0.062083777,0.404378062,0.073769744,0.270684376,0.056076203,0.346605985,0.061347243,0.468759738,0.128810439,0.750262585,0.237349147,0.295525231,0.03407522,0.360738045,0.055637627,0.454373552,0.1663014,0.806682057,0.301809369
41,0.53521013,0.535222954,0.535184843,0.535250343,0.263988927,0.015016567,0.333878,0.008092228,0.376089847,0.060336402,0.554971364,0.11792501,0.280580342,0.059575094,0.352504267,0.086842036,0.458389089,0.060460212,0.72207195,0.250140176,0.30039055,0.041747224,0.382848955,0.065663555,0.437914391,0.084987886,0.760550351,0.284646029
42,0.536216021,0.536234256,0.536195298,0.536266167,0.251373122,0.016071653,0.325347341,0.029652318,0.375385994,0.069320316,0.409125585,0.067687027,0.284631138,0.080008508,0.364787421,0.055445579,0.4856928,0.082246899,0.733837889,0.298784525,0.307050579,0.058241632,0.363183365,0.056157944,0.448641702,0.118435003,0.856804817,0.313425186
43,0.537240002,0.537256211,0.537211962,0.537264998,0.265754207,0.011756372,0.325253473,0.022711271,0.389483568,0.037225276,0.48622561,0.066054146,0.275245552,0.050855012,0.337405027,0.071818444,0.436027213,0.115730165,0.587861245,0.048481342,0.2951919,0.037328998,0.381863195,0.033283278,0.472209737,0.071327993,0.638766834,0.194540163
44,0.53825852,0.538265488,0.538230761,0.538236083,0.26257896,0.026214301,0.317763744,0.01900228,0.360104553,0.09168171,0.48887022,0.161153867,0.292332313,0.055606911,0.370755038,0.053295558,0.418947862,0.044819841,0.744335131,0.248894075,0.310460312,0.038964384,0.367585093,0.056192893,0.400967411,0.067189535,0.732008999,0.318832792
45,0.539216704,0.539240835,0.539216696,0.539222002,0.268609631,0.015846821,0.322011246,0.026769828,0.356750957,0.049875302,0.493420686,0.064701336,0.289780249,0.068105392,0.348723473,0.072237267,0.506638948,0.086210381,0.715860193,0.146381795,0.297894786,0.060224333,0.362007894,0.060689725,0.452905974,0.134641335,0.777416032,0.2451939
46,0.540255428,0.540220264,0.540223799,0.540246199,0.252496824,0.018857322,0.325031446,0.019341996,0.370287714,0.022797094,0.448838878,0.050189702,0.288311896,0.054672028,0.348856229,0.06893711,0.430637627,0.114166978,0.722438106,0.1923163,0.297734699,0.045194993,0.375190629,0.046000576,0.462384842,0.090393939,0.639557429,0.263048345
47,0.54123032,0.541238877,0.541242708,0.541220427,0.268477453,0.013313882,0.328034235,0.031851299,0.380891979,0.084149957,0.472277002,0.107528538,0.280504046,0.062960696,0.371280452,0.068924786,0.445259617,0.061395577,0.61014811,0.105441565,0.307787703,0.037470513,0.371702555,0.063057642,0.414477498,0.104828136,0.68015002,0.247917409
48,0.542287111,0.542223562,0.542243603,0.542229814,0.262165025,0.023604188,0.313059627,0.024782738,0.389970086,0.070786783,0.464514717,0.044677559,0.289667508,0.07225398,0.352796237,0.074424997,0.467021518,0.069016664,0.735871686,0.229346373,0.313234823,0.053131634,0.374767129,0.0537935,0.443740883,0.089818529,0.772160623,0.229871618
49,0.543270589,0.543216683,0.543204159,0.543240314,0.270600899,0.031973591,0.334048222,0.013512738,0.378771034,0.014340767,0.469806747,0.089655475,0.276766735,0.055563584,0.365724921,0.0709003,0.44475549,0.068072588,0.546799065,0.079981012,0.29828783,0.03539479,0.369203973,0.066431912,0.431817558,0.072852843,0.538867693,0.160630761
50,0.544227712,0.544222742,0.54423347,0.544260253,0.268756944,0.009923422,0.317655533,0.018468845,0.343269719,0.021383049,0.393967873,0.012899124,0.292171822,0.074184247,0.358146458,0.066156193,0.414679231,0.085911031,0.673740358,0.198841245,0.318303826,0.051082415,0.376968906,0.048732386,0.424378059,0.092669978,0.720513022,0.308647902
51,0.545224016,0.545217117,0.545243848,0.545236691,0.262114997,0.010852532,0.326746612,0.016903453,0.370210122,0.045821287,0.492173161,0.144268814,0.289053248,0.057056097,0.360724438,0.069846904,0.445825654,0.056944433,0.596734689,0.113547539,0.301110342,0.042576325,0.365794268,0.066948316,0.435648062,0.057605607,0.578875788,0.083590574
52,0.546285916,0.54623149,0.546252137,0.546244897,0.258682358,0.024077371,0.324967687,0.031028779,0.390052665,0.072458206,0.455903111,0.014808478,0.275612784,0.054220569,0.367737018,0.059017004,0.405335239,0.119048121,0.661906773,0.143444082,0.303770445,0.02971726,0.370668777,0.055468744,0.392650199,0.141271182,0.667075919,0.27450318
53,0.547248162,0.547247972,0.547224427,0.547290338,0.268209049,0.014473632,0.318232447,0.031009379,0.368600174,0.061445359,0.395790552,0.041910937,0.295838591,0.060135575,0.351374225,0.073986852,0.435874508,0.034367335,0.645704599,0.090521187,0.307975889,0.049071766,0.380049693,0.052686605,0.446974896,0.024237023,0.633600593,0.19583201
54,0.548256971,0.548225206,0.548212548,0.548280574,0.273849046,0.020468685,0.32964839,0.014702202,0.361323564,0.009371043,0.451841789,0.098134994,0.290393009,0.084693075,,0.065391269,0.476884514,0.098093448,0.588909171,0.127787151,0.333197084,0.047402796,0.378307107,0.050150538,0.429726757,0.130415855,0.641591641,0.121262264
55,0.549256294,0.549232152,0.54926638,0.549243297,0.270895951,0.018771022,0.309992836,0.008234743,0.353634977,0.049228678,0.470844536,0.076501272,0.2823843,0.0577447,0.833670233,0.824921741,0.400291609,0.068470845,0.633922148,0.084372308,0.294983996,0.045175544,0.37286462,0.037789466,0.409618751,0.078050201,0.583964056,0.20160129
56,0.550276835,0.550239032,0.550285089,0.550298125,0.262099921,0.017105097,0.327844921,0.029815257,0.369695662,0.021033095,0.415064761,0.039964607,0.289623823,0.062462558,,0.073540413,0.418282689,0.074807344,0.560526447,0.141153846,0.315476228,0.04088615,0.376573367,0.053057402,0.429446241,0.071881732,0.651490658,0.15673124
57,0.551230833,0.551218399,0.551191304,0.551267207,0.27631682,0.015391105,0.325957359,0.018891885,0.375590336,0.052561633,0.398925814,0.079447766,0.293987011,0.070788126,0.359437955,0.068252282,0.407454514,0.083623391,0.586296768,0.052987598,0.31130983,0.054854571,0.368937889,0.061015962,0.407676858,0.082798522,0.532763386,0.137889777
58,0.552257908,0.552240299,0.552259942,0.552229752,0.263877162,0.024074125,0.325739238,0.037727414,0.353247657,0.064753345,0.441377399,0.047027381,0.298355923,0.054670118,,0.062137616,0.435590602,0.028442188,0.56113193,0.16928596,0.312518679,0.042748208,,0.050396142,0.403498079,0.064335404,0.646165529,0.199067718
59,0.553214991,0.553221956,0.553255377,0.5532114,0.266281744,0.01015732,0.322034468,0.012855384,0.366781457,0.028848775,0.441448198,0.03876346,0.291924815,0.066821061,,0.464544674,0.429160309,0.052194983,0.596160073,0.098088222,0.314260349,0.051565261,,0.449919055,0.408387981,0.072941252,0.602274178,0.134905593
60,0.554240824,0.554223785,0.554250909,0.554262118,0.274570038,0.025520226,0.323257017,0.021302568,0.358530789,0.047819388,0.39725358,0.106446551,0.28672137,0.060950819,,0.492612445,0.419707392,0.077186799,0.631617595,0.120243636,0.309046055,0.035386475,,0.480439966,0.40968872,0.087194426,0.581962431,0.185869182
61,0.555220129,0.555180857,0.55524533,0.555243948,0.269318785,0.016645177,0.314790577,0.017421607,,0.041442377,0.433522086,0.0881935,0.289288667,0.063512967,,0.050872766,0.416283713,0.065307575,0.498532691,0.094205356,0.31808143,0.038598651,,0.051747493,0.408424415,0.07371346,0.572803496,0.138088919
62,0.55619522,0.556259775,0.556306125,0.55627227,0.27420473,0.013936666,0.316555426,0.032793574,,0.559818672,0.386312737,0.031515863,0.29656053,0.065543634,0.346006596,0.069620588,0.423562793,0.062325703,0.548981392,0.082655252,0.31503585,0.046897303,0.841736358,0.772483718,0.3966872,0.084300617,0.556911616,0.107864607
63,0.55723612,0.557255138,0.557244105,0.557237975,0.265462271,0.029958046,0.32154014,0.016125481,,0.300614499,0.432458419,0.018439404,0.292808396,0.049572272,0.370447173,0.053290704,0.426307864,0.082609897,0.61552384,0.11960208,0.312976804,0.032164019,,0.05925229,0.434585504,0.079151701,0.581615166,0.168353016
64,0.558228139,0.558209066,0.558221404,0.558304416,0.271334969,0.013974408,0.324420002,0.020932864,,0.052500109,0.416623322,0.111421296,0.288701781,0.059687629,0.338777553,0.047624754,0.387635298,0.048362656,0.486430956,0.085196827,0.318189353,0.033363152,0.34921905,0.039952687,0.369210047,0.049651661,0.528065383,0.127133067
65,0.559259347,0.559239527,0.559212596,0.559269077,0.270268781,0.020804238,0.310400581,0.030717741,0.33861006,0.018483339,0.366673824,0.08166602,0.29891198,0.060200159,0.354394866,0.066346145,0.421791226,0.054512916,0.547510979,0.043854374,0.322874469,0.040925689,0.37458893,0.049046983,0.419632532,0.055250564,0.523541033,0.053716583
66,0.560280897,0.560203105,0.56023652,0.560270806,0.268992307,0.029856583,0.324274075,0.013917933,0.348981036,0.0379588,0.411039855,0.017707604,0.29549769,0.058674886,0.359335978,0.066714096,0.409923779,0.10454528,0.557351942,0.15602961,0.30571197,0.047885692,0.368258793,0.060114175,0.389260617,0.116906387,0.53053736,0.192310505
67,0.561244043,0.561222825,0.561243744,0.56125576,0.271149835,0.018599442,0.313683367,0.014740834,0.356892351,0.049484382,0.41664074,0.062183386,0.291674007,0.057060092,0.361382157,0.062173797,0.398108418,0.046038863,0.512060431,0.034433598,0.320649787,0.032451437,0.378842506,0.048856392,0.384661574,0.037175952,0.538943771,0.085926433
68,0.562224334,0.562194777,0.562239316,0.562254465,0.275507448,0.018015384,0.321573703,0.016273048,0.355142359,0.029635587,0.387517304,0.01979744,0.304104315,0.069809179,0.3649906,0.076115923,0.41433496,0.059220544,0.526266586,0.061618853,0.325400943,0.046309792,0.376431476,0.0658736,0.396988038,0.089455244,0.527813341,0.141111981
69,0.563238581,0.56325055,0.563232704,0.563244732,0.27002897,0.013567714,0.317214034,0.035469637,0.355621637,0.04500958,0.371164595,0.047268067,0.293980557,0.0604725,0.349911824,0.061999049,0.401935894,0.050155654,0.54144043,0.140786395,0.321654002,0.034763802,0.368397091,0.041289578,0.385990571,0.066017291,0.581245821,0.175564686
70,0.56423485,0.564267109,0.564260954,0.564242486,0.280559821,0.017307232,0.321458782,0.020295139,0.360829123,0.018739929,0.427137406,0.061804058,0.293737206,0.052539782,0.368789119,0.063301602,0.414196107,0.064963082,0.454742,0.038722238,0.308981231,0.039336984,0.380842497,0.052077874,0.407315113,0.069791416,0.472464717,0.045626108
71,0.565237319,0.565204208,0.565224497,0.565305861,0.274120535,0.022101717,0.319348412,0.008691671,0.337233378,0.045092262,0.36049541,0.053250937,0.296543153,0.077649997,0.353110844,0.041094547,0.415729943,0.050617362,0.542377775,0.038099494,0.321250918,0.054662443,0.3734476,0.034331567,0.392342934,0.068514172,0.499272589,0.118747906
72,0.566284225,0.566262062,0.56626649,0.566280044,0.260801908,0.016033431,0.308885524,0.037355066,0.35224962,0.033044438,0.367086822,0.077344612,0.302696201,0.04044984,0.345117051,0.067484602,0.380819098,0.058373911,0.518726615,0.067275812,0.313437747,0.030287619,0.361530737,0.055015986,0.38637836,0.05320204,0.536648507,0.108034387
73,0.567196602,0.567209701,0.567251393,0.567270338,0.283103988,0.017689403,0.32646079,0.00744216,0.341574842,0.026639707,0.39655657,0.041889055,0.296729905,0.052373853,0.340478392,0.051085689,0.400992493,0.060169902,0.507276484,0.085496517,0.319396832,0.0320675,0.352672695,0.040045816,0.382189705,0.064539014,0.489839897,0.109973385
74,0.568267897,0.568226066,0.568234203,0.568278695,0.272588413,0.025874828,0.309473441,0.012611168,0.332706162,0.035480447,0.416816398,0.076280068,0.295651084,0.065843882,0.360839158,0.068396901,0.423622358,0.058472712,0.474062583,0.077039596,0.321380754,0.045480875,0.374814346,0.05646951,0.403255737,0.084254106,0.496820478,0.088819289
75,0.569258691,0.56930504,0.569285985,0.569354889,0.268462113,0.013975307,0.315320749,0.04626082,0.361558523,0.034978287,0.349951109,0.056178001,0.293870424,0.057970936,0.355713155,0.06129327,0.360599044,0.053584647,0.509481985,0.078117244,0.320867111,0.033732935,0.371492198,0.047018044,0.387153425,0.033387682,0.49156884,0.132413137
76,0.570220817,0.570260015,0.570250603,0.570282517,0.28176079,0.013690315,0.314794746,0.008969095,0.357606082,0.028941939,0.39293442,0.045905229,0.294239099,0.051828028,0.345985025,0.046531374,0.412648233,0.058631442,0.481547139,0.063499633,0.321736761,0.028554614,0.353112713,0.03967599,0.373515934,0.086666294,0.491375768,0.072249663
77,0.571260445,0.571215087,0.571220558,0.571239765,0.268444515,0.025236585,0.327972335,0.004164949,0.356174209,0.049633983,0.353023784,0.051417905,0.306709658,0.072686998,0.357920875,0.05127857,0.389284217,0.056458676,0.490340125,0.088690512,0.321857009,0.05682237,0.368716064,0.041808809,0.387248957,0.062701659,0.517354472,0.106703306
78,0.572230212,0.5722253,0.572254265,0.57227553,0.280390609,0.013918758,0.309315529,0.022901817,0.334387096,0.014017941,0.351468094,0.036098737,0.307733234,0.068034163,0.338326145,0.0555227,0.420336258,0.03270043,0.472281313,0.011167718,0.326842938,0.052011767,0.362713284,0.03433985,0.405313708,0.045763605,0.439805549,0.044002992
79,0.57320517,0.573155936,0.573227468,0.573226467,0.272015974,0.014733125,0.316152806,0.028610811,0.344995285,0.041835528,0.399844498,0.016682963,0.298096867,0.052594266,0.363454008,0.056046121,0.386476373,0.056264196,0.444674495,0.118814604,0.318266606,0.036839892,0.36338024,0.052542179,0.370377439,0.076430708,0.512560784,0.107464847
80,0.574211876,0.574220141,0.574189015,0.574230609,0.279639046,0.027442166,0.312670478,0.022192267,0.352420015,0.029295205,0.37599109,0.045431605,0.310054799,0.055869453,0.340316641,0.045657514,0.382049775,0.039254826,0.485827757,0.064673576,0.324025983,0.045722727,0.348395412,0.038606023,0.365062377,0.054994049,0.456231481,0.068913752
81,0.575212111,0.575212168,0.575220509,0.575221961,0.272181718,0.014543282,0.317244853,0.037379114,0.336131694,0.049255817,0.365349569,0.09835393,0.289790492,0.049046916,0.345014301,0.063416187,0.368435236,0.02009453,0.477787823,0.033835235,0.305547537,0.035654069,0.369348812,0.042751521,0.356920699,0.030026432,0.461498619,0.090028242
82,0.576226143,0.576199057,0.576211724,0.576244989,0.27238248,0.013266609,0.30369536,0.01870714,0.35180456,0.00972645,0.3598371,0.009506364,0.29537363,0.065388743,0.352739515,0.049333237,0.410862617,0.056319139,0.437368753,0.087510754,0.326724122,0.036310385,0.365513945,0.038927396,0.39751936,0.07443253,0.492737317,0.085294599
83,0.577220885,0.577237895,0.577183767,0.577280692,0.289333378,0.017168725,0.328246734,0.037558368,0.336171361,0.034002883,0.335456528,0.018690016,0.305742722,0.058963491,0.345672649,0.059308742,0.36885966,0.039245765,0.448363586,0.026656952,0.329773641,0.037932267,0.36506364,0.040393491,0.362735735,0.046570479,0.438815261,0.058980662
84,0.578234052,0.578214136,0.57820025,0.578208269,0.268002651,0.015158868,0.313814801,0.026858959,0.334994475,0.013636875,0.385924551,0.054148162,0.293732791,0.063946437,0.348600834,0.037211475,0.412637154,0.033409178,0.456897108,0.058643502,0.309151508,0.047350662,0.342781749,0.043394003,0.374586416,0.065770779,0.450634896,0.070427363
85,0.57920903,0.579162646,0.579215824,0.579249262,0.276643505,0.015176354,0.31538691,0.013438133,0.333535807,0.036879893,0.359970095,0.02804093,0.292370044,0.042557771,0.343047111,0.044215442,0.371665927,0.062204382,0.461645955,0.058697333,0.311792752,0.027410502,0.351665542,0.037342072,0.376245349,0.064489439,0.466388382,0.096186107
86,0.580242289,0.580235377,0.580187996,0.580231072,0.268567812,0.018185801,0.306074503,0.020047707,0.36189002,0.015793622,0.361406026,0.040062784,0.300353571,0.059229734,0.35347376,0.058672919,0.383931034,0.034197704,0.441811969,0.086203647,0.318041704,0.043775368,0.370853675,0.043574068,0.372643678,0.043414315,0.46398132,0.078394217
87,0.581207657,0.581171233,0.581160143,0.58123729,0.281229286,0.011108027,0.31659596,0.016725122,0.339439358,0.040626322,0.355627815,0.018405612,0.314453334,0.052511149,0.335744889,0.041462806,0.380619362,0.04522171,0.448763539,0.01524476,0.326964608,0.042334601,0.34221161,0.034721192,0.353417295,0.063391716,0.409766237,0.060670457
88,0.582245018,0.582184567,0.582182175,0.582213781,0.276794911,0.029182911,0.302153504,0.025629475,0.338902574,0.03328492,0.331142232,0.01834773,0.296506573,0.043938368,0.345759061,0.05597788,0.368772108,0.051584414,0.435614272,0.051217257,0.315264349,0.027616753,0.361778387,0.042457421,0.378862948,0.045442929,0.467427663,0.084099585
89,0.583234596,0.583217006,0.583200901,0.583247287,0.273106896,0.011631652,0.309890127,0.023489979,0.32333469,0.019478432,0.341272584,0.042255359,0.300708097,0.060452777,0.346011667,0.038271127,0.398523503,0.034045208,0.412469422,0.050978118,0.321862809,0.041015919,0.35339801,0.041171299,0.37755053,0.056266004,0.423304766,0.045644571
90,0.584226324,0.584183749,0.584230181,0.584232205,0.28200408,0.017609747,0.313027439,0.010761928,0.347580823,0.008733037,0.35938741,0.025993933,0.292781235,0.059497203,0.349473839,0.035092557,0.359232049,0.037705439,0.414772402,0.053643297,0.314098359,0.041079435,0.355201475,0.0301874,0.346697923,0.052105803,0.430022514,0.092005216
91,0.585233928,0.585193944,0.585215086,0.58522458,0.277501989,0.021669768,0.30396553,0.006509749,0.332165361,0.037668648,0.374393034,0.035723965,0.304641355,0.056164797,0.343017154,0.042876519,0.380018005,0.058198326,0.452146253,0.014533887,0.319989006,0.038965896,0.349910338,0.037896501,0.392333881,0.047789712,0.427493784,0.032707358
92,0.58618877,0.586228491,0.586186228,0.586241321,0.280044064,0.012606325,0.30389001,0.033906641,0.334450371,0.0270855,0.319312363,0.036355185,0.30636307,0.04998587,0.329846877,0.05855991,0.389461508,0.042559843,0.408222275,0.035730665,0.320249159,0.038208684,0.352031078,0.039229994,0.361209052,0.067628508,0.435600193,0.064622828
93,0.58719231,0.587193112,0.587253703,0.587253825,0.263716991,0.015698788,0.302905032,0.018764609,0.312251937,0.024363958,0.349060302,0.017131252,0.29758879,0.062074329,0.338229344,0.055244479,0.368847129,0.047501399,0.426948053,0.033988236,0.325660357,0.040130055,0.354247046,0.041236092,0.356200105,0.064882951,0.439488403,0.084248908
94,0.588177795,0.588200041,0.588233183,0.588248327,0.283324493,0.009509706,0.313171036,0.019930349,0.354695727,0.028676802,0.334819012,0.053336772,0.309591539,0.049148105,0.353253807,0.036021309,0.379130061,0.03926602,0.375888598,0.022247113,0.311414909,0.042498034,0.355102266,0.035716168,0.365986161,0.037012669,0.413633097,0.028079602
95,0.589236381,0.58921428,0.589207472,0.589226865,0.269398155,0.031944043,0.293643789,0.015428792,0.321259031,0.009706018,0.340578634,0.01923024,0.300099092,0.056409998,0.343001736,0.055753293,0.38180907,0.045925911,0.436127123,0.075776584,0.330344453,0.030159194,0.355763619,0.046058223,0.364845016,0.063237878,0.415040572,0.099742291
96,0.590231188,0.590223236,0.590177381,0.590262484,0.270888385,0.012354246,0.313952063,0.015585021,0.338768518,0.034740249,0.335748195,0.057272759,0.302503249,0.051921959,0.337109543,0.039081353,0.345834115,0.033658354,0.429671405,0.015878224,0.309932395,0.044637408,0.33622966,0.038773682,0.354513162,0.027840677,0.430981273,0.048857323
97,0.591253625,0.591193963,0.591209902,0.591279215,0.273632394,0.019431541,0.302577308,0.014459179,0.326155066,0.02006936,0.337144324,0.010274775,0.292118579,0.04818384,0.32989154,0.046969863,0.375187828,0.030648961,0.405962074,0.04331914,0.311803459,0.031930142,0.352154933,0.026113814,0.35319683,0.049377727,0.407556039,0.029587811
98,0.592193533,0.592233603,0.592222368,0.592287359,0.283845326,0.005637894,0.307466085,0.031433739,0.331476085,0.042618729,0.332346373,0.010899488,0.310347034,0.055334304,0.336847772,0.026446736,0.361099244,0.027991178,0.412235227,0.036815323,0.318945098,0.049450398,0.333751509,0.029006542,0.352286679,0.046769205,0.391142101,0.07740929
99,0.593192836,0.593197989,0.593221014,0.593282927,0.266190259,0.017759559,0.309408447,0.014292655,0.329527171,0.027980204,0.36490531,0.030995,0.297072868,0.047622459,0.333670687,0.060530918,0.369087984,0.027037287,0.37824009,0.028274436,0.337135826,0.029176604,0.354985,0.041500144,0.352954065,0.040214171,0.423218919,0.041996684
100,0.594189981,0.59421134,0.594223865,0.59427739,0.27390483,0.015075636,0.305340357,0.029791715,0.323738002,0.010450446,0.327848043,0.025814887,0.300849216,0.050763186,0.34026464,0.028732886,0.352326572,0.031137095,0.410684669,0.035219628,0.3146563,0.039974603,0.338750175,0.031660877,0.359056467,0.030749312,0.382748812,0.072595428
101,0.595248625,0.595224569,0.595252063,0.5952602,0.272058998,0.026417648,0.299499766,0.011315027,0.324394961,0.023424206,0.32175867,0.033099137,0.307773124,0.050047172,0.338567196,0.047633938,0.372110148,0.046862253,0.378634602,0.029654211,0.315569358,0.043839107,0.336837219,0.047457089,0.353517496,0.066558737,0.396479321,0.067142854
102,0.596177952,0.596207037,0.596206171,0.596245106,0.270887111,0.017176486,0.300382652,0.018428528,0.346723153,0.018066323,0.331191397,0.000741112,0.287026637,0.060348419,0.333879727,0.041442309,0.376764548,0.045301955,0.401330089,0.035063809,0.313810048,0.03734468,0.350547431,0.030749022,0.353922068,0.066195904,0.399825149,0.037291848
103,0.597197343,0.597196982,0.597257823,0.597223755,0.289699608,0.038966671,0.302812603,0.00522521,0.321918433,0.030304814,0.322569918,0.039702677,0.306683373,0.030574195,0.331880726,0.035950497,0.358738669,0.018252281,0.371144591,0.024056521,0.308021373,0.026940042,0.332479626,0.032087166,0.349396924,0.026043665,0.384762687,0.032311896
104,0.598221918,0.598179419,0.598256335,0.59822888,0.27486894,0.023038127,0.302784197,0.017337343,0.331390082,0.008255741,0.327177277,0.018720343,0.304273274,0.059891146,0.332808207,0.042695143,0.352688921,0.028164562,0.390424711,0.018236471,0.31664152,0.048505122,0.333583005,0.041559656,0.349521537,0.04556665,0.407347055,0.072197419
105,0.599180695,0.599168366,0.599203002,0.599215853,0.270937417,0.012886796,0.298189348,0.01880018,0.320010111,0.019537857,0.358906259,0.022739142,0.306189285,0.063935259,0.334182859,0.034770079,0.372418424,0.019957293,0.38125005,0.050495414,0.330527978,0.043381589,0.337949947,0.032250949,0.354546557,0.0342814,0.393430528,0.0365726
106,0.60020734,0.600198563,0.600221652,0.600273851,0.270825139,0.018620143,0.301557752,0.021623476,0.327144758,0.014219235,,0.009168488,0.305882898,0.055348916,0.31842253,0.040879324,0.353570986,0.034372381,0.397067892,0.022288911,0.316173081,0.045898355,0.335352953,0.032923079,0.341748067,0.05039295,0.380012765,0.041632672
107,0.601186076,0.601176764,0.60125416,0.601246722,0.2737843,0.021973609,0.300684114,0.018759273,0.318600222,0.010206375,0.792730115,0.822886836,0.290439351,0.045216869,0.331615568,0.038190736,0.350964478,0.026933258,0.358742142,0.031208737,0.311587094,0.02733139,0.329899152,0.039946673,0.352948362,0.02431184,0.391992926,0.021153113
108,0.6022372,0.602181465,0.602243343,0.60226138,0.273167217,0.019917548,0.296244809,0.016787328,0.328504226,0.025796465,,0.052719999,0.310601236,0.03281079,0.335873722,0.028452275,0.374890885,0.030678788,0.394599751,0.043814777,0.312757475,0.028116582,0.331807932,0.023065999,0.336362339,0.052076297,0.377324538,0.050455785
109,0.60323736,0.603259592,0.603279102,0.603271768,0.270507041,0.018190083,0.295436319,0.020049282,0.319736541,0.016263737,0.303524711,0.043968913,0.297098611,0.05039915,0.331084821,0.048319257,0.361786464,0.028156949,0.39069485,0.012979011,0.309589113,0.039600722,0.343551648,0.039943535,0.350438874,0.047120514,0.397353474,0.095466823
110,0.604192032,0.604217038,0.604275506,0.604254508,0.267384396,0.015804976,0.296792382,0.018783616,0.325542766,0.011345157,0.313993271,0.022180087,0.299256848,0.05029747,0.324413733,0.023867418,0.355099765,0.033795312,0.352004575,0.019923223,0.302100561,0.047533635,0.31858268,0.028552082,0.346288408,0.041434954,0.362663389,0.026421718
111,0.605225111,0.605218512,0.605236907,0.605253005,0.271388235,0.020207397,0.300312167,0.013494288,0.327099324,0.02229217,0.337059629,0.017640823,0.29581143,0.053585232,0.346592011,0.077902513,,0.022955544,0.370698958,0.016611086,0.320873066,0.032598963,0.355429129,0.070559831,,0.033842733,0.37058192,0.048583344
112,0.606249705,0.606181949,0.606211101,0.606254814,0.262486367,0.014171959,0.302640656,0.015534269,0.333962325,0.013578788,,0.019415512,0.312938035,0.038034645,0.331211959,0.028177524,,0.346902336,0.367916452,0.010684282,0.304972834,0.044884965,0.329368951,0.031047679,,0.350262588,0.386885078,0.034276427
113,0.6072392,0.60719099,0.607208565,0.607245897,0.276409687,0.022074547,0.291452066,0.00930511,0.310890281,0.030220047,,0.304488152,0.299410939,0.038239197,0.319886453,0.027747659,,0.499867398,0.363080585,0.02568274,0.304194737,0.03155086,0.329022947,0.019944422,,0.527644734,0.360943086,0.044947144
114,0.608220305,0.608176617,0.608242159,0.608282653,0.273704948,0.015274811,0.294355125,0.018236149,0.316985603,0.015754502,,0.51322162,0.299808455,0.043571734,0.330577406,0.027358256,,0.048250159,0.366110416,0.009940993,0.305047805,0.040008401,0.316085912,0.03819566,,0.051337611,0.388744647,0.04653056
115,0.609251268,0.609249094,0.609221679,0.609248539,0.260775554,0.010590547,0.289040709,0.015857005,0.329912295,0.015968243,,0.025109001,0.296301896,0.0463449,0.323863694,0.043398765,,0.023626791,0.401648029,0.010689031,0.310308741,0.033618044,0.330749514,0.038609384,0.336157325,0.045015962,0.376845309,0.040254764
116,0.610230237,0.610197491,0.610243597,0.610233439,0.275370036,0.012611827,0.296644181,0.024375138,0.312418763,0.011197892,0.339377691,0.020069144,0.29444947,0.049716997,0.31402439,0.024583698,0.829578962,0.800612547,0.326515982,0.07345829,0.305242108,0.041194756,0.315104023,0.023215543,0.328939259,0.048598245,0.345758087,0.033683222
117,0.611177415,0.611191532,0.611212388,0.61123641,0.273863016,0.022046154,0.297567736,0.013376728,0.323200842,0.017056878,0.293817777,0.01925083,0.303439098,0.028006031,0.326904158,0.033777854,,0.029006461,0.378377915,0.049589491,0.305926367,0.02463954,0.328081642,0.033490078,0.349514302,0.01171523,0.388071949,0.037278637
118,0.612190202,0.612237919,0.612165213,0.612199969,0.267316,0.014686547,0.188317444,0.195924355,0.331615572,0.036102289,0.33457457,0.020989504,0.290054782,0.055438155,0.317220589,0.029857246,0.345628447,0.028399499,0.345199048,0.023399136,0.304577637,0.04208292,0.321438307,0.025646561,0.330871925,0.026415099,0.351354806,0.022676626
119,0.613178728,0.613179453,0.613196597,0.613165703,0.269309703,0.010830716,,0.208400578,0.30175841,0.015285599,0.317400808,0.028919228,0.298140282,0.035282355,0.319962044,0.028434957,0.356131166,0.037528348,0.35743751,0.038626389,0.298483061,0.036277602,0.323798947,0.026817594,,0.039836844,0.379544124,0.058485586
120,0.61415856,0.614174637,0.614198368,0.614231236,0.276716418,0.02269595,0.287188249,0.020526129,0.336559463,0.015026868,0.317707623,0.01934723,0.285021674,0.049953226,0.328995475,0.02667358,0.359228292,0.024150073,0.355211005,0.023669649,0.301178366,0.035770461,0.321351421,0.032549843,,0.336157272,0.357062929,0.023203137
121,0.615207511,0.615178279,0.615186288,0.615224693,0.258914655,0.016722853,0.292501772,0.017148729,0.314226111,0.018228655,0.308716235,0.017534355,0.296569412,0.048248806,0.31930276,0.026761451,0.342020129,0.01019693,0.369664066,0.018481684,0.306336782,0.040124463,0.317916044,0.030197995,,0.468819443,0.364961633,0.024735473
122,0.616174469,0.616185135,0.61621883,0.61627843,0.281634346,0.020444824,0.28821378,0.007760794,0.310945344,0.012168538,0.309820505,0.027771496,0.295435883,0.038306685,0.311657166,0.022246958,0.347980387,0.027239388,0.349739755,0.04322256,0.296200881,0.037105817,0.327235914,0.024781495,,0.041344223,0.361005479,0.039073587
123,0.617139657,0.61718339,0.617176008,0.6172356,0.272759514,0.006481092,0.291000056,0.014546531,0.322578693,0.024159584,0.336956522,0.022210807,0.292479287,0.044231767,0.308619711,0.028239323,0.351530258,0.018911604,0.331610528,0.00836156,0.310218704,0.030557104,0.301400242,0.034331723,0.325700435,0.031017129,0.334829626,0.019940691
124,0.618175871,0.618155007,0.618194618,0.618200406,0.258547342,0.014501647,0.29153886,0.005585564,0.322572499,0.024816912,0.303566524,0.032853107,0.291003781,0.03828015,0.318000679,0.018017535,0.341107257,0.013231242,0.35779633,0.026105475,0.296499235,0.037511375,0.325923235,0.023093623,0.327123855,0.027419371,0.373471933,0.050324587
125,0.619172692,0.619130986,0.619192179,0.619219183,0.267181316,0.019456716,0.294406874,0.016070482,0.322085164,0.008919555,0.318641563,0.008636361,0.297631384,0.039617371,0.3110882,0.029255373,0.337451559,0.01897476,0.346523383,0.028931316,0.293396578,0.043433598,0.315947847,0.026978275,0.339111676,0.014073849,0.333794526,0.035755593
126,0.620172652,0.620185515,0.620148406,0.620215725,0.263853893,0.014293909,0.279603849,0.009729228,0.317833818,0.021251036,0.314106723,0.013282907,0.289410443,0.056484995,0.326472024,0.007219775,0.359236723,0.030501995,0.356675731,0.009447282,0.302046998,0.044086552,0.304008416,0.022006851,0.344063315,0.043353516,0.384714156,0.035657954
127,0.621177913,0.621192433,0.621167157,0.621179513,0.2676027,0.015442171,0.289345303,0.007273778,0.316184377,0.008448124,0.330134156,0.015057754,0.298409464,0.026287107,0.333824329,0.042596133,0.340260701,0.012330183,0.320348318,0.002501661,0.298374578,0.026639876,0.323211889,0.045632042,0.318989142,0.033796365,0.320510429,0.016215068
128,0.622175823,0.622183376,0.622178363,0.622246018,0.268553871,0.015698193,0.284390893,0.013687522,0.308764168,0.004939179,0.310996136,0.009190241,0.286917097,0.043603169,0.309647966,0.018745368,0.356324011,0.009881072,0.355864904,0.020721601,0.293091897,0.037336287,0.296689297,0.016804137,0.337057161,0.024394875,0.353971481,0.028643634
129,0.623182171,0.623188041,0.623191619,0.623238209,0.265202322,0.012807954,0.291697921,0.007259223,0.317505743,0.016767818,0.322574574,0.021782562,0.292271398,0.039949523,0.318992475,0.017849694,0.33134698,0.02632529,0.346017004,0.053714161,0.294008247,0.038617082,0.314167435,0.02239078,0.330790509,0.026996002,0.35190902,0.036151563
130,0.62418338,0.624189355,0.624216547,0.624253621,0.258607064,0.01150644,0.283739348,0.016993184,0.314589772,0.008507237,0.300319341,0.04396679,0.286019181,0.041502553,0.311552107,0.016958914,0.344743214,0.020845827,0.327670867,0.015655186,0.289156068,0.040799228,0.304113506,0.025054849,0.33187836,0.035201343,0.348327513,0.040542051
131,0.625174969,0.625189809,0.625186441,0.625239484,0.265777371,0.013300959,0.283199271,0.003799277,0.310260334,0.019942872,0.328987103,0.019600755,0.292179597,0.04098446,0.308525,0.031645772,0.344522895,0.012302804,0.357259112,0.014370977,0.295039656,0.038324239,0.299818215,0.03902691,0.330303672,0.024631051,0.35343808,0.031133076
132,0.626164471,0.626195599,0.626185059,0.626243341,0.26778364,0.021584705,0.282724412,0.011845871,0.318139907,0.00465223,0.308177909,0.023943575,0.286550651,0.038518644,0.307987568,0.028523429,0.341287562,0.010229604,0.33717894,0.03687302,0.300430109,0.030300225,0.317869881,0.021000914,0.326135429,0.018771411,0.349180851,0.042559701
133,0.627199281,0.627182238,0.627233494,0.627263234,0.260540145,0.012688556,0.292023133,0.005879679,0.31070374,0.002770354,0.309684038,0.023245461,0.285252645,0.045121723,0.319478537,0.007420478,0.34965317,0.011552183,0.336970797,0.007757329,0.288989254,0.042654371,0.297710711,0.028959507,0.339908135,0.02500917,0.360445903,0.039795566
134,0.628226799,0.628172961,0.628239345,0.628251406,0.256019432,0.018415636,0.282297194,0.006361627,0.316813755,0.024186475,0.327389814,0.01356599,0.290846489,0.019521082,0.30388749,0.015080364,0.332070848,0.016406894,0.352292952,0.008413997,0.279768824,0.028623592,0.293552254,0.025493708,0.321352858,0.015787576,0.34897539,0.0206308
135,0.629172651,0.62917529,0.629211297,0.62923935,0.265863126,0.002352619,0.282044458,0.012194956,0.316050198,0.019072356,0.315164904,0.017789941,0.294033653,0.050752155,0.307513852,0.015974767,0.337256275,0.030777889,0.340762983,0.006940887,0.300280254,0.046075,0.307163475,0.0318067,0.327647208,0.042722198,0.341488559,0.02866464
136,0.63015793,0.63020112,0.630196066,0.630247429,0.259461141,0.020016807,0.285051384,0.009089073,0.311673935,0.009502679,0.312537594,0.016951707,0.27605304,0.02843526,0.309876947,0.020616979,0.335435093,0.017763823,0.341877522,0.012265329,0.276277351,0.030218471,0.297787,0.030810003,0.31923668,0.012605537,0.3591108,0.034563124
137,0.63116119,0.631197151,0.631209427,0.631219607,0.262097055,0.008639745,0.282001321,0.011020965,0.314636848,0.008887911,0.325530886,0.017185817,0.282902898,0.03430347,0.310998381,0.03372494,0.347541307,0.023448316,0.336712645,0.015932735,0.286385077,0.031515441,0.30260866,0.037227109,0.328296069,0.022354378,0.338487612,0.035098957
138,0.632173958,0.632158355,0.632200534,0.632256408,0.265390176,0.026944814,0.283960255,0.010149979,0.315630012,0.010617133,0.306929739,0.025524342,0.281364859,0.038576014,0.30565014,0.012366293,0.330548684,0.006226958,0.312891518,0.001352568,0.28243405,0.037996716,0.298026688,0.016804053,0.326449372,0.013011379,0.357259037,0.040072135
139,0.633202461,0.633165119,0.633231798,0.633234886,0.257794956,0.021082194,0.281469759,0.008126125,0.316216185,0.014327301,0.32087039,0.026106415,0.276468471,0.032641457,0.295498544,0.001661347,0.341231823,0.011567698,0.335705133,0.018035862,0.275940117,0.03668007,0.284183144,0.014435121,0.322232295,0.02809201,0.342955478,0.047485723
140,0.634197186,0.634182371,0.634222886,0.634237755,0.252612793,0.008179715,0.278172945,0.004226597,0.316226321,0.005558935,0.305973519,0.017150665,0.287383994,0.04429452,0.311173912,0.037412011,0.344028196,0.021977051,0.3422158,0.03325004,0.291238038,0.041791955,0.310719078,0.037742726,0.324706789,0.023738609,0.332279936,0.029295955
141,0.635148411,0.635218682,0.635193747,0.635256584,0.273657323,0.012002547,0.280068525,0.007227845,0.304380169,0.020322006,0.314466097,0.010902232,0.283105932,0.016830857,0.308773857,0.012057597,0.338117216,0.006522725,0.333513785,0.047850343,0.271979948,0.026929086,0.293093297,0.025578744,0.319654005,0.023049851,0.365049594,0.02310085
142,0.63615466,0.636158652,0.636168741,0.636257261,0.252546068,0.015474899,0.288022502,0.016654544,0.322340451,0.014186864,0.319543987,0.011813927,0.285683688,0.035969536,0.301583071,0.023321103,0.33839028,0.011038023,0.346739745,0.059627353,0.285423099,0.036598747,0.290102567,0.024490109,0.335670392,0.014862598,0.314536782,0.034381827
143,0.637172701,0.637166469,0.637188366,0.637272647,0.258068765,0.017496129,0.27579439,0.003653878,0.31250614,0.005415133,0.325141684,0.016687156,0.280009579,0.044131382,0.298499901,0.024604978,0.332480754,0.003379672,0.326951617,0.011648891,0.276580326,0.047140281,0.290943039,0.022724322,0.318361239,0.016678642,0.331934023,0.038604236
144,0.638165277,0.638163691,0.638145573,0.638254224,0.257372672,0.01259657,0.27678882,0.007142714,0.314663939,0.020360022,0.315298451,0.012935241,0.284948206,0.033139428,0.304216472,0.005412289,0.337951457,0.007037958,0.32746849,0.003302813,0.290124003,0.040670315,0.284529842,0.023689485,0.323994747,0.017644489,0.365960884,0.036742892
145,0.639135521,0.639131111,0.639202364,0.639234809,0.258805034,0.015566171,0.287175651,0.01608573,0.311998793,0.01165112,0.315260012,0.031422412,0.270493687,0.041299444,0.296893382,0.007252274,0.336781587,0.02270403,0.333988247,0.023337008,0.27236549,0.039149102,0.285051952,0.015427429,0.315554698,0.009481156,0.324627707,0.015155213
146,0.640153326,0.640209742,0.640198741,0.640201677,0.251346663,0.013536214,0.280936847,0.021405056,0.30866269,0.011071347,0.322456055,0.020829954,0.283803897,0.018563068,0.299815385,0.015371338,0.332365817,0.006560008,0.331192752,0.017196606,0.26935319,0.031707485,0.294474378,0.019856427,0.325370742,0.027122385,0.343543866,0.06133946
147,0.641158501,0.641183428,0.641191844,0.641255395,0.256113084,0.005919167,0.288497219,0.003458268,0.31127386,0.02324785,0.310019516,0.013972672,0.280732551,0.034431344,0.297477869,0.006207749,0.345032501,0.011262448,,0.003745354,0.276515711,0.037796322,0.286798753,0.007684316,0.327853174,0.021418272,0.344334486,0.010631619
148,0.642157317,0.642222787,0.642235852,0.642226231,0.25527433,0.015054163,0.267527134,0.006717853,0.309861406,0.016868464,0.32264918,0.01190765,0.285853939,0.015307016,0.293884246,0.011877675,0.331689738,0.019489988,0.680935053,0.651394846,0.266928792,0.026391929,0.282252974,0.01982008,0.313814408,0.013595959,0.320721167,0.041304017
149,0.643140317,0.643231533,0.643204643,0.643250136,0.256371094,0.011534384,0.274634201,0.00724422,0.319592791,0.0220732,0.318392119,0.012304437,0.275348654,0.036295718,0.302618384,0.00540299,0.346814205,0.01834663,,0.212830036,0.270824016,0.040725095,0.280331572,0.025216841,0.321925909,0.008772163,0.354594635,0.033142132
150,0.644148462,0.644166102,0.644194694,0.644251793,0.254750293,0.010547014,0.287844781,0.01193501,0.307652283,0.013030934,0.31069444,0.036296128,0.285782207,0.025390493,0.307857373,0.010464663,0.3243712,0.004387462,0.331349593,0.018938921,0.276624301,0.03506343,0.289142587,0.032454873,0.320298199,0.000866657,0.337177232,0.022503549
151,0.645228833,0.645182319,0.645175061,0.645214185,0.254295277,0.01680032,0.277831885,0.001383213,0.317850123,0.007786937,0.333475028,0.017957871,0.270593268,0.012729659,0.287501352,0.009293316,0.339609814,0.011984953,0.32914412,0.016905707,0.259918487,0.023148279,0.27599207,0.006943965,0.314125783,0.01116347,0.332566124,0.037327274
152,0.646176786,0.646201681,0.646210514,0.646263597,0.25839359,0.009073536,0.281300518,0.003201644,0.314587616,0.00796346,0.307245964,0.008191533,0.280981249,0.03140174,0.286430446,0.007007854,0.324212301,0.014825184,0.326253069,0.005368341,0.272842264,0.038266836,0.277601125,0.023604314,0.32552871,0.00617616,0.348027541,0.016399602
153,0.647146851,0.647197676,0.647211099,0.647251661,0.251366393,0.011068161,0.27242423,0.010455617,0.30367412,0.016148015,0.325884753,0.018154951,0.268919796,0.029857405,0.302287395,0.006408423,0.331162045,0.014152854,0.334777721,0.021895751,0.270509757,0.028001707,0.278077722,0.024869402,0.310451603,0.019816863,0.334502209,0.031391612
154,0.648160474,0.648197839,0.648207416,0.64821321,0.261257959,0.019429673,0.272247042,0.0108734,0.313375754,0.014103632,0.321119379,0.020090879,0.271904751,0.019834691,0.286971127,0.02145662,0.341684443,0.024998287,0.324054816,0.005774165,0.264607246,0.026143321,0.282724783,0.014558012,0.342175216,0.02503636,0.342178902,0.058923762
155,0.649141025,0.649174808,0.649224937,0.649243667,0.249163476,0.013156809,0.283290328,0.008410957,0.31354981,0.020207992,0.326366937,0.017997649,0.271713388,0.029257388,0.299183168,0.008997119,0.341032463,0.009481934,0.329863078,0.014008151,0.258142831,0.040550528,0.270713939,0.024266181,0.313238116,0.015441367,0.335102582,0.019132222
156,0.650177889,0.650137993,0.650202246,0.65027393,0.25398659,0.012759703,0.285933344,0.010232673,0.313210154,0.011607047,0.299504223,0.018311785,0.268612306,0.028020262,0.295081441,0.005308953,0.330141918,0.008197938,0.352690477,0.042319192,0.258936125,0.036229857,0.273745554,0.016694536,0.32328242,0.002545459,0.33438991,0.028007326
157,0.651160801,0.651124498,0.651151965,0.651208909,0.260711206,0.010760572,0.281529983,0.001363966,0.321654093,0.021432971,0.342091607,0.026045935,0.270634859,0.016934114,0.282833619,0.016194555,0.331201627,0.019932698,0.312931508,0.009353274,0.258799027,0.022345883,0.273588642,0.023284087,0.310313459,0.001618019,0.320996583,0.03102601
158,0.652158554,0.6521403,0.652152481,0.652225597,0.254104045,0.016977066,0.282474106,0.026936357,0.317149347,0.016325718,0.317359756,0.022918477,0.275404842,0.053715887,0.304035763,0.002467631,0.339660122,0.007727376,0.32130307,0.012932744,0.274037966,0.056068738,0.282010818,0.017051579,0.327361307,0.0062567,,0.045364163
159,0.653107532,0.653168922,0.65318992,0.653195601,0.245313212,0.013000857,0.273731426,0.005739,0.316590458,0.024140293,0.327262933,0.013003536,0.272810135,0.021429299,0.285744819,0.008067843,0.334215644,0.013851538,0.341179443,0.027234235,0.257568834,0.034455689,0.269133871,0.015822407,0.309323772,0.015881193,0.77179985,0.799216485
160,0.65411898,0.654178532,0.654171177,0.654202687,0.248100686,0.009831236,0.268504224,0.013787776,0.318712702,0.01891218,0.326046918,0.022488286,0.259734086,0.006403429,0.290065066,0.008718098,0.325959431,0.011102773,0.33812857,0.013390504,0.25072113,0.020196615,0.267306573,0.02417667,0.335343918,0.012286906,,0.02103226
161,0.655095301,0.655148937,0.655187605,0.655201099,0.255980337,0.011314232,0.28696769,0.009281657,0.308817815,0.017738435,0.323915325,0.015863109,0.267422136,0.018832997,0.294038523,0.003773418,0.333660016,0.028940159,0.317763342,0.027139454,0.251885693,0.030100702,0.277776879,0.020934506,0.301230841,0.007803204,0.321833132,0.034004172
162,0.656117285,0.656111912,0.65613623,0.656190076,0.24566274,0.012947058,0.275415498,0.014522589,0.325700646,0.008340312,0.315462777,0.01919276,0.272242463,0.031947227,0.286484196,0.014385529,0.335447161,0.012334718,0.343734014,0.015861548,0.257609159,0.040508854,0.259318916,0.010719364,0.325657862,0.010003618,0.358660828,0.036806534
163,0.657138192,0.657104518,0.657202501,0.657167233,0.242318022,0.009077635,0.271902623,0.011874631,0.305612996,0.009988035,0.324026863,0.032835018,0.256045181,0.020181323,0.2936768,0.007081862,0.336389087,0.026409906,0.319018439,0.02538204,0.259186887,0.015033475,0.273553995,0.033931715,0.312971408,0.006269049,0.328271827,0.033391507
164,0.658086081,0.65813964,0.65817012,0.658200781,0.25761671,0.014646969,0.27495527,0.002728941,0.322980138,0.017639279,0.327135213,0.005110067,0.269487218,0.019614359,0.29251327,0.00888913,0.334276131,0.013019161,0.326739502,0.016720121,0.250017393,0.036673492,0.270455686,0.02818623,0.320521222,0.000876687,0.322616975,0.03513784
165,0.659119857,0.65914306,0.659158862,0.659203598,0.251831572,0.016300839,0.267414813,0.010660806,0.310250987,0.02691184,0.32855705,0.033399509,0.258354182,0.016187937,0.285981863,0.005843145,0.327923955,0.013230486,0.345426306,0.013603936,0.253417745,0.020285453,0.268346853,0.015351232,0.319257103,0.016847771,0.361102409,0.025778363
166,0.660204452,0.660214314,0.660183738,0.66022556,0.243530805,0.025439949,0.272890214,0.007370897,0.327451728,0.022106245,0.318540015,0.02889109,0.271033982,0.022733488,0.285640838,0.008359941,0.330206842,0.015846248,0.318207079,0.028089959,0.246299923,0.044235758,0.260991909,0.021053575,0.32181405,0.01207379,0.320629419,0.033303142
167,0.66112987,0.661141401,0.661187358,0.661200799,0.252686139,0.008666198,0.278398481,0.01977951,0.313946594,0.019866997,0.344371747,0.008563181,0.255040013,0.018747697,0.277502496,0.009744678,0.341852721,0.035532626,,0.018098779,0.255687748,0.018569712,0.263433989,0.004936232,0.312721661,0.008739175,,0.037986558
168,0.662144473,0.662162811,0.662210126,0.662208895,0.242609323,0.007875213,0.26792447,0.011118857,0.309565348,0.00517853,0.311282174,0.007112678,0.261909518,0.007730408,0.302687127,0.011676718,0.340849487,0.007972451,0.786637482,0.783526825,0.241904319,0.025960825,0.269860013,0.020515105,0.316055314,0.01547206,0.797920638,0.773545081
169,0.663120878,0.663122727,0.663122595,0.66326583,0.251566431,0.016176759,0.285500721,0.011532413,0.32785748,0.041503491,0.327973508,0.020734092,0.265445062,0.020496477,0.271006569,0.014622603,0.33772584,0.030344662,,0.028848537,0.252343133,0.032584825,0.252131318,0.016581807,0.326329906,0.023109241,,0.031776639
170,0.664152449,0.664115521,0.664151728,0.664201905,0.238983756,0.012585621,0.276985319,0.00818342,0.317727145,0.005849739,0.335541173,0.022871148,0.256687702,0.016585477,0.288651537,0.008162503,0.328218545,0.022361236,0.327865322,0.012905318,0.244557148,0.024079631,0.26538802,0.01863671,0.309757346,0.004550045,0.338326613,0.020921642
171,0.665136295,0.665123024,0.665207185,0.665193039,0.242077355,0.005801137,0.260224877,0.019639112,0.308575263,0.014834586,0.326699173,0.023022828,0.264909174,0.026070825,0.291471184,0.017040983,0.345816481,0.010875748,0.340138963,0.011221311,0.252388107,0.036457364,0.262723863,0.02554641,0.331077857,0.01032307,0.341595817,0.029370229
172,0.666126358,0.666206713,0.666152346,0.666254049,0.250055673,0.011687254,0.269514702,0.01478735,0.319574746,0.029749614,0.329750207,0.00797102,0.260669886,0.017615531,0.29335396,0.00663762,0.334788121,0.016465234,0.342082484,0.035517703,0.24587449,0.030265813,0.259107636,0.025326521,0.31727889,0.009750069,0.336992383,0.037203208
173,0.667136505,0.667104936,0.66719728,0.66719309,0.23005216,0.007235567,0.285229102,0.02951085,0.316431563,0.005836495,0.325819856,0.032646324,0.267794798,0.021388295,0.288721205,0.038101524,0.342793235,0.031095785,0.326588444,0.018619261,0.244492432,0.041652938,0.253312551,0.039198238,0.327859188,0.01848452,0.334320975,0.041281323
174,0.668130635,0.668119681,0.668163851,0.668234852,0.239866395,0.015090493,0.275519037,0.006078981,0.325347852,0.021672349,0.338763902,0.011583466,0.250071898,0.009083481,0.288680863,0.003203058,0.340284517,0.031440126,0.331780621,0.028699571,0.239494545,0.017784349,0.265229479,0.022935333,0.317211716,0.011550512,0.335323585,0.031543475
175,0.669105875,0.669162198,0.669201465,0.669189852,0.237736987,0.007810016,0.263606197,0.004918864,0.321228085,0.003931733,0.325861297,0.037609484,0.263164189,0.005324711,0.279052595,0.011610319,0.339153755,0.025077865,0.336072615,0.019853131,0.236043695,0.026364431,0.253529878,0.013916545,0.315218491,0.00696647,0.345551963,0.02851022
176,0.670126576,0.670112305,0.670187112,0.670171344,0.238820927,0.011615015,0.282692679,0.019603891,0.318223041,0.032735242,0.339514081,0.015048421,0.257616027,0.022411755,0.289987972,0.022392346,0.343444483,0.035914358,0.331078183,0.020940102,0.24276692,0.034778095,0.255229436,0.022593923,0.320581514,0.012046849,0.336122241,0.03390932
177,0.671101722,0.671164422,0.671202354,0.671230273,0.243795821,0.008499264,0.265997113,0.003691361,0.314224187,0.015400731,0.339702681,0.008818986,0.25758226,0.016721791,0.291728185,0.030839081,0.319133093,0.020180513,0.327978147,0.02423368,0.237150665,0.026235055,0.245360635,0.011485085,0.318820191,0.021477538,0.342680141,0.038073098
178,0.672127772,0.672135885,0.672169773,0.672187446,0.24658106,0.015102664,0.271761914,0.016434405,0.32398275,0.017964077,0.330388158,0.029609692,0.265040381,0.004628312,0.276238022,0.012319834,,0.04571399,0.345263601,0.039708632,0.229277909,0.029948937,0.258130947,0.020177514,0.315938044,0.004425918,0.335746844,0.042544089
179,0.673128502,0.673143332,0.673193518,0.673228383,0.249683843,0.008214816,0.275651049,0.007098076,0.318368383,0.023219803,0.323598217,0.013919675,0.251925706,0.012543846,0.276502151,0.016530963,0.351319203,0.033522941,0.338106298,0.008840114,0.240355179,0.022713845,0.253132394,0.014045936,0.333382341,0.014087996,0.341438252,0.010180873
180,0.674114369,0.674129446,0.6741717,0.674210865,0.242924988,0.003348775,0.277566041,0.015151821,0.3266808,0.014694398,0.347971076,0.01701187,0.263180999,0.008451593,0.290881998,0.019518268,0.325816225,0.022262341,0.329615018,0.008432814,0.241153984,0.013927525,0.250127604,0.027645459,0.314176186,0.012004035,0.345513742,0.024241722
181,0.675070558,0.675130605,0.675158334,0.675196647,0.245220402,0.003761365,0.275453421,0.02113202,0.323143354,0.0280147,0.341029325,0.029069786,0.24694081,0.014537797,0.280005186,0.025737936,0.346931145,0.02818955,0.330500139,0.03030444,0.226714462,0.031746223,0.243991797,0.007927492,0.323235249,0.008881437,0.338920114,0.04474086
182,0.676098608,0.676138116,0.676156492,0.676177151,0.235975576,0.00523261,0.280828815,0.002433656,0.323288219,0.019532857,0.331689918,0.024255803,0.255431761,0.004890198,0.277815388,0.010721396,0.344641975,0.018048003,0.334233831,0.032128185,0.238779573,0.018570958,0.252911343,0.016048746,0.327128754,0.009817491,0.339108749,0.049162839
183,0.677123664,0.677129674,0.6771387,0.67718847,0.24436555,0.008303521,0.267048652,0.0185512,0.32031073,0.02289389,0.339015465,0.027342027,0.255897176,0.01251626,0.283061231,0.031887464,0.339780439,0.024593732,0.342655269,0.03331085,0.229631501,0.033832639,0.247317417,0.006693095,0.318106841,0.008766239,0.334083396,0.026613763
184,0.678106273,0.678155025,0.678140994,0.678232526,0.244128776,0.004325865,0.27389497,0.010320841,0.331342188,0.020950001,0.329093598,0.016755551,0.246147576,0.002894389,0.275181122,0.011541248,,0.048909162,0.336160087,0.015609703,0.226740538,0.015092405,0.253521741,0.027159164,0.334513455,0.020456537,0.345273267,0.034587584
185,0.679059244,0.679106101,0.679176345,0.679219281,0.246950025,0.008614645,0.279681198,0.019645949,0.309748036,0.018534494,0.344125621,0.0212746,0.249790146,0.011378275,0.287180632,0.034846091,0.333855805,0.009418065,0.339182191,0.026134468,0.232060819,0.025856745,0.242868371,0.009241642,0.318316622,0.006118293,0.334303184,0.022629772
186,0.680074618,0.680156846,0.680147072,0.680174155,0.237027449,0.004760097,0.271036876,0.013355677,,0.032291757,0.360939571,0.024906954,0.260173235,0.02078729,0.289358162,0.027518877,0.348456717,0.047351081,0.34665466,0.028666543,0.240151205,0.037850957,0.24675009,0.014874059,0.320402967,0.020429999,0.340919733,0.027722455
187,0.681146272,0.681153491,0.681180321,0.681219099,0.23110412,0.012476077,0.272176161,0.016864438,0.33004265,0.016266414,0.331672829,0.018335956,0.251570086,0.002775196,0.282148929,0.023184705,0.342764031,0.033208572,0.335751352,0.020389548,0.228065314,0.028125711,0.263739402,0.024529148,0.333232259,0.023639485,0.337897329,0.02588022
188,0.682131924,0.682178568,0.682181639,0.682228224,0.259502656,0.034708242,0.27368463,0.016135007,0.32056353,0.027230593,0.335200758,0.016993763,0.245874812,0.004146789,0.293548472,0.004016854,0.351388633,0.025576579,0.333643694,0.012092682,0.22748857,0.020349557,0.264178747,0.030521511,0.325857422,0.006222088,0.352800715,0.034857535
189,0.683146089,0.683131579,0.683174431,0.683237296,0.235424854,0.0100572,0.285443692,0.035931844,0.314528414,0.035895989,0.341967538,0.028315246,0.254364377,0.002457985,0.282948941,0.035774083,0.355155032,0.0514623,0.358515736,0.043454749,0.224260391,0.026640775,0.233213526,0.017042486,0.335810092,0.036082318,0.341524099,0.039978072
190,0.684126341,0.684147367,0.684194873,0.684181693,0.253001896,0.004446668,0.274833391,0.012659142,0.3423286,0.014207156,0.347721663,0.030851521,0.2483392,0.002807549,0.287602022,0.03510702,0.348391283,0.021687503,0.331494899,0.015017921,0.228782444,0.019526116,0.25075081,0.021560855,0.326825485,0.004595552,0.335926435,0.018577374
191,0.685144563,0.68514507,0.68519812,0.685249887,0.235949236,0.006814831,0.280357391,0.021228287,0.326064243,0.022671877,0.342399438,0.021338221,0.250424748,0.006891144,0.276010269,0.027830449,0.370603338,0.046104242,0.342767107,0.026185613,0.224577428,0.018405994,0.242011775,0.018106185,0.329323615,0.013337325,0.345048956,0.034284966
192,0.686115821,0.686157403,0.686188502,0.686254385,0.251137129,0.022546644,0.271032955,0.013967492,0.337003143,0.0265048,0.344853411,0.023384398,0.244620742,0.006868533,0.292485943,0.029949879,0.346287352,0.037223651,0.344079024,0.022038913,0.222520136,0.021585933,0.243967075,0.021094787,0.329159635,0.022400037,0.350841549,0.035777724
193,0.68711521,0.687125099,0.687193709,0.687218531,0.237435961,0.005223619,0.27850931,0.021272177,0.328608885,0.023730135,0.355490219,0.025685335,0.250596419,0.008664914,0.280254814,0.028982802,0.352057453,0.043514225,0.36041025,0.026744886,0.216507629,0.022001149,0.246910464,0.023392754,0.348905746,0.047896354,0.334978651,0.005103525
194,0.688126992,0.68813418,0.688159732,0.688215546,0.23501695,0.00494096,0.286156661,0.003101094,0.330499787,0.036651667,0.342509087,0.027922521,0.246564241,0.003900709,0.283539225,0.034186723,0.349210201,0.032845911,0.338272349,0.018539614,0.222459368,0.022648253,0.241673071,0.010811675,0.322736119,0.00971446,0.341789746,0.035031623
195,0.689080486,0.689123054,0.689183999,0.689209445,0.245538933,0.007087516,0.280071169,0.018794493,0.328455498,0.025372448,0.346893313,0.018895068,0.247828469,0.008739274,0.293692068,0.033979039,0.362374386,0.038833055,0.354825598,0.019494548,0.222873573,0.025797331,0.247022424,0.024606236,0.343948894,0.022920802,0.355874333,0.019824592
196,0.690102834,0.690124715,0.690130875,0.690184167,0.240383067,0.002674884,0.280478122,0.01185425,,0.025442798,0.362487125,0.035941613,0.243326439,0.005758666,0.272145643,0.026912707,0.359881612,0.034908106,0.352003266,0.032788015,0.226547797,0.020333933,0.238687065,0.018292749,0.332763257,0.014949947,0.341275564,0.035141073
197,0.691077519,0.691088176,0.691115881,0.691155708,0.252364898,0.012014253,0.272901097,0.027374142,0.341340613,0.020100158,0.355977011,0.028438297,0.246590219,0.012367837,0.282380218,0.032915244,0.357895069,0.029469984,0.348931446,0.02820063,0.219547552,0.013310972,0.23927338,0.015583641,0.353315757,0.024064525,0.358777041,0.042537774
198,0.692071254,0.692047314,0.692136968,0.69217709,0.244509342,0.005205257,0.282258369,0.021481314,0.329060211,0.029512225,0.354014821,0.01805355,0.26029117,0.011222222,0.290897232,0.038204616,0.359144474,0.030869163,0.363116035,0.016085203,0.218106932,0.038718043,0.241583313,0.020621158,0.350420948,0.023372198,0.34806641,0.004645629
199,0.693066025,0.69309447,0.693115672,0.69317757,0.242078898,0.00373651,0.275370215,0.01411334,0.337158879,0.026694869,0.354779426,0.024880139,0.246045847,0.00276881,0.274379225,0.025728915,0.352175776,0.037193757,0.353391406,0.027252247,0.230186157,0.016405271,0.244079925,0.025644012,0.330200746,0.021772882,0.350926764,0.027855663
200,0.694059795,0.694098222,0.694115481,0.694204728,0.233860259,0.007384633,0.274840588,0.010712611,0.339617849,0.029462618,0.367027361,0.034115947,0.247001682,0.015875927,0.293831122,0.033636079,0.37151243,0.043088595,0.362866589,0.001956297,0.216726634,0.021770862,0.248030882,0.020187879,0.357812889,0.031651361,0.363166864,0.02166239
201,0.695079047,0.695088241,0.695141811,0.695164811,0.244168784,0.005250154,0.275506787,0.018736109,0.334066937,0.017821822,0.360627679,0.030870181,0.245479267,0.003643244,0.285180411,0.039895044,0.349269156,0.033622122,0.344517946,0.039290537,0.221630843,0.021933747,0.236495224,0.019691752,0.336027742,0.022292895,0.335927145,0.031948897
202,0.696051593,0.696037943,0.696074865,0.696181154,0.239652409,0.011522232,0.28924464,0.018246784,0.346758839,0.029130681,0.347380877,0.010588791,0.243324155,0.009627473,0.292922653,0.043868372,0.354607121,0.027253929,0.365021394,0.018952202,0.208662511,0.02358635,0.252861877,0.02058093,0.340133516,0.019497521,0.365403522,0.032796001
203,0.69706973,0.697144426,0.697122377,0.697206776,0.242922859,0.005674789,0.262725699,0.003978432,0.333236631,0.022760128,0.364101896,0.019026073,0.256868464,0.014506968,0.275390516,0.02622541,0.352250413,0.038758806,0.35659132,0.021809622,0.218691736,0.02189492,0.24199729,0.016457995,0.347199794,0.032035222,0.351597366,0.018032341
204,0.698047401,0.698065377,0.698176267,0.698169753,0.24078945,0.010647699,0.296252142,0.019765761,0.340073729,0.004642269,0.361915912,0.026792719,0.24445118,0.022728341,0.279838168,0.038627448,0.362031287,0.026377571,0.363584859,0.035789866,0.21195397,0.00596372,0.243531436,0.025746439,0.354270394,0.021842912,0.361018793,0.02870937
205,0.699044217,0.699108268,0.699125453,0.699142364,0.238080585,0.004395544,0.262013872,0.011232911,0.341323981,0.039281498,0.368246262,0.036923143,0.235855267,0.006558904,0.276521489,0.029964237,0.352662667,0.045120295,0.390975817,0.041808922,0.208827655,0.023650615,0.235030815,0.017905515,0.345737152,0.03489737,0.357888859,0.017636741
206,0.700061165,0.700105507,0.700153164,0.700158382,0.239484658,0.010750563,0.285370843,0.019727895,0.347439156,0.029238923,0.363553249,0.009696077,0.247962196,0.012411964,0.291532895,0.048329992,0.349837021,0.038594507,0.356127182,0.027535163,0.217269084,0.015220197,0.241851326,0.030378207,0.342898086,0.032160196,0.353985582,0.025414446
207,0.701069577,0.70110063,0.701157224,0.701190284,0.248595793,0.014102409,0.280318645,0.010013438,0.3331505,0.018865256,0.357966732,0.008072325,0.253475591,0.013960971,0.289994533,0.012205702,0.355017796,0.028899566,0.379716482,0.02236829,0.217538358,0.018383239,0.254430003,0.028390412,0.343215705,0.018150391,0.363297897,0.030007746
208,0.702045924,0.702117982,0.702153804,0.7021798,0.241189844,0.013440454,0.280667862,0.019851754,0.339729901,0.016894975,0.369138452,0.036194881,0.238719469,0.009890663,0.273422417,0.035623633,0.353801023,0.024587594,0.357564728,0.035212189,0.207116741,0.021554896,0.248523655,0.036501863,0.35009444,0.01884563,0.374653333,0.051919848
209,0.703075309,0.703105639,0.703172628,0.703178812,0.250121842,0.008186585,0.285983587,0.011981963,0.338327614,0.023887956,0.374071763,0.025704599,0.241112982,0.016290847,0.284859163,0.040516668,0.352598828,0.02526578,0.389111615,0.031357141,0.211791194,0.015970392,0.242043717,0.030779352,0.352434984,0.02587928,0.379063419,0.026834572
210,0.704057176,0.70408801,0.704139526,0.704205354,0.238095934,0.010671376,0.27571186,0.015305504,0.348133276,0.027126087,0.372598452,0.029332313,0.25941463,0.024755033,0.290683194,0.040452971,0.357275718,0.042268531,0.373206633,0.030130328,0.233369276,0.025540873,0.251219241,0.034442848,0.347624359,0.033051597,0.368050528,0.03321479
211,0.70504433,0.705122351,0.7051488,0.705224511,0.241719223,0.008801109,0.276434098,0.015719049,0.343802193,0.005731692,0.36635516,0.015251277,0.239030413,0.015695302,0.277791753,0.040327722,0.354223771,0.033287304,0.377659382,0.030355247,0.209986941,0.011626394,0.228985318,0.010130542,0.366505381,0.045371665,0.371352963,0.020325334
212,0.706044174,0.706098267,0.706095509,0.70619809,0.240211955,0.005915992,0.286719,0.035127033,0.340967873,0.029173508,0.372280184,0.02533793,0.244915151,0.007436439,0.281105395,0.038279193,0.336020624,0.018582072,0.368356216,0.030592713,0.210074037,0.023926371,0.235188761,0.020002134,0.331684773,0.021565674,0.362066359,0.028159539
213,0.707073708,0.707059254,0.707131278,0.707180124,0.244738125,0.021222575,0.27600443,0.021261137,0.320284977,0.019260852,0.368931342,0.028581214,0.248238942,0.012785394,0.272537542,0.035832389,0.360166022,0.035932005,0.370128179,0.020145569,0.214198258,0.019629439,0.243747563,0.033792571,0.340584399,0.018893295,0.366033862,0.02903435
214,0.708068238,0.708077584,0.708131045,0.708211944,0.250004253,0.00711287,0.282439058,0.010743432,0.341588213,0.010434511,0.372853702,0.006050271,0.243066105,0.024314193,0.277328952,0.045496877,0.353328559,0.024364571,0.37512382,0.020630141,0.207982267,0.007070288,0.227648689,0.008405249,0.346981409,0.018484254,0.376541646,0.022370385
215,0.709078607,0.709067296,0.709124376,0.70916854,0.23885731,0.004537184,0.276863104,0.015087204,0.335079821,0.015680011,0.378458593,0.036976338,0.244200436,0.015298116,0.284745217,0.034371448,0.358011471,0.059850934,0.387274814,0.027417153,0.219502845,0.021299915,0.24439606,0.025584427,0.337459195,0.03756862,0.377107146,0.029025685
216,0.710049749,0.710078178,0.710146377,0.710163204,0.240132617,0.012024398,0.276283268,0.026632077,0.342761932,0.011358826,0.381802524,0.022867864,0.251199362,0.027800267,0.272060976,0.034550524,0.357288657,0.012696912,0.361074342,0.018050252,0.20595785,0.015979771,0.244742308,0.012817615,0.346507687,0.001596164,0.367617038,0.025787497
217,0.711060135,0.711044503,0.711139648,0.711182292,0.238913901,0.002032447,0.27638184,0.022712967,0.335088424,0.021939514,0.370646791,0.009917563,0.239583673,0.017444211,0.286286235,0.037467252,0.346087982,0.019986658,0.382507785,0.0176141,0.207488004,0.012867892,0.234843869,0.019205116,0.339683882,0.017313324,0.39020961,0.031516139
218,0.712068373,0.712090416,0.712120209,0.712188669,0.24474817,0.010740479,0.27909796,0.01429797,0.332664321,0.019410164,0.388728318,0.019518865,0.238432222,0.023317933,0.267391739,0.036003228,0.348929,0.053042872,0.375277746,0.030819658,0.202539161,0.008600063,0.23871511,0.027027452,0.334845425,0.053484243,0.361138404,0.022292969
219,0.713041603,0.713069423,0.713073226,0.713212021,0.241271527,0.010251118,0.275931033,0.023106615,0.340595676,0.021749749,0.371513372,0.015626477,0.228799065,0.04505983,0.287163933,0.046232915,0.340409627,0.019824172,0.374795534,0.022856331,0.192645729,0.014819025,0.228689709,0.020514307,0.359023207,0.041455352,0.382201539,0.034229099
220,0.714066751,0.714067522,0.714111005,0.714202454,0.241909712,0.004256304,0.282132484,0.014628242,0.333242905,0.014807784,0.374889506,0.02651822,0.24599864,0.027679962,0.277180531,0.042893084,0.369015996,0.064869665,0.382643564,0.031034458,0.209145132,0.006839336,0.233957985,0.007768652,0.330746958,0.032016785,0.377730111,0.026293297
221,0.715014448,0.715059213,0.715085218,0.715129247,0.245442042,0.022331135,0.276774916,0.013781777,0.329629507,0.029304969,0.393683937,0.028818776,0.249658275,0.008273272,0.283081538,0.05098568,0.345462367,0.021823258,0.378849077,0.040268475,0.214500903,0.026573614,0.234982884,0.02968432,0.33831838,0.015944107,0.368248155,0.040427102
222,0.716048801,0.71604875,0.716151595,0.71618433,0.244928819,0.012589473,0.278264604,0.035271974,0.333251635,0.018665167,0.367770223,0.010077766,0.256189081,0.035107533,0.267524875,0.039731864,0.347738952,0.047321112,0.377519884,0.00390693,0.20279708,0.014365968,0.228886442,0.016895102,0.327087095,0.027926096,0.394259228,0.0321791
223,0.717003693,0.717067974,0.717101392,0.717171543,0.252552264,0.012198733,0.276746713,0.016439562,0.340182105,0.019234814,0.384048781,0.028114612,0.229422857,0.015376431,0.286552179,0.036653225,0.352135596,0.023800427,0.373525354,0.023618739,0.207520845,0.010421714,0.23758016,0.01742625,0.339771877,0.02134722,0.382397856,0.03139315
224,0.718024515,0.718009782,0.718132773,0.718188418,0.246160911,0.007061681,0.290279989,0.022300051,0.322259785,0.02682006,0.377885847,0.012710985,0.249145573,0.018501628,0.293131002,0.041033162,0.346864991,0.05465027,0.385110377,0.023763392,0.218713985,0.012319067,0.239630103,0.014302329,0.316662757,0.027863736,0.373275943,0.032493411
225,0.719024071,0.719097064,0.719128122,0.719168239,0.250015464,0.011443593,0.271754945,0.054429054,0.342039335,0.006497071,0.380627466,0.012846419,0.24767383,0.016265244,0.295325614,0.044224454,0.340699945,0.039712977,0.391221753,0.038068185,0.208610036,0.017835735,0.235841002,0.029449426,0.330628183,0.034353927,0.377401803,0.02670369
226,0.720069237,0.720100417,0.720151011,0.720183026,0.243585471,0.022567719,0.277650943,0.010421897,0.331044534,0.010265645,0.377729476,0.021636047,0.241180692,0.031750498,0.282831821,0.046170651,0.355155711,0.036597118,0.365254765,0.017637283,0.205395318,0.008418056,0.242585291,0.031820543,0.336489116,0.02490025,0.379029324,0.043577583
227,0.721049726,0.721108978,0.72110925,0.721197784,0.240786353,0.011915373,0.280692042,0.026916088,0.340200993,0.032325966,0.370783877,0.012000455,0.239989456,0.017973259,0.27731321,0.040124964,0.337137422,0.041380031,0.382266289,0.034670747,0.208919253,0.012161011,0.230147875,0.01340196,0.316032257,0.019734153,0.364806534,0.01785962
228,0.72204178,0.722053858,0.722157539,0.722215706,0.245500233,0.011952462,0.287781523,0.025508868,0.330122041,0.018220298,0.381170381,0.016835916,0.242808346,0.029044227,0.283352073,0.047133994,0.34488691,0.04090973,0.371249895,0.022892419,0.204418675,0.015061835,0.231622585,0.019795498,0.327272267,0.025004374,0.397642771,0.048363662
229,0.723043357,0.723084649,0.723116735,0.72323364,0.247262545,0.009336665,0.277089961,0.020707183,0.332868206,0.03401896,0.374619804,0.003839223,0.232823531,0.017726074,0.277571931,0.045547607,0.34396675,0.045238946,0.381783345,0.024502539,0.205473699,0.008447519,0.236748379,0.014224411,0.323027451,0.028992255,0.385101195,0.0205753
230,0.724006842,0.724061999,0.724141674,0.724197465,0.243640508,0.019247596,,0.035361325,0.343085711,0.014119113,0.385685998,0.021276982,0.253801906,0.026245123,0.290641383,0.047880296,0.353661928,0.049563718,0.379479446,0.026407134,0.202955144,0.019479282,0.230485924,0.014437296,0.331389323,0.031549863,0.374316873,0.021706998
231,0.725040185,0.725061115,0.7251125,0.725211122,0.245780302,0.006757859,0.279610337,0.020577828,0.330637128,0.031979815,0.373350305,0.01924981,0.255366,0.033873843,0.275677874,0.038134954,0.344788445,0.039966483,0.355169103,0.018310527,0.20733517,0.014543609,0.237844247,0.017499654,0.314982428,0.012904665,0.369813404,0.031465003
232,0.726001408,0.726050473,0.726126843,0.726213155,0.246448521,0.017096969,0.285999001,0.02044511,0.327491535,0.021553464,0.369153444,0.00849871,0.249206024,0.01286809,0.293475146,0.057339064,0.343843423,0.041115488,0.396732394,0.025296945,0.214743479,0.023137863,0.227861249,0.017753623,0.326950629,0.026287153,0.377268776,0.028628429
233,0.726992345,0.727093863,0.727127328,0.727203494,0.247168418,0.012355032,0.280250696,0.021145833,0.34738834,0.029553736,0.370933177,0.016298499,0.237366146,0.026739945,0.297750149,0.045269224,0.346274328,0.033951874,0.368066146,0.025192437,0.200453961,0.008603651,0.239421881,0.018542554,0.31905554,0.015455923,0.370613399,0.027069615
234,0.728039594,0.728046078,0.728140836,0.728136532,0.251335712,0.010012522,0.296387547,0.021768271,0.329843897,0.035926692,0.396544674,0.009527982,0.246971097,0.035857417,0.276164258,0.053039273,0.339120612,0.05749798,0.370236676,0.034618913,0.206533836,0.004882769,0.225133251,0.017340736,0.319041464,0.041376082,0.359395684,0.033774074
235,0.729001037,0.729034247,0.729109817,0.729170316,0.250929998,0.018560099,0.295964723,0.016695278,0.34937335,0.036370869,0.368477798,0.007073061,0.239828873,0.021352949,0.284319814,0.042988342,0.34892676,0.047816426,0.363044289,0.005524754,0.208785675,0.012182616,0.235123413,0.015230157,0.340778712,0.053394059,0.381608712,0.021826491
236,0.730020476,0.730033012,0.730037085,0.730152109,0.241623668,0.009955732,0.283600322,0.021902276,0.362170552,0.038903559,0.374788551,0.012224878,0.234071806,0.033320941,0.285987021,0.048448417,0.342093152,0.057990416,0.377551139,0.018103565,0.192015397,0.022555958,0.23193385,0.018637767,0.316061428,0.039002394,0.371028719,0.012962831
237,0.730976329,0.730979847,0.731093717,0.73113815,0.252985654,0.011358427,0.30080669,0.039654949,0.325183611,0.011195062,0.365230121,0.010100048,0.250979235,0.046283377,0.294442679,0.045980716,0.354135125,0.042825439,0.356614628,0.022234224,0.200549857,0.005996008,0.234718429,0.012289346,0.320735881,0.014870933,0.358428649,0.026532224
238,0.732004166,0.731991258,0.732103635,0.732151748,0.256189804,0.01949167,0.283845264,0.018123354,0.336289783,0.029211447,0.375155547,0.006760522,0.24599112,0.02683108,0.281185087,0.04584214,0.350159362,0.04293965,0.364171449,0.02303969,0.217005771,0.019850609,0.228147487,0.014019906,0.329174086,0.024032629,0.362871646,0.022127359
239,0.732986486,0.733018657,0.733071161,0.733175965,0.258423716,0.013554115,0.291414142,0.007510236,0.346243347,0.027793936,0.358257896,0.004597101,0.247908643,0.033768933,,0.072556484,0.367121564,0.059035274,0.369147439,0.01160028,0.204740986,0.006511863,0.229516873,0.022573367,0.319426881,0.016818839,0.3639247,0.00951229
240,0.733970816,0.734002495,0.734092761,0.734182143,0.250096645,0.007036584,0.307849855,0.039915781,0.335572009,0.025132001,0.378347905,0.013237077,0.237834206,0.031639953,0.302892983,0.031482478,0.351783627,0.033914249,0.351269148,0.041145829,0.192170513,0.009027287,0.246325225,0.022213826,0.33032868,0.01373665,0.35258897,0.040012424
241,0.734959354,0.735048801,0.735082485,0.735150138,0.251509336,0.008581107,0.288390297,0.020437423,0.338895337,0.025901564,0.383429901,0.025253288,0.254767791,0.017745917,0.28959562,0.041255301,0.351248383,0.055062972,0.375913269,0.004530863,0.217781955,0.015470028,0.251962511,0.026819814,0.322312019,0.027892549,0.364027515,0.015076008
242,0.735961619,0.736030443,0.736058398,0.736181708,0.251275078,0.018728817,0.298000222,0.019062151,0.341364181,0.036723735,0.354828584,0.023924476,0.258215363,0.029091361,0.294458697,0.045271056,0.352894092,0.055284229,0.357004248,0.015118753,0.209061728,0.013604708,0.237593508,0.007722014,0.319111833,0.021676516,0.35538766,0.01872041
243,0.736914107,0.7370033,0.737087275,0.737183599,0.25201365,0.015940775,0.312317145,0.010976589,0.339896374,0.019772741,0.373351784,0.004056913,0.249994836,0.047404678,0.296051884,0.068894327,0.351316842,0.044494268,0.354720748,0.015671341,0.200101572,0.01385171,0.230729859,0.024286071,0.317649542,0.016465655,0.375493836,0.041404683
244,0.737979986,0.738001565,0.738055826,0.738146251,0.244640131,0.012782878,0.306239654,0.039596758,0.351246521,0.022085377,0.375022221,0.010784197,0.244786522,0.037137122,0.283895894,0.051226073,0.356173014,0.048297753,0.362284805,0.027815824,0.2039703,0.008355044,0.236878715,0.010895301,0.325739321,0.026858244,0.340118167,0.008512657
245,0.73896119,0.739031944,0.739092143,0.739128798,0.254867142,0.032035886,0.287317985,0.021615704,0.335436339,0.026643539,0.365033569,0.027584512,0.246781208,0.030528483,0.31132372,0.038814017,0.350619299,0.052635366,0.375865188,0.033441438,0.208483047,0.009261794,0.233439504,0.036438066,0.30872838,0.017631001,0.367654669,0.023787175
246,0.739972096,0.740038881,0.740099761,0.740146409,0.259966842,0.007202552,0.291300176,0.01798481,0.343679135,0.026844912,0.383596166,0.010417899,0.25086387,0.043683802,0.295010222,0.06018193,0.357375507,0.042019467,0.361664876,0.016427387,0.201069819,0.006273341,0.241264279,0.015405932,0.329041888,0.021054818,0.347889178,0.013889009
247,0.740940229,0.741062827,0.74111586,0.741144011,0.260105339,0.015637186,0.300229356,0.018016274,0.338295467,0.023371922,0.360593534,0.027218091,0.246986595,0.027626604,0.299102903,0.045867309,0.363328198,0.056598033,0.360534622,0.022128755,0.21246403,0.004536293,0.232374833,0.02889024,0.323174565,0.022150387,0.346601117,0.009363308
248,0.741989022,0.741978564,0.742122438,0.742157485,0.251571438,0.024705686,0.306438051,0.030135609,0.351698885,0.024061756,0.370914561,0.007165151,0.252201616,0.030660389,0.290547161,0.045811551,0.356314162,0.051625299,0.3592418,0.024950802,0.213796209,0.006513695,0.244064536,0.021077198,0.316694498,0.018008164,0.341829734,0.020736585
249,0.742960358,0.743028917,0.743083363,0.743159299,0.258860435,0.012459389,0.29543649,0.016982043,0.347937987,0.034865239,0.36337387,0.022058009,0.254587897,0.029920677,,0.070603014,0.352148321,0.050540459,0.358466377,0.016042475,0.21499878,0.015253364,0.236014071,0.015725651,0.31907435,0.020868322,0.345045443,0.004492489
250,0.743985786,0.743996545,0.744077107,0.744156884,0.249153046,0.011417065,0.30182312,0.024849599,0.352866492,0.018230884,0.362204889,0.009059308,0.25401934,0.028997325,0.293055004,0.047209953,0.360514227,0.038249267,0.382446625,0.014040233,0.208005928,0.013240916,0.249665337,0.016468753,0.327072193,0.018316546,0.35047943,0.034778392
251,0.744963395,0.744965143,0.745028455,0.745151222,0.264205204,0.002132122,0.299955006,0.024635757,0.348514424,0.040157214,0.370530245,0.017343622,0.258649303,0.040748464,0.31059289,0.059331331,0.367194005,0.059561296,0.371039894,0.003272335,0.210866035,0.007732606,0.235649037,0.014400796,0.334464995,0.053205519,0.355974064,0.02214909
252,0.745939913,0.746021751,0.746086856,0.746104222,0.258318779,0.013577643,0.316534164,0.046296056,0.352479491,0.016201514,0.366240248,0.018039626,0.254480757,0.038720521,0.316988522,0.048214494,0.355348387,0.03054748,0.349668961,0.024187959,0.209451235,0.002928583,0.247121494,0.023437258,0.325547884,0.01105797,0.326972048,0.00815398
253,0.746942873,0.746981946,0.747072332,0.74717808,0.2552276,0.015204819,0.303407125,0.023196304,0.360514092,0.045886823,0.361719926,0.014564027,0.256664108,0.041032381,0.299305381,0.038355133,0.364876979,0.05532627,0.36480677,0.020621846,0.203303774,0.015083388,0.251565972,0.033439645,0.32188195,0.019811246,0.341117655,0.015618006
254,0.747951843,0.747996041,0.748099123,0.748144802,0.25886663,0.020252706,0.305960189,0.018921084,0.349740483,0.026663698,0.369201073,0.024198715,0.253070558,0.039822662,0.310177149,0.058472476,0.366352928,0.049078978,0.364613572,0.018143886,0.209077659,0.003095735,0.246815651,0.030814897,0.331961496,0.019141474,0.331848332,0.012620639
255,0.748930073,0.748988126,0.749101334,0.749130669,0.26941245,0.015420183,0.308208721,0.017588631,0.361924423,0.024377808,0.357375236,0.024498894,0.250031971,0.041512653,0.299770818,0.049352013,0.367264997,0.046260472,0.363352352,0.022734807,0.206635909,0.010671312,0.237377409,0.024502755,0.32871441,0.016581958,0.340492933,0.009972672
256,0.749901114,0.749983288,0.75008219,0.750197005,0.258313871,0.018737098,0.308976098,0.035491116,0.363742612,0.010162809,0.356976904,0.007329059,0.252397098,0.035326443,0.313449401,0.044065118,0.354713662,0.037563212,0.360068888,0.022281792,0.207777933,0.003883564,0.248875966,0.016168796,0.342589203,0.027170793,0.330453873,0.020190335
257,0.750930485,0.751019534,0.751083184,0.751128722,0.26094433,0.030243697,0.307248246,0.028463801,0.359313475,0.018085347,0.37591794,0.018066776,0.251416071,0.036222473,0.291374234,0.049250103,,0.059196403,0.354904232,0.017478483,0.218645604,0.015278389,0.239744552,0.014671265,0.32230756,0.007085578,0.336016824,0.006116511
258,0.751934337,0.752009192,0.752100046,0.752161196,0.26320331,0.016530803,0.30179759,0.022115368,0.343253776,0.022924818,0.360751168,0.008626609,0.257116261,0.027185696,0.313205391,0.049913812,0.379513943,0.023008839,0.370918019,0.016637567,0.213598676,0.012744927,0.249319977,0.018667474,0.343696992,0.008461775,0.355201986,0.004923989
259,0.752909549,0.75299878,0.75302783,0.753121461,0.260338365,0.014896158,0.322010602,0.009307548,0.37242713,0.030013321,0.378438885,0.014030034,0.259506524,0.027914227,0.308355694,0.052058969,0.372432173,0.050462335,0.365018067,0.011696515,0.218890178,0.007692787,0.246017076,0.019654703,0.32442226,0.008071268,0.341104233,0.021198119
260,0.753911138,0.754006311,0.75405522,0.754121035,0.259649168,0.010186623,0.311111629,0.012541484,0.360530849,0.012343585,0.368930998,0.008265084,0.257009137,0.045038508,0.305130059,0.049353723,0.361888243,0.047914362,0.362182465,0.028020847,0.209587166,0.013196511,0.246195586,0.018161728,0.333246455,0.023283615,0.327707343,0.00255886
261,0.754915918,0.754971435,0.755017924,0.755165082,0.264640705,0.014523625,0.305552362,0.038033171,0.35249454,0.035433653,0.362904661,0.008603029,0.256944943,0.050296064,0.312795122,0.047191494,0.375523379,0.041105838,0.36507152,0.008340513,0.206216115,0.007238614,0.254790702,0.00695314,0.341953174,0.01934551,0.342877613,0.023105625
262,0.755895423,0.755986329,0.756101514,0.756133795,0.270289733,0.013470644,0.321493887,0.020980892,0.345072034,0.003958596,0.376469729,0.020472778,0.272635242,0.038833425,,0.047195156,0.37197834,0.037368242,0.37744505,0.02301698,0.210151119,0.016126377,0.260180913,0.033698212,0.349040421,0.018160298,0.342074704,0.024022735
263,0.756893928,0.756986316,0.75706949,0.757101487,0.278489342,0.022166725,0.317726892,0.016889705,0.371256982,0.025744913,0.366823008,0.011483596,0.260186552,0.050081844,0.322018565,0.052222048,0.365436792,0.032956601,0.365274572,0.02975997,0.211044089,0.005696849,0.256376752,0.020662894,0.33295689,0.011923897,0.341591131,0.018103698
264,0.757899719,0.757999048,0.758007694,0.758120033,0.257418192,0.023396708,0.310590739,0.021866825,0.36405297,0.044690406,0.367057862,0.00447223,0.260914161,0.043077591,0.303956923,0.046829866,0.391247545,0.072278797,0.371079427,0.004972705,0.219823286,0.016460849,0.244085341,0.013322152,0.327056591,0.01478479,0.350296565,0.01639578
265,0.758925545,0.759014553,0.75906162,0.759147017,0.265805152,0.015511695,0.309719745,0.026116524,0.340170152,0.009586521,0.364256554,0.000822425,0.260812564,0.028429027,0.324051581,0.056996835,0.375627324,0.037744985,0.369711036,0.016631129,0.219868988,0.014300636,0.266137949,0.047175406,0.347574142,0.012517725,0.346726949,0.025609048
266,0.75991837,0.75999394,0.76010074,0.76012417,0.271094003,0.017180314,0.325589146,0.029158286,0.351574623,0.027371868,0.371245347,0.013088812,0.264497042,0.026110604,0.302725541,0.047420518,0.375694769,0.039008008,0.366174387,0.017563576,0.227940881,0.007716234,0.245020371,0.009303043,0.331331073,0.003085541,0.344666405,0.002894989
267,0.760909104,0.760986352,0.761100085,0.76117026,0.266914756,0.010396815,0.315200404,0.025318667,0.371580611,0.030937891,0.364903376,0.008237595,0.266210776,0.057941243,0.297067844,0.069646612,0.365925018,0.039778497,0.37190938,0.003664184,0.209930882,0.008089307,0.242357805,0.033946567,0.34037842,0.021774885,0.342050066,0.02771787
268,0.761946425,0.761970284,0.762084631,0.762104991,0.258823517,0.022779753,0.324095802,0.009664691,0.377700984,0.047965188,0.379676483,0.014983917,0.265293626,0.029350947,0.312885214,0.050317433,0.382514655,0.03463027,0.383964319,0.034610088,0.218328952,0.023460527,0.263940008,0.005344056,0.360242958,0.021864885,0.359022998,0.006869386
269,0.76292832,0.762954118,0.763035422,0.763129793,0.27256314,0.011816704,0.315738476,0.028181245,0.369329052,0.019432783,0.366764705,0.004024521,0.254501787,0.044998518,0.313583152,0.045387477,0.391045671,0.04423124,0.384047726,0.008315483,0.214203434,0.0152834,0.253046397,0.019569454,0.345806415,0.00597083,0.346965447,0.029940376
270,0.763888792,0.763959109,0.764012709,0.764153552,,0.024794117,0.320129731,0.021758825,0.36911828,0.024972821,0.363520576,0.004555544,0.271129666,0.0484848,0.321351869,0.039793805,0.378824496,0.050101372,0.364957918,0.011804116,0.215501983,0.017359279,0.257618924,0.028239205,0.339292302,0.000763949,0.350124084,0.004658328
271,0.764918587,0.764957702,0.765118275,0.765104871,0.267609222,0.011516018,0.328128901,0.021030026,0.356677009,0.014981473,0.394543917,0.020318437,0.275210342,0.043381779,0.323467767,0.050017795,0.39706945,0.020649836,0.371420802,0.014997258,0.215176436,0.01047202,0.261957729,0.013400226,0.351841776,0.022352806,0.351997386,0.012186997
272,0.765911132,0.765947781,0.766060515,0.766180372,0.280639473,0.017989186,0.326184081,0.008511795,0.372116137,0.033190642,0.385321777,0.028961987,0.266406771,0.043883841,0.335946637,0.041002079,0.380075272,0.048978185,0.382291478,0.003514329,0.229514769,0.030745074,0.262784412,0.039513148,0.366416767,0.040822868,0.365902533,0.010971974
273,0.766885706,0.76694838,0.767025967,0.767124573,0.273800717,0.008323164,0.322420907,0.011523324,0.366340808,0.028750501,0.371577805,0.026743681,0.276674796,0.029344835,0.338126907,0.067560634,0.382302334,0.042556503,0.372050944,0.010899482,0.225386625,0.015192931,0.266443775,0.008013915,0.34813599,0.013700644,0.36112772,0.02168689
274,0.767858021,0.767972991,0.768016862,0.768131275,0.269233509,0.020389745,0.330837811,0.023882594,0.367843254,0.013500336,0.373821079,0.008162573,0.263826981,0.046146282,0.312491421,0.041896155,0.374611801,0.013443029,0.378675889,0.012391451,0.222971886,0.007021949,0.265323985,0.029361826,0.359966571,0.008156494,0.348538572,0.022870518
275,0.768831357,0.76890221,0.768981266,0.769113545,0.277442998,0.013686121,0.323299275,0.028667054,0.365114992,0.025378023,0.378291559,0.0103188,0.272903217,0.047638191,0.336487984,0.053122114,0.383976578,0.050158324,0.382387682,0.01922212,0.226568214,0.005879429,0.263213209,0.022862708,0.336876344,0.011581593,0.367137279,0.027661111
276,0.769849446,0.769923896,0.77003044,0.770128736,0.281189533,0.015569215,0.323623668,0.017695733,0.36601652,0.017427094,0.364912206,0.008235749,0.265763007,0.038570517,0.316221486,0.042292614,0.382409333,0.040422318,0.381258503,0.024514111,0.213759247,0.014189205,0.260444165,0.014991608,0.348321509,0.012107309,0.370311359,0.03426223
277,0.770862288,0.770889315,0.770999004,0.771116294,0.268571206,0.021588385,0.333884788,0.011672612,0.377960568,0.007378609,0.371858567,0.005219503,0.272840301,0.056379248,0.33595644,0.054429566,0.390864183,0.024945481,0.398295859,0.029190035,0.215986998,0.005947467,0.274144077,0.013137591,0.358960314,0.018128174,0.355597317,0.01819594
278,0.771840832,0.771891814,0.771982349,0.772099568,0.287502547,0.027587968,0.322006929,0.020230453,0.370531053,0.024533194,0.372823949,0.008775085,0.280765299,0.046449767,0.315371422,0.043981132,0.382576035,0.048564654,0.376483033,0.013734945,0.223931724,0.013379089,0.258859363,0.020358233,0.361470377,0.032327527,0.365333353,0.028620618
279,0.772854293,0.772948289,0.77296485,0.773118964,0.281659858,0.010647564,0.333397246,0.032027111,0.381376084,0.028634218,0.36513528,0.021408779,0.274015575,0.036652317,0.354015941,0.050101527,0.384724009,0.034918182,0.36967104,0.00656968,0.228774275,0.011590775,0.269748477,0.025835176,0.347308195,0.024853867,0.359785994,0.002282705
280,0.7738687,0.773887148,0.774022576,0.774092705,0.275067787,0.007819459,0.32660176,0.025473652,0.372688547,0.012250286,0.371823259,0.023145872,0.287209338,0.045383599,0.327547037,0.032107481,0.387990711,0.035038574,0.386633823,0.021835975,0.236195729,0.018260741,0.271392486,0.032494815,0.351178059,0.004169221,0.372975509,0.026374169
281,0.774834306,0.774910848,0.775013232,0.775097184,0.280367303,0.015464731,0.319715398,0.021136989,0.372018878,0.017596925,0.389164065,0.022714376,0.262731191,0.033206605,0.344472005,0.053218774,0.396131244,0.023730552,0.368446133,0.008508586,0.222970184,0.002371124,0.270352092,0.029804227,0.378245979,0.018850748,0.358793244,0.017183993
282,0.775791526,0.775915635,0.776031489,0.776089967,0.289498225,0.023186086,0.348948856,0.014000819,0.366389007,0.006640064,0.37324924,0.013681044,0.279751351,0.043237292,0.330990273,0.041762109,0.389691164,0.031783065,0.378596275,0.010809417,0.232683034,0.008057183,0.265622279,0.01811905,0.354428521,0.00240775,0.370882832,0.01690878
283,0.776864434,0.77689681,0.776978586,0.777051992,0.280722258,0.01936164,0.341546808,0.014876188,0.375188958,0.030736785,0.374336762,0.016913225,0.277804284,0.058070177,0.332452495,0.049813627,0.394695474,0.002236214,0.386844377,0.008825469,0.21811853,0.002480607,0.276129821,0.011902871,0.367776918,0.025567929,0.373465275,0.024975505
284,0.777851163,0.777854438,0.778003041,0.778107287,0.281726283,0.02933572,0.324812716,0.024882992,0.374453027,0.00031422,0.35071073,0.008574626,0.286805503,0.036937737,0.331050824,0.047303176,0.391482173,0.041417894,0.372304342,0.00914261,0.239973672,0.00747079,0.275485875,0.025871676,0.352436548,0.006354944,0.365491332,0.006554866
285,0.778859931,0.778927542,0.779008394,0.77906293,0.279019784,0.007400904,0.327464944,0.019406342,0.368306884,0.007444196,0.380871542,0.017457206,0.282246854,0.028000437,0.336827521,0.046460122,0.370721257,0.032880841,0.392715468,0.038796993,0.230572391,0.02112002,0.268710345,0.023435493,0.354448443,0.021994699,0.375117337,0.042200397
286,0.779834798,0.779921158,0.780013639,0.780113893,0.287015591,0.019871981,0.338710016,0.03715506,0.365080702,0.019571721,0.357540215,0.015152758,0.284560615,0.048920115,0.355682441,0.035754139,0.392478052,0.0259975,0.38091695,0.005985995,0.23619119,0.019066551,0.282556599,0.036138782,0.35632525,0.006441392,0.366634999,0.018195975
287,0.780784377,0.780922105,0.780982849,0.78119574,0.295786029,0.007013381,0.329435322,0.014358367,0.379770302,0.018514609,0.361016513,0.031654711,0.293067035,0.049310678,0.336980897,0.022161251,0.382108666,0.021935071,0.378362984,0.015710021,0.239817206,0.015109775,0.278178347,0.036962542,0.378474546,0.027895087,0.364194334,0.028450956
288,0.781840733,0.781899258,0.782060435,0.782099329,0.280912028,0.020590325,0.339126446,0.033466606,0.367946704,0.010407892,0.385548072,0.023766604,0.266388085,0.045111112,0.335711951,0.041591865,0.401574971,0.034477836,0.391215757,0.013493258,0.228196051,0.012087123,0.28303362,0.022945962,0.368348808,0.007964628,0.384064527,0.025307619
289,0.782796289,0.782882832,0.783020228,0.783133331,0.292960102,0.013060239,0.338776487,0.018889268,0.403262961,0.040415583,0.358951453,0.015085355,0.294095884,0.05800977,0.336913109,0.042740703,0.417114875,0.055988293,0.379676527,0.018864879,0.2335962,0.003697658,0.285540465,0.002264627,0.363889844,0.005008456,0.365680213,0.030678396
290,0.783788895,0.783913258,0.783995662,0.784127979,0.291575999,0.021802473,0.335987537,0.005557775,0.385219708,0.01468062,0.382476307,0.008802681,0.27773023,0.033270766,0.345353015,0.048953248,0.382809648,0.008729924,0.371018425,0.024940343,0.242455819,0.00595823,0.284963895,0.040583923,0.369626602,0.012409502,0.360200198,0.03429983
291,0.784823749,0.784865208,0.784990124,0.785088763,0.280551747,0.018268683,0.337511204,0.014378149,0.376319307,0.006701902,0.366547213,0.032107581,0.297451855,0.040412456,0.33502731,0.043693183,0.401935832,0.033946277,0.379979315,0.029938907,0.242474295,0.027282398,0.284363054,0.025110413,0.359804094,0.011554473,0.394934288,0.014876126
292,0.785768583,0.785880667,0.786001472,0.786096201,0.286875624,0.01704509,0.347902238,0.027670627,0.376062047,0.013364738,0.36294518,0.020478366,0.286511702,0.045815953,0.356924807,0.043202017,0.382411202,0.020289468,0.383970876,0.04154755,0.236037002,0.008795436,0.282561255,0.034111201,0.369256243,0.008756856,0.393415688,0.033188554
293,0.786768977,0.7868802,0.786936496,0.787060185,0.296633626,0.014256224,0.330390419,0.010439381,0.375561931,0.024308597,0.372802764,0.021325154,0.284339491,0.041813782,0.347470356,0.052553292,0.390583864,0.02426443,0.392538027,0.036652312,0.22769205,0.0075458,0.278051504,0.017700856,0.359851047,0.010775087,0.382032636,0.044894458
294,0.787781002,0.78783787,0.787941464,0.788109017,0.303270998,0.007518274,0.35162821,0.026083202,0.380406769,0.011878459,0.357736521,0.020380834,0.282107125,0.04656411,0.340092421,0.023297526,0.366696761,0.021083835,0.371961219,0.017812833,0.239646161,0.010670689,0.289731269,0.029398385,0.361249279,0.012217852,0.359609666,0.027478708
295,0.78876694,0.788877299,0.789017466,0.789058077,0.298473839,0.028128301,0.339268204,0.011464519,0.35592975,0.003412227,0.36657563,0.02582371,0.301530456,0.05554142,0.337949535,0.041932154,0.401394215,0.025643438,0.37848367,0.026047157,0.254196872,0.000758809,0.289927225,0.009374099,0.393742085,0.011551388,0.377575159,0.028362139
296,0.789782416,0.78985329,0.789982068,0.790094118,0.281205367,0.010630915,0.331246064,0.02184251,0.397810786,0.020531287,0.349867485,0.029692282,0.295196544,0.017508951,0.345393367,0.039634309,0.401147227,0.035407857,0.373041546,0.023499932,0.2490339,0.027712677,0.294051939,0.042489559,0.348394585,0.012523301,0.363544924,0.037037181
297,0.790790091,0.790829239,0.790972835,0.791106771,0.294974338,0.003783361,0.34117552,0.004279813,0.385712277,0.01955666,0.362238806,0.033864968,0.287126576,0.060756807,0.354318159,0.049964221,0.389909583,0.023562344,0.382990243,0.029638459,0.239370926,0.02593298,0.293596064,0.007361322,0.375151808,0.014076786,0.379829898,0.032317527
298,0.791762372,0.791861234,0.791978443,0.792064278,0.296847623,0.038412188,0.344535621,0.026440598,0.376086397,0.023335448,0.364348724,0.011875361,0.285962061,0.03571576,0.352455594,0.038119319,0.410582915,0.008346035,0.381015118,0.023439701,0.241908952,0.003368853,0.294640598,0.0423847,0.367880907,0.030780155,0.371524217,0.039986851
299,0.792736262,0.79285721,0.79294505,0.793095998,0.301103352,0.014530543,0.34683163,0.006379755,0.387822956,0.018722852,0.350416298,0.035386807,0.30076799,0.056003567,0.361490157,0.028986874,0.393690761,0.02106178,0.369177204,0.050151988,0.240350454,0.016449295,0.293964349,0.034210282,0.359294776,0.011948117,0.382254224,0.038792646
300,0.793726075,0.793792897,0.79392211,0.79408531,0.306306923,0.009107245,0.361870324,0.036273491,0.374340837,0.021751192,0.357150696,0.025355693,0.308056298,0.027100343,0.336573937,0.03348683,0.396311161,0.021740754,0.369951639,0.025531941,0.260577092,0.02196883,0.288185208,0.024442147,0.368261758,0.011639975,0.360521426,0.02986237
301,0.79470952,0.794812203,0.794972491,0.795104198,0.293087728,0.024485691,0.331005148,0.013964703,0.374106761,0.015233394,0.351392163,0.024497454,0.292047702,0.054416882,0.346452016,0.040329721,0.391110367,0.024952951,0.379453398,0.028196739,0.249583248,0.020744511,0.293191201,0.007684643,0.377205988,0.014806551,0.37668827,0.031163294
302,0.795757177,0.795807056,0.79591463,0.796073522,0.291430129,0.003363003,0.336965143,0.003713074,0.39784044,0.012059084,0.342402896,0.041318245,0.290875212,0.029132507,0.332896229,0.040246472,0.387963453,0.023699663,0.374573438,0.034123796,0.248883451,0.022253873,0.294847956,0.03509111,0.37350845,0.016071014,0.375883838,0.034887643
303,0.796748222,0.796872713,0.796998656,0.797058686,0.298405115,0.031493161,0.349355754,0.037928196,0.363170775,0.011205648,0.354814501,0.036369022,0.296636826,0.045184214,,0.040465067,0.390481806,0.021577677,0.388073928,0.05722698,0.244675506,0.006939493,0.303049579,0.047073799,0.36122925,0.01037646,0.383808817,0.060933006
304,0.797759899,0.7978397,0.797936306,0.798103047,0.30292847,0.016937897,0.343083701,0.012691094,0.392742364,0.030837711,0.357885246,0.04305622,0.298485009,0.046329506,0.343092706,0.03887356,0.41224279,0.030469682,0.363908832,0.060196381,0.249457144,0.004262195,0.294656364,0.016839333,0.366636333,0.022295459,0.384850982,0.045666645
305,0.798696206,0.798827783,0.798958319,0.799107369,0.309174715,0.015690751,0.342629642,0.03100814,0.38766629,0.02289904,0.375529928,0.019227062,0.323702363,0.044454374,0.353050556,0.012435138,0.394041622,0.031002222,0.36606444,0.041883323,0.259364469,0.011964464,0.308151545,0.028656728,0.36706423,0.003902552,0.363071243,0.046925455
306,0.79969622,0.799814978,0.799995238,0.800075652,0.309913638,0.004010736,0.355321852,0.009384021,0.372750481,0.008665351,0.356163476,0.026441769,0.294236279,0.04381086,0.346126104,0.042971104,0.398625461,0.025786901,0.371021137,0.049461162,0.254818901,0.016889647,0.295887386,0.014795272,0.371183898,0.023789966,0.38970266,0.049131917
307,0.800729882,0.800787031,0.800946538,0.801086047,0.29687451,0.01746822,0.351032636,0.003019023,0.392406547,0.005067516,0.340017722,0.037145938,0.294038554,0.037606415,0.360781556,0.023910179,0.385981366,0.016014454,0.368837644,0.053598024,0.252989262,0.012323996,0.300599307,0.032593798,0.351556909,0.036075189,0.379391134,0.044723385
308,0.801687137,0.80179621,0.801906232,0.80214946,0.303971545,0.020115883,0.353006645,0.036581165,0.371826834,0.027208517,0.345361105,0.0507724,0.299294195,0.048525266,0.361142653,0.039089734,0.394700386,0.013508357,0.360176013,0.032976183,0.250716519,0.006920049,0.317802289,0.038668173,0.38977442,0.0091377,0.371394639,0.021617444
309,0.802692142,0.802810186,0.80295388,0.803058036,0.297547674,0.019410231,0.343467062,0.007050612,0.36544347,0.00906914,0.351089472,0.016250258,0.308646032,0.027081774,0.353798194,0.037527753,0.38521481,0.022462085,0.365956174,0.055610932,0.260336575,0.018417915,0.292535228,0.025422139,0.357632314,0.013110908,0.36233161,0.058920362
310,0.803737279,0.803772897,0.803931527,0.804032388,0.304002632,0.005155501,0.350005174,0.037625484,0.398664158,0.014165365,0.344384503,0.041192251,0.319233395,0.057577676,0.353613804,0.024409207,0.420874718,0.016996504,0.35466476,0.037744985,0.252819911,0.007040797,0.305889157,0.023916329,0.386552499,0.031564902,0.377386282,0.022718675
311,0.804650672,0.804748962,0.804919274,0.805123287,0.31948803,0.034359987,0.351157212,0.006403928,0.400722504,0.013745969,0.339357352,0.048604574,0.288993374,0.042398916,0.353817982,0.044583642,0.40359579,0.012811571,0.376514749,0.038810019,0.270053051,0.025332269,0.308360001,0.003754837,0.376033867,0.014525239,0.365506978,0.044306656
312,0.805644709,0.805773671,0.805847817,0.806078511,0.322900104,0.028515705,0.343604547,0.012513012,0.38968695,0.031712616,0.338776935,0.029049335,0.310597736,0.046008439,0.380624915,0.028248979,0.388423242,0.015084402,0.360880272,0.047140773,0.253792134,0.017389928,0.321413508,0.06674558,0.357246708,0.015529752,0.374867401,0.03325135
313,0.806633332,0.806755898,0.806886984,0.807014598,0.297526807,0.010516945,0.363043666,0.014026757,0.376405033,0.016103322,0.34532969,0.033301048,0.302512054,0.024822289,0.338243485,0.032221015,0.396802608,0.013847773,0.378230585,0.072353311,0.266064981,0.016833459,0.305169126,0.050541187,0.402489385,0.009075397,0.38007545,0.070302064
314,0.807635449,0.80771991,0.807873919,0.80804821,0.313145572,0.017006813,0.356992893,0.026994502,0.384490655,0.011186854,0.331236039,0.03081036,0.303125163,0.043897102,0.354943509,0.042781152,0.404737123,0.019572738,0.354312212,0.071473812,0.256601289,0.006280769,0.308399081,0.005433265,0.367508793,0.016129275,0.387583061,0.042889994
315,0.808564696,0.808718014,0.808878817,0.809003391,0.311959354,0.020994249,0.335467498,0.014366212,0.367978118,0.007522506,0.344890994,0.044608418,0.322977042,0.050267108,0.360172843,0.027324013,0.390011518,0.013094838,0.350479155,0.033237112,0.271057664,0.003873318,0.307616631,0.026213812,0.372609013,0.023264055,0.350145728,0.032541028
316,0.80961131,0.80974455,0.809866695,0.810016837,0.314092173,0.025162542,0.341443399,0.010995105,0.389120456,0.011750684,0.330932604,0.039092799,0.307215549,0.024457579,0.360682403,0.033950093,0.410620233,0.013571765,0.363217097,0.067095009,0.271182487,0.015035387,0.302753861,0.027264513,0.371746628,0.035233873,0.370411129,0.060814948
317,0.81061334,0.810730704,0.810875277,0.810971001,0.306325298,0.003759976,0.359903318,0.019776216,0.387981627,0.024001035,0.35276013,0.03209071,0.313383486,0.054335091,0.357125694,0.009723092,0.394150853,0.022235097,0.338846488,0.051148066,0.261954029,0.002184915,0.314678353,0.038599598,0.388331756,0.017291925,0.365974078,0.032068013
318,0.811596126,0.811751331,0.81188917,0.812053041,0.325044012,0.022297892,0.358850125,0.012021966,0.370669291,0.013370558,0.32388717,0.03280334,0.308196628,0.034370995,0.357185339,0.043692453,0.379672584,0.014104225,0.344399479,0.051259658,0.261979448,0.017996874,0.318100247,0.017463156,0.356543935,0.00652541,0.368486868,0.029234707
319,0.812623412,0.812692182,0.812840727,0.812950614,0.297268223,0.018467856,0.366145932,0.022112179,0.400608072,0.02679012,0.342328503,0.029464249,0.310620663,0.0423782,0.365130146,0.025611263,0.388710988,0.01200573,0.346882402,0.059007523,0.276124276,0.013217109,0.312745269,0.028910931,0.380608595,0.026883912,0.371096675,0.037148724
320,0.813560574,0.813631423,0.813867697,0.814040384,0.322721896,0.004489137,0.338083093,0.023793908,0.374803918,0.026757817,0.316838035,0.058170544,0.31963213,0.036119041,0.373649059,0.010707258,0.422036539,0.003624796,0.344336365,0.045045395,0.265608062,0.019500722,0.313795521,0.048204475,0.370664697,0.043307988,0.361939893,0.0270299
321,0.814567798,0.814700996,0.81487121,0.815062252,0.315229564,0.012776759,0.361580626,0.037929212,0.372586825,0.008881513,0.330818232,0.040637652,0.311009614,0.046124727,0.341728783,0.038090896,0.415917385,0.010381367,0.347524404,0.075395869,0.260322381,0.003701696,0.301856133,0.00330578,0.390454966,0.012502085,0.357481784,0.066624871
322,0.81557945,0.815653762,0.81581946,0.815998262,0.313075036,0.029725464,0.35602508,0.024354858,0.395650147,0.013878489,0.330560038,0.052693102,0.303670705,0.031030455,0.358874918,0.011753312,0.388302503,0.007622861,0.343097694,0.074650917,0.278157281,0.015695323,0.339222221,0.050793615,0.372913027,0.022678322,0.377714975,0.048149743
323,0.816594712,0.816704022,0.816812245,0.816998908,0.305650224,0.012939764,0.341619253,0.009393198,0.385174479,0.019989012,0.323220735,0.029255871,0.329658469,0.039836047,0.362839403,0.022677791,0.376766347,0.019714834,0.334509388,0.054890092,0.274579092,0.010353378,0.315614367,0.033820435,0.366655513,0.012114629,0.358233805,0.036562266
324,0.81753434,0.817694883,0.817835803,0.818054688,0.333048325,0.02395834,0.358394785,0.013538082,0.374595443,0.016763723,0.31065705,0.041306936,0.317498016,0.040662322,0.389865349,0.046222343,0.395501482,0.013305143,0.350039194,0.046144437,0.273869352,0.007642747,0.316375905,0.031041115,0.380463401,0.03218501,0.3521096,0.043664271
325,0.818539794,0.818716426,0.81884536,0.81902142,0.327426912,0.023941996,0.343405823,0.007896198,0.371651301,0.002947916,0.318897899,0.040541808,0.312179895,0.032640071,0.341203248,0.024916432,0.419127219,0.011515553,0.346666978,0.049714936,0.268970914,0.007560247,0.305603908,0.021489784,0.377780632,0.043737065,0.364469205,0.034676073
326,0.819557889,0.819671874,0.819848624,0.82001461,0.305157679,0.012801387,0.362205863,0.025362749,0.382081087,0.021232152,0.312743463,0.029814795,0.310909275,0.019240047,0.356012312,0.008986359,0.405647132,0.0026783,0.341742656,0.063304615,0.282707715,0.019289269,0.330659098,0.02875125,0.384175582,0.01707563,0.366365715,0.046889274
327,0.82052864,0.820699763,0.820838991,0.821003548,0.319277863,0.012062391,0.346765714,0.009126463,0.391946412,0.016785891,0.316909482,0.038811376,,0.040499996,0.369855645,0.025522925,0.397257175,0.017269587,0.327980979,0.061798453,0.290098056,0.020985476,0.317732849,0.03804718,0.37236603,0.011628739,0.35505711,0.037924229
328,0.82153191,0.82164573,0.821818721,0.821978715,0.329037314,0.011413746,0.364687665,0.005497425,0.38798789,0.016235288,0.309845809,0.03753647,0.297225827,0.048833157,0.379089438,0.016688682,0.378498217,0.012034879,0.325853031,0.061342999,0.25752129,0.009952164,0.322641677,0.040119653,0.366496898,0.017484669,0.359164699,0.03347434
329,0.822545401,0.822650997,0.822858953,0.822988846,0.31080289,0.014475284,0.353496453,0.005338978,0.373773524,0.007139511,0.314341619,0.048544238,0.322019731,0.024029811,0.347202569,0.029831824,0.399611898,0.03462016,0.339398988,0.089168311,0.291675734,0.023915448,0.319446452,0.01249138,0.390633521,0.043356859,0.37272351,0.064004481
330,0.823550694,0.823627283,0.823842703,0.823988422,0.324194583,0.004026685,0.355164079,0.021427161,0.373734348,0.022128571,0.309015225,0.031491468,0.3293136,0.041796752,0.363346268,0.007496578,0.393581778,0.022948693,0.316693014,0.061182589,0.282350053,0.010542403,0.337738669,0.045225833,0.375066779,0.0183779,0.348302789,0.034032007
331,0.8245093,0.824596344,0.824796746,0.825044355,0.321575786,0.026236664,0.349895111,0.001570167,0.376411264,0.007729091,0.313388073,0.024414248,0.315161265,0.041485712,0.368214333,0.030168197,0.406406495,0.026706174,0.311251607,0.075688101,0.273700189,0.005584657,0.317029419,0.038531888,0.363476413,0.01140995,0.345776257,0.043099669
332,0.82548745,0.825642622,0.825797403,0.825946616,0.326279253,0.011453906,0.354496041,0.0292581,0.38737488,0.020270611,0.320335004,0.03111685,0.326816285,0.01376285,0.353871024,0.033993385,0.38321597,0.015778238,0.313674107,0.060365076,0.291360564,0.018433613,0.314517567,0.004466289,0.367929538,0.029199527,0.328289798,0.05570763
333,0.826515656,0.826606923,0.826782165,0.826979041,0.316951704,0.007311036,0.369189486,0.026935042,0.397786689,0.028638687,0.294539304,0.043075981,0.317765493,0.039170934,0.378453079,0.014273317,0.406670048,0.031273688,0.314011593,0.060992909,0.277498912,0.015012423,0.336663084,0.039861639,0.395779171,0.049538203,0.352675126,0.025419306
334,0.827462167,0.827599073,0.827771064,0.827999837,0.333172015,0.017119492,0.344790184,0.004231626,0.368775395,0.022082003,0.294993192,0.045659698,0.313599543,0.039039515,0.362173245,0.044782946,0.377674861,0.02682326,0.312347309,0.059887504,0.274280307,0.018163622,0.315518188,0.0254917,0.367480229,0.019139009,0.356256251,0.028634582
335,0.828490755,0.828619554,0.828763047,0.829039629,0.313327707,0.010772666,0.348877899,0.016635371,0.371378864,0.023653131,0.300441933,0.060034706,0.334685984,0.020533748,0.354146516,0.01528763,0.396950229,0.006822006,0.308228044,0.057438971,0.296869097,0.022226192,0.311856163,0.037426774,0.371338777,0.015404147,0.342306776,0.026681632
336,0.829454646,0.829569257,0.829817354,0.829957477,0.334790376,0.020896524,0.366171082,0.020150791,0.367036394,0.013552263,0.303777298,0.042098606,0.323794449,0.049743076,0.372127416,0.014872716,0.391514898,0.02514071,0.34019222,0.078087312,0.276751142,0.015464603,0.336164641,0.021858717,0.352993914,0.018034472,0.351716474,0.066965997
337,0.830443645,0.830579609,0.830768036,0.830970691,0.326235171,0.027817174,0.35457926,0.017183093,0.391541459,0.011285837,0.290676006,0.035795738,0.323103783,0.032385787,0.366327178,0.020640102,0.406091523,0.035823894,0.318235694,0.060999772,0.282288656,0.008645124,0.334881488,0.042918805,0.403391873,0.037918359,0.339571387,0.038121539
338,0.831458263,0.831544803,0.83172892,0.831930947,0.318217778,0.004440067,0.354743059,0.017080426,0.391939586,0.022860983,0.295018544,0.035214348,0.337546867,0.019591913,0.340465257,0.032089215,0.383663977,0.00209995,0.298404564,0.054272616,0.301528594,0.012950169,0.303591186,0.021870275,0.374117088,0.011313221,0.331917443,0.03291396
339,0.832392627,0.832549497,0.832735439,0.833006751,0.34335628,0.020089807,0.353152262,0.007708542,0.383813665,0.037263975,0.27903657,0.044639638,0.311195125,0.043674266,0.378876249,0.018435716,0.38196109,0.01915896,0.301434341,0.063927989,0.280717664,0.012305732,0.34825899,0.032725342,0.35352652,0.017680251,0.343562534,0.036582218
340,0.833348705,0.833531784,0.833709109,0.833974375,0.321218542,0.001174716,0.352507158,0.009986886,0.355228725,0.014258993,0.286367032,0.033703836,0.32799365,0.016706496,0.371581075,0.017892555,0.413845063,0.028168224,0.292224832,0.054809385,0.290983639,0.02353293,0.334532807,0.027437136,0.39052115,0.054657356,0.341810077,0.035109706
341,0.834431715,0.834532611,0.834739863,0.834952648,0.310717681,0.007364593,0.365117799,0.023931155,0.383752747,0.034590179,0.289021288,0.030708585,0.345156526,0.048654456,0.355331854,0.019880865,0.387329853,0.028269724,0.301712403,0.058112044,0.295459813,0.022914958,0.318318695,0.022874022,0.373188306,0.008496469,0.340741782,0.028462072
342,0.835436756,0.83560202,0.835788826,0.835963771,0.341090738,0.020794038,0.341463783,0.019714237,0.373236533,0.017419602,0.288057804,0.036033756,0.318122764,0.037044793,0.367359963,0.003733613,0.390095394,0.004209614,0.293844439,0.079330184,0.279501443,0.003518742,0.333903872,0.02899634,0.353585737,0.032212496,0.340927121,0.041129936
343,0.836382368,0.836545337,0.836731167,0.836997327,0.319468615,0.017894974,0.352421448,0.018506726,0.377384113,0.010533628,0.281326257,0.029068892,0.317927272,0.010329816,0.364228762,0.023872047,0.393978074,0.019804906,0.2932777,0.054339675,0.291954065,0.015411603,0.317962331,0.027670626,0.377202239,0.029826534,0.334948751,0.021469936
344,0.837340024,0.837520478,0.837761651,0.838009834,0.344075154,0.014050899,0.363956316,0.021005561,0.367683752,0.032627436,0.269561769,0.024340403,0.340609174,0.053019691,0.361477921,0.010058078,0.375892298,0.021471379,0.286900105,0.05317368,0.296583488,0.01588993,0.343459606,0.025881049,0.384401788,0.024731706,0.314165836,0.028866372
345,0.838367081,0.838527082,0.838691369,0.838939337,0.324492994,0.028752803,0.359609293,0.024310476,0.403358424,0.022314605,0.283960778,0.045512921,0.338026024,0.013414996,0.350173557,0.022570182,0.385287577,0.020386312,0.280373273,0.061171979,0.29164921,0.028112218,0.318534317,0.019393973,0.360747263,0.005217139,0.326043511,0.022162999
346,0.839345466,0.839548548,0.839724827,0.83996953,0.333582619,0.018622787,0.344778727,0.009567103,0.36428513,0.009697969,0.260171779,0.037731848,0.321920398,0.037540242,0.383337324,0.028974489,0.398749671,0.020478384,0.288169322,0.066214251,0.295626494,0.017589724,0.334500326,0.039575793,0.357826984,0.034102602,0.351226993,0.014015878
347,0.840340591,0.840513811,0.840691702,0.840964757,0.322291515,0.027996366,0.35419341,0.009547292,0.363490141,0.018117405,0.272260392,0.038058526,0.34757851,0.027893362,0.364464236,0.002621753,0.387145066,0.021609831,0.301380734,0.045788211,0.301252093,0.020516549,0.336683327,0.025451719,0.386918462,0.045013951,0.327076665,0.03047292
348,0.841366537,0.841491487,0.841703914,0.841985368,0.34270247,0.026087061,0.369894528,0.023424621,0.359828999,0.019194402,0.270691489,0.051799803,0.315284042,0.033168839,0.34871268,0.021687372,0.367436459,0.012764961,0.287801226,0.075533067,0.283138638,0.003121234,0.316781994,0.014439098,0.370881124,0.020417385,0.321482438,0.047214608
349,0.842295372,0.842483713,0.842720214,0.842967796,0.327877275,0.026306055,0.344292178,0.005998691,0.390605296,0.035395854,0.261704148,0.029128876,0.335330725,0.034565642,0.371979432,0.01437166,0.400922234,0.004807635,0.289748613,0.067747646,0.298428137,0.00711232,0.341663401,0.050551282,0.35708184,0.036544983,0.319119127,0.03764735
350,0.843265692,0.843417379,0.843689864,0.843962966,0.329355561,0.012437487,0.368861309,0.005800396,0.385611798,0.038160601,0.267149096,0.038095176,0.33381766,0.015797794,0.353575675,0.034723785,0.383312257,0.016681463,0.272346399,0.067236175,0.295143158,0.02016992,0.327906562,0.012119543,0.364635323,0.038277156,0.320809048,0.023376242
351,0.844291953,0.844445957,0.844608569,0.844949669,0.338434125,0.015521665,0.353352773,0.018232621,0.365438471,0.015191246,0.25325033,0.022188239,0.322039342,0.041037757,0.379517903,0.036435143,0.37007198,0.002368113,0.271013688,0.063530068,0.291952606,0.006841831,0.3427331,0.072422259,0.381248688,0.014320589,0.324391955,0.025518031
352,0.845264756,0.845401065,0.845708474,0.845912011,0.3204958,0.011048784,0.351763471,0.011449827,0.356428508,0.035303045,0.266216314,0.042545003,0.332985712,0.017576006,0.342237118,0.023204195,0.383090482,0.034808921,0.264813558,0.070551989,0.307112124,0.009504099,0.331620555,0.014163235,0.369987335,0.047934278,0.336571502,0.012585152
353,0.84626545,0.84644058,0.846621243,0.846900848,0.348163075,0.010851681,0.35190264,0.008322566,0.38822899,0.01211691,0.259310945,0.020994732,0.347454275,0.042748192,0.365776855,0.024125943,0.395651353,0.029449164,0.268342278,0.05707894,0.28264654,0.014206441,0.321291017,0.022293288,0.350973192,0.028260302,0.305079457,0.025705867
354,0.847240842,0.847419638,0.847638789,0.847885425,0.321836504,0.006517402,0.352373687,0.014508984,0.373972346,0.03722944,0.255270302,0.031732211,0.320139417,0.011451224,0.358345384,0.006951317,0.377966424,0.032399959,0.271561988,0.080209622,0.322720092,0.007432015,0.326968783,0.031151053,0.377336876,0.012472393,0.321985406,0.037107705
355,0.848244878,0.848405256,0.848623883,0.848937446,0.330966303,0.008353932,0.358314546,0.0139964,0.354087504,0.005288241,0.249813862,0.034222021,0.335789478,0.051001547,0.364056764,0.025616615,0.374685275,0.035141452,0.26758138,0.063431469,0.276375047,0.005967298,0.338598243,0.018544949,0.354532257,0.042663892,0.317851353,0.032599086
356,0.849227702,0.849327584,0.849639656,0.849895192,0.340407357,0.012973655,0.363926979,0.026794638,0.36469871,0.022101612,0.247089087,0.029168492,0.331791512,0.014122119,0.36920466,0.000751574,0.374823605,0.012714097,0.251814109,0.057208574,0.298792419,0.019046517,0.331217769,0.0337364,0.341434827,0.018037839,0.305940638,0.017246939
357,0.85017816,0.85039977,0.850633551,0.850890417,0.342352874,0.012318613,0.338285441,0.027609715,0.373493043,0.021146877,0.246805871,0.035189608,0.343105369,0.026290256,0.346912955,0.010646564,0.377537218,0.017103783,0.274390755,0.054534466,0.314757999,0.00120956,0.341024711,0.01787054,0.386912371,0.01742751,0.303907322,0.02842298
358,0.851177596,0.851386097,0.851580927,0.85188038,0.326305244,0.005340952,0.360394847,0.023026997,0.368381097,0.030044986,0.233755803,0.032613246,0.329482239,0.018418562,0.367011613,0.008197058,0.371038386,0.025641426,0.252100853,0.059487294,0.286830961,0.020930424,0.325608474,0.048224947,0.350503805,0.041327498,0.316581869,0.005139075
359,0.85220273,0.852403467,0.852556258,0.8528523,0.338105087,0.010464147,0.34801811,0.013902703,0.364325589,0.019206,0.237546549,0.028354455,0.321726289,0.021244636,0.35780751,0.028626072,0.391145601,0.015382444,0.239802522,0.054403279,0.309813914,0.009456744,0.331627592,0.010357031,0.36504034,0.024432118,0.300120651,0.027040895
360,0.853176903,0.853353677,0.853555876,0.853878271,0.320475253,0.009479959,0.353332493,0.008567885,0.364513266,0.00913671,0.24210156,0.04884529,0.342816127,0.037490128,0.35897511,0.013336966,0.3632311,0.011585954,0.275868091,0.090532731,0.290701834,0.011256721,0.338674239,0.038589022,0.367292342,0.010669981,0.322265041,0.048731876
361,0.854194041,0.854302521,0.854600839,0.854884096,0.3438514,0.016250341,0.364078673,0.03224736,0.355099882,0.008072335,0.232712797,0.033444687,0.336372567,0.024312363,0.36594891,0.006598708,0.3725861,0.023933932,0.246890633,0.056235223,0.31117147,0.004158217,0.32545606,0.033355515,0.35437351,0.041612502,0.291694283,0.014132144
362,0.855136308,0.855336014,0.855613032,0.855895163,0.332811628,0.014681268,0.347820325,0.025551725,0.357196039,0.040272826,0.224901784,0.025512204,0.340612433,0.010766851,0.352526309,0.011796521,0.378107735,0.034592832,0.253523528,0.070052151,0.297983222,0.030174204,0.34181255,0.017902248,0.357793441,0.028119248,0.312282184,0.018746103
363,0.856146616,0.856329484,0.856603615,0.856920055,0.343119251,0.020192946,0.350917291,0.026450991,0.365865051,0.025938631,0.223462407,0.026278793,0.335402979,0.02669675,0.364827167,0.030366079,0.368306506,0.02710284,0.229002566,0.051260226,0.317777293,0.007332491,0.309366517,0.036998141,0.365083904,0.043042168,0.290509245,0.022408679
364,0.857076843,0.857286379,0.857617945,0.857914235,0.328729723,0.024691963,0.35708991,0.016790861,0.361613214,0.016891062,0.221438739,0.027662946,0.323610336,0.015839535,0.362004472,0.018451121,0.375378589,0.023080003,0.235630662,0.064442993,0.29624834,0.013710201,0.359416977,0.017569051,0.355184905,0.039997521,0.303025522,0.007085451
365,0.858101295,0.858268297,0.858557847,0.858904246,0.348472869,0.026301903,0.348809993,0.02180448,0.350028222,0.008346117,0.230091998,0.022307186,0.34412295,0.036384162,0.348904977,0.023235269,0.37615338,0.018385524,0.231405375,0.06494693,0.298845039,0.020335132,0.319515128,0.034853629,0.360428106,0.028280031,0.296370296,0.007476595
366,0.859077693,0.859246665,0.859516677,0.859888616,0.3305094,0.010883806,0.363274924,0.031825511,0.37419799,0.029874264,0.220346757,0.034474602,0.32297943,0.018240052,0.369984462,0.02037476,0.363710632,0.0322944,0.24652239,0.086107575,0.297671317,0.027289213,0.348192484,0.026541829,0.367332722,0.042412404,0.306304941,0.047232036
367,0.860068283,0.860271435,0.860609187,0.860903685,0.336243608,0.011620064,0.343018527,0.009533222,0.348488915,0.022569575,0.220588044,0.021214025,0.342525528,0.022624098,0.343294116,0.00517778,0.367512514,0.028777182,0.225094044,0.04646584,0.305476959,0.015505256,0.319465054,0.035149959,0.346699656,0.02473358,0.288239395,0.016170949
368,0.861068039,0.86121506,0.861546436,0.861874642,0.335748596,0.011308926,0.347638443,0.002291999,0.355066983,0.022062985,0.203188966,0.02970045,0.32837308,0.015905825,0.359832477,0.008744635,0.371630413,0.025497524,0.221888994,0.065210196,0.304460225,0.013348055,0.342575336,0.006733461,0.361981765,0.020779733,0.286273659,0.010785269
369,0.862010985,0.862231555,0.86252831,0.862892321,0.335731077,0.017269509,0.355825159,0.020609486,0.352733295,0.013119876,0.200701439,0.025424013,0.332498934,0.01738403,0.357075977,0.010808451,0.350785743,0.012388256,0.224062662,0.057024791,0.30436471,0.02004037,0.332375415,0.039693612,0.343026235,0.030787965,0.295809207,0.010053169
370,0.863010658,0.863204092,0.863471216,0.863874892,0.334479616,0.015209871,0.345378564,0.011977808,0.370982073,0.028916173,0.210905043,0.040480581,0.340050618,0.011017409,0.343855212,0.01209536,0.361556857,0.034429483,0.224178936,0.036281546,0.315855223,0.025686457,0.315423692,0.017784664,0.353432254,0.042477382,0.282218936,0.027490299
371,0.864001857,0.864236833,0.864490784,0.864854391,0.337198272,0.012995401,0.358147109,0.029035896,0.342771446,0.023070378,0.198290321,0.018797682,0.327898083,0.030585956,0.368311905,0.003019329,0.371692111,0.009066245,0.221978586,0.071480272,0.292836677,0.014066421,0.348727821,0.025679085,0.355744272,0.028798534,0.275564926,0.027938081
372,0.864979636,0.865188033,0.865454389,0.86587622,0.337107283,0.011731098,0.347343654,0.020550852,0.347221426,0.017529423,0.194737081,0.029697706,0.340822401,0.023090619,0.326372488,0.010217399,0.349522455,0.019650245,0.211822291,0.082624736,0.310135384,0.019156062,0.316716611,0.016040967,0.336796654,0.036558161,0.282848059,0.018148078
373,0.866025459,0.866178663,0.866474237,0.866864161,0.334578856,0.019324461,0.352315192,0.010016908,0.367892604,0.022623388,0.203673329,0.034567873,0.32716887,0.024675141,0.377769297,0.016990992,0.374421994,0.014026465,0.21865016,0.05980317,0.294305191,0.008834527,0.325251456,0.035966335,0.360596765,0.027442878,0.277903673,0.030102061
374,0.866941931,0.867139992,0.867469295,0.867887139,0.341988591,0.013562011,0.35071553,0.005537375,0.339830581,0.036254295,0.18686146,0.029066351,0.328808147,0.029304228,0.346024699,0.020419285,0.346009535,0.00233562,0.202272679,0.049380158,0.304976019,0.014973935,0.338725111,0.026880102,0.335993834,0.018131879,0.289315899,0.030176556
375,0.86790727,0.868181619,0.868418625,0.868851722,0.333819961,0.008884896,0.34482442,0.014773719,0.352482684,0.008177324,0.185679112,0.016311997,0.337141098,0.030510421,0.349131901,0.014643675,0.362501169,0.020006569,0.196910651,0.058276709,0.305702914,0.015007329,0.316093248,0.018687156,0.352835119,0.029704203,0.262425701,0.006995275
376,0.868888725,0.869113615,0.86947024,0.869931074,0.347688468,0.0218408,0.354167437,0.015926897,0.342874968,0.029567143,0.174104061,0.024916095,0.327310193,0.022475155,0.350325374,0.015690353,0.35226138,0.018004925,0.185313885,0.050803471,0.314717784,0.018758156,0.337612667,0.015947158,0.352679077,0.029234911,0.266145939,0.032178656
377,0.869922686,0.870112719,0.870438861,0.870849351,0.323348548,0.014486729,0.352304223,0.013273666,0.35402438,0.044200631,0.183072552,0.026148605,0.347021593,0.03789472,0.353009703,0.013977509,0.358748652,0.026813757,0.211499206,0.078854791,0.290702336,0.015629748,0.331705077,0.03745503,0.330829096,0.037035925,0.279331528,0.030651946
378,0.870911755,0.871199684,0.871447002,0.871908479,0.334398803,0.005123144,0.334461124,0.035176198,0.342299937,0.012630277,0.177791286,0.019533506,0.334131244,0.014787454,0.356714574,0.009661454,0.34259332,0.010080544,0.189290211,0.065576166,0.316198636,0.017947121,0.328345171,0.026622005,0.345331146,0.013716968,0.260304769,0.011801959
379,0.871915816,0.872138694,0.872392176,0.872887044,0.342902464,0.018775015,0.348715256,0.02544699,0.340065079,0.02339346,0.17591809,0.03011225,0.331608425,0.032993413,0.339924218,0.014268561,0.35462264,0.015604786,0.178593205,0.051389125,0.291625223,0.002844134,0.329688848,0.023876408,0.339858505,0.038612923,0.269954647,0.035437829
380,0.872889012,0.873115937,0.873453516,0.873850797,0.322980092,0.003873167,0.352100801,0.021319976,0.350176802,0.053308347,0.165160528,0.031519708,0.325494242,0.022276385,0.359468122,0.018799812,0.346156145,0.026121279,0.181400434,0.049652325,0.311407641,0.005081413,0.324831855,0.012721035,0.335535562,0.011808981,0.259982556,0.038921117
381,0.873853286,0.874103799,0.874460652,0.874855794,0.35412088,0.023932737,0.3371478,0.027989552,0.323365665,0.007760154,0.151782974,0.021953599,0.328180256,0.016251698,0.333160804,0.018709288,0.356393808,0.024182114,0.179615784,0.063022173,0.302493807,0.017897694,0.334158684,0.030218351,0.354621174,0.047016056,0.25813774,0.012087343
382,0.874827107,0.875078866,0.875489979,0.875875601,0.325439724,0.020580826,0.355686841,0.017698967,0.335736251,0.030220285,0.152224042,0.024090524,0.329895208,0.012400503,0.357021365,0.021590897,0.332879807,0.004001686,0.174775937,0.056983231,0.310189587,0.007751184,0.316697699,0.019183659,0.333645348,0.026689398,0.242898976,0.016891713
383,0.875794775,0.876076779,0.876399617,0.876921962,0.335705727,0.024867065,0.343123021,0.023508058,0.352736052,0.028811225,0.146450686,0.024829141,0.338047212,0.02408213,0.336436298,0.012877517,0.369776195,0.021986552,0.168705791,0.061139443,0.302897995,0.015533221,0.33430468,0.018927389,0.347839023,0.053732426,0.265762442,0.042588192
384,0.87679157,0.877056276,0.877411722,0.877878187,0.341405616,0.010227263,0.339203912,0.015622665,0.339172174,0.015703501,0.14454606,0.020440443,0.333460329,0.012319698,0.353575314,0.006918792,0.327854065,0.008476126,0.179210122,0.069622534,0.30055798,0.019117063,0.319741845,0.040897018,0.331963864,0.005074744,0.267587273,0.010308596
385,0.87778167,0.878077554,0.878397504,0.878845174,0.322988164,0.018403855,0.35136257,0.033091763,0.323360338,0.018301873,0.138148438,0.022665541,0.328812328,0.017699708,0.337572878,0.008890295,0.344431074,0.032679459,0.167281141,0.030928502,0.310328404,0.027621758,0.33610489,0.028284765,0.335004613,0.042962358,0.237433098,0.030534723
386,0.878757473,0.879059054,0.879418068,0.87986505,0.364334782,0.004210495,0.34081512,0.011104192,0.347177784,0.04373239,0.131031034,0.028969867,0.335487838,0.017961042,0.346319521,0.011395973,0.340128138,0.014772858,0.149253442,0.062468936,0.297385935,0.018325098,0.314869861,0.02830026,0.325078408,0.012509071,0.250622008,0.047742768
387,0.879661443,0.879975696,0.880314158,0.880834185,0.338573726,0.013832898,0.356435687,0.030622609,0.339930377,0.031707368,0.134443177,0.020930711,0.319855155,0.021154923,0.35119121,0.009145866,0.33179315,0.022087133,0.149793376,0.057791079,0.304872332,0.01176839,0.331017091,0.035787564,0.339688941,0.01516504,0.231782194,0.023327241
388,0.880661993,0.880937954,0.881341067,0.881882787,0.330520817,0.010827717,0.340641233,0.014201435,0.317788621,0.026972114,0.123443336,0.029466673,0.333122335,0.019281599,0.336165517,0.01394032,0.348082913,0.003178705,0.155917937,0.056594196,0.302723708,0.021439568,0.319304215,0.015538558,0.327794591,0.022115018,0.237036673,0.034686489
389,0.88164559,0.881882863,0.882305449,0.882879631,0.342532388,0.018692863,0.35702106,0.011695166,0.359591214,0.056309234,0.120719389,0.030517089,0.337175015,0.010148618,0.341559484,0.015658089,0.335258887,0.014469617,0.136269025,0.060295363,0.300034544,0.024935499,0.323202094,0.031450376,0.327774919,0.02246923,0.25519502,0.051195256
390,0.88263259,0.882916006,0.883282866,0.883864829,0.335474421,0.009444879,0.328917441,0.027282568,0.318746126,0.014822866,0.116511795,0.035351601,0.322162712,0.010711505,0.348506339,0.009100979,0.321820099,0.02612927,0.15004541,0.070824739,0.304148526,0.006419707,0.329403279,0.020172107,0.340370388,0.021446188,0.240107848,0.012368168
391,0.88364285,0.883882976,0.884287454,0.884797097,0.338604704,0.039902236,0.345904655,0.01368829,0.32421052,0.01804424,0.106298446,0.026543789,0.322708305,0.016937313,0.323182335,0.011729521,0.349482906,0.029840347,0.134180478,0.060966971,0.297761509,0.014262552,0.311885123,0.016238408,0.321203104,0.029303094,0.229416768,0.031731886
392,0.884583439,0.884877648,0.885294255,0.885814238,0.350187701,0.001733727,0.34263821,0.016188008,0.329398097,0.033830474,0.095883476,0.016576545,0.322661428,0.003682691,0.346899305,0.013411099,0.323361098,0.02341804,0.119573231,0.049012326,0.311254931,0.012944776,0.328358791,0.031424849,0.333989481,0.022840327,0.227177642,0.065368994
393,0.885561255,0.885826938,0.886271973,0.886797531,0.324912516,0.009102109,0.343867368,0.012302685,0.320618768,0.022829749,0.090117127,0.026980706,0.335593644,0.032314016,0.343722281,0.003222007,0.321797507,0.011940543,0.12394848,0.052142845,0.299471699,0.007176668,0.325167941,0.01783639,0.307793997,0.000801888,0.212846961,0.030354068
394,0.886551408,0.886844051,0.887269808,0.887808322,0.334463779,0.014309646,0.334275318,0.018098529,0.337769522,0.018418263,0.090867325,0.031895292,0.330650109,0.022857687,0.332698712,0.007315102,0.330565631,0.028108918,0.120379192,0.058277217,0.295547225,0.009650473,0.313954279,0.029327105,0.330547533,0.031607497,0.239176824,0.052425855
395,0.887554226,0.887875941,0.888260698,0.888811957,0.328365524,0.010895751,0.332172507,0.018881396,0.307495027,0.026552204,0.075597997,0.022436245,0.321438249,0.004942481,0.340210478,0.012011383,0.332907223,0.012860398,0.109516235,0.045180496,0.303577499,0.017781017,0.323792676,0.013177991,0.316646032,0.018484941,0.221542029,0.065817778
396,0.888524844,0.888837136,0.889225466,0.889835722,0.336056331,0.015583922,0.339840162,0.033594926,0.323803179,0.020257312,0.074382179,0.031444219,0.320142158,0.017338079,0.316556505,0.013058377,0.33594666,0.031101339,0.108875901,0.053240062,0.298492516,0.020365413,0.302331515,0.01846356,0.345923037,0.02717658,0.204976699,0.039569945
397,0.889516108,0.889855793,0.890187574,0.890760992,0.331322731,0.005692741,0.328458903,0.0037376,0.325611533,0.020523636,0.068197585,0.028659422,0.337981292,0.00662749,0.34636315,0.017179557,0.308756757,0.021151664,0.098563553,0.054599654,0.311654776,0.0233279,0.33619765,0.02609083,0.29635194,0.004710605,0.204765504,0.048268313
398,0.890481098,0.890815844,0.891198759,0.891763795,0.328994888,0.012533101,0.337817213,0.026225069,0.316887831,0.027718125,0.060003402,0.029853339,0.317479988,0.016655436,0.337069342,0.006468834,0.326217805,0.034713519,0.106846534,0.062343129,0.29322512,0.004409966,0.312604563,0.034324385,0.325519854,0.038106276,0.226281785,0.056124404
399,0.891420968,0.891811985,0.892204196,0.892821348,0.338765959,0.007656373,0.328597984,0.002809427,0.316219973,0.021637956,0.056494483,0.032838547,0.322863691,0.014216698,0.328853845,0.015770927,0.322299986,0.011286499,0.101493768,0.061029182,0.303940809,0.010346434,0.313478129,0.011783151,0.310567391,0.006510315,0.211922838,0.040101994
400,0.892462025,0.892750692,0.893183755,0.893827037,0.318496631,0.007256736,0.348566416,0.020028887,0.319342383,0.037316348,0.060236689,0.031402053,0.318368767,0.006076401,0.320048772,0.003580211,0.313046281,0.015447455,0.081981501,0.045378583,0.297022268,0.016215026,0.320653158,0.032554286,0.318746157,0.024810855,0.204759359,0.069204994
401,0.893441354,0.89378526,0.894253916,0.89486541,0.330844239,0.012886856,0.325802652,0.016121651,0.30340735,0.015296772,0.031871134,0.032058859,0.325875362,0.020150184,0.347140491,0.000317594,0.33008219,0.027429925,0.081226464,0.043889518,0.296295766,0.005789402,0.32301337,0.021573194,0.322061761,0.031920242,0.20544883,0.078462556
402,0.894404703,0.894702678,0.895199144,0.895827529,0.348662928,0.022243189,0.338839514,0.022578094,0.32068766,0.038160216,0.031431856,0.033008768,0.318883849,0.0095235,0.33804446,0.013954883,0.303250662,0.004854326,0.075509828,0.050613794,0.310545921,0.012704784,0.314774605,0.03374814,0.310613956,0.027568556,0.186944988,0.055237659
403,0.895377258,0.895682767,0.896161266,0.896773582,0.323805792,0.013156012,0.356936206,0.015279652,0.316245014,0.013036945,0.02517713,0.029369009,0.333838165,0.012939811,0.316033034,0.013198204,0.320573347,0.007575198,0.070191795,0.044687932,0.29090682,0.030330414,0.305789446,0.024198867,0.310495085,0.016746645,0.19099883,0.073250526
404,0.896354292,0.896694825,0.897153442,0.897850181,0.329197675,0.00812445,0.324948693,0.019597994,0.302840553,0.034728883,0.014346279,0.035456658,0.314614138,0.01872635,0.337017536,0.017117247,0.314311143,0.009018368,0.065700376,0.050591333,0.300115215,0.01290479,0.310204606,0.024884762,0.312116014,0.023196775,0.207208093,0.077158296
405,0.897371713,0.897699044,0.8981674,0.898786767,0.322142607,0.014354704,0.32472097,0.01600092,0.302190421,0.027690538,0.012303202,0.034515149,0.320346122,0.00779765,0.32346269,0.004763968,0.306969079,0.025885899,0.059690156,0.051627674,0.297834325,0.018475135,0.3180681,0.010944074,0.310755063,0.022666582,0.180169859,0.060681556
406,0.898315638,0.898608859,0.899153045,0.899833824,0.334032285,0.020971436,0.335674648,0.025932125,0.309040301,0.020518246,0.001558017,0.032842256,0.314145817,0.010483757,0.316928427,0.007845599,0.318876374,0.022541679,0.054746219,0.043955104,0.293985111,0.007022775,0.300863425,0.020725247,0.321556308,0.01681184,0.183584302,0.082280771
407,0.899284855,0.899603004,0.900127302,0.900790823,0.32603616,0.007713414,0.336709478,0.007921579,0.306386851,0.041195772,-0.003492556,0.041283642,0.320676963,0.000486121,0.33060136,0.007745484,0.297604824,0.012746131,0.047333437,0.049504114,0.299140356,0.019896252,0.320070667,0.018567456,0.291994932,0.009773686,0.184039134,0.077812784
408,0.900240942,0.900604477,0.901114747,0.901821373,0.336258699,0.01591676,0.325615834,0.024562452,0.30559009,0.002924752,-0.013569293,0.032246596,0.306890931,0.027530496,0.324069004,0.006328405,0.315647407,0.030617374,0.043481623,0.049074576,0.291787432,0.015211865,0.302671003,0.014826347,0.321908205,0.027660808,0.168443687,0.071363038
409,0.901238961,0.901622856,0.902085729,0.902828617,0.318842204,0.003547527,0.333576504,0.042592182,0.297801874,0.033377585,-0.018854614,0.035000246,0.337654618,0.011302066,0.322036344,0.009289834,0.290736741,0.011915576,0.048975771,0.06642358,0.305487066,0.037960582,0.319692786,0.02427228,0.303642879,0.009207935,0.198213866,0.070222436
410,0.902196411,0.902502028,0.903078751,0.903792407,0.327835068,0.018014235,0.344571699,0.034329364,0.311755073,0.025475252,-0.029029086,0.036755949,0.31054887,0.032694883,0.319227625,0.014876452,0.309568648,0.005993299,0.024005585,0.039017524,0.291469757,0.016563262,0.302649395,0.015731788,0.300284669,0.012502573,0.163514987,0.090436397
411,0.903145668,0.903515785,0.904073422,0.90479138,0.332388088,0.019523465,0.329398004,0.021729019,0.28596553,0.021124806,-0.034531451,0.032423132,0.313920715,0.003817082,0.31770114,0.007769807,0.297397001,0.005382013,0.021481609,0.039698798,0.294544701,0.017667003,0.308165474,0.024482491,0.291724932,0.014393252,0.157593854,0.090476173
412,0.904179137,0.9045051,0.905088854,0.905791752,0.319263826,0.015917737,0.324236479,0.014025624,0.303836545,0.031335463,-0.044443902,0.043552472,0.302593359,0.009590541,0.321067189,0.012621586,0.29022203,0.015101249,0.01594907,0.039620343,0.287440044,0.012823232,0.298975781,0.01710062,0.308067236,0.011503979,0.164177071,0.100103904
413,0.905153865,0.905455903,0.906051345,0.906793279,0.32189262,0.013771122,0.316757285,0.018098872,0.289432119,0.010533889,-0.047218809,0.036403824,0.315599715,0.002019676,0.319775492,0.03193082,0.312860474,0.018742185,0.021046137,0.06258123,0.29142937,0.023199904,0.313345108,0.016412614,0.296823953,0.019768975,0.164392222,0.068044665
414,0.906087656,0.906474412,0.907045326,0.907831125,0.328755168,0.012204318,0.31691773,0.017994771,0.283871235,0.02648355,-0.058713378,0.037601776,0.318673247,0.030246512,0.310365056,0.014954088,0.285560678,0.021894632,-0.000202124,0.032025969,0.296123184,0.01471348,0.305930331,0.023484065,0.300589391,0.037346708,0.150294814,0.113002397
415,0.907106115,0.907487436,0.907992935,0.908814848,0.312827118,0.015191301,0.335026882,0.028606906,0.310566697,0.025051362,-0.068335123,0.044005857,0.308247947,0.009076872,0.322256373,0.002885706,0.302725152,0.003268336,-0.002972193,0.036511641,0.290612593,0.019581291,0.29599531,0.02606472,0.297273832,0.005663899,0.152012623,0.101401626
416,0.908025121,0.908474754,0.908987372,0.909800827,0.332016238,0.011307523,0.322221164,0.006009594,0.280985731,0.011693875,-0.074672464,0.034826597,0.316114286,0.015832585,0.321593259,0.015723694,0.284942095,0.007087688,-0.008312157,0.04097598,0.296226394,0.016165921,0.302879907,0.018725275,0.284261259,0.016030608,0.1357704,0.099392104
417,0.908997171,0.909388947,0.910002088,0.9108114,0.318014112,0.014527423,0.320336755,0.01978837,0.290210485,0.033779052,-0.083755281,0.040339978,0.31191619,0.023573651,0.312119719,0.006288624,0.290754716,0.005984756,-0.017241465,0.035969348,0.279711778,0.01671253,0.307215754,0.017209682,0.289076203,0.012054336,0.137181041,0.107525944
418,0.909996339,0.910381806,0.911042007,0.911826189,0.328080526,0.020498044,0.315053885,0.026639543,0.272545704,0.022687958,-0.093608785,0.04732751,0.310177508,0.01518183,0.305337973,0.008945756,0.290669303,0.022841601,-0.023493678,0.040620817,0.289764675,0.0050492,0.296540034,0.03267489,0.295478567,0.015622786,0.131988864,0.104221886
419,0.910948316,0.911386465,0.912005802,0.912812507,0.325052536,0.019597549,0.314352737,0.018572211,0.296041798,0.019433272,-0.095140338,0.035297631,0.304707087,0.003657792,0.308040221,0.0161,0.283890021,0.009865785,-0.027260898,0.0399567,0.284860583,0.018190684,0.293370951,0.008567041,0.291005579,0.020981878,0.128556708,0.102878801
420,0.911929082,0.912430182,0.912957049,0.913820064,0.322486373,0.016505744,0.323858182,0.022254974,0.27104916,0.020932457,-0.109294983,0.052546984,0.313129923,0.014461544,0.314179159,0.010943332,0.285837835,0.013886168,-0.035621404,0.034937078,0.292289281,0.018043224,0.306066699,0.021459399,0.289534422,0.012112317,0.129793569,0.121311457
421,0.912915732,0.91332451,0.913952044,0.91482558,0.314727063,0.016578921,0.323500458,0.029745216,0.284523961,0.011138656,-0.111361875,0.037839363,0.299620612,0.00799288,0.304864978,0.004279673,0.286747435,0.011000444,-0.042298131,0.039908113,0.290563173,0.019173206,0.286196178,0.022165115,0.297250752,0.02135127,0.130977491,0.114988799
422,0.913854016,0.914282357,0.914942324,0.915867368,0.320198993,0.014647463,0.315058192,0.012101045,0.281502528,0.037475654,-0.120034104,0.036242166,0.304402609,0.011569412,0.310447719,0.016545778,0.279971361,0.013228705,-0.04985856,0.035514844,0.280615562,0.017671014,0.308290557,0.009232418,0.276201978,0.0138778,0.108633492,0.114911225
423,0.914837082,0.915288546,0.915894038,0.916819984,0.319817596,0.014229715,0.31080924,0.018229906,0.28054142,0.015634023,-0.129872008,0.04695874,0.312417569,0.010430815,0.308712638,0.008360227,0.283436758,0.009117599,-0.055365749,0.032256275,0.286728931,0.012943902,0.293555826,0.021139818,0.289368889,0.00564325,0.116229379,0.129802378
424,0.915789476,0.916220091,0.91692196,0.917823596,0.318471633,0.018985823,0.315762585,0.012721992,0.266286278,0.035979886,-0.139651041,0.045753646,0.299378885,0.010871075,0.302583676,0.012170899,0.266584696,0.016533002,-0.063084016,0.0393619,0.278756802,0.009288141,0.298264056,0.01577333,0.273678566,0.017959314,0.09937277,0.111118823
425,0.916738364,0.917209787,0.917880087,0.918871055,0.318944907,0.015289694,0.317308723,0.038432784,0.286092878,0.007019577,-0.146094214,0.038336342,0.297525303,0.016734042,0.299031748,0.00913292,0.290617693,0.019722935,-0.069835212,0.030704205,0.285915254,0.007759707,0.282419206,0.030518032,0.297897566,0.012335324,0.108519415,0.134387395
426,0.917747543,0.918206735,0.9188403,0.919855855,0.312076299,0.02002283,0.316622155,0.021795514,0.260129765,0.033737206,-0.15032488,0.051931382,0.317759839,0.03469304,0.29552313,0.011943817,0.276800057,0.017172333,-0.075263339,0.037054987,0.278420597,0.018923084,0.295141704,0.003486046,0.282329137,0.017110725,0.102790125,0.13001363
427,0.918692833,0.91914292,0.919813836,0.920849308,0.323365683,0.00488089,0.311182124,0.006110371,0.279671184,0.012810434,-0.173391564,0.02540306,0.30567425,0.019623726,0.307775778,0.004489749,0.259974474,0.01555085,-0.084916538,0.027022897,0.285127769,0.019450427,0.303558862,0.015946086,0.269870715,0.020215071,0.081111186,0.12528867
428,0.919740595,0.920149793,0.920830577,0.92182346,0.309134684,0.041628437,0.311192547,0.023095278,0.255716113,0.03075574,-0.198691053,0.019807905,0.295124484,0.008270198,0.307405373,0.003794837,0.278389929,0.014765534,-0.070778092,0.02285392,0.283526343,0.002419561,0.289099834,0.026641932,0.278252081,0.011788224,0.109159148,0.146079801
429,0.920639171,0.921096414,0.921820218,0.922851492,0.324393056,0.01458247,0.312830961,0.009652772,0.274855686,0.021077284,-0.18319929,0.022484681,0.296115285,0.019911803,0.283771894,0.01264273,0.263261339,0.014186016,-0.093110554,0.03750706,0.271568876,0.018605655,0.280132826,0.008676778,0.277772926,0.003431225,0.079773009,0.139384856
430,0.921673987,0.922070657,0.922810976,0.923801502,0.312487151,0.006083848,0.306908909,0.013277812,0.253629032,0.017703674,-0.194208245,0.040017328,0.306379987,0.0073813,0.305424777,0.009215247,0.268723213,0.022072616,-0.116150508,0.035434142,0.291262021,0.013191752,0.296311542,0.019834943,0.2684867,0.0175154,0.066539038,0.13262074
431,0.922691036,0.923102887,0.923741013,0.9248025,0.304279454,0.010989683,0.300661086,0.033747333,0.268789357,0.017325264,-0.192709422,0.039570019,0.292988248,0.014386202,0.294095489,0.007736632,0.250966172,0.027189024,-0.118227094,0.036350723,0.276239111,0.006434388,0.285102071,0.018873951,0.265274595,0.018280838,0.081973068,0.156777718
432,0.92366585,0.924102683,0.924812723,0.92580678,0.340841345,0.067185312,0.308598172,0.017010441,0.241323528,0.037675307,-0.198820784,0.038646012,0.2950602,0.002302325,0.304625967,0.01111584,0.278864349,0.010419813,-0.119957731,0.029902792,0.277718685,0.015816052,0.284162632,0.03976732,0.271467677,0.020057743,0.059104561,0.137058921
433,0.924686009,0.925113433,0.925755662,0.92680581,0.304504876,0.027814355,0.300805861,0.015235268,0.254144145,0.032713866,-0.208719761,0.055685903,0.297552491,0.010433894,0.279664418,0.018183944,0.250232128,0.009110401,-0.134363373,0.034251457,0.276386283,0.017943066,0.283166722,0.021246641,0.27580916,0.018983056,0.05615706,0.144569965
434,0.925616061,0.92609629,0.926734624,0.927834595,0.311811136,0.016718863,0.294676381,0.012267883,0.251974307,0.012452322,-0.22375819,0.057386355,0.296816857,0.006391357,0.299093004,0.007984613,0.265583896,0.01242925,-0.140971795,0.033274268,0.285469118,0.010743128,0.280221221,0.014040376,0.257693722,0.007515985,0.063000352,0.165411477
435,0.926523928,0.927092299,0.927839577,0.928827435,0.318875316,0.00813193,0.31120237,0.025873356,0.25590621,0.028206669,-0.210600129,0.019934546,0.298861841,0.020585935,0.290715199,0.007892399,0.248328472,0.025730553,-0.135944832,0.022313792,0.271123458,0.006827625,0.284947365,0.036200076,0.275264242,0.020703729,0.046360835,0.150716354
436,0.927551774,0.928023729,0.928818672,0.929810772,0.301045802,0.01569479,0.300985133,0.016241,0.236913308,0.015005321,-0.225853901,0.043316791,0.283889011,0.008589414,0.293866428,0.013833091,0.262968435,0.021513858,-0.153534856,0.033478051,0.280665997,0.018081375,0.282678145,0.008564788,0.274318672,0.007091049,0.043104491,0.156001069
437,0.928486165,0.928984599,0.929784015,0.93082699,0.294068916,0.014912496,0.310233912,0.012944288,0.258595635,0.024117112,-0.227251577,0.029125855,0.295403941,0.005911378,0.284330786,0.006650374,0.243756725,0.006338753,-0.163196694,0.030785306,0.272223206,0.024424681,0.277302022,0.023573938,0.251921717,0.018720606,0.041564071,0.167289311
438,0.929454064,0.930014619,0.930745372,0.931828393,0.314570962,0.016182333,0.29226955,0.021402346,0.229238726,0.012370959,-0.214150386,0.017399283,0.287928591,0.013326324,0.293726,0.013986135,0.259079351,0.005743211,-0.162420666,0.024744631,0.272728944,0.004639141,0.289344881,0.019878122,0.265499514,0.007643156,0.030018672,0.161084189
439,0.930439822,0.930934618,0.931781214,0.932923502,0.30069546,0.01919808,0.297482083,0.020081502,0.249147788,0.026986146,-0.217268387,0.051426693,0.286775217,0.020783758,0.292817584,0.019712993,0.243802798,0.017904768,-0.18725347,0.013461907,0.272836573,0.022092592,0.271067304,0.010213047,0.267005334,0.027172819,0.017883294,0.194942281
440,0.931406075,0.931916257,0.932756493,0.933913333,0.309130773,0.01850244,0.297535737,0.013530604,0.225329762,0.008918049,-0.278918841,0.016998222,0.281539732,0.011093511,0.293260513,0.018488191,0.249603573,0.019716023,-0.180902256,0.044157606,0.269287391,0.003963711,0.284437199,0.019069586,0.256763822,0.004743253,0.021419262,0.151270924
441,0.932368492,0.932919319,0.93373542,0.934956072,0.294093762,0.004345511,0.29092011,0.027919625,0.25372028,0.029198136,-0.247470255,0.046788582,0.296270906,0.003802357,0.285613623,0.012093573,0.238404626,0.014963747,-0.17902666,0.022737756,0.275121444,0.029881256,0.275442137,0.014670357,0.258575304,0.008237803,0.010366857,0.17314847
442,0.933329433,0.933873584,0.934725114,0.935966073,0.307410365,0.015176043,0.299479654,0.021112783,0.227690745,0.013392714,-0.24468059,0.037835083,0.299922965,0.01001479,0.284845222,0.014632755,0.242913471,0.005371362,-0.185146864,0.041634989,0.28407793,0.024722466,0.273764848,0.022722585,0.268484252,0.023044748,0.018114898,0.170588819
443,0.93426763,0.934852315,0.935660364,0.936919966,0.310185918,0.027076948,0.288303906,0.017132359,0.232355288,0.029559991,-0.258451595,0.0289056,0.284666669,0.014259488,0.274053094,0.012524669,0.234388555,0.010949149,-0.203821069,0.034600188,0.268942024,0.013504119,0.26428979,0.011154335,0.241558405,0.00972841,-0.000198098,0.177233441
444,0.935272766,0.935831542,0.936666029,0.937908817,0.29339319,0.007578384,0.291429865,0.014654106,0.223816587,0.023773983,-0.259643809,0.041143839,0.278964518,0.012384749,0.280333743,0.01765392,0.243566595,0.024140265,-0.201438281,0.030116913,0.259798447,0.013361192,0.266551749,0.014345991,0.242363537,0.016601822,-0.005757216,0.182724661
445,0.936255262,0.936817682,0.937714056,0.938932683,0.306465035,0.029584151,0.287974221,0.013825404,0.238146191,0.039645306,-0.25948753,0.043600045,0.290607192,0.020731543,0.2782445,0.004866273,0.224536542,0.01681245,-0.206558579,0.025517303,0.267562786,0.004140229,0.283314024,0.021700929,0.266108926,0.020291216,-0.007019253,0.18034318
446,0.93714835,0.937784402,0.938665204,0.939952368,0.295507251,0.022368199,0.292311264,0.014796343,0.219407787,0.017969275,-0.264466041,0.024922427,0.281165939,0.002761131,0.278879138,0.009710297,0.240668688,0.024811289,-0.215480343,0.019672503,0.263456332,0.026206259,0.263717045,0.01317181,0.244543554,0.015654221,-0.027478918,0.188892164
447,0.938177845,0.93875865,0.93966935,0.940920148,0.300461337,0.024370149,0.292777343,0.018329623,0.215759055,0.024645061,-0.267603674,0.025848148,0.281328353,0.009372702,0.273657728,0.009546088,0.219596476,0.001595172,-0.226284813,0.0181118,0.273249751,0.004617343,0.265970589,0.020186274,0.243767206,0.025060903,-0.026706448,0.196662725
448,0.939139879,0.93969617,0.940629115,0.941957207,0.29749523,0.026211902,0.295739684,0.025755331,0.224390688,0.021869621,-0.271447726,0.019678091,0.273084685,0.002293734,0.276390404,0.019097703,0.231284556,0.019819034,-0.215394224,0.036177852,0.26188217,0.021782457,0.259665283,0.00830502,0.245711228,0.012564167,-0.024694545,0.182172751
449,0.940101402,0.940660001,0.941588191,0.942964972,0.286594318,0.009271152,0.280609917,0.014227254,0.199847591,0.025281429,-0.272636903,0.022968793,0.279036402,0.023513912,0.279356177,0.002449864,0.234773929,0.017043247,-0.222309492,0.027405542,0.264422625,0.009345961,0.276011941,0.0210033,0.248784744,0.021324137,-0.033103217,0.181417772
450,0.941105286,0.941684406,0.942605266,0.943935681,0.295579563,0.023230596,0.279548431,0.019805101,0.20710629,0.029824438,-0.275503443,0.028024183,0.28227605,0.016670581,0.264263786,0.00445923,0.219629661,0.029278948,-0.229921122,0.029658276,0.250770192,0.020564387,0.267319587,0.024804515,0.243429616,0.024069326,-0.032487623,0.194861502
451,0.942038104,0.942644792,0.943613306,0.944920183,0.294414648,0.013880712,0.289429615,0.019652615,0.203980942,0.018349815,-0.275912513,0.005914849,0.279142341,0.006699367,0.277282705,0.006624023,0.220319345,0.002738406,-0.242220622,0.03996628,0.268634012,0.012863794,0.261441162,0.014500157,0.239672555,0.019209389,-0.049496252,0.191368655
452,0.942971406,0.943631691,0.944570958,0.945936409,0.303184234,0.012868671,0.274166191,0.008279714,0.195136407,0.017680566,-0.262860832,0.018875238,0.272092361,0.012681657,0.268016649,0.017037699,0.209937856,0.015830626,-0.257935543,0.028622422,0.259844635,0.014130419,0.261924809,0.022074715,0.229756365,0.018800706,-0.060176438,0.189751166
453,0.944027326,0.944548683,0.945601056,0.946954763,0.280001845,0.017395543,0.285509817,0.012836475,0.20758178,0.014967588,-0.25686523,0.009040685,0.275471472,0.01609026,0.26670318,0.006519104,0.223069507,0.018680481,-0.224932923,0.030560279,0.259149677,0.0163895,0.264416471,0.014211724,0.244324908,0.003589921,-0.055612902,0.196328836
454,0.94495858,0.94554883,0.946549739,0.947997424,0.296381043,0.019794929,0.285858153,0.028332442,0.186351269,0.017261165,-0.272948108,0.01436403,0.274943868,0.006418239,0.267307286,0.006621875,0.208783162,0.025622013,-0.234193416,0.030040913,0.258306707,0.017534881,0.26104299,0.017678197,0.238507819,0.022137094,-0.063951246,0.192385936
455,0.945882299,0.94651917,0.947562508,0.948978527,0.286870673,0.013835006,0.277243913,0.017976501,0.19662993,0.012990436,-0.256737036,0.010212587,0.271514444,0.022360419,0.284323448,0.02764597,0.209071932,0.008442678,-0.237358579,0.041018422,0.253243567,0.007449837,0.274998536,0.037609434,0.239341071,0.025367924,-0.068630358,0.182432106
456,0.946850923,0.947519918,0.948568877,0.949962807,0.30708445,0.035121404,0.274136829,0.010691134,0.172040234,0.01621933,-0.259378032,0.004552878,0.264972359,0.016975959,0.257459863,0.015144126,0.208090194,0.02150405,-0.227938057,0.031545626,0.259454031,0.023785013,0.254213211,0.017919387,0.227856257,0.010245337,-0.067088869,0.193110736
457,0.947775824,0.948485709,0.949520037,0.950962602,0.289352103,0.008977598,0.274975557,0.020030805,0.185549532,0.028123875,-0.265877635,0.011732339,0.27418794,0.014198883,0.277853022,0.013846948,0.203443394,0.01126646,-0.243071233,0.038207038,0.247443543,0.01899887,0.26223734,0.028404381,0.230654965,0.020214295,-0.077299204,0.191659978
458,0.948750816,0.949445371,0.95055191,0.951958925,0.288335259,0.027302259,0.280494156,0.024224921,0.172896691,0.009231882,-0.247987401,0.001091539,0.270482679,0.019343042,0.255910039,0.009519479,0.195189035,0.015382756,-0.240353944,0.037265808,0.260391058,0.014459477,0.259278597,0.013094127,0.230834249,0.027302521,-0.081985714,0.180492627
459,0.949690387,0.950411434,0.951524045,0.952969436,0.29108453,0.017540788,0.270480461,0.014407639,0.172413117,0.025267415,-0.244135274,0.001433992,0.257522251,0.006732594,0.262559759,0.009422427,0.206374081,0.023672297,-0.248442078,0.043319711,0.244489611,0.008077469,0.253151465,0.017632781,0.224133084,0.008559069,-0.102421044,0.199579085
460,0.950671121,0.951323181,0.952518033,0.954033947,0.277002642,0.012555706,0.285737569,0.021405314,0.168261265,0.021335295,-0.231646654,0.010030726,0.264754499,0.010391561,0.259786138,0.00777837,0.19020766,0.022134265,-0.228941572,0.038241916,0.24925369,0.015302556,0.255922797,0.017749344,0.223620758,0.028780759,-0.100839751,0.209930045
461,0.951671192,0.952359765,0.953553208,0.954977556,0.281129094,0.018420854,0.269795511,0.025031381,0.157024683,0.012938137,-0.241976156,0.022116092,0.255602882,0.023408177,0.261270631,0.010268554,0.1911238,0.011284425,-0.241913877,0.040752136,0.238858354,0.015120834,0.246341841,0.013938335,0.221514249,0.021234177,-0.092504361,0.182526976
462,0.952534402,0.95334743,0.954455426,0.955975198,0.300660647,0.019406992,0.272980137,0.024976599,0.165822014,0.034401737,-0.229364989,0.002350337,0.274940363,0.021032634,0.249099336,0.000374818,0.191108655,0.026626465,-0.239722325,0.058671563,0.260258394,0.019970382,0.247080555,0.019523194,0.22732964,0.022652911,-0.096477384,0.175673721
463,0.953567851,0.954285018,0.9554495,0.956998221,0.271784623,0.012525606,0.261043442,0.01321852,0.14974854,0.010041738,-0.223360363,0.021372079,0.26265676,0.010497945,0.255215842,0.008387,0.187891463,0.013208391,-0.220968441,0.016927891,0.255558478,0.008052675,0.256651893,0.018632298,0.217054234,0.023812419,-0.093733915,0.176960607
464,0.954534614,0.955248512,0.956416473,0.957990364,0.285182822,0.008108646,0.278986317,0.022758874,0.156249702,0.027293317,-0.234671952,0.018461369,0.261929344,0.022423578,0.257715547,0.010008888,0.179261151,0.025638295,-0.206298341,0.036584363,0.244253294,0.030652902,0.246312018,0.009940179,0.219486343,0.016223981,-0.090999822,0.184086378
465,0.955517633,0.956204315,0.957424027,0.95899626,0.278164293,0.031492356,0.260066609,0.011684536,0.137297683,0.023409164,-0.209559668,0.008389292,0.256445268,0.009942714,0.247721049,0.005775063,0.18039537,0.014056149,-0.218057237,0.03576681,0.246935901,0.016985176,0.238294238,0.010396908,0.21635699,0.023094614,-0.113451567,0.184625555
466,0.956457807,0.957198431,0.958409838,0.960002097,0.284411505,0.017413207,0.266640378,0.016748631,0.13610184,0.01064659,-0.200287067,0.02467057,0.26083921,0.014866807,0.247994567,0.006191985,0.176676289,0.025404668,-0.202005113,0.019584607,0.255877566,0.014980203,0.251558244,0.017113851,0.210749284,0.022172395,-0.110845635,0.166868633
467,0.957444513,0.958162555,0.95940016,0.960986725,0.275046952,0.015567612,0.266976633,0.018691852,0.131548284,0.029772369,-0.197831785,0.009885437,0.26125862,0.005189497,0.256083045,0.021001234,0.162017244,0.021961529,-0.191861851,0.035867567,0.250041356,0.021205691,0.248642597,0.0165983,0.212651443,0.031233391,-0.110899197,0.175282026
468,0.958382654,0.959151555,0.960365688,0.961939477,0.267612354,0.01483963,0.255675762,0.018574862,0.12689007,0.028704172,-0.194188573,0.014027969,0.252841911,0.021267219,0.247090756,0.016068332,0.17320553,0.032238009,-0.198520408,0.029749723,0.231485263,0.003939562,0.242016085,0.017396994,0.204188946,0.015514371,-0.114221009,0.176980332
469,0.959334699,0.960124553,0.961353588,0.963000247,0.279204441,0.01328,0.264876574,0.009989029,0.109796156,0.019203711,-0.188135812,0.028673067,0.257509293,0.00764796,0.246072824,0.019850575,0.158889779,0.03009909,-0.184626582,0.023151954,0.244041628,0.009656794,0.24092461,0.01272594,0.21355597,0.024778343,-0.123422278,0.184567413
470,0.960299994,0.961098203,0.96230926,0.963928457,0.284642348,0.017004504,0.264424214,0.017261542,0.122533015,0.020816324,-0.186866902,0.008937764,0.265020891,0.009741683,0.247424917,0.005644114,0.16976621,0.01529637,-0.182271767,0.033223715,0.237487766,0.02662303,0.239634709,0.011081707,0.206608425,0.027817,-0.102047757,0.16816126
471,0.961289078,0.96209081,0.963332482,0.964970556,0.271180318,0.024680484,0.245378705,0.018835312,0.107149497,0.029899126,-0.169655723,0.013874546,0.246437409,0.009200356,0.243265011,0.007261631,0.15073642,0.027311381,-0.179768995,0.029073435,0.245717362,0.011493443,0.243374482,0.023722444,0.199029525,0.027773,-0.11353022,0.157418344
472,0.962223323,0.963032792,0.964347019,0.965991874,0.272667324,0.017326315,0.263248565,0.010199856,0.091229846,0.026901377,-0.175990515,0.020998724,0.252262969,0.00534028,0.249762539,0.011866746,0.156308495,0.035975045,-0.172664765,0.03057565,0.230894422,0.029417798,0.245250988,0.010600051,0.206488618,0.025218216,-0.112849719,0.151600897
473,0.963155352,0.964042087,0.965371569,0.966997168,0.27637562,0.023543857,0.255139039,0.023764071,0.085115921,0.022975879,-0.162156104,0.010482221,0.252331754,0.019191061,0.24188382,0.001740625,0.150081917,0.012166522,-0.163629608,0.025710998,0.242547327,0.011323621,0.245133865,0.00599008,0.198848206,0.030882342,-0.11722399,0.159922076
474,0.964127784,0.964982464,0.966371856,0.967970684,0.277723392,0.013256686,0.262360069,0.005721064,0.094005641,0.034948562,-0.158256034,0.013484181,0.246276119,0.014602899,0.241040316,0.014665081,0.142132295,0.039186781,-0.161370431,0.017511348,0.221621001,0.011313055,0.246032569,0.048458666,0.195582821,0.026723602,-0.119537621,0.145359833
475,0.965142561,0.965914849,0.967340171,0.968971823,0.25714727,0.014541614,0.257547072,0.021551318,0.074273808,0.017891629,-0.152547043,0.013133374,0.250612154,0.004079468,0.238871987,0.008320157,0.142603141,0.031276625,-0.172677911,0.022532702,0.249446763,0.016107756,0.232661415,0.008725277,0.199822627,0.028876272,-0.131002639,0.15115079
476,0.966045013,0.966869061,0.968396573,0.969972859,0.271153015,0.018231002,0.257557018,0.019216068,0.066130537,0.023651914,-0.144044318,0.012874411,0.248446123,0.015156727,0.232355882,0.004664964,0.133874294,0.019231977,-0.146300463,0.034334792,0.22779794,0.005435783,0.228187486,0.01846639,0.185506506,0.027940564,-0.124509727,0.160830548
477,0.966989241,0.967876385,0.969327767,0.970984476,0.266752892,0.019960404,0.24807166,0.015593132,0.055736093,0.031715796,-0.136749722,0.010042027,0.241612841,0.007085518,0.243114031,0.015597149,0.133984846,0.042167325,-0.138588959,0.03152297,0.235181697,0.02053778,0.23441608,0.020066686,0.206033488,0.038161108,-0.114777909,0.141128564
478,0.967957466,0.968827184,0.970386453,0.972014028,0.273419129,0.016510084,0.253970534,0.017592743,0.044713866,0.029971934,-0.130280365,0.009396284,0.237769649,0.015311958,0.236831076,0.008366254,0.121400116,0.036359048,-0.133805746,0.032892614,0.216302093,0.012256478,0.235708434,0.017836202,0.185790053,0.035342617,-0.096436058,0.136367737
479,0.968954191,0.969786113,0.97136797,0.972971443,0.255023678,0.02423869,0.247512848,0.006077393,0.051741904,0.040294458,-0.131909753,0.011232494,0.243602441,0.004352774,0.225984629,0.009284133,0.126506127,0.022499859,-0.135362846,0.031267698,0.238016764,0.01371123,0.227240141,0.007570414,0.182283525,0.028057422,-0.111570078,0.115477055
480,0.969878948,0.970789415,0.972355416,0.973988256,0.275049943,0.015371334,0.238852883,0.019378506,0.035367708,0.040725695,-0.123226846,0.012864726,0.247661495,0.013112819,0.23571834,0.01201064,0.118147739,0.045285924,-0.135182115,0.025617515,0.227523735,0.006750699,0.232341885,0.014110366,0.18179122,0.0305519,-0.114930966,0.11444478
481,0.970840741,0.971733642,0.973338645,0.974983798,0.266984349,0.015909518,0.261267312,0.020365425,0.017866632,0.03129462,-0.120405797,0.007257732,0.241836936,0.012230078,0.230721114,0.012996206,0.102589861,0.030340244,-0.121649187,0.030286728,0.231345211,0.029323531,0.226783711,0.020015505,0.182663552,0.044256866,-0.108619799,0.103201985
482,0.97183048,0.97270599,0.974319502,0.975977179,0.25729315,0.021507904,0.242529383,0.012752853,0.010365018,0.0353091,-0.112736101,0.015550534,0.236436842,0.020299386,0.23708238,0.011815818,0.103428025,0.043113363,-0.116128308,0.024028891,0.216474927,0.005074637,0.227178261,0.015909832,0.177890427,0.035167495,-0.115694074,0.114714811
483,0.972773231,0.973648833,0.975336136,0.977013966,0.269797474,0.006446878,0.24484153,0.01553669,-0.002425243,0.039540719,-0.111018188,0.006181007,0.245498286,0.006572069,0.224773565,0.006295929,0.10106508,0.043285363,-0.114140386,0.032632106,0.239245292,0.018034958,0.219021525,0.003823366,0.175232368,0.041188134,-0.11016122,0.087844889
484,0.97374728,0.974686222,0.976305434,0.978003991,0.249060612,0.022340289,0.237282558,0.012472588,-0.006096256,0.037551559,-0.095203423,0.007230455,0.229314582,0.02238129,0.229498911,0.013337849,0.095468865,0.033150191,-0.106652365,0.028722465,0.217962612,0.021897142,0.225048203,0.021541216,0.172143491,0.035915555,-0.109896887,0.097458637
485,0.974708012,0.975630527,0.977322455,0.979035452,0.265514845,0.021214046,0.253880327,0.026585203,-0.02104726,0.046775202,-0.101972469,0.015705677,0.2479034,0.011538639,0.22946667,0.003165142,0.084001496,0.038165744,-0.104057822,0.022953782,0.229935745,0.020497206,0.234352818,0.008800772,0.164571978,0.039660625,-0.117276475,0.089406154
486,0.97568731,0.976575869,0.978308418,0.980016997,0.247906192,0.012713022,0.236891762,0.006438549,-0.033378453,0.04329631,-0.101877445,0.013726856,0.224709556,0.017445006,0.227247843,0.003223137,0.086153052,0.050247492,-0.102110737,0.029432331,0.220636272,0.021902161,0.218198633,0.025977955,0.175360339,0.039154633,-0.116767742,0.088376132
487,0.976624207,0.977549693,0.979286779,0.980986884,0.259271729,0.014505065,0.237601655,0.006025298,-0.050959932,0.056112488,-0.097246848,0.017979567,0.242463656,0.003758743,0.220824184,0.02073479,0.072649917,0.042014633,-0.099314749,0.029433286,0.224670864,0.013888506,0.211157436,0.006923685,0.161301052,0.049539357,-0.10549436,0.066589985
488,0.977559781,0.978539831,0.980307528,0.981989583,0.257889316,0.019884775,0.238355168,0.023582028,-0.068030899,0.064410433,-0.086766484,0.009432149,0.235154117,0.00885842,0.222616771,0.007097506,0.065242824,0.051079984,-0.096864113,0.023034892,0.219401966,0.018669256,0.219152151,0.010160579,0.163426132,0.042004316,-0.107461284,0.04668233
489,0.978437234,0.97949129,0.98130328,0.982990098,0.264226531,0.019628969,0.235457649,0.012095932,-0.068149304,0.047976544,-0.077573027,0.008490797,0.228098511,0.013404911,0.223113496,0.005088993,0.058761777,0.048155851,-0.090635828,0.028774957,0.219896445,0.010969681,0.211044874,0.017617663,0.155453784,0.042981237,-0.123943731,0.058293348
490,0.979464113,0.980473662,0.982334215,0.98401495,0.245859532,0.008933493,0.235508163,0.014458867,-0.078760063,0.051692138,-0.072133242,0.011228804,0.231956382,0.016571534,0.216918035,0.010709883,0.048531341,0.04482109,-0.092735796,0.030106713,0.211140103,0.014429127,0.221515672,0.016243143,0.156628112,0.057991612,-0.103172247,0.051178861
491,0.980398335,0.981427865,0.983340625,0.985070579,0.259846767,0.026604104,0.238838266,0.022109318,-0.098992764,0.053918692,-0.08465335,0.02495315,0.226962685,0.007679262,0.229858965,0.005926319,0.059676676,0.062083271,-0.084342486,0.026540585,0.222341274,0.012420865,0.215896643,0.022889926,0.150443966,0.03924101,-0.103895038,0.047093479
492,0.981367701,0.982412961,0.984369955,0.985991552,0.245281754,0.022849728,0.230773904,0.014458138,-0.125005959,0.066391235,-0.07776126,0.008789606,0.233736208,0.018659897,0.212597752,0.005768269,0.039855481,0.049186915,-0.088487737,0.029714455,0.210688948,0.014718733,0.211517192,0.01804856,0.146848076,0.058528425,-0.110249514,0.053121469
493,0.982293066,0.98336528,0.985420475,0.987034427,0.262004641,0.01775005,0.23260297,0.012244426,-0.143167234,0.093361724,-0.070601033,0.008350574,0.231661405,0.009997264,0.217324378,0.010408367,0.029078169,0.054412355,-0.079789425,0.024803448,0.226558563,0.014598684,0.212099958,0.006504737,0.140655639,0.050195684,-0.109586284,0.050651239
494,0.983276792,0.98428293,0.986407102,0.987996706,0.246617598,0.020229949,0.231047448,0.011479778,-0.134279182,0.051043947,-0.07333737,0.010506233,0.222933632,0.014672296,0.221416306,0.009634264,0.024551738,0.062825258,-0.085287285,0.02849553,0.207261082,0.007951913,0.213945546,0.023422512,0.151005818,0.052358192,-0.110701404,0.05078649
495,0.984212937,0.985284895,0.987392749,0.988981227,0.252861035,0.018242445,0.238346362,0.027280636,-0.154259761,0.06473873,-0.068611388,0.005184463,0.224527741,0.014266558,0.208774127,0.003877569,0.008123143,0.052214524,-0.083043327,0.029680025,0.21276411,0.017850989,0.208023296,0.013845647,0.135874349,0.065560993,-0.125768657,0.074779776
496,0.985136499,0.98626112,0.988440024,0.99001352,0.253371959,0.018686381,0.2271246,0.014009802,-0.192598464,0.105138624,-0.070692276,0.009578988,0.221456949,0.008989825,0.212816557,0.007339805,0.000744009,0.05526851,-0.087474709,0.026976348,0.214318374,0.012748862,0.211595282,0.002321437,0.128248747,0.062023052,-0.120110634,0.065518976
497,0.986138411,0.987238745,0.989458381,0.991011787,0.242258557,0.02120835,0.22290909,0.009257519,-0.202216015,0.048745428,-0.068586717,0.01523313,0.217446087,0.009117104,0.217472437,0.000734293,-0.003078897,0.065843849,-0.084274297,0.036234593,0.209587189,0.015954178,0.21435179,0.020076226,0.131262334,0.055230226,-0.112959084,0.067082663
498,0.987101767,0.988189088,0.990431841,0.992030256,0.243820499,0.015588885,0.230039881,0.014079122,-0.209299234,0.067723955,-0.071332253,0.007331592,0.232677326,0.008912881,0.199054027,0.016842656,-0.016767917,0.061343959,-0.102941372,0.043511483,0.217296879,0.007993353,0.197165628,0.014699391,0.121463129,0.06579901,-0.121286374,0.069945206
499,0.988053987,0.989131456,0.991458556,0.993051949,0.242638457,0.010846193,0.226119849,0.012605526,-0.232756585,0.103161144,-0.075093389,0.015209645,0.210737759,0.014175494,0.209133229,0.003176821,-0.036309789,0.076769726,-0.080455864,0.025896075,0.20118065,0.005777609,0.20244348,0.023069849,0.121084469,0.073106839,-0.126760721,0.088601102
500,0.988992523,0.990117507,0.992430651,0.994020099,0.24647783,0.022154986,0.220361306,0.02690203,-0.245231852,0.082620151,-0.08108676,0.016983274,0.22795746,0.003302675,0.209311817,0.007056796,-0.03962657,0.065565594,-0.088180538,0.024481469,0.219270418,0.032609698,0.206824414,0.005925264,0.111261754,0.071218282,-0.137565754,0.097177487
501,0.989464237,0.990623151,0.993054935,0.994593821,,0.033100079,0.238822882,0.009152353,-0.22519278,0.042861267,-0.128452724,0.105699447,0.217395339,0.040772398,0.219523963,0.01604889,,0.108967173,,0.029431799,0.220998822,0.075238845,0.222661359,0.050052839,,0.182627861,-0.112406763,0.083919351
502,0.989472564,0.990719195,0.993233852,0.994472896,1.071215034,1.322795297,0.204526949,0.040777129,,0.37870037,,0.499787462,0.299202597,0.483100218,,0.404393397,,0.41059338,,6.451113597,0.160912068,0.279109937,0.254644124,0.125100084,5.051632463,7.753636818,,0.435423466
503,0.988951783,0.990177636,0.992674193,0.993996184,,0.037905319,,0.123099674,,0.103409478,,0.106620921,-0.202592123,0.724881291,,0.244148486,,0.258178762,,0.174125557,0.181745333,0.098221281,0.248901688,0.493537522,,0.15970441,,0.328353082
